#include "lvgl.h"

#ifndef LV_ATTRIBUTE_MEM_ALIGN
    #define LV_ATTRIBUTE_MEM_ALIGN
#endif

/* Converted from portalscreen.png (321x169 RGB → RGB565) */
/* Run: python3 .local/tools/png_to_lvgl.py --png portalscreen.png --out ui_img_nerdaxe_portalscreen_png.c --var ui_img_nerdaxe_portalscreen_png */

const LV_ATTRIBUTE_MEM_ALIGN uint8_t ui_img_nerdaxe_portalscreen_png_data[] = {
    0xFF, 0xFF, 0xFF, 0xFF, 0xFF, 0xFF, 0xFF, 0xFF, 0xFF, 0xFF, 0xFF, 0xFF, 0xFF, 0xFF, 0xFF, 0xFF,
    0xFF, 0xFF, 0xFF, 0xFF, 0xFF, 0xFF, 0xFF, 0xFF, 0xFF, 0xFF, 0xFF, 0xFF, 0xFF, 0xFF, 0xDF, 0xFF,
    0xDF, 0xFF, 0xDF, 0xFF, 0xDF, 0xFF, 0xDF, 0xFF, 0xDF, 0xFF, 0xDF, 0xFF, 0xDF, 0xFF, 0xDF, 0xFF,
    0xDF, 0xFF, 0xBE, 0xF7, 0xBE, 0xF7, 0xBE, 0xF7, 0xBE, 0xF7, 0xBE, 0xF7, 0xBE, 0xF7, 0xBE, 0xF7,
    0xBE, 0xF7, 0xBE, 0xF7, 0xBE, 0xF7, 0x9E, 0xF7, 0x9E, 0xF7, 0x9E, 0xF7, 0x9E, 0xF7, 0x9E, 0xF7,
    0x9E, 0xF7, 0x9E, 0xF7, 0x9E, 0xF7, 0x9E, 0xF7, 0x9E, 0xF7, 0x9E, 0xF7, 0x7D, 0xEF, 0x7D, 0xEF,
    0x7D, 0xEF, 0x7D, 0xEF, 0x7D, 0xEF, 0x7D, 0xEF, 0x7D, 0xEF, 0x7D, 0xEF, 0x7D, 0xEF, 0x7D, 0xEF,
    0x5D, 0xEF, 0x5D, 0xEF, 0x5D, 0xEF, 0x5D, 0xEF, 0x5D, 0xEF, 0x5D, 0xEF, 0x5D, 0xEF, 0x5D, 0xEF,
    0x5D, 0xEF, 0x5D, 0xEF, 0x5D, 0xEF, 0x5D, 0xEF, 0x3C, 0xE7, 0x3C, 0xE7, 0x5D, 0xEF, 0x3C, 0xE7,
    0x3C, 0xE7, 0x3C, 0xE7, 0x3C, 0xE7, 0x3C, 0xE7, 0x3C, 0xE7, 0x3C, 0xE7, 0x3C, 0xE7, 0x3C, 0xE7,
    0x3C, 0xE7, 0x3C, 0xE7, 0x3C, 0xE7, 0x3C, 0xE7, 0x3C, 0xE7, 0x3C, 0xE7, 0x1C, 0xE7, 0x1C, 0xE7,
    0x1C, 0xE7, 0x1C, 0xE7, 0x1C, 0xE7, 0x1C, 0xE7, 0x1C, 0xE7, 0x1C, 0xE7, 0x1C, 0xE7, 0x1C, 0xE7,
    0x1C, 0xE7, 0x1C, 0xE7, 0x1C, 0xE7, 0x1C, 0xE7, 0x1C, 0xE7, 0x1C, 0xE7, 0x1C, 0xE7, 0x1C, 0xE7,
    0x1C, 0xE7, 0x1C, 0xE7, 0x1C, 0xE7, 0x1C, 0xE7, 0x1C, 0xE7, 0x1C, 0xE7, 0x1C, 0xE7, 0x1C, 0xE7,
    0x1C, 0xE7, 0x1C, 0xE7, 0x3C, 0xE7, 0x3C, 0xE7, 0x1C, 0xE7, 0x1C, 0xE7, 0x1C, 0xE7, 0x1C, 0xE7,
    0x3C, 0xE7, 0x3C, 0xE7, 0x3C, 0xE7, 0x3C, 0xE7, 0x3C, 0xE7, 0x3C, 0xE7, 0x3C, 0xE7, 0x3C, 0xE7,
    0x3C, 0xE7, 0x3C, 0xE7, 0x3C, 0xE7, 0x3C, 0xE7, 0x3C, 0xE7, 0x3C, 0xE7, 0x3C, 0xE7, 0x5D, 0xEF,
    0x3C, 0xE7, 0x5D, 0xEF, 0x5D, 0xEF, 0x5D, 0xEF, 0x5D, 0xEF, 0x5D, 0xEF, 0x5D, 0xEF, 0x5D, 0xEF,
    0x5D, 0xEF, 0x5D, 0xEF, 0x5D, 0xEF, 0x5D, 0xEF, 0x5D, 0xEF, 0x7D, 0xEF, 0x7D, 0xEF, 0x7D, 0xEF,
    0x7D, 0xEF, 0x7D, 0xEF, 0x7D, 0xEF, 0x7D, 0xEF, 0x7D, 0xEF, 0x7D, 0xEF, 0x7D, 0xEF, 0x7D, 0xEF,
    0x7D, 0xEF, 0x9E, 0xF7, 0x9E, 0xF7, 0x9E, 0xF7, 0x9E, 0xF7, 0x9E, 0xF7, 0x9E, 0xF7, 0x9E, 0xF7,
    0x9E, 0xF7, 0x9E, 0xF7, 0xBE, 0xF7, 0xBE, 0xF7, 0xBE, 0xF7, 0xBE, 0xF7, 0xBE, 0xF7, 0xBE, 0xF7,
    0xBE, 0xF7, 0xBE, 0xF7, 0xBE, 0xF7, 0x3E, 0x53, 0x9E, 0x21, 0x9E, 0x21, 0x9E, 0x21, 0xBE, 0x21,
    0x9E, 0x21, 0xBE, 0x21, 0x9E, 0x21, 0x9E, 0x21, 0x9E, 0x21, 0x9E, 0x21, 0x9E, 0x21, 0xBE, 0x21,
    0x9E, 0x21, 0x9E, 0x21, 0x9E, 0x21, 0x9E, 0x21, 0x9E, 0x21, 0x9E, 0x21, 0x9E, 0x21, 0xBE, 0x21,
    0x9E, 0x21, 0xBE, 0x21, 0x9E, 0x21, 0x9E, 0x21, 0x9E, 0x21, 0x9E, 0x21, 0x9E, 0x21, 0x9E, 0x21,
    0x9E, 0x21, 0x9E, 0x21, 0x9E, 0x21, 0x9E, 0x21, 0x9E, 0x21, 0xBE, 0x21, 0x9E, 0x21, 0x9E, 0x21,
    0x9E, 0x21, 0x9E, 0x21, 0x9E, 0x21, 0x9E, 0x21, 0xBE, 0x21, 0x9E, 0x21, 0x9E, 0x21, 0x9E, 0x21,
    0x9E, 0x21, 0xBE, 0x21, 0x9E, 0x21, 0x9E, 0x21, 0x9E, 0x21, 0x9E, 0x21, 0xBE, 0x21, 0x9E, 0x21,
    0x9E, 0x21, 0x9E, 0x21, 0x9E, 0x21, 0x9E, 0x21, 0x9E, 0x21, 0x9E, 0x21, 0xBE, 0x21, 0xBE, 0x21,
    0x9E, 0x21, 0x9E, 0x21, 0x9E, 0x21, 0xBE, 0x21, 0x9E, 0x21, 0x9E, 0x21, 0x9E, 0x21, 0x9E, 0x21,
    0x9E, 0x21, 0x9E, 0x21, 0x9E, 0x21, 0x9E, 0x21, 0x9E, 0x21, 0xBE, 0x21, 0x9E, 0x21, 0x9E, 0x21,
    0x9E, 0x21, 0x9E, 0x21, 0x9E, 0x21, 0x9E, 0x21, 0x9E, 0x21, 0x9E, 0x21, 0x9E, 0x21, 0x9E, 0x21,
    0x9E, 0x21, 0x9E, 0x21, 0x9E, 0x21, 0xBE, 0x21, 0x9E, 0x21, 0x9E, 0x21, 0x9E, 0x21, 0x9E, 0x21,
    0xBE, 0x21, 0x9E, 0x21, 0x9E, 0x21, 0x9E, 0x21, 0x9E, 0x21, 0xBE, 0x21, 0x9E, 0x21, 0x9E, 0x21,
    0x9E, 0x21, 0x9E, 0x21, 0x9E, 0x21, 0x9E, 0x21, 0x9E, 0x21, 0x9E, 0x21, 0xBE, 0x21, 0x9E, 0x21,
    0x9E, 0x21, 0x9E, 0x21, 0x9E, 0x21, 0x9E, 0x21, 0x9E, 0x21, 0x9E, 0x21, 0x9E, 0x21, 0x9E, 0x21,
    0xBE, 0x21, 0x9E, 0x21, 0x9E, 0x21, 0x9E, 0x21, 0xBE, 0x21, 0x9E, 0x21, 0x9E, 0x21, 0x9E, 0x21,
    0x9E, 0x21, 0x9E, 0x21, 0xBE, 0x21, 0x9E, 0x21, 0x9E, 0x21, 0x9E, 0x21, 0x9E, 0x21, 0xBE, 0x21,
    0x9E, 0x21, 0x9E, 0x21, 0x9E, 0x21, 0x9E, 0x21, 0x9E, 0x21, 0x9E, 0x21, 0x9E, 0x21, 0x9E, 0x21,
    0x9E, 0x21, 0xFF, 0xFF, 0xFF, 0xFF, 0xFF, 0xFF, 0xFF, 0xFF, 0xFF, 0xFF, 0xFF, 0xFF, 0xFF, 0xFF,
    0xFF, 0xFF, 0xFF, 0xFF, 0xFF, 0xFF, 0xFF, 0xFF, 0xFF, 0xFF, 0xFF, 0xFF, 0xFF, 0xFF, 0xFF, 0xFF,
    0xDF, 0xFF, 0xDF, 0xFF, 0xDF, 0xFF, 0xDF, 0xFF, 0xDF, 0xFF, 0xDF, 0xFF, 0xDF, 0xFF, 0xDF, 0xFF,
    0xDF, 0xFF, 0xBE, 0xF7, 0xBE, 0xF7, 0xBE, 0xF7, 0xBE, 0xF7, 0xBE, 0xF7, 0xBE, 0xF7, 0xBE, 0xF7,
    0xBE, 0xF7, 0xBE, 0xF7, 0xBE, 0xF7, 0x9E, 0xF7, 0x9E, 0xF7, 0x9E, 0xF7, 0x9E, 0xF7, 0x9E, 0xF7,
    0x9E, 0xF7, 0x9E, 0xF7, 0x9E, 0xF7, 0x9E, 0xF7, 0x9E, 0xF7, 0x7D, 0xEF, 0x7D, 0xEF, 0x7D, 0xEF,
    0x7D, 0xEF, 0x7D, 0xEF, 0x7D, 0xEF, 0x7D, 0xEF, 0x7D, 0xEF, 0x7D, 0xEF, 0x7D, 0xEF, 0x5D, 0xEF,
    0x5D, 0xEF, 0x5D, 0xEF, 0x5D, 0xEF, 0x5D, 0xEF, 0x5D, 0xEF, 0x5D, 0xEF, 0x5D, 0xEF, 0x5D, 0xEF,
    0x5D, 0xEF, 0x5D, 0xEF, 0x5D, 0xEF, 0x5D, 0xEF, 0x3C, 0xE7, 0x3C, 0xE7, 0x3C, 0xE7, 0x3C, 0xE7,
    0x3C, 0xE7, 0x3C, 0xE7, 0x3C, 0xE7, 0x3C, 0xE7, 0x3C, 0xE7, 0x3C, 0xE7, 0x3C, 0xE7, 0x3C, 0xE7,
    0x3C, 0xE7, 0x3C, 0xE7, 0x3C, 0xE7, 0x1C, 0xE7, 0x1C, 0xE7, 0x1C, 0xE7, 0x1C, 0xE7, 0x1C, 0xE7,
    0x1C, 0xE7, 0x1C, 0xE7, 0x1C, 0xE7, 0x1C, 0xE7, 0x1C, 0xE7, 0x1C, 0xE7, 0x1C, 0xE7, 0x1C, 0xE7,
    0x1C, 0xE7, 0x1C, 0xE7, 0x1C, 0xE7, 0x1C, 0xE7, 0x1C, 0xE7, 0x1C, 0xE7, 0x1C, 0xE7, 0x1C, 0xE7,
    0x1C, 0xE7, 0x1C, 0xE7, 0x1C, 0xE7, 0x1C, 0xE7, 0x1C, 0xE7, 0x1C, 0xE7, 0x1C, 0xE7, 0x1C, 0xE7,
    0x1C, 0xE7, 0x1C, 0xE7, 0x1C, 0xE7, 0x1C, 0xE7, 0x1C, 0xE7, 0x1C, 0xE7, 0x1C, 0xE7, 0x1C, 0xE7,
    0x3C, 0xE7, 0x1C, 0xE7, 0x3C, 0xE7, 0x3C, 0xE7, 0x3C, 0xE7, 0x1C, 0xE7, 0x3C, 0xE7, 0x3C, 0xE7,
    0x3C, 0xE7, 0x3C, 0xE7, 0x3C, 0xE7, 0x3C, 0xE7, 0x3C, 0xE7, 0x3C, 0xE7, 0x3C, 0xE7, 0x3C, 0xE7,
    0x3C, 0xE7, 0x3C, 0xE7, 0x3C, 0xE7, 0x5D, 0xEF, 0x5D, 0xEF, 0x5D, 0xEF, 0x5D, 0xEF, 0x5D, 0xEF,
    0x5D, 0xEF, 0x5D, 0xEF, 0x5D, 0xEF, 0x5D, 0xEF, 0x5D, 0xEF, 0x5D, 0xEF, 0x5D, 0xEF, 0x7D, 0xEF,
    0x7D, 0xEF, 0x7D, 0xEF, 0x7D, 0xEF, 0x7D, 0xEF, 0x7D, 0xEF, 0x7D, 0xEF, 0x7D, 0xEF, 0x7D, 0xEF,
    0x7D, 0xEF, 0x9E, 0xF7, 0x9E, 0xF7, 0x9E, 0xF7, 0x9E, 0xF7, 0x9E, 0xF7, 0x9E, 0xF7, 0x9E, 0xF7,
    0x9E, 0xF7, 0x9E, 0xF7, 0x9E, 0xF7, 0xBE, 0xF7, 0xBE, 0xF7, 0xBE, 0xF7, 0xBE, 0xF7, 0xBE, 0xF7,
    0xBE, 0xF7, 0xBE, 0xF7, 0xBE, 0xF7, 0xBE, 0xF7, 0x1E, 0x9D, 0x9E, 0x21, 0x9E, 0x21, 0x9E, 0x21,
    0x9E, 0x21, 0xBE, 0x21, 0x9E, 0x21, 0x9E, 0x21, 0x9E, 0x21, 0x9E, 0x21, 0x9E, 0x21, 0x9E, 0x21,
    0x9E, 0x21, 0x9E, 0x21, 0x9E, 0x21, 0xBE, 0x21, 0x9E, 0x21, 0x9E, 0x21, 0x9E, 0x21, 0x9E, 0x21,
    0xBE, 0x21, 0x9E, 0x21, 0xBE, 0x21, 0x9E, 0x21, 0x9E, 0x21, 0xBE, 0x21, 0x9E, 0x21, 0x9E, 0x21,
    0x9E, 0x21, 0x9E, 0x21, 0x9E, 0x21, 0x9E, 0x21, 0x9E, 0x21, 0x9E, 0x21, 0x9E, 0x21, 0x9E, 0x21,
    0x9E, 0x21, 0x9E, 0x21, 0x9E, 0x21, 0x9E, 0x21, 0x9E, 0x21, 0x9E, 0x21, 0x9E, 0x21, 0x9E, 0x21,
    0x9E, 0x21, 0xBE, 0x21, 0x9E, 0x21, 0x9E, 0x21, 0x9E, 0x21, 0x9E, 0x21, 0xBE, 0x21, 0xBE, 0x21,
    0x9E, 0x21, 0x9E, 0x21, 0x9E, 0x21, 0x9E, 0x21, 0x9E, 0x21, 0x9E, 0x21, 0xBE, 0x21, 0xBE, 0x21,
    0x9E, 0x21, 0x9E, 0x21, 0x9E, 0x21, 0x9E, 0x21, 0x9E, 0x21, 0x9E, 0x21, 0x9E, 0x21, 0x9E, 0x21,
    0x9E, 0x21, 0xBE, 0x21, 0x9E, 0x21, 0x9E, 0x21, 0xBE, 0x21, 0xBE, 0x21, 0xBE, 0x21, 0x9E, 0x21,
    0x9E, 0x21, 0x9E, 0x21, 0xBE, 0x21, 0x9E, 0x21, 0x9E, 0x21, 0x9E, 0x21, 0xBE, 0x21, 0x9E, 0x21,
    0x9E, 0x21, 0x9E, 0x21, 0x9E, 0x21, 0x9E, 0x21, 0x9E, 0x21, 0xBE, 0x21, 0xBE, 0x21, 0xBE, 0x21,
    0x9E, 0x21, 0x9E, 0x21, 0x9E, 0x21, 0x9E, 0x21, 0x9E, 0x21, 0xBE, 0x21, 0x9E, 0x21, 0x9E, 0x21,
    0x9E, 0x21, 0x9E, 0x21, 0x9E, 0x21, 0x9E, 0x21, 0x9E, 0x21, 0x9E, 0x21, 0x9E, 0x21, 0x9E, 0x21,
    0xBE, 0x21, 0x9E, 0x21, 0xBE, 0x21, 0x9E, 0x21, 0x9E, 0x21, 0x9E, 0x21, 0x9E, 0x21, 0x9E, 0x21,
    0x9E, 0x21, 0x9E, 0x21, 0x9E, 0x21, 0x9E, 0x21, 0x9E, 0x21, 0x9E, 0x21, 0x9E, 0x21, 0x9E, 0x21,
    0x9E, 0x21, 0x9E, 0x21, 0x9E, 0x21, 0x9E, 0x21, 0x9E, 0x21, 0xBE, 0x21, 0x9E, 0x21, 0x9E, 0x21,
    0x9E, 0x21, 0x9E, 0x21, 0x9E, 0x21, 0x9E, 0x21, 0x9E, 0x21, 0x9E, 0x21, 0x9E, 0x21, 0xBE, 0x21,
    0x9E, 0x21, 0x9E, 0x21, 0xFF, 0xFF, 0xFF, 0xFF, 0xFF, 0xFF, 0xFF, 0xFF, 0xFF, 0xFF, 0xFF, 0xFF,
    0xFF, 0xFF, 0xFF, 0xFF, 0xFF, 0xFF, 0xFF, 0xFF, 0xFF, 0xFF, 0xFF, 0xFF, 0xFF, 0xFF, 0xFF, 0xFF,
    0xDF, 0xFF, 0xDF, 0xFF, 0xDF, 0xFF, 0xDF, 0xFF, 0xDF, 0xFF, 0xDF, 0xFF, 0xDF, 0xFF, 0xDF, 0xFF,
    0xBE, 0xF7, 0xBE, 0xF7, 0xBE, 0xF7, 0xBE, 0xF7, 0xBE, 0xF7, 0xBE, 0xF7, 0xBE, 0xF7, 0xBE, 0xF7,
    0xBE, 0xF7, 0xBE, 0xF7, 0x9E, 0xF7, 0x9E, 0xF7, 0x9E, 0xF7, 0x9E, 0xF7, 0x9E, 0xF7, 0x9E, 0xF7,
    0x9E, 0xF7, 0x9E, 0xF7, 0x9E, 0xF7, 0x9E, 0xF7, 0x7D, 0xEF, 0x7D, 0xEF, 0x7D, 0xEF, 0x7D, 0xEF,
    0x7D, 0xEF, 0x7D, 0xEF, 0x7D, 0xEF, 0x7D, 0xEF, 0x7D, 0xEF, 0x7D, 0xEF, 0x7D, 0xEF, 0x5D, 0xEF,
    0x5D, 0xEF, 0x5D, 0xEF, 0x5D, 0xEF, 0x5D, 0xEF, 0x5D, 0xEF, 0x5D, 0xEF, 0x5D, 0xEF, 0x5D, 0xEF,
    0x5D, 0xEF, 0x5D, 0xEF, 0x5D, 0xEF, 0x3C, 0xE7, 0x3C, 0xE7, 0x3C, 0xE7, 0x3C, 0xE7, 0x3C, 0xE7,
    0x3C, 0xE7, 0x3C, 0xE7, 0x3C, 0xE7, 0x3C, 0xE7, 0x3C, 0xE7, 0x3C, 0xE7, 0x3C, 0xE7, 0x3C, 0xE7,
    0x1C, 0xE7, 0x1C, 0xE7, 0x1C, 0xE7, 0x1C, 0xE7, 0x1C, 0xE7, 0x1C, 0xE7, 0x1C, 0xE7, 0x1C, 0xE7,
    0x1C, 0xE7, 0x1C, 0xE7, 0x1C, 0xE7, 0x1C, 0xE7, 0x1C, 0xE7, 0x1C, 0xE7, 0x1C, 0xE7, 0x1C, 0xE7,
    0x1C, 0xE7, 0x1C, 0xE7, 0x1C, 0xE7, 0x1C, 0xE7, 0x1C, 0xE7, 0x1C, 0xE7, 0x1C, 0xE7, 0x1C, 0xE7,
    0x1C, 0xE7, 0x1C, 0xE7, 0x1C, 0xE7, 0x1C, 0xE7, 0x1C, 0xE7, 0x1C, 0xE7, 0x1C, 0xE7, 0x1C, 0xE7,
    0x1C, 0xE7, 0x1C, 0xE7, 0x1C, 0xE7, 0x1C, 0xE7, 0x1C, 0xE7, 0x1C, 0xE7, 0x1C, 0xE7, 0x1C, 0xE7,
    0x1C, 0xE7, 0x1C, 0xE7, 0x1C, 0xE7, 0x3C, 0xE7, 0x1C, 0xE7, 0x3C, 0xE7, 0x3C, 0xE7, 0x3C, 0xE7,
    0x3C, 0xE7, 0x3C, 0xE7, 0x3C, 0xE7, 0x3C, 0xE7, 0x3C, 0xE7, 0x3C, 0xE7, 0x3C, 0xE7, 0x3C, 0xE7,
    0x3C, 0xE7, 0x3C, 0xE7, 0x3C, 0xE7, 0x3C, 0xE7, 0x5D, 0xEF, 0x5D, 0xEF, 0x5D, 0xEF, 0x5D, 0xEF,
    0x5D, 0xEF, 0x5D, 0xEF, 0x5D, 0xEF, 0x5D, 0xEF, 0x5D, 0xEF, 0x5D, 0xEF, 0x5D, 0xEF, 0x7D, 0xEF,
    0x7D, 0xEF, 0x7D, 0xEF, 0x7D, 0xEF, 0x7D, 0xEF, 0x7D, 0xEF, 0x7D, 0xEF, 0x7D, 0xEF, 0x7D, 0xEF,
    0x7D, 0xEF, 0x9E, 0xF7, 0x9E, 0xF7, 0x9E, 0xF7, 0x9E, 0xF7, 0x9E, 0xF7, 0x9E, 0xF7, 0x9E, 0xF7,
    0x9E, 0xF7, 0x9E, 0xF7, 0x9E, 0xF7, 0x9E, 0xF7, 0x9E, 0xF7, 0xBE, 0xF7, 0xBE, 0xF7, 0xBE, 0xF7,
    0xBE, 0xF7, 0xBE, 0xF7, 0xBE, 0xF7, 0xBE, 0xF7, 0xBE, 0xF7, 0x7F, 0xEF, 0xFE, 0x31, 0x9E, 0x21,
    0x9E, 0x21, 0x9E, 0x21, 0xBE, 0x21, 0xBE, 0x21, 0x9E, 0x21, 0xBE, 0x21, 0xBE, 0x21, 0xBE, 0x21,
    0xBE, 0x21, 0xBE, 0x21, 0x9E, 0x21, 0x9E, 0x21, 0x9E, 0x21, 0xBE, 0x21, 0x9E, 0x21, 0x9E, 0x21,
    0x9E, 0x21, 0x9E, 0x21, 0x9E, 0x21, 0x9E, 0x21, 0xBE, 0x21, 0x9E, 0x21, 0xBE, 0x21, 0x9E, 0x21,
    0x9E, 0x21, 0x9E, 0x21, 0x9E, 0x21, 0x9E, 0x21, 0x9E, 0x21, 0x9E, 0x21, 0x9E, 0x21, 0xBE, 0x21,
    0x9E, 0x21, 0x9E, 0x21, 0x9E, 0x21, 0x9E, 0x21, 0x9E, 0x21, 0x9E, 0x21, 0x9E, 0x21, 0x9E, 0x21,
    0x9E, 0x21, 0xBE, 0x21, 0x9E, 0x21, 0x9E, 0x21, 0x9E, 0x21, 0x9E, 0x21, 0x9E, 0x21, 0x9E, 0x21,
    0x9E, 0x21, 0x9E, 0x21, 0xBE, 0x21, 0x9E, 0x21, 0x9E, 0x21, 0x9E, 0x21, 0xBE, 0x21, 0x9E, 0x21,
    0x9E, 0x21, 0x9E, 0x21, 0x9E, 0x21, 0x9E, 0x21, 0xBE, 0x21, 0x9E, 0x21, 0x9E, 0x21, 0x9E, 0x21,
    0xBE, 0x21, 0x9E, 0x21, 0xBE, 0x21, 0x9E, 0x21, 0xBE, 0x21, 0x9E, 0x21, 0xBE, 0x21, 0xBE, 0x21,
    0x9E, 0x21, 0x9E, 0x21, 0x9E, 0x21, 0x9E, 0x21, 0x9E, 0x21, 0x9E, 0x21, 0x9E, 0x21, 0x9E, 0x21,
    0x9E, 0x21, 0x9E, 0x21, 0xBE, 0x21, 0xBE, 0x21, 0x9E, 0x21, 0x9E, 0x21, 0x9E, 0x21, 0x9E, 0x21,
    0xBE, 0x21, 0x9E, 0x21, 0x9E, 0x21, 0x9E, 0x21, 0x9E, 0x21, 0x9E, 0x21, 0x9E, 0x21, 0xBE, 0x21,
    0x9E, 0x21, 0x9E, 0x21, 0x9E, 0x21, 0xBE, 0x21, 0x9E, 0x21, 0xBE, 0x21, 0x9E, 0x21, 0x9E, 0x21,
    0x9E, 0x21, 0x9E, 0x21, 0x9E, 0x21, 0x9E, 0x21, 0x9E, 0x21, 0x9E, 0x21, 0x9E, 0x21, 0x9E, 0x21,
    0xBE, 0x21, 0x9E, 0x21, 0xBE, 0x21, 0x9E, 0x21, 0x9E, 0x21, 0x9E, 0x21, 0x9E, 0x21, 0xBE, 0x21,
    0x9E, 0x21, 0x9E, 0x21, 0xBE, 0x21, 0x9E, 0x21, 0xBE, 0x21, 0x9E, 0x21, 0x9E, 0x21, 0x9E, 0x21,
    0x9E, 0x21, 0x9E, 0x21, 0x9E, 0x21, 0x9E, 0x21, 0x9E, 0x21, 0xBE, 0x21, 0x9E, 0x21, 0x9E, 0x21,
    0x9E, 0x21, 0xBE, 0x21, 0x9E, 0x21, 0xFF, 0xFF, 0xFF, 0xFF, 0xFF, 0xFF, 0xFF, 0xFF, 0xFF, 0xFF,
    0xFF, 0xFF, 0xFF, 0xFF, 0xFF, 0xFF, 0xFF, 0xFF, 0xFF, 0xFF, 0xFF, 0xFF, 0xFF, 0xFF, 0xDF, 0xFF,
    0xDF, 0xFF, 0xDF, 0xFF, 0xDF, 0xFF, 0xDF, 0xFF, 0xDF, 0xFF, 0xDF, 0xFF, 0xDF, 0xFF, 0xDF, 0xFF,
    0xBE, 0xF7, 0xDF, 0xFF, 0xBE, 0xF7, 0xBE, 0xF7, 0xBE, 0xF7, 0xBE, 0xF7, 0xBE, 0xF7, 0xBE, 0xF7,
    0xBE, 0xF7, 0xBE, 0xF7, 0x9E, 0xF7, 0x9E, 0xF7, 0x9E, 0xF7, 0x9E, 0xF7, 0x9E, 0xF7, 0x9E, 0xF7,
    0x9E, 0xF7, 0x9E, 0xF7, 0x9E, 0xF7, 0x7D, 0xEF, 0x7D, 0xEF, 0x7D, 0xEF, 0x7D, 0xEF, 0x7D, 0xEF,
    0x7D, 0xEF, 0x7D, 0xEF, 0x7D, 0xEF, 0x7D, 0xEF, 0x7D, 0xEF, 0x5D, 0xEF, 0x7D, 0xEF, 0x5D, 0xEF,
    0x5D, 0xEF, 0x5D, 0xEF, 0x5D, 0xEF, 0x5D, 0xEF, 0x5D, 0xEF, 0x5D, 0xEF, 0x5D, 0xEF, 0x5D, 0xEF,
    0x5D, 0xEF, 0x5D, 0xEF, 0x3C, 0xE7, 0x3C, 0xE7, 0x3C, 0xE7, 0x3C, 0xE7, 0x3C, 0xE7, 0x3C, 0xE7,
    0x3C, 0xE7, 0x3C, 0xE7, 0x3C, 0xE7, 0x3C, 0xE7, 0x3C, 0xE7, 0x3C, 0xE7, 0x1C, 0xE7, 0x1C, 0xE7,
    0x1C, 0xE7, 0x3C, 0xE7, 0x1C, 0xE7, 0x1C, 0xE7, 0x1C, 0xE7, 0x1C, 0xE7, 0x1C, 0xE7, 0x1C, 0xE7,
    0x1C, 0xE7, 0x1C, 0xE7, 0x1C, 0xE7, 0x1C, 0xE7, 0x1C, 0xE7, 0x1C, 0xE7, 0x1C, 0xE7, 0x1C, 0xE7,
    0x1C, 0xE7, 0x1C, 0xE7, 0x1C, 0xE7, 0x1C, 0xE7, 0x1C, 0xE7, 0x1C, 0xE7, 0x1C, 0xE7, 0x1C, 0xE7,
    0x1C, 0xE7, 0x1C, 0xE7, 0x1C, 0xE7, 0x1C, 0xE7, 0x1C, 0xE7, 0x1C, 0xE7, 0x1C, 0xE7, 0x1C, 0xE7,
    0x1C, 0xE7, 0x1C, 0xE7, 0x1C, 0xE7, 0x1C, 0xE7, 0x1C, 0xE7, 0x1C, 0xE7, 0x1C, 0xE7, 0x1C, 0xE7,
    0x1C, 0xE7, 0x1C, 0xE7, 0x1C, 0xE7, 0x1C, 0xE7, 0x1C, 0xE7, 0x1C, 0xE7, 0x3C, 0xE7, 0x3C, 0xE7,
    0x3C, 0xE7, 0x3C, 0xE7, 0x3C, 0xE7, 0x3C, 0xE7, 0x3C, 0xE7, 0x3C, 0xE7, 0x3C, 0xE7, 0x3C, 0xE7,
    0x3C, 0xE7, 0x3C, 0xE7, 0x3C, 0xE7, 0x3C, 0xE7, 0x3C, 0xE7, 0x3C, 0xE7, 0x5D, 0xEF, 0x5D, 0xEF,
    0x5D, 0xEF, 0x5D, 0xEF, 0x5D, 0xEF, 0x5D, 0xEF, 0x5D, 0xEF, 0x5D, 0xEF, 0x5D, 0xEF, 0x5D, 0xEF,
    0x5D, 0xEF, 0x7D, 0xEF, 0x7D, 0xEF, 0x7D, 0xEF, 0x7D, 0xEF, 0x7D, 0xEF, 0x7D, 0xEF, 0x7D, 0xEF,
    0x7D, 0xEF, 0x7D, 0xEF, 0x7D, 0xEF, 0x7D, 0xEF, 0x9E, 0xF7, 0x9E, 0xF7, 0x9E, 0xF7, 0x9E, 0xF7,
    0x9E, 0xF7, 0x9E, 0xF7, 0x9E, 0xF7, 0x9E, 0xF7, 0x9E, 0xF7, 0x9E, 0xF7, 0xBE, 0xF7, 0xBE, 0xF7,
    0xBE, 0xF7, 0xBE, 0xF7, 0xBE, 0xF7, 0xBE, 0xF7, 0xBE, 0xF7, 0xBE, 0xF7, 0xBE, 0xF7, 0x9E, 0x63,
    0xBE, 0x21, 0x9E, 0x21, 0x9E, 0x21, 0x9E, 0x21, 0x9E, 0x21, 0x9E, 0x21, 0x9E, 0x21, 0x9E, 0x21,
    0x9E, 0x21, 0x9E, 0x21, 0x9E, 0x21, 0x9E, 0x21, 0x9E, 0x21, 0x9E, 0x21, 0x9E, 0x21, 0x9E, 0x21,
    0x9E, 0x21, 0x9E, 0x21, 0x9E, 0x21, 0x9E, 0x21, 0x9E, 0x21, 0xBE, 0x21, 0xBE, 0x21, 0xBE, 0x21,
    0x9E, 0x21, 0x9E, 0x21, 0xBE, 0x21, 0x9E, 0x21, 0xBE, 0x21, 0x9E, 0x21, 0x9E, 0x21, 0xBE, 0x21,
    0x9E, 0x21, 0x9E, 0x21, 0x9E, 0x21, 0x9E, 0x21, 0x9E, 0x21, 0x9E, 0x21, 0x9E, 0x21, 0xBE, 0x21,
    0xBE, 0x21, 0x9E, 0x21, 0xBE, 0x21, 0x9E, 0x21, 0x9E, 0x21, 0x9E, 0x21, 0x9E, 0x21, 0x9E, 0x21,
    0x9E, 0x21, 0x9E, 0x21, 0x9E, 0x21, 0xBE, 0x21, 0x9E, 0x21, 0x9E, 0x21, 0x9E, 0x21, 0x9E, 0x21,
    0x9E, 0x21, 0x9E, 0x21, 0x9E, 0x21, 0x9E, 0x21, 0xBE, 0x21, 0x9E, 0x21, 0x9E, 0x21, 0x9E, 0x21,
    0x9E, 0x21, 0x9E, 0x21, 0x9E, 0x21, 0x9E, 0x21, 0x9E, 0x21, 0x9E, 0x21, 0x9E, 0x21, 0x9E, 0x21,
    0x9E, 0x21, 0x9E, 0x21, 0x9E, 0x21, 0xBE, 0x21, 0x9E, 0x21, 0x9E, 0x21, 0xBE, 0x21, 0x9E, 0x21,
    0x9E, 0x21, 0x9E, 0x21, 0x9E, 0x21, 0x9E, 0x21, 0x9E, 0x21, 0x9E, 0x21, 0x9E, 0x21, 0x9E, 0x21,
    0x9E, 0x21, 0x9E, 0x21, 0x9E, 0x21, 0x9E, 0x21, 0x9E, 0x21, 0x9E, 0x21, 0x9E, 0x21, 0x9E, 0x21,
    0x9E, 0x21, 0xBE, 0x21, 0x9E, 0x21, 0x9E, 0x21, 0x9E, 0x21, 0x9E, 0x21, 0xBE, 0x21, 0x9E, 0x21,
    0xBE, 0x21, 0x9E, 0x21, 0x9E, 0x21, 0xBE, 0x21, 0x9E, 0x21, 0x9E, 0x21, 0x9E, 0x21, 0x9E, 0x21,
    0x9E, 0x21, 0x9E, 0x21, 0xBE, 0x21, 0x9E, 0x21, 0x9E, 0x21, 0x9E, 0x21, 0x9E, 0x21, 0xBE, 0x21,
    0x9E, 0x21, 0x9E, 0x21, 0x9E, 0x21, 0xBE, 0x21, 0xBE, 0x21, 0x9E, 0x21, 0x9E, 0x21, 0x9E, 0x21,
    0x9E, 0x21, 0x9E, 0x21, 0x9E, 0x21, 0xBE, 0x21, 0x9E, 0x21, 0xBE, 0x21, 0x9E, 0x21, 0x9E, 0x21,
    0x9E, 0x21, 0x9E, 0x21, 0x9E, 0x21, 0x9E, 0x21, 0xFF, 0xFF, 0xFF, 0xFF, 0xFF, 0xFF, 0xFF, 0xFF,
    0xFF, 0xFF, 0xFF, 0xFF, 0xFF, 0xFF, 0xFF, 0xFF, 0xFF, 0xFF, 0xFF, 0xFF, 0xDF, 0xFF, 0xDF, 0xFF,
    0xDF, 0xFF, 0xDF, 0xFF, 0xDF, 0xFF, 0xDF, 0xFF, 0xDF, 0xFF, 0xDF, 0xFF, 0xDF, 0xFF, 0xDF, 0xFF,
    0xDF, 0xFF, 0xBE, 0xF7, 0xBE, 0xF7, 0xBE, 0xF7, 0xBE, 0xF7, 0xBE, 0xF7, 0xBE, 0xF7, 0xBE, 0xF7,
    0xBE, 0xF7, 0x9E, 0xF7, 0x9E, 0xF7, 0x9E, 0xF7, 0x9E, 0xF7, 0x9E, 0xF7, 0x9E, 0xF7, 0x9E, 0xF7,
    0x9E, 0xF7, 0x9E, 0xF7, 0x9E, 0xF7, 0x9E, 0xF7, 0x7D, 0xEF, 0x7D, 0xEF, 0x7D, 0xEF, 0x7D, 0xEF,
    0x7D, 0xEF, 0x7D, 0xEF, 0x7D, 0xEF, 0x7D, 0xEF, 0x7D, 0xEF, 0x7D, 0xEF, 0x5D, 0xEF, 0x5D, 0xEF,
    0x5D, 0xEF, 0x5D, 0xEF, 0x5D, 0xEF, 0x5D, 0xEF, 0x5D, 0xEF, 0x5D, 0xEF, 0x5D, 0xEF, 0x5D, 0xEF,
    0x5D, 0xEF, 0x3C, 0xE7, 0x3C, 0xE7, 0x3C, 0xE7, 0x3C, 0xE7, 0x3C, 0xE7, 0x3C, 0xE7, 0x3C, 0xE7,
    0x3C, 0xE7, 0x3C, 0xE7, 0x3C, 0xE7, 0x3C, 0xE7, 0x3C, 0xE7, 0x3C, 0xE7, 0x1C, 0xE7, 0x3C, 0xE7,
    0x1C, 0xE7, 0x1C, 0xE7, 0x1C, 0xE7, 0x1C, 0xE7, 0x1C, 0xE7, 0x1C, 0xE7, 0x1C, 0xE7, 0x1C, 0xE7,
    0x1C, 0xE7, 0x1C, 0xE7, 0x1C, 0xE7, 0x1C, 0xE7, 0x1C, 0xE7, 0x1C, 0xE7, 0x1C, 0xE7, 0x1C, 0xE7,
    0x1C, 0xE7, 0x1C, 0xE7, 0x1C, 0xE7, 0x1C, 0xE7, 0x1C, 0xE7, 0x1C, 0xE7, 0xFB, 0xDE, 0x1C, 0xE7,
    0xFB, 0xDE, 0x1C, 0xE7, 0x1C, 0xE7, 0x1C, 0xE7, 0x1C, 0xE7, 0x1C, 0xE7, 0x1C, 0xE7, 0x1C, 0xE7,
    0xFB, 0xDE, 0x1C, 0xE7, 0x1C, 0xE7, 0x1C, 0xE7, 0x1C, 0xE7, 0x1C, 0xE7, 0x1C, 0xE7, 0x1C, 0xE7,
    0x1C, 0xE7, 0x1C, 0xE7, 0x1C, 0xE7, 0x1C, 0xE7, 0x1C, 0xE7, 0x1C, 0xE7, 0x1C, 0xE7, 0x1C, 0xE7,
    0x1C, 0xE7, 0x1C, 0xE7, 0x3C, 0xE7, 0x3C, 0xE7, 0x3C, 0xE7, 0x3C, 0xE7, 0x3C, 0xE7, 0x3C, 0xE7,
    0x3C, 0xE7, 0x3C, 0xE7, 0x3C, 0xE7, 0x3C, 0xE7, 0x3C, 0xE7, 0x3C, 0xE7, 0x5D, 0xEF, 0x5D, 0xEF,
    0x5D, 0xEF, 0x5D, 0xEF, 0x5D, 0xEF, 0x5D, 0xEF, 0x5D, 0xEF, 0x5D, 0xEF, 0x5D, 0xEF, 0x5D, 0xEF,
    0x5D, 0xEF, 0x5D, 0xEF, 0x7D, 0xEF, 0x7D, 0xEF, 0x7D, 0xEF, 0x7D, 0xEF, 0x7D, 0xEF, 0x7D, 0xEF,
    0x7D, 0xEF, 0x7D, 0xEF, 0x7D, 0xEF, 0x7D, 0xEF, 0x9E, 0xF7, 0x9E, 0xF7, 0x9E, 0xF7, 0x9E, 0xF7,
    0x9E, 0xF7, 0x9E, 0xF7, 0x9E, 0xF7, 0x9E, 0xF7, 0x9E, 0xF7, 0x9E, 0xF7, 0xBE, 0xF7, 0xBE, 0xF7,
    0xBE, 0xF7, 0xBE, 0xF7, 0xBE, 0xF7, 0xBE, 0xF7, 0xBE, 0xF7, 0xBE, 0xF7, 0xBE, 0xF7, 0xBE, 0xF7,
    0x3E, 0xC6, 0xBE, 0x21, 0x9E, 0x21, 0x9E, 0x21, 0x9E, 0x21, 0x9E, 0x21, 0xBE, 0x21, 0x9E, 0x21,
    0xBE, 0x21, 0xBE, 0x21, 0xBE, 0x21, 0x9E, 0x21, 0x9E, 0x21, 0x9E, 0x21, 0x9E, 0x21, 0xBE, 0x21,
    0x9E, 0x21, 0x9E, 0x21, 0x9E, 0x21, 0x9E, 0x21, 0x9E, 0x21, 0x9E, 0x21, 0x9E, 0x21, 0x9E, 0x21,
    0x9E, 0x21, 0x9E, 0x21, 0x9E, 0x21, 0x9E, 0x21, 0x9E, 0x21, 0x9E, 0x21, 0x9E, 0x21, 0xBE, 0x21,
    0x9E, 0x21, 0x9E, 0x21, 0x9E, 0x21, 0x9E, 0x21, 0x9E, 0x21, 0x9E, 0x21, 0x9E, 0x21, 0x9E, 0x21,
    0x9E, 0x21, 0x9E, 0x21, 0x9E, 0x21, 0x9E, 0x21, 0xBE, 0x21, 0x9E, 0x21, 0xBE, 0x21, 0x9E, 0x21,
    0x9E, 0x21, 0x9E, 0x21, 0x9E, 0x21, 0x9E, 0x21, 0x9E, 0x21, 0x9E, 0x21, 0x9E, 0x21, 0x9E, 0x21,
    0x9E, 0x21, 0x9E, 0x21, 0x9E, 0x21, 0xBE, 0x21, 0x9E, 0x21, 0x9E, 0x21, 0x9E, 0x21, 0x9E, 0x21,
    0x9E, 0x21, 0x9E, 0x21, 0x9E, 0x21, 0xBE, 0x21, 0x9E, 0x21, 0xBE, 0x21, 0x9E, 0x21, 0x9E, 0x21,
    0x9E, 0x21, 0xBE, 0x21, 0x9E, 0x21, 0xBE, 0x21, 0x9E, 0x21, 0x9E, 0x21, 0xBE, 0x21, 0x9E, 0x21,
    0x9E, 0x21, 0x9E, 0x21, 0x9E, 0x21, 0x9E, 0x21, 0x9E, 0x21, 0x9E, 0x21, 0x9E, 0x21, 0x9E, 0x21,
    0x9E, 0x21, 0xBE, 0x21, 0x9E, 0x21, 0x9E, 0x21, 0x9E, 0x21, 0x9E, 0x21, 0x9E, 0x21, 0x9E, 0x21,
    0x9E, 0x21, 0x9E, 0x21, 0xBE, 0x21, 0xBE, 0x21, 0x9E, 0x21, 0x9E, 0x21, 0x9E, 0x21, 0x9E, 0x21,
    0x9E, 0x21, 0x9E, 0x21, 0x9E, 0x21, 0x9E, 0x21, 0x9E, 0x21, 0x9E, 0x21, 0x9E, 0x21, 0x9E, 0x21,
    0x9E, 0x21, 0x9E, 0x21, 0x9E, 0x21, 0xBE, 0x21, 0x9E, 0x21, 0xBE, 0x21, 0x9E, 0x21, 0x9E, 0x21,
    0xBE, 0x21, 0x9E, 0x21, 0xBE, 0x21, 0x9E, 0x21, 0x9E, 0x21, 0x9E, 0x21, 0x9E, 0x21, 0x9E, 0x21,
    0x9E, 0x21, 0x9E, 0x21, 0x9E, 0x21, 0xBE, 0x21, 0xBE, 0x21, 0x9E, 0x21, 0x9E, 0x21, 0x9E, 0x21,
    0x9E, 0x21, 0x9E, 0x21, 0x9E, 0x21, 0x9E, 0x21, 0x9E, 0x21, 0xFF, 0xFF, 0xFF, 0xFF, 0xFF, 0xFF,
    0xFF, 0xFF, 0xFF, 0xFF, 0xFF, 0xFF, 0xFF, 0xFF, 0xFF, 0xFF, 0xFF, 0xFF, 0xFF, 0xFF, 0xDF, 0xFF,
    0xDF, 0xFF, 0xDF, 0xFF, 0xDF, 0xFF, 0xDF, 0xFF, 0xDF, 0xFF, 0xDF, 0xFF, 0xDF, 0xFF, 0xDF, 0xFF,
    0xBE, 0xF7, 0xBE, 0xF7, 0xBE, 0xF7, 0xBE, 0xF7, 0xBE, 0xF7, 0xBE, 0xF7, 0xBE, 0xF7, 0xBE, 0xF7,
    0xBE, 0xF7, 0x9E, 0xF7, 0x9E, 0xF7, 0x9E, 0xF7, 0x9E, 0xF7, 0x9E, 0xF7, 0x9E, 0xF7, 0x9E, 0xF7,
    0x9E, 0xF7, 0x9E, 0xF7, 0x7D, 0xEF, 0x7D, 0xEF, 0x7D, 0xEF, 0x7D, 0xEF, 0x7D, 0xEF, 0x7D, 0xEF,
    0x7D, 0xEF, 0x7D, 0xEF, 0x7D, 0xEF, 0x7D, 0xEF, 0x7D, 0xEF, 0x7D, 0xEF, 0x5D, 0xEF, 0x5D, 0xEF,
    0x5D, 0xEF, 0x5D, 0xEF, 0x5D, 0xEF, 0x5D, 0xEF, 0x5D, 0xEF, 0x5D, 0xEF, 0x5D, 0xEF, 0x3C, 0xE7,
    0x5D, 0xEF, 0x3C, 0xE7, 0x3C, 0xE7, 0x3C, 0xE7, 0x3C, 0xE7, 0x3C, 0xE7, 0x3C, 0xE7, 0x3C, 0xE7,
    0x3C, 0xE7, 0x3C, 0xE7, 0x3C, 0xE7, 0x3C, 0xE7, 0x3C, 0xE7, 0x3C, 0xE7, 0x1C, 0xE7, 0x1C, 0xE7,
    0x1C, 0xE7, 0x1C, 0xE7, 0x1C, 0xE7, 0x1C, 0xE7, 0x1C, 0xE7, 0x1C, 0xE7, 0x1C, 0xE7, 0x1C, 0xE7,
    0x1C, 0xE7, 0x1C, 0xE7, 0x1C, 0xE7, 0x1C, 0xE7, 0x1C, 0xE7, 0x1C, 0xE7, 0x1C, 0xE7, 0x1C, 0xE7,
    0x1C, 0xE7, 0x1C, 0xE7, 0x1C, 0xE7, 0xFB, 0xDE, 0xFB, 0xDE, 0xFB, 0xDE, 0xFB, 0xDE, 0x1C, 0xE7,
    0xFB, 0xDE, 0xFB, 0xDE, 0x1C, 0xE7, 0x1C, 0xE7, 0xFB, 0xDE, 0xFB, 0xDE, 0x1C, 0xE7, 0x1C, 0xE7,
    0x1C, 0xE7, 0x1C, 0xE7, 0x1C, 0xE7, 0x1C, 0xE7, 0x1C, 0xE7, 0x1C, 0xE7, 0x1C, 0xE7, 0x1C, 0xE7,
    0x1C, 0xE7, 0x1C, 0xE7, 0x1C, 0xE7, 0x1C, 0xE7, 0x1C, 0xE7, 0x1C, 0xE7, 0x1C, 0xE7, 0x1C, 0xE7,
    0x1C, 0xE7, 0x1C, 0xE7, 0x1C, 0xE7, 0x3C, 0xE7, 0x3C, 0xE7, 0x3C, 0xE7, 0x3C, 0xE7, 0x3C, 0xE7,
    0x3C, 0xE7, 0x3C, 0xE7, 0x3C, 0xE7, 0x3C, 0xE7, 0x3C, 0xE7, 0x3C, 0xE7, 0x3C, 0xE7, 0x3C, 0xE7,
    0x5D, 0xEF, 0x5D, 0xEF, 0x5D, 0xEF, 0x5D, 0xEF, 0x5D, 0xEF, 0x5D, 0xEF, 0x5D, 0xEF, 0x5D, 0xEF,
    0x5D, 0xEF, 0x5D, 0xEF, 0x5D, 0xEF, 0x7D, 0xEF, 0x5D, 0xEF, 0x7D, 0xEF, 0x7D, 0xEF, 0x7D, 0xEF,
    0x7D, 0xEF, 0x7D, 0xEF, 0x7D, 0xEF, 0x7D, 0xEF, 0x9E, 0xF7, 0x7D, 0xEF, 0x9E, 0xF7, 0x9E, 0xF7,
    0x9E, 0xF7, 0x9E, 0xF7, 0x9E, 0xF7, 0x9E, 0xF7, 0x9E, 0xF7, 0x9E, 0xF7, 0x9E, 0xF7, 0x9E, 0xF7,
    0xBE, 0xF7, 0xBE, 0xF7, 0xBE, 0xF7, 0xBE, 0xF7, 0xBE, 0xF7, 0xBE, 0xF7, 0xBE, 0xF7, 0xBE, 0xF7,
    0xDF, 0xFF, 0xDF, 0xFF, 0xFE, 0x29, 0x9E, 0x21, 0x9E, 0x21, 0x9E, 0x21, 0x9E, 0x21, 0x9E, 0x21,
    0x9E, 0x21, 0x9E, 0x21, 0x9E, 0x21, 0x9E, 0x21, 0x9E, 0x21, 0x9E, 0x21, 0x9E, 0x21, 0x9E, 0x21,
    0x9E, 0x21, 0x9E, 0x21, 0x9E, 0x21, 0xBE, 0x21, 0x9E, 0x21, 0x9E, 0x21, 0x9E, 0x21, 0x9E, 0x21,
    0x9E, 0x21, 0x9E, 0x21, 0x9E, 0x21, 0x9E, 0x21, 0xBE, 0x21, 0xBE, 0x21, 0x9E, 0x21, 0x9E, 0x21,
    0x9E, 0x21, 0xBE, 0x21, 0x9E, 0x21, 0x9E, 0x21, 0x9E, 0x21, 0x9E, 0x21, 0x9E, 0x21, 0x9E, 0x21,
    0x9E, 0x21, 0x9E, 0x21, 0x9E, 0x21, 0x9E, 0x21, 0x9E, 0x21, 0xBE, 0x21, 0x9E, 0x21, 0xBE, 0x21,
    0x9E, 0x21, 0x9E, 0x21, 0x9E, 0x21, 0x9E, 0x21, 0x9E, 0x21, 0xBE, 0x21, 0x9E, 0x21, 0x9E, 0x21,
    0x9E, 0x21, 0x9E, 0x21, 0x9E, 0x21, 0x9E, 0x21, 0x9E, 0x21, 0x9E, 0x21, 0xBE, 0x21, 0x9E, 0x21,
    0xBE, 0x21, 0x9E, 0x21, 0x9E, 0x21, 0x9E, 0x21, 0x9E, 0x21, 0x9E, 0x21, 0x9E, 0x21, 0xBE, 0x21,
    0x9E, 0x21, 0x9E, 0x21, 0x9E, 0x21, 0x9E, 0x21, 0x9E, 0x21, 0x9E, 0x21, 0x9E, 0x21, 0x9E, 0x21,
    0x9E, 0x21, 0xBE, 0x21, 0x9E, 0x21, 0x9E, 0x21, 0x9E, 0x21, 0xBE, 0x21, 0x9E, 0x21, 0x9E, 0x21,
    0x9E, 0x21, 0x9E, 0x21, 0x9E, 0x21, 0x9E, 0x21, 0xBE, 0x21, 0xBE, 0x21, 0x9E, 0x21, 0x9E, 0x21,
    0x9E, 0x21, 0x9E, 0x21, 0x9E, 0x21, 0x9E, 0x21, 0xBE, 0x21, 0x9E, 0x21, 0x9E, 0x21, 0x9E, 0x21,
    0x9E, 0x21, 0x9E, 0x21, 0xBE, 0x21, 0x9E, 0x21, 0x9E, 0x21, 0x9E, 0x21, 0x9E, 0x21, 0x9E, 0x21,
    0x9E, 0x21, 0x9E, 0x21, 0x9E, 0x21, 0x9E, 0x21, 0x9E, 0x21, 0x9E, 0x21, 0x9E, 0x21, 0x9E, 0x21,
    0xBE, 0x21, 0x9E, 0x21, 0x9E, 0x21, 0xBE, 0x21, 0x9E, 0x21, 0x9E, 0x21, 0x9E, 0x21, 0x9E, 0x21,
    0xBE, 0x21, 0x9E, 0x21, 0x9E, 0x21, 0x9E, 0x21, 0xBE, 0x21, 0xBE, 0x21, 0x9E, 0x21, 0x9E, 0x21,
    0xBE, 0x21, 0x9E, 0x21, 0x9E, 0x21, 0x9E, 0x21, 0x9E, 0x21, 0x9E, 0x21, 0xFF, 0xFF, 0xFF, 0xFF,
    0xFF, 0xFF, 0xFF, 0xFF, 0xFF, 0xFF, 0xFF, 0xFF, 0xFF, 0xFF, 0xFF, 0xFF, 0xDF, 0xFF, 0xDF, 0xFF,
    0xDF, 0xFF, 0xDF, 0xFF, 0xDF, 0xFF, 0xDF, 0xFF, 0xDF, 0xFF, 0xDF, 0xFF, 0xDF, 0xFF, 0xDF, 0xFF,
    0xBE, 0xF7, 0xBE, 0xF7, 0xBE, 0xF7, 0xBE, 0xF7, 0xBE, 0xF7, 0xBE, 0xF7, 0xBE, 0xF7, 0xBE, 0xF7,
    0x9E, 0xF7, 0x9E, 0xF7, 0x9E, 0xF7, 0x9E, 0xF7, 0x9E, 0xF7, 0x9E, 0xF7, 0x9E, 0xF7, 0x9E, 0xF7,
    0x9E, 0xF7, 0x9E, 0xF7, 0x9E, 0xF7, 0x7D, 0xEF, 0x7D, 0xEF, 0x7D, 0xEF, 0x7D, 0xEF, 0x7D, 0xEF,
    0x7D, 0xEF, 0x7D, 0xEF, 0x7D, 0xEF, 0x7D, 0xEF, 0x7D, 0xEF, 0x7D, 0xEF, 0x5D, 0xEF, 0x5D, 0xEF,
    0x5D, 0xEF, 0x5D, 0xEF, 0x5D, 0xEF, 0x5D, 0xEF, 0x5D, 0xEF, 0x5D, 0xEF, 0x5D, 0xEF, 0x5D, 0xEF,
    0x5D, 0xEF, 0x3C, 0xE7, 0x3C, 0xE7, 0x3C, 0xE7, 0x3C, 0xE7, 0x3C, 0xE7, 0x3C, 0xE7, 0x3C, 0xE7,
    0x3C, 0xE7, 0x3C, 0xE7, 0x3C, 0xE7, 0x1C, 0xE7, 0x1C, 0xE7, 0x1C, 0xE7, 0x1C, 0xE7, 0x1C, 0xE7,
    0x1C, 0xE7, 0x1C, 0xE7, 0x1C, 0xE7, 0x1C, 0xE7, 0x1C, 0xE7, 0x1C, 0xE7, 0x1C, 0xE7, 0x1C, 0xE7,
    0x1C, 0xE7, 0x1C, 0xE7, 0x1C, 0xE7, 0x1C, 0xE7, 0x1C, 0xE7, 0x1C, 0xE7, 0xFB, 0xDE, 0x1C, 0xE7,
    0xFB, 0xDE, 0xFB, 0xDE, 0xFB, 0xDE, 0xFB, 0xDE, 0xFB, 0xDE, 0xFB, 0xDE, 0xFB, 0xDE, 0xFB, 0xDE,
    0xFB, 0xDE, 0xFB, 0xDE, 0xFB, 0xDE, 0xFB, 0xDE, 0xFB, 0xDE, 0xFB, 0xDE, 0xFB, 0xDE, 0xFB, 0xDE,
    0xFB, 0xDE, 0x1C, 0xE7, 0x1C, 0xE7, 0xFB, 0xDE, 0xFB, 0xDE, 0x1C, 0xE7, 0x1C, 0xE7, 0x1C, 0xE7,
    0x1C, 0xE7, 0x1C, 0xE7, 0x1C, 0xE7, 0x1C, 0xE7, 0x1C, 0xE7, 0x1C, 0xE7, 0x1C, 0xE7, 0x1C, 0xE7,
    0x1C, 0xE7, 0x1C, 0xE7, 0x1C, 0xE7, 0x1C, 0xE7, 0x3C, 0xE7, 0x3C, 0xE7, 0x3C, 0xE7, 0x3C, 0xE7,
    0x3C, 0xE7, 0x3C, 0xE7, 0x3C, 0xE7, 0x3C, 0xE7, 0x3C, 0xE7, 0x3C, 0xE7, 0x3C, 0xE7, 0x3C, 0xE7,
    0x5D, 0xEF, 0x5D, 0xEF, 0x3C, 0xE7, 0x5D, 0xEF, 0x5D, 0xEF, 0x5D, 0xEF, 0x5D, 0xEF, 0x5D, 0xEF,
    0x5D, 0xEF, 0x5D, 0xEF, 0x5D, 0xEF, 0x5D, 0xEF, 0x5D, 0xEF, 0x7D, 0xEF, 0x7D, 0xEF, 0x7D, 0xEF,
    0x7D, 0xEF, 0x7D, 0xEF, 0x7D, 0xEF, 0x7D, 0xEF, 0x7D, 0xEF, 0x7D, 0xEF, 0x7D, 0xEF, 0x9E, 0xF7,
    0x9E, 0xF7, 0x9E, 0xF7, 0x9E, 0xF7, 0x9E, 0xF7, 0x9E, 0xF7, 0x9E, 0xF7, 0x9E, 0xF7, 0x9E, 0xF7,
    0xBE, 0xF7, 0xBE, 0xF7, 0xBE, 0xF7, 0xBE, 0xF7, 0xBE, 0xF7, 0xBE, 0xF7, 0xBE, 0xF7, 0xBE, 0xF7,
    0xBE, 0xF7, 0xBE, 0xF7, 0xDF, 0xFF, 0xBE, 0x8C, 0x9E, 0x21, 0x9E, 0x21, 0x9E, 0x21, 0x9E, 0x21,
    0x9E, 0x21, 0x9E, 0x21, 0x9E, 0x21, 0x9E, 0x21, 0xBE, 0x21, 0xBE, 0x21, 0x9E, 0x21, 0xBE, 0x21,
    0xBE, 0x21, 0x9E, 0x21, 0x9E, 0x21, 0xBE, 0x21, 0x9E, 0x21, 0x9E, 0x21, 0x9E, 0x21, 0x9E, 0x21,
    0x9E, 0x21, 0x9E, 0x21, 0xBE, 0x21, 0x9E, 0x21, 0x9E, 0x21, 0x9E, 0x21, 0x9E, 0x21, 0x9E, 0x21,
    0x9E, 0x21, 0x9E, 0x21, 0x9E, 0x21, 0xBE, 0x21, 0x9E, 0x21, 0x9E, 0x21, 0x9E, 0x21, 0xBE, 0x21,
    0x9E, 0x21, 0x9E, 0x21, 0x9E, 0x21, 0x9E, 0x21, 0x9E, 0x21, 0x9E, 0x21, 0x9E, 0x21, 0x9E, 0x21,
    0xBE, 0x21, 0x9E, 0x21, 0x9E, 0x21, 0xBE, 0x21, 0xBE, 0x21, 0xBE, 0x21, 0x9E, 0x21, 0x9E, 0x21,
    0xBE, 0x21, 0x9E, 0x21, 0x9E, 0x21, 0x9E, 0x21, 0x9E, 0x21, 0x9E, 0x21, 0x9E, 0x21, 0x9E, 0x21,
    0x9E, 0x21, 0x9E, 0x21, 0x9E, 0x21, 0x9E, 0x21, 0x9E, 0x21, 0x9E, 0x21, 0x9E, 0x21, 0x9E, 0x21,
    0x9E, 0x21, 0x9E, 0x21, 0xBE, 0x21, 0x9E, 0x21, 0x9E, 0x21, 0x9E, 0x21, 0x9E, 0x21, 0x9E, 0x21,
    0x9E, 0x21, 0x9E, 0x21, 0x9E, 0x21, 0x9E, 0x21, 0x9E, 0x21, 0x9E, 0x21, 0x9E, 0x21, 0x9E, 0x21,
    0xBE, 0x21, 0x9E, 0x21, 0x9E, 0x21, 0xBE, 0x21, 0x9E, 0x21, 0x9E, 0x21, 0x9E, 0x21, 0x9E, 0x21,
    0x9E, 0x21, 0x9E, 0x21, 0x9E, 0x21, 0x9E, 0x21, 0x9E, 0x21, 0xBE, 0x21, 0x9E, 0x21, 0xBE, 0x21,
    0x9E, 0x21, 0x9E, 0x21, 0x9E, 0x21, 0x9E, 0x21, 0x9E, 0x21, 0x9E, 0x21, 0x9E, 0x21, 0x9E, 0x21,
    0x9E, 0x21, 0xBE, 0x21, 0x9E, 0x21, 0x9E, 0x21, 0x9E, 0x21, 0x9E, 0x21, 0x9E, 0x21, 0x9E, 0x21,
    0x9E, 0x21, 0x9E, 0x21, 0x9E, 0x21, 0xBE, 0x21, 0x9E, 0x21, 0xBE, 0x21, 0x9E, 0x21, 0x9E, 0x21,
    0x9E, 0x21, 0x9E, 0x21, 0x9E, 0x21, 0x9E, 0x21, 0x9E, 0x21, 0x9E, 0x21, 0x9E, 0x21, 0xBE, 0x21,
    0x9E, 0x21, 0x9E, 0x21, 0x9E, 0x21, 0x9E, 0x21, 0x9E, 0x21, 0x9E, 0x21, 0xBE, 0x21, 0xFF, 0xFF,
    0xFF, 0xFF, 0xFF, 0xFF, 0xFF, 0xFF, 0xFF, 0xFF, 0xFF, 0xFF, 0xFF, 0xFF, 0xFF, 0xFF, 0xDF, 0xFF,
    0xDF, 0xFF, 0xDF, 0xFF, 0xDF, 0xFF, 0xDF, 0xFF, 0xDF, 0xFF, 0xDF, 0xFF, 0xDF, 0xFF, 0xDF, 0xFF,
    0xBE, 0xF7, 0xBE, 0xF7, 0xBE, 0xF7, 0xBE, 0xF7, 0xBE, 0xF7, 0xBE, 0xF7, 0xBE, 0xF7, 0xBE, 0xF7,
    0xBE, 0xF7, 0x9E, 0xF7, 0x9E, 0xF7, 0x9E, 0xF7, 0x9E, 0xF7, 0x9E, 0xF7, 0x9E, 0xF7, 0x9E, 0xF7,
    0x9E, 0xF7, 0x9E, 0xF7, 0x9E, 0xF7, 0x7D, 0xEF, 0x7D, 0xEF, 0x7D, 0xEF, 0x7D, 0xEF, 0x7D, 0xEF,
    0x7D, 0xEF, 0x7D, 0xEF, 0x7D, 0xEF, 0x7D, 0xEF, 0x7D, 0xEF, 0x5D, 0xEF, 0x5D, 0xEF, 0x5D, 0xEF,
    0x5D, 0xEF, 0x5D, 0xEF, 0x5D, 0xEF, 0x5D, 0xEF, 0x5D, 0xEF, 0x5D, 0xEF, 0x5D, 0xEF, 0x3C, 0xE7,
    0x3C, 0xE7, 0x3C, 0xE7, 0x3C, 0xE7, 0x3C, 0xE7, 0x3C, 0xE7, 0x3C, 0xE7, 0x3C, 0xE7, 0x3C, 0xE7,
    0x3C, 0xE7, 0x3C, 0xE7, 0x3C, 0xE7, 0x1C, 0xE7, 0x3C, 0xE7, 0x1C, 0xE7, 0x1C, 0xE7, 0x1C, 0xE7,
    0x1C, 0xE7, 0x1C, 0xE7, 0x1C, 0xE7, 0x1C, 0xE7, 0x1C, 0xE7, 0x1C, 0xE7, 0x1C, 0xE7, 0x1C, 0xE7,
    0x1C, 0xE7, 0x1C, 0xE7, 0x1C, 0xE7, 0xFB, 0xDE, 0x1C, 0xE7, 0x1C, 0xE7, 0xFB, 0xDE, 0xFB, 0xDE,
    0xFB, 0xDE, 0xFB, 0xDE, 0xFB, 0xDE, 0xFB, 0xDE, 0xFB, 0xDE, 0xFB, 0xDE, 0xFB, 0xDE, 0xFB, 0xDE,
    0xFB, 0xDE, 0xFB, 0xDE, 0xFB, 0xDE, 0xFB, 0xDE, 0xFB, 0xDE, 0xFB, 0xDE, 0xFB, 0xDE, 0xFB, 0xDE,
    0xFB, 0xDE, 0xFB, 0xDE, 0xFB, 0xDE, 0xFB, 0xDE, 0xFB, 0xDE, 0xFB, 0xDE, 0xFB, 0xDE, 0x1C, 0xE7,
    0x1C, 0xE7, 0x1C, 0xE7, 0x1C, 0xE7, 0x1C, 0xE7, 0x1C, 0xE7, 0x1C, 0xE7, 0x1C, 0xE7, 0x1C, 0xE7,
    0x1C, 0xE7, 0x1C, 0xE7, 0x1C, 0xE7, 0x1C, 0xE7, 0x1C, 0xE7, 0x1C, 0xE7, 0x3C, 0xE7, 0x3C, 0xE7,
    0x3C, 0xE7, 0x3C, 0xE7, 0x3C, 0xE7, 0x3C, 0xE7, 0x3C, 0xE7, 0x3C, 0xE7, 0x3C, 0xE7, 0x3C, 0xE7,
    0x3C, 0xE7, 0x3C, 0xE7, 0x5D, 0xEF, 0x5D, 0xEF, 0x5D, 0xEF, 0x5D, 0xEF, 0x5D, 0xEF, 0x5D, 0xEF,
    0x5D, 0xEF, 0x5D, 0xEF, 0x5D, 0xEF, 0x5D, 0xEF, 0x7D, 0xEF, 0x7D, 0xEF, 0x7D, 0xEF, 0x7D, 0xEF,
    0x7D, 0xEF, 0x7D, 0xEF, 0x7D, 0xEF, 0x7D, 0xEF, 0x7D, 0xEF, 0x7D, 0xEF, 0x7D, 0xEF, 0x9E, 0xF7,
    0x9E, 0xF7, 0x9E, 0xF7, 0x9E, 0xF7, 0x9E, 0xF7, 0x9E, 0xF7, 0x9E, 0xF7, 0x9E, 0xF7, 0x9E, 0xF7,
    0x9E, 0xF7, 0xBE, 0xF7, 0xBE, 0xF7, 0xBE, 0xF7, 0xBE, 0xF7, 0xBE, 0xF7, 0xBE, 0xF7, 0xBE, 0xF7,
    0xBE, 0xF7, 0xDF, 0xFF, 0xDF, 0xFF, 0xDF, 0xFF, 0x7F, 0xEF, 0x9E, 0x21, 0x9E, 0x21, 0x9E, 0x21,
    0x9E, 0x21, 0x9E, 0x21, 0xBE, 0x21, 0x9E, 0x21, 0x9E, 0x21, 0x9E, 0x21, 0x9E, 0x21, 0x9E, 0x21,
    0x9E, 0x21, 0x9E, 0x21, 0x9E, 0x21, 0x9E, 0x21, 0x9E, 0x21, 0x9E, 0x21, 0x9E, 0x21, 0xBE, 0x21,
    0x9E, 0x21, 0xBE, 0x21, 0x9E, 0x21, 0x9E, 0x21, 0x9E, 0x21, 0x9E, 0x21, 0x9E, 0x21, 0x9E, 0x21,
    0x9E, 0x21, 0xBE, 0x21, 0xBE, 0x21, 0x9E, 0x21, 0xBE, 0x21, 0x9E, 0x21, 0x9E, 0x21, 0x9E, 0x21,
    0x9E, 0x21, 0x9E, 0x21, 0xBE, 0x21, 0x9E, 0x21, 0x9E, 0x21, 0x9E, 0x21, 0x9E, 0x21, 0x9E, 0x21,
    0x9E, 0x21, 0xBE, 0x21, 0x9E, 0x21, 0x9E, 0x21, 0x9E, 0x21, 0x9E, 0x21, 0x9E, 0x21, 0x9E, 0x21,
    0xBE, 0x21, 0x9E, 0x21, 0x9E, 0x21, 0x9E, 0x21, 0x9E, 0x21, 0x9E, 0x21, 0x9E, 0x21, 0x9E, 0x21,
    0x9E, 0x21, 0x9E, 0x21, 0xBE, 0x21, 0x9E, 0x21, 0xBE, 0x21, 0x9E, 0x21, 0x9E, 0x21, 0x9E, 0x21,
    0x9E, 0x21, 0xBE, 0x21, 0xBE, 0x21, 0x9E, 0x21, 0xBE, 0x21, 0x9E, 0x21, 0x9E, 0x21, 0x9E, 0x21,
    0x9E, 0x21, 0xBE, 0x21, 0x9E, 0x21, 0x9E, 0x21, 0x9E, 0x21, 0x9E, 0x21, 0x9E, 0x21, 0x9E, 0x21,
    0x9E, 0x21, 0x9E, 0x21, 0x9E, 0x21, 0xBE, 0x21, 0x9E, 0x21, 0x9E, 0x21, 0x9E, 0x21, 0xBE, 0x21,
    0x9E, 0x21, 0x9E, 0x21, 0x9E, 0x21, 0x9E, 0x21, 0x9E, 0x21, 0x9E, 0x21, 0x9E, 0x21, 0x9E, 0x21,
    0x9E, 0x21, 0x9E, 0x21, 0x9E, 0x21, 0x9E, 0x21, 0x9E, 0x21, 0x9E, 0x21, 0x9E, 0x21, 0xBE, 0x21,
    0x9E, 0x21, 0x9E, 0x21, 0x9E, 0x21, 0x9E, 0x21, 0x9E, 0x21, 0x9E, 0x21, 0x9E, 0x21, 0xBE, 0x21,
    0x9E, 0x21, 0x9E, 0x21, 0x9E, 0x21, 0x9E, 0x21, 0x9E, 0x21, 0x9E, 0x21, 0x9E, 0x21, 0x9E, 0x21,
    0x9E, 0x21, 0x9E, 0x21, 0x9E, 0x21, 0xBE, 0x21, 0x9E, 0x21, 0x9E, 0x21, 0xBE, 0x21, 0x9E, 0x21,
    0x9E, 0x21, 0x9E, 0x21, 0xBE, 0x21, 0x9E, 0x21, 0x9E, 0x21, 0x9E, 0x21, 0x9E, 0x21, 0x9E, 0x21,
    0xFF, 0xFF, 0xFF, 0xFF, 0xFF, 0xFF, 0xFF, 0xFF, 0xFF, 0xFF, 0xFF, 0xFF, 0xFF, 0xFF, 0xDF, 0xFF,
    0xDF, 0xFF, 0xDF, 0xFF, 0xDF, 0xFF, 0xDF, 0xFF, 0xDF, 0xFF, 0xDF, 0xFF, 0xDF, 0xFF, 0xDF, 0xFF,
    0xBE, 0xF7, 0xBE, 0xF7, 0xBE, 0xF7, 0xBE, 0xF7, 0xBE, 0xF7, 0xBE, 0xF7, 0xBE, 0xF7, 0xBE, 0xF7,
    0xBE, 0xF7, 0xBE, 0xF7, 0x9E, 0xF7, 0x9E, 0xF7, 0x9E, 0xF7, 0x9E, 0xF7, 0x9E, 0xF7, 0x9E, 0xF7,
    0x9E, 0xF7, 0x7D, 0xEF, 0x9E, 0xF7, 0x7D, 0xEF, 0x7D, 0xEF, 0x7D, 0xEF, 0x7D, 0xEF, 0x7D, 0xEF,
    0x7D, 0xEF, 0x7D, 0xEF, 0x7D, 0xEF, 0x7D, 0xEF, 0x5D, 0xEF, 0x5D, 0xEF, 0x5D, 0xEF, 0x5D, 0xEF,
    0x5D, 0xEF, 0x5D, 0xEF, 0x5D, 0xEF, 0x5D, 0xEF, 0x5D, 0xEF, 0x5D, 0xEF, 0x5D, 0xEF, 0x3C, 0xE7,
    0x3C, 0xE7, 0x3C, 0xE7, 0x3C, 0xE7, 0x3C, 0xE7, 0x3C, 0xE7, 0x3C, 0xE7, 0x3C, 0xE7, 0x3C, 0xE7,
    0x3C, 0xE7, 0x3C, 0xE7, 0x3C, 0xE7, 0x1C, 0xE7, 0x1C, 0xE7, 0x1C, 0xE7, 0x1C, 0xE7, 0x1C, 0xE7,
    0x1C, 0xE7, 0x1C, 0xE7, 0x1C, 0xE7, 0x1C, 0xE7, 0x1C, 0xE7, 0x1C, 0xE7, 0x1C, 0xE7, 0x1C, 0xE7,
    0xFB, 0xDE, 0xFB, 0xDE, 0x1C, 0xE7, 0xFB, 0xDE, 0xFB, 0xDE, 0xFB, 0xDE, 0xFB, 0xDE, 0xFB, 0xDE,
    0xFB, 0xDE, 0xFB, 0xDE, 0xFB, 0xDE, 0xFB, 0xDE, 0xFB, 0xDE, 0xFB, 0xDE, 0xFB, 0xDE, 0xFB, 0xDE,
    0xFB, 0xDE, 0xFB, 0xDE, 0xFB, 0xDE, 0xFB, 0xDE, 0xFB, 0xDE, 0xFB, 0xDE, 0xFB, 0xDE, 0xFB, 0xDE,
    0xFB, 0xDE, 0xFB, 0xDE, 0xFB, 0xDE, 0xFB, 0xDE, 0xFB, 0xDE, 0xFB, 0xDE, 0xFB, 0xDE, 0xFB, 0xDE,
    0x1C, 0xE7, 0x1C, 0xE7, 0xFB, 0xDE, 0x1C, 0xE7, 0x1C, 0xE7, 0x1C, 0xE7, 0x1C, 0xE7, 0x1C, 0xE7,
    0x1C, 0xE7, 0x1C, 0xE7, 0x1C, 0xE7, 0x1C, 0xE7, 0x1C, 0xE7, 0x1C, 0xE7, 0x1C, 0xE7, 0x1C, 0xE7,
    0x3C, 0xE7, 0x3C, 0xE7, 0x3C, 0xE7, 0x3C, 0xE7, 0x3C, 0xE7, 0x3C, 0xE7, 0x3C, 0xE7, 0x3C, 0xE7,
    0x3C, 0xE7, 0x3C, 0xE7, 0x5D, 0xEF, 0x3C, 0xE7, 0x5D, 0xEF, 0x3C, 0xE7, 0x5D, 0xEF, 0x5D, 0xEF,
    0x5D, 0xEF, 0x5D, 0xEF, 0x5D, 0xEF, 0x5D, 0xEF, 0x7D, 0xEF, 0x5D, 0xEF, 0x5D, 0xEF, 0x7D, 0xEF,
    0x7D, 0xEF, 0x7D, 0xEF, 0x7D, 0xEF, 0x7D, 0xEF, 0x7D, 0xEF, 0x7D, 0xEF, 0x7D, 0xEF, 0x7D, 0xEF,
    0x7D, 0xEF, 0x9E, 0xF7, 0x9E, 0xF7, 0x9E, 0xF7, 0x9E, 0xF7, 0x9E, 0xF7, 0x9E, 0xF7, 0x9E, 0xF7,
    0x9E, 0xF7, 0x9E, 0xF7, 0xBE, 0xF7, 0xBE, 0xF7, 0xBE, 0xF7, 0xBE, 0xF7, 0xBE, 0xF7, 0xBE, 0xF7,
    0xBE, 0xF7, 0xBE, 0xF7, 0xBE, 0xF7, 0xDF, 0xFF, 0xDF, 0xFF, 0xDF, 0xFF, 0x3E, 0x5B, 0xBE, 0x21,
    0x9E, 0x21, 0x9E, 0x21, 0x9E, 0x21, 0x9E, 0x21, 0x9E, 0x21, 0x9E, 0x21, 0x9E, 0x21, 0x9E, 0x21,
    0x9E, 0x21, 0x9E, 0x21, 0x9E, 0x21, 0x9E, 0x21, 0x9E, 0x21, 0x9E, 0x21, 0x9E, 0x21, 0xBE, 0x21,
    0x9E, 0x21, 0x9E, 0x21, 0x9E, 0x21, 0x9E, 0x21, 0x9E, 0x21, 0x9E, 0x21, 0x9E, 0x21, 0x9E, 0x21,
    0x9E, 0x21, 0xBE, 0x21, 0x9E, 0x21, 0x9E, 0x21, 0x9E, 0x21, 0x9E, 0x21, 0x9E, 0x21, 0x9E, 0x21,
    0xBE, 0x21, 0x9E, 0x21, 0x9E, 0x21, 0x9E, 0x21, 0x9E, 0x21, 0x9E, 0x21, 0x9E, 0x21, 0xBE, 0x21,
    0x9E, 0x21, 0x9E, 0x21, 0xBE, 0x21, 0x9E, 0x21, 0x9E, 0x21, 0x9E, 0x21, 0x9E, 0x21, 0x9E, 0x21,
    0xBE, 0x21, 0x9E, 0x21, 0x9E, 0x21, 0x9E, 0x21, 0x9E, 0x21, 0xBE, 0x21, 0x9E, 0x21, 0x9E, 0x21,
    0x9E, 0x21, 0x9E, 0x21, 0x9E, 0x21, 0x9E, 0x21, 0xBE, 0x21, 0x9E, 0x21, 0x9E, 0x21, 0x9E, 0x21,
    0x9E, 0x21, 0x9E, 0x21, 0xBE, 0x21, 0x9E, 0x21, 0x9E, 0x21, 0xBE, 0x21, 0x9E, 0x21, 0x9E, 0x21,
    0x9E, 0x21, 0xBE, 0x21, 0x9E, 0x21, 0x9E, 0x21, 0x9E, 0x21, 0x9E, 0x21, 0x9E, 0x21, 0x9E, 0x21,
    0x9E, 0x21, 0x9E, 0x21, 0xBE, 0x21, 0x9E, 0x21, 0x9E, 0x21, 0xBE, 0x21, 0x9E, 0x21, 0x9E, 0x21,
    0x9E, 0x21, 0x9E, 0x21, 0x9E, 0x21, 0x9E, 0x21, 0x9E, 0x21, 0x9E, 0x21, 0x9E, 0x21, 0x9E, 0x21,
    0x9E, 0x21, 0x9E, 0x21, 0x9E, 0x21, 0x9E, 0x21, 0x9E, 0x21, 0x9E, 0x21, 0x9E, 0x21, 0x9E, 0x21,
    0xBE, 0x21, 0x9E, 0x21, 0x9E, 0x21, 0x9E, 0x21, 0x9E, 0x21, 0x9E, 0x21, 0xBE, 0x21, 0x9E, 0x21,
    0x9E, 0x21, 0x9E, 0x21, 0x9E, 0x21, 0x9E, 0x21, 0x9E, 0x21, 0x9E, 0x21, 0x9E, 0x21, 0x9E, 0x21,
    0x9E, 0x21, 0x9E, 0x21, 0x9E, 0x21, 0x9E, 0x21, 0x9E, 0x21, 0x9E, 0x21, 0x9E, 0x21, 0x9E, 0x21,
    0x9E, 0x21, 0x9E, 0x21, 0x9E, 0x21, 0x9E, 0x21, 0x9E, 0x21, 0x9E, 0x21, 0x9E, 0x21, 0x9E, 0x21,
    0x9E, 0x21, 0xFF, 0xFF, 0xFF, 0xFF, 0xFF, 0xFF, 0xFF, 0xFF, 0xFF, 0xFF, 0xDF, 0xFF, 0xDF, 0xFF,
    0xDF, 0xFF, 0xDF, 0xFF, 0xDF, 0xFF, 0xDF, 0xFF, 0xDF, 0xFF, 0xDF, 0xFF, 0xDF, 0xFF, 0xBE, 0xF7,
    0xBE, 0xF7, 0xBE, 0xF7, 0xBE, 0xF7, 0xBE, 0xF7, 0xBE, 0xF7, 0xBE, 0xF7, 0xBE, 0xF7, 0xBE, 0xF7,
    0x9E, 0xF7, 0x9E, 0xF7, 0x9E, 0xF7, 0x9E, 0xF7, 0x9E, 0xF7, 0x9E, 0xF7, 0x9E, 0xF7, 0x9E, 0xF7,
    0x9E, 0xF7, 0x9E, 0xF7, 0x9E, 0xF7, 0x7D, 0xEF, 0x7D, 0xEF, 0x7D, 0xEF, 0x7D, 0xEF, 0x7D, 0xEF,
    0x7D, 0xEF, 0x7D, 0xEF, 0x7D, 0xEF, 0x7D, 0xEF, 0x5D, 0xEF, 0x5D, 0xEF, 0x5D, 0xEF, 0x5D, 0xEF,
    0x5D, 0xEF, 0x5D, 0xEF, 0x5D, 0xEF, 0x5D, 0xEF, 0x5D, 0xEF, 0x5D, 0xEF, 0x3C, 0xE7, 0x3C, 0xE7,
    0x3C, 0xE7, 0x3C, 0xE7, 0x3C, 0xE7, 0x3C, 0xE7, 0x3C, 0xE7, 0x3C, 0xE7, 0x3C, 0xE7, 0x3C, 0xE7,
    0x1C, 0xE7, 0x1C, 0xE7, 0x1C, 0xE7, 0x1C, 0xE7, 0x1C, 0xE7, 0x1C, 0xE7, 0x1C, 0xE7, 0x1C, 0xE7,
    0x1C, 0xE7, 0x1C, 0xE7, 0x1C, 0xE7, 0x1C, 0xE7, 0x1C, 0xE7, 0x1C, 0xE7, 0x1C, 0xE7, 0xFB, 0xDE,
    0xFB, 0xDE, 0xFB, 0xDE, 0xFB, 0xDE, 0xFB, 0xDE, 0xFB, 0xDE, 0xFB, 0xDE, 0xFB, 0xDE, 0xFB, 0xDE,
    0xFB, 0xDE, 0xFB, 0xDE, 0xFB, 0xDE, 0xFB, 0xDE, 0xFB, 0xDE, 0xFB, 0xDE, 0xFB, 0xDE, 0xFB, 0xDE,
    0xFB, 0xDE, 0xFB, 0xDE, 0xFB, 0xDE, 0xFB, 0xDE, 0xFB, 0xDE, 0xFB, 0xDE, 0xFB, 0xDE, 0xFB, 0xDE,
    0xFB, 0xDE, 0xFB, 0xDE, 0xFB, 0xDE, 0xFB, 0xDE, 0xFB, 0xDE, 0xFB, 0xDE, 0xFB, 0xDE, 0xFB, 0xDE,
    0xFB, 0xDE, 0xFB, 0xDE, 0xFB, 0xDE, 0xFB, 0xDE, 0xFB, 0xDE, 0x1C, 0xE7, 0x1C, 0xE7, 0x1C, 0xE7,
    0x1C, 0xE7, 0x1C, 0xE7, 0x1C, 0xE7, 0x1C, 0xE7, 0x1C, 0xE7, 0x1C, 0xE7, 0x1C, 0xE7, 0x1C, 0xE7,
    0x1C, 0xE7, 0x1C, 0xE7, 0x1C, 0xE7, 0x3C, 0xE7, 0x3C, 0xE7, 0x3C, 0xE7, 0x3C, 0xE7, 0x3C, 0xE7,
    0x3C, 0xE7, 0x3C, 0xE7, 0x3C, 0xE7, 0x3C, 0xE7, 0x3C, 0xE7, 0x3C, 0xE7, 0x5D, 0xEF, 0x5D, 0xEF,
    0x5D, 0xEF, 0x5D, 0xEF, 0x5D, 0xEF, 0x5D, 0xEF, 0x5D, 0xEF, 0x5D, 0xEF, 0x5D, 0xEF, 0x7D, 0xEF,
    0x7D, 0xEF, 0x7D, 0xEF, 0x7D, 0xEF, 0x7D, 0xEF, 0x7D, 0xEF, 0x7D, 0xEF, 0x7D, 0xEF, 0x7D, 0xEF,
    0x7D, 0xEF, 0x9E, 0xF7, 0x9E, 0xF7, 0x9E, 0xF7, 0x9E, 0xF7, 0x9E, 0xF7, 0x9E, 0xF7, 0x9E, 0xF7,
    0x9E, 0xF7, 0x9E, 0xF7, 0xBE, 0xF7, 0xBE, 0xF7, 0xBE, 0xF7, 0xBE, 0xF7, 0xBE, 0xF7, 0xBE, 0xF7,
    0xBE, 0xF7, 0xBE, 0xF7, 0xBE, 0xF7, 0xBE, 0xF7, 0xDF, 0xFF, 0xDF, 0xFF, 0xDF, 0xFF, 0x3E, 0xC6,
    0x9E, 0x21, 0x9E, 0x21, 0x9E, 0x21, 0x9E, 0x21, 0xBE, 0x21, 0x9E, 0x21, 0xBE, 0x21, 0x9E, 0x21,
    0x9E, 0x21, 0x9E, 0x21, 0x9E, 0x21, 0x9E, 0x21, 0x9E, 0x21, 0x9E, 0x21, 0xBE, 0x21, 0x9E, 0x21,
    0xBE, 0x21, 0x9E, 0x21, 0xBE, 0x21, 0x9E, 0x21, 0x9E, 0x21, 0x9E, 0x21, 0xBE, 0x21, 0x9E, 0x21,
    0x9E, 0x21, 0xBE, 0x21, 0x9E, 0x21, 0x9E, 0x21, 0x9E, 0x21, 0x9E, 0x21, 0x9E, 0x21, 0x9E, 0x21,
    0x9E, 0x21, 0x9E, 0x21, 0xBE, 0x21, 0x9E, 0x21, 0x9E, 0x21, 0x9E, 0x21, 0x9E, 0x21, 0x9E, 0x21,
    0x9E, 0x21, 0x9E, 0x21, 0x9E, 0x21, 0x9E, 0x21, 0x9E, 0x21, 0x9E, 0x21, 0x9E, 0x21, 0x9E, 0x21,
    0x9E, 0x21, 0x9E, 0x21, 0x9E, 0x21, 0xBE, 0x21, 0x9E, 0x21, 0x9E, 0x21, 0x9E, 0x21, 0x9E, 0x21,
    0x9E, 0x21, 0x9E, 0x21, 0x9E, 0x21, 0x9E, 0x21, 0x9E, 0x21, 0x9E, 0x21, 0x9E, 0x21, 0x9E, 0x21,
    0x9E, 0x21, 0x9E, 0x21, 0x9E, 0x21, 0xBE, 0x21, 0x9E, 0x21, 0x9E, 0x21, 0x9E, 0x21, 0xBE, 0x21,
    0x9E, 0x21, 0x9E, 0x21, 0x9E, 0x21, 0xBE, 0x21, 0x9E, 0x21, 0x9E, 0x21, 0x9E, 0x21, 0xBE, 0x21,
    0x9E, 0x21, 0x9E, 0x21, 0x9E, 0x21, 0xBE, 0x21, 0x9E, 0x21, 0x9E, 0x21, 0x9E, 0x21, 0x9E, 0x21,
    0x9E, 0x21, 0xBE, 0x21, 0x9E, 0x21, 0x9E, 0x21, 0x9E, 0x21, 0x9E, 0x21, 0x9E, 0x21, 0x9E, 0x21,
    0x9E, 0x21, 0x9E, 0x21, 0x9E, 0x21, 0x9E, 0x21, 0x9E, 0x21, 0x9E, 0x21, 0x9E, 0x21, 0x9E, 0x21,
    0x9E, 0x21, 0x9E, 0x21, 0x9E, 0x21, 0x9E, 0x21, 0x9E, 0x21, 0x9E, 0x21, 0xBE, 0x21, 0x9E, 0x21,
    0xBE, 0x21, 0x9E, 0x21, 0xBE, 0x21, 0x9E, 0x21, 0x9E, 0x21, 0x9E, 0x21, 0xBE, 0x21, 0x9E, 0x21,
    0x9E, 0x21, 0x9E, 0x21, 0x9E, 0x21, 0x9E, 0x21, 0xBE, 0x21, 0x9E, 0x21, 0x9E, 0x21, 0x9E, 0x21,
    0x9E, 0x21, 0xBE, 0x21, 0x9E, 0x21, 0xBE, 0x21, 0x9E, 0x21, 0xBE, 0x21, 0xBE, 0x21, 0x9E, 0x21,
    0x9E, 0x21, 0x9E, 0x21, 0xFF, 0xFF, 0xFF, 0xFF, 0xFF, 0xFF, 0xFF, 0xFF, 0xFF, 0xFF, 0xDF, 0xFF,
    0xDF, 0xFF, 0xDF, 0xFF, 0xDF, 0xFF, 0xDF, 0xFF, 0xDF, 0xFF, 0xDF, 0xFF, 0xDF, 0xFF, 0xDF, 0xFF,
    0xBE, 0xF7, 0xBE, 0xF7, 0xBE, 0xF7, 0xBE, 0xF7, 0xBE, 0xF7, 0xBE, 0xF7, 0xBE, 0xF7, 0x9E, 0xF7,
    0xBE, 0xF7, 0x9E, 0xF7, 0x9E, 0xF7, 0x9E, 0xF7, 0x9E, 0xF7, 0x9E, 0xF7, 0x9E, 0xF7, 0x9E, 0xF7,
    0x9E, 0xF7, 0x7D, 0xEF, 0x7D, 0xEF, 0x7D, 0xEF, 0x7D, 0xEF, 0x7D, 0xEF, 0x7D, 0xEF, 0x7D, 0xEF,
    0x7D, 0xEF, 0x7D, 0xEF, 0x7D, 0xEF, 0x7D, 0xEF, 0x5D, 0xEF, 0x5D, 0xEF, 0x5D, 0xEF, 0x5D, 0xEF,
    0x5D, 0xEF, 0x5D, 0xEF, 0x5D, 0xEF, 0x5D, 0xEF, 0x3C, 0xE7, 0x5D, 0xEF, 0x3C, 0xE7, 0x3C, 0xE7,
    0x3C, 0xE7, 0x3C, 0xE7, 0x3C, 0xE7, 0x3C, 0xE7, 0x3C, 0xE7, 0x3C, 0xE7, 0x3C, 0xE7, 0x3C, 0xE7,
    0x3C, 0xE7, 0x1C, 0xE7, 0x1C, 0xE7, 0x1C, 0xE7, 0x1C, 0xE7, 0x1C, 0xE7, 0x1C, 0xE7, 0x1C, 0xE7,
    0x1C, 0xE7, 0x1C, 0xE7, 0x1C, 0xE7, 0x1C, 0xE7, 0x1C, 0xE7, 0x1C, 0xE7, 0x1C, 0xE7, 0xFB, 0xDE,
    0xFB, 0xDE, 0xFB, 0xDE, 0xFB, 0xDE, 0xFB, 0xDE, 0xFB, 0xDE, 0xFB, 0xDE, 0xFB, 0xDE, 0xFB, 0xDE,
    0xFB, 0xDE, 0xFB, 0xDE, 0xFB, 0xDE, 0xFB, 0xDE, 0xFB, 0xDE, 0xFB, 0xDE, 0xFB, 0xDE, 0xFB, 0xDE,
    0xFB, 0xDE, 0xFB, 0xDE, 0xFB, 0xDE, 0xFB, 0xDE, 0xFB, 0xDE, 0xFB, 0xDE, 0xFB, 0xDE, 0xFB, 0xDE,
    0xFB, 0xDE, 0xFB, 0xDE, 0xFB, 0xDE, 0xFB, 0xDE, 0xFB, 0xDE, 0xFB, 0xDE, 0xFB, 0xDE, 0xFB, 0xDE,
    0xFB, 0xDE, 0xFB, 0xDE, 0xFB, 0xDE, 0xFB, 0xDE, 0xFB, 0xDE, 0x1C, 0xE7, 0x1C, 0xE7, 0xFB, 0xDE,
    0x1C, 0xE7, 0x1C, 0xE7, 0x1C, 0xE7, 0x1C, 0xE7, 0x1C, 0xE7, 0x1C, 0xE7, 0x1C, 0xE7, 0x1C, 0xE7,
    0x1C, 0xE7, 0x1C, 0xE7, 0x1C, 0xE7, 0x3C, 0xE7, 0x3C, 0xE7, 0x3C, 0xE7, 0x3C, 0xE7, 0x3C, 0xE7,
    0x3C, 0xE7, 0x3C, 0xE7, 0x3C, 0xE7, 0x3C, 0xE7, 0x3C, 0xE7, 0x3C, 0xE7, 0x3C, 0xE7, 0x5D, 0xEF,
    0x5D, 0xEF, 0x5D, 0xEF, 0x5D, 0xEF, 0x5D, 0xEF, 0x5D, 0xEF, 0x5D, 0xEF, 0x5D, 0xEF, 0x5D, 0xEF,
    0x7D, 0xEF, 0x7D, 0xEF, 0x7D, 0xEF, 0x7D, 0xEF, 0x7D, 0xEF, 0x7D, 0xEF, 0x7D, 0xEF, 0x7D, 0xEF,
    0x7D, 0xEF, 0x7D, 0xEF, 0x9E, 0xF7, 0x9E, 0xF7, 0x9E, 0xF7, 0x9E, 0xF7, 0x9E, 0xF7, 0x9E, 0xF7,
    0x9E, 0xF7, 0x9E, 0xF7, 0x9E, 0xF7, 0xBE, 0xF7, 0xBE, 0xF7, 0xBE, 0xF7, 0xBE, 0xF7, 0xBE, 0xF7,
    0xBE, 0xF7, 0xBE, 0xF7, 0xBE, 0xF7, 0xBE, 0xF7, 0xDF, 0xFF, 0xDF, 0xFF, 0xDF, 0xFF, 0xDF, 0xFF,
    0xDF, 0xFF, 0xFE, 0x29, 0x9E, 0x21, 0x9E, 0x21, 0x9E, 0x21, 0xBE, 0x21, 0x9E, 0x21, 0x9E, 0x21,
    0x9E, 0x21, 0x9E, 0x21, 0x9E, 0x21, 0x9E, 0x21, 0x9E, 0x21, 0x9E, 0x21, 0xFE, 0x29, 0xDE, 0x4A,
    0x3E, 0x5B, 0x9E, 0x21, 0xBE, 0x21, 0x9E, 0x21, 0x9E, 0x21, 0x9E, 0x21, 0x9E, 0x21, 0x9E, 0x21,
    0xBE, 0x21, 0x9E, 0x21, 0x9E, 0x21, 0x9E, 0x21, 0x9E, 0x21, 0x9E, 0x21, 0x9E, 0x21, 0x9E, 0x21,
    0x9E, 0x21, 0xBE, 0x21, 0x9E, 0x21, 0x9E, 0x21, 0x9E, 0x21, 0x9E, 0x21, 0x9E, 0x21, 0x9E, 0x21,
    0x9E, 0x21, 0x9E, 0x21, 0x9E, 0x21, 0x9E, 0x21, 0xBE, 0x21, 0x9E, 0x21, 0xBE, 0x21, 0x9E, 0x21,
    0x9E, 0x21, 0x9E, 0x21, 0x9E, 0x21, 0xBE, 0x21, 0x9E, 0x21, 0x9E, 0x21, 0x9E, 0x21, 0x9E, 0x21,
    0xBE, 0x21, 0x9E, 0x21, 0x9E, 0x21, 0x9E, 0x21, 0xBE, 0x21, 0x9E, 0x21, 0x9E, 0x21, 0x9E, 0x21,
    0x9E, 0x21, 0x9E, 0x21, 0x9E, 0x21, 0x9E, 0x21, 0x9E, 0x21, 0x9E, 0x21, 0x9E, 0x21, 0x1E, 0x32,
    0x9F, 0xAD, 0x9E, 0x21, 0x9E, 0x21, 0x9E, 0x21, 0x9E, 0x21, 0x9E, 0x21, 0x9E, 0x21, 0x9E, 0x21,
    0x9E, 0x21, 0x9E, 0x21, 0x9E, 0x21, 0x9E, 0x21, 0xBE, 0x21, 0x9E, 0x21, 0x9E, 0x21, 0x1E, 0x74,
    0x9F, 0xAD, 0x7E, 0x84, 0x9E, 0x21, 0x9E, 0x21, 0x9E, 0x21, 0x9E, 0x21, 0xBE, 0x21, 0x9E, 0x21,
    0xDF, 0x94, 0x3E, 0x5B, 0x9E, 0x21, 0x3F, 0x9D, 0x7E, 0x3A, 0x9E, 0x21, 0x9E, 0x21, 0x9E, 0x21,
    0xBE, 0x21, 0x9E, 0x21, 0x9E, 0x21, 0x9E, 0x21, 0x9E, 0x21, 0x9E, 0x21, 0x9E, 0x21, 0x9E, 0x21,
    0x9E, 0x21, 0x9E, 0x21, 0x9E, 0x21, 0x9E, 0x21, 0x1E, 0x74, 0x7E, 0x3A, 0x9E, 0x21, 0x9E, 0x21,
    0x9E, 0x21, 0x9E, 0x21, 0x9E, 0x21, 0x9E, 0x21, 0x9E, 0x21, 0xBE, 0x21, 0x9E, 0x21, 0x9E, 0x21,
    0x9E, 0x21, 0x9E, 0x21, 0x9E, 0x21, 0x9E, 0x21, 0x9E, 0x21, 0x9E, 0x21, 0x9E, 0x21, 0x9E, 0x21,
    0xBE, 0x21, 0x9E, 0x21, 0x9E, 0x21, 0xFF, 0xFF, 0xFF, 0xFF, 0xDF, 0xFF, 0xDF, 0xFF, 0xDF, 0xFF,
    0xDF, 0xFF, 0xDF, 0xFF, 0xDF, 0xFF, 0xDF, 0xFF, 0xDF, 0xFF, 0xDF, 0xFF, 0xDF, 0xFF, 0xBE, 0xF7,
    0xBE, 0xF7, 0xBE, 0xF7, 0xBE, 0xF7, 0xBE, 0xF7, 0xBE, 0xF7, 0xBE, 0xF7, 0xBE, 0xF7, 0xBE, 0xF7,
    0x9E, 0xF7, 0x9E, 0xF7, 0x9E, 0xF7, 0x9E, 0xF7, 0x9E, 0xF7, 0x9E, 0xF7, 0x9E, 0xF7, 0x9E, 0xF7,
    0x9E, 0xF7, 0x9E, 0xF7, 0x7D, 0xEF, 0x7D, 0xEF, 0x7D, 0xEF, 0x7D, 0xEF, 0x7D, 0xEF, 0x7D, 0xEF,
    0x7D, 0xEF, 0x7D, 0xEF, 0x7D, 0xEF, 0x7D, 0xEF, 0x5D, 0xEF, 0x5D, 0xEF, 0x5D, 0xEF, 0x5D, 0xEF,
    0x5D, 0xEF, 0x5D, 0xEF, 0x5D, 0xEF, 0x3C, 0xE7, 0x5D, 0xEF, 0x3C, 0xE7, 0x3C, 0xE7, 0x3C, 0xE7,
    0x3C, 0xE7, 0x3C, 0xE7, 0x3C, 0xE7, 0x3C, 0xE7, 0x3C, 0xE7, 0x3C, 0xE7, 0x3C, 0xE7, 0x3C, 0xE7,
    0x1C, 0xE7, 0x1C, 0xE7, 0x1C, 0xE7, 0x1C, 0xE7, 0x1C, 0xE7, 0x1C, 0xE7, 0x1C, 0xE7, 0x1C, 0xE7,
    0x1C, 0xE7, 0x1C, 0xE7, 0x1C, 0xE7, 0x1C, 0xE7, 0xFB, 0xDE, 0xFB, 0xDE, 0x1C, 0xE7, 0xFB, 0xDE,
    0xFB, 0xDE, 0xFB, 0xDE, 0xFB, 0xDE, 0xFB, 0xDE, 0xFB, 0xDE, 0xFB, 0xDE, 0xFB, 0xDE, 0xFB, 0xDE,
    0xFB, 0xDE, 0xFB, 0xDE, 0xFB, 0xDE, 0xFB, 0xDE, 0xFB, 0xDE, 0xFB, 0xDE, 0xFB, 0xDE, 0xFB, 0xDE,
    0xFB, 0xDE, 0xFB, 0xDE, 0xFB, 0xDE, 0xFB, 0xDE, 0xFB, 0xDE, 0xFB, 0xDE, 0xFB, 0xDE, 0xFB, 0xDE,
    0xFB, 0xDE, 0xFB, 0xDE, 0xFB, 0xDE, 0xFB, 0xDE, 0xFB, 0xDE, 0xFB, 0xDE, 0xFB, 0xDE, 0xFB, 0xDE,
    0xFB, 0xDE, 0xFB, 0xDE, 0xFB, 0xDE, 0xFB, 0xDE, 0xFB, 0xDE, 0xFB, 0xDE, 0xFB, 0xDE, 0xFB, 0xDE,
    0xFB, 0xDE, 0x1C, 0xE7, 0x1C, 0xE7, 0x1C, 0xE7, 0x1C, 0xE7, 0x1C, 0xE7, 0x1C, 0xE7, 0x1C, 0xE7,
    0x1C, 0xE7, 0x1C, 0xE7, 0x1C, 0xE7, 0x1C, 0xE7, 0x3C, 0xE7, 0x3C, 0xE7, 0x3C, 0xE7, 0x3C, 0xE7,
    0x3C, 0xE7, 0x3C, 0xE7, 0x3C, 0xE7, 0x3C, 0xE7, 0x3C, 0xE7, 0x3C, 0xE7, 0x5D, 0xEF, 0x5D, 0xEF,
    0x5D, 0xEF, 0x5D, 0xEF, 0x5D, 0xEF, 0x5D, 0xEF, 0x5D, 0xEF, 0x5D, 0xEF, 0x5D, 0xEF, 0x5D, 0xEF,
    0x5D, 0xEF, 0x5D, 0xEF, 0x7D, 0xEF, 0x7D, 0xEF, 0x7D, 0xEF, 0x7D, 0xEF, 0x7D, 0xEF, 0x7D, 0xEF,
    0x7D, 0xEF, 0x7D, 0xEF, 0x7D, 0xEF, 0x9E, 0xF7, 0x9E, 0xF7, 0x9E, 0xF7, 0x9E, 0xF7, 0x9E, 0xF7,
    0x9E, 0xF7, 0x9E, 0xF7, 0x9E, 0xF7, 0x9E, 0xF7, 0xBE, 0xF7, 0xBE, 0xF7, 0xBE, 0xF7, 0xBE, 0xF7,
    0xBE, 0xF7, 0xBE, 0xF7, 0xBE, 0xF7, 0xBE, 0xF7, 0xBE, 0xF7, 0xBE, 0xF7, 0xDF, 0xFF, 0xDF, 0xFF,
    0xDF, 0xFF, 0xDF, 0xFF, 0xBE, 0x8C, 0x9E, 0x21, 0x9E, 0x21, 0x9E, 0x21, 0x9E, 0x21, 0x9E, 0x21,
    0x9E, 0x21, 0x9E, 0x21, 0x9E, 0x21, 0xBE, 0x21, 0x9E, 0x21, 0xBE, 0x21, 0x1E, 0x74, 0x9F, 0xF7,
    0xDF, 0xD6, 0xDF, 0xD6, 0x7F, 0xCE, 0x9E, 0x21, 0x9E, 0x21, 0x9E, 0x21, 0x9E, 0x21, 0x9E, 0x21,
    0x9E, 0x21, 0x9E, 0x21, 0x9E, 0x21, 0x9E, 0x21, 0x9E, 0x21, 0x9E, 0x21, 0x9E, 0x21, 0x9E, 0x21,
    0x9E, 0x21, 0xBE, 0x21, 0x9E, 0x21, 0x9E, 0x21, 0x9E, 0x21, 0x9E, 0x21, 0xBE, 0x21, 0x9E, 0x21,
    0x9E, 0x21, 0x9E, 0x21, 0x9E, 0x21, 0x9E, 0x21, 0x9E, 0x21, 0x9E, 0x21, 0x9E, 0x21, 0x9E, 0x21,
    0x9E, 0x21, 0x9E, 0x21, 0xDF, 0x94, 0x9E, 0x21, 0xBE, 0x21, 0xBE, 0x21, 0x9E, 0x21, 0x9E, 0x21,
    0xDE, 0x4A, 0xBE, 0x63, 0xBE, 0x21, 0x9E, 0x21, 0x9E, 0x21, 0x9E, 0x21, 0x9E, 0x21, 0x9E, 0x21,
    0x9E, 0x21, 0x9E, 0x21, 0x9E, 0x21, 0x9E, 0x21, 0x9E, 0x21, 0x7E, 0x84, 0x1E, 0x2A, 0x9E, 0x21,
    0x7E, 0x3A, 0xFF, 0xFF, 0x9E, 0x21, 0x9E, 0x21, 0x9E, 0x21, 0x9E, 0x21, 0x9E, 0x21, 0x9E, 0x21,
    0x9E, 0x21, 0x9E, 0x21, 0x9E, 0x21, 0x9E, 0x21, 0x9E, 0x21, 0x9E, 0x21, 0x9E, 0x21, 0x7E, 0x3A,
    0xFF, 0xFF, 0x9E, 0x63, 0x7E, 0x3A, 0x9E, 0x21, 0x9E, 0x21, 0x9E, 0x21, 0x9E, 0x21, 0xBE, 0x21,
    0x9E, 0x21, 0x7F, 0xCE, 0xFE, 0x73, 0x9E, 0x21, 0x3F, 0xE7, 0x3E, 0x5B, 0x9E, 0x21, 0x9E, 0x21,
    0x9E, 0x21, 0xBE, 0x21, 0x9E, 0x21, 0x9E, 0x21, 0x9E, 0x21, 0x9E, 0x21, 0x9E, 0x21, 0x9E, 0x21,
    0x9E, 0x21, 0x9E, 0x21, 0xBE, 0x21, 0x9E, 0x21, 0x9E, 0x21, 0xFF, 0xBD, 0xDE, 0x4A, 0x9E, 0x21,
    0x9E, 0x21, 0x9E, 0x21, 0x9E, 0x21, 0x9E, 0x21, 0x9E, 0x21, 0x9E, 0x21, 0x9E, 0x21, 0x9E, 0x21,
    0xBE, 0x21, 0x9E, 0x21, 0x9E, 0x21, 0x9E, 0x21, 0xBE, 0x21, 0x9E, 0x21, 0x9E, 0x21, 0x9E, 0x21,
    0x9E, 0x21, 0x9E, 0x21, 0xBE, 0x21, 0x9E, 0x21, 0xFF, 0xFF, 0xFF, 0xFF, 0xDF, 0xFF, 0xDF, 0xFF,
    0xDF, 0xFF, 0xDF, 0xFF, 0xDF, 0xFF, 0xDF, 0xFF, 0xDF, 0xFF, 0xDF, 0xFF, 0xDF, 0xFF, 0xBE, 0xF7,
    0xBE, 0xF7, 0xBE, 0xF7, 0xBE, 0xF7, 0xBE, 0xF7, 0xBE, 0xF7, 0xBE, 0xF7, 0xBE, 0xF7, 0xBE, 0xF7,
    0x9E, 0xF7, 0x9E, 0xF7, 0x9E, 0xF7, 0x9E, 0xF7, 0x9E, 0xF7, 0x9E, 0xF7, 0x9E, 0xF7, 0x9E, 0xF7,
    0x9E, 0xF7, 0x7D, 0xEF, 0x7D, 0xEF, 0x7D, 0xEF, 0x7D, 0xEF, 0x7D, 0xEF, 0x7D, 0xEF, 0x7D, 0xEF,
    0x7D, 0xEF, 0x7D, 0xEF, 0x7D, 0xEF, 0x5D, 0xEF, 0x5D, 0xEF, 0x5D, 0xEF, 0x5D, 0xEF, 0x5D, 0xEF,
    0x5D, 0xEF, 0x5D, 0xEF, 0x5D, 0xEF, 0x5D, 0xEF, 0x3C, 0xE7, 0x3C, 0xE7, 0x3C, 0xE7, 0x3C, 0xE7,
    0x3C, 0xE7, 0x3C, 0xE7, 0x3C, 0xE7, 0x3C, 0xE7, 0x3C, 0xE7, 0x3C, 0xE7, 0x3C, 0xE7, 0x1C, 0xE7,
    0x1C, 0xE7, 0x1C, 0xE7, 0x1C, 0xE7, 0x1C, 0xE7, 0x1C, 0xE7, 0x1C, 0xE7, 0x1C, 0xE7, 0x1C, 0xE7,
    0x1C, 0xE7, 0x1C, 0xE7, 0xFB, 0xDE, 0x1C, 0xE7, 0x1C, 0xE7, 0xFB, 0xDE, 0xFB, 0xDE, 0xFB, 0xDE,
    0xFB, 0xDE, 0xFB, 0xDE, 0xFB, 0xDE, 0xFB, 0xDE, 0xFB, 0xDE, 0xFB, 0xDE, 0xFB, 0xDE, 0xFB, 0xDE,
    0xFB, 0xDE, 0xFB, 0xDE, 0xFB, 0xDE, 0xFB, 0xDE, 0xFB, 0xDE, 0xFB, 0xDE, 0xFB, 0xDE, 0xFB, 0xDE,
    0xFB, 0xDE, 0xFB, 0xDE, 0xFB, 0xDE, 0xFB, 0xDE, 0xFB, 0xDE, 0xFB, 0xDE, 0xFB, 0xDE, 0xFB, 0xDE,
    0xFB, 0xDE, 0xFB, 0xDE, 0xFB, 0xDE, 0xFB, 0xDE, 0xFB, 0xDE, 0xFB, 0xDE, 0xFB, 0xDE, 0xFB, 0xDE,
    0xFB, 0xDE, 0xFB, 0xDE, 0xFB, 0xDE, 0xFB, 0xDE, 0xFB, 0xDE, 0xFB, 0xDE, 0xFB, 0xDE, 0xFB, 0xDE,
    0xFB, 0xDE, 0xFB, 0xDE, 0xFB, 0xDE, 0x1C, 0xE7, 0x1C, 0xE7, 0x1C, 0xE7, 0x1C, 0xE7, 0x1C, 0xE7,
    0x1C, 0xE7, 0x1C, 0xE7, 0x1C, 0xE7, 0x1C, 0xE7, 0x1C, 0xE7, 0x3C, 0xE7, 0x3C, 0xE7, 0x3C, 0xE7,
    0x3C, 0xE7, 0x3C, 0xE7, 0x3C, 0xE7, 0x3C, 0xE7, 0x3C, 0xE7, 0x3C, 0xE7, 0x3C, 0xE7, 0x3C, 0xE7,
    0x5D, 0xEF, 0x5D, 0xEF, 0x5D, 0xEF, 0x5D, 0xEF, 0x5D, 0xEF, 0x5D, 0xEF, 0x5D, 0xEF, 0x5D, 0xEF,
    0x5D, 0xEF, 0x7D, 0xEF, 0x7D, 0xEF, 0x7D, 0xEF, 0x7D, 0xEF, 0x7D, 0xEF, 0x7D, 0xEF, 0x7D, 0xEF,
    0x7D, 0xEF, 0x7D, 0xEF, 0x7D, 0xEF, 0x7D, 0xEF, 0x9E, 0xF7, 0x9E, 0xF7, 0x9E, 0xF7, 0x9E, 0xF7,
    0x9E, 0xF7, 0x9E, 0xF7, 0x9E, 0xF7, 0x9E, 0xF7, 0xBE, 0xF7, 0xBE, 0xF7, 0xBE, 0xF7, 0xBE, 0xF7,
    0xBE, 0xF7, 0xBE, 0xF7, 0xBE, 0xF7, 0xBE, 0xF7, 0xBE, 0xF7, 0xBE, 0xF7, 0xBE, 0xF7, 0xDF, 0xFF,
    0xDF, 0xFF, 0xDF, 0xFF, 0xDF, 0xFF, 0xBF, 0xD6, 0x9E, 0x21, 0x9E, 0x21, 0x9E, 0x21, 0x9E, 0x21,
    0xBE, 0x21, 0x9E, 0x21, 0x9E, 0x21, 0x9E, 0x21, 0x9E, 0x21, 0x9E, 0x21, 0x7E, 0x3A, 0x3F, 0xE7,
    0x7E, 0x84, 0xBE, 0x21, 0x9E, 0x21, 0x9E, 0x21, 0x9E, 0x21, 0x9E, 0x21, 0x7E, 0x84, 0xDF, 0x94,
    0x3E, 0x5B, 0x9E, 0x21, 0x9E, 0x21, 0x9E, 0x63, 0x7E, 0x3A, 0x7E, 0x84, 0x7E, 0x84, 0x7E, 0x3A,
    0x9E, 0x21, 0x7E, 0x3A, 0xDE, 0x4A, 0x3E, 0x5B, 0xDF, 0x94, 0xDE, 0x4A, 0x9E, 0x21, 0xBE, 0x21,
    0x1E, 0x32, 0x7E, 0x84, 0xDF, 0x94, 0x7E, 0x3A, 0x9E, 0x21, 0xBE, 0x21, 0x7E, 0x3A, 0x7E, 0x84,
    0xDF, 0x94, 0x7E, 0x3A, 0x3E, 0x5B, 0x9F, 0xF7, 0xFE, 0x73, 0xDE, 0x4A, 0x9E, 0x21, 0x9E, 0x21,
    0x1E, 0x32, 0xFF, 0xBD, 0xFF, 0xBD, 0xFE, 0x73, 0x9E, 0x21, 0x9E, 0x21, 0x9E, 0x63, 0xDF, 0x94,
    0x9E, 0x63, 0x9E, 0x21, 0x9E, 0x21, 0x9E, 0x21, 0x9E, 0x21, 0x3E, 0x5B, 0x3F, 0xE7, 0x7E, 0x84,
    0x3E, 0x5B, 0x7E, 0x3A, 0xFF, 0xFF, 0xDE, 0x4A, 0xDF, 0x94, 0xFE, 0x73, 0x9E, 0x21, 0x9E, 0x21,
    0xBE, 0x21, 0xBE, 0x6B, 0xDF, 0x94, 0xDE, 0x4A, 0x9E, 0x21, 0x9E, 0x21, 0x9E, 0x21, 0x9E, 0x21,
    0x1E, 0x74, 0xFF, 0xFF, 0xFE, 0x73, 0x1E, 0x32, 0x9E, 0x21, 0x9E, 0x6B, 0xDF, 0x94, 0x9E, 0x63,
    0x9E, 0x21, 0x9E, 0x21, 0x7F, 0xCE, 0x1E, 0x74, 0x9E, 0x21, 0x3F, 0xE7, 0x3E, 0x5B, 0x9E, 0x21,
    0x1E, 0x32, 0x7E, 0x84, 0xDF, 0x94, 0x7E, 0x3A, 0x9E, 0x21, 0x3E, 0x5B, 0xDE, 0x4A, 0x9E, 0x21,
    0xDE, 0x4A, 0x9E, 0x63, 0x9E, 0x21, 0x9E, 0x21, 0xFE, 0x73, 0x1E, 0x2A, 0x9E, 0x63, 0x1E, 0x32,
    0x1E, 0x32, 0x9E, 0x63, 0xDE, 0x4A, 0xDF, 0x94, 0xFE, 0x73, 0x9E, 0x21, 0x9E, 0x21, 0x1E, 0x32,
    0x7E, 0x84, 0xDF, 0x94, 0xFE, 0x73, 0x9E, 0x63, 0x9E, 0x21, 0x9E, 0x21, 0xBE, 0x21, 0x9E, 0x21,
    0x9E, 0x21, 0x9E, 0x21, 0x9E, 0x21, 0x9E, 0x21, 0x9E, 0x21, 0xFF, 0xFF, 0xDF, 0xFF, 0xDF, 0xFF,
    0xDF, 0xFF, 0xDF, 0xFF, 0xDF, 0xFF, 0xDF, 0xFF, 0xDF, 0xFF, 0xDF, 0xFF, 0xDF, 0xFF, 0xBE, 0xF7,
    0xBE, 0xF7, 0xBE, 0xF7, 0xBE, 0xF7, 0xBE, 0xF7, 0xBE, 0xF7, 0xBE, 0xF7, 0xBE, 0xF7, 0xBE, 0xF7,
    0x9E, 0xF7, 0x9E, 0xF7, 0x9E, 0xF7, 0x9E, 0xF7, 0x9E, 0xF7, 0x9E, 0xF7, 0x9E, 0xF7, 0x9E, 0xF7,
    0x9E, 0xF7, 0x7D, 0xEF, 0x9E, 0xF7, 0x7D, 0xEF, 0x7D, 0xEF, 0x7D, 0xEF, 0x7D, 0xEF, 0x7D, 0xEF,
    0x7D, 0xEF, 0x7D, 0xEF, 0x7D, 0xEF, 0x5D, 0xEF, 0x5D, 0xEF, 0x5D, 0xEF, 0x5D, 0xEF, 0x5D, 0xEF,
    0x5D, 0xEF, 0x5D, 0xEF, 0x5D, 0xEF, 0x5D, 0xEF, 0x5D, 0xEF, 0x3C, 0xE7, 0x3C, 0xE7, 0x3C, 0xE7,
    0x3C, 0xE7, 0x3C, 0xE7, 0x3C, 0xE7, 0x3C, 0xE7, 0x3C, 0xE7, 0x3C, 0xE7, 0x3C, 0xE7, 0x1C, 0xE7,
    0x1C, 0xE7, 0x1C, 0xE7, 0x1C, 0xE7, 0x1C, 0xE7, 0x1C, 0xE7, 0x1C, 0xE7, 0x1C, 0xE7, 0x1C, 0xE7,
    0x1C, 0xE7, 0x1C, 0xE7, 0xFB, 0xDE, 0xFB, 0xDE, 0xFB, 0xDE, 0xFB, 0xDE, 0xFB, 0xDE, 0xFB, 0xDE,
    0xFB, 0xDE, 0xFB, 0xDE, 0xFB, 0xDE, 0xFB, 0xDE, 0xFB, 0xDE, 0xFB, 0xDE, 0xFB, 0xDE, 0xFB, 0xDE,
    0xFB, 0xDE, 0xFB, 0xDE, 0xFB, 0xDE, 0xDB, 0xDE, 0xFB, 0xDE, 0xFB, 0xDE, 0xDB, 0xDE, 0xDB, 0xDE,
    0xDB, 0xDE, 0xDB, 0xDE, 0xFB, 0xDE, 0xDB, 0xDE, 0xDB, 0xDE, 0xDB, 0xDE, 0xFB, 0xDE, 0xFB, 0xDE,
    0xDB, 0xDE, 0xDB, 0xDE, 0xFB, 0xDE, 0xDB, 0xDE, 0xFB, 0xDE, 0xFB, 0xDE, 0xFB, 0xDE, 0xFB, 0xDE,
    0xFB, 0xDE, 0xFB, 0xDE, 0xFB, 0xDE, 0xFB, 0xDE, 0xFB, 0xDE, 0xFB, 0xDE, 0xFB, 0xDE, 0xFB, 0xDE,
    0xFB, 0xDE, 0xFB, 0xDE, 0xFB, 0xDE, 0x1C, 0xE7, 0xFB, 0xDE, 0x1C, 0xE7, 0x1C, 0xE7, 0x1C, 0xE7,
    0x1C, 0xE7, 0x1C, 0xE7, 0x1C, 0xE7, 0x1C, 0xE7, 0x1C, 0xE7, 0x1C, 0xE7, 0x1C, 0xE7, 0x3C, 0xE7,
    0x3C, 0xE7, 0x3C, 0xE7, 0x3C, 0xE7, 0x3C, 0xE7, 0x3C, 0xE7, 0x3C, 0xE7, 0x3C, 0xE7, 0x3C, 0xE7,
    0x3C, 0xE7, 0x3C, 0xE7, 0x5D, 0xEF, 0x5D, 0xEF, 0x5D, 0xEF, 0x5D, 0xEF, 0x5D, 0xEF, 0x5D, 0xEF,
    0x5D, 0xEF, 0x5D, 0xEF, 0x7D, 0xEF, 0x7D, 0xEF, 0x7D, 0xEF, 0x7D, 0xEF, 0x7D, 0xEF, 0x7D, 0xEF,
    0x7D, 0xEF, 0x7D, 0xEF, 0x7D, 0xEF, 0x7D, 0xEF, 0x7D, 0xEF, 0x7D, 0xEF, 0x9E, 0xF7, 0x9E, 0xF7,
    0x9E, 0xF7, 0x9E, 0xF7, 0x9E, 0xF7, 0x9E, 0xF7, 0x9E, 0xF7, 0xBE, 0xF7, 0xBE, 0xF7, 0xBE, 0xF7,
    0xBE, 0xF7, 0xBE, 0xF7, 0xBE, 0xF7, 0xBE, 0xF7, 0xBE, 0xF7, 0xBE, 0xF7, 0xBE, 0xF7, 0xDF, 0xFF,
    0xDF, 0xFF, 0xDF, 0xFF, 0xDF, 0xFF, 0xDF, 0xFF, 0xDF, 0xFF, 0x3E, 0x5B, 0x9E, 0x21, 0x9E, 0x21,
    0x9E, 0x21, 0x9E, 0x21, 0x9E, 0x21, 0x9E, 0x21, 0x9E, 0x21, 0xBE, 0x21, 0xBE, 0x21, 0x9E, 0x63,
    0x3F, 0xE7, 0x9E, 0x21, 0x9E, 0x21, 0x9E, 0x21, 0xBE, 0x21, 0x9E, 0x21, 0x9F, 0xAD, 0x7F, 0xCE,
    0x7E, 0x84, 0x3F, 0xE7, 0x7E, 0x84, 0x9E, 0x21, 0x7F, 0xCE, 0xDF, 0xD6, 0x7E, 0x84, 0xFF, 0xBD,
    0x7F, 0xCE, 0xBE, 0x21, 0xFE, 0x73, 0x9F, 0xF7, 0x9F, 0xAD, 0x3F, 0x9D, 0xFF, 0xFF, 0xDE, 0x4A,
    0x9E, 0x21, 0x3F, 0xE7, 0x3F, 0x9D, 0x5E, 0x84, 0x9F, 0xF7, 0x1E, 0x32, 0x7E, 0x3A, 0x9F, 0xF7,
    0x3F, 0x9D, 0xDF, 0x94, 0xDE, 0x4A, 0x9F, 0xAD, 0x9F, 0xF7, 0xDF, 0x94, 0x3E, 0x5B, 0xBE, 0x21,
    0x9E, 0x21, 0xDE, 0x4A, 0xDF, 0xD6, 0x7F, 0xCE, 0xDF, 0x94, 0xBE, 0x21, 0x3F, 0x9D, 0xDF, 0xD6,
    0x7E, 0x84, 0x3F, 0xE7, 0x7E, 0x84, 0xBE, 0x21, 0x9E, 0x21, 0x9E, 0x21, 0xFE, 0x73, 0xFF, 0xFF,
    0x3F, 0x9D, 0x1E, 0x74, 0x7E, 0x3A, 0xFF, 0xFF, 0xFF, 0xBD, 0x7E, 0x84, 0x9F, 0xF7, 0x1E, 0x74,
    0x9E, 0x21, 0x3F, 0x9D, 0xFF, 0xBD, 0xFE, 0x73, 0x3F, 0xE7, 0x3E, 0x5B, 0x9E, 0x21, 0x9E, 0x21,
    0x1E, 0x32, 0x9F, 0xAD, 0xFF, 0xFF, 0xDF, 0x94, 0x7E, 0x3A, 0x3F, 0x9D, 0xDF, 0xD6, 0x7E, 0x84,
    0x3F, 0xE7, 0x7E, 0x84, 0x9E, 0x21, 0x7F, 0xCE, 0xFE, 0x73, 0x9E, 0x21, 0x3F, 0xE7, 0x3E, 0x5B,
    0x7E, 0x3A, 0x3F, 0xE7, 0x9F, 0xAD, 0x3F, 0x9D, 0x9F, 0xF7, 0xDE, 0x4A, 0xDF, 0x94, 0x9F, 0xAD,
    0x9E, 0x21, 0x9F, 0xAD, 0x9F, 0xF7, 0x7E, 0x3A, 0xDE, 0x4A, 0x9F, 0xF7, 0x9E, 0x21, 0x3F, 0xE7,
    0x3E, 0x5B, 0x7E, 0x3A, 0xFF, 0xFF, 0x7F, 0xCE, 0x7E, 0x84, 0x3F, 0xE7, 0xDF, 0x94, 0x9E, 0x21,
    0x3F, 0xE7, 0x3F, 0x9D, 0xFE, 0x73, 0xFF, 0xFF, 0x9E, 0x63, 0x9E, 0x21, 0x9E, 0x21, 0x9E, 0x21,
    0x9E, 0x21, 0x9E, 0x21, 0x9E, 0x21, 0x9E, 0x21, 0x9E, 0x21, 0x9E, 0x21, 0xDF, 0xFF, 0xDF, 0xFF,
    0xDF, 0xFF, 0xDF, 0xFF, 0xDF, 0xFF, 0xDF, 0xFF, 0xDF, 0xFF, 0xDF, 0xFF, 0xDF, 0xFF, 0xBE, 0xF7,
    0xBE, 0xF7, 0xBE, 0xF7, 0xBE, 0xF7, 0xBE, 0xF7, 0xBE, 0xF7, 0xBE, 0xF7, 0xBE, 0xF7, 0x9E, 0xF7,
    0x9E, 0xF7, 0x9E, 0xF7, 0x9E, 0xF7, 0x9E, 0xF7, 0x9E, 0xF7, 0x9E, 0xF7, 0x9E, 0xF7, 0x9E, 0xF7,
    0x9E, 0xF7, 0x7D, 0xEF, 0x7D, 0xEF, 0x7D, 0xEF, 0x7D, 0xEF, 0x7D, 0xEF, 0x7D, 0xEF, 0x7D, 0xEF,
    0x7D, 0xEF, 0x7D, 0xEF, 0x7D, 0xEF, 0x5D, 0xEF, 0x5D, 0xEF, 0x5D, 0xEF, 0x5D, 0xEF, 0x5D, 0xEF,
    0x5D, 0xEF, 0x5D, 0xEF, 0x5D, 0xEF, 0x5D, 0xEF, 0x5D, 0xEF, 0x3C, 0xE7, 0x3C, 0xE7, 0x3C, 0xE7,
    0x3C, 0xE7, 0x3C, 0xE7, 0x3C, 0xE7, 0x3C, 0xE7, 0x3C, 0xE7, 0x3C, 0xE7, 0x1C, 0xE7, 0x1C, 0xE7,
    0x1C, 0xE7, 0x1C, 0xE7, 0x1C, 0xE7, 0x1C, 0xE7, 0x1C, 0xE7, 0x1C, 0xE7, 0x1C, 0xE7, 0x1C, 0xE7,
    0x1C, 0xE7, 0xFB, 0xDE, 0xFB, 0xDE, 0x1C, 0xE7, 0xFB, 0xDE, 0xFB, 0xDE, 0xFB, 0xDE, 0xFB, 0xDE,
    0xFB, 0xDE, 0xFB, 0xDE, 0xFB, 0xDE, 0xFB, 0xDE, 0xFB, 0xDE, 0xFB, 0xDE, 0xFB, 0xDE, 0xFB, 0xDE,
    0xFB, 0xDE, 0xFB, 0xDE, 0xDB, 0xDE, 0xDB, 0xDE, 0xDB, 0xDE, 0xFB, 0xDE, 0xDB, 0xDE, 0xDB, 0xDE,
    0xDB, 0xDE, 0xDB, 0xDE, 0xDB, 0xDE, 0xDB, 0xDE, 0xDB, 0xDE, 0xDB, 0xDE, 0xDB, 0xDE, 0xDB, 0xDE,
    0xDB, 0xDE, 0xDB, 0xDE, 0xFB, 0xDE, 0xDB, 0xDE, 0xFB, 0xDE, 0xFB, 0xDE, 0xDB, 0xDE, 0xFB, 0xDE,
    0xFB, 0xDE, 0xFB, 0xDE, 0xFB, 0xDE, 0xFB, 0xDE, 0xFB, 0xDE, 0xFB, 0xDE, 0xFB, 0xDE, 0xFB, 0xDE,
    0xFB, 0xDE, 0xFB, 0xDE, 0xFB, 0xDE, 0xFB, 0xDE, 0xFB, 0xDE, 0x1C, 0xE7, 0x1C, 0xE7, 0x1C, 0xE7,
    0x1C, 0xE7, 0x1C, 0xE7, 0x1C, 0xE7, 0x1C, 0xE7, 0x1C, 0xE7, 0x1C, 0xE7, 0x1C, 0xE7, 0x3C, 0xE7,
    0x1C, 0xE7, 0x3C, 0xE7, 0x3C, 0xE7, 0x3C, 0xE7, 0x3C, 0xE7, 0x3C, 0xE7, 0x3C, 0xE7, 0x3C, 0xE7,
    0x3C, 0xE7, 0x3C, 0xE7, 0x3C, 0xE7, 0x5D, 0xEF, 0x5D, 0xEF, 0x5D, 0xEF, 0x5D, 0xEF, 0x5D, 0xEF,
    0x5D, 0xEF, 0x5D, 0xEF, 0x5D, 0xEF, 0x5D, 0xEF, 0x7D, 0xEF, 0x7D, 0xEF, 0x7D, 0xEF, 0x7D, 0xEF,
    0x7D, 0xEF, 0x7D, 0xEF, 0x7D, 0xEF, 0x7D, 0xEF, 0x7D, 0xEF, 0x9E, 0xF7, 0x9E, 0xF7, 0x9E, 0xF7,
    0x9E, 0xF7, 0x9E, 0xF7, 0x9E, 0xF7, 0x9E, 0xF7, 0x9E, 0xF7, 0x9E, 0xF7, 0x9E, 0xF7, 0xBE, 0xF7,
    0xBE, 0xF7, 0xBE, 0xF7, 0xBE, 0xF7, 0xBE, 0xF7, 0xBE, 0xF7, 0xBE, 0xF7, 0xDF, 0xFF, 0xBE, 0xF7,
    0xDF, 0xFF, 0xDF, 0xFF, 0xDF, 0xFF, 0xDF, 0xFF, 0xDF, 0xFF, 0xDF, 0xFF, 0x1E, 0x9D, 0x9E, 0x21,
    0x9E, 0x21, 0x9E, 0x21, 0x9E, 0x21, 0xBE, 0x21, 0x9E, 0x21, 0xBE, 0x21, 0x9E, 0x21, 0x9E, 0x21,
    0x7E, 0x84, 0x7F, 0xCE, 0x9E, 0x21, 0x9E, 0x21, 0x9E, 0x21, 0x9E, 0x21, 0x1E, 0x32, 0xFF, 0xFF,
    0x7E, 0x3A, 0x9E, 0x21, 0x1E, 0x74, 0x3F, 0xE7, 0x9E, 0x21, 0x7F, 0xCE, 0x7E, 0x84, 0x9E, 0x21,
    0x7E, 0x3A, 0xFF, 0xFF, 0x9E, 0x21, 0xFE, 0x73, 0xDF, 0xD6, 0x9E, 0x21, 0x9E, 0x21, 0x3F, 0xE7,
    0xFE, 0x73, 0x9E, 0x63, 0x3F, 0xE7, 0x3E, 0x5B, 0x3E, 0x5B, 0x3F, 0xE7, 0x1E, 0x74, 0x3F, 0x9D,
    0xFF, 0xBD, 0xBE, 0x21, 0x9E, 0x21, 0x9E, 0x21, 0x3E, 0x5B, 0x3F, 0xE7, 0xBE, 0x21, 0x9E, 0x21,
    0x9E, 0x21, 0x9E, 0x21, 0x9E, 0x21, 0x9F, 0xAD, 0xDF, 0x94, 0x9E, 0x21, 0x1E, 0x32, 0xFF, 0xFF,
    0xDE, 0x4A, 0x9E, 0x21, 0x9E, 0x63, 0x3F, 0xE7, 0x9E, 0x21, 0x9E, 0x21, 0x9E, 0x21, 0x9E, 0x21,
    0xFF, 0xFF, 0x7E, 0x3A, 0x9E, 0x21, 0x7E, 0x3A, 0xFF, 0xFF, 0x7E, 0x3A, 0x9E, 0x21, 0x3F, 0x9D,
    0x9F, 0xAD, 0x1E, 0x32, 0xFF, 0xFF, 0x1E, 0x74, 0x3E, 0x5B, 0x9F, 0xAD, 0x9F, 0xAD, 0x9E, 0x21,
    0xBE, 0x21, 0x9E, 0x21, 0x3E, 0x5B, 0xFF, 0xFF, 0x9E, 0x21, 0x1E, 0x32, 0xFF, 0xFF, 0xDE, 0x4A,
    0x9E, 0x21, 0x9E, 0x63, 0x3F, 0xE7, 0x9E, 0x21, 0x7F, 0xCE, 0xFE, 0x73, 0x9E, 0x21, 0x3F, 0xE7,
    0x3E, 0x5B, 0x9E, 0x63, 0xDF, 0xD6, 0x9E, 0x21, 0x9E, 0x21, 0x9F, 0xAD, 0x3F, 0x9D, 0x3E, 0x5B,
    0x9F, 0xF7, 0x9E, 0x21, 0x9F, 0xF7, 0x3F, 0x9D, 0x7E, 0x84, 0x7E, 0x84, 0xFF, 0xBD, 0x9E, 0x21,
    0x3F, 0xE7, 0x3E, 0x5B, 0x7E, 0x3A, 0xFF, 0xFF, 0xDE, 0x4A, 0x9E, 0x21, 0xDF, 0x94, 0x9F, 0xAD,
    0x9E, 0x21, 0xFF, 0xFF, 0x7E, 0x3A, 0x9E, 0x21, 0x9F, 0xF7, 0xDE, 0x4A, 0x9E, 0x21, 0x9E, 0x21,
    0x9E, 0x21, 0x9E, 0x21, 0x9E, 0x21, 0xBE, 0x21, 0x9E, 0x21, 0x9E, 0x21, 0x9E, 0x21, 0xDF, 0xFF,
    0xDF, 0xFF, 0xDF, 0xFF, 0xDF, 0xFF, 0xDF, 0xFF, 0xDF, 0xFF, 0xDF, 0xFF, 0xBE, 0xF7, 0xBE, 0xF7,
    0xBE, 0xF7, 0xBE, 0xF7, 0xBE, 0xF7, 0xBE, 0xF7, 0xBE, 0xF7, 0xBE, 0xF7, 0xBE, 0xF7, 0xBE, 0xF7,
    0x9E, 0xF7, 0x9E, 0xF7, 0x9E, 0xF7, 0x9E, 0xF7, 0x9E, 0xF7, 0x9E, 0xF7, 0x9E, 0xF7, 0x9E, 0xF7,
    0x9E, 0xF7, 0x7D, 0xEF, 0x7D, 0xEF, 0x7D, 0xEF, 0x7D, 0xEF, 0x7D, 0xEF, 0x7D, 0xEF, 0x7D, 0xEF,
    0x7D, 0xEF, 0x7D, 0xEF, 0x5D, 0xEF, 0x7D, 0xEF, 0x5D, 0xEF, 0x5D, 0xEF, 0x5D, 0xEF, 0x5D, 0xEF,
    0x5D, 0xEF, 0x5D, 0xEF, 0x5D, 0xEF, 0x3C, 0xE7, 0x5D, 0xEF, 0x5D, 0xEF, 0x3C, 0xE7, 0x3C, 0xE7,
    0x3C, 0xE7, 0x3C, 0xE7, 0x3C, 0xE7, 0x3C, 0xE7, 0x3C, 0xE7, 0x3C, 0xE7, 0x3C, 0xE7, 0x1C, 0xE7,
    0x1C, 0xE7, 0x1C, 0xE7, 0x1C, 0xE7, 0x1C, 0xE7, 0x1C, 0xE7, 0x1C, 0xE7, 0x1C, 0xE7, 0x1C, 0xE7,
    0xFB, 0xDE, 0x1C, 0xE7, 0xFB, 0xDE, 0xFB, 0xDE, 0xFB, 0xDE, 0xFB, 0xDE, 0xFB, 0xDE, 0xFB, 0xDE,
    0xFB, 0xDE, 0xFB, 0xDE, 0xFB, 0xDE, 0xFB, 0xDE, 0xFB, 0xDE, 0xFB, 0xDE, 0xDB, 0xDE, 0xFB, 0xDE,
    0xDB, 0xDE, 0xDB, 0xDE, 0xDB, 0xDE, 0xDB, 0xDE, 0xDB, 0xDE, 0xDB, 0xDE, 0xDB, 0xDE, 0xDB, 0xDE,
    0xDB, 0xDE, 0xDB, 0xDE, 0xDB, 0xDE, 0xDB, 0xDE, 0xDB, 0xDE, 0xDB, 0xDE, 0xDB, 0xDE, 0xDB, 0xDE,
    0xDB, 0xDE, 0xDB, 0xDE, 0xDB, 0xDE, 0xDB, 0xDE, 0xDB, 0xDE, 0xDB, 0xDE, 0xDB, 0xDE, 0xDB, 0xDE,
    0xFB, 0xDE, 0xFB, 0xDE, 0xFB, 0xDE, 0xFB, 0xDE, 0xFB, 0xDE, 0xFB, 0xDE, 0xFB, 0xDE, 0xFB, 0xDE,
    0xFB, 0xDE, 0xFB, 0xDE, 0xFB, 0xDE, 0xFB, 0xDE, 0xFB, 0xDE, 0x1C, 0xE7, 0x1C, 0xE7, 0x1C, 0xE7,
    0x1C, 0xE7, 0x1C, 0xE7, 0x1C, 0xE7, 0x1C, 0xE7, 0x1C, 0xE7, 0x1C, 0xE7, 0x1C, 0xE7, 0x1C, 0xE7,
    0x1C, 0xE7, 0x3C, 0xE7, 0x3C, 0xE7, 0x3C, 0xE7, 0x3C, 0xE7, 0x3C, 0xE7, 0x3C, 0xE7, 0x3C, 0xE7,
    0x3C, 0xE7, 0x3C, 0xE7, 0x3C, 0xE7, 0x3C, 0xE7, 0x5D, 0xEF, 0x5D, 0xEF, 0x5D, 0xEF, 0x5D, 0xEF,
    0x5D, 0xEF, 0x5D, 0xEF, 0x5D, 0xEF, 0x5D, 0xEF, 0x5D, 0xEF, 0x7D, 0xEF, 0x7D, 0xEF, 0x7D, 0xEF,
    0x7D, 0xEF, 0x7D, 0xEF, 0x7D, 0xEF, 0x7D, 0xEF, 0x7D, 0xEF, 0x7D, 0xEF, 0x7D, 0xEF, 0x9E, 0xF7,
    0x9E, 0xF7, 0x9E, 0xF7, 0x9E, 0xF7, 0x9E, 0xF7, 0x9E, 0xF7, 0x9E, 0xF7, 0x9E, 0xF7, 0xBE, 0xF7,
    0xBE, 0xF7, 0xBE, 0xF7, 0xBE, 0xF7, 0xBE, 0xF7, 0xBE, 0xF7, 0xBE, 0xF7, 0xBE, 0xF7, 0xBE, 0xF7,
    0xDF, 0xFF, 0xDF, 0xFF, 0xDF, 0xFF, 0xDF, 0xFF, 0xDF, 0xFF, 0xDF, 0xFF, 0xDF, 0xFF, 0x7F, 0xEF,
    0xFE, 0x29, 0x9E, 0x21, 0x9E, 0x21, 0x9E, 0x21, 0x9E, 0x21, 0x9E, 0x21, 0x9E, 0x21, 0x9E, 0x21,
    0x9E, 0x21, 0xFE, 0x73, 0x9F, 0xF7, 0xBE, 0x21, 0x9E, 0x21, 0x9E, 0x21, 0x9E, 0x21, 0xDE, 0x4A,
    0xFF, 0xFF, 0x9E, 0x21, 0x9E, 0x21, 0x3E, 0x5B, 0x3F, 0xE7, 0x9E, 0x21, 0x7F, 0xCE, 0x1E, 0x74,
    0xBE, 0x21, 0x7E, 0x3A, 0xFF, 0xFF, 0x9E, 0x21, 0xFE, 0x73, 0x7F, 0xCE, 0x9E, 0x21, 0x9E, 0x21,
    0x3F, 0xE7, 0x1E, 0x74, 0xFE, 0x73, 0x9F, 0xF7, 0xDF, 0x94, 0xDF, 0x94, 0xDF, 0x94, 0xDE, 0x4A,
    0x9F, 0xAD, 0x9F, 0xAD, 0x9E, 0x21, 0x9E, 0x21, 0x9E, 0x21, 0x3E, 0x5B, 0x3F, 0xE7, 0x9E, 0x21,
    0x9E, 0x21, 0x9E, 0x21, 0x9E, 0x21, 0x9E, 0x21, 0x9F, 0xAD, 0xDF, 0x94, 0x9E, 0x21, 0x7E, 0x3A,
    0xFF, 0xFF, 0x1E, 0x2A, 0x9E, 0x21, 0x3E, 0x5B, 0xFF, 0xFF, 0x9E, 0x21, 0x9E, 0x21, 0x9E, 0x21,
    0xBE, 0x21, 0xFF, 0xFF, 0x7E, 0x3A, 0x9E, 0x21, 0x7E, 0x3A, 0xFF, 0xFF, 0x9E, 0x21, 0x9E, 0x21,
    0xDF, 0x94, 0x9F, 0xAD, 0x7E, 0x3A, 0xFF, 0xFF, 0x3F, 0x9D, 0xDF, 0x94, 0xDF, 0x94, 0x9E, 0x63,
    0x9E, 0x21, 0x9E, 0x21, 0x9E, 0x21, 0x3E, 0x5B, 0xFF, 0xFF, 0x9E, 0x21, 0x7E, 0x3A, 0xFF, 0xFF,
    0x1E, 0x2A, 0x9E, 0x21, 0x3E, 0x5B, 0xFF, 0xFF, 0x9E, 0x21, 0x7F, 0xCE, 0xFE, 0x73, 0x9E, 0x21,
    0x3F, 0xE7, 0x3E, 0x5B, 0x7E, 0x84, 0x7F, 0xCE, 0x9E, 0x21, 0x9E, 0x21, 0xDF, 0x94, 0x9F, 0xAD,
    0x9E, 0x21, 0x9F, 0xF7, 0x7E, 0x84, 0x7F, 0xCE, 0x3E, 0x5B, 0xFF, 0xBD, 0x7F, 0xCE, 0xFE, 0x73,
    0xBE, 0x21, 0x3F, 0xE7, 0x3E, 0x5B, 0x7E, 0x3A, 0xFF, 0xFF, 0x1E, 0x32, 0x9E, 0x21, 0xDF, 0x94,
    0x9F, 0xAD, 0x9E, 0x21, 0x3F, 0x9D, 0xDF, 0xD6, 0x7F, 0xCE, 0x7F, 0xCE, 0xBE, 0x21, 0x9E, 0x21,
    0x9E, 0x21, 0x9E, 0x21, 0x9E, 0x21, 0x9E, 0x21, 0x9E, 0x21, 0x9E, 0x21, 0x9E, 0x21, 0x9E, 0x21,
    0xDF, 0xFF, 0xDF, 0xFF, 0xDF, 0xFF, 0xDF, 0xFF, 0xDF, 0xFF, 0xDF, 0xFF, 0xDF, 0xFF, 0xDF, 0xFF,
    0xBE, 0xF7, 0xBE, 0xF7, 0xBE, 0xF7, 0xBE, 0xF7, 0xBE, 0xF7, 0xBE, 0xF7, 0xBE, 0xF7, 0xBE, 0xF7,
    0x9E, 0xF7, 0xBE, 0xF7, 0x9E, 0xF7, 0x9E, 0xF7, 0x9E, 0xF7, 0x9E, 0xF7, 0x9E, 0xF7, 0x9E, 0xF7,
    0x9E, 0xF7, 0x7D, 0xEF, 0x7D, 0xEF, 0x7D, 0xEF, 0x7D, 0xEF, 0x7D, 0xEF, 0x7D, 0xEF, 0x7D, 0xEF,
    0x7D, 0xEF, 0x5D, 0xEF, 0x7D, 0xEF, 0x5D, 0xEF, 0x5D, 0xEF, 0x5D, 0xEF, 0x5D, 0xEF, 0x5D, 0xEF,
    0x5D, 0xEF, 0x5D, 0xEF, 0x5D, 0xEF, 0x5D, 0xEF, 0x3C, 0xE7, 0x3C, 0xE7, 0x3C, 0xE7, 0x3C, 0xE7,
    0x3C, 0xE7, 0x3C, 0xE7, 0x3C, 0xE7, 0x3C, 0xE7, 0x3C, 0xE7, 0x1C, 0xE7, 0x1C, 0xE7, 0x1C, 0xE7,
    0x1C, 0xE7, 0x1C, 0xE7, 0x1C, 0xE7, 0x1C, 0xE7, 0x1C, 0xE7, 0x1C, 0xE7, 0x1C, 0xE7, 0x1C, 0xE7,
    0xFB, 0xDE, 0xFB, 0xDE, 0xFB, 0xDE, 0xFB, 0xDE, 0xFB, 0xDE, 0xFB, 0xDE, 0xFB, 0xDE, 0xFB, 0xDE,
    0xFB, 0xDE, 0xFB, 0xDE, 0xFB, 0xDE, 0xFB, 0xDE, 0xFB, 0xDE, 0xFB, 0xDE, 0xDB, 0xDE, 0xFB, 0xDE,
    0xDB, 0xDE, 0xDB, 0xDE, 0xDB, 0xDE, 0xDB, 0xDE, 0xDB, 0xDE, 0xDB, 0xDE, 0xDB, 0xDE, 0xDB, 0xDE,
    0xDB, 0xDE, 0xDB, 0xDE, 0xDB, 0xDE, 0xDB, 0xDE, 0xDB, 0xDE, 0xDB, 0xDE, 0xDB, 0xDE, 0xDB, 0xDE,
    0xDB, 0xDE, 0xDB, 0xDE, 0xDB, 0xDE, 0xDB, 0xDE, 0xDB, 0xDE, 0xDB, 0xDE, 0xDB, 0xDE, 0xDB, 0xDE,
    0xDB, 0xDE, 0xDB, 0xDE, 0xDB, 0xDE, 0xFB, 0xDE, 0xFB, 0xDE, 0xFB, 0xDE, 0xFB, 0xDE, 0xFB, 0xDE,
    0xFB, 0xDE, 0xFB, 0xDE, 0xFB, 0xDE, 0xFB, 0xDE, 0xFB, 0xDE, 0xFB, 0xDE, 0xFB, 0xDE, 0x1C, 0xE7,
    0x1C, 0xE7, 0x1C, 0xE7, 0x1C, 0xE7, 0x1C, 0xE7, 0x1C, 0xE7, 0x1C, 0xE7, 0x1C, 0xE7, 0x1C, 0xE7,
    0x1C, 0xE7, 0x1C, 0xE7, 0x1C, 0xE7, 0x3C, 0xE7, 0x3C, 0xE7, 0x3C, 0xE7, 0x3C, 0xE7, 0x3C, 0xE7,
    0x3C, 0xE7, 0x3C, 0xE7, 0x3C, 0xE7, 0x5D, 0xEF, 0x3C, 0xE7, 0x5D, 0xEF, 0x5D, 0xEF, 0x5D, 0xEF,
    0x5D, 0xEF, 0x5D, 0xEF, 0x5D, 0xEF, 0x5D, 0xEF, 0x5D, 0xEF, 0x5D, 0xEF, 0x7D, 0xEF, 0x7D, 0xEF,
    0x7D, 0xEF, 0x7D, 0xEF, 0x7D, 0xEF, 0x7D, 0xEF, 0x7D, 0xEF, 0x7D, 0xEF, 0x7D, 0xEF, 0x7D, 0xEF,
    0x9E, 0xF7, 0x9E, 0xF7, 0x9E, 0xF7, 0x9E, 0xF7, 0x9E, 0xF7, 0x9E, 0xF7, 0xBE, 0xF7, 0x9E, 0xF7,
    0xBE, 0xF7, 0xBE, 0xF7, 0xBE, 0xF7, 0xBE, 0xF7, 0xBE, 0xF7, 0xBE, 0xF7, 0xBE, 0xF7, 0xBE, 0xF7,
    0xDF, 0xFF, 0xDF, 0xFF, 0xDF, 0xFF, 0xDF, 0xFF, 0xDF, 0xFF, 0xDF, 0xFF, 0xDF, 0xFF, 0xDF, 0xFF,
    0xDF, 0xFF, 0x5E, 0x84, 0x9E, 0x21, 0x9E, 0x21, 0x9E, 0x21, 0x9E, 0x21, 0x9E, 0x21, 0x9E, 0x21,
    0x9E, 0x21, 0x9E, 0x21, 0x1E, 0x32, 0x9F, 0xF7, 0xDF, 0x94, 0x9E, 0x21, 0x9E, 0x21, 0x1E, 0x32,
    0x1E, 0x32, 0x9F, 0xF7, 0x3E, 0x5B, 0x9E, 0x21, 0x3F, 0x9D, 0x7F, 0xCE, 0x9E, 0x21, 0x7F, 0xCE,
    0x1E, 0x74, 0x9E, 0x21, 0x7E, 0x3A, 0xFF, 0xFF, 0x9E, 0x21, 0xFE, 0x73, 0x7F, 0xCE, 0x9E, 0x21,
    0x9E, 0x21, 0x3F, 0xE7, 0xFE, 0x73, 0x3E, 0x5B, 0x9F, 0xF7, 0x7E, 0x3A, 0x9E, 0x21, 0x1E, 0x2A,
    0x9E, 0x21, 0x7E, 0x84, 0x7F, 0xCE, 0x9E, 0x21, 0xBE, 0x21, 0x1E, 0x32, 0xDE, 0x4A, 0x9F, 0xF7,
    0x9E, 0x21, 0x9E, 0x21, 0x9E, 0x21, 0x9E, 0x21, 0x9E, 0x21, 0x9F, 0xAD, 0x3F, 0x9D, 0x9E, 0x21,
    0x9E, 0x21, 0x9F, 0xF7, 0x3E, 0x5B, 0xBE, 0x21, 0x7E, 0x84, 0x7F, 0xCE, 0x9E, 0x21, 0x9E, 0x21,
    0x9E, 0x21, 0x9E, 0x21, 0xFF, 0xFF, 0xDE, 0x4A, 0x9E, 0x21, 0x7E, 0x3A, 0xFF, 0xFF, 0x9E, 0x21,
    0x9E, 0x21, 0xDF, 0x94, 0x9F, 0xAD, 0xBE, 0x21, 0x9F, 0xF7, 0x3E, 0x5B, 0x9E, 0x21, 0xBE, 0x21,
    0x1E, 0x32, 0x9E, 0x21, 0x9E, 0x21, 0xBE, 0x21, 0x3E, 0x5B, 0xFF, 0xFF, 0x9E, 0x21, 0x9E, 0x21,
    0x9F, 0xF7, 0x3E, 0x5B, 0x9E, 0x21, 0x7E, 0x84, 0x7F, 0xCE, 0x9E, 0x21, 0x7F, 0xCE, 0x1E, 0x74,
    0x9E, 0x21, 0x3F, 0xE7, 0x3E, 0x5B, 0x3E, 0x5B, 0x9F, 0xF7, 0x7E, 0x3A, 0x9E, 0x21, 0xDF, 0xD6,
    0x1E, 0x74, 0x9E, 0x21, 0x9F, 0xAD, 0xDF, 0xD6, 0x7E, 0x84, 0x1E, 0x32, 0xDF, 0xD6, 0x9F, 0xF7,
    0x7E, 0x3A, 0xBE, 0x21, 0x3F, 0xE7, 0x3E, 0x5B, 0x7E, 0x3A, 0xFF, 0xFF, 0x9E, 0x21, 0x9E, 0x21,
    0xDF, 0x94, 0x9F, 0xAD, 0x9E, 0x21, 0xFF, 0xBD, 0x1E, 0x74, 0x7E, 0x3A, 0x9E, 0x21, 0x9E, 0x21,
    0xBE, 0x21, 0x9E, 0x21, 0x9E, 0x21, 0x9E, 0x21, 0x9E, 0x21, 0x9E, 0x21, 0x9E, 0x21, 0x9E, 0x21,
    0x9E, 0x21, 0xDF, 0xFF, 0xDF, 0xFF, 0xDF, 0xFF, 0xDF, 0xFF, 0xDF, 0xFF, 0xBE, 0xF7, 0xBE, 0xF7,
    0xBE, 0xF7, 0xBE, 0xF7, 0xBE, 0xF7, 0xBE, 0xF7, 0xBE, 0xF7, 0xBE, 0xF7, 0xBE, 0xF7, 0xBE, 0xF7,
    0xBE, 0xF7, 0x9E, 0xF7, 0x9E, 0xF7, 0x9E, 0xF7, 0x9E, 0xF7, 0x9E, 0xF7, 0x9E, 0xF7, 0x9E, 0xF7,
    0x9E, 0xF7, 0x9E, 0xF7, 0x7D, 0xEF, 0x7D, 0xEF, 0x7D, 0xEF, 0x7D, 0xEF, 0x7D, 0xEF, 0x7D, 0xEF,
    0x7D, 0xEF, 0x7D, 0xEF, 0x7D, 0xEF, 0x5D, 0xEF, 0x5D, 0xEF, 0x5D, 0xEF, 0x5D, 0xEF, 0x5D, 0xEF,
    0x5D, 0xEF, 0x5D, 0xEF, 0x5D, 0xEF, 0x5D, 0xEF, 0x3C, 0xE7, 0x3C, 0xE7, 0x3C, 0xE7, 0x3C, 0xE7,
    0x3C, 0xE7, 0x3C, 0xE7, 0x3C, 0xE7, 0x3C, 0xE7, 0x1C, 0xE7, 0x3C, 0xE7, 0x1C, 0xE7, 0x1C, 0xE7,
    0x1C, 0xE7, 0x1C, 0xE7, 0x1C, 0xE7, 0x1C, 0xE7, 0x1C, 0xE7, 0x1C, 0xE7, 0xFB, 0xDE, 0x1C, 0xE7,
    0xFB, 0xDE, 0xFB, 0xDE, 0xFB, 0xDE, 0xFB, 0xDE, 0xFB, 0xDE, 0xFB, 0xDE, 0xFB, 0xDE, 0xFB, 0xDE,
    0xFB, 0xDE, 0xFB, 0xDE, 0xFB, 0xDE, 0xFB, 0xDE, 0xDB, 0xDE, 0xDB, 0xDE, 0xDB, 0xDE, 0xDB, 0xDE,
    0xDB, 0xDE, 0xDB, 0xDE, 0xDB, 0xDE, 0xDB, 0xDE, 0xDB, 0xDE, 0xDB, 0xDE, 0xDB, 0xDE, 0xDB, 0xDE,
    0xDB, 0xDE, 0xDB, 0xDE, 0xDB, 0xDE, 0xDB, 0xDE, 0xDB, 0xDE, 0xDB, 0xDE, 0xDB, 0xDE, 0xDB, 0xDE,
    0xDB, 0xDE, 0xDB, 0xDE, 0xDB, 0xDE, 0xDB, 0xDE, 0xDB, 0xDE, 0xDB, 0xDE, 0xDB, 0xDE, 0xDB, 0xDE,
    0xDB, 0xDE, 0xDB, 0xDE, 0xDB, 0xDE, 0xFB, 0xDE, 0xDB, 0xDE, 0xFB, 0xDE, 0xDB, 0xDE, 0xFB, 0xDE,
    0xFB, 0xDE, 0xFB, 0xDE, 0xFB, 0xDE, 0xFB, 0xDE, 0xFB, 0xDE, 0xFB, 0xDE, 0xFB, 0xDE, 0xFB, 0xDE,
    0xFB, 0xDE, 0x1C, 0xE7, 0x1C, 0xE7, 0x1C, 0xE7, 0x1C, 0xE7, 0x1C, 0xE7, 0x1C, 0xE7, 0x1C, 0xE7,
    0x1C, 0xE7, 0x1C, 0xE7, 0x1C, 0xE7, 0x1C, 0xE7, 0x1C, 0xE7, 0x3C, 0xE7, 0x3C, 0xE7, 0x3C, 0xE7,
    0x3C, 0xE7, 0x3C, 0xE7, 0x3C, 0xE7, 0x3C, 0xE7, 0x3C, 0xE7, 0x5D, 0xEF, 0x5D, 0xEF, 0x5D, 0xEF,
    0x5D, 0xEF, 0x5D, 0xEF, 0x5D, 0xEF, 0x5D, 0xEF, 0x5D, 0xEF, 0x5D, 0xEF, 0x7D, 0xEF, 0x7D, 0xEF,
    0x7D, 0xEF, 0x7D, 0xEF, 0x7D, 0xEF, 0x7D, 0xEF, 0x7D, 0xEF, 0x7D, 0xEF, 0x7D, 0xEF, 0x9E, 0xF7,
    0x9E, 0xF7, 0x9E, 0xF7, 0x9E, 0xF7, 0x9E, 0xF7, 0x9E, 0xF7, 0x9E, 0xF7, 0x9E, 0xF7, 0x9E, 0xF7,
    0xBE, 0xF7, 0xBE, 0xF7, 0xBE, 0xF7, 0xBE, 0xF7, 0xBE, 0xF7, 0xBE, 0xF7, 0xBE, 0xF7, 0xBE, 0xF7,
    0xDF, 0xFF, 0xDF, 0xFF, 0xDF, 0xFF, 0xDF, 0xFF, 0xDF, 0xFF, 0xDF, 0xFF, 0xDF, 0xFF, 0xDF, 0xFF,
    0xDF, 0xFF, 0xDF, 0xFF, 0x5F, 0xC6, 0x9E, 0x21, 0x9E, 0x21, 0x9E, 0x21, 0x9E, 0x21, 0xBE, 0x21,
    0x9E, 0x21, 0x9E, 0x21, 0x9E, 0x21, 0x9E, 0x21, 0x9E, 0x63, 0x3F, 0xE7, 0x9F, 0xF7, 0x9F, 0xF7,
    0xFF, 0xBD, 0x9E, 0x21, 0xFE, 0x73, 0x3F, 0xE7, 0x3F, 0xE7, 0x3F, 0xE7, 0x7E, 0x3A, 0x9E, 0x21,
    0x7F, 0xCE, 0xFE, 0x73, 0x9E, 0x21, 0x7E, 0x3A, 0xFF, 0xFF, 0x9E, 0x21, 0xFE, 0x73, 0x7F, 0xCE,
    0x9E, 0x21, 0x9E, 0x21, 0x3F, 0xE7, 0x1E, 0x74, 0x9E, 0x21, 0xDF, 0x94, 0x9F, 0xF7, 0xDF, 0xD6,
    0x3F, 0xE7, 0x1E, 0x32, 0x1E, 0x32, 0xFF, 0xBD, 0x9F, 0xF7, 0x9F, 0xF7, 0x9E, 0x63, 0x1E, 0x32,
    0x3F, 0xE7, 0x9F, 0xF7, 0x7E, 0x84, 0x9E, 0x21, 0x9E, 0x21, 0x9E, 0x21, 0x1E, 0x74, 0xFF, 0xFF,
    0x3F, 0xE7, 0x7E, 0x3A, 0x9E, 0x63, 0x3F, 0xE7, 0x3F, 0xE7, 0x3F, 0xE7, 0x7E, 0x3A, 0x9E, 0x21,
    0x9E, 0x21, 0x9E, 0x21, 0x9E, 0x21, 0x7F, 0xCE, 0x9F, 0xF7, 0xFF, 0xBD, 0x7E, 0x3A, 0xFF, 0xFF,
    0x9E, 0x21, 0xBE, 0x21, 0xDF, 0x94, 0x9F, 0xAD, 0x9E, 0x21, 0x9E, 0x6B, 0x3F, 0xE7, 0xDF, 0xD6,
    0x9F, 0xF7, 0x9E, 0x63, 0x9E, 0x21, 0x9E, 0x21, 0x9E, 0x21, 0x3E, 0x5B, 0xFF, 0xFF, 0x9E, 0x21,
    0x9E, 0x21, 0x9E, 0x6B, 0x3F, 0xE7, 0x3F, 0xE7, 0x3F, 0xE7, 0x7E, 0x3A, 0xBE, 0x21, 0x7F, 0xCE,
    0xFE, 0x73, 0xBE, 0x21, 0x3F, 0xE7, 0x3E, 0x5B, 0x9E, 0x21, 0xDF, 0x94, 0x9F, 0xF7, 0x9F, 0xF7,
    0x7F, 0xCE, 0x1E, 0x32, 0x9E, 0x21, 0xFE, 0x73, 0xFF, 0xFF, 0xDE, 0x4A, 0x9E, 0x21, 0x7F, 0xCE,
    0xDF, 0xD6, 0xBE, 0x21, 0xBE, 0x21, 0x3F, 0xE7, 0x3E, 0x5B, 0x7E, 0x3A, 0xFF, 0xFF, 0x9E, 0x21,
    0x9E, 0x21, 0xDF, 0x94, 0x9F, 0xAD, 0x9E, 0x21, 0x9F, 0xAD, 0xFF, 0xFF, 0xFF, 0xFF, 0x9F, 0xF7,
    0x7F, 0x84, 0x9E, 0x21, 0x9E, 0x21, 0x9E, 0x21, 0x9E, 0x21, 0xBE, 0x21, 0x9E, 0x21, 0x9E, 0x21,
    0x9E, 0x21, 0x9E, 0x21, 0xDF, 0xFF, 0xDF, 0xFF, 0xDF, 0xFF, 0xDF, 0xFF, 0xDF, 0xFF, 0xBE, 0xF7,
    0xBE, 0xF7, 0xBE, 0xF7, 0xBE, 0xF7, 0xBE, 0xF7, 0xBE, 0xF7, 0xBE, 0xF7, 0xBE, 0xF7, 0xBE, 0xF7,
    0x9E, 0xF7, 0x9E, 0xF7, 0x9E, 0xF7, 0x9E, 0xF7, 0x9E, 0xF7, 0x9E, 0xF7, 0x9E, 0xF7, 0x9E, 0xF7,
    0x9E, 0xF7, 0x7D, 0xEF, 0x7D, 0xEF, 0x7D, 0xEF, 0x7D, 0xEF, 0x7D, 0xEF, 0x7D, 0xEF, 0x7D, 0xEF,
    0x7D, 0xEF, 0x7D, 0xEF, 0x5D, 0xEF, 0x5D, 0xEF, 0x5D, 0xEF, 0x5D, 0xEF, 0x5D, 0xEF, 0x5D, 0xEF,
    0x5D, 0xEF, 0x5D, 0xEF, 0x5D, 0xEF, 0x5D, 0xEF, 0x3C, 0xE7, 0x3C, 0xE7, 0x3C, 0xE7, 0x3C, 0xE7,
    0x3C, 0xE7, 0x3C, 0xE7, 0x3C, 0xE7, 0x3C, 0xE7, 0x3C, 0xE7, 0x1C, 0xE7, 0x1C, 0xE7, 0x1C, 0xE7,
    0x1C, 0xE7, 0x1C, 0xE7, 0x1C, 0xE7, 0x1C, 0xE7, 0x1C, 0xE7, 0x1C, 0xE7, 0xFB, 0xDE, 0x1C, 0xE7,
    0xFB, 0xDE, 0xFB, 0xDE, 0xFB, 0xDE, 0xFB, 0xDE, 0xFB, 0xDE, 0xFB, 0xDE, 0xFB, 0xDE, 0xFB, 0xDE,
    0xFB, 0xDE, 0xFB, 0xDE, 0xDB, 0xDE, 0xDB, 0xDE, 0xDB, 0xDE, 0xDB, 0xDE, 0xDB, 0xDE, 0xDB, 0xDE,
    0xDB, 0xDE, 0xDB, 0xDE, 0xDB, 0xDE, 0xDB, 0xDE, 0xDB, 0xDE, 0xDB, 0xDE, 0xDB, 0xDE, 0xDB, 0xDE,
    0xDB, 0xDE, 0xDB, 0xDE, 0xDB, 0xDE, 0xDB, 0xDE, 0xDB, 0xDE, 0xDB, 0xDE, 0xDB, 0xDE, 0xDB, 0xDE,
    0xDB, 0xDE, 0xDB, 0xDE, 0xDB, 0xDE, 0xDB, 0xDE, 0xDB, 0xDE, 0xDB, 0xDE, 0xDB, 0xDE, 0xDB, 0xDE,
    0xDB, 0xDE, 0xDB, 0xDE, 0xDB, 0xDE, 0xDB, 0xDE, 0xFB, 0xDE, 0xDB, 0xDE, 0xDB, 0xDE, 0xFB, 0xDE,
    0xFB, 0xDE, 0xFB, 0xDE, 0xFB, 0xDE, 0xFB, 0xDE, 0xFB, 0xDE, 0xFB, 0xDE, 0xFB, 0xDE, 0xFB, 0xDE,
    0xFB, 0xDE, 0x1C, 0xE7, 0xFB, 0xDE, 0x1C, 0xE7, 0x1C, 0xE7, 0x1C, 0xE7, 0x1C, 0xE7, 0x1C, 0xE7,
    0x1C, 0xE7, 0x1C, 0xE7, 0x1C, 0xE7, 0x1C, 0xE7, 0x3C, 0xE7, 0x3C, 0xE7, 0x3C, 0xE7, 0x3C, 0xE7,
    0x3C, 0xE7, 0x3C, 0xE7, 0x3C, 0xE7, 0x3C, 0xE7, 0x3C, 0xE7, 0x3C, 0xE7, 0x5D, 0xEF, 0x5D, 0xEF,
    0x5D, 0xEF, 0x5D, 0xEF, 0x5D, 0xEF, 0x5D, 0xEF, 0x5D, 0xEF, 0x5D, 0xEF, 0x5D, 0xEF, 0x7D, 0xEF,
    0x7D, 0xEF, 0x7D, 0xEF, 0x7D, 0xEF, 0x7D, 0xEF, 0x7D, 0xEF, 0x7D, 0xEF, 0x7D, 0xEF, 0x7D, 0xEF,
    0x9E, 0xF7, 0x9E, 0xF7, 0x9E, 0xF7, 0x9E, 0xF7, 0x9E, 0xF7, 0x9E, 0xF7, 0x9E, 0xF7, 0x9E, 0xF7,
    0x9E, 0xF7, 0xBE, 0xF7, 0xBE, 0xF7, 0xBE, 0xF7, 0xBE, 0xF7, 0xBE, 0xF7, 0xBE, 0xF7, 0xBE, 0xF7,
    0xBE, 0xF7, 0xBE, 0xF7, 0xBE, 0xF7, 0xDF, 0xFF, 0xDF, 0xFF, 0xDF, 0xFF, 0xDF, 0xFF, 0xDF, 0xFF,
    0xDF, 0xFF, 0xDF, 0xFF, 0xDF, 0xFF, 0xFF, 0xFF, 0xDE, 0x4A, 0x9E, 0x21, 0x9E, 0x21, 0x9E, 0x21,
    0xBE, 0x21, 0x9E, 0x21, 0x9E, 0x21, 0xBE, 0x21, 0x9E, 0x21, 0x9E, 0x21, 0xBE, 0x21, 0x1E, 0x32,
    0x1E, 0x32, 0x9E, 0x21, 0x9E, 0x21, 0x9E, 0x21, 0x9E, 0x21, 0x7E, 0x3A, 0x9E, 0x21, 0x9E, 0x21,
    0x9E, 0x21, 0x9E, 0x21, 0x9E, 0x21, 0x9E, 0x21, 0xBE, 0x21, 0xBE, 0x21, 0x9E, 0x21, 0xBE, 0x21,
    0x9E, 0x21, 0x9E, 0x21, 0x9E, 0x21, 0x9E, 0x21, 0x9E, 0x21, 0x9E, 0x21, 0x9E, 0x21, 0x9E, 0x21,
    0x7E, 0x3A, 0x9E, 0x21, 0x9E, 0x21, 0x9E, 0x21, 0x9E, 0x21, 0x1E, 0x32, 0x1E, 0x2A, 0xBE, 0x21,
    0x9E, 0x21, 0x9E, 0x21, 0x7E, 0x3A, 0x9E, 0x21, 0x9E, 0x21, 0x9E, 0x21, 0x9E, 0x21, 0x9E, 0x21,
    0x1E, 0x2A, 0x1E, 0x32, 0x9E, 0x21, 0x9E, 0x21, 0x9E, 0x21, 0x7E, 0x3A, 0x9E, 0x21, 0x9E, 0x21,
    0x9E, 0x21, 0x9E, 0x21, 0x9E, 0x21, 0x9E, 0x21, 0x9E, 0x21, 0x1E, 0x32, 0x9E, 0x21, 0x9E, 0x21,
    0x9E, 0x21, 0x9E, 0x21, 0x9E, 0x21, 0x9E, 0x21, 0x9E, 0x21, 0x9E, 0x21, 0xBE, 0x21, 0x9E, 0x21,
    0x7E, 0x3A, 0x1E, 0x32, 0x9E, 0x21, 0x9E, 0x21, 0x9E, 0x21, 0xBE, 0x21, 0xBE, 0x21, 0xBE, 0x21,
    0x9E, 0x21, 0xBE, 0x21, 0x9E, 0x21, 0x9E, 0x21, 0x7E, 0x3A, 0x9E, 0x21, 0x9E, 0x21, 0x9E, 0x21,
    0x9E, 0x21, 0x9E, 0x21, 0x9E, 0x21, 0x9E, 0x21, 0x9E, 0x21, 0x9E, 0x21, 0x9E, 0x21, 0x1E, 0x2A,
    0x1E, 0x32, 0x9E, 0x21, 0x9E, 0x21, 0x9E, 0x21, 0x9E, 0x21, 0x9E, 0x21, 0xBE, 0x21, 0x9E, 0x21,
    0x9E, 0x21, 0x9E, 0x21, 0x9E, 0x21, 0x9E, 0x21, 0x9E, 0x21, 0xBE, 0x21, 0x9E, 0x21, 0x9E, 0x21,
    0x9E, 0x21, 0x9E, 0x21, 0xBE, 0x21, 0x9E, 0x21, 0x1E, 0x74, 0xFF, 0xBD, 0x9E, 0x21, 0x9E, 0x21,
    0xBE, 0x6B, 0x7F, 0xCE, 0x9E, 0x21, 0x9E, 0x21, 0x9E, 0x21, 0x9E, 0x21, 0x9E, 0x21, 0xBE, 0x21,
    0x9E, 0x21, 0x9E, 0x21, 0x9E, 0x21, 0xDF, 0xFF, 0xDF, 0xFF, 0xDF, 0xFF, 0xDF, 0xFF, 0xBE, 0xF7,
    0xBE, 0xF7, 0xBE, 0xF7, 0xBE, 0xF7, 0xBE, 0xF7, 0xBE, 0xF7, 0xBE, 0xF7, 0xBE, 0xF7, 0xBE, 0xF7,
    0x9E, 0xF7, 0x9E, 0xF7, 0x9E, 0xF7, 0x9E, 0xF7, 0x9E, 0xF7, 0x9E, 0xF7, 0x9E, 0xF7, 0x9E, 0xF7,
    0x7D, 0xEF, 0x7D, 0xEF, 0x7D, 0xEF, 0x7D, 0xEF, 0x7D, 0xEF, 0x7D, 0xEF, 0x7D, 0xEF, 0x7D, 0xEF,
    0x7D, 0xEF, 0x5D, 0xEF, 0x5D, 0xEF, 0x5D, 0xEF, 0x5D, 0xEF, 0x5D, 0xEF, 0x5D, 0xEF, 0x5D, 0xEF,
    0x5D, 0xEF, 0x5D, 0xEF, 0x5D, 0xEF, 0x3C, 0xE7, 0x3C, 0xE7, 0x3C, 0xE7, 0x3C, 0xE7, 0x3C, 0xE7,
    0x3C, 0xE7, 0x3C, 0xE7, 0x3C, 0xE7, 0x3C, 0xE7, 0x3C, 0xE7, 0x3C, 0xE7, 0x1C, 0xE7, 0x1C, 0xE7,
    0x1C, 0xE7, 0x1C, 0xE7, 0x1C, 0xE7, 0x1C, 0xE7, 0x1C, 0xE7, 0xFB, 0xDE, 0xFB, 0xDE, 0xFB, 0xDE,
    0xFB, 0xDE, 0xFB, 0xDE, 0xFB, 0xDE, 0xFB, 0xDE, 0xFB, 0xDE, 0xFB, 0xDE, 0xFB, 0xDE, 0xFB, 0xDE,
    0xFB, 0xDE, 0xFB, 0xDE, 0xFB, 0xDE, 0xDB, 0xDE, 0xDB, 0xDE, 0xDB, 0xDE, 0xDB, 0xDE, 0xDB, 0xDE,
    0xDB, 0xDE, 0xDB, 0xDE, 0xDB, 0xDE, 0xDB, 0xDE, 0xDB, 0xDE, 0xDB, 0xDE, 0xDB, 0xDE, 0xDB, 0xDE,
    0xDB, 0xDE, 0xDB, 0xDE, 0xDB, 0xDE, 0xDB, 0xDE, 0xDB, 0xDE, 0xDB, 0xDE, 0xDB, 0xDE, 0xDB, 0xDE,
    0xDB, 0xDE, 0xDB, 0xDE, 0xDB, 0xDE, 0xDB, 0xDE, 0xDB, 0xDE, 0xDB, 0xDE, 0xDB, 0xDE, 0xDB, 0xDE,
    0xDB, 0xDE, 0xDB, 0xDE, 0xDB, 0xDE, 0xDB, 0xDE, 0xDB, 0xDE, 0xDB, 0xDE, 0xDB, 0xDE, 0xDB, 0xDE,
    0xFB, 0xDE, 0xFB, 0xDE, 0xFB, 0xDE, 0xFB, 0xDE, 0xFB, 0xDE, 0xFB, 0xDE, 0xFB, 0xDE, 0xFB, 0xDE,
    0xFB, 0xDE, 0xFB, 0xDE, 0xFB, 0xDE, 0x1C, 0xE7, 0xFB, 0xDE, 0x1C, 0xE7, 0x1C, 0xE7, 0x1C, 0xE7,
    0x1C, 0xE7, 0x1C, 0xE7, 0x1C, 0xE7, 0x1C, 0xE7, 0x1C, 0xE7, 0x1C, 0xE7, 0x3C, 0xE7, 0x3C, 0xE7,
    0x3C, 0xE7, 0x3C, 0xE7, 0x3C, 0xE7, 0x3C, 0xE7, 0x3C, 0xE7, 0x3C, 0xE7, 0x5D, 0xEF, 0x3C, 0xE7,
    0x5D, 0xEF, 0x5D, 0xEF, 0x5D, 0xEF, 0x5D, 0xEF, 0x5D, 0xEF, 0x5D, 0xEF, 0x5D, 0xEF, 0x5D, 0xEF,
    0x5D, 0xEF, 0x7D, 0xEF, 0x7D, 0xEF, 0x7D, 0xEF, 0x7D, 0xEF, 0x7D, 0xEF, 0x7D, 0xEF, 0x7D, 0xEF,
    0x7D, 0xEF, 0x9E, 0xF7, 0x9E, 0xF7, 0x9E, 0xF7, 0x9E, 0xF7, 0x9E, 0xF7, 0x9E, 0xF7, 0x9E, 0xF7,
    0x9E, 0xF7, 0xBE, 0xF7, 0xBE, 0xF7, 0xBE, 0xF7, 0xBE, 0xF7, 0xBE, 0xF7, 0xBE, 0xF7, 0xBE, 0xF7,
    0xBE, 0xF7, 0xBE, 0xF7, 0xBE, 0xF7, 0xDF, 0xFF, 0xDF, 0xFF, 0xDF, 0xFF, 0xDF, 0xFF, 0xDF, 0xFF,
    0xDF, 0xFF, 0xDF, 0xFF, 0xDF, 0xFF, 0xDF, 0xFF, 0xFF, 0xFF, 0xBE, 0x8C, 0x9E, 0x21, 0x9E, 0x21,
    0x9E, 0x21, 0x9E, 0x21, 0xBE, 0x21, 0xBE, 0x21, 0x9E, 0x21, 0x9E, 0x21, 0x9E, 0x21, 0x9E, 0x21,
    0x9E, 0x21, 0x9E, 0x21, 0x9E, 0x21, 0x9E, 0x21, 0x9E, 0x21, 0x9E, 0x21, 0x9E, 0x21, 0x9E, 0x21,
    0xBE, 0x21, 0xBE, 0x21, 0x9E, 0x21, 0x9E, 0x21, 0x9E, 0x21, 0x9E, 0x21, 0x9E, 0x21, 0xBE, 0x21,
    0x9E, 0x21, 0x9E, 0x21, 0x9E, 0x21, 0xBE, 0x21, 0x9E, 0x21, 0xBE, 0x21, 0xBE, 0x21, 0x9E, 0x21,
    0x9E, 0x21, 0x9E, 0x21, 0x9E, 0x21, 0x9E, 0x21, 0x9E, 0x21, 0x9E, 0x21, 0x9E, 0x21, 0xBE, 0x21,
    0xBE, 0x21, 0x9E, 0x21, 0x9E, 0x21, 0xBE, 0x21, 0x9E, 0x21, 0x9E, 0x21, 0xBE, 0x21, 0xBE, 0x21,
    0x9E, 0x21, 0x9E, 0x21, 0x9E, 0x21, 0x9E, 0x21, 0xBE, 0x21, 0x9E, 0x21, 0xBE, 0x21, 0x9E, 0x21,
    0x9E, 0x21, 0x9E, 0x21, 0x9E, 0x21, 0x9E, 0x21, 0x9E, 0x21, 0x9E, 0x21, 0x9E, 0x21, 0xBE, 0x21,
    0x9E, 0x21, 0x9E, 0x21, 0x9E, 0x21, 0xBE, 0x21, 0xBE, 0x21, 0x9E, 0x21, 0xBE, 0x21, 0x9E, 0x21,
    0xBE, 0x21, 0x9E, 0x21, 0x9E, 0x21, 0x9E, 0x21, 0x9E, 0x21, 0x9E, 0x21, 0x9E, 0x21, 0x9E, 0x21,
    0x9E, 0x21, 0xBE, 0x21, 0x9E, 0x21, 0x9E, 0x21, 0x9E, 0x21, 0x9E, 0x21, 0x9E, 0x21, 0x9E, 0x21,
    0x9E, 0x21, 0x9E, 0x21, 0x9E, 0x21, 0x9E, 0x21, 0x9E, 0x21, 0x9E, 0x21, 0x9E, 0x21, 0x9E, 0x21,
    0x9E, 0x21, 0x9E, 0x21, 0x9E, 0x21, 0x9E, 0x21, 0x9E, 0x21, 0xBE, 0x21, 0x9E, 0x21, 0x9E, 0x21,
    0x9E, 0x21, 0x9E, 0x21, 0xBE, 0x21, 0x9E, 0x21, 0x9E, 0x21, 0x9E, 0x21, 0x9E, 0x21, 0x9E, 0x21,
    0x9E, 0x21, 0x9E, 0x21, 0x9E, 0x21, 0x9E, 0x21, 0x9E, 0x21, 0x3E, 0x5B, 0x3F, 0xE7, 0x7E, 0x84,
    0x7E, 0x84, 0xDF, 0xD6, 0x7E, 0x84, 0x9E, 0x21, 0x9E, 0x21, 0x9E, 0x21, 0x9E, 0x21, 0x9E, 0x21,
    0x9E, 0x21, 0x9E, 0x21, 0x9E, 0x21, 0xBE, 0x21, 0xDF, 0xFF, 0xDF, 0xFF, 0xDF, 0xFF, 0xBE, 0xF7,
    0xBE, 0xF7, 0xBE, 0xF7, 0xBE, 0xF7, 0xBE, 0xF7, 0xBE, 0xF7, 0xBE, 0xF7, 0xBE, 0xF7, 0x9E, 0xF7,
    0xBE, 0xF7, 0x9E, 0xF7, 0x9E, 0xF7, 0x9E, 0xF7, 0x9E, 0xF7, 0x9E, 0xF7, 0x9E, 0xF7, 0x9E, 0xF7,
    0x9E, 0xF7, 0x7D, 0xEF, 0x7D, 0xEF, 0x7D, 0xEF, 0x7D, 0xEF, 0x7D, 0xEF, 0x7D, 0xEF, 0x7D, 0xEF,
    0x7D, 0xEF, 0x7D, 0xEF, 0x5D, 0xEF, 0x5D, 0xEF, 0x5D, 0xEF, 0x5D, 0xEF, 0x5D, 0xEF, 0x5D, 0xEF,
    0x5D, 0xEF, 0x5D, 0xEF, 0x5D, 0xEF, 0x3C, 0xE7, 0x3C, 0xE7, 0x3C, 0xE7, 0x3C, 0xE7, 0x3C, 0xE7,
    0x3C, 0xE7, 0x3C, 0xE7, 0x3C, 0xE7, 0x3C, 0xE7, 0x1C, 0xE7, 0x1C, 0xE7, 0x1C, 0xE7, 0x1C, 0xE7,
    0x1C, 0xE7, 0x1C, 0xE7, 0x1C, 0xE7, 0x1C, 0xE7, 0x1C, 0xE7, 0x1C, 0xE7, 0xFB, 0xDE, 0xFB, 0xDE,
    0xFB, 0xDE, 0xFB, 0xDE, 0xFB, 0xDE, 0xFB, 0xDE, 0xFB, 0xDE, 0xFB, 0xDE, 0xFB, 0xDE, 0xFB, 0xDE,
    0xFB, 0xDE, 0xFB, 0xDE, 0xDB, 0xDE, 0xDB, 0xDE, 0xDB, 0xDE, 0xDB, 0xDE, 0xDB, 0xDE, 0xDB, 0xDE,
    0xDB, 0xDE, 0xDB, 0xDE, 0xDB, 0xDE, 0xDB, 0xDE, 0xDB, 0xDE, 0xDB, 0xDE, 0xDB, 0xDE, 0xDB, 0xDE,
    0xDB, 0xDE, 0xDB, 0xDE, 0xDB, 0xDE, 0xDB, 0xDE, 0xDB, 0xDE, 0xDB, 0xDE, 0xDB, 0xDE, 0xBA, 0xD6,
    0xDB, 0xDE, 0xDB, 0xDE, 0xDB, 0xDE, 0xDB, 0xDE, 0xDB, 0xDE, 0xDB, 0xDE, 0xDB, 0xDE, 0xDB, 0xDE,
    0xDB, 0xDE, 0xDB, 0xDE, 0xDB, 0xDE, 0xDB, 0xDE, 0xDB, 0xDE, 0xDB, 0xDE, 0xDB, 0xDE, 0xDB, 0xDE,
    0xDB, 0xDE, 0xDB, 0xDE, 0xFB, 0xDE, 0xFB, 0xDE, 0xFB, 0xDE, 0xFB, 0xDE, 0xFB, 0xDE, 0xFB, 0xDE,
    0xFB, 0xDE, 0xFB, 0xDE, 0xFB, 0xDE, 0xFB, 0xDE, 0x1C, 0xE7, 0x1C, 0xE7, 0x1C, 0xE7, 0x1C, 0xE7,
    0x1C, 0xE7, 0x1C, 0xE7, 0x1C, 0xE7, 0x1C, 0xE7, 0x1C, 0xE7, 0x1C, 0xE7, 0x3C, 0xE7, 0x3C, 0xE7,
    0x3C, 0xE7, 0x3C, 0xE7, 0x3C, 0xE7, 0x3C, 0xE7, 0x3C, 0xE7, 0x3C, 0xE7, 0x3C, 0xE7, 0x5D, 0xEF,
    0x5D, 0xEF, 0x5D, 0xEF, 0x5D, 0xEF, 0x5D, 0xEF, 0x5D, 0xEF, 0x5D, 0xEF, 0x5D, 0xEF, 0x5D, 0xEF,
    0x5D, 0xEF, 0x7D, 0xEF, 0x7D, 0xEF, 0x7D, 0xEF, 0x7D, 0xEF, 0x7D, 0xEF, 0x7D, 0xEF, 0x7D, 0xEF,
    0x7D, 0xEF, 0x9E, 0xF7, 0x9E, 0xF7, 0x9E, 0xF7, 0x9E, 0xF7, 0x9E, 0xF7, 0x9E, 0xF7, 0x9E, 0xF7,
    0x9E, 0xF7, 0xBE, 0xF7, 0x9E, 0xF7, 0xBE, 0xF7, 0xBE, 0xF7, 0xBE, 0xF7, 0xBE, 0xF7, 0xBE, 0xF7,
    0xBE, 0xF7, 0xBE, 0xF7, 0xBE, 0xF7, 0xDF, 0xFF, 0xDF, 0xFF, 0xDF, 0xFF, 0xDF, 0xFF, 0xDF, 0xFF,
    0xDF, 0xFF, 0xDF, 0xFF, 0xDF, 0xFF, 0xDF, 0xFF, 0xFF, 0xFF, 0xFF, 0xFF, 0x9F, 0xEF, 0x9E, 0x21,
    0x9E, 0x21, 0x9E, 0x21, 0x9E, 0x21, 0xBE, 0x21, 0x9E, 0x21, 0xBE, 0x21, 0x9E, 0x21, 0x9E, 0x21,
    0x9E, 0x21, 0x9E, 0x21, 0x9E, 0x21, 0x9E, 0x21, 0x9E, 0x21, 0x9E, 0x21, 0x9E, 0x21, 0x9E, 0x21,
    0x9E, 0x21, 0x9E, 0x21, 0x9E, 0x21, 0x9E, 0x21, 0x9E, 0x21, 0x9E, 0x21, 0x9E, 0x21, 0x9E, 0x21,
    0x9E, 0x21, 0xBE, 0x21, 0x9E, 0x21, 0xBE, 0x21, 0x9E, 0x21, 0x9E, 0x21, 0x9E, 0x21, 0x9E, 0x21,
    0x9E, 0x21, 0x9E, 0x21, 0x9E, 0x21, 0x9E, 0x21, 0x9E, 0x21, 0x9E, 0x21, 0x9E, 0x21, 0x9E, 0x21,
    0x9E, 0x21, 0x9E, 0x21, 0x9E, 0x21, 0x9E, 0x21, 0x9E, 0x21, 0x9E, 0x21, 0x9E, 0x21, 0x9E, 0x21,
    0x9E, 0x21, 0x9E, 0x21, 0x9E, 0x21, 0x9E, 0x21, 0x9E, 0x21, 0x9E, 0x21, 0x9E, 0x21, 0x9E, 0x21,
    0x9E, 0x21, 0xBE, 0x21, 0x9E, 0x21, 0xBE, 0x21, 0x9E, 0x21, 0x9E, 0x21, 0x9E, 0x21, 0x9E, 0x21,
    0x9E, 0x21, 0x9E, 0x21, 0xBE, 0x21, 0xBE, 0x21, 0x9E, 0x21, 0xBE, 0x21, 0x9E, 0x21, 0x9E, 0x21,
    0x9E, 0x21, 0xBE, 0x21, 0x9E, 0x21, 0x9E, 0x21, 0xBE, 0x21, 0xBE, 0x21, 0x9E, 0x21, 0x9E, 0x21,
    0xBE, 0x21, 0xBE, 0x21, 0x9E, 0x21, 0x9E, 0x21, 0x9E, 0x21, 0x9E, 0x21, 0x9E, 0x21, 0x9E, 0x21,
    0x9E, 0x21, 0x9E, 0x21, 0x9E, 0x21, 0x9E, 0x21, 0x9E, 0x21, 0xBE, 0x21, 0x9E, 0x21, 0x9E, 0x21,
    0x9E, 0x21, 0x9E, 0x21, 0x9E, 0x21, 0x9E, 0x21, 0x9E, 0x21, 0x9E, 0x21, 0x9E, 0x21, 0x9E, 0x21,
    0x9E, 0x21, 0x9E, 0x21, 0xBE, 0x21, 0x9E, 0x21, 0x9E, 0x21, 0x9E, 0x21, 0x9E, 0x21, 0x9E, 0x21,
    0xBE, 0x21, 0x9E, 0x21, 0xBE, 0x21, 0x9E, 0x21, 0x9E, 0x21, 0x9E, 0x21, 0xBE, 0x21, 0x7E, 0x3A,
    0xFE, 0x73, 0x1E, 0x74, 0x7E, 0x3A, 0x9E, 0x21, 0x9E, 0x21, 0x9E, 0x21, 0x9E, 0x21, 0x9E, 0x21,
    0x9E, 0x21, 0x9E, 0x21, 0x9E, 0x21, 0x9E, 0x21, 0xBE, 0x21, 0xDF, 0xFF, 0xDF, 0xFF, 0xBE, 0xF7,
    0xBE, 0xF7, 0xBE, 0xF7, 0xBE, 0xF7, 0xBE, 0xF7, 0xBE, 0xF7, 0xBE, 0xF7, 0xBE, 0xF7, 0xBE, 0xF7,
    0x9E, 0xF7, 0x9E, 0xF7, 0x9E, 0xF7, 0x9E, 0xF7, 0x9E, 0xF7, 0x9E, 0xF7, 0x9E, 0xF7, 0x9E, 0xF7,
    0x9E, 0xF7, 0x9E, 0xF7, 0x7D, 0xEF, 0x7D, 0xEF, 0x7D, 0xEF, 0x7D, 0xEF, 0x7D, 0xEF, 0x7D, 0xEF,
    0x7D, 0xEF, 0x7D, 0xEF, 0x5D, 0xEF, 0x5D, 0xEF, 0x5D, 0xEF, 0x5D, 0xEF, 0x5D, 0xEF, 0x5D, 0xEF,
    0x5D, 0xEF, 0x5D, 0xEF, 0x3C, 0xE7, 0x3C, 0xE7, 0x3C, 0xE7, 0x3C, 0xE7, 0x3C, 0xE7, 0x3C, 0xE7,
    0x3C, 0xE7, 0x3C, 0xE7, 0x3C, 0xE7, 0x3C, 0xE7, 0x3C, 0xE7, 0x1C, 0xE7, 0x1C, 0xE7, 0x1C, 0xE7,
    0x1C, 0xE7, 0x1C, 0xE7, 0x1C, 0xE7, 0x1C, 0xE7, 0x1C, 0xE7, 0xFB, 0xDE, 0x1C, 0xE7, 0xFB, 0xDE,
    0xFB, 0xDE, 0xFB, 0xDE, 0xFB, 0xDE, 0xFB, 0xDE, 0xFB, 0xDE, 0xFB, 0xDE, 0xFB, 0xDE, 0xDB, 0xDE,
    0xDB, 0xDE, 0xFB, 0xDE, 0xDB, 0xDE, 0xDB, 0xDE, 0xDB, 0xDE, 0xDB, 0xDE, 0xDB, 0xDE, 0xDB, 0xDE,
    0xDB, 0xDE, 0xDB, 0xDE, 0xDB, 0xDE, 0xDB, 0xDE, 0xDB, 0xDE, 0xDB, 0xDE, 0xDB, 0xDE, 0xDB, 0xDE,
    0xDB, 0xDE, 0xBA, 0xD6, 0xBA, 0xD6, 0xBA, 0xD6, 0xBA, 0xD6, 0xBA, 0xD6, 0xBA, 0xD6, 0xBA, 0xD6,
    0xBA, 0xD6, 0xBA, 0xD6, 0xBA, 0xD6, 0xBA, 0xD6, 0xDB, 0xDE, 0xDB, 0xDE, 0xDB, 0xDE, 0xDB, 0xDE,
    0xDB, 0xDE, 0xDB, 0xDE, 0xDB, 0xDE, 0xDB, 0xDE, 0xDB, 0xDE, 0xDB, 0xDE, 0xDB, 0xDE, 0xDB, 0xDE,
    0xDB, 0xDE, 0xDB, 0xDE, 0xDB, 0xDE, 0xFB, 0xDE, 0xFB, 0xDE, 0xFB, 0xDE, 0xFB, 0xDE, 0xFB, 0xDE,
    0xFB, 0xDE, 0xFB, 0xDE, 0x1C, 0xE7, 0x7D, 0xEF, 0xBE, 0xF7, 0xDF, 0xFF, 0xBE, 0xF7, 0x9E, 0xF7,
    0x5D, 0xEF, 0x1C, 0xE7, 0x1C, 0xE7, 0x1C, 0xE7, 0x1C, 0xE7, 0x1C, 0xE7, 0x1C, 0xE7, 0x1C, 0xE7,
    0x3C, 0xE7, 0x3C, 0xE7, 0x3C, 0xE7, 0x3C, 0xE7, 0x3C, 0xE7, 0x3C, 0xE7, 0x3C, 0xE7, 0x3C, 0xE7,
    0x5D, 0xEF, 0x5D, 0xEF, 0x9E, 0xF7, 0x7D, 0xEF, 0x7D, 0xEF, 0x5D, 0xEF, 0x5D, 0xEF, 0x5D, 0xEF,
    0x5D, 0xEF, 0x7D, 0xEF, 0x7D, 0xEF, 0x7D, 0xEF, 0x7D, 0xEF, 0x7D, 0xEF, 0x7D, 0xEF, 0x7D, 0xEF,
    0x7D, 0xEF, 0x7D, 0xEF, 0x9E, 0xF7, 0x9E, 0xF7, 0x9E, 0xF7, 0x9E, 0xF7, 0x9E, 0xF7, 0x9E, 0xF7,
    0x9E, 0xF7, 0x9E, 0xF7, 0xBE, 0xF7, 0xBE, 0xF7, 0xBE, 0xF7, 0xBE, 0xF7, 0xBE, 0xF7, 0xBE, 0xF7,
    0xBE, 0xF7, 0xBE, 0xF7, 0xBE, 0xF7, 0xBE, 0xF7, 0xBE, 0xF7, 0xDF, 0xFF, 0xDF, 0xFF, 0xDF, 0xFF,
    0xDF, 0xFF, 0xDF, 0xFF, 0xDF, 0xFF, 0xDF, 0xFF, 0xFF, 0xFF, 0xFF, 0xFF, 0xFF, 0xFF, 0xFF, 0xFF,
    0x3E, 0x5B, 0x9E, 0x21, 0x9E, 0x21, 0xBE, 0x21, 0x9E, 0x21, 0x9E, 0x21, 0x9E, 0x21, 0xBE, 0x21,
    0x9E, 0x21, 0x9E, 0x21, 0x9E, 0x21, 0x9E, 0x21, 0x9E, 0x21, 0x9E, 0x21, 0x9E, 0x21, 0x9E, 0x21,
    0x9E, 0x21, 0x9E, 0x21, 0xBE, 0x21, 0x9E, 0x21, 0x9E, 0x21, 0x9E, 0x21, 0x9E, 0x21, 0x9E, 0x21,
    0x9E, 0x21, 0x9E, 0x21, 0xBE, 0x21, 0x9E, 0x21, 0xBE, 0x21, 0x9E, 0x21, 0x9E, 0x21, 0x9E, 0x21,
    0x9E, 0x21, 0x9E, 0x21, 0x9E, 0x21, 0x9E, 0x21, 0x9E, 0x21, 0x9E, 0x21, 0x9E, 0x21, 0xBE, 0x21,
    0x7E, 0x3A, 0x1E, 0x32, 0x9E, 0x21, 0x9E, 0x21, 0x7E, 0x3A, 0x1E, 0x2A, 0x9E, 0x21, 0x9E, 0x21,
    0x1E, 0x32, 0x1E, 0x2A, 0x1E, 0x32, 0x1E, 0x2A, 0x9E, 0x21, 0x1E, 0x32, 0x7E, 0x3A, 0x7E, 0x3A,
    0x7E, 0x3A, 0x1E, 0x32, 0x9E, 0x21, 0x7E, 0x3A, 0x9E, 0x21, 0x9E, 0x21, 0x9E, 0x21, 0x9E, 0x21,
    0x9E, 0x21, 0x9E, 0x21, 0x9E, 0x21, 0x9E, 0x21, 0x9E, 0x21, 0x9E, 0x21, 0x9E, 0x21, 0x9E, 0x21,
    0x9E, 0x21, 0x9E, 0x21, 0x9E, 0x21, 0x9E, 0x21, 0xBE, 0x21, 0x9E, 0x21, 0x9E, 0x21, 0x9E, 0x21,
    0x9E, 0x21, 0x9E, 0x21, 0x9E, 0x21, 0xBE, 0x21, 0x9E, 0x21, 0xBE, 0x21, 0x9E, 0x21, 0x9E, 0x21,
    0x9E, 0x21, 0xBE, 0x21, 0x9E, 0x21, 0xBE, 0x21, 0x9E, 0x21, 0x9E, 0x21, 0x9E, 0x21, 0xBE, 0x21,
    0xBE, 0x21, 0xBE, 0x21, 0x9E, 0x21, 0x3F, 0x9D, 0x7E, 0x3A, 0xBE, 0x21, 0x9E, 0x21, 0x9E, 0x21,
    0x9E, 0x21, 0x9E, 0x21, 0x9E, 0x21, 0x9E, 0x21, 0x9E, 0x21, 0x9E, 0x21, 0x9E, 0x21, 0x9E, 0x21,
    0x9E, 0x21, 0x9E, 0x21, 0xBE, 0x21, 0x9E, 0x21, 0xBE, 0x21, 0xBE, 0x21, 0x9E, 0x21, 0x9E, 0x21,
    0xBE, 0x21, 0x9E, 0x21, 0x9E, 0x21, 0x9F, 0xAD, 0x1E, 0x32, 0x9E, 0x21, 0xBE, 0x21, 0x9E, 0x21,
    0x9E, 0x21, 0x9E, 0x21, 0x9E, 0x21, 0x9E, 0x21, 0x9E, 0x21, 0xBE, 0x21, 0xDF, 0xFF, 0xDF, 0xFF,
    0xBE, 0xF7, 0xBE, 0xF7, 0xBE, 0xF7, 0xBE, 0xF7, 0xBE, 0xF7, 0xBE, 0xF7, 0xBE, 0xF7, 0x9E, 0xF7,
    0x9E, 0xF7, 0x9E, 0xF7, 0x9E, 0xF7, 0x9E, 0xF7, 0x9E, 0xF7, 0x9E, 0xF7, 0x9E, 0xF7, 0x9E, 0xF7,
    0x9E, 0xF7, 0x9E, 0xF7, 0x7D, 0xEF, 0x7D, 0xEF, 0x7D, 0xEF, 0x7D, 0xEF, 0x7D, 0xEF, 0x7D, 0xEF,
    0x7D, 0xEF, 0x7D, 0xEF, 0x5D, 0xEF, 0x5D, 0xEF, 0x5D, 0xEF, 0x5D, 0xEF, 0x5D, 0xEF, 0x5D, 0xEF,
    0x5D, 0xEF, 0x5D, 0xEF, 0x5D, 0xEF, 0x3C, 0xE7, 0x3C, 0xE7, 0x3C, 0xE7, 0x3C, 0xE7, 0x3C, 0xE7,
    0x3C, 0xE7, 0x3C, 0xE7, 0x3C, 0xE7, 0x1C, 0xE7, 0x1C, 0xE7, 0x1C, 0xE7, 0x1C, 0xE7, 0x1C, 0xE7,
    0x1C, 0xE7, 0x1C, 0xE7, 0x1C, 0xE7, 0x1C, 0xE7, 0x1C, 0xE7, 0xFB, 0xDE, 0xFB, 0xDE, 0xFB, 0xDE,
    0xFB, 0xDE, 0xFB, 0xDE, 0xFB, 0xDE, 0xFB, 0xDE, 0xFB, 0xDE, 0xFB, 0xDE, 0xFB, 0xDE, 0xFB, 0xDE,
    0xDB, 0xDE, 0xDB, 0xDE, 0xDB, 0xDE, 0xDB, 0xDE, 0xDB, 0xDE, 0xDB, 0xDE, 0xDB, 0xDE, 0xDB, 0xDE,
    0xDB, 0xDE, 0xDB, 0xDE, 0xDB, 0xDE, 0xDB, 0xDE, 0xBA, 0xD6, 0xBA, 0xD6, 0xBA, 0xD6, 0xBA, 0xD6,
    0xBA, 0xD6, 0xBA, 0xD6, 0xBA, 0xD6, 0xBA, 0xD6, 0xBA, 0xD6, 0xBA, 0xD6, 0xBA, 0xD6, 0xBA, 0xD6,
    0xBA, 0xD6, 0xBA, 0xD6, 0xBA, 0xD6, 0xBA, 0xD6, 0xBA, 0xD6, 0xBA, 0xD6, 0xDB, 0xDE, 0xDB, 0xDE,
    0xDB, 0xDE, 0xDB, 0xDE, 0xDB, 0xDE, 0xDB, 0xDE, 0xDB, 0xDE, 0xDB, 0xDE, 0xDB, 0xDE, 0xFB, 0xDE,
    0x5D, 0xEF, 0x5D, 0xEF, 0x3C, 0xE7, 0xDB, 0xDE, 0xFB, 0xDE, 0xFB, 0xDE, 0xFB, 0xDE, 0xFB, 0xDE,
    0xFB, 0xDE, 0xFB, 0xDE, 0x3C, 0xE7, 0xFF, 0xFF, 0xFF, 0xFF, 0xFF, 0xFF, 0xFF, 0xFF, 0xFF, 0xFF,
    0xFF, 0xFF, 0xFF, 0xFF, 0xFF, 0xFF, 0xDF, 0xFF, 0xBE, 0xF7, 0x7D, 0xEF, 0x5D, 0xEF, 0x1C, 0xE7,
    0x3C, 0xE7, 0x3C, 0xE7, 0x3C, 0xE7, 0x3C, 0xE7, 0x3C, 0xE7, 0x3C, 0xE7, 0x3C, 0xE7, 0x3C, 0xE7,
    0x7D, 0xEF, 0xDF, 0xFF, 0xFF, 0xFF, 0xFF, 0xFF, 0xFF, 0xFF, 0xFF, 0xFF, 0xBE, 0xF7, 0x7D, 0xEF,
    0x5D, 0xEF, 0x5D, 0xEF, 0x5D, 0xEF, 0x7D, 0xEF, 0x7D, 0xEF, 0x7D, 0xEF, 0x7D, 0xEF, 0x7D, 0xEF,
    0x7D, 0xEF, 0x7D, 0xEF, 0x9E, 0xF7, 0x9E, 0xF7, 0x9E, 0xF7, 0x9E, 0xF7, 0x9E, 0xF7, 0x9E, 0xF7,
    0x9E, 0xF7, 0x9E, 0xF7, 0x9E, 0xF7, 0x9E, 0xF7, 0xBE, 0xF7, 0xBE, 0xF7, 0xBE, 0xF7, 0xBE, 0xF7,
    0xBE, 0xF7, 0xBE, 0xF7, 0xBE, 0xF7, 0xBE, 0xF7, 0xBE, 0xF7, 0xDF, 0xFF, 0xDF, 0xFF, 0xDF, 0xFF,
    0xDF, 0xFF, 0xDF, 0xFF, 0xDF, 0xFF, 0xDF, 0xFF, 0xDF, 0xFF, 0xFF, 0xFF, 0xFF, 0xFF, 0xFF, 0xFF,
    0xFF, 0xFF, 0x5F, 0xC6, 0x9E, 0x21, 0x9E, 0x21, 0x9E, 0x21, 0x9E, 0x21, 0x9E, 0x21, 0xBE, 0x21,
    0xBE, 0x21, 0x9E, 0x21, 0xBE, 0x21, 0xBE, 0x21, 0x9E, 0x21, 0x9E, 0x21, 0xBE, 0x21, 0x9E, 0x21,
    0x9E, 0x21, 0x9E, 0x21, 0x9E, 0x21, 0x9E, 0x21, 0x9E, 0x21, 0x9E, 0x21, 0x9E, 0x21, 0x9E, 0x21,
    0x9E, 0x21, 0xBE, 0x21, 0x9E, 0x21, 0x9E, 0x21, 0x9E, 0x21, 0x9E, 0x21, 0x9E, 0x21, 0x9E, 0x21,
    0x9E, 0x21, 0x9E, 0x21, 0xBE, 0x21, 0x9E, 0x21, 0x9E, 0x21, 0x9E, 0x21, 0x9E, 0x21, 0xBE, 0x21,
    0x9E, 0x21, 0x9F, 0xAD, 0x3F, 0x9D, 0x9E, 0x21, 0x9E, 0x21, 0x3F, 0xE7, 0x3F, 0x9D, 0x9E, 0x21,
    0x9E, 0x21, 0xDF, 0xD6, 0x9E, 0x63, 0xDF, 0x94, 0x7F, 0xCE, 0xBE, 0x21, 0xFE, 0x73, 0x9F, 0xF7,
    0x3F, 0xE7, 0x3F, 0xE7, 0x3F, 0x9D, 0x7E, 0x3A, 0xFF, 0xFF, 0x7E, 0x3A, 0x9E, 0x21, 0x9E, 0x21,
    0x9E, 0x21, 0x9E, 0x21, 0x9E, 0x21, 0x9E, 0x21, 0xBE, 0x21, 0x9E, 0x21, 0x9E, 0x21, 0x9E, 0x21,
    0x9E, 0x21, 0x9E, 0x21, 0x9E, 0x21, 0x9E, 0x21, 0x9E, 0x21, 0x9E, 0x21, 0x3F, 0x9D, 0x9E, 0x21,
    0x9E, 0x21, 0x9E, 0x21, 0xBE, 0x21, 0xBE, 0x21, 0xBE, 0x21, 0x9E, 0x21, 0x9E, 0x21, 0x9E, 0x21,
    0x9E, 0x21, 0x9E, 0x21, 0x9E, 0x21, 0x9E, 0x21, 0x9E, 0x21, 0x9E, 0x21, 0x9E, 0x21, 0x9E, 0x21,
    0x9E, 0x21, 0x9E, 0x21, 0x9E, 0x21, 0xBE, 0x21, 0x3F, 0xE7, 0x3E, 0x5B, 0x9E, 0x21, 0xBE, 0x21,
    0x9E, 0x21, 0x9E, 0x21, 0xBE, 0x21, 0x9E, 0x21, 0x9E, 0x21, 0x9E, 0x21, 0x9E, 0x21, 0x9E, 0x21,
    0x9E, 0x21, 0x9E, 0x21, 0x9E, 0x21, 0x9E, 0x21, 0x9E, 0x21, 0x9E, 0x21, 0x9E, 0x21, 0x9E, 0x21,
    0xBE, 0x21, 0xBE, 0x21, 0xBE, 0x21, 0x9E, 0x21, 0xFF, 0xFF, 0x7E, 0x3A, 0x9E, 0x21, 0x9E, 0x21,
    0x9E, 0x21, 0x9E, 0x21, 0x9E, 0x21, 0x9E, 0x21, 0x9E, 0x21, 0x9E, 0x21, 0x9E, 0x21, 0xDF, 0xFF,
    0xBE, 0xF7, 0xBE, 0xF7, 0xBE, 0xF7, 0xBE, 0xF7, 0xBE, 0xF7, 0xBE, 0xF7, 0xBE, 0xF7, 0xBE, 0xF7,
    0x9E, 0xF7, 0x9E, 0xF7, 0x9E, 0xF7, 0x9E, 0xF7, 0x9E, 0xF7, 0x9E, 0xF7, 0x9E, 0xF7, 0x9E, 0xF7,
    0x7D, 0xEF, 0x7D, 0xEF, 0x7D, 0xEF, 0x7D, 0xEF, 0x7D, 0xEF, 0x7D, 0xEF, 0x7D, 0xEF, 0x7D, 0xEF,
    0x7D, 0xEF, 0x7D, 0xEF, 0x5D, 0xEF, 0x5D, 0xEF, 0x5D, 0xEF, 0x5D, 0xEF, 0x5D, 0xEF, 0x5D, 0xEF,
    0x5D, 0xEF, 0x5D, 0xEF, 0x3C, 0xE7, 0x3C, 0xE7, 0x3C, 0xE7, 0x3C, 0xE7, 0x3C, 0xE7, 0x3C, 0xE7,
    0x3C, 0xE7, 0x3C, 0xE7, 0x3C, 0xE7, 0x3C, 0xE7, 0x1C, 0xE7, 0x1C, 0xE7, 0x1C, 0xE7, 0x1C, 0xE7,
    0x1C, 0xE7, 0x1C, 0xE7, 0x1C, 0xE7, 0x1C, 0xE7, 0xFB, 0xDE, 0x1C, 0xE7, 0xFB, 0xDE, 0xFB, 0xDE,
    0xFB, 0xDE, 0xFB, 0xDE, 0xFB, 0xDE, 0xFB, 0xDE, 0xFB, 0xDE, 0xFB, 0xDE, 0xFB, 0xDE, 0xDB, 0xDE,
    0xDB, 0xDE, 0xDB, 0xDE, 0xDB, 0xDE, 0x1C, 0xE7, 0x5D, 0xEF, 0x1C, 0xE7, 0xDB, 0xDE, 0xDB, 0xDE,
    0xDB, 0xDE, 0xDB, 0xDE, 0xBA, 0xD6, 0xDB, 0xDE, 0xBA, 0xD6, 0xDB, 0xDE, 0xBA, 0xD6, 0xBA, 0xD6,
    0xBA, 0xD6, 0xBA, 0xD6, 0xBA, 0xD6, 0xBA, 0xD6, 0xBA, 0xD6, 0xBA, 0xD6, 0xBA, 0xD6, 0xBA, 0xD6,
    0xBA, 0xD6, 0xBA, 0xD6, 0xBA, 0xD6, 0xBA, 0xD6, 0xBA, 0xD6, 0xBA, 0xD6, 0xBA, 0xD6, 0xBA, 0xD6,
    0xDB, 0xDE, 0xDB, 0xDE, 0xDB, 0xDE, 0xDB, 0xDE, 0xDB, 0xDE, 0xDB, 0xDE, 0xDB, 0xDE, 0x7D, 0xEF,
    0xFF, 0xFF, 0xFF, 0xFF, 0xFF, 0xFF, 0xFF, 0xFF, 0xFF, 0xFF, 0xBE, 0xF7, 0x7D, 0xEF, 0x3C, 0xE7,
    0x3C, 0xE7, 0x5D, 0xEF, 0xBE, 0xF7, 0xFF, 0xFF, 0xFF, 0xFF, 0xFF, 0xFF, 0xFF, 0xFF, 0xFF, 0xFF,
    0xFF, 0xFF, 0xFF, 0xFF, 0xFF, 0xFF, 0xFF, 0xFF, 0xFF, 0xFF, 0xFF, 0xFF, 0xFF, 0xFF, 0xFF, 0xFF,
    0xFF, 0xFF, 0xDF, 0xFF, 0x9E, 0xF7, 0x9E, 0xF7, 0x7D, 0xEF, 0x3C, 0xE7, 0x3C, 0xE7, 0x7D, 0xEF,
    0xBE, 0xF7, 0xFF, 0xFF, 0xFF, 0xFF, 0xFF, 0xFF, 0xFF, 0xFF, 0xFF, 0xFF, 0xFF, 0xFF, 0xFF, 0xFF,
    0xFF, 0xFF, 0xBE, 0xF7, 0x7D, 0xEF, 0x5D, 0xEF, 0x7D, 0xEF, 0x7D, 0xEF, 0x7D, 0xEF, 0x7D, 0xEF,
    0x7D, 0xEF, 0x7D, 0xEF, 0x7D, 0xEF, 0x9E, 0xF7, 0x9E, 0xF7, 0x9E, 0xF7, 0x9E, 0xF7, 0x9E, 0xF7,
    0x9E, 0xF7, 0x9E, 0xF7, 0xBE, 0xF7, 0x9E, 0xF7, 0x9E, 0xF7, 0xBE, 0xF7, 0xBE, 0xF7, 0xBE, 0xF7,
    0xBE, 0xF7, 0xBE, 0xF7, 0xBE, 0xF7, 0xBE, 0xF7, 0xBE, 0xF7, 0xBE, 0xF7, 0xDF, 0xFF, 0xDF, 0xFF,
    0xDF, 0xFF, 0xDF, 0xFF, 0xDF, 0xFF, 0xDF, 0xFF, 0xDF, 0xFF, 0xFF, 0xFF, 0xFF, 0xFF, 0xFF, 0xFF,
    0xFF, 0xFF, 0xFF, 0xFF, 0xFF, 0xFF, 0x1E, 0x32, 0x9E, 0x21, 0x9E, 0x21, 0xBE, 0x21, 0xBE, 0x21,
    0x9E, 0x21, 0x9E, 0x21, 0x9E, 0x21, 0x9E, 0x21, 0x9E, 0x21, 0x9E, 0x21, 0x9E, 0x21, 0x9E, 0x21,
    0x9E, 0x21, 0x9E, 0x21, 0x9E, 0x21, 0xBE, 0x21, 0x9E, 0x21, 0x9E, 0x21, 0x9E, 0x21, 0x9E, 0x21,
    0xBE, 0x21, 0x9E, 0x21, 0xBE, 0x21, 0x9E, 0x21, 0xBE, 0x21, 0x9E, 0x21, 0xBE, 0x21, 0x9E, 0x21,
    0x9E, 0x21, 0x9E, 0x21, 0x9E, 0x21, 0x9E, 0x21, 0xBE, 0x21, 0x9E, 0x21, 0x9E, 0x21, 0xBE, 0x21,
    0x9E, 0x21, 0x9E, 0x21, 0xFE, 0x73, 0x7F, 0xCE, 0x9E, 0x21, 0xDE, 0x4A, 0x3F, 0xE7, 0x3F, 0xE7,
    0xBE, 0x21, 0x1E, 0x32, 0xFF, 0xFF, 0x7E, 0x3A, 0xDF, 0x94, 0x7F, 0xCE, 0x9E, 0x21, 0x1E, 0x74,
    0x7F, 0xCE, 0x9E, 0x21, 0x9E, 0x21, 0x9E, 0x21, 0x7E, 0x3A, 0xFF, 0xFF, 0x7E, 0x3A, 0x9E, 0x21,
    0x9E, 0x21, 0x9E, 0x21, 0xDE, 0x4A, 0x7E, 0x3A, 0x1E, 0x74, 0xDF, 0x94, 0x7E, 0x3A, 0xBE, 0x21,
    0x9E, 0x21, 0x7E, 0x3A, 0x7E, 0x84, 0x7E, 0x84, 0x7E, 0x3A, 0x9E, 0x21, 0xFE, 0x73, 0x9F, 0xF7,
    0xFE, 0x73, 0xDE, 0x4A, 0x1E, 0x74, 0x9E, 0x21, 0x9E, 0x21, 0x9E, 0x63, 0xDE, 0x4A, 0x9E, 0x21,
    0xDE, 0x4A, 0x3E, 0x5B, 0x9E, 0x21, 0x7E, 0x3A, 0x7F, 0x84, 0x7E, 0x84, 0x7E, 0x3A, 0xBE, 0x21,
    0x7E, 0x3A, 0x3E, 0x5B, 0xDE, 0x4A, 0xDF, 0x94, 0x1E, 0x2A, 0x3F, 0xE7, 0x3E, 0x5B, 0x9E, 0x21,
    0x9E, 0x63, 0x3E, 0x5B, 0x9E, 0x21, 0x9E, 0x21, 0x9E, 0x21, 0x1E, 0x32, 0x1E, 0x74, 0xDF, 0x94,
    0xFE, 0x73, 0x9E, 0x21, 0xBE, 0x21, 0x9E, 0x6B, 0x7E, 0x3A, 0x7E, 0x84, 0xDF, 0x94, 0x7E, 0x3A,
    0x9E, 0x21, 0x9E, 0x21, 0x3E, 0x5B, 0xDF, 0x94, 0xDE, 0x4A, 0xFF, 0xFF, 0x7E, 0x3A, 0xBE, 0x21,
    0x9E, 0x21, 0x9E, 0x21, 0x9E, 0x21, 0x9E, 0x21, 0x9E, 0x21, 0x9E, 0x21, 0x9E, 0x21, 0x9E, 0x21,
    0xBE, 0xF7, 0xBE, 0xF7, 0xBE, 0xF7, 0xBE, 0xF7, 0xBE, 0xF7, 0xBE, 0xF7, 0xBE, 0xF7, 0xBE, 0xF7,
    0xBE, 0xF7, 0x9E, 0xF7, 0x9E, 0xF7, 0x9E, 0xF7, 0x9E, 0xF7, 0x9E, 0xF7, 0x9E, 0xF7, 0x9E, 0xF7,
    0x9E, 0xF7, 0x7D, 0xEF, 0x7D, 0xEF, 0x7D, 0xEF, 0x7D, 0xEF, 0x7D, 0xEF, 0x7D, 0xEF, 0x7D, 0xEF,
    0x7D, 0xEF, 0x5D, 0xEF, 0x5D, 0xEF, 0x5D, 0xEF, 0x5D, 0xEF, 0x5D, 0xEF, 0x5D, 0xEF, 0x5D, 0xEF,
    0x5D, 0xEF, 0x5D, 0xEF, 0x5D, 0xEF, 0x3C, 0xE7, 0x3C, 0xE7, 0x3C, 0xE7, 0x3C, 0xE7, 0x3C, 0xE7,
    0x3C, 0xE7, 0x3C, 0xE7, 0x3C, 0xE7, 0x1C, 0xE7, 0x1C, 0xE7, 0x1C, 0xE7, 0x1C, 0xE7, 0x1C, 0xE7,
    0x1C, 0xE7, 0x1C, 0xE7, 0x1C, 0xE7, 0x1C, 0xE7, 0xFB, 0xDE, 0xFB, 0xDE, 0xFB, 0xDE, 0xFB, 0xDE,
    0xFB, 0xDE, 0xFB, 0xDE, 0xFB, 0xDE, 0xFB, 0xDE, 0xFB, 0xDE, 0xDB, 0xDE, 0xDB, 0xDE, 0xFB, 0xDE,
    0xFB, 0xDE, 0x5D, 0xEF, 0x9E, 0xF7, 0xFF, 0xFF, 0xFF, 0xFF, 0xFF, 0xFF, 0xFF, 0xFF, 0xFF, 0xFF,
    0x7D, 0xEF, 0xDB, 0xDE, 0xBA, 0xD6, 0xBA, 0xD6, 0xBA, 0xD6, 0xBA, 0xD6, 0xBA, 0xD6, 0xBA, 0xD6,
    0xBA, 0xD6, 0xBA, 0xD6, 0xBA, 0xD6, 0xBA, 0xD6, 0xBA, 0xD6, 0xBA, 0xD6, 0xBA, 0xD6, 0xBA, 0xD6,
    0xBA, 0xD6, 0xBA, 0xD6, 0xBA, 0xD6, 0xBA, 0xD6, 0xBA, 0xD6, 0xBA, 0xD6, 0xBA, 0xD6, 0xBA, 0xD6,
    0xBA, 0xD6, 0xBA, 0xD6, 0xBA, 0xD6, 0xBA, 0xD6, 0xBA, 0xD6, 0xDB, 0xDE, 0xDB, 0xDE, 0xBE, 0xF7,
    0xFF, 0xFF, 0xFF, 0xFF, 0xFF, 0xFF, 0xFF, 0xFF, 0xFF, 0xFF, 0xFF, 0xFF, 0xFF, 0xFF, 0xFF, 0xFF,
    0xFF, 0xFF, 0xFF, 0xFF, 0xFF, 0xFF, 0xFF, 0xFF, 0xFF, 0xFF, 0xFF, 0xFF, 0xFF, 0xFF, 0xFF, 0xFF,
    0xFF, 0xFF, 0xFF, 0xFF, 0xFF, 0xFF, 0xFF, 0xFF, 0xFF, 0xFF, 0xFF, 0xFF, 0xFF, 0xFF, 0xFF, 0xFF,
    0xFF, 0xFF, 0xFF, 0xFF, 0xFF, 0xFF, 0xFF, 0xFF, 0xFF, 0xFF, 0xFF, 0xFF, 0xFF, 0xFF, 0xFF, 0xFF,
    0xFF, 0xFF, 0xFF, 0xFF, 0xFF, 0xFF, 0xFF, 0xFF, 0xFF, 0xFF, 0xFF, 0xFF, 0xFF, 0xFF, 0xFF, 0xFF,
    0xFF, 0xFF, 0xFF, 0xFF, 0xFF, 0xFF, 0xFF, 0xFF, 0xDF, 0xFF, 0x7D, 0xEF, 0x7D, 0xEF, 0x7D, 0xEF,
    0x7D, 0xEF, 0x7D, 0xEF, 0x9E, 0xF7, 0x7D, 0xEF, 0x9E, 0xF7, 0x9E, 0xF7, 0x9E, 0xF7, 0x9E, 0xF7,
    0x9E, 0xF7, 0x9E, 0xF7, 0x9E, 0xF7, 0x9E, 0xF7, 0x9E, 0xF7, 0xBE, 0xF7, 0xBE, 0xF7, 0xBE, 0xF7,
    0xBE, 0xF7, 0xBE, 0xF7, 0xBE, 0xF7, 0xBE, 0xF7, 0xBE, 0xF7, 0xDF, 0xFF, 0xBE, 0xF7, 0xDF, 0xFF,
    0xDF, 0xFF, 0xDF, 0xFF, 0xDF, 0xFF, 0xDF, 0xFF, 0xDF, 0xFF, 0xFF, 0xFF, 0xFF, 0xFF, 0xFF, 0xFF,
    0xFF, 0xFF, 0xFF, 0xFF, 0xFF, 0xFF, 0xFF, 0xFF, 0xDF, 0x94, 0x9E, 0x21, 0x9E, 0x21, 0x9E, 0x21,
    0x9E, 0x21, 0x9E, 0x21, 0x9E, 0x21, 0x9E, 0x21, 0xBE, 0x21, 0x9E, 0x21, 0xBE, 0x21, 0xBE, 0x21,
    0x9E, 0x21, 0x9E, 0x21, 0x9E, 0x21, 0x9E, 0x21, 0x9E, 0x21, 0x9E, 0x21, 0x9E, 0x21, 0x9E, 0x21,
    0x9E, 0x21, 0x9E, 0x21, 0x9E, 0x21, 0x9E, 0x21, 0x9E, 0x21, 0x9E, 0x21, 0x9E, 0x21, 0xBE, 0x21,
    0x9E, 0x21, 0x9E, 0x21, 0x9E, 0x21, 0xBE, 0x21, 0x9E, 0x21, 0x9E, 0x21, 0x9E, 0x21, 0x9E, 0x21,
    0xBE, 0x21, 0x9E, 0x21, 0x9E, 0x21, 0x1E, 0x32, 0xFF, 0xFF, 0x1E, 0x32, 0x7E, 0x84, 0x3F, 0x9D,
    0x3F, 0xE7, 0x7E, 0x3A, 0x9E, 0x63, 0xDF, 0xD6, 0x9E, 0x21, 0xDF, 0x94, 0x7F, 0xCE, 0xBE, 0x21,
    0xFE, 0x73, 0x7F, 0xCE, 0x9E, 0x21, 0x9E, 0x21, 0x9E, 0x21, 0x7E, 0x3A, 0xFF, 0xFF, 0x7E, 0x3A,
    0xBE, 0x21, 0x9E, 0x21, 0x9E, 0x21, 0xDF, 0x94, 0x3F, 0xE7, 0xDF, 0x94, 0x9F, 0xAD, 0x9F, 0xF7,
    0x1E, 0x2A, 0x7E, 0x3A, 0x3F, 0xE7, 0xDF, 0x94, 0x3F, 0x9D, 0x3F, 0xE7, 0x1E, 0x2A, 0xFF, 0xBD,
    0x9F, 0xF7, 0xDF, 0x94, 0xDE, 0x4A, 0x9F, 0xF7, 0x3E, 0x5B, 0x7E, 0x3A, 0x9F, 0xF7, 0xFF, 0xBD,
    0xBE, 0x21, 0x9F, 0xAD, 0xDF, 0x94, 0x7E, 0x3A, 0x9F, 0xF7, 0xDF, 0x94, 0x9F, 0xAD, 0x3F, 0xE7,
    0x1E, 0x32, 0x3E, 0x5B, 0x9F, 0xF7, 0xDF, 0xD6, 0x9F, 0xAD, 0xBE, 0x21, 0x3F, 0xE7, 0x3E, 0x5B,
    0x1E, 0x74, 0x3F, 0xE7, 0x7E, 0x3A, 0x9E, 0x21, 0x9E, 0x21, 0x9E, 0x21, 0xDE, 0x4A, 0x3F, 0x9D,
    0xFE, 0x73, 0x3F, 0xE7, 0xDF, 0x94, 0x9E, 0x21, 0x7F, 0xCE, 0xDF, 0xD6, 0x7E, 0x84, 0xFF, 0xBD,
    0x7F, 0xCE, 0x9E, 0x21, 0xFE, 0x73, 0x9F, 0xF7, 0x7E, 0x84, 0xFF, 0xBD, 0xFF, 0xFF, 0x7E, 0x3A,
    0x9E, 0x21, 0x9E, 0x21, 0x9E, 0x21, 0x9E, 0x21, 0x9E, 0x21, 0x9E, 0x21, 0x9E, 0x21, 0xBE, 0x21,
    0xBE, 0x21, 0xBE, 0xF7, 0xBE, 0xF7, 0xBE, 0xF7, 0xBE, 0xF7, 0xBE, 0xF7, 0xBE, 0xF7, 0xBE, 0xF7,
    0x9E, 0xF7, 0x9E, 0xF7, 0x9E, 0xF7, 0x9E, 0xF7, 0x9E, 0xF7, 0x9E, 0xF7, 0x9E, 0xF7, 0x9E, 0xF7,
    0x9E, 0xF7, 0x7D, 0xEF, 0x7D, 0xEF, 0x7D, 0xEF, 0x7D, 0xEF, 0x7D, 0xEF, 0x7D, 0xEF, 0x7D, 0xEF,
    0x7D, 0xEF, 0x5D, 0xEF, 0x5D, 0xEF, 0x5D, 0xEF, 0x5D, 0xEF, 0x5D, 0xEF, 0x5D, 0xEF, 0x5D, 0xEF,
    0x5D, 0xEF, 0x5D, 0xEF, 0x7D, 0xEF, 0xBE, 0xF7, 0xDF, 0xFF, 0xDF, 0xFF, 0xDF, 0xFF, 0xDF, 0xFF,
    0xDF, 0xFF, 0xDF, 0xFF, 0xDF, 0xFF, 0xBE, 0xF7, 0xBE, 0xF7, 0xBE, 0xF7, 0x9E, 0xF7, 0x9E, 0xF7,
    0x7D, 0xEF, 0x7D, 0xEF, 0x5D, 0xEF, 0x5D, 0xEF, 0x5D, 0xEF, 0x3C, 0xE7, 0x1C, 0xE7, 0x1C, 0xE7,
    0xFB, 0xDE, 0xFB, 0xDE, 0xFB, 0xDE, 0xFB, 0xDE, 0xFB, 0xDE, 0xDB, 0xDE, 0x3C, 0xE7, 0x7D, 0xEF,
    0xBE, 0xF7, 0xFF, 0xFF, 0xFF, 0xFF, 0xFF, 0xFF, 0xFF, 0xFF, 0xFF, 0xFF, 0xFF, 0xFF, 0xFF, 0xFF,
    0xFF, 0xFF, 0xFF, 0xFF, 0xDF, 0xFF, 0xFB, 0xDE, 0xBA, 0xD6, 0xBA, 0xD6, 0xBA, 0xD6, 0xBA, 0xD6,
    0xBA, 0xD6, 0xBA, 0xD6, 0xBA, 0xD6, 0xBA, 0xD6, 0xBA, 0xD6, 0xBA, 0xD6, 0xBA, 0xD6, 0xFB, 0xDE,
    0x5D, 0xEF, 0x7D, 0xEF, 0x7D, 0xEF, 0x5D, 0xEF, 0xFB, 0xDE, 0xFB, 0xDE, 0xBA, 0xD6, 0xBA, 0xD6,
    0xBA, 0xD6, 0xBA, 0xD6, 0xBA, 0xD6, 0xBA, 0xD6, 0xBA, 0xD6, 0xBA, 0xD6, 0xDB, 0xDE, 0x9E, 0xF7,
    0xFF, 0xFF, 0xFF, 0xFF, 0xFF, 0xFF, 0xFF, 0xFF, 0xFF, 0xFF, 0xFF, 0xFF, 0xFF, 0xFF, 0xFF, 0xFF,
    0xFF, 0xFF, 0xFF, 0xFF, 0xFF, 0xFF, 0xFF, 0xFF, 0xFF, 0xFF, 0xFF, 0xFF, 0xFF, 0xFF, 0xFF, 0xFF,
    0xFF, 0xFF, 0xFF, 0xFF, 0xFF, 0xFF, 0xFF, 0xFF, 0xFF, 0xFF, 0xFF, 0xFF, 0xFF, 0xFF, 0xFF, 0xFF,
    0xFF, 0xFF, 0xFF, 0xFF, 0xFF, 0xFF, 0xFF, 0xFF, 0xFF, 0xFF, 0xFF, 0xFF, 0xFF, 0xFF, 0xFF, 0xFF,
    0xFF, 0xFF, 0xFF, 0xFF, 0xFF, 0xFF, 0xFF, 0xFF, 0xFF, 0xFF, 0xFF, 0xFF, 0xFF, 0xFF, 0xFF, 0xFF,
    0xFF, 0xFF, 0xFF, 0xFF, 0xFF, 0xFF, 0xFF, 0xFF, 0xFF, 0xFF, 0xFF, 0xFF, 0xFF, 0xFF, 0xDF, 0xFF,
    0x9E, 0xF7, 0x7D, 0xEF, 0x7D, 0xEF, 0x7D, 0xEF, 0x9E, 0xF7, 0x9E, 0xF7, 0x9E, 0xF7, 0x9E, 0xF7,
    0x9E, 0xF7, 0x9E, 0xF7, 0x9E, 0xF7, 0xBE, 0xF7, 0x9E, 0xF7, 0xBE, 0xF7, 0xBE, 0xF7, 0xBE, 0xF7,
    0xBE, 0xF7, 0xBE, 0xF7, 0xBE, 0xF7, 0xBE, 0xF7, 0xBE, 0xF7, 0xBE, 0xF7, 0xBE, 0xF7, 0xDF, 0xFF,
    0xDF, 0xFF, 0xDF, 0xFF, 0xDF, 0xFF, 0xDF, 0xFF, 0xDF, 0xFF, 0xDF, 0xFF, 0xDF, 0xFF, 0xFF, 0xFF,
    0xFF, 0xFF, 0xFF, 0xFF, 0xFF, 0xFF, 0xFF, 0xFF, 0xFF, 0xFF, 0x9F, 0xF7, 0x9E, 0x21, 0x9E, 0x21,
    0xBE, 0x21, 0x9E, 0x21, 0xBE, 0x21, 0x9E, 0x21, 0x9E, 0x21, 0x9E, 0x21, 0x9E, 0x21, 0x9E, 0x21,
    0x9E, 0x21, 0x9E, 0x21, 0xBE, 0x21, 0x9E, 0x21, 0x9E, 0x21, 0x9E, 0x21, 0x9E, 0x21, 0x9E, 0x21,
    0x9E, 0x21, 0x9E, 0x21, 0x9E, 0x21, 0x9E, 0x21, 0x9E, 0x21, 0x9E, 0x21, 0x9E, 0x21, 0xBE, 0x21,
    0x9E, 0x21, 0x9E, 0x21, 0x9E, 0x21, 0x9E, 0x21, 0x9E, 0x21, 0x9E, 0x21, 0xBE, 0x21, 0x9E, 0x21,
    0x9E, 0x21, 0x9E, 0x21, 0x9E, 0x21, 0x9E, 0x21, 0x9E, 0x21, 0x3F, 0xE7, 0x3E, 0x5B, 0x7F, 0xCE,
    0x9E, 0x63, 0x3F, 0x9D, 0x7E, 0x84, 0x3F, 0x9D, 0x3F, 0x9D, 0x9E, 0x21, 0xDF, 0x94, 0x7F, 0xCE,
    0x9E, 0x21, 0x1E, 0x74, 0xFF, 0xFF, 0x3F, 0xE7, 0x3F, 0xE7, 0x9E, 0x63, 0x7E, 0x3A, 0xFF, 0xFF,
    0x7E, 0x3A, 0x9E, 0x21, 0x9E, 0x21, 0x9E, 0x21, 0xDF, 0x94, 0xFF, 0xBD, 0x9E, 0x21, 0x9E, 0x21,
    0xFF, 0xFF, 0xDE, 0x4A, 0xFE, 0x73, 0xDF, 0xD6, 0x3E, 0x5B, 0x3E, 0x5B, 0x9F, 0xF7, 0xDE, 0x4A,
    0x1E, 0x74, 0x3F, 0xE7, 0x9E, 0x21, 0x9E, 0x21, 0x9F, 0xAD, 0x7E, 0x84, 0xFE, 0x73, 0x9F, 0xAD,
    0x3F, 0xE7, 0x9E, 0x21, 0x3F, 0xE7, 0x3E, 0x5B, 0x3F, 0x9D, 0xFF, 0xBD, 0x9E, 0x21, 0xBE, 0x21,
    0xDF, 0xD6, 0xFE, 0x73, 0x3E, 0x5B, 0xFF, 0xFF, 0x7E, 0x3A, 0x9E, 0x21, 0x9E, 0x21, 0x3F, 0xE7,
    0xDF, 0x94, 0x3F, 0xE7, 0x7E, 0x3A, 0x9E, 0x21, 0x9E, 0x21, 0x9E, 0x21, 0x9E, 0x21, 0x9E, 0x21,
    0x7E, 0x3A, 0x3E, 0x5B, 0x9F, 0xAD, 0x9F, 0xAD, 0x9E, 0x21, 0x7F, 0xCE, 0x7E, 0x84, 0x9E, 0x21,
    0x7E, 0x3A, 0xFF, 0xFF, 0x9E, 0x21, 0xFF, 0xBD, 0x9F, 0xAD, 0x9E, 0x21, 0xFE, 0x29, 0xFF, 0xFF,
    0x7E, 0x3A, 0x9E, 0x21, 0x9E, 0x21, 0xBE, 0x21, 0x9E, 0x21, 0x9E, 0x21, 0x9E, 0x21, 0x9E, 0x21,
    0x9E, 0x21, 0x9E, 0x21, 0xBE, 0xF7, 0xBE, 0xF7, 0xBE, 0xF7, 0xBE, 0xF7, 0xBE, 0xF7, 0xBE, 0xF7,
    0xBE, 0xF7, 0x9E, 0xF7, 0x9E, 0xF7, 0x9E, 0xF7, 0x9E, 0xF7, 0x9E, 0xF7, 0x9E, 0xF7, 0x9E, 0xF7,
    0x9E, 0xF7, 0x7D, 0xEF, 0x7D, 0xEF, 0x7D, 0xEF, 0x7D, 0xEF, 0x7D, 0xEF, 0x7D, 0xEF, 0x7D, 0xEF,
    0x7D, 0xEF, 0x7D, 0xEF, 0x5D, 0xEF, 0x5D, 0xEF, 0x5D, 0xEF, 0x5D, 0xEF, 0x5D, 0xEF, 0x5D, 0xEF,
    0x5D, 0xEF, 0x3C, 0xE7, 0xBE, 0xF7, 0xFF, 0xFF, 0xFF, 0xFF, 0xFF, 0xFF, 0xFF, 0xFF, 0xFF, 0xFF,
    0xFF, 0xFF, 0xFF, 0xFF, 0xFF, 0xFF, 0xFF, 0xFF, 0xFF, 0xFF, 0xFF, 0xFF, 0xFF, 0xFF, 0xFF, 0xFF,
    0xFF, 0xFF, 0xFF, 0xFF, 0xFF, 0xFF, 0xFF, 0xFF, 0xFF, 0xFF, 0xFF, 0xFF, 0xFF, 0xFF, 0xFF, 0xFF,
    0xFF, 0xFF, 0xFF, 0xFF, 0xFF, 0xFF, 0xFF, 0xFF, 0xDF, 0xFF, 0xDF, 0xFF, 0xFF, 0xFF, 0xFF, 0xFF,
    0xFF, 0xFF, 0xFF, 0xFF, 0xFF, 0xFF, 0xFF, 0xFF, 0xFF, 0xFF, 0xFF, 0xFF, 0xFF, 0xFF, 0xFF, 0xFF,
    0xFF, 0xFF, 0xFF, 0xFF, 0xFF, 0xFF, 0xFF, 0xFF, 0xFF, 0xFF, 0x5D, 0xEF, 0xBA, 0xD6, 0xBA, 0xD6,
    0xBA, 0xD6, 0xBA, 0xD6, 0xBA, 0xD6, 0xBA, 0xD6, 0xBA, 0xD6, 0xDB, 0xDE, 0x5D, 0xEF, 0xBE, 0xF7,
    0xFF, 0xFF, 0xFF, 0xFF, 0xFF, 0xFF, 0xFF, 0xFF, 0xFF, 0xFF, 0xFF, 0xFF, 0xFF, 0xFF, 0xFF, 0xFF,
    0xBE, 0xF7, 0x9E, 0xF7, 0xFB, 0xDE, 0xBA, 0xD6, 0xBA, 0xD6, 0xBA, 0xD6, 0x1C, 0xE7, 0xBE, 0xF7,
    0xFF, 0xFF, 0xFF, 0xFF, 0xFF, 0xFF, 0xFF, 0xFF, 0x1F, 0xAD, 0x9F, 0x62, 0xBF, 0xBD, 0xBF, 0xF7,
    0xFF, 0xFF, 0xFF, 0xFF, 0xFF, 0xFF, 0xFF, 0xFF, 0xFF, 0xFF, 0xFF, 0xFF, 0xFF, 0xFF, 0xFF, 0xFF,
    0xDF, 0xC5, 0xDF, 0x83, 0xFF, 0xFF, 0xFF, 0xFF, 0xFF, 0xFF, 0xFF, 0xFF, 0xFF, 0xFF, 0xFF, 0xFF,
    0xDF, 0xFF, 0xBF, 0x62, 0x1F, 0xCE, 0xFF, 0xFF, 0xFF, 0xFF, 0xFF, 0xFF, 0xFF, 0xFF, 0xFF, 0xFF,
    0xFF, 0xFF, 0xFF, 0xFF, 0xFF, 0xFF, 0xFF, 0xFF, 0xFF, 0xFF, 0xFF, 0xFF, 0x1F, 0xAD, 0x9F, 0x62,
    0xBF, 0xBD, 0xBF, 0xF7, 0xFF, 0xFF, 0xFF, 0xFF, 0xFF, 0xFF, 0xFF, 0xFF, 0xFF, 0xFF, 0xFF, 0xFF,
    0xFF, 0xFF, 0xFF, 0xFF, 0xBE, 0xF7, 0x7D, 0xEF, 0x7D, 0xEF, 0x9E, 0xF7, 0x9E, 0xF7, 0x9E, 0xF7,
    0x9E, 0xF7, 0x9E, 0xF7, 0x9E, 0xF7, 0x9E, 0xF7, 0x9E, 0xF7, 0xBE, 0xF7, 0xBE, 0xF7, 0xBE, 0xF7,
    0xBE, 0xF7, 0xBE, 0xF7, 0xBE, 0xF7, 0xBE, 0xF7, 0xBE, 0xF7, 0xBE, 0xF7, 0xBE, 0xF7, 0xDF, 0xFF,
    0xDF, 0xFF, 0xDF, 0xFF, 0xDF, 0xFF, 0xDF, 0xFF, 0xDF, 0xFF, 0xDF, 0xFF, 0xDF, 0xFF, 0xFF, 0xFF,
    0xFF, 0xFF, 0xFF, 0xFF, 0xFF, 0xFF, 0xFF, 0xFF, 0xFF, 0xFF, 0xFF, 0xFF, 0xFF, 0xFF, 0x3E, 0x5B,
    0x9E, 0x21, 0x9E, 0x21, 0x9E, 0x21, 0xBE, 0x21, 0x9E, 0x21, 0x9E, 0x21, 0x9E, 0x21, 0xBE, 0x21,
    0x9E, 0x21, 0x9E, 0x21, 0x9E, 0x21, 0x9E, 0x21, 0xBE, 0x21, 0x9E, 0x21, 0x9E, 0x21, 0x9E, 0x21,
    0x9E, 0x21, 0x9E, 0x21, 0x9E, 0x21, 0x9E, 0x21, 0x9E, 0x21, 0x9E, 0x21, 0xBE, 0x21, 0x9E, 0x21,
    0x9E, 0x21, 0x9E, 0x21, 0x9E, 0x21, 0x9E, 0x21, 0x9E, 0x21, 0x9E, 0x21, 0x9E, 0x21, 0x9E, 0x21,
    0x9E, 0x21, 0x9E, 0x21, 0x9E, 0x21, 0x9E, 0x21, 0x9E, 0x21, 0x9E, 0x21, 0x3F, 0x9D, 0x3F, 0x9D,
    0xFF, 0xFF, 0x1E, 0x2A, 0x9E, 0x63, 0xFF, 0xBD, 0xDF, 0xD6, 0x9E, 0x63, 0x9E, 0x21, 0xDF, 0x94,
    0x7F, 0xCE, 0x9E, 0x21, 0xFE, 0x73, 0x7F, 0xCE, 0x9E, 0x21, 0x9E, 0x21, 0x9E, 0x21, 0x7E, 0x3A,
    0xFF, 0xFF, 0x7E, 0x3A, 0x9E, 0x21, 0x9E, 0x21, 0xBE, 0x21, 0xDF, 0x94, 0x9F, 0xAD, 0x9E, 0x21,
    0x9E, 0x21, 0xFF, 0xFF, 0x3E, 0x5B, 0xDF, 0x94, 0xDF, 0xD6, 0xDF, 0x94, 0xDF, 0x94, 0xDF, 0x94,
    0x7E, 0x3A, 0x1E, 0x74, 0x3F, 0xE7, 0x9E, 0x21, 0x9E, 0x21, 0xFE, 0x73, 0x7F, 0xCE, 0xFF, 0xBD,
    0x9E, 0x63, 0x7F, 0xCE, 0x7E, 0x84, 0x3F, 0xE7, 0x9E, 0x21, 0x9F, 0xAD, 0x3F, 0x9D, 0x9E, 0x21,
    0x9E, 0x21, 0x7F, 0xCE, 0xDF, 0x94, 0x3E, 0x5B, 0x3F, 0xE7, 0x9E, 0x21, 0x9E, 0x21, 0x9E, 0x21,
    0x3F, 0xE7, 0x3F, 0xE7, 0x9F, 0xF7, 0x7E, 0x3A, 0x9E, 0x21, 0x9E, 0x21, 0x9E, 0x21, 0x9E, 0x21,
    0x3F, 0x9D, 0xDF, 0xD6, 0xDF, 0x94, 0xFF, 0xBD, 0x9F, 0xAD, 0x9E, 0x21, 0x7F, 0xCE, 0xFE, 0x73,
    0x9E, 0x21, 0x7E, 0x3A, 0xFF, 0xFF, 0x9E, 0x21, 0x7F, 0xCE, 0xDF, 0x94, 0x9E, 0x21, 0x9E, 0x21,
    0x3F, 0xE7, 0x7E, 0x3A, 0x9E, 0x21, 0x9E, 0x21, 0x9E, 0x21, 0x9E, 0x21, 0x9E, 0x21, 0x9E, 0x21,
    0x9E, 0x21, 0x9E, 0x21, 0xBE, 0x21, 0xBE, 0xF7, 0xBE, 0xF7, 0xBE, 0xF7, 0xBE, 0xF7, 0xBE, 0xF7,
    0xBE, 0xF7, 0x9E, 0xF7, 0x9E, 0xF7, 0x9E, 0xF7, 0x9E, 0xF7, 0x9E, 0xF7, 0x9E, 0xF7, 0x9E, 0xF7,
    0x9E, 0xF7, 0x7D, 0xEF, 0x7D, 0xEF, 0x7D, 0xEF, 0x7D, 0xEF, 0x7D, 0xEF, 0x7D, 0xEF, 0x7D, 0xEF,
    0x7D, 0xEF, 0x7D, 0xEF, 0x5D, 0xEF, 0x5D, 0xEF, 0x5D, 0xEF, 0x5D, 0xEF, 0x5D, 0xEF, 0x5D, 0xEF,
    0x5D, 0xEF, 0x3C, 0xE7, 0x9E, 0xF7, 0xFF, 0xFF, 0xFF, 0xFF, 0xFF, 0xFF, 0xFF, 0xFF, 0xFF, 0xFF,
    0xFF, 0xFF, 0xFF, 0xFF, 0xFF, 0xFF, 0xFF, 0xFF, 0xFF, 0xFF, 0xFF, 0xFF, 0xFF, 0xFF, 0xFF, 0xFF,
    0xFF, 0xFF, 0xFF, 0xFF, 0xFF, 0xFF, 0xFF, 0xFF, 0xFF, 0xFF, 0xFF, 0xFF, 0xFF, 0xFF, 0xFF, 0xFF,
    0xFF, 0xFF, 0xFF, 0xFF, 0xFF, 0xFF, 0xFF, 0xFF, 0xFF, 0xFF, 0xFF, 0xFF, 0xFF, 0xFF, 0xFF, 0xFF,
    0xFF, 0xFF, 0xFF, 0xFF, 0xFF, 0xFF, 0xFF, 0xFF, 0xFF, 0xFF, 0xFF, 0xFF, 0xFF, 0xFF, 0xFF, 0xFF,
    0xFF, 0xFF, 0xFF, 0xFF, 0xFF, 0xFF, 0xFF, 0xFF, 0xFF, 0xFF, 0xFF, 0xFF, 0xFF, 0xFF, 0xDF, 0xFF,
    0x3C, 0xE7, 0xFB, 0xDE, 0xBA, 0xD6, 0xDB, 0xDE, 0x3C, 0xE7, 0xBE, 0xF7, 0xFF, 0xFF, 0xFF, 0xFF,
    0xFF, 0xFF, 0xFF, 0xFF, 0xFF, 0xFF, 0xFF, 0xFF, 0xFF, 0xFF, 0xFF, 0xFF, 0xFF, 0xFF, 0xFF, 0xFF,
    0xFF, 0xFF, 0xFF, 0xFF, 0xFF, 0xFF, 0xFF, 0xFF, 0xBE, 0xF7, 0xBE, 0xF7, 0xDF, 0xFF, 0xFF, 0xFF,
    0xFF, 0xFF, 0xFF, 0xFF, 0xFF, 0xFF, 0xFF, 0xFF, 0xBF, 0xF7, 0xDF, 0x49, 0x9F, 0x20, 0x9F, 0x20,
    0x7F, 0x39, 0x1F, 0x8C, 0x3F, 0xE7, 0xFF, 0xFF, 0xFF, 0xFF, 0xFF, 0xFF, 0xDF, 0xFF, 0xFF, 0xFF,
    0x9F, 0xF7, 0x9F, 0x41, 0x9F, 0x20, 0x1F, 0x6B, 0x3F, 0xE7, 0xFF, 0xFF, 0xFF, 0xFF, 0xFF, 0xFF,
    0xFF, 0xFF, 0xBF, 0x9C, 0x9F, 0x20, 0x1F, 0x31, 0x5F, 0xB5, 0xFF, 0xFF, 0xFF, 0xFF, 0xFF, 0xFF,
    0xFF, 0xFF, 0xFF, 0xFF, 0xFF, 0xFF, 0xFF, 0xFF, 0xFF, 0xFF, 0xFF, 0xFF, 0xBF, 0xF7, 0xDF, 0x49,
    0x9F, 0x20, 0x9F, 0x20, 0x7F, 0x39, 0x1F, 0x8C, 0x3F, 0xE7, 0xFF, 0xFF, 0xFF, 0xFF, 0xFF, 0xFF,
    0xDF, 0xFF, 0xFF, 0xFF, 0xFF, 0xFF, 0xFF, 0xFF, 0x9E, 0xF7, 0x7D, 0xEF, 0x9E, 0xF7, 0x9E, 0xF7,
    0x9E, 0xF7, 0x9E, 0xF7, 0x9E, 0xF7, 0x9E, 0xF7, 0x9E, 0xF7, 0xBE, 0xF7, 0xBE, 0xF7, 0xBE, 0xF7,
    0xBE, 0xF7, 0xBE, 0xF7, 0xBE, 0xF7, 0xBE, 0xF7, 0xBE, 0xF7, 0xBE, 0xF7, 0xBE, 0xF7, 0xDF, 0xFF,
    0xDF, 0xFF, 0xDF, 0xFF, 0xDF, 0xFF, 0xDF, 0xFF, 0xDF, 0xFF, 0xDF, 0xFF, 0xDF, 0xFF, 0xDF, 0xFF,
    0xFF, 0xFF, 0xFF, 0xFF, 0xFF, 0xFF, 0xFF, 0xFF, 0xFF, 0xFF, 0xFF, 0xFF, 0xFF, 0xFF, 0xFF, 0xFF,
    0x7F, 0xC6, 0x9E, 0x21, 0x9E, 0x21, 0x9E, 0x21, 0x9E, 0x21, 0x9E, 0x21, 0x9E, 0x21, 0x9E, 0x21,
    0x9E, 0x21, 0x9E, 0x21, 0x9E, 0x21, 0x9E, 0x21, 0x9E, 0x21, 0x9E, 0x21, 0x9E, 0x21, 0x9E, 0x21,
    0x9E, 0x21, 0x9E, 0x21, 0x9E, 0x21, 0x9E, 0x21, 0x9E, 0x21, 0x9E, 0x21, 0x9E, 0x21, 0x9E, 0x21,
    0x9E, 0x21, 0x9E, 0x21, 0x9E, 0x21, 0x9E, 0x21, 0x9E, 0x21, 0x9E, 0x21, 0x9E, 0x21, 0x9E, 0x21,
    0x9E, 0x21, 0x9E, 0x21, 0xBE, 0x21, 0xBE, 0x21, 0x9E, 0x21, 0x9E, 0x21, 0x9E, 0x21, 0x9E, 0x63,
    0x3F, 0xE7, 0x7F, 0xCE, 0x9E, 0x21, 0x1E, 0x32, 0x9F, 0xF7, 0xFF, 0xFF, 0x1E, 0x32, 0x9E, 0x21,
    0xDF, 0x94, 0x7F, 0xCE, 0x9E, 0x21, 0xFE, 0x73, 0x7F, 0xCE, 0xBE, 0x21, 0x9E, 0x21, 0x9E, 0x21,
    0x7E, 0x3A, 0xFF, 0xFF, 0x7E, 0x3A, 0xBE, 0x21, 0x9E, 0x21, 0x9E, 0x21, 0xDF, 0x94, 0x9F, 0xAD,
    0x9E, 0x21, 0x9E, 0x21, 0xFF, 0xFF, 0x3E, 0x5B, 0x3E, 0x5B, 0x9F, 0xF7, 0x1E, 0x32, 0xBE, 0x21,
    0x1E, 0x2A, 0x9E, 0x21, 0x9E, 0x63, 0x3F, 0xE7, 0x9E, 0x21, 0x9E, 0x21, 0x1E, 0x32, 0x9F, 0xF7,
    0x3F, 0xE7, 0x1E, 0x2A, 0x7E, 0x84, 0x7F, 0xCE, 0xFF, 0xBD, 0x9E, 0x21, 0x7E, 0x84, 0x7F, 0xCE,
    0x9E, 0x21, 0x1E, 0x32, 0x3F, 0xE7, 0x3E, 0x5B, 0x3E, 0x5B, 0x3F, 0xE7, 0x9E, 0x21, 0x9E, 0x21,
    0x9E, 0x21, 0x3F, 0xE7, 0x3E, 0x5B, 0x7E, 0x84, 0xDF, 0xD6, 0x1E, 0x2A, 0x9E, 0x21, 0x9E, 0x21,
    0x9E, 0x21, 0x9F, 0xF7, 0x9E, 0x63, 0x9E, 0x21, 0x9F, 0xAD, 0x9F, 0xAD, 0x9E, 0x21, 0x7F, 0xCE,
    0xFE, 0x73, 0x9E, 0x21, 0x7E, 0x3A, 0xFF, 0xFF, 0x9E, 0x21, 0x3F, 0x9D, 0x7F, 0xCE, 0x9E, 0x21,
    0x7E, 0x3A, 0xFF, 0xFF, 0x7E, 0x3A, 0x9E, 0x21, 0x9E, 0x21, 0x9E, 0x21, 0x9E, 0x21, 0x9E, 0x21,
    0xBE, 0x21, 0x9E, 0x21, 0x9E, 0x21, 0xBE, 0x21, 0xBE, 0xF7, 0xBE, 0xF7, 0xBE, 0xF7, 0xBE, 0xF7,
    0xBE, 0xF7, 0xBE, 0xF7, 0x9E, 0xF7, 0x9E, 0xF7, 0x9E, 0xF7, 0x9E, 0xF7, 0x9E, 0xF7, 0x9E, 0xF7,
    0x9E, 0xF7, 0x7D, 0xEF, 0x7D, 0xEF, 0x7D, 0xEF, 0x7D, 0xEF, 0x7D, 0xEF, 0x7D, 0xEF, 0x7D, 0xEF,
    0x7D, 0xEF, 0x5D, 0xEF, 0x5D, 0xEF, 0x5D, 0xEF, 0x5D, 0xEF, 0x5D, 0xEF, 0x5D, 0xEF, 0x5D, 0xEF,
    0x5D, 0xEF, 0x5D, 0xEF, 0x3C, 0xE7, 0xDF, 0xFF, 0xFF, 0xFF, 0xFF, 0xFF, 0xFF, 0xFF, 0xFF, 0xFF,
    0xFF, 0xFF, 0xFF, 0xFF, 0xFF, 0xFF, 0xFF, 0xFF, 0xFF, 0xFF, 0xFF, 0xFF, 0xFF, 0xFF, 0xFF, 0xFF,
    0x1C, 0xDF, 0x92, 0x8C, 0x92, 0x8C, 0x96, 0xAD, 0x18, 0xBE, 0x1C, 0xDF, 0xFF, 0xFF, 0xFF, 0xFF,
    0xFF, 0xFF, 0xFF, 0xFF, 0xFF, 0xFF, 0xFF, 0xFF, 0xFF, 0xFF, 0xFF, 0xFF, 0xFF, 0xFF, 0xFF, 0xFF,
    0xFF, 0xFF, 0xFF, 0xFF, 0xFF, 0xFF, 0x18, 0xBE, 0x10, 0x7C, 0x0C, 0x63, 0x10, 0x7C, 0x10, 0x7C,
    0x10, 0x7C, 0x14, 0x9D, 0x18, 0xBE, 0xFF, 0xFF, 0xFF, 0xFF, 0xFF, 0xFF, 0xFF, 0xFF, 0xFF, 0xFF,
    0xFF, 0xFF, 0xFF, 0xFF, 0xFF, 0xFF, 0xFF, 0xFF, 0xFF, 0xFF, 0xFF, 0xFF, 0xFF, 0xFF, 0xFF, 0xFF,
    0xFF, 0xFF, 0xFF, 0xFF, 0xFF, 0xFF, 0xFF, 0xFF, 0xFF, 0xFF, 0xFF, 0xFF, 0xFF, 0xFF, 0xFF, 0xFF,
    0xFF, 0xFF, 0xFF, 0xFF, 0xFF, 0xFF, 0xFF, 0xFF, 0xFF, 0xFF, 0xFF, 0xFF, 0xFF, 0xFF, 0xFF, 0xFF,
    0xFF, 0xFF, 0xFF, 0xFF, 0xFF, 0xFF, 0xFF, 0xFF, 0xFF, 0xFF, 0x1F, 0x8C, 0x9F, 0x20, 0x9F, 0x20,
    0x9F, 0x20, 0x9F, 0x20, 0x9F, 0x20, 0xBF, 0x28, 0xBF, 0x62, 0x5F, 0xB5, 0xDF, 0xBD, 0xDF, 0xDE,
    0xFF, 0xFF, 0xFF, 0x8B, 0x9F, 0x20, 0x9F, 0x20, 0x9F, 0x20, 0x3F, 0x31, 0x1F, 0x6B, 0x9F, 0xD6,
    0xFF, 0xFF, 0xFF, 0xE6, 0x3F, 0x31, 0x9F, 0x20, 0x9F, 0x20, 0x9F, 0x20, 0x5F, 0x52, 0x5F, 0x94,
    0xFF, 0xFF, 0xFF, 0xFF, 0xFF, 0xFF, 0xFF, 0xFF, 0xFF, 0xFF, 0xFF, 0xFF, 0xFF, 0xFF, 0x1F, 0x8C,
    0x9F, 0x20, 0x9F, 0x20, 0x9F, 0x20, 0x9F, 0x20, 0x9F, 0x20, 0xBF, 0x28, 0xDF, 0x62, 0x7F, 0xB5,
    0xDF, 0xBD, 0xDF, 0xDE, 0xFF, 0xFF, 0xFF, 0xFF, 0xFF, 0xFF, 0xDF, 0xFF, 0x7D, 0xEF, 0x9E, 0xF7,
    0x9E, 0xF7, 0x9E, 0xF7, 0x9E, 0xF7, 0x9E, 0xF7, 0x9E, 0xF7, 0x9E, 0xF7, 0x9E, 0xF7, 0xBE, 0xF7,
    0xBE, 0xF7, 0xBE, 0xF7, 0xBE, 0xF7, 0xBE, 0xF7, 0xBE, 0xF7, 0xBE, 0xF7, 0xBE, 0xF7, 0xDF, 0xFF,
    0xDF, 0xFF, 0xDF, 0xFF, 0xDF, 0xFF, 0xDF, 0xFF, 0xDF, 0xFF, 0xDF, 0xFF, 0xDF, 0xFF, 0xDF, 0xFF,
    0xFF, 0xFF, 0xFF, 0xFF, 0xFF, 0xFF, 0xFF, 0xFF, 0xFF, 0xFF, 0xFF, 0xFF, 0xFF, 0xFF, 0xFF, 0xFF,
    0xFF, 0xFF, 0xFF, 0xFF, 0x3E, 0x5B, 0x9E, 0x21, 0x9E, 0x21, 0x9E, 0x21, 0x9E, 0x21, 0x9E, 0x21,
    0x9E, 0x21, 0x9E, 0x21, 0x9E, 0x21, 0x9E, 0x21, 0x9E, 0x21, 0x9E, 0x21, 0x9E, 0x21, 0x9E, 0x21,
    0x9E, 0x21, 0x9E, 0x21, 0x9E, 0x21, 0x9E, 0x21, 0xBE, 0x21, 0x9E, 0x21, 0x9E, 0x21, 0x9E, 0x21,
    0x9E, 0x21, 0x9E, 0x21, 0x9E, 0x21, 0x9E, 0x21, 0x9E, 0x21, 0x9E, 0x21, 0x9E, 0x21, 0x9E, 0x21,
    0x9E, 0x21, 0xBE, 0x21, 0x9E, 0x21, 0x9E, 0x21, 0xBE, 0x21, 0x9E, 0x21, 0x9E, 0x21, 0x9E, 0x21,
    0x1E, 0x32, 0xFF, 0xFF, 0x7E, 0x84, 0x9E, 0x21, 0x9E, 0x21, 0x7F, 0xCE, 0x7F, 0xCE, 0xBE, 0x21,
    0x9E, 0x21, 0xDF, 0x94, 0x7F, 0xCE, 0x9E, 0x21, 0xFE, 0x73, 0x7F, 0xCE, 0x9E, 0x21, 0x9E, 0x21,
    0x9E, 0x21, 0x7E, 0x3A, 0xFF, 0xFF, 0x7E, 0x3A, 0x9E, 0x21, 0x9E, 0x21, 0x9E, 0x21, 0xDF, 0x94,
    0x9F, 0xAD, 0x9E, 0x21, 0x9E, 0x21, 0xFF, 0xFF, 0x3E, 0x5B, 0x9E, 0x21, 0x3F, 0x9D, 0x9F, 0xF7,
    0xDF, 0xD6, 0x3F, 0xE7, 0x9E, 0x21, 0x1E, 0x32, 0x3F, 0xE7, 0x3F, 0xE7, 0x9E, 0x63, 0x9E, 0x21,
    0xDF, 0xD6, 0x7F, 0xCE, 0x9E, 0x21, 0xDE, 0x4A, 0xFF, 0xFF, 0x1E, 0x74, 0x9E, 0x21, 0x1E, 0x32,
    0x9F, 0xAD, 0x9F, 0xF7, 0x9F, 0xF7, 0xDF, 0x94, 0x9E, 0x21, 0x3E, 0x5B, 0x3F, 0xE7, 0xBE, 0x21,
    0xBE, 0x21, 0x9E, 0x21, 0x3F, 0xE7, 0x3E, 0x5B, 0x9E, 0x21, 0x7F, 0xCE, 0x3F, 0x9D, 0x9E, 0x21,
    0x9E, 0x21, 0x9E, 0x21, 0x3F, 0x9D, 0x3F, 0xE7, 0x7F, 0xCE, 0xFF, 0xBD, 0x9F, 0xAD, 0xBE, 0x21,
    0x7F, 0xCE, 0xFE, 0x73, 0xBE, 0x21, 0x7E, 0x3A, 0xFF, 0xFF, 0xBE, 0x21, 0x7E, 0x3A, 0x3F, 0xE7,
    0x9F, 0xF7, 0xFF, 0xBD, 0x3F, 0xE7, 0x7E, 0x3A, 0xBE, 0x21, 0x9E, 0x21, 0x9E, 0x21, 0x9E, 0x21,
    0xBE, 0x21, 0x9E, 0x21, 0x9E, 0x21, 0x9E, 0x21, 0x9E, 0x21, 0xBE, 0xF7, 0xBE, 0xF7, 0xBE, 0xF7,
    0xBE, 0xF7, 0x9E, 0xF7, 0x9E, 0xF7, 0x9E, 0xF7, 0x9E, 0xF7, 0x9E, 0xF7, 0x9E, 0xF7, 0x9E, 0xF7,
    0x7D, 0xEF, 0x7D, 0xEF, 0x7D, 0xEF, 0x7D, 0xEF, 0x7D, 0xEF, 0x7D, 0xEF, 0x7D, 0xEF, 0x7D, 0xEF,
    0x7D, 0xEF, 0x7D, 0xEF, 0x7D, 0xEF, 0x5D, 0xEF, 0x5D, 0xEF, 0x5D, 0xEF, 0x5D, 0xEF, 0x5D, 0xEF,
    0x5D, 0xEF, 0x3C, 0xE7, 0x3C, 0xE7, 0x3C, 0xE7, 0xBE, 0xF7, 0xFF, 0xFF, 0xFF, 0xFF, 0xFF, 0xFF,
    0xFF, 0xFF, 0xFF, 0xFF, 0xFF, 0xFF, 0x96, 0xAD, 0x18, 0xBE, 0xFF, 0xFF, 0xFF, 0xFF, 0xFF, 0xFF,
    0x10, 0x84, 0x00, 0x00, 0x00, 0x00, 0x00, 0x00, 0x00, 0x00, 0x00, 0x00, 0x00, 0x00, 0x00, 0x00,
    0x04, 0x21, 0x08, 0x42, 0x8A, 0x52, 0x8E, 0x73, 0x92, 0x8C, 0x96, 0xAD, 0x18, 0xBE, 0xFF, 0xFF,
    0xFF, 0xFF, 0xFF, 0xFF, 0xFF, 0xFF, 0x86, 0x31, 0x00, 0x00, 0x00, 0x00, 0x00, 0x00, 0x00, 0x00,
    0x00, 0x00, 0x00, 0x00, 0x00, 0x00, 0x00, 0x00, 0x82, 0x10, 0x0C, 0x63, 0x1C, 0xDF, 0xFF, 0xFF,
    0xFF, 0xFF, 0xFF, 0xFF, 0xFF, 0xFF, 0xFF, 0xFF, 0xFF, 0xFF, 0xFF, 0xFF, 0xFF, 0xFF, 0xFF, 0xFF,
    0xFF, 0xFF, 0xFF, 0xFF, 0xFF, 0xFF, 0xFF, 0xFF, 0xFF, 0xFF, 0xFF, 0xFF, 0xFF, 0xFF, 0xFF, 0xFF,
    0xFF, 0xFF, 0xFF, 0xFF, 0xFF, 0xFF, 0xFF, 0xFF, 0xFF, 0xFF, 0xFF, 0xFF, 0xFF, 0xFF, 0xFF, 0xFF,
    0xFF, 0xFF, 0xFF, 0xFF, 0xFF, 0xFF, 0xFF, 0xFF, 0xFF, 0xFF, 0x1F, 0x8C, 0x9F, 0x20, 0x9F, 0x20,
    0x9F, 0x20, 0x9F, 0x20, 0x9F, 0x20, 0x9F, 0x20, 0x9F, 0x20, 0x9F, 0x20, 0x9F, 0x20, 0x5F, 0x73,
    0xFF, 0xFF, 0x1F, 0xC6, 0x9F, 0x20, 0x9F, 0x20, 0x9F, 0x20, 0x9F, 0x20, 0x9F, 0x20, 0x9F, 0x7B,
    0xFF, 0xFF, 0xFF, 0xFF, 0x3F, 0x73, 0x9F, 0x20, 0x9F, 0x20, 0x9F, 0x20, 0x9F, 0x20, 0xFF, 0x30,
    0xDF, 0xDE, 0xFF, 0xFF, 0xFF, 0xFF, 0xFF, 0xFF, 0xFF, 0xFF, 0xFF, 0xFF, 0xFF, 0xFF, 0x1F, 0x8C,
    0x9F, 0x20, 0x9F, 0x20, 0x9F, 0x20, 0x9F, 0x20, 0x9F, 0x20, 0x9F, 0x20, 0x9F, 0x20, 0x9F, 0x20,
    0x9F, 0x20, 0x5F, 0x73, 0xFF, 0xFF, 0xFF, 0xFF, 0xFF, 0xFF, 0xFF, 0xFF, 0xFF, 0xFF, 0x7D, 0xEF,
    0x9E, 0xF7, 0x9E, 0xF7, 0x9E, 0xF7, 0x9E, 0xF7, 0x9E, 0xF7, 0x9E, 0xF7, 0xBE, 0xF7, 0xBE, 0xF7,
    0xBE, 0xF7, 0xBE, 0xF7, 0xBE, 0xF7, 0xBE, 0xF7, 0xBE, 0xF7, 0xBE, 0xF7, 0xBE, 0xF7, 0xBE, 0xF7,
    0xDF, 0xFF, 0xDF, 0xFF, 0xDF, 0xFF, 0xDF, 0xFF, 0xDF, 0xFF, 0xDF, 0xFF, 0xDF, 0xFF, 0xDF, 0xFF,
    0xDF, 0xFF, 0xFF, 0xFF, 0xFF, 0xFF, 0xFF, 0xFF, 0xFF, 0xFF, 0xFF, 0xFF, 0xFF, 0xFF, 0xFF, 0xFF,
    0xFF, 0xFF, 0xFF, 0xFF, 0xFF, 0xFF, 0x3F, 0xE7, 0x7E, 0x3A, 0xBE, 0x21, 0xBE, 0x21, 0xBE, 0x21,
    0xBE, 0x21, 0x9E, 0x21, 0x9E, 0x21, 0xBE, 0x21, 0x9E, 0x21, 0x9E, 0x21, 0x9E, 0x21, 0x9E, 0x21,
    0x9E, 0x21, 0x9E, 0x21, 0x9E, 0x21, 0x9E, 0x21, 0x9E, 0x21, 0x9E, 0x21, 0x9E, 0x21, 0x9E, 0x21,
    0x9E, 0x21, 0x9E, 0x21, 0x9E, 0x21, 0x9E, 0x21, 0xBE, 0x21, 0x9E, 0x21, 0x9E, 0x21, 0x9E, 0x21,
    0x9E, 0x21, 0x9E, 0x21, 0x9E, 0x21, 0x9E, 0x21, 0x9E, 0x21, 0x9E, 0x21, 0x9E, 0x21, 0x9E, 0x21,
    0x9E, 0x21, 0xBE, 0x21, 0x9E, 0x21, 0x9E, 0x21, 0x9E, 0x21, 0x9E, 0x21, 0xBE, 0x21, 0x9E, 0x21,
    0xBE, 0x21, 0x9E, 0x21, 0xBE, 0x21, 0xBE, 0x21, 0x9E, 0x21, 0x9E, 0x21, 0x9E, 0x21, 0x9E, 0x21,
    0x9E, 0x21, 0x9E, 0x21, 0x9E, 0x21, 0x9E, 0x21, 0x9E, 0x21, 0x9E, 0x21, 0x9E, 0x21, 0xBE, 0x21,
    0x9E, 0x21, 0x9E, 0x21, 0x9E, 0x21, 0x9E, 0x21, 0x9E, 0x21, 0x9E, 0x21, 0xBE, 0x21, 0x9E, 0x21,
    0x1E, 0x32, 0x7E, 0x3A, 0xBE, 0x21, 0x9E, 0x21, 0x9E, 0x21, 0x9E, 0x21, 0x7E, 0x3A, 0x9E, 0x21,
    0x9E, 0x21, 0x9E, 0x21, 0x9E, 0x21, 0xBE, 0x21, 0x9E, 0x21, 0x9E, 0x21, 0x9E, 0x21, 0x9E, 0x21,
    0x9E, 0x21, 0x9E, 0x21, 0x1E, 0x32, 0x1E, 0x2A, 0x9E, 0x21, 0x9E, 0x21, 0xBE, 0x21, 0x9E, 0x21,
    0x9E, 0x21, 0x9E, 0x21, 0xBE, 0x21, 0xBE, 0x21, 0x9E, 0x21, 0x9E, 0x21, 0x9E, 0x21, 0x9E, 0x21,
    0x9E, 0x21, 0x9E, 0x21, 0x9E, 0x21, 0x9E, 0x21, 0x1E, 0x32, 0x1E, 0x32, 0x9E, 0x21, 0xBE, 0x21,
    0x9E, 0x21, 0x9E, 0x21, 0x9E, 0x21, 0x9E, 0x21, 0x9E, 0x21, 0x9E, 0x21, 0x9E, 0x21, 0x9E, 0x21,
    0x9E, 0x21, 0x7E, 0x3A, 0x9E, 0x21, 0x9E, 0x21, 0x9E, 0x21, 0x9E, 0x21, 0x9E, 0x21, 0x9E, 0x21,
    0x9E, 0x21, 0x9E, 0x21, 0x9E, 0x21, 0x9E, 0x21, 0x9E, 0x21, 0x9E, 0x21, 0xBE, 0xF7, 0xBE, 0xF7,
    0xBE, 0xF7, 0x9E, 0xF7, 0x9E, 0xF7, 0x9E, 0xF7, 0x9E, 0xF7, 0x9E, 0xF7, 0x9E, 0xF7, 0x9E, 0xF7,
    0x9E, 0xF7, 0x7D, 0xEF, 0x7D, 0xEF, 0x7D, 0xEF, 0x7D, 0xEF, 0x7D, 0xEF, 0x7D, 0xEF, 0x7D, 0xEF,
    0x7D, 0xEF, 0x7D, 0xEF, 0x5D, 0xEF, 0x5D, 0xEF, 0x5D, 0xEF, 0x5D, 0xEF, 0x5D, 0xEF, 0x5D, 0xEF,
    0x5D, 0xEF, 0x5D, 0xEF, 0x3C, 0xE7, 0x3C, 0xE7, 0x3C, 0xE7, 0xDF, 0xFF, 0xFF, 0xFF, 0xFF, 0xFF,
    0xFF, 0xFF, 0xFF, 0xFF, 0xFF, 0xFF, 0xFF, 0xFF, 0x86, 0x31, 0x00, 0x00, 0x79, 0xCE, 0xFF, 0xFF,
    0xFF, 0xFF, 0x92, 0x8C, 0x86, 0x31, 0x00, 0x00, 0x00, 0x00, 0x00, 0x00, 0x00, 0x00, 0x00, 0x00,
    0x00, 0x00, 0x00, 0x00, 0x00, 0x00, 0x00, 0x00, 0x00, 0x00, 0x00, 0x00, 0x00, 0x00, 0x00, 0x00,
    0x04, 0x21, 0x18, 0xBE, 0xFF, 0xFF, 0xFF, 0xFF, 0x00, 0x00, 0x00, 0x00, 0x00, 0x00, 0x00, 0x00,
    0x00, 0x00, 0x00, 0x00, 0x00, 0x00, 0x00, 0x00, 0x00, 0x00, 0x00, 0x00, 0x00, 0x00, 0x04, 0x21,
    0x1C, 0xDF, 0xFF, 0xFF, 0xFF, 0xFF, 0xFF, 0xFF, 0xFF, 0xFF, 0xFF, 0xFF, 0xFF, 0xFF, 0xFF, 0xFF,
    0xFF, 0xFF, 0xFF, 0xFF, 0xFF, 0xFF, 0x7D, 0xEF, 0x14, 0x9D, 0x8E, 0x73, 0x0C, 0x63, 0x08, 0x42,
    0x0C, 0x63, 0x14, 0x9D, 0x1C, 0xDF, 0xFF, 0xFF, 0xFF, 0xFF, 0xFF, 0xFF, 0xFF, 0xFF, 0xFF, 0xFF,
    0xFF, 0xFF, 0xFF, 0xFF, 0xFF, 0xFF, 0xBF, 0xD6, 0x9F, 0x9C, 0x9F, 0x41, 0x9F, 0x20, 0x1F, 0xC6,
    0x9F, 0x9C, 0x1F, 0x52, 0x9F, 0x20, 0x9F, 0x20, 0x9F, 0x20, 0x9F, 0x20, 0x9F, 0x20, 0x3F, 0x73,
    0xFF, 0xFF, 0xFF, 0xFF, 0xBF, 0xF7, 0xDF, 0xA4, 0x3F, 0x31, 0x9F, 0x20, 0x9F, 0x20, 0x9F, 0x20,
    0x9F, 0x9C, 0xFF, 0xFF, 0xFF, 0xFF, 0xFF, 0xE6, 0xBF, 0x62, 0x9F, 0x20, 0x9F, 0x20, 0x9F, 0x20,
    0x5F, 0x39, 0x9F, 0xF7, 0xFF, 0xFF, 0xFF, 0xFF, 0xFF, 0xFF, 0xBF, 0xD6, 0x9F, 0x9C, 0x9F, 0x41,
    0x9F, 0x20, 0x1F, 0xC6, 0x9F, 0x9C, 0x1F, 0x52, 0x9F, 0x20, 0x9F, 0x20, 0x9F, 0x20, 0x9F, 0x20,
    0x9F, 0x20, 0x3F, 0x73, 0xFF, 0xFF, 0xFF, 0xFF, 0xFF, 0xFF, 0xFF, 0xFF, 0xFF, 0xFF, 0xFF, 0xFF,
    0x7D, 0xEF, 0x9E, 0xF7, 0x9E, 0xF7, 0x9E, 0xF7, 0x9E, 0xF7, 0x9E, 0xF7, 0x9E, 0xF7, 0xBE, 0xF7,
    0xBE, 0xF7, 0xBE, 0xF7, 0xBE, 0xF7, 0xBE, 0xF7, 0xBE, 0xF7, 0xBE, 0xF7, 0xBE, 0xF7, 0xBE, 0xF7,
    0xDF, 0xFF, 0xDF, 0xFF, 0xDF, 0xFF, 0xDF, 0xFF, 0xDF, 0xFF, 0xDF, 0xFF, 0xDF, 0xFF, 0xDF, 0xFF,
    0xFF, 0xFF, 0xFF, 0xFF, 0xFF, 0xFF, 0xFF, 0xFF, 0xFF, 0xFF, 0xFF, 0xFF, 0xFF, 0xFF, 0xFF, 0xFF,
    0xFF, 0xFF, 0xFF, 0xFF, 0xFF, 0xFF, 0xFF, 0xFF, 0xFF, 0xFF, 0x3F, 0xE7, 0x1E, 0x74, 0xBE, 0x21,
    0xBE, 0x21, 0x9E, 0x21, 0x9E, 0x21, 0x9E, 0x21, 0x9E, 0x21, 0x9E, 0x21, 0x9E, 0x21, 0x9E, 0x21,
    0x9E, 0x21, 0x9E, 0x21, 0x9E, 0x21, 0x9E, 0x21, 0x9E, 0x21, 0x9E, 0x21, 0x9E, 0x21, 0xBE, 0x21,
    0x9E, 0x21, 0x9E, 0x21, 0x9E, 0x21, 0x9E, 0x21, 0x9E, 0x21, 0xBE, 0x21, 0x9E, 0x21, 0x9E, 0x21,
    0x9E, 0x21, 0xBE, 0x21, 0x9E, 0x21, 0x9E, 0x21, 0x9E, 0x21, 0x9E, 0x21, 0x9E, 0x21, 0x9E, 0x21,
    0x9E, 0x21, 0x9E, 0x21, 0x9E, 0x21, 0x9E, 0x21, 0x9E, 0x21, 0xBE, 0x21, 0x9E, 0x21, 0x9E, 0x21,
    0x9E, 0x21, 0xBE, 0x21, 0x9E, 0x21, 0x9E, 0x21, 0x9E, 0x21, 0xBE, 0x21, 0xBE, 0x21, 0x9E, 0x21,
    0x9E, 0x21, 0x9E, 0x21, 0x9E, 0x21, 0x9E, 0x21, 0x9E, 0x21, 0x9E, 0x21, 0x9E, 0x21, 0x9E, 0x21,
    0x9E, 0x21, 0x9E, 0x21, 0x9E, 0x21, 0x9E, 0x21, 0x9E, 0x21, 0x9E, 0x21, 0x9E, 0x21, 0x9E, 0x21,
    0x9E, 0x21, 0x9E, 0x21, 0x9E, 0x21, 0x9E, 0x21, 0x9E, 0x21, 0x9E, 0x21, 0x9E, 0x21, 0x9E, 0x21,
    0x9E, 0x21, 0x9E, 0x21, 0x9E, 0x21, 0x9E, 0x21, 0x9E, 0x21, 0x9E, 0x21, 0x9E, 0x21, 0x9E, 0x21,
    0x9E, 0x21, 0x9E, 0x21, 0x9E, 0x21, 0xBE, 0x21, 0x9E, 0x21, 0x9E, 0x21, 0x9E, 0x21, 0x9E, 0x21,
    0xBE, 0x21, 0x9E, 0x21, 0x9E, 0x21, 0x9E, 0x21, 0x9E, 0x21, 0x9E, 0x21, 0x9E, 0x21, 0x9E, 0x21,
    0x9E, 0x21, 0x9E, 0x21, 0x9E, 0x21, 0x9E, 0x21, 0xBE, 0x21, 0x9E, 0x21, 0x9E, 0x21, 0x9E, 0x21,
    0x9E, 0x21, 0x9E, 0x21, 0x9E, 0x21, 0x9E, 0x21, 0x9E, 0x21, 0x9E, 0x21, 0x9E, 0x21, 0x9E, 0x21,
    0x9E, 0x21, 0x9E, 0x21, 0x9E, 0x21, 0xBE, 0x21, 0x9E, 0x21, 0x9E, 0x21, 0x9E, 0x21, 0x9E, 0x21,
    0x9E, 0x21, 0x9E, 0x21, 0x9E, 0x21, 0x9E, 0x21, 0x9E, 0x21, 0x9E, 0x21, 0x9E, 0x21, 0xBE, 0xF7,
    0x9E, 0xF7, 0xBE, 0xF7, 0xBE, 0xF7, 0x9E, 0xF7, 0x9E, 0xF7, 0x9E, 0xF7, 0x9E, 0xF7, 0x9E, 0xF7,
    0x9E, 0xF7, 0x7D, 0xEF, 0x9E, 0xF7, 0x7D, 0xEF, 0x7D, 0xEF, 0x7D, 0xEF, 0x7D, 0xEF, 0x7D, 0xEF,
    0x7D, 0xEF, 0x7D, 0xEF, 0x5D, 0xEF, 0x5D, 0xEF, 0x5D, 0xEF, 0x5D, 0xEF, 0x5D, 0xEF, 0x5D, 0xEF,
    0x5D, 0xEF, 0x5D, 0xEF, 0x3C, 0xE7, 0x3C, 0xE7, 0x3C, 0xE7, 0x3C, 0xE7, 0xFF, 0xFF, 0xFF, 0xFF,
    0xFF, 0xFF, 0xFF, 0xFF, 0xFF, 0xFF, 0xFF, 0xFF, 0xFF, 0xFF, 0x08, 0x42, 0x00, 0x00, 0x75, 0xAD,
    0xFF, 0xFF, 0xFF, 0xFF, 0xFF, 0xFF, 0xFF, 0xFF, 0x04, 0x21, 0x00, 0x00, 0x00, 0x00, 0x8A, 0x52,
    0x0C, 0x63, 0x08, 0x42, 0x08, 0x42, 0x04, 0x21, 0x82, 0x10, 0x00, 0x00, 0x00, 0x00, 0x00, 0x00,
    0x00, 0x00, 0x00, 0x00, 0x14, 0x9D, 0xFF, 0xFF, 0xFF, 0xFF, 0x00, 0x00, 0x00, 0x00, 0x04, 0x21,
    0x18, 0xBE, 0xFF, 0xFF, 0xFF, 0xFF, 0xFF, 0xFF, 0xFF, 0xFF, 0x18, 0xBE, 0x8A, 0x52, 0x00, 0x00,
    0x00, 0x00, 0x0C, 0x63, 0xFF, 0xFF, 0xFF, 0xFF, 0xFF, 0xFF, 0xFF, 0xFF, 0xFF, 0xFF, 0xFF, 0xFF,
    0xFF, 0xFF, 0xFF, 0xFF, 0x7D, 0xEF, 0x8A, 0x52, 0x00, 0x00, 0x00, 0x00, 0x00, 0x00, 0x00, 0x00,
    0x00, 0x00, 0x00, 0x00, 0x00, 0x00, 0x04, 0x21, 0x96, 0xAD, 0xFF, 0xFF, 0xFF, 0xFF, 0xFF, 0xFF,
    0xFF, 0xFF, 0xFF, 0xFF, 0xFF, 0xFF, 0xBF, 0xF7, 0x3F, 0x31, 0x9F, 0x20, 0x9F, 0x20, 0x9F, 0x20,
    0xBF, 0xDE, 0xFF, 0xFF, 0xFF, 0xFF, 0x7F, 0xD6, 0x9F, 0x5A, 0x9F, 0x20, 0x9F, 0x20, 0x9F, 0x20,
    0x3F, 0x73, 0xFF, 0xFF, 0xFF, 0xFF, 0xFF, 0xFF, 0xFF, 0xFF, 0xDF, 0x62, 0x9F, 0x20, 0x9F, 0x20,
    0x9F, 0x20, 0xBF, 0x9C, 0xFF, 0xFF, 0xFF, 0xFF, 0xFF, 0xFF, 0x5F, 0xCE, 0x9F, 0x20, 0x9F, 0x20,
    0x9F, 0x20, 0x5F, 0x39, 0xBF, 0xF7, 0xFF, 0xFF, 0xFF, 0xFF, 0xBF, 0xF7, 0x3F, 0x31, 0x9F, 0x20,
    0x9F, 0x20, 0x9F, 0x20, 0xBF, 0xDE, 0xFF, 0xFF, 0xFF, 0xFF, 0x7F, 0xD6, 0x9F, 0x5A, 0x9F, 0x20,
    0x9F, 0x20, 0x9F, 0x20, 0x3F, 0x73, 0xFF, 0xFF, 0xFF, 0xFF, 0xFF, 0xFF, 0xFF, 0xFF, 0xFF, 0xFF,
    0xFF, 0xFF, 0x9E, 0xF7, 0x9E, 0xF7, 0x9E, 0xF7, 0x9E, 0xF7, 0x9E, 0xF7, 0x9E, 0xF7, 0xBE, 0xF7,
    0xBE, 0xF7, 0xBE, 0xF7, 0xBE, 0xF7, 0xBE, 0xF7, 0xBE, 0xF7, 0xBE, 0xF7, 0xBE, 0xF7, 0xBE, 0xF7,
    0xBE, 0xF7, 0xDF, 0xFF, 0xDF, 0xFF, 0xDF, 0xFF, 0xDF, 0xFF, 0xDF, 0xFF, 0xDF, 0xFF, 0xDF, 0xFF,
    0xDF, 0xFF, 0xDF, 0xFF, 0xFF, 0xFF, 0xFF, 0xFF, 0xFF, 0xFF, 0xFF, 0xFF, 0xFF, 0xFF, 0xFF, 0xFF,
    0xFF, 0xFF, 0xFF, 0xFF, 0xFF, 0xFF, 0xFF, 0xFF, 0xFF, 0xFF, 0xFF, 0xFF, 0xFF, 0xFF, 0xFF, 0xFF,
    0x7F, 0xCE, 0xFE, 0x73, 0x7E, 0x3A, 0x9E, 0x21, 0x9E, 0x21, 0x9E, 0x21, 0x9E, 0x21, 0x9E, 0x21,
    0x9E, 0x21, 0x9E, 0x21, 0xBE, 0x21, 0x9E, 0x21, 0xBE, 0x21, 0x9E, 0x21, 0x9E, 0x21, 0x9E, 0x21,
    0x9E, 0x21, 0x9E, 0x21, 0x9E, 0x21, 0x9E, 0x21, 0x9E, 0x21, 0x9E, 0x21, 0x9E, 0x21, 0x9E, 0x21,
    0xBE, 0x21, 0x9E, 0x21, 0x9E, 0x21, 0x9E, 0x21, 0x9E, 0x21, 0x9E, 0x21, 0x9E, 0x21, 0xBE, 0x21,
    0x9E, 0x21, 0x9E, 0x21, 0x9E, 0x21, 0x9E, 0x21, 0x9E, 0x21, 0x9E, 0x21, 0xBE, 0x21, 0x9E, 0x21,
    0x9E, 0x21, 0x9E, 0x21, 0x9E, 0x21, 0x9E, 0x21, 0x9E, 0x21, 0xBE, 0x21, 0x9E, 0x21, 0x9E, 0x21,
    0xBE, 0x21, 0x9E, 0x21, 0x9E, 0x21, 0x9E, 0x21, 0xBE, 0x21, 0x9E, 0x21, 0x9E, 0x21, 0x9E, 0x21,
    0x9E, 0x21, 0x9E, 0x21, 0xBE, 0x21, 0x9E, 0x21, 0x9E, 0x21, 0x9E, 0x21, 0x9E, 0x21, 0x9E, 0x21,
    0x9E, 0x21, 0x9E, 0x21, 0xBE, 0x21, 0x9E, 0x21, 0x9E, 0x21, 0x9E, 0x21, 0x9E, 0x21, 0x9E, 0x21,
    0x9E, 0x21, 0x9E, 0x21, 0xBE, 0x21, 0x9E, 0x21, 0x9E, 0x21, 0xBE, 0x21, 0x9E, 0x21, 0x9E, 0x21,
    0x9E, 0x21, 0x9E, 0x21, 0x9E, 0x21, 0x9E, 0x21, 0x9E, 0x21, 0x9E, 0x21, 0x9E, 0x21, 0x9E, 0x21,
    0x9E, 0x21, 0x9E, 0x21, 0xBE, 0x21, 0xBE, 0x21, 0x9E, 0x21, 0xBE, 0x21, 0x9E, 0x21, 0xBE, 0x21,
    0x9E, 0x21, 0x9E, 0x21, 0x9E, 0x21, 0xBE, 0x21, 0x9E, 0x21, 0x9E, 0x21, 0xBE, 0x21, 0x9E, 0x21,
    0x9E, 0x21, 0xBE, 0x21, 0x9E, 0x21, 0x9E, 0x21, 0x9E, 0x21, 0x9E, 0x21, 0x9E, 0x21, 0x9E, 0x21,
    0x9E, 0x21, 0x9E, 0x21, 0x9E, 0x21, 0x9E, 0x21, 0x9E, 0x21, 0xBE, 0x21, 0x9E, 0x21, 0x9E, 0x21,
    0x9E, 0x21, 0x9E, 0x21, 0x9E, 0x21, 0xBE, 0x21, 0xBE, 0x21, 0xBE, 0x21, 0xBE, 0x21, 0xBE, 0x21,
    0xBE, 0xF7, 0x9E, 0xF7, 0x9E, 0xF7, 0x9E, 0xF7, 0x9E, 0xF7, 0x9E, 0xF7, 0x9E, 0xF7, 0x9E, 0xF7,
    0x9E, 0xF7, 0x9E, 0xF7, 0x7D, 0xEF, 0x7D, 0xEF, 0x7D, 0xEF, 0x7D, 0xEF, 0x7D, 0xEF, 0x7D, 0xEF,
    0x7D, 0xEF, 0x7D, 0xEF, 0x7D, 0xEF, 0x5D, 0xEF, 0x5D, 0xEF, 0x5D, 0xEF, 0x5D, 0xEF, 0x5D, 0xEF,
    0x5D, 0xEF, 0x5D, 0xEF, 0x5D, 0xEF, 0x3C, 0xE7, 0x3C, 0xE7, 0x3C, 0xE7, 0x9E, 0xF7, 0xFF, 0xFF,
    0xFF, 0xFF, 0xFF, 0xFF, 0xFF, 0xFF, 0xFF, 0xFF, 0xFF, 0xFF, 0xFF, 0xFF, 0x0C, 0x5B, 0x00, 0x00,
    0x14, 0x9D, 0xFF, 0xFF, 0xFF, 0xFF, 0xFF, 0xFF, 0xFF, 0xFF, 0x04, 0x21, 0x00, 0x00, 0x00, 0x00,
    0x18, 0xBE, 0xFF, 0xFF, 0xFF, 0xFF, 0xFF, 0xFF, 0xFF, 0xFF, 0xFF, 0xFF, 0xFF, 0xFF, 0x7D, 0xEF,
    0x1C, 0xDF, 0x1C, 0xDF, 0x1C, 0xDF, 0xFF, 0xFF, 0xFF, 0xFF, 0xFF, 0xFF, 0x00, 0x00, 0x00, 0x00,
    0x14, 0x9D, 0xFF, 0xFF, 0xFF, 0xFF, 0xFF, 0xFF, 0xFF, 0xFF, 0xFF, 0xFF, 0xFF, 0xFF, 0xFF, 0xFF,
    0x08, 0x42, 0x00, 0x00, 0x04, 0x21, 0xFF, 0xFF, 0xFF, 0xFF, 0xFF, 0xFF, 0xFF, 0xFF, 0xFF, 0xFF,
    0xFF, 0xFF, 0xFF, 0xFF, 0xFF, 0xFF, 0x04, 0x21, 0x00, 0x00, 0x00, 0x00, 0x00, 0x00, 0x82, 0x10,
    0x86, 0x31, 0x08, 0x42, 0x86, 0x31, 0x00, 0x00, 0x00, 0x00, 0x00, 0x00, 0x18, 0xBE, 0xFF, 0xFF,
    0xFF, 0xFF, 0xFF, 0xFF, 0xFF, 0xFF, 0xFF, 0xFF, 0x3F, 0xCE, 0xBF, 0x41, 0x9F, 0x20, 0x9F, 0x20,
    0x9F, 0x20, 0xDF, 0xDE, 0xFF, 0xFF, 0xFF, 0xFF, 0xFF, 0xFF, 0x7F, 0x9C, 0x9F, 0x20, 0x9F, 0x20,
    0x9F, 0x20, 0x3F, 0x73, 0xFF, 0xFF, 0xFF, 0xFF, 0xFF, 0xFF, 0xFF, 0xFF, 0xDF, 0x62, 0x9F, 0x20,
    0x9F, 0x20, 0x9F, 0x20, 0xBF, 0x9C, 0xFF, 0xFF, 0xFF, 0xFF, 0xFF, 0xFF, 0x5F, 0xCE, 0x9F, 0x20,
    0x9F, 0x20, 0x9F, 0x20, 0x5F, 0x39, 0xBF, 0xF7, 0xFF, 0xFF, 0xFF, 0xFF, 0xBF, 0xF7, 0x3F, 0x31,
    0x9F, 0x20, 0x9F, 0x20, 0x9F, 0x20, 0xDF, 0xDE, 0xFF, 0xFF, 0xFF, 0xFF, 0xFF, 0xFF, 0x7F, 0x9C,
    0x9F, 0x20, 0x9F, 0x20, 0xBF, 0x28, 0x7F, 0x5A, 0x5F, 0xEF, 0xFF, 0xFF, 0xFF, 0xFF, 0xFF, 0xFF,
    0xFF, 0xFF, 0xDF, 0xFF, 0x9E, 0xF7, 0x9E, 0xF7, 0x9E, 0xF7, 0x9E, 0xF7, 0x9E, 0xF7, 0x9E, 0xF7,
    0x9E, 0xF7, 0xBE, 0xF7, 0xBE, 0xF7, 0xBE, 0xF7, 0xBE, 0xF7, 0xBE, 0xF7, 0xBE, 0xF7, 0xBE, 0xF7,
    0xBE, 0xF7, 0xBE, 0xF7, 0xDF, 0xFF, 0xDF, 0xFF, 0xDF, 0xFF, 0xDF, 0xFF, 0xDF, 0xFF, 0xDF, 0xFF,
    0xDF, 0xFF, 0xDF, 0xFF, 0xFF, 0xFF, 0xFF, 0xFF, 0xFF, 0xFF, 0xFF, 0xFF, 0xFF, 0xFF, 0xFF, 0xFF,
    0xFF, 0xFF, 0xFF, 0xFF, 0xFF, 0xFF, 0xFF, 0xFF, 0xFF, 0xFF, 0xFF, 0xFF, 0xFF, 0xFF, 0xFF, 0xFF,
    0xFF, 0xFF, 0xFF, 0xFF, 0xFF, 0xFF, 0xFF, 0xFF, 0x9F, 0xF7, 0x7F, 0xCE, 0xDF, 0x94, 0x9E, 0x63,
    0x7E, 0x3A, 0x9E, 0x21, 0x9E, 0x21, 0x9E, 0x21, 0x9E, 0x21, 0x9E, 0x21, 0x9E, 0x21, 0x9E, 0x21,
    0x9E, 0x21, 0x9E, 0x21, 0x9E, 0x21, 0xBE, 0x21, 0x9E, 0x21, 0x9E, 0x21, 0x9E, 0x21, 0xBE, 0x21,
    0x9E, 0x21, 0x9E, 0x21, 0x9E, 0x21, 0x9E, 0x21, 0x9E, 0x21, 0x9E, 0x21, 0x9E, 0x21, 0x9E, 0x21,
    0x9E, 0x21, 0x9E, 0x21, 0x9E, 0x21, 0x9E, 0x21, 0x9E, 0x21, 0x9E, 0x21, 0x9E, 0x21, 0x9E, 0x21,
    0x9E, 0x21, 0x9E, 0x21, 0x9E, 0x21, 0xBE, 0x21, 0x9E, 0x21, 0x9E, 0x21, 0xBE, 0x21, 0x9E, 0x21,
    0x9E, 0x21, 0x9E, 0x21, 0x9E, 0x21, 0xBE, 0x21, 0x9E, 0x21, 0x9E, 0x21, 0x9E, 0x21, 0x9E, 0x21,
    0x9E, 0x21, 0xBE, 0x21, 0x9E, 0x21, 0x9E, 0x21, 0xBE, 0x21, 0x9E, 0x21, 0x9E, 0x21, 0x9E, 0x21,
    0x9E, 0x21, 0x9E, 0x21, 0x9E, 0x21, 0x9E, 0x21, 0x9E, 0x21, 0x9E, 0x21, 0x9E, 0x21, 0x9E, 0x21,
    0x9E, 0x21, 0xBE, 0x21, 0x9E, 0x21, 0x9E, 0x21, 0xBE, 0x21, 0x9E, 0x21, 0xBE, 0x21, 0xBE, 0x21,
    0x9E, 0x21, 0x9E, 0x21, 0x9E, 0x21, 0x9E, 0x21, 0x9E, 0x21, 0x9E, 0x21, 0x9E, 0x21, 0x9E, 0x21,
    0x9E, 0x21, 0x9E, 0x21, 0x9E, 0x21, 0x9E, 0x21, 0x9E, 0x21, 0x9E, 0x21, 0x9E, 0x21, 0x9E, 0x21,
    0x9E, 0x21, 0x9E, 0x21, 0x9E, 0x21, 0x9E, 0x21, 0x9E, 0x21, 0x7E, 0x3A, 0xBE, 0x63, 0x9E, 0x21,
    0x9E, 0x21, 0x9E, 0x21, 0xBE, 0x21, 0x9E, 0x21, 0x9E, 0x21, 0x9E, 0x21, 0x9E, 0x21, 0x9E, 0x21,
    0x9E, 0x21, 0x9E, 0x21, 0x9E, 0x21, 0x9E, 0x21, 0x9E, 0x21, 0x9E, 0x21, 0x9E, 0x21, 0x9E, 0x21,
    0x9E, 0x21, 0x9E, 0x21, 0x9E, 0x21, 0x9E, 0x21, 0x9E, 0x21, 0x9E, 0x21, 0xBE, 0x21, 0x9E, 0x21,
    0xBE, 0x21, 0xBE, 0xF7, 0x9E, 0xF7, 0x9E, 0xF7, 0x9E, 0xF7, 0x9E, 0xF7, 0x9E, 0xF7, 0x9E, 0xF7,
    0x9E, 0xF7, 0x9E, 0xF7, 0x9E, 0xF7, 0x9E, 0xF7, 0x7D, 0xEF, 0x7D, 0xEF, 0x7D, 0xEF, 0x7D, 0xEF,
    0x7D, 0xEF, 0x7D, 0xEF, 0x5D, 0xEF, 0x5D, 0xEF, 0x5D, 0xEF, 0x5D, 0xEF, 0x5D, 0xEF, 0x9E, 0xF7,
    0xBE, 0xF7, 0xBE, 0xF7, 0x9E, 0xF7, 0x5D, 0xEF, 0x3C, 0xE7, 0x5D, 0xEF, 0xBE, 0xF7, 0xFF, 0xFF,
    0xFF, 0xFF, 0xFF, 0xFF, 0xFF, 0xFF, 0xFF, 0xFF, 0xFF, 0xFF, 0xFF, 0xFF, 0xFF, 0xFF, 0x8E, 0x6B,
    0x00, 0x00, 0x8E, 0x6B, 0xFF, 0xFF, 0xFF, 0xFF, 0xFF, 0xFF, 0xFF, 0xFF, 0x04, 0x21, 0x00, 0x00,
    0x00, 0x00, 0x79, 0xCE, 0xFF, 0xFF, 0xFF, 0xFF, 0xFF, 0xFF, 0xFF, 0xFF, 0xFF, 0xFF, 0xFF, 0xFF,
    0xFF, 0xFF, 0xFF, 0xFF, 0xFF, 0xFF, 0xFF, 0xFF, 0xFF, 0xFF, 0xFF, 0xFF, 0xFF, 0xFF, 0x00, 0x00,
    0x00, 0x00, 0x14, 0x9D, 0xFF, 0xFF, 0xFF, 0xFF, 0xFF, 0xFF, 0xFF, 0xFF, 0xFF, 0xFF, 0xFF, 0xFF,
    0xFF, 0xFF, 0x8A, 0x52, 0x00, 0x00, 0x08, 0x42, 0xFF, 0xFF, 0xFF, 0xFF, 0xFF, 0xFF, 0xFF, 0xFF,
    0xFF, 0xFF, 0xFF, 0xFF, 0xFF, 0xFF, 0x18, 0xBE, 0x00, 0x00, 0x00, 0x00, 0x08, 0x42, 0x18, 0xBE,
    0xFF, 0xFF, 0xFF, 0xFF, 0xFF, 0xFF, 0xFF, 0xFF, 0xFB, 0xDE, 0x04, 0x21, 0x00, 0x00, 0x04, 0x21,
    0x7D, 0xEF, 0xFF, 0xFF, 0xFF, 0xFF, 0xFF, 0xFF, 0xFF, 0xFF, 0xFF, 0xFF, 0xDF, 0xFF, 0x9F, 0x9C,
    0xBF, 0x20, 0x9F, 0x20, 0xDF, 0xDE, 0xFF, 0xFF, 0xFF, 0xFF, 0xFF, 0xFF, 0x7F, 0x9C, 0x9F, 0x20,
    0x9F, 0x20, 0x9F, 0x20, 0x3F, 0x73, 0xFF, 0xFF, 0xFF, 0xFF, 0xFF, 0xFF, 0xFF, 0xFF, 0xDF, 0x62,
    0x9F, 0x20, 0x9F, 0x20, 0x9F, 0x20, 0xDF, 0xA4, 0xFF, 0xFF, 0xFF, 0xFF, 0xFF, 0xFF, 0x5F, 0xCE,
    0x9F, 0x20, 0x9F, 0x20, 0x9F, 0x20, 0x5F, 0x39, 0xBF, 0xFF, 0xFF, 0xFF, 0xFF, 0xFF, 0xBF, 0xF7,
    0x3F, 0x31, 0x9F, 0x20, 0x9F, 0x20, 0x9F, 0x20, 0xDF, 0xDE, 0xFF, 0xFF, 0xFF, 0xFF, 0xFF, 0xFF,
    0x5F, 0x94, 0x9F, 0x20, 0x7F, 0x39, 0x1F, 0xCE, 0xFF, 0xFF, 0xFF, 0xFF, 0xFF, 0xFF, 0xFF, 0xFF,
    0xFF, 0xFF, 0xFF, 0xFF, 0x9E, 0xF7, 0x9E, 0xF7, 0x9E, 0xF7, 0x9E, 0xF7, 0x9E, 0xF7, 0x9E, 0xF7,
    0x9E, 0xF7, 0xBE, 0xF7, 0xBE, 0xF7, 0xBE, 0xF7, 0xBE, 0xF7, 0xBE, 0xF7, 0xBE, 0xF7, 0xBE, 0xF7,
    0xBE, 0xF7, 0xBE, 0xF7, 0xDF, 0xFF, 0xDF, 0xFF, 0xDF, 0xFF, 0xDF, 0xFF, 0xDF, 0xFF, 0xDF, 0xFF,
    0xDF, 0xFF, 0xDF, 0xFF, 0xFF, 0xFF, 0xFF, 0xFF, 0xFF, 0xFF, 0xFF, 0xFF, 0xFF, 0xFF, 0xFF, 0xFF,
    0xFF, 0xFF, 0xFF, 0xFF, 0xFF, 0xFF, 0xFF, 0xFF, 0xFF, 0xFF, 0xFF, 0xFF, 0xFF, 0xFF, 0xFF, 0xFF,
    0xFF, 0xFF, 0xFF, 0xFF, 0xFF, 0xFF, 0xFF, 0xFF, 0xFF, 0xFF, 0xFF, 0xFF, 0xFF, 0xFF, 0xFF, 0xFF,
    0xFF, 0xFF, 0xFF, 0xFF, 0x9F, 0xF7, 0x5F, 0xC6, 0xDF, 0x94, 0x9E, 0x63, 0x7E, 0x3A, 0xBE, 0x21,
    0x9E, 0x21, 0x9E, 0x21, 0x9E, 0x21, 0x9E, 0x21, 0x9E, 0x21, 0x9E, 0x21, 0x9E, 0x21, 0x9E, 0x21,
    0x9E, 0x21, 0x9E, 0x21, 0x9E, 0x21, 0x9E, 0x21, 0xBE, 0x21, 0x9E, 0x21, 0x9E, 0x21, 0x9E, 0x21,
    0xBE, 0x21, 0x9E, 0x21, 0x9E, 0x21, 0x9E, 0x21, 0x9E, 0x21, 0x9E, 0x21, 0x9E, 0x21, 0x9E, 0x21,
    0x9E, 0x21, 0x9E, 0x21, 0x9E, 0x21, 0x9E, 0x21, 0x9E, 0x21, 0x9E, 0x21, 0x9E, 0x21, 0x9E, 0x21,
    0x9E, 0x21, 0x3E, 0x5B, 0xBE, 0x6B, 0x9E, 0x21, 0x9E, 0x21, 0x9E, 0x21, 0xBE, 0x21, 0x9E, 0x21,
    0x9E, 0x21, 0xBE, 0x21, 0xBE, 0x21, 0x9E, 0x21, 0x9E, 0x21, 0x9E, 0x21, 0x9E, 0x21, 0x9E, 0x21,
    0x9E, 0x21, 0xBE, 0x21, 0x9E, 0x21, 0x9E, 0x21, 0x9E, 0x21, 0x9E, 0x21, 0x9E, 0x21, 0xBE, 0x21,
    0x9E, 0x21, 0x9E, 0x21, 0x9E, 0x21, 0xBE, 0x21, 0x9E, 0x21, 0x9E, 0x21, 0x9E, 0x21, 0xBE, 0x21,
    0x9E, 0x21, 0x9E, 0x21, 0x9E, 0x21, 0x9E, 0x21, 0x9E, 0x21, 0x9E, 0x21, 0x9E, 0x21, 0x9E, 0x21,
    0x9E, 0x21, 0x9E, 0x21, 0x9E, 0x21, 0x9E, 0x21, 0x9E, 0x21, 0x9E, 0x21, 0x9E, 0x21, 0x9E, 0x21,
    0x9E, 0x21, 0xBE, 0x21, 0xBE, 0x21, 0x9E, 0x21, 0xBE, 0x21, 0x9E, 0x21, 0x1E, 0x74, 0x3F, 0x9D,
    0x9E, 0x21, 0x9E, 0x21, 0x9E, 0x21, 0x9E, 0x21, 0x9E, 0x21, 0xBE, 0x21, 0x9E, 0x21, 0x9E, 0x21,
    0x9E, 0x21, 0x9E, 0x21, 0x9E, 0x21, 0x9E, 0x21, 0x9E, 0x21, 0x9E, 0x21, 0x9E, 0x21, 0x9E, 0x21,
    0x9E, 0x21, 0x9E, 0x21, 0x9E, 0x21, 0x9E, 0x21, 0x9E, 0x21, 0x9E, 0x21, 0x9E, 0x21, 0x9E, 0x21,
    0xBE, 0x21, 0xBE, 0x21, 0x9E, 0xF7, 0x9E, 0xF7, 0x9E, 0xF7, 0x9E, 0xF7, 0x9E, 0xF7, 0x9E, 0xF7,
    0x9E, 0xF7, 0x9E, 0xF7, 0x7D, 0xEF, 0x7D, 0xEF, 0x7D, 0xEF, 0x7D, 0xEF, 0x7D, 0xEF, 0x7D, 0xEF,
    0x7D, 0xEF, 0x7D, 0xEF, 0x7D, 0xEF, 0x5D, 0xEF, 0x5D, 0xEF, 0x5D, 0xEF, 0x9E, 0xF7, 0xFF, 0xFF,
    0xFF, 0xFF, 0xFF, 0xFF, 0xFF, 0xFF, 0xFF, 0xFF, 0xFF, 0xFF, 0xFF, 0xFF, 0xFF, 0xFF, 0xFF, 0xFF,
    0xFF, 0xFF, 0xFF, 0xFF, 0xFF, 0xFF, 0xFF, 0xFF, 0xFF, 0xFF, 0xFF, 0xFF, 0xFF, 0xFF, 0xFF, 0xFF,
    0xF3, 0x9C, 0x00, 0x00, 0x8A, 0x4A, 0xFF, 0xFF, 0xFF, 0xFF, 0xFF, 0xFF, 0xFF, 0xFF, 0x08, 0x42,
    0x00, 0x00, 0x00, 0x00, 0xFF, 0xFF, 0xFF, 0xFF, 0xFF, 0xFF, 0xFF, 0xFF, 0xFF, 0xFF, 0xFF, 0xFF,
    0xFF, 0xFF, 0xFF, 0xFF, 0xFF, 0xFF, 0xFF, 0xFF, 0xFF, 0xFF, 0xFF, 0xFF, 0xFF, 0xFF, 0xFF, 0xFF,
    0x00, 0x00, 0x00, 0x00, 0x14, 0x9D, 0xFF, 0xFF, 0xFF, 0xFF, 0xFF, 0xFF, 0xFF, 0xFF, 0xFF, 0xFF,
    0xFF, 0xFF, 0xFB, 0xDE, 0x04, 0x21, 0x00, 0x00, 0x14, 0x9D, 0xFF, 0xFF, 0xFF, 0xFF, 0xFF, 0xFF,
    0xFF, 0xFF, 0xFF, 0xFF, 0xFF, 0xFF, 0xFF, 0xFF, 0xF3, 0x9C, 0x00, 0x00, 0x00, 0x00, 0xFF, 0xFF,
    0xFF, 0xFF, 0xFF, 0xFF, 0xFF, 0xFF, 0xFF, 0xFF, 0xFF, 0xFF, 0xFF, 0xFF, 0x18, 0xBE, 0x00, 0x00,
    0x00, 0x00, 0x75, 0xAD, 0xFF, 0xFF, 0xFF, 0xFF, 0xFF, 0xFF, 0xFF, 0xFF, 0xFF, 0xFF, 0xFF, 0xFF,
    0xFF, 0xFF, 0xFF, 0x8B, 0x9F, 0x20, 0x7F, 0xD6, 0xFF, 0xFF, 0xFF, 0xFF, 0xFF, 0xFF, 0x7F, 0x9C,
    0x9F, 0x20, 0x9F, 0x20, 0x9F, 0x20, 0x3F, 0x73, 0xFF, 0xFF, 0xFF, 0xFF, 0xFF, 0xFF, 0xFF, 0xFF,
    0xDF, 0x62, 0x9F, 0x20, 0x9F, 0x20, 0x9F, 0x20, 0xDF, 0xA4, 0xFF, 0xFF, 0xFF, 0xFF, 0xFF, 0xFF,
    0x5F, 0xCE, 0x9F, 0x20, 0x9F, 0x20, 0x9F, 0x20, 0x5F, 0x39, 0xDF, 0xFF, 0xFF, 0xFF, 0xFF, 0xFF,
    0xBF, 0xF7, 0x3F, 0x31, 0x9F, 0x20, 0x9F, 0x20, 0x9F, 0x20, 0xBF, 0xDE, 0xFF, 0xFF, 0xFF, 0xFF,
    0xFF, 0xFF, 0x3F, 0x73, 0x3F, 0x31, 0xBF, 0xDE, 0xFF, 0xFF, 0xFF, 0xFF, 0xFF, 0xFF, 0xFF, 0xFF,
    0xFF, 0xFF, 0xFF, 0xFF, 0xBE, 0xF7, 0x9E, 0xF7, 0x9E, 0xF7, 0x9E, 0xF7, 0x9E, 0xF7, 0x9E, 0xF7,
    0x9E, 0xF7, 0x9E, 0xF7, 0xBE, 0xF7, 0xBE, 0xF7, 0xBE, 0xF7, 0xBE, 0xF7, 0xBE, 0xF7, 0xBE, 0xF7,
    0xBE, 0xF7, 0xDF, 0xFF, 0xDF, 0xFF, 0xDF, 0xFF, 0xDF, 0xFF, 0xDF, 0xFF, 0xDF, 0xFF, 0xDF, 0xFF,
    0xDF, 0xFF, 0xDF, 0xFF, 0xFF, 0xFF, 0xFF, 0xFF, 0xFF, 0xFF, 0xFF, 0xFF, 0xFF, 0xFF, 0xFF, 0xFF,
    0xFF, 0xFF, 0xFF, 0xFF, 0xFF, 0xFF, 0xFF, 0xFF, 0xFF, 0xFF, 0xFF, 0xFF, 0xFF, 0xFF, 0xFF, 0xFF,
    0xFF, 0xFF, 0xFF, 0xFF, 0xFF, 0xFF, 0xFF, 0xFF, 0xFF, 0xFF, 0xFF, 0xFF, 0xFF, 0xFF, 0xFF, 0xFF,
    0xFF, 0xFF, 0xFF, 0xFF, 0xFF, 0xFF, 0xFF, 0xFF, 0xFF, 0xFF, 0xFF, 0xFF, 0xFF, 0xFF, 0xFF, 0xFF,
    0x9F, 0xF7, 0x7F, 0xCE, 0xDF, 0x94, 0x9E, 0x63, 0x7E, 0x3A, 0x9E, 0x21, 0x9E, 0x21, 0x9E, 0x21,
    0x9E, 0x21, 0x9E, 0x21, 0x9E, 0x21, 0x9E, 0x21, 0x9E, 0x21, 0x9E, 0x21, 0x9E, 0x21, 0x9E, 0x21,
    0xBE, 0x21, 0x9E, 0x21, 0x9E, 0x21, 0x9E, 0x21, 0x9E, 0x21, 0x9E, 0x21, 0x9E, 0x21, 0x1E, 0x2A,
    0x7E, 0x84, 0xDF, 0x94, 0x9E, 0x63, 0x9E, 0x21, 0x9E, 0x21, 0x3E, 0x5B, 0xDF, 0x94, 0x1E, 0x74,
    0xBE, 0x21, 0x1E, 0x2A, 0xFF, 0xBD, 0xFF, 0xBD, 0xFE, 0x73, 0x9E, 0x21, 0x9E, 0x63, 0x1E, 0x32,
    0x9E, 0x21, 0x7E, 0x3A, 0x9E, 0x63, 0x9E, 0x21, 0xDE, 0x4A, 0xDE, 0x4A, 0x9E, 0x6B, 0xDF, 0x94,
    0x7E, 0x3A, 0x9E, 0x21, 0x9E, 0x21, 0x9E, 0x21, 0x7E, 0x3A, 0x9E, 0x63, 0xBE, 0x21, 0x9E, 0x21,
    0xDE, 0x4A, 0x3E, 0x5B, 0x9E, 0x21, 0x7E, 0x3A, 0x5E, 0x84, 0x7E, 0x84, 0x7E, 0x3A, 0x9E, 0x21,
    0x7E, 0x3A, 0x9E, 0x63, 0x9E, 0x21, 0x9E, 0x21, 0x3E, 0x5B, 0xDE, 0x4A, 0x9E, 0x21, 0x9E, 0x6B,
    0x7E, 0x3A, 0x7E, 0x84, 0x3E, 0x5B, 0xBE, 0x21, 0x9E, 0x21, 0x9E, 0x21, 0x1E, 0x74, 0x7E, 0x3A,
    0x7E, 0x84, 0x1E, 0x74, 0xBE, 0x21, 0x7E, 0x84, 0xDF, 0x94, 0x7E, 0x3A, 0x9E, 0x21, 0x7E, 0x3A,
    0x3E, 0x5B, 0xBE, 0x21, 0x3E, 0x5B, 0x7E, 0x3A, 0x7E, 0x84, 0xDF, 0x94, 0x7E, 0x3A, 0xBE, 0x21,
    0x9E, 0x21, 0x7E, 0x3A, 0x7E, 0x84, 0xFE, 0x73, 0x7E, 0x3A, 0xBE, 0x21, 0xDE, 0x4A, 0x7E, 0x3A,
    0x3E, 0x5B, 0x1E, 0x74, 0x9E, 0x21, 0x9E, 0x21, 0x9E, 0x21, 0x9E, 0x21, 0xBE, 0x21, 0xBE, 0x21,
    0xBE, 0x21, 0xBE, 0x21, 0xBE, 0x21, 0x9E, 0xF7, 0x9E, 0xF7, 0x9E, 0xF7, 0x9E, 0xF7, 0x9E, 0xF7,
    0x9E, 0xF7, 0x9E, 0xF7, 0x7D, 0xEF, 0x7D, 0xEF, 0x7D, 0xEF, 0x7D, 0xEF, 0x7D, 0xEF, 0x7D, 0xEF,
    0x7D, 0xEF, 0x7D, 0xEF, 0x5D, 0xEF, 0x7D, 0xEF, 0x5D, 0xEF, 0x5D, 0xEF, 0x7D, 0xEF, 0xFF, 0xFF,
    0xFF, 0xFF, 0xFF, 0xFF, 0xFF, 0xFF, 0xFF, 0xFF, 0xFF, 0xFF, 0xFF, 0xFF, 0xFF, 0xFF, 0xFF, 0xFF,
    0xFF, 0xFF, 0xFF, 0xFF, 0xFF, 0xFF, 0xFF, 0xFF, 0xFF, 0xFF, 0xFF, 0xFF, 0xFF, 0xFF, 0xFF, 0xFF,
    0xFF, 0xFF, 0x18, 0xBE, 0x00, 0x00, 0x04, 0x21, 0xFF, 0xFF, 0xFF, 0xFF, 0xFF, 0xFF, 0xFF, 0xFF,
    0x08, 0x42, 0x00, 0x00, 0x00, 0x00, 0xFF, 0xFF, 0xFF, 0xFF, 0xFF, 0xFF, 0xFF, 0xFF, 0xFF, 0xFF,
    0xFF, 0xFF, 0xFF, 0xFF, 0xFF, 0xFF, 0xFF, 0xFF, 0xFF, 0xFF, 0xFF, 0xFF, 0xFF, 0xFF, 0xFF, 0xFF,
    0xFF, 0xFF, 0x00, 0x00, 0x00, 0x00, 0x14, 0x9D, 0xFF, 0xFF, 0xFF, 0xFF, 0xFF, 0xFF, 0xFF, 0xFF,
    0xFF, 0xFF, 0xFF, 0xFF, 0x8A, 0x52, 0x00, 0x00, 0x8A, 0x52, 0xFF, 0xFF, 0xFF, 0xFF, 0xFF, 0xFF,
    0xFF, 0xFF, 0xFF, 0xFF, 0xFF, 0xFF, 0xFF, 0xFF, 0xFF, 0xFF, 0x9A, 0xCE, 0x00, 0x00, 0x00, 0x00,
    0xFF, 0xFF, 0xFF, 0xFF, 0xFF, 0xFF, 0xFF, 0xFF, 0xFF, 0xFF, 0xFF, 0xFF, 0xFF, 0xFF, 0xFF, 0xFF,
    0x08, 0x42, 0x00, 0x00, 0x0C, 0x63, 0xFF, 0xFF, 0xFF, 0xFF, 0xFF, 0xFF, 0xFF, 0xFF, 0xFF, 0xFF,
    0xFF, 0xFF, 0xFF, 0xFF, 0xFF, 0xFF, 0x7F, 0x7B, 0xFF, 0xA4, 0xFF, 0xFF, 0xFF, 0xFF, 0xFF, 0xFF,
    0x7F, 0x9C, 0x9F, 0x20, 0x9F, 0x20, 0x9F, 0x20, 0x3F, 0x73, 0xFF, 0xFF, 0xFF, 0xFF, 0xFF, 0xFF,
    0xFF, 0xFF, 0xDF, 0x62, 0x9F, 0x20, 0x9F, 0x20, 0x9F, 0x20, 0xDF, 0xA4, 0xFF, 0xFF, 0xFF, 0xFF,
    0xFF, 0xFF, 0x5F, 0xCE, 0x9F, 0x20, 0x9F, 0x20, 0x9F, 0x20, 0x7F, 0x39, 0xDF, 0xFF, 0xFF, 0xFF,
    0xFF, 0xFF, 0xBF, 0xF7, 0x3F, 0x31, 0x9F, 0x20, 0x9F, 0x20, 0x9F, 0x20, 0xDF, 0xDE, 0xFF, 0xFF,
    0xFF, 0xFF, 0x3F, 0xE7, 0x5F, 0x39, 0xFF, 0xDE, 0xFF, 0xFF, 0xFF, 0xFF, 0xFF, 0xFF, 0xFF, 0xFF,
    0xFF, 0xFF, 0xFF, 0xFF, 0xDF, 0xFF, 0x9E, 0xF7, 0x9E, 0xF7, 0x9E, 0xF7, 0x9E, 0xF7, 0x9E, 0xF7,
    0x9E, 0xF7, 0x9E, 0xF7, 0xBE, 0xF7, 0xBE, 0xF7, 0xBE, 0xF7, 0xBE, 0xF7, 0xBE, 0xF7, 0xBE, 0xF7,
    0xBE, 0xF7, 0xBE, 0xF7, 0xBE, 0xF7, 0xDF, 0xFF, 0xDF, 0xFF, 0xDF, 0xFF, 0xDF, 0xFF, 0xDF, 0xFF,
    0xDF, 0xFF, 0xDF, 0xFF, 0xFF, 0xFF, 0xFF, 0xFF, 0xFF, 0xFF, 0xFF, 0xFF, 0xFF, 0xFF, 0xFF, 0xFF,
    0xFF, 0xFF, 0xFF, 0xFF, 0xFF, 0xFF, 0xFF, 0xFF, 0xFF, 0xFF, 0xFF, 0xFF, 0xFF, 0xFF, 0xFF, 0xFF,
    0xFF, 0xFF, 0xFF, 0xFF, 0xFF, 0xFF, 0xFF, 0xFF, 0xFF, 0xFF, 0xFF, 0xFF, 0xFF, 0xFF, 0xFF, 0xFF,
    0xFF, 0xFF, 0xFF, 0xFF, 0xFF, 0xFF, 0xFF, 0xFF, 0xFF, 0xFF, 0xFF, 0xFF, 0xFF, 0xFF, 0xFF, 0xFF,
    0xFF, 0xFF, 0xFF, 0xFF, 0xFF, 0xFF, 0xFF, 0xFF, 0xFF, 0xFF, 0xFF, 0xFF, 0x3F, 0xE7, 0xFF, 0xBD,
    0x9E, 0x63, 0x9E, 0x21, 0x9E, 0x21, 0x9E, 0x21, 0x9E, 0x21, 0x9E, 0x21, 0x9E, 0x21, 0x9E, 0x21,
    0xBE, 0x21, 0x9E, 0x21, 0xBE, 0x21, 0x9E, 0x21, 0xBE, 0x21, 0x9E, 0x21, 0x9E, 0x21, 0x9E, 0x21,
    0xFF, 0xBD, 0x9F, 0xAD, 0xFE, 0x73, 0x3F, 0x9D, 0xBE, 0x21, 0xFE, 0x73, 0x3F, 0xE7, 0xFE, 0x73,
    0xDF, 0xD6, 0x7F, 0x84, 0x3E, 0x5B, 0x3F, 0xE7, 0x7F, 0xCE, 0xDF, 0x94, 0xBE, 0x21, 0x3F, 0xE7,
    0x3E, 0x5B, 0x9E, 0x21, 0x3E, 0x5B, 0x3F, 0xE7, 0x9E, 0x21, 0xDF, 0x94, 0x9F, 0xF7, 0xDF, 0x94,
    0x9F, 0xAD, 0x9F, 0xF7, 0xFE, 0x29, 0x9E, 0x21, 0xBE, 0x21, 0x1E, 0x32, 0xFF, 0xFF, 0x1E, 0x32,
    0x9E, 0x21, 0xFF, 0xBD, 0x3F, 0x9D, 0x7E, 0x3A, 0x9F, 0xF7, 0xDF, 0x94, 0x9F, 0xAD, 0x3F, 0xE7,
    0x1E, 0x2A, 0x3E, 0x5B, 0x3F, 0xE7, 0x9E, 0x21, 0x9E, 0x21, 0x9F, 0xAD, 0xDF, 0x94, 0x9E, 0x21,
    0x3F, 0xE7, 0xDF, 0xD6, 0x9F, 0xAD, 0x3E, 0x5B, 0x9E, 0x21, 0x9E, 0x21, 0x9E, 0x21, 0xFF, 0xFF,
    0x7F, 0xCE, 0x7E, 0x84, 0x3F, 0xE7, 0x3F, 0xE7, 0xDF, 0x94, 0xFF, 0xBD, 0xDF, 0xD6, 0x9E, 0x21,
    0xFE, 0x73, 0x7F, 0xCE, 0x9E, 0x21, 0x9F, 0xAD, 0x3F, 0xE7, 0xDF, 0x94, 0x9F, 0xAD, 0x9F, 0xF7,
    0x1E, 0x2A, 0x7E, 0x3A, 0x9F, 0xF7, 0x7E, 0x84, 0x3F, 0x9D, 0x3F, 0xE7, 0xBE, 0x21, 0xDF, 0x94,
    0x3F, 0xE7, 0x7F, 0xCE, 0xDF, 0x94, 0x9E, 0x21, 0xBE, 0x21, 0x9E, 0x21, 0xBE, 0x21, 0xBE, 0x21,
    0xBE, 0x21, 0xBE, 0x21, 0xBE, 0x21, 0xBE, 0x21, 0x9E, 0xF7, 0x9E, 0xF7, 0x9E, 0xF7, 0x9E, 0xF7,
    0x9E, 0xF7, 0x9E, 0xF7, 0x7D, 0xEF, 0x7D, 0xEF, 0x7D, 0xEF, 0x7D, 0xEF, 0x7D, 0xEF, 0x7D, 0xEF,
    0x7D, 0xEF, 0x7D, 0xEF, 0x7D, 0xEF, 0x7D, 0xEF, 0x5D, 0xEF, 0x5D, 0xEF, 0x5D, 0xEF, 0xDF, 0xFF,
    0xFF, 0xFF, 0xFF, 0xFF, 0xFF, 0xFF, 0xFF, 0xFF, 0xFF, 0xFF, 0x7D, 0xEF, 0x7D, 0xEF, 0xFF, 0xFF,
    0xFF, 0xFF, 0xFF, 0xFF, 0xFF, 0xFF, 0xFF, 0xFF, 0xFF, 0xFF, 0xFF, 0xFF, 0xFF, 0xFF, 0xFF, 0xFF,
    0xFF, 0xFF, 0xFF, 0xFF, 0x7D, 0xEF, 0x00, 0x00, 0x00, 0x00, 0x7D, 0xEF, 0xFF, 0xFF, 0xFF, 0xFF,
    0xFF, 0xFF, 0x0C, 0x5B, 0x00, 0x00, 0x00, 0x00, 0xFF, 0xFF, 0xFF, 0xFF, 0xFF, 0xFF, 0xFF, 0xFF,
    0xFF, 0xFF, 0xFF, 0xFF, 0xFF, 0xFF, 0xFF, 0xFF, 0xFF, 0xFF, 0xFF, 0xFF, 0xFF, 0xFF, 0xFF, 0xFF,
    0xFF, 0xFF, 0xFF, 0xFF, 0x04, 0x21, 0x00, 0x00, 0x14, 0x9D, 0xFF, 0xFF, 0xFF, 0xFF, 0xFF, 0xFF,
    0xFF, 0xFF, 0xFF, 0xFF, 0x10, 0x84, 0x00, 0x00, 0x08, 0x42, 0x7D, 0xEF, 0xFF, 0xFF, 0xFF, 0xFF,
    0xFF, 0xFF, 0xFF, 0xFF, 0xFF, 0xFF, 0xFF, 0xFF, 0xFF, 0xFF, 0xFF, 0xFF, 0x7D, 0xEF, 0x00, 0x00,
    0x00, 0x00, 0xFF, 0xFF, 0xFF, 0xFF, 0xFF, 0xFF, 0xFF, 0xFF, 0xFF, 0xFF, 0xFF, 0xFF, 0xFF, 0xFF,
    0xFF, 0xFF, 0x8E, 0x6B, 0x00, 0x00, 0x04, 0x21, 0xFF, 0xFF, 0xFF, 0xFF, 0xFF, 0xFF, 0xFF, 0xFF,
    0xFF, 0xFF, 0xFF, 0xFF, 0xFF, 0xFF, 0xFF, 0xFF, 0xDF, 0xFF, 0x5F, 0xB5, 0xBF, 0xF7, 0xFF, 0xFF,
    0xFF, 0xFF, 0x7F, 0x9C, 0x9F, 0x20, 0x9F, 0x20, 0x9F, 0x20, 0x3F, 0x73, 0xFF, 0xFF, 0xFF, 0xFF,
    0xFF, 0xFF, 0xFF, 0xFF, 0xDF, 0x62, 0x9F, 0x20, 0x9F, 0x20, 0x9F, 0x20, 0x1F, 0x6B, 0xDF, 0xDE,
    0xFF, 0xFF, 0xFF, 0xFF, 0x5F, 0xCE, 0x9F, 0x20, 0x9F, 0x20, 0x5F, 0x39, 0x1F, 0x8C, 0xFF, 0xFF,
    0xFF, 0xFF, 0xFF, 0xFF, 0xBF, 0xF7, 0x3F, 0x31, 0x9F, 0x20, 0x9F, 0x20, 0x9F, 0x20, 0xDF, 0xDE,
    0xFF, 0xFF, 0xFF, 0xFF, 0xBF, 0x83, 0x1F, 0xAD, 0xFF, 0xFF, 0xFF, 0xFF, 0xFF, 0xFF, 0xFF, 0xFF,
    0xFF, 0xFF, 0xFF, 0xFF, 0xFF, 0xFF, 0x9E, 0xF7, 0x9E, 0xF7, 0x9E, 0xF7, 0x9E, 0xF7, 0x9E, 0xF7,
    0x9E, 0xF7, 0x9E, 0xF7, 0x9E, 0xF7, 0xBE, 0xF7, 0xBE, 0xF7, 0xBE, 0xF7, 0xBE, 0xF7, 0xBE, 0xF7,
    0xBE, 0xF7, 0xBE, 0xF7, 0xDF, 0xFF, 0xDF, 0xFF, 0xDF, 0xFF, 0xDF, 0xFF, 0xDF, 0xFF, 0xDF, 0xFF,
    0xDF, 0xFF, 0xDF, 0xFF, 0xFF, 0xFF, 0xDF, 0xFF, 0xFF, 0xFF, 0xFF, 0xFF, 0xFF, 0xFF, 0xFF, 0xFF,
    0xFF, 0xFF, 0xFF, 0xFF, 0xFF, 0xFF, 0xFF, 0xFF, 0xFF, 0xFF, 0xFF, 0xFF, 0xFF, 0xFF, 0xFF, 0xFF,
    0xFF, 0xFF, 0xFF, 0xFF, 0xFF, 0xFF, 0xFF, 0xFF, 0xFF, 0xFF, 0xFF, 0xFF, 0xFF, 0xFF, 0xFF, 0xFF,
    0xFF, 0xFF, 0xFF, 0xFF, 0xFF, 0xFF, 0xFF, 0xFF, 0xFF, 0xFF, 0xFF, 0xFF, 0xFF, 0xFF, 0xFF, 0xFF,
    0xFF, 0xFF, 0xFF, 0xFF, 0xFF, 0xFF, 0xFF, 0xFF, 0xFF, 0xFF, 0xFF, 0xFF, 0xFF, 0xFF, 0xFF, 0xFF,
    0xFF, 0xFF, 0xFF, 0xFF, 0x7F, 0xCE, 0x7E, 0x3A, 0x9E, 0x21, 0x9E, 0x21, 0x9E, 0x21, 0x9E, 0x21,
    0xBE, 0x21, 0x9E, 0x21, 0xBE, 0x21, 0x9E, 0x21, 0x9E, 0x21, 0x9E, 0x21, 0x9E, 0x21, 0x9E, 0x21,
    0x9E, 0x21, 0xFF, 0xBD, 0xFF, 0xBD, 0x3E, 0x5B, 0x9E, 0x21, 0x9E, 0x21, 0xDF, 0xD6, 0xDF, 0x94,
    0x3E, 0x5B, 0xDF, 0x94, 0x3F, 0xE7, 0x9E, 0x21, 0x7F, 0xCE, 0xDF, 0x94, 0x9E, 0x21, 0x9E, 0x21,
    0x3F, 0xE7, 0x3E, 0x5B, 0x9E, 0x21, 0x3E, 0x5B, 0x3F, 0xE7, 0xBE, 0x21, 0xDF, 0x94, 0x7F, 0xCE,
    0x9E, 0x21, 0x9E, 0x21, 0x3F, 0xE7, 0xFE, 0x73, 0xBE, 0x21, 0x9E, 0x21, 0x9E, 0x21, 0x7F, 0xCE,
    0x7E, 0x84, 0x7E, 0x3A, 0xFF, 0xFF, 0x7E, 0x3A, 0x3F, 0x9D, 0xFF, 0xBD, 0x9E, 0x21, 0x9E, 0x21,
    0xDF, 0xD6, 0x1E, 0x74, 0x3E, 0x5B, 0x3F, 0xE7, 0x9E, 0x21, 0xBE, 0x21, 0x9F, 0xAD, 0xDF, 0x94,
    0x9E, 0x21, 0x3F, 0xE7, 0xFE, 0x73, 0x9E, 0x21, 0x9E, 0x21, 0x9E, 0x21, 0x9E, 0x21, 0x9E, 0x21,
    0xFF, 0xFF, 0x3E, 0x5B, 0x9E, 0x21, 0x3F, 0x9D, 0xFF, 0xBD, 0x9E, 0x21, 0x7E, 0x3A, 0xFF, 0xFF,
    0x9E, 0x21, 0xFE, 0x73, 0x7F, 0xCE, 0x9E, 0x21, 0x9F, 0xAD, 0x9F, 0xAD, 0x9E, 0x21, 0x1E, 0x32,
    0xFF, 0xFF, 0x7E, 0x3A, 0xDF, 0x94, 0x7F, 0xCE, 0x3E, 0x5B, 0x3E, 0x5B, 0xFF, 0xFF, 0xDE, 0x4A,
    0xDF, 0x94, 0x7F, 0xCE, 0x9E, 0x21, 0x9E, 0x21, 0xBE, 0x21, 0xBE, 0x21, 0xBE, 0x21, 0xBE, 0x21,
    0xBE, 0x21, 0xBE, 0x21, 0xBE, 0x21, 0xBE, 0x21, 0xBE, 0x21, 0x9E, 0xF7, 0x9E, 0xF7, 0x9E, 0xF7,
    0x9E, 0xF7, 0x9E, 0xF7, 0x9E, 0xF7, 0x7D, 0xEF, 0x7D, 0xEF, 0x7D, 0xEF, 0x7D, 0xEF, 0x7D, 0xEF,
    0x7D, 0xEF, 0x7D, 0xEF, 0x7D, 0xEF, 0x5D, 0xEF, 0x5D, 0xEF, 0x5D, 0xEF, 0x5D, 0xEF, 0x5D, 0xEF,
    0xFF, 0xFF, 0xFF, 0xFF, 0xFF, 0xFF, 0xFF, 0xFF, 0xFF, 0xFF, 0x08, 0x42, 0x00, 0x00, 0x00, 0x00,
    0x04, 0x21, 0x0C, 0x63, 0x1C, 0xDF, 0xFF, 0xFF, 0xFF, 0xFF, 0xFF, 0xFF, 0xFF, 0xFF, 0xFF, 0xFF,
    0xFF, 0xFF, 0xFF, 0xFF, 0xFF, 0xFF, 0xFF, 0xFF, 0x82, 0x10, 0x00, 0x00, 0x75, 0xAD, 0xFF, 0xFF,
    0xFF, 0xFF, 0xFF, 0xFF, 0x8E, 0x6B, 0x00, 0x00, 0x00, 0x00, 0x7D, 0xEF, 0xFF, 0xFF, 0xFF, 0xFF,
    0xFF, 0xFF, 0xFF, 0xFF, 0xFF, 0xFF, 0xFF, 0xFF, 0xFF, 0xFF, 0xFF, 0xFF, 0xFF, 0xFF, 0xFF, 0xFF,
    0xFF, 0xFF, 0xFF, 0xFF, 0xFF, 0xFF, 0x86, 0x31, 0x00, 0x00, 0x14, 0x9D, 0xFF, 0xFF, 0xFF, 0xFF,
    0xFF, 0xFF, 0x7D, 0xEF, 0x0C, 0x63, 0x00, 0x00, 0x8E, 0x6B, 0xFF, 0xFF, 0xFF, 0xFF, 0xFF, 0xFF,
    0xFF, 0xFF, 0xFF, 0xFF, 0xFF, 0xFF, 0xFF, 0xFF, 0xFF, 0xFF, 0xFF, 0xFF, 0xFF, 0xFF, 0xFF, 0xFF,
    0x04, 0x21, 0x00, 0x00, 0x7D, 0xEF, 0xFF, 0xFF, 0xFF, 0xFF, 0xFF, 0xFF, 0xFF, 0xFF, 0xFF, 0xFF,
    0xFF, 0xFF, 0xFF, 0xFF, 0x92, 0x8C, 0x00, 0x00, 0x00, 0x00, 0xFF, 0xFF, 0xFF, 0xFF, 0xFF, 0xFF,
    0xFF, 0xFF, 0xFF, 0xFF, 0xFF, 0xFF, 0xFF, 0xFF, 0xFF, 0xFF, 0xFF, 0xFF, 0xFF, 0xFF, 0xFF, 0xFF,
    0xFF, 0xFF, 0x3F, 0xE7, 0xDF, 0x83, 0x9F, 0x20, 0x9F, 0x20, 0x9F, 0x20, 0x3F, 0x73, 0xFF, 0xFF,
    0xFF, 0xFF, 0xFF, 0xFF, 0xFF, 0xFF, 0xBF, 0x62, 0x9F, 0x20, 0x9F, 0x20, 0x9F, 0x20, 0x9F, 0x20,
    0xBF, 0x28, 0x3F, 0x52, 0x1F, 0xAD, 0xFF, 0xC5, 0x9F, 0x20, 0x3F, 0x73, 0x3F, 0xEF, 0xFF, 0xFF,
    0xFF, 0xFF, 0xFF, 0xFF, 0xFF, 0xFF, 0xBF, 0xF7, 0x3F, 0x31, 0x9F, 0x20, 0x9F, 0x20, 0x9F, 0x20,
    0xBF, 0xDE, 0x9F, 0xF7, 0xFF, 0x8B, 0x5F, 0x94, 0xFF, 0xFF, 0xFF, 0xFF, 0xFF, 0xFF, 0xFF, 0xFF,
    0xFF, 0xFF, 0xFF, 0xFF, 0xFF, 0xFF, 0xFF, 0xFF, 0x9E, 0xF7, 0x9E, 0xF7, 0x9E, 0xF7, 0x9E, 0xF7,
    0x9E, 0xF7, 0x9E, 0xF7, 0x9E, 0xF7, 0xBE, 0xF7, 0xBE, 0xF7, 0xBE, 0xF7, 0xBE, 0xF7, 0xBE, 0xF7,
    0xBE, 0xF7, 0xDF, 0xFF, 0xDF, 0xFF, 0xDF, 0xFF, 0xDF, 0xFF, 0xDF, 0xFF, 0xDF, 0xFF, 0xDF, 0xFF,
    0xDF, 0xFF, 0xDF, 0xFF, 0xDF, 0xFF, 0xDF, 0xFF, 0xFF, 0xFF, 0xFF, 0xFF, 0xFF, 0xFF, 0xFF, 0xFF,
    0xFF, 0xFF, 0xFF, 0xFF, 0xFF, 0xFF, 0xFF, 0xFF, 0xFF, 0xFF, 0xFF, 0xFF, 0xFF, 0xFF, 0xFF, 0xFF,
    0xFF, 0xFF, 0xFF, 0xFF, 0xFF, 0xFF, 0xFF, 0xFF, 0xFF, 0xFF, 0xFF, 0xFF, 0xFF, 0xFF, 0xFF, 0xFF,
    0xFF, 0xFF, 0xFF, 0xFF, 0xFF, 0xFF, 0xFF, 0xFF, 0xFF, 0xFF, 0xFF, 0xFF, 0xFF, 0xFF, 0xFF, 0xFF,
    0xFF, 0xFF, 0xFF, 0xFF, 0xFF, 0xFF, 0xFF, 0xFF, 0xFF, 0xFF, 0xFF, 0xFF, 0xFF, 0xFF, 0xFF, 0xFF,
    0xFF, 0xFF, 0xFF, 0xFF, 0xFF, 0xFF, 0xFF, 0xFF, 0x3F, 0xE7, 0x7E, 0x3A, 0x9E, 0x21, 0x9E, 0x21,
    0x9E, 0x21, 0x9E, 0x21, 0x9E, 0x21, 0x9E, 0x21, 0x9E, 0x21, 0xBE, 0x21, 0x9E, 0x21, 0x9E, 0x21,
    0xBE, 0x21, 0x9E, 0x21, 0x1E, 0x32, 0x7E, 0x84, 0x3F, 0xE7, 0xFF, 0xBD, 0x9E, 0x21, 0x3F, 0xE7,
    0xFF, 0xBD, 0xDF, 0x94, 0xDF, 0x94, 0x7E, 0x84, 0x9E, 0x21, 0x7F, 0xCE, 0xDF, 0x94, 0x9E, 0x21,
    0x9E, 0x21, 0x3F, 0xE7, 0x3E, 0x5B, 0x9E, 0x21, 0x3E, 0x5B, 0x3F, 0xE7, 0x9E, 0x21, 0xDF, 0x94,
    0x9F, 0xAD, 0x9E, 0x21, 0x9E, 0x21, 0x7F, 0xCE, 0xFE, 0x73, 0xBE, 0x21, 0x9E, 0x21, 0xBE, 0x21,
    0x3E, 0x5B, 0x7F, 0xCE, 0xFE, 0x73, 0x7F, 0xCE, 0x9E, 0x21, 0x9F, 0xAD, 0x3F, 0x9D, 0xBE, 0x21,
    0x9E, 0x21, 0x7F, 0xCE, 0xDF, 0x94, 0x3E, 0x5B, 0x3F, 0xE7, 0x9E, 0x21, 0x9E, 0x21, 0xFF, 0xBD,
    0xDF, 0x94, 0x9E, 0x21, 0x3F, 0xE7, 0x3E, 0x5B, 0x9E, 0x21, 0x9E, 0x21, 0x9E, 0x21, 0x9E, 0x21,
    0x9E, 0x21, 0xFF, 0xFF, 0x3E, 0x5B, 0x9E, 0x21, 0xDF, 0x94, 0x9F, 0xAD, 0x9E, 0x21, 0x7E, 0x3A,
    0xFF, 0xFF, 0x9E, 0x21, 0x1E, 0x74, 0x7F, 0xCE, 0xBE, 0x21, 0x9F, 0xAD, 0xDF, 0x94, 0x9E, 0x21,
    0x9E, 0x21, 0xFF, 0xFF, 0x7E, 0x3A, 0x3F, 0x9D, 0xDF, 0xD6, 0xDF, 0x94, 0xDF, 0x94, 0xDF, 0x94,
    0x7E, 0x3A, 0xDF, 0x94, 0x9F, 0xAD, 0x9E, 0x21, 0xBE, 0x21, 0xBE, 0x21, 0xBE, 0x21, 0xBE, 0x21,
    0xBE, 0x21, 0xBE, 0x21, 0xBE, 0x21, 0xBE, 0x21, 0xBE, 0x21, 0xBE, 0x21, 0x9E, 0xF7, 0x9E, 0xF7,
    0x9E, 0xF7, 0x9E, 0xF7, 0x9E, 0xF7, 0x9E, 0xF7, 0x7D, 0xEF, 0x7D, 0xEF, 0x7D, 0xEF, 0x7D, 0xEF,
    0x7D, 0xEF, 0x7D, 0xEF, 0x7D, 0xEF, 0x7D, 0xEF, 0x5D, 0xEF, 0x5D, 0xEF, 0x5D, 0xEF, 0x5D, 0xEF,
    0x5D, 0xEF, 0xFF, 0xFF, 0xFF, 0xFF, 0xFF, 0xFF, 0xFF, 0xFF, 0xFF, 0xFF, 0x04, 0x21, 0x00, 0x00,
    0x00, 0x00, 0x00, 0x00, 0x00, 0x00, 0x82, 0x10, 0x92, 0x8C, 0xFF, 0xFF, 0xFF, 0xFF, 0xFF, 0xFF,
    0xFF, 0xFF, 0xFF, 0xFF, 0xFF, 0xFF, 0xFF, 0xFF, 0xFF, 0xFF, 0x86, 0x31, 0x00, 0x00, 0x8E, 0x6B,
    0xFF, 0xFF, 0xFF, 0xFF, 0xFF, 0xFF, 0x10, 0x7C, 0x00, 0x00, 0x00, 0x00, 0x18, 0xBE, 0xFF, 0xFF,
    0x1C, 0xDF, 0x9A, 0xCE, 0x18, 0xBE, 0x18, 0xBE, 0x9A, 0xCE, 0x7D, 0xEF, 0xFF, 0xFF, 0xFF, 0xFF,
    0xFF, 0xFF, 0xFF, 0xFF, 0xFF, 0xFF, 0xFF, 0xFF, 0x8A, 0x52, 0x00, 0x00, 0x8E, 0x6B, 0xFF, 0xFF,
    0xFF, 0xFF, 0x18, 0xBE, 0x04, 0x21, 0x82, 0x10, 0x14, 0x9D, 0xFF, 0xFF, 0xFF, 0xFF, 0xFF, 0xFF,
    0xFF, 0xFF, 0xFF, 0xFF, 0xFF, 0xFF, 0xFF, 0xFF, 0xFF, 0xFF, 0xFF, 0xFF, 0xFF, 0xFF, 0xFF, 0xFF,
    0xFF, 0xFF, 0x0C, 0x5B, 0x00, 0x00, 0x79, 0xCE, 0xFF, 0xFF, 0xFF, 0xFF, 0xFF, 0xFF, 0xFF, 0xFF,
    0xFF, 0xFF, 0xFF, 0xFF, 0xFF, 0xFF, 0xF3, 0x9C, 0x00, 0x00, 0x00, 0x00, 0xFF, 0xFF, 0xFF, 0xFF,
    0xFF, 0xFF, 0xFF, 0xFF, 0xFF, 0xFF, 0xFF, 0xFF, 0xFF, 0xFF, 0xFF, 0xFF, 0xFF, 0xFF, 0xFF, 0xFF,
    0x1F, 0xE7, 0x9F, 0x7B, 0x7F, 0x5A, 0x3F, 0x52, 0x9F, 0x20, 0x9F, 0x20, 0x9F, 0x20, 0xBF, 0x41,
    0x1F, 0xE7, 0xFF, 0xFF, 0xFF, 0xFF, 0x3F, 0x8C, 0xFF, 0x28, 0x9F, 0x20, 0x9F, 0x20, 0x9F, 0x20,
    0x9F, 0x20, 0x9F, 0x20, 0x9F, 0x20, 0x9F, 0x20, 0x1F, 0x31, 0x3F, 0x39, 0x7F, 0xD6, 0xFF, 0xFF,
    0xFF, 0xFF, 0xFF, 0xFF, 0xDF, 0xFF, 0xFF, 0xFF, 0x7F, 0xD6, 0x9F, 0x20, 0x9F, 0x20, 0x9F, 0x20,
    0x9F, 0x20, 0xDF, 0xC5, 0x3F, 0x73, 0x5F, 0x94, 0xFF, 0xFF, 0xFF, 0xFF, 0xFF, 0xFF, 0xFF, 0xFF,
    0xFF, 0xFF, 0xFF, 0xFF, 0xFF, 0xFF, 0xFF, 0xFF, 0xFF, 0xFF, 0x9E, 0xF7, 0x9E, 0xF7, 0x9E, 0xF7,
    0x9E, 0xF7, 0x9E, 0xF7, 0x9E, 0xF7, 0xBE, 0xF7, 0xBE, 0xF7, 0xBE, 0xF7, 0xBE, 0xF7, 0xBE, 0xF7,
    0xBE, 0xF7, 0xBE, 0xF7, 0xBE, 0xF7, 0xDF, 0xFF, 0xDF, 0xFF, 0xDF, 0xFF, 0xDF, 0xFF, 0xDF, 0xFF,
    0xDF, 0xFF, 0xDF, 0xFF, 0xDF, 0xFF, 0xFF, 0xFF, 0xFF, 0xFF, 0xFF, 0xFF, 0xFF, 0xFF, 0xFF, 0xFF,
    0xFF, 0xFF, 0xFF, 0xFF, 0xFF, 0xFF, 0xFF, 0xFF, 0xFF, 0xFF, 0xFF, 0xFF, 0xFF, 0xFF, 0xFF, 0xFF,
    0xFF, 0xFF, 0xFF, 0xFF, 0xFF, 0xFF, 0xFF, 0xFF, 0xFF, 0xFF, 0xFF, 0xFF, 0xFF, 0xFF, 0xFF, 0xFF,
    0xFF, 0xFF, 0xFF, 0xFF, 0xFF, 0xFF, 0xFF, 0xFF, 0xFF, 0xFF, 0xFF, 0xFF, 0xFF, 0xFF, 0xFF, 0xFF,
    0xFF, 0xFF, 0xFF, 0xFF, 0xFF, 0xFF, 0xFF, 0xFF, 0xFF, 0xFF, 0xFF, 0xFF, 0xFF, 0xFF, 0xFF, 0xFF,
    0xFF, 0xFF, 0xFF, 0xFF, 0xFF, 0xFF, 0xFF, 0xFF, 0xFF, 0xFF, 0xFF, 0xFF, 0xDF, 0xD6, 0x9E, 0x21,
    0xBE, 0x21, 0x9E, 0x21, 0xBE, 0x21, 0x9E, 0x21, 0xBE, 0x21, 0x9E, 0x21, 0xBE, 0x21, 0xBE, 0x21,
    0x9E, 0x21, 0x9E, 0x21, 0x9E, 0x21, 0x1E, 0x32, 0x9E, 0x21, 0x1E, 0x32, 0xFF, 0xFF, 0x7E, 0x3A,
    0x7F, 0xCE, 0x3F, 0x9D, 0x9E, 0x21, 0x9E, 0x21, 0x1E, 0x32, 0x9E, 0x21, 0xFF, 0xBD, 0xDF, 0x94,
    0x9E, 0x21, 0x9E, 0x21, 0x3F, 0xE7, 0x9E, 0x63, 0x9E, 0x21, 0x3F, 0x9D, 0x3F, 0xE7, 0xBE, 0x21,
    0xDF, 0x94, 0x9F, 0xF7, 0x9E, 0x21, 0x7E, 0x3A, 0x9F, 0xF7, 0x3E, 0x5B, 0x9E, 0x21, 0x9E, 0x21,
    0x9E, 0x21, 0x9E, 0x21, 0x9F, 0xF7, 0x7F, 0xCE, 0x1E, 0x74, 0x9E, 0x21, 0x7E, 0x84, 0x7F, 0xCE,
    0x9E, 0x21, 0x1E, 0x32, 0x3F, 0xE7, 0x3E, 0x5B, 0xDE, 0x4A, 0x9F, 0xF7, 0x1E, 0x32, 0x1E, 0x2A,
    0x3F, 0xE7, 0xDF, 0x94, 0xBE, 0x21, 0x3F, 0xE7, 0x3E, 0x5B, 0x9E, 0x21, 0x9E, 0x21, 0x9E, 0x21,
    0x9E, 0x21, 0x9E, 0x21, 0xFF, 0xFF, 0x3E, 0x5B, 0x9E, 0x21, 0xDF, 0x94, 0x9F, 0xAD, 0x9E, 0x21,
    0x7E, 0x3A, 0xFF, 0xFF, 0x9E, 0x21, 0x1E, 0x74, 0x7F, 0xCE, 0x9E, 0x21, 0x9F, 0xAD, 0xDF, 0x94,
    0x9E, 0x21, 0x9E, 0x21, 0xFF, 0xFF, 0x7E, 0x3A, 0x7E, 0x84, 0xDF, 0xD6, 0x1E, 0x32, 0x9E, 0x21,
    0x1E, 0x32, 0x9E, 0x21, 0xDF, 0x94, 0x9F, 0xAD, 0x9E, 0x21, 0xBE, 0x21, 0xBE, 0x21, 0xBE, 0x21,
    0xBE, 0x21, 0xBE, 0x21, 0xBE, 0x21, 0xBE, 0x21, 0xBD, 0x21, 0xBE, 0x21, 0xBE, 0x21, 0x9E, 0xF7,
    0x9E, 0xF7, 0x9E, 0xF7, 0x9E, 0xF7, 0x9E, 0xF7, 0x9E, 0xF7, 0x7D, 0xEF, 0x7D, 0xEF, 0x7D, 0xEF,
    0x7D, 0xEF, 0x7D, 0xEF, 0x7D, 0xEF, 0x7D, 0xEF, 0x7D, 0xEF, 0x5D, 0xEF, 0x5D, 0xEF, 0x5D, 0xEF,
    0x5D, 0xEF, 0x5D, 0xEF, 0xFF, 0xFF, 0xFF, 0xFF, 0xFF, 0xFF, 0xFF, 0xFF, 0x7D, 0xEF, 0x00, 0x00,
    0x00, 0x00, 0x00, 0x00, 0x00, 0x00, 0x00, 0x00, 0x00, 0x00, 0x00, 0x00, 0x8E, 0x73, 0x7D, 0xEF,
    0xFF, 0xFF, 0xFF, 0xFF, 0xFF, 0xFF, 0xFF, 0xFF, 0xFF, 0xFF, 0xFF, 0xFF, 0x0C, 0x5B, 0x00, 0x00,
    0x8A, 0x4A, 0xFF, 0xFF, 0xFF, 0xFF, 0xFF, 0xFF, 0xF3, 0x9C, 0x00, 0x00, 0x00, 0x00, 0x04, 0x21,
    0x82, 0x10, 0x00, 0x00, 0x00, 0x00, 0x00, 0x00, 0x00, 0x00, 0x00, 0x00, 0x00, 0x00, 0x8E, 0x73,
    0xFF, 0xFF, 0xFF, 0xFF, 0xFF, 0xFF, 0xFF, 0xFF, 0xFF, 0xFF, 0x8E, 0x6B, 0x00, 0x00, 0x82, 0x10,
    0x10, 0x7C, 0x08, 0x42, 0x00, 0x00, 0x82, 0x10, 0x9A, 0xCE, 0xFF, 0xFF, 0xFF, 0xFF, 0xFF, 0xFF,
    0xFF, 0xFF, 0xFF, 0xFF, 0xFF, 0xFF, 0xFF, 0xFF, 0xFF, 0xFF, 0xFF, 0xFF, 0xFF, 0xFF, 0xFF, 0xFF,
    0xFF, 0xFF, 0xFF, 0xFF, 0xF3, 0x9C, 0x00, 0x00, 0x14, 0x9D, 0xFF, 0xFF, 0xFF, 0xFF, 0xFF, 0xFF,
    0xFF, 0xFF, 0xFF, 0xFF, 0xFF, 0xFF, 0xFF, 0xFF, 0xF3, 0x9C, 0x00, 0x00, 0x00, 0x00, 0xFF, 0xFF,
    0xFF, 0xFF, 0xFF, 0xFF, 0xFF, 0xFF, 0xFF, 0xFF, 0xFF, 0xFF, 0xFF, 0xFF, 0xFF, 0xFF, 0xFF, 0xFF,
    0xDF, 0xC5, 0xFF, 0x49, 0x5F, 0xCE, 0xFF, 0xFF, 0x7F, 0x9C, 0x9F, 0x20, 0x9F, 0x20, 0x9F, 0x20,
    0xDF, 0x28, 0xBF, 0xBD, 0xFF, 0xFF, 0x7F, 0xD6, 0x5F, 0xB5, 0xFF, 0xA4, 0x3F, 0x52, 0x9F, 0x20,
    0x9F, 0x20, 0x9F, 0x20, 0x9F, 0x20, 0x9F, 0x20, 0x9F, 0x20, 0x9F, 0x20, 0x9F, 0x20, 0x9F, 0x20,
    0x3F, 0x52, 0xDF, 0xA4, 0x5F, 0x94, 0xDF, 0xFF, 0xDF, 0xFF, 0xDF, 0x83, 0x9F, 0x20, 0x9F, 0x20,
    0x9F, 0x20, 0x9F, 0x20, 0xFF, 0x83, 0xFF, 0xE6, 0xFF, 0xFF, 0xFF, 0xFF, 0xFF, 0xFF, 0xFF, 0xFF,
    0xFF, 0xFF, 0xFF, 0xFF, 0xFF, 0xFF, 0xFF, 0xFF, 0xFF, 0xFF, 0xFF, 0xFF, 0x9E, 0xF7, 0x9E, 0xF7,
    0x9E, 0xF7, 0x9E, 0xF7, 0x9E, 0xF7, 0x9E, 0xF7, 0x9E, 0xF7, 0xBE, 0xF7, 0xBE, 0xF7, 0xBE, 0xF7,
    0xBE, 0xF7, 0xBE, 0xF7, 0xBE, 0xF7, 0xDF, 0xFF, 0xDF, 0xFF, 0xDF, 0xFF, 0xDF, 0xFF, 0xDF, 0xFF,
    0xDF, 0xFF, 0xDF, 0xFF, 0xDF, 0xFF, 0xDF, 0xFF, 0xDF, 0xFF, 0xFF, 0xFF, 0xFF, 0xFF, 0xFF, 0xFF,
    0xFF, 0xFF, 0xFF, 0xFF, 0xFF, 0xFF, 0xFF, 0xFF, 0xFF, 0xFF, 0xFF, 0xFF, 0xFF, 0xFF, 0xFF, 0xFF,
    0xFF, 0xFF, 0xFF, 0xFF, 0xFF, 0xFF, 0xFF, 0xFF, 0xFF, 0xFF, 0xFF, 0xFF, 0xFF, 0xFF, 0xFF, 0xFF,
    0xFF, 0xFF, 0xFF, 0xFF, 0xFF, 0xFF, 0xFF, 0xFF, 0xFF, 0xFF, 0xFF, 0xFF, 0xFF, 0xFF, 0xFF, 0xFF,
    0xFF, 0xFF, 0xFF, 0xFF, 0xFF, 0xFF, 0xFF, 0xFF, 0xFF, 0xFF, 0xFF, 0xFF, 0xFF, 0xFF, 0xFF, 0xFF,
    0xFF, 0xFF, 0xFF, 0xFF, 0xFF, 0xFF, 0xFF, 0xFF, 0xFF, 0xFF, 0xFF, 0xFF, 0xFF, 0xFF, 0xFF, 0xFF,
    0xDF, 0x94, 0xBE, 0x21, 0x9E, 0x21, 0x9E, 0x21, 0x9E, 0x21, 0x9E, 0x21, 0x9E, 0x21, 0xBE, 0x21,
    0x9E, 0x21, 0x9E, 0x21, 0x9E, 0x21, 0x9E, 0x21, 0xFF, 0xBD, 0xDF, 0xD6, 0x3F, 0xE7, 0x7F, 0xCE,
    0x9E, 0x21, 0x7E, 0x3A, 0x3F, 0xE7, 0xDF, 0xD6, 0x3F, 0xE7, 0xDF, 0x94, 0xBE, 0x21, 0x7E, 0x84,
    0xFF, 0xFF, 0x3F, 0xE7, 0x9E, 0x21, 0x7E, 0x84, 0xFF, 0xFF, 0x3F, 0xE7, 0x9F, 0xAD, 0x3F, 0xE7,
    0x9E, 0x21, 0xDF, 0x94, 0xDF, 0xD6, 0xDF, 0xD6, 0x9F, 0xF7, 0x9F, 0xAD, 0x9E, 0x21, 0x9E, 0x21,
    0x9E, 0x21, 0x9E, 0x21, 0x9E, 0x21, 0xDF, 0x94, 0x9F, 0xF7, 0x1E, 0x2A, 0xBE, 0x21, 0x1E, 0x32,
    0x9F, 0xAD, 0x9F, 0xF7, 0x9F, 0xF7, 0xDF, 0x94, 0xBE, 0x21, 0x1E, 0x32, 0x3F, 0xE7, 0x9F, 0xF7,
    0x3F, 0xE7, 0xFF, 0xBD, 0xDF, 0x94, 0x9E, 0x21, 0x3F, 0xE7, 0x3E, 0x5B, 0x9E, 0x21, 0x9E, 0x21,
    0x9E, 0x21, 0x9E, 0x21, 0x9E, 0x21, 0xFF, 0xFF, 0x3E, 0x5B, 0x9E, 0x21, 0xDF, 0x94, 0x9F, 0xAD,
    0x9E, 0x21, 0x7E, 0x3A, 0xFF, 0xFF, 0x9E, 0x21, 0x1E, 0x74, 0x7F, 0xCE, 0x9E, 0x21, 0x9F, 0xAD,
    0xDF, 0x94, 0x9E, 0x21, 0x9E, 0x21, 0xFF, 0xFF, 0x7E, 0x3A, 0x9E, 0x21, 0x3F, 0x9D, 0x9F, 0xF7,
    0xDF, 0xD6, 0x7F, 0xCE, 0xBE, 0x21, 0xDF, 0x94, 0x9F, 0xAD, 0xBE, 0x21, 0xBE, 0x21, 0xBE, 0x21,
    0xBE, 0x21, 0xBE, 0x21, 0xBE, 0x21, 0xBE, 0x21, 0xBE, 0x21, 0xBE, 0x21, 0xBE, 0x21, 0xBD, 0x21,
    0x9E, 0xF7, 0x9E, 0xF7, 0x9E, 0xF7, 0x9E, 0xF7, 0x7D, 0xEF, 0x7D, 0xEF, 0x7D, 0xEF, 0x7D, 0xEF,
    0x7D, 0xEF, 0x7D, 0xEF, 0x7D, 0xEF, 0x7D, 0xEF, 0x5D, 0xEF, 0x5D, 0xEF, 0x5D, 0xEF, 0x5D, 0xEF,
    0x5D, 0xEF, 0x5D, 0xEF, 0x5D, 0xEF, 0xFF, 0xFF, 0xFF, 0xFF, 0xFF, 0xFF, 0xFF, 0xFF, 0x9A, 0xCE,
    0x00, 0x00, 0x00, 0x00, 0x08, 0x3A, 0x18, 0xBE, 0x0C, 0x5B, 0x04, 0x21, 0x00, 0x00, 0x00, 0x00,
    0x86, 0x31, 0x7D, 0xEF, 0xFF, 0xFF, 0xFF, 0xFF, 0xFF, 0xFF, 0xFF, 0xFF, 0xFF, 0xFF, 0x10, 0x7C,
    0x00, 0x00, 0x04, 0x21, 0xFF, 0xFF, 0xFF, 0xFF, 0xFF, 0xFF, 0x96, 0xAD, 0x00, 0x00, 0x00, 0x00,
    0x00, 0x00, 0x00, 0x00, 0x00, 0x00, 0x00, 0x00, 0x00, 0x00, 0x00, 0x00, 0x00, 0x00, 0x00, 0x00,
    0x00, 0x00, 0x79, 0xCE, 0xFF, 0xFF, 0xFF, 0xFF, 0xFF, 0xFF, 0xFF, 0xFF, 0x92, 0x8C, 0x00, 0x00,
    0x00, 0x00, 0x00, 0x00, 0x00, 0x00, 0x00, 0x00, 0x14, 0x9D, 0xFF, 0xFF, 0xFF, 0xFF, 0xFF, 0xFF,
    0xFF, 0xFF, 0xFF, 0xFF, 0xFF, 0xFF, 0xFF, 0xFF, 0xFF, 0xFF, 0xFF, 0xFF, 0xFF, 0xFF, 0xFF, 0xFF,
    0xFF, 0xFF, 0xFF, 0xFF, 0xFF, 0xFF, 0xFB, 0xDE, 0x00, 0x00, 0x8E, 0x6B, 0xFF, 0xFF, 0xFF, 0xFF,
    0xFF, 0xFF, 0xFF, 0xFF, 0xFF, 0xFF, 0xFF, 0xFF, 0xFF, 0xFF, 0x10, 0x7C, 0x00, 0x00, 0x82, 0x10,
    0xFF, 0xFF, 0xFF, 0xFF, 0xFF, 0xFF, 0xFF, 0xFF, 0xFF, 0xFF, 0xFF, 0xFF, 0xFF, 0xFF, 0xFF, 0xFF,
    0x7F, 0xB5, 0x1F, 0x31, 0x5F, 0xCE, 0xFF, 0xFF, 0xFF, 0xFF, 0x7F, 0x9C, 0x9F, 0x20, 0x9F, 0x20,
    0x9F, 0x20, 0xFF, 0x6A, 0xFF, 0xFF, 0xFF, 0xFF, 0xDF, 0xFF, 0xFF, 0xFF, 0xFF, 0xFF, 0xFF, 0xFF,
    0x3F, 0xAD, 0xBF, 0x20, 0xFF, 0x30, 0x9F, 0x20, 0x9F, 0x20, 0x9F, 0x20, 0x9F, 0x20, 0x9F, 0x20,
    0x9F, 0x20, 0x9F, 0x20, 0x9F, 0x41, 0x5F, 0xAD, 0xFF, 0xFF, 0xFF, 0xFF, 0x9F, 0xF7, 0x1F, 0x31,
    0x9F, 0x20, 0x9F, 0x20, 0x9F, 0x20, 0xBF, 0xDE, 0xFF, 0xFF, 0xFF, 0xFF, 0xFF, 0xFF, 0xFF, 0xFF,
    0xFF, 0xFF, 0xFF, 0xFF, 0xFF, 0xFF, 0xFF, 0xFF, 0xFF, 0xFF, 0xFF, 0xFF, 0xFF, 0xFF, 0xBE, 0xF7,
    0x9E, 0xF7, 0x9E, 0xF7, 0x9E, 0xF7, 0x9E, 0xF7, 0xBE, 0xF7, 0xBE, 0xF7, 0xBE, 0xF7, 0xBE, 0xF7,
    0xBE, 0xF7, 0xBE, 0xF7, 0xBE, 0xF7, 0xDF, 0xFF, 0xDF, 0xFF, 0xDF, 0xFF, 0xDF, 0xFF, 0xDF, 0xFF,
    0xDF, 0xFF, 0xDF, 0xFF, 0xDF, 0xFF, 0xDF, 0xFF, 0xFF, 0xFF, 0xDF, 0xFF, 0xFF, 0xFF, 0xFF, 0xFF,
    0xFF, 0xFF, 0xFF, 0xFF, 0xFF, 0xFF, 0xFF, 0xFF, 0xFF, 0xFF, 0xFF, 0xFF, 0xFF, 0xFF, 0xFF, 0xFF,
    0xFF, 0xFF, 0xFF, 0xFF, 0xFF, 0xFF, 0xFF, 0xFF, 0xFF, 0xFF, 0xFF, 0xFF, 0xFF, 0xFF, 0xFF, 0xFF,
    0xFF, 0xFF, 0xFF, 0xFF, 0xFF, 0xFF, 0xFF, 0xFF, 0xFF, 0xFF, 0xFF, 0xFF, 0xFF, 0xFF, 0xFF, 0xFF,
    0xFF, 0xFF, 0xFF, 0xFF, 0xFF, 0xFF, 0xFF, 0xFF, 0xFF, 0xFF, 0xFF, 0xFF, 0xFF, 0xFF, 0xFF, 0xFF,
    0xFF, 0xFF, 0xFF, 0xFF, 0xFF, 0xFF, 0xFF, 0xFF, 0xFF, 0xFF, 0xFF, 0xFF, 0xFF, 0xFF, 0xFF, 0xFF,
    0xFF, 0xFF, 0x3F, 0xE7, 0x9E, 0x21, 0x9E, 0x21, 0x9E, 0x21, 0x9E, 0x21, 0x9E, 0x21, 0x9E, 0x21,
    0xBE, 0x21, 0x9E, 0x21, 0x9E, 0x21, 0x9E, 0x21, 0x9E, 0x21, 0x9E, 0x21, 0x1E, 0x32, 0x1E, 0x32,
    0x9E, 0x21, 0xBE, 0x21, 0x9E, 0x21, 0xBE, 0x21, 0x1E, 0x32, 0x1E, 0x32, 0xBE, 0x21, 0x9E, 0x21,
    0x9E, 0x21, 0x1E, 0x2A, 0x1E, 0x32, 0x9E, 0x21, 0x9E, 0x21, 0x1E, 0x32, 0x1E, 0x32, 0xBE, 0x21,
    0x9E, 0x21, 0x9E, 0x21, 0xDF, 0x94, 0x9F, 0xAD, 0x9E, 0x21, 0x1E, 0x32, 0x9E, 0x21, 0x9E, 0x21,
    0x9E, 0x21, 0x9E, 0x21, 0x9E, 0x21, 0x9E, 0x21, 0x9F, 0xAD, 0x9F, 0xAD, 0x9E, 0x21, 0x9E, 0x21,
    0xBE, 0x21, 0x9E, 0x21, 0x1E, 0x32, 0x1E, 0x32, 0x9E, 0x21, 0x9E, 0x21, 0xBE, 0x21, 0x9E, 0x21,
    0x1E, 0x32, 0xBE, 0x21, 0x9E, 0x21, 0x9E, 0x21, 0x9E, 0x21, 0x9E, 0x21, 0x9E, 0x21, 0xBE, 0x21,
    0x9E, 0x21, 0xBE, 0x21, 0xBE, 0x21, 0x9E, 0x21, 0x9E, 0x21, 0x9E, 0x21, 0x9E, 0x21, 0x9E, 0x21,
    0x9E, 0x21, 0xBE, 0x21, 0x9E, 0x21, 0x9E, 0x21, 0x9E, 0x21, 0x9E, 0x21, 0x9E, 0x21, 0x9E, 0x21,
    0x9E, 0x21, 0x9E, 0x21, 0x9E, 0x21, 0x9E, 0x21, 0x9E, 0x21, 0xBE, 0x21, 0x9E, 0x21, 0x9E, 0x21,
    0x1E, 0x32, 0x7E, 0x3A, 0xBE, 0x21, 0x9E, 0x21, 0xBE, 0x21, 0xBE, 0x21, 0xBE, 0x21, 0xBE, 0x21,
    0xBE, 0x21, 0xBE, 0x21, 0xBE, 0x21, 0xBE, 0x21, 0xBE, 0x21, 0xBD, 0x21, 0xDE, 0x21, 0xBD, 0x21,
    0xDE, 0x29, 0x9E, 0xF7, 0x9E, 0xF7, 0x9E, 0xF7, 0x7D, 0xEF, 0x7D, 0xEF, 0x7D, 0xEF, 0x7D, 0xEF,
    0x7D, 0xEF, 0x7D, 0xEF, 0x7D, 0xEF, 0x7D, 0xEF, 0x7D, 0xEF, 0x5D, 0xEF, 0x5D, 0xEF, 0x5D, 0xEF,
    0x5D, 0xEF, 0x5D, 0xEF, 0x5D, 0xEF, 0x5D, 0xEF, 0xFF, 0xFF, 0xFF, 0xFF, 0xFF, 0xFF, 0xFF, 0xFF,
    0x18, 0xBE, 0x00, 0x00, 0x00, 0x00, 0x0C, 0x63, 0xFF, 0xFF, 0xFF, 0xFF, 0xFB, 0xDE, 0x0C, 0x5B,
    0x00, 0x00, 0x00, 0x00, 0x86, 0x31, 0x1C, 0xDF, 0xFF, 0xFF, 0xFF, 0xFF, 0xFF, 0xFF, 0xFF, 0xFF,
    0xF3, 0x9C, 0x00, 0x00, 0x00, 0x00, 0x7D, 0xEF, 0xFF, 0xFF, 0xFF, 0xFF, 0xFB, 0xDE, 0x00, 0x00,
    0x00, 0x00, 0x00, 0x00, 0x00, 0x00, 0x0C, 0x63, 0x96, 0xAD, 0x18, 0xBE, 0x18, 0xBE, 0x14, 0x9D,
    0x08, 0x42, 0x08, 0x42, 0x1C, 0xDF, 0xFF, 0xFF, 0xFF, 0xFF, 0xFF, 0xFF, 0xFF, 0xFF, 0x18, 0xBE,
    0x00, 0x00, 0x00, 0x00, 0x00, 0x00, 0x00, 0x00, 0x00, 0x00, 0x1C, 0xDF, 0xFF, 0xFF, 0xFF, 0xFF,
    0xFF, 0xFF, 0xFF, 0xFF, 0xFF, 0xFF, 0xFF, 0xFF, 0xFF, 0xFF, 0xFF, 0xFF, 0xFF, 0xFF, 0xFF, 0xFF,
    0xFF, 0xFF, 0xFF, 0xFF, 0xFF, 0xFF, 0xFF, 0xFF, 0xFF, 0xFF, 0x82, 0x10, 0x86, 0x31, 0xFF, 0xFF,
    0xFF, 0xFF, 0xFF, 0xFF, 0xFF, 0xFF, 0xFF, 0xFF, 0xFF, 0xFF, 0xFF, 0xFF, 0x8E, 0x6B, 0x00, 0x00,
    0x86, 0x31, 0xFF, 0xFF, 0xFF, 0xFF, 0xFF, 0xFF, 0xFF, 0xFF, 0xFF, 0xFF, 0xFF, 0xFF, 0xFF, 0xDE,
    0x3F, 0x73, 0xBF, 0x28, 0x7F, 0x7B, 0xFF, 0xFF, 0xFF, 0xFF, 0xFF, 0xFF, 0x7F, 0x9C, 0x9F, 0x20,
    0x9F, 0x20, 0x9F, 0x20, 0x3F, 0x73, 0xFF, 0xFF, 0xFF, 0xFF, 0xFF, 0xFF, 0xFF, 0xFF, 0x9F, 0xF7,
    0x3F, 0xAD, 0x3F, 0x31, 0x3F, 0x39, 0x1F, 0xE7, 0x1F, 0xA5, 0x7F, 0x5A, 0xBF, 0x20, 0x9F, 0x20,
    0x9F, 0x20, 0x9F, 0x20, 0x9F, 0x20, 0xFF, 0xA4, 0xFF, 0xFF, 0xFF, 0xFF, 0xFF, 0xFF, 0xBF, 0xF7,
    0x3F, 0x31, 0x9F, 0x20, 0x9F, 0x20, 0x9F, 0x20, 0xBF, 0xDE, 0xFF, 0xFF, 0xFF, 0xFF, 0xFF, 0xFF,
    0xFF, 0xFF, 0xFF, 0xFF, 0xFF, 0xFF, 0xFF, 0xFF, 0xFF, 0xFF, 0xDF, 0xFF, 0xFF, 0xFF, 0xFF, 0xFF,
    0xFF, 0xFF, 0x9E, 0xF7, 0xBE, 0xF7, 0x9E, 0xF7, 0xBE, 0xF7, 0xBE, 0xF7, 0xBE, 0xF7, 0xBE, 0xF7,
    0xBE, 0xF7, 0xBE, 0xF7, 0xBE, 0xF7, 0xBE, 0xF7, 0xDF, 0xFF, 0xDF, 0xFF, 0xDF, 0xFF, 0xDF, 0xFF,
    0xDF, 0xFF, 0xDF, 0xFF, 0xDF, 0xFF, 0xDF, 0xFF, 0xDF, 0xFF, 0xFF, 0xFF, 0xFF, 0xFF, 0xFF, 0xFF,
    0xFF, 0xFF, 0xFF, 0xFF, 0xFF, 0xFF, 0xFF, 0xFF, 0xFF, 0xFF, 0xFF, 0xFF, 0xFF, 0xFF, 0xFF, 0xFF,
    0xFF, 0xFF, 0xFF, 0xFF, 0xFF, 0xFF, 0xFF, 0xFF, 0xFF, 0xFF, 0xFF, 0xFF, 0xFF, 0xFF, 0xFF, 0xFF,
    0xFF, 0xFF, 0xFF, 0xFF, 0xFF, 0xFF, 0xFF, 0xFF, 0xFF, 0xFF, 0xFF, 0xFF, 0xFF, 0xFF, 0xFF, 0xFF,
    0xFF, 0xFF, 0xFF, 0xFF, 0xFF, 0xFF, 0xFF, 0xFF, 0xFF, 0xFF, 0xFF, 0xFF, 0xFF, 0xFF, 0xFF, 0xFF,
    0xFF, 0xFF, 0xFF, 0xFF, 0xFF, 0xFF, 0xFF, 0xFF, 0xFF, 0xFF, 0xFF, 0xFF, 0xFF, 0xFF, 0xFF, 0xFF,
    0xFF, 0xFF, 0xFF, 0xFF, 0xFF, 0xFF, 0x3E, 0x5B, 0x9E, 0x21, 0x9E, 0x21, 0x9E, 0x21, 0x9E, 0x21,
    0x9E, 0x21, 0x9E, 0x21, 0x9E, 0x21, 0x9E, 0x21, 0x9E, 0x21, 0x9E, 0x21, 0x9E, 0x21, 0xBE, 0x21,
    0x9E, 0x21, 0x9E, 0x21, 0x9E, 0x21, 0x9E, 0x21, 0x9E, 0x21, 0x9E, 0x21, 0x9E, 0x21, 0xBE, 0x21,
    0x9E, 0x21, 0x9E, 0x21, 0x9E, 0x21, 0x9E, 0x21, 0x9E, 0x21, 0x9E, 0x21, 0xBE, 0x21, 0xBE, 0x21,
    0x9E, 0x21, 0x9E, 0x21, 0x9E, 0x21, 0xDF, 0x94, 0x9F, 0xAD, 0x9E, 0x21, 0x9E, 0x21, 0x9E, 0x21,
    0xBE, 0x21, 0x9E, 0x21, 0x9E, 0x21, 0xDE, 0x4A, 0x3F, 0x9D, 0x9F, 0xF7, 0x7E, 0x3A, 0x9E, 0x21,
    0x9E, 0x21, 0x9E, 0x21, 0x9E, 0x21, 0x9E, 0x21, 0x9E, 0x21, 0x9E, 0x21, 0x9E, 0x21, 0x9E, 0x21,
    0x9E, 0x21, 0x9E, 0x21, 0x9E, 0x21, 0x9E, 0x21, 0x9E, 0x21, 0x9E, 0x21, 0x9E, 0x21, 0x9E, 0x21,
    0x9E, 0x21, 0x9E, 0x21, 0x9E, 0x21, 0x9E, 0x21, 0x9E, 0x21, 0x9E, 0x21, 0x9E, 0x21, 0x9E, 0x21,
    0x9E, 0x21, 0xBE, 0x21, 0x9E, 0x21, 0x9E, 0x21, 0x9E, 0x21, 0x9E, 0x21, 0x9E, 0x21, 0x9E, 0x21,
    0x9E, 0x21, 0x9E, 0x21, 0x9E, 0x21, 0xBE, 0x21, 0xBE, 0x21, 0x9E, 0x21, 0x9E, 0x21, 0x9E, 0x21,
    0xBE, 0x21, 0x9E, 0x21, 0xBE, 0x21, 0x9E, 0x21, 0xBE, 0x21, 0xBE, 0x21, 0xBE, 0x21, 0xBE, 0x21,
    0xBE, 0x21, 0xBE, 0x21, 0xBD, 0x21, 0xBE, 0x21, 0xBE, 0x21, 0xBE, 0x21, 0xBD, 0x21, 0xBD, 0x21,
    0xBD, 0x21, 0xDD, 0x29, 0x9E, 0xF7, 0x9E, 0xF7, 0x9E, 0xF7, 0x9E, 0xF7, 0x7D, 0xEF, 0x7D, 0xEF,
    0x7D, 0xEF, 0x7D, 0xEF, 0x7D, 0xEF, 0x7D, 0xEF, 0x7D, 0xEF, 0x7D, 0xEF, 0x5D, 0xEF, 0x5D, 0xEF,
    0x5D, 0xEF, 0x5D, 0xEF, 0x5D, 0xEF, 0x5D, 0xEF, 0x5D, 0xEF, 0xFF, 0xFF, 0xFF, 0xFF, 0xFF, 0xFF,
    0xFF, 0xFF, 0xFB, 0xDE, 0x00, 0x00, 0x00, 0x00, 0x8A, 0x4A, 0xFF, 0xFF, 0xFF, 0xFF, 0xFF, 0xFF,
    0xFF, 0xFF, 0x92, 0x8C, 0x00, 0x00, 0x00, 0x00, 0x04, 0x21, 0x1C, 0xDF, 0xFF, 0xFF, 0xFF, 0xFF,
    0xFF, 0xFF, 0xF3, 0x9C, 0x00, 0x00, 0x00, 0x00, 0x79, 0xCE, 0xFF, 0xFF, 0xFF, 0xFF, 0x7D, 0xEF,
    0x00, 0x00, 0x00, 0x00, 0x00, 0x00, 0x0C, 0x63, 0xFF, 0xFF, 0xFF, 0xFF, 0xFF, 0xFF, 0xFF, 0xFF,
    0xFF, 0xFF, 0xFF, 0xFF, 0xFF, 0xFF, 0xFF, 0xFF, 0xFF, 0xFF, 0xFF, 0xFF, 0xFF, 0xFF, 0xFF, 0xFF,
    0x7D, 0xEF, 0x00, 0x00, 0x00, 0x00, 0x00, 0x00, 0x00, 0x00, 0x00, 0x00, 0x00, 0x00, 0x08, 0x42,
    0x14, 0x9D, 0x7D, 0xEF, 0xFF, 0xFF, 0xFF, 0xFF, 0xFF, 0xFF, 0xFF, 0xFF, 0xFF, 0xFF, 0xFF, 0xFF,
    0xFF, 0xFF, 0xFF, 0xFF, 0xFF, 0xFF, 0xFF, 0xFF, 0xFF, 0xFF, 0xFF, 0xFF, 0x0C, 0x5B, 0x00, 0x00,
    0x7D, 0xEF, 0xFF, 0xFF, 0xFF, 0xFF, 0xFF, 0xFF, 0xFF, 0xFF, 0xFF, 0xFF, 0xFF, 0xFF, 0x08, 0x42,
    0x00, 0x00, 0x0C, 0x63, 0xFF, 0xFF, 0xFF, 0xFF, 0xFF, 0xFF, 0xFF, 0xFF, 0x1F, 0xAD, 0x1F, 0x6B,
    0xDF, 0x28, 0x9F, 0x20, 0x9F, 0x20, 0x1F, 0xCE, 0xFF, 0xFF, 0xFF, 0xFF, 0xFF, 0xFF, 0x7F, 0x9C,
    0x9F, 0x20, 0x9F, 0x20, 0x9F, 0x20, 0x3F, 0x73, 0xFF, 0xFF, 0xFF, 0xFF, 0xFF, 0xFF, 0xDF, 0xDE,
    0x5F, 0x39, 0x9F, 0x20, 0x9F, 0x20, 0x3F, 0x39, 0xDF, 0xFF, 0xFF, 0xFF, 0xFF, 0xFF, 0xBF, 0xDE,
    0xBF, 0x41, 0x9F, 0x20, 0x9F, 0x20, 0x9F, 0x20, 0xFF, 0xA4, 0xFF, 0xFF, 0xFF, 0xFF, 0xFF, 0xFF,
    0xBF, 0xF7, 0x3F, 0x31, 0x9F, 0x20, 0x9F, 0x20, 0x9F, 0x20, 0xDF, 0xDE, 0xFF, 0xFF, 0xFF, 0xFF,
    0xFF, 0xFF, 0xFF, 0xFF, 0xFF, 0xFF, 0xFF, 0xFF, 0xFF, 0xFF, 0xDF, 0xA4, 0xDF, 0xBD, 0xFF, 0xFF,
    0xFF, 0xFF, 0xFF, 0xFF, 0xBE, 0xF7, 0x9E, 0xF7, 0xBE, 0xF7, 0xBE, 0xF7, 0xBE, 0xF7, 0xBE, 0xF7,
    0xBE, 0xF7, 0xBE, 0xF7, 0xBE, 0xF7, 0xBE, 0xF7, 0xDF, 0xFF, 0xDF, 0xFF, 0xDF, 0xFF, 0xDF, 0xFF,
    0xDF, 0xFF, 0xDF, 0xFF, 0xDF, 0xFF, 0xDF, 0xFF, 0xDF, 0xFF, 0xFF, 0xFF, 0xFF, 0xFF, 0xFF, 0xFF,
    0xFF, 0xFF, 0xFF, 0xFF, 0xFF, 0xFF, 0xFF, 0xFF, 0xFF, 0xFF, 0xFF, 0xFF, 0xFF, 0xFF, 0xFF, 0xFF,
    0xFF, 0xFF, 0xFF, 0xFF, 0xFF, 0xFF, 0xFF, 0xFF, 0xFF, 0xFF, 0xFF, 0xFF, 0xFF, 0xFF, 0xFF, 0xFF,
    0xFF, 0xFF, 0xFF, 0xFF, 0xFF, 0xFF, 0xFF, 0xFF, 0xFF, 0xFF, 0xFF, 0xFF, 0xFF, 0xFF, 0xFF, 0xFF,
    0xFF, 0xFF, 0xFF, 0xFF, 0xFF, 0xFF, 0xFF, 0xFF, 0xFF, 0xFF, 0xFF, 0xFF, 0xFF, 0xFF, 0xFF, 0xFF,
    0xFF, 0xFF, 0xFF, 0xFF, 0xFF, 0xFF, 0xFF, 0xFF, 0xFF, 0xFF, 0xFF, 0xFF, 0xFF, 0xFF, 0xFF, 0xFF,
    0xFF, 0xFF, 0xFF, 0xFF, 0xFF, 0xFF, 0xFF, 0xFF, 0x7F, 0xCE, 0x9E, 0x21, 0x9E, 0x21, 0x9E, 0x21,
    0x9E, 0x21, 0x9E, 0x21, 0xBE, 0x21, 0x9E, 0x21, 0x9E, 0x21, 0x9E, 0x21, 0x9E, 0x21, 0x9E, 0x21,
    0x9E, 0x21, 0x9E, 0x21, 0xBE, 0x21, 0x9E, 0x21, 0x9E, 0x21, 0x9E, 0x21, 0x9E, 0x21, 0xBE, 0x21,
    0x9E, 0x21, 0x9E, 0x21, 0x9E, 0x21, 0x9E, 0x21, 0x9E, 0x21, 0x9E, 0x21, 0x9E, 0x21, 0x9E, 0x21,
    0xBE, 0x21, 0x9E, 0x21, 0x9E, 0x21, 0x9E, 0x21, 0xDE, 0x4A, 0x3E, 0x5B, 0x9E, 0x21, 0x9E, 0x21,
    0x9E, 0x21, 0x9E, 0x21, 0x9E, 0x21, 0x9E, 0x21, 0x1E, 0x32, 0x1E, 0x74, 0x7E, 0x3A, 0x9E, 0x21,
    0x9E, 0x21, 0x9E, 0x21, 0x9E, 0x21, 0x9E, 0x21, 0x9E, 0x21, 0x9E, 0x21, 0x9E, 0x21, 0x9E, 0x21,
    0x9E, 0x21, 0x9E, 0x21, 0x9E, 0x21, 0x9E, 0x21, 0xBE, 0x21, 0xBE, 0x21, 0x9E, 0x21, 0x9E, 0x21,
    0x9E, 0x21, 0xBE, 0x21, 0x9E, 0x21, 0x9E, 0x21, 0xBE, 0x21, 0x9E, 0x21, 0x9E, 0x21, 0x9E, 0x21,
    0x9E, 0x21, 0x9E, 0x21, 0x9E, 0x21, 0x9E, 0x21, 0xBE, 0x21, 0x9E, 0x21, 0xBE, 0x21, 0x9E, 0x21,
    0xBE, 0x21, 0xBE, 0x21, 0x9E, 0x21, 0x9E, 0x21, 0x9E, 0x21, 0x9E, 0x21, 0x9E, 0x21, 0xBE, 0x21,
    0x9E, 0x21, 0x9E, 0x21, 0xBE, 0x21, 0xBE, 0x21, 0xBE, 0x21, 0xBE, 0x21, 0xBE, 0x21, 0xBE, 0x21,
    0xBE, 0x21, 0xBE, 0x21, 0xBD, 0x21, 0xBE, 0x21, 0xBD, 0x21, 0xBD, 0x21, 0xBD, 0x21, 0xDD, 0x21,
    0xDD, 0x21, 0xDD, 0x21, 0xDD, 0x29, 0x9E, 0xF7, 0x9E, 0xF7, 0x7D, 0xEF, 0x7D, 0xEF, 0x7D, 0xEF,
    0x7D, 0xEF, 0x7D, 0xEF, 0x7D, 0xEF, 0x7D, 0xEF, 0x7D, 0xEF, 0x7D, 0xEF, 0x5D, 0xEF, 0x5D, 0xEF,
    0x5D, 0xEF, 0x5D, 0xEF, 0x5D, 0xEF, 0x5D, 0xEF, 0x5D, 0xEF, 0x5D, 0xEF, 0xFF, 0xFF, 0xFF, 0xFF,
    0xFF, 0xFF, 0xFF, 0xFF, 0x7D, 0xEF, 0x00, 0x00, 0x00, 0x00, 0x04, 0x21, 0xFF, 0xFF, 0xFF, 0xFF,
    0xFF, 0xFF, 0xFF, 0xFF, 0xFF, 0xFF, 0x9A, 0xCE, 0x82, 0x10, 0x00, 0x00, 0x04, 0x21, 0x1C, 0xDF,
    0xFF, 0xFF, 0xFF, 0xFF, 0xF3, 0x9C, 0x00, 0x00, 0x00, 0x00, 0x14, 0x9D, 0xFF, 0xFF, 0xFF, 0xFF,
    0xFF, 0xFF, 0x04, 0x21, 0x00, 0x00, 0x00, 0x00, 0x14, 0x9D, 0xFF, 0xFF, 0xFF, 0xFF, 0xFF, 0xFF,
    0xFF, 0xFF, 0xFF, 0xFF, 0xFF, 0xFF, 0xFF, 0xFF, 0xFF, 0xFF, 0xFF, 0xFF, 0xFF, 0xFF, 0xFF, 0xFF,
    0xFF, 0xFF, 0xFF, 0xFF, 0x04, 0x21, 0x00, 0x00, 0x00, 0x00, 0x00, 0x00, 0x00, 0x00, 0x00, 0x00,
    0x00, 0x00, 0x00, 0x00, 0x00, 0x00, 0x0C, 0x63, 0x9A, 0xCE, 0xFF, 0xFF, 0xFF, 0xFF, 0xFF, 0xFF,
    0xFF, 0xFF, 0xFF, 0xFF, 0xFF, 0xFF, 0xFF, 0xFF, 0xFF, 0xFF, 0xFF, 0xFF, 0xFF, 0xFF, 0xF3, 0x9C,
    0x00, 0x00, 0x92, 0x8C, 0xFF, 0xFF, 0xFF, 0xFF, 0xFF, 0xFF, 0xFF, 0xFF, 0xFF, 0xFF, 0xFB, 0xDE,
    0x00, 0x00, 0x00, 0x00, 0x14, 0x9D, 0xFF, 0xFF, 0xFF, 0xFF, 0xFF, 0xFF, 0xFF, 0xFF, 0x1F, 0xC6,
    0xBF, 0x20, 0x9F, 0x20, 0x9F, 0x20, 0x9F, 0x20, 0x7F, 0xD6, 0xFF, 0xFF, 0xFF, 0xFF, 0xFF, 0xFF,
    0x7F, 0x9C, 0x9F, 0x20, 0x9F, 0x20, 0x9F, 0x20, 0x3F, 0x73, 0xFF, 0xFF, 0xFF, 0xFF, 0xFF, 0xFF,
    0xBF, 0xDE, 0x9F, 0x20, 0x9F, 0x20, 0x9F, 0x20, 0x3F, 0x39, 0xBF, 0xFF, 0xFF, 0xFF, 0xFF, 0xFF,
    0xFF, 0xFF, 0xDF, 0x62, 0x9F, 0x20, 0x9F, 0x20, 0x9F, 0x20, 0xFF, 0xA4, 0xFF, 0xFF, 0xFF, 0xFF,
    0xFF, 0xFF, 0xBF, 0xF7, 0x3F, 0x31, 0x9F, 0x20, 0x9F, 0x20, 0x9F, 0x20, 0xDF, 0xDE, 0xFF, 0xFF,
    0xFF, 0xFF, 0xFF, 0xFF, 0xFF, 0xFF, 0xFF, 0xFF, 0xFF, 0xFF, 0x3F, 0xAD, 0x3F, 0x52, 0xDF, 0xFF,
    0xFF, 0xFF, 0xFF, 0xFF, 0xFF, 0xFF, 0xFF, 0xFF, 0xBE, 0xF7, 0xBE, 0xF7, 0xBE, 0xF7, 0xBE, 0xF7,
    0xBE, 0xF7, 0xBE, 0xF7, 0xBE, 0xF7, 0xBE, 0xF7, 0xBE, 0xF7, 0xDF, 0xFF, 0xDF, 0xFF, 0xDF, 0xFF,
    0xDF, 0xFF, 0xDF, 0xFF, 0xDF, 0xFF, 0xDF, 0xFF, 0xFF, 0xFF, 0xFF, 0xFF, 0xFF, 0xFF, 0xFF, 0xFF,
    0xFF, 0xFF, 0xFF, 0xFF, 0xFF, 0xFF, 0xFF, 0xFF, 0xFF, 0xFF, 0xFF, 0xFF, 0xFF, 0xFF, 0xFF, 0xFF,
    0xFF, 0xFF, 0xFF, 0xFF, 0xFF, 0xFF, 0xFF, 0xFF, 0xFF, 0xFF, 0xFF, 0xFF, 0xFF, 0xFF, 0xFF, 0xFF,
    0xFF, 0xFF, 0xFF, 0xFF, 0xFF, 0xFF, 0xFF, 0xFF, 0xFF, 0xFF, 0xFF, 0xFF, 0xFF, 0xFF, 0xFF, 0xFF,
    0xFF, 0xFF, 0xFF, 0xFF, 0xFF, 0xFF, 0xFF, 0xFF, 0xFF, 0xFF, 0xFF, 0xFF, 0xFF, 0xFF, 0xFF, 0xFF,
    0xFF, 0xFF, 0xFF, 0xFF, 0xFF, 0xFF, 0xFF, 0xFF, 0xFF, 0xFF, 0xFF, 0xFF, 0xFF, 0xFF, 0xFF, 0xFF,
    0xFF, 0xFF, 0xFF, 0xFF, 0xFF, 0xFF, 0xFF, 0xFF, 0xFF, 0xFF, 0xFF, 0xFF, 0x1E, 0x32, 0xBE, 0x21,
    0x9E, 0x21, 0x9E, 0x21, 0xBE, 0x21, 0x9E, 0x21, 0x9E, 0x21, 0x9E, 0x21, 0x9E, 0x21, 0x9E, 0x21,
    0x9E, 0x21, 0x9E, 0x21, 0x9E, 0x21, 0x9E, 0x21, 0x9E, 0x21, 0xBE, 0x21, 0x9E, 0x21, 0x9E, 0x21,
    0x9E, 0x21, 0x9E, 0x21, 0x9E, 0x21, 0x9E, 0x21, 0xBE, 0x21, 0x9E, 0x21, 0x9E, 0x21, 0x9E, 0x21,
    0x9E, 0x21, 0x9E, 0x21, 0x9E, 0x21, 0x9E, 0x21, 0x9E, 0x21, 0x9E, 0x21, 0x9E, 0x21, 0x9E, 0x21,
    0xBE, 0x21, 0x9E, 0x21, 0xBE, 0x21, 0x9E, 0x21, 0x9E, 0x21, 0x9E, 0x21, 0x9E, 0x21, 0x9E, 0x21,
    0x9E, 0x21, 0x9E, 0x21, 0x9E, 0x21, 0x9E, 0x21, 0x9E, 0x21, 0x9E, 0x21, 0x9E, 0x21, 0x9E, 0x21,
    0x9E, 0x21, 0x9E, 0x21, 0xBE, 0x21, 0x9E, 0x21, 0x9E, 0x21, 0x9E, 0x21, 0xBE, 0x21, 0x9E, 0x21,
    0x9E, 0x21, 0x9E, 0x21, 0xBE, 0x21, 0xBE, 0x21, 0x9E, 0x21, 0x9E, 0x21, 0x9E, 0x21, 0x9E, 0x21,
    0xBE, 0x21, 0x9E, 0x21, 0x9E, 0x21, 0x9E, 0x21, 0x9E, 0x21, 0x9E, 0x21, 0x9E, 0x21, 0x9E, 0x21,
    0x9E, 0x21, 0x9E, 0x21, 0x9E, 0x21, 0x9E, 0x21, 0x9E, 0x21, 0xBE, 0x21, 0x9E, 0x21, 0x9E, 0x21,
    0x9E, 0x21, 0xBE, 0x21, 0xBE, 0x21, 0xBE, 0x21, 0xBE, 0x21, 0xBE, 0x21, 0xBE, 0x21, 0xBE, 0x21,
    0xBE, 0x21, 0xBE, 0x21, 0xBD, 0x21, 0xBD, 0x21, 0xBD, 0x21, 0xBE, 0x21, 0xDD, 0x21, 0xDD, 0x21,
    0xDD, 0x29, 0xDD, 0x29, 0xDD, 0x29, 0xDD, 0x29, 0x9E, 0xF7, 0x9E, 0xF7, 0x7D, 0xEF, 0x7D, 0xEF,
    0x7D, 0xEF, 0x7D, 0xEF, 0x7D, 0xEF, 0x7D, 0xEF, 0x7D, 0xEF, 0x7D, 0xEF, 0x5D, 0xEF, 0x7D, 0xEF,
    0x5D, 0xEF, 0x5D, 0xEF, 0x5D, 0xEF, 0x5D, 0xEF, 0x5D, 0xEF, 0x5D, 0xEF, 0x5D, 0xEF, 0xDF, 0xFF,
    0xFF, 0xFF, 0xFF, 0xFF, 0xFF, 0xFF, 0xFF, 0xFF, 0x04, 0x21, 0x00, 0x00, 0x00, 0x00, 0x7D, 0xEF,
    0xFF, 0xFF, 0xFF, 0xFF, 0xFF, 0xFF, 0xFF, 0xFF, 0xFF, 0xFF, 0x9A, 0xCE, 0x82, 0x10, 0x00, 0x00,
    0x00, 0x00, 0x10, 0x84, 0xFF, 0xFF, 0xF3, 0x9C, 0x00, 0x00, 0x00, 0x00, 0x10, 0x7C, 0xFF, 0xFF,
    0xFF, 0xFF, 0xFF, 0xFF, 0x8A, 0x52, 0x00, 0x00, 0x00, 0x00, 0x14, 0x9D, 0xFF, 0xFF, 0xFF, 0xFF,
    0xFF, 0xFF, 0xFF, 0xFF, 0xFF, 0xFF, 0xFF, 0xFF, 0xFF, 0xFF, 0xFF, 0xFF, 0xFF, 0xFF, 0xFF, 0xFF,
    0xFF, 0xFF, 0xFF, 0xFF, 0xFF, 0xFF, 0x0C, 0x5B, 0x00, 0x00, 0x00, 0x00, 0x00, 0x00, 0x04, 0x21,
    0x82, 0x10, 0x00, 0x00, 0x00, 0x00, 0x00, 0x00, 0x00, 0x00, 0x00, 0x00, 0x08, 0x42, 0x14, 0x9D,
    0xFF, 0xFF, 0xFF, 0xFF, 0xFF, 0xFF, 0xFF, 0xFF, 0xFF, 0xFF, 0xFF, 0xFF, 0xFF, 0xFF, 0xFF, 0xFF,
    0x7D, 0xEF, 0x00, 0x00, 0x86, 0x31, 0xFF, 0xFF, 0xFF, 0xFF, 0xFF, 0xFF, 0xFF, 0xFF, 0xFF, 0xFF,
    0x10, 0x84, 0x00, 0x00, 0x00, 0x00, 0x1C, 0xDF, 0xFF, 0xFF, 0xFF, 0xFF, 0xFF, 0xFF, 0xFF, 0xFF,
    0x9F, 0xF7, 0x3F, 0x31, 0x9F, 0x20, 0x9F, 0x20, 0x9F, 0x20, 0x7F, 0xD6, 0xFF, 0xFF, 0xFF, 0xFF,
    0xFF, 0xFF, 0x7F, 0x9C, 0x9F, 0x20, 0x9F, 0x20, 0x9F, 0x20, 0x3F, 0x73, 0xFF, 0xFF, 0xFF, 0xFF,
    0xFF, 0xFF, 0xBF, 0xDE, 0x9F, 0x20, 0x9F, 0x20, 0x9F, 0x20, 0x3F, 0x39, 0xDF, 0xFF, 0xFF, 0xFF,
    0xFF, 0xFF, 0xFF, 0xFF, 0xDF, 0x62, 0x9F, 0x20, 0x9F, 0x20, 0x9F, 0x20, 0xFF, 0xA4, 0xFF, 0xFF,
    0xFF, 0xFF, 0xFF, 0xFF, 0xBF, 0xF7, 0x3F, 0x31, 0x9F, 0x20, 0x9F, 0x20, 0x9F, 0x20, 0xBF, 0xDE,
    0xFF, 0xFF, 0xFF, 0xFF, 0xFF, 0xFF, 0xFF, 0xFF, 0xFF, 0xFF, 0xFF, 0xDE, 0xDF, 0x28, 0x1F, 0x6B,
    0xFF, 0xFF, 0xFF, 0xFF, 0xFF, 0xFF, 0xFF, 0xFF, 0xFF, 0xFF, 0xBE, 0xF7, 0xBE, 0xF7, 0xBE, 0xF7,
    0xBE, 0xF7, 0xBE, 0xF7, 0xBE, 0xF7, 0xBE, 0xF7, 0xBE, 0xF7, 0xBE, 0xF7, 0xDF, 0xFF, 0xDF, 0xFF,
    0xDF, 0xFF, 0xDF, 0xFF, 0xDF, 0xFF, 0xDF, 0xFF, 0xDF, 0xFF, 0xFF, 0xFF, 0xFF, 0xFF, 0xFF, 0xFF,
    0xFF, 0xFF, 0xFF, 0xFF, 0xFF, 0xFF, 0xFF, 0xFF, 0xFF, 0xFF, 0xFF, 0xFF, 0xFF, 0xFF, 0xFF, 0xFF,
    0xFF, 0xFF, 0xFF, 0xFF, 0xFF, 0xFF, 0xFF, 0xFF, 0xFF, 0xFF, 0xFF, 0xFF, 0xFF, 0xFF, 0xFF, 0xFF,
    0xFF, 0xFF, 0xFF, 0xFF, 0xFF, 0xFF, 0xFF, 0xFF, 0xFF, 0xFF, 0xFF, 0xFF, 0xFF, 0xFF, 0xFF, 0xFF,
    0xFF, 0xFF, 0xFF, 0xFF, 0xFF, 0xFF, 0xFF, 0xFF, 0xFF, 0xFF, 0xFF, 0xFF, 0xFF, 0xFF, 0xFF, 0xFF,
    0xFF, 0xFF, 0xFF, 0xFF, 0xFF, 0xFF, 0xFF, 0xFF, 0xFF, 0xFF, 0xFF, 0xFF, 0xFF, 0xFF, 0xFF, 0xFF,
    0xFF, 0xFF, 0xFF, 0xFF, 0xFF, 0xFF, 0xFF, 0xFF, 0xFF, 0xFF, 0xFF, 0xFF, 0xFF, 0xFF, 0xDF, 0x94,
    0xBE, 0x21, 0x9E, 0x21, 0x9E, 0x21, 0x9E, 0x21, 0x9E, 0x21, 0x9E, 0x21, 0x9E, 0x21, 0x9E, 0x21,
    0x9E, 0x21, 0x9E, 0x21, 0x9E, 0x21, 0x9E, 0x21, 0x9E, 0x21, 0x9E, 0x21, 0x9E, 0x21, 0xBE, 0x21,
    0x9E, 0x21, 0x9E, 0x21, 0x9E, 0x21, 0x9E, 0x21, 0x9E, 0x21, 0x9E, 0x21, 0xBE, 0x21, 0x9E, 0x21,
    0x9E, 0x21, 0x9E, 0x21, 0x9E, 0x21, 0x9E, 0x21, 0x9E, 0x21, 0x9E, 0x21, 0xBE, 0x21, 0x9E, 0x21,
    0x9E, 0x21, 0x9E, 0x21, 0x9E, 0x21, 0x9E, 0x21, 0x9E, 0x21, 0x9E, 0x21, 0x9E, 0x21, 0x9E, 0x21,
    0x9E, 0x21, 0x9E, 0x21, 0x9E, 0x21, 0x9E, 0x21, 0x9E, 0x21, 0x9E, 0x21, 0x9E, 0x21, 0xBE, 0x21,
    0x9E, 0x21, 0x9E, 0x21, 0x9E, 0x21, 0x9E, 0x21, 0xBE, 0x21, 0x9E, 0x21, 0x9E, 0x21, 0xBE, 0x21,
    0x9E, 0x21, 0x9E, 0x21, 0x9E, 0x21, 0xBE, 0x21, 0x9E, 0x21, 0x9E, 0x21, 0x9E, 0x21, 0x9E, 0x21,
    0x9E, 0x21, 0x9E, 0x21, 0x9E, 0x21, 0x9E, 0x21, 0x9E, 0x21, 0x9E, 0x21, 0x9E, 0x21, 0x9E, 0x21,
    0x9E, 0x21, 0x9E, 0x21, 0x9E, 0x21, 0x9E, 0x21, 0x9E, 0x21, 0x9E, 0x21, 0x9E, 0x21, 0x9E, 0x21,
    0x9E, 0x21, 0xBE, 0x21, 0xBE, 0x21, 0xBE, 0x21, 0xBE, 0x21, 0xBE, 0x21, 0xBE, 0x21, 0xBE, 0x21,
    0xBE, 0x21, 0xBE, 0x21, 0xBD, 0x21, 0xBE, 0x21, 0xBD, 0x21, 0xDE, 0x21, 0xDD, 0x21, 0xDE, 0x29,
    0xDD, 0x29, 0xDD, 0x29, 0xDD, 0x29, 0xDD, 0x29, 0xDD, 0x29, 0x9E, 0xF7, 0x7D, 0xEF, 0x7D, 0xEF,
    0x7D, 0xEF, 0x7D, 0xEF, 0x7D, 0xEF, 0x7D, 0xEF, 0x7D, 0xEF, 0x7D, 0xEF, 0x7D, 0xEF, 0x5D, 0xEF,
    0x5D, 0xEF, 0x5D, 0xEF, 0x5D, 0xEF, 0x5D, 0xEF, 0x5D, 0xEF, 0x5D, 0xEF, 0x5D, 0xEF, 0x5D, 0xEF,
    0xDF, 0xFF, 0xFF, 0xFF, 0xFF, 0xFF, 0xFF, 0xFF, 0xFF, 0xFF, 0x8A, 0x52, 0x00, 0x00, 0x00, 0x00,
    0x79, 0xCE, 0xFF, 0xFF, 0xFF, 0xFF, 0xFF, 0xFF, 0xFF, 0xFF, 0xFF, 0xFF, 0xFF, 0xFF, 0x9A, 0xCE,
    0x82, 0x10, 0x00, 0x00, 0x00, 0x00, 0x04, 0x21, 0x8A, 0x52, 0x00, 0x00, 0x00, 0x00, 0x8E, 0x6B,
    0xFF, 0xFF, 0xFF, 0xFF, 0xFF, 0xFF, 0x8E, 0x6B, 0x00, 0x00, 0x00, 0x00, 0x92, 0x8C, 0xFF, 0xFF,
    0xFF, 0xFF, 0xFF, 0xFF, 0xFF, 0xFF, 0xFF, 0xFF, 0xFF, 0xFF, 0xFF, 0xFF, 0xFF, 0xFF, 0xFF, 0xFF,
    0xFF, 0xFF, 0xFF, 0xFF, 0xFF, 0xFF, 0xFF, 0xFF, 0xF3, 0x9C, 0x00, 0x00, 0x00, 0x00, 0x00, 0x00,
    0x1C, 0xDF, 0xFF, 0xFF, 0x7D, 0xEF, 0x14, 0x9D, 0x08, 0x42, 0x00, 0x00, 0x00, 0x00, 0x00, 0x00,
    0x00, 0x00, 0x04, 0x21, 0x14, 0x9D, 0xFF, 0xFF, 0xFF, 0xFF, 0xFF, 0xFF, 0xFF, 0xFF, 0xFF, 0xFF,
    0xFF, 0xFF, 0xFF, 0xFF, 0x86, 0x31, 0x00, 0x00, 0x18, 0xBE, 0xFF, 0xFF, 0xFF, 0xFF, 0xFF, 0xFF,
    0xFB, 0xDE, 0x04, 0x21, 0x00, 0x00, 0x08, 0x42, 0xFF, 0xFF, 0xFF, 0xFF, 0xFF, 0xFF, 0xFF, 0xFF,
    0xFF, 0xFF, 0xBF, 0xF7, 0x3F, 0x31, 0x9F, 0x20, 0x9F, 0x20, 0x9F, 0x20, 0x7F, 0xD6, 0xFF, 0xFF,
    0xFF, 0xFF, 0xFF, 0xFF, 0x7F, 0x9C, 0x9F, 0x20, 0x9F, 0x20, 0x9F, 0x20, 0x3F, 0x73, 0xFF, 0xFF,
    0xFF, 0xFF, 0xFF, 0xFF, 0xBF, 0xDE, 0x9F, 0x20, 0x9F, 0x20, 0x9F, 0x20, 0x3F, 0x39, 0xDF, 0xFF,
    0xFF, 0xFF, 0xFF, 0xFF, 0xFF, 0xFF, 0xDF, 0x62, 0x9F, 0x20, 0x9F, 0x20, 0x9F, 0x20, 0xFF, 0xA4,
    0xFF, 0xFF, 0xFF, 0xFF, 0xFF, 0xFF, 0xBF, 0xF7, 0x3F, 0x31, 0x9F, 0x20, 0x9F, 0x20, 0x9F, 0x20,
    0xDF, 0xDE, 0xFF, 0xFF, 0xFF, 0xFF, 0xFF, 0xFF, 0x9F, 0xF7, 0xBF, 0xBD, 0x9F, 0x41, 0x9F, 0x20,
    0x3F, 0x73, 0xFF, 0xFF, 0xFF, 0xFF, 0xFF, 0xFF, 0xFF, 0xFF, 0xFF, 0xFF, 0xDF, 0xFF, 0xBE, 0xF7,
    0xBE, 0xF7, 0xBE, 0xF7, 0xBE, 0xF7, 0xBE, 0xF7, 0xBE, 0xF7, 0xDF, 0xFF, 0xDF, 0xFF, 0xDF, 0xFF,
    0xDF, 0xFF, 0xDF, 0xFF, 0xDF, 0xFF, 0xDF, 0xFF, 0xDF, 0xFF, 0xDF, 0xFF, 0xFF, 0xFF, 0xFF, 0xFF,
    0xFF, 0xFF, 0xFF, 0xFF, 0xFF, 0xFF, 0xFF, 0xFF, 0xFF, 0xFF, 0xFF, 0xFF, 0xFF, 0xFF, 0xFF, 0xFF,
    0xFF, 0xFF, 0xFF, 0xFF, 0xFF, 0xFF, 0xFF, 0xFF, 0xFF, 0xFF, 0xFF, 0xFF, 0xFF, 0xFF, 0xFF, 0xFF,
    0xFF, 0xFF, 0xFF, 0xFF, 0xFF, 0xFF, 0xFF, 0xFF, 0xFF, 0xFF, 0xFF, 0xFF, 0xFF, 0xFF, 0xFF, 0xFF,
    0xFF, 0xFF, 0xFF, 0xFF, 0xFF, 0xFF, 0xFF, 0xFF, 0xFF, 0xFF, 0xFF, 0xFF, 0xFF, 0xFF, 0xFF, 0xFF,
    0xFF, 0xFF, 0xFF, 0xFF, 0xFF, 0xFF, 0xFF, 0xFF, 0xFF, 0xFF, 0xFF, 0xFF, 0xFF, 0xFF, 0xFF, 0xFF,
    0xFF, 0xFF, 0xFF, 0xFF, 0xFF, 0xFF, 0xFF, 0xFF, 0xFF, 0xFF, 0xFF, 0xFF, 0xFF, 0xFF, 0xFF, 0xFF,
    0x9F, 0xF7, 0x1E, 0x2A, 0x9E, 0x21, 0x9E, 0x21, 0x9E, 0x21, 0x9E, 0x21, 0xBE, 0x21, 0xBE, 0x21,
    0x9E, 0x21, 0x9E, 0x21, 0x9E, 0x21, 0x9E, 0x21, 0x9E, 0x21, 0x9E, 0x21, 0x9E, 0x21, 0xBE, 0x21,
    0x9E, 0x21, 0x9E, 0x21, 0xBE, 0x21, 0x9E, 0x21, 0xBE, 0x21, 0x9E, 0x21, 0x9E, 0x21, 0x9E, 0x21,
    0x9E, 0x21, 0xBE, 0x21, 0x9E, 0x21, 0x9E, 0x21, 0x9E, 0x21, 0xBE, 0x21, 0x9E, 0x21, 0x9E, 0x21,
    0x9E, 0x21, 0x9E, 0x21, 0x9E, 0x21, 0x9E, 0x21, 0x9E, 0x21, 0x9E, 0x21, 0x9E, 0x21, 0x9E, 0x21,
    0x9E, 0x21, 0x9E, 0x21, 0x9E, 0x21, 0x9E, 0x21, 0x9E, 0x21, 0x9E, 0x21, 0x9E, 0x21, 0x9E, 0x21,
    0x9E, 0x21, 0x9E, 0x21, 0x9E, 0x21, 0x9E, 0x21, 0x9E, 0x21, 0x9E, 0x21, 0xBE, 0x21, 0x9E, 0x21,
    0x9E, 0x21, 0x9E, 0x21, 0x9E, 0x21, 0x9E, 0x21, 0x9E, 0x21, 0x9E, 0x21, 0xBE, 0x21, 0x9E, 0x21,
    0x9E, 0x21, 0x9E, 0x21, 0x9E, 0x21, 0x9E, 0x21, 0x9E, 0x21, 0x9E, 0x21, 0xBE, 0x21, 0x9E, 0x21,
    0x9E, 0x21, 0x9E, 0x21, 0xBE, 0x21, 0x9E, 0x21, 0xBE, 0x21, 0x9E, 0x21, 0x9E, 0x21, 0x9E, 0x21,
    0xBE, 0x21, 0xBE, 0x21, 0xBE, 0x21, 0xBE, 0x21, 0xBE, 0x21, 0xBE, 0x21, 0xBE, 0x21, 0xBE, 0x21,
    0xBE, 0x21, 0xBD, 0x21, 0xBE, 0x21, 0xBE, 0x21, 0xBD, 0x21, 0xBD, 0x21, 0xDD, 0x21, 0xDD, 0x29,
    0xDD, 0x29, 0xDD, 0x29, 0xDD, 0x29, 0xDD, 0x29, 0xDD, 0x29, 0xDD, 0x29, 0x9E, 0xF7, 0x7D, 0xEF,
    0x7D, 0xEF, 0x7D, 0xEF, 0x7D, 0xEF, 0x7D, 0xEF, 0x7D, 0xEF, 0x7D, 0xEF, 0x7D, 0xEF, 0x5D, 0xEF,
    0x5D, 0xEF, 0x5D, 0xEF, 0x5D, 0xEF, 0x5D, 0xEF, 0x5D, 0xEF, 0x5D, 0xEF, 0x5D, 0xEF, 0x5D, 0xEF,
    0x5D, 0xEF, 0x9E, 0xF7, 0xFF, 0xFF, 0xFF, 0xFF, 0xFF, 0xFF, 0xFF, 0xFF, 0x8E, 0x6B, 0x00, 0x00,
    0x00, 0x00, 0x14, 0x9D, 0xFF, 0xFF, 0xFF, 0xFF, 0xFF, 0xFF, 0xFF, 0xFF, 0xFF, 0xFF, 0xFF, 0xFF,
    0xFF, 0xFF, 0x9A, 0xCE, 0x04, 0x21, 0x00, 0x00, 0x00, 0x00, 0x00, 0x00, 0x00, 0x00, 0x00, 0x00,
    0x0C, 0x63, 0xFF, 0xFF, 0xFF, 0xFF, 0xFF, 0xFF, 0xF3, 0x9C, 0x00, 0x00, 0x00, 0x00, 0x0C, 0x63,
    0xFF, 0xFF, 0xFF, 0xFF, 0xFF, 0xFF, 0xFF, 0xFF, 0xFF, 0xFF, 0xFF, 0xFF, 0xFF, 0xFF, 0xFB, 0xDE,
    0x8E, 0x73, 0x82, 0x10, 0x08, 0x42, 0xFF, 0xFF, 0xFF, 0xFF, 0x7D, 0xEF, 0x00, 0x00, 0x00, 0x00,
    0x00, 0x00, 0x10, 0x7C, 0xFF, 0xFF, 0xFF, 0xFF, 0xFF, 0xFF, 0xFF, 0xFF, 0x18, 0xBE, 0x08, 0x42,
    0x00, 0x00, 0x00, 0x00, 0x00, 0x00, 0x00, 0x00, 0x04, 0x21, 0x14, 0x9D, 0xFF, 0xFF, 0xFF, 0xFF,
    0xFF, 0xFF, 0xFF, 0xFF, 0xFF, 0xFF, 0x8E, 0x6B, 0x00, 0x00, 0x04, 0x21, 0x7D, 0xEF, 0xFF, 0xFF,
    0xFF, 0xFF, 0x0C, 0x63, 0x00, 0x00, 0x00, 0x00, 0x14, 0x9D, 0xFF, 0xFF, 0xFF, 0xFF, 0xFF, 0xFF,
    0xFF, 0xFF, 0xFF, 0xFF, 0xBF, 0xF7, 0x3F, 0x31, 0x9F, 0x20, 0x9F, 0x20, 0x9F, 0x20, 0x7F, 0xD6,
    0xFF, 0xFF, 0xFF, 0xFF, 0xFF, 0xFF, 0x7F, 0x9C, 0x9F, 0x20, 0x9F, 0x20, 0x9F, 0x20, 0x3F, 0x73,
    0xFF, 0xFF, 0xFF, 0xFF, 0xFF, 0xFF, 0xBF, 0xDE, 0x9F, 0x20, 0x9F, 0x20, 0x9F, 0x20, 0x3F, 0x39,
    0xBF, 0xFF, 0xFF, 0xFF, 0xFF, 0xFF, 0xFF, 0xFF, 0xDF, 0x62, 0x9F, 0x20, 0x9F, 0x20, 0x9F, 0x20,
    0xFF, 0xA4, 0xFF, 0xFF, 0xFF, 0xFF, 0xFF, 0xFF, 0xBF, 0xF7, 0x3F, 0x31, 0x9F, 0x20, 0x9F, 0x20,
    0x9F, 0x20, 0xBF, 0xDE, 0xFF, 0xFF, 0xFF, 0xFF, 0xDF, 0xFF, 0x5F, 0x73, 0x9F, 0x20, 0x9F, 0x20,
    0x9F, 0x20, 0x3F, 0x73, 0xFF, 0xFF, 0xFF, 0xFF, 0xFF, 0xFF, 0xFF, 0xFF, 0xFF, 0xFF, 0xDF, 0xFF,
    0xBE, 0xF7, 0xBE, 0xF7, 0xBE, 0xF7, 0xBE, 0xF7, 0xBE, 0xF7, 0xDF, 0xFF, 0xDF, 0xFF, 0xDF, 0xFF,
    0xDF, 0xFF, 0xDF, 0xFF, 0xDF, 0xFF, 0xDF, 0xFF, 0xDF, 0xFF, 0xDF, 0xFF, 0xFF, 0xFF, 0xFF, 0xFF,
    0xFF, 0xFF, 0xFF, 0xFF, 0xFF, 0xFF, 0xFF, 0xFF, 0xFF, 0xFF, 0xFF, 0xFF, 0xFF, 0xFF, 0xFF, 0xFF,
    0xFF, 0xFF, 0xFF, 0xFF, 0xFF, 0xFF, 0xFF, 0xFF, 0xFF, 0xFF, 0xFF, 0xFF, 0xFF, 0xFF, 0xFF, 0xFF,
    0xFF, 0xFF, 0xFF, 0xFF, 0xFF, 0xFF, 0xFF, 0xFF, 0xFF, 0xFF, 0xFF, 0xFF, 0xFF, 0xFF, 0xFF, 0xFF,
    0xFF, 0xFF, 0xFF, 0xFF, 0xFF, 0xFF, 0xFF, 0xFF, 0xFF, 0xFF, 0xFF, 0xFF, 0xFF, 0xFF, 0xFF, 0xFF,
    0xFF, 0xFF, 0x3F, 0xE7, 0x9F, 0xAD, 0x7E, 0x84, 0xFE, 0x73, 0xFE, 0x73, 0xDF, 0x94, 0xFF, 0xBD,
    0x3F, 0xE7, 0xFF, 0xFF, 0xFF, 0xFF, 0xFF, 0xFF, 0xFF, 0xFF, 0xFF, 0xFF, 0xFF, 0xFF, 0xFF, 0xFF,
    0xFF, 0xFF, 0xFF, 0xFF, 0x9E, 0x63, 0x9E, 0x21, 0x9E, 0x21, 0xBE, 0x21, 0x9E, 0x21, 0xBE, 0x21,
    0x9E, 0x21, 0x9E, 0x21, 0x9E, 0x21, 0x9E, 0x21, 0x9E, 0x21, 0x9E, 0x21, 0x9E, 0x21, 0x9E, 0x21,
    0xBE, 0x21, 0xBE, 0x21, 0x9E, 0x21, 0xBE, 0x21, 0x9E, 0x21, 0x9E, 0x21, 0x9E, 0x21, 0x9E, 0x21,
    0x9E, 0x21, 0x9E, 0x21, 0xBE, 0x21, 0x9E, 0x21, 0x9E, 0x21, 0x9E, 0x21, 0x9E, 0x21, 0x9E, 0x21,
    0x9E, 0x21, 0x9E, 0x21, 0x9E, 0x21, 0x9E, 0x21, 0x9E, 0x21, 0x9E, 0x21, 0x9E, 0x21, 0x9E, 0x21,
    0x9E, 0x21, 0x9E, 0x21, 0x9E, 0x21, 0x9E, 0x21, 0xBE, 0x21, 0xBE, 0x21, 0x9E, 0x21, 0x9E, 0x21,
    0x9E, 0x21, 0x9E, 0x21, 0x9E, 0x21, 0xBE, 0x21, 0xBE, 0x21, 0x9E, 0x21, 0x9E, 0x21, 0x9E, 0x21,
    0x9E, 0x21, 0x9E, 0x21, 0x9E, 0x21, 0x9E, 0x21, 0x9E, 0x21, 0x9E, 0x21, 0xBE, 0x21, 0x9E, 0x21,
    0xBE, 0x21, 0x9E, 0x21, 0x9E, 0x21, 0x9E, 0x21, 0x9E, 0x21, 0xBE, 0x21, 0x9E, 0x21, 0x9E, 0x21,
    0x9E, 0x21, 0xBE, 0x21, 0x9E, 0x21, 0x9E, 0x21, 0x9E, 0x21, 0x9E, 0x21, 0x9E, 0x21, 0xBE, 0x21,
    0x9E, 0x21, 0xBE, 0x21, 0xBE, 0x21, 0xBE, 0x21, 0xBE, 0x21, 0xBE, 0x21, 0xBE, 0x21, 0xBE, 0x21,
    0xBE, 0x21, 0xBD, 0x21, 0xBE, 0x21, 0xBD, 0x21, 0xBD, 0x21, 0xDD, 0x21, 0xDD, 0x21, 0xDE, 0x29,
    0xDD, 0x29, 0xDD, 0x29, 0xDD, 0x29, 0xDD, 0x29, 0xDD, 0x29, 0xDD, 0x29, 0xDD, 0x29, 0x7D, 0xEF,
    0x7D, 0xEF, 0x7D, 0xEF, 0x7D, 0xEF, 0x7D, 0xEF, 0x7D, 0xEF, 0x7D, 0xEF, 0x7D, 0xEF, 0x7D, 0xEF,
    0x5D, 0xEF, 0x5D, 0xEF, 0x5D, 0xEF, 0x5D, 0xEF, 0x5D, 0xEF, 0x5D, 0xEF, 0x5D, 0xEF, 0x5D, 0xEF,
    0x5D, 0xEF, 0x5D, 0xEF, 0x7D, 0xEF, 0xFF, 0xFF, 0xFF, 0xFF, 0xFF, 0xFF, 0xFF, 0xFF, 0xF3, 0x9C,
    0x00, 0x00, 0x00, 0x00, 0x8E, 0x6B, 0xFF, 0xFF, 0xFF, 0xFF, 0xFF, 0xFF, 0xFF, 0xFF, 0xFF, 0xFF,
    0xFF, 0xFF, 0xFF, 0xFF, 0xFF, 0xFF, 0xFB, 0xDE, 0x04, 0x21, 0x00, 0x00, 0x00, 0x00, 0x00, 0x00,
    0x00, 0x00, 0x8E, 0x6B, 0xFF, 0xFF, 0xFF, 0xFF, 0xFF, 0xFF, 0xFB, 0xDE, 0x00, 0x00, 0x00, 0x00,
    0x86, 0x31, 0xFF, 0xFF, 0xFF, 0xFF, 0xFF, 0xFF, 0xFF, 0xFF, 0xFF, 0xFF, 0x7D, 0xEF, 0x8E, 0x73,
    0x00, 0x00, 0x00, 0x00, 0x00, 0x00, 0x8E, 0x6B, 0xFF, 0xFF, 0xFF, 0xFF, 0xFF, 0xFF, 0x08, 0x42,
    0x00, 0x00, 0x00, 0x00, 0x82, 0x10, 0x7D, 0xEF, 0xFF, 0xFF, 0xFF, 0xFF, 0xFF, 0xFF, 0xFF, 0xFF,
    0xFF, 0xFF, 0x18, 0xBE, 0x08, 0x42, 0x00, 0x00, 0x00, 0x00, 0x00, 0x00, 0x00, 0x00, 0x04, 0x21,
    0x7D, 0xEF, 0xFF, 0xFF, 0xFF, 0xFF, 0xFF, 0xFF, 0x18, 0xBE, 0x00, 0x00, 0x00, 0x00, 0x8E, 0x73,
    0xFF, 0xFF, 0x14, 0x9D, 0x00, 0x00, 0x00, 0x00, 0x04, 0x21, 0x7D, 0xEF, 0xFF, 0xFF, 0xFF, 0xFF,
    0xFF, 0xFF, 0xFF, 0xFF, 0xFF, 0xFF, 0xBF, 0xF7, 0x3F, 0x31, 0x9F, 0x20, 0x9F, 0x20, 0x9F, 0x20,
    0x5F, 0xCE, 0xFF, 0xFF, 0xFF, 0xFF, 0xFF, 0xFF, 0x7F, 0x9C, 0x9F, 0x20, 0x9F, 0x20, 0x9F, 0x20,
    0x3F, 0x73, 0xFF, 0xFF, 0xFF, 0xFF, 0xFF, 0xFF, 0xBF, 0xDE, 0x9F, 0x20, 0x9F, 0x20, 0x9F, 0x20,
    0x3F, 0x39, 0xDF, 0xFF, 0xFF, 0xFF, 0xFF, 0xFF, 0xFF, 0xFF, 0xDF, 0x62, 0x9F, 0x20, 0x9F, 0x20,
    0x9F, 0x20, 0xFF, 0xA4, 0xFF, 0xFF, 0xFF, 0xFF, 0xFF, 0xFF, 0xBF, 0xF7, 0x3F, 0x31, 0x9F, 0x20,
    0x9F, 0x20, 0x9F, 0x20, 0xBF, 0xDE, 0xFF, 0xFF, 0xFF, 0xFF, 0xFF, 0xFF, 0x7F, 0x94, 0x9F, 0x20,
    0x9F, 0x20, 0x9F, 0x20, 0x3F, 0x73, 0xFF, 0xFF, 0xFF, 0xFF, 0xFF, 0xFF, 0xFF, 0xFF, 0xFF, 0xFF,
    0xBE, 0xF7, 0xBE, 0xF7, 0xBE, 0xF7, 0xBE, 0xF7, 0xBE, 0xF7, 0xDF, 0xFF, 0xDF, 0xFF, 0xDF, 0xFF,
    0xDF, 0xFF, 0xDF, 0xFF, 0xDF, 0xFF, 0xDF, 0xFF, 0xDF, 0xFF, 0xDF, 0xFF, 0xDF, 0xFF, 0xFF, 0xFF,
    0xFF, 0xFF, 0xFF, 0xFF, 0xFF, 0xFF, 0xFF, 0xFF, 0xFF, 0xFF, 0xFF, 0xFF, 0xFF, 0xFF, 0xFF, 0xFF,
    0xFF, 0xFF, 0xFF, 0xFF, 0xFF, 0xFF, 0xFF, 0xFF, 0xFF, 0xFF, 0xFF, 0xFF, 0xFF, 0xFF, 0xFF, 0xFF,
    0xFF, 0xFF, 0xFF, 0xFF, 0xFF, 0xFF, 0xFF, 0xFF, 0xFF, 0xFF, 0xFF, 0xFF, 0xFF, 0xFF, 0xFF, 0xFF,
    0xFF, 0xFF, 0xFF, 0xFF, 0xFF, 0xFF, 0xFF, 0xFF, 0xFF, 0xFF, 0xFF, 0xFF, 0xFF, 0xFF, 0xFF, 0xFF,
    0x9F, 0xAD, 0x3E, 0x5B, 0x9E, 0x21, 0x9E, 0x21, 0x9E, 0x21, 0x9E, 0x21, 0x9E, 0x21, 0x9E, 0x21,
    0x9E, 0x21, 0x9E, 0x21, 0x3F, 0x9D, 0xFF, 0xFF, 0xFF, 0xFF, 0xFF, 0xFF, 0xFF, 0xFF, 0xFF, 0xFF,
    0xFF, 0xFF, 0xFF, 0xFF, 0xFF, 0xFF, 0x7F, 0xCE, 0x9E, 0x21, 0x9E, 0x21, 0x9E, 0x21, 0x9E, 0x21,
    0x9E, 0x21, 0x9E, 0x21, 0x9E, 0x21, 0x9E, 0x21, 0x9E, 0x21, 0x9E, 0x21, 0x9E, 0x21, 0xBE, 0x21,
    0xBE, 0x21, 0x9E, 0x21, 0x9E, 0x21, 0x9E, 0x21, 0x9E, 0x21, 0x9E, 0x21, 0x9E, 0x21, 0xBE, 0x21,
    0x9E, 0x21, 0x9E, 0x21, 0x9E, 0x21, 0x9E, 0x21, 0x9E, 0x21, 0x9E, 0x21, 0x9E, 0x21, 0x9E, 0x21,
    0x9E, 0x21, 0x9E, 0x21, 0x9E, 0x21, 0x9E, 0x21, 0x9E, 0x21, 0x9E, 0x21, 0xBE, 0x21, 0x9E, 0x21,
    0x9E, 0x21, 0x9E, 0x21, 0x9E, 0x21, 0x9E, 0x21, 0xBE, 0x21, 0x9E, 0x21, 0x9E, 0x21, 0xBE, 0x21,
    0x9E, 0x21, 0x9E, 0x21, 0x9E, 0x21, 0xBE, 0x21, 0x9E, 0x21, 0x9E, 0x21, 0x9E, 0x21, 0x9E, 0x21,
    0xBE, 0x21, 0x9E, 0x21, 0x9E, 0x21, 0x9E, 0x21, 0x9E, 0x21, 0x9E, 0x21, 0xBE, 0x21, 0x9E, 0x21,
    0x9E, 0x21, 0x9E, 0x21, 0xBE, 0x21, 0xBE, 0x21, 0x9E, 0x21, 0x9E, 0x21, 0x9E, 0x21, 0x9E, 0x21,
    0x9E, 0x21, 0x9E, 0x21, 0x9E, 0x21, 0x9E, 0x21, 0x9E, 0x21, 0x9E, 0x21, 0x9E, 0x21, 0xBE, 0x21,
    0xBE, 0x21, 0xBE, 0x21, 0xBE, 0x21, 0xBE, 0x21, 0xBE, 0x21, 0xBE, 0x21, 0xBE, 0x21, 0xBE, 0x21,
    0xBE, 0x21, 0xBE, 0x21, 0xBD, 0x21, 0xBD, 0x21, 0xDE, 0x21, 0xBD, 0x21, 0xDD, 0x29, 0xDD, 0x29,
    0xDD, 0x29, 0xDD, 0x29, 0xDD, 0x29, 0xDD, 0x29, 0xDD, 0x29, 0xDD, 0x29, 0xDD, 0x29, 0xDD, 0x29,
    0x7D, 0xEF, 0x7D, 0xEF, 0x7D, 0xEF, 0x7D, 0xEF, 0x7D, 0xEF, 0x7D, 0xEF, 0x7D, 0xEF, 0x7D, 0xEF,
    0x5D, 0xEF, 0x5D, 0xEF, 0x5D, 0xEF, 0x5D, 0xEF, 0x5D, 0xEF, 0x5D, 0xEF, 0x5D, 0xEF, 0x5D, 0xEF,
    0x5D, 0xEF, 0x5D, 0xEF, 0x5D, 0xEF, 0x5D, 0xEF, 0xFF, 0xFF, 0xFF, 0xFF, 0xFF, 0xFF, 0xFF, 0xFF,
    0x9A, 0xCE, 0x00, 0x00, 0x00, 0x00, 0x8A, 0x4A, 0xFF, 0xFF, 0xFF, 0xFF, 0xFF, 0xFF, 0xFF, 0xFF,
    0xFF, 0xFF, 0xFF, 0xFF, 0xFF, 0xFF, 0xFF, 0xFF, 0xFF, 0xFF, 0xFF, 0xFF, 0x14, 0x9D, 0x04, 0x21,
    0x00, 0x00, 0x00, 0x00, 0x14, 0x9D, 0xFF, 0xFF, 0xFF, 0xFF, 0xFF, 0xFF, 0xFF, 0xFF, 0x04, 0x21,
    0x00, 0x00, 0x00, 0x00, 0x7D, 0xEF, 0xFF, 0xFF, 0xFF, 0xFF, 0xFF, 0xFF, 0x18, 0xBE, 0x04, 0x21,
    0x00, 0x00, 0x00, 0x00, 0x00, 0x00, 0x8E, 0x6B, 0xFF, 0xFF, 0xFF, 0xFF, 0xFF, 0xFF, 0xFF, 0xFF,
    0x92, 0x8C, 0x00, 0x00, 0x00, 0x00, 0x00, 0x00, 0x18, 0xBE, 0xFF, 0xFF, 0xFF, 0xFF, 0xFF, 0xFF,
    0xFF, 0xFF, 0xFF, 0xFF, 0xFF, 0xFF, 0xFF, 0xFF, 0x18, 0xBE, 0x8A, 0x52, 0x00, 0x00, 0x00, 0x00,
    0x00, 0x00, 0x92, 0x8C, 0xFF, 0xFF, 0xFF, 0xFF, 0xFF, 0xFF, 0xFF, 0xFF, 0x82, 0x10, 0x00, 0x00,
    0x00, 0x00, 0x8A, 0x52, 0x04, 0x21, 0x00, 0x00, 0x00, 0x00, 0x10, 0x7C, 0xFF, 0xFF, 0xFF, 0xFF,
    0xFF, 0xFF, 0xFF, 0xFF, 0xFF, 0xFF, 0xFF, 0xFF, 0xBF, 0xF7, 0x3F, 0x31, 0x9F, 0x20, 0x9F, 0x20,
    0x9F, 0x20, 0xDF, 0x28, 0x5F, 0x73, 0x7F, 0xD6, 0xFF, 0xFF, 0x7F, 0x9C, 0x9F, 0x20, 0x9F, 0x20,
    0x9F, 0x20, 0x3F, 0x73, 0xFF, 0xFF, 0xDF, 0xFF, 0xFF, 0xFF, 0xBF, 0xDE, 0x9F, 0x20, 0x9F, 0x20,
    0x9F, 0x20, 0x3F, 0x39, 0xDF, 0xFF, 0xFF, 0xFF, 0xFF, 0xFF, 0xFF, 0xFF, 0xDF, 0x62, 0x9F, 0x20,
    0x9F, 0x20, 0x9F, 0x20, 0xFF, 0xA4, 0xFF, 0xFF, 0xFF, 0xFF, 0xFF, 0xFF, 0xBF, 0xF7, 0x3F, 0x31,
    0x9F, 0x20, 0x9F, 0x20, 0x9F, 0x20, 0x1F, 0x31, 0xBF, 0x83, 0xFF, 0xDE, 0xFF, 0xFF, 0x7F, 0x9C,
    0x9F, 0x20, 0x9F, 0x20, 0x3F, 0x31, 0x1F, 0x8C, 0xFF, 0xFF, 0xFF, 0xFF, 0xFF, 0xFF, 0xFF, 0xFF,
    0xFF, 0xFF, 0xBE, 0xF7, 0xBE, 0xF7, 0xBE, 0xF7, 0xBE, 0xF7, 0xBE, 0xF7, 0xBE, 0xF7, 0xDF, 0xFF,
    0xDF, 0xFF, 0xDF, 0xFF, 0xDF, 0xFF, 0xDF, 0xFF, 0xDF, 0xFF, 0xDF, 0xFF, 0xDF, 0xFF, 0xFF, 0xFF,
    0xFF, 0xFF, 0xFF, 0xFF, 0xFF, 0xFF, 0xFF, 0xFF, 0xFF, 0xFF, 0xFF, 0xFF, 0xFF, 0xFF, 0xFF, 0xFF,
    0xFF, 0xFF, 0xFF, 0xFF, 0xFF, 0xFF, 0xFF, 0xFF, 0xFF, 0xFF, 0xFF, 0xFF, 0xFF, 0xFF, 0xFF, 0xFF,
    0xFF, 0xFF, 0xFF, 0xFF, 0xFF, 0xFF, 0xFF, 0xFF, 0xFF, 0xFF, 0xFF, 0xFF, 0xFF, 0xFF, 0xFF, 0xFF,
    0xFF, 0xFF, 0xFF, 0xFF, 0xFF, 0xFF, 0xFF, 0xFF, 0xFF, 0xFF, 0xFF, 0xFF, 0xFF, 0xFF, 0xDF, 0xD6,
    0xDE, 0x4A, 0x9E, 0x21, 0x9E, 0x21, 0x1E, 0x32, 0x7E, 0x84, 0x3F, 0x9D, 0x9F, 0xAD, 0x9F, 0xAD,
    0x3F, 0x9D, 0x9E, 0x63, 0x7E, 0x3A, 0x7E, 0x84, 0xFF, 0xFF, 0xFF, 0xFF, 0xFF, 0xFF, 0xFF, 0xFF,
    0xFF, 0xFF, 0xFF, 0xFF, 0xFF, 0xFF, 0xFF, 0xFF, 0xFF, 0xFF, 0x3E, 0x5B, 0x9E, 0x21, 0x9E, 0x21,
    0x9E, 0x21, 0x9E, 0x21, 0x9E, 0x21, 0x9E, 0x21, 0x9E, 0x21, 0x9E, 0x21, 0x9E, 0x21, 0x9E, 0x21,
    0x9E, 0x21, 0x9E, 0x21, 0x9E, 0x21, 0x9E, 0x21, 0xBE, 0x21, 0x9E, 0x21, 0x9E, 0x21, 0x9E, 0x21,
    0x9E, 0x21, 0x9E, 0x21, 0x9E, 0x21, 0x9E, 0x21, 0x9E, 0x21, 0x9E, 0x21, 0x9E, 0x21, 0xBE, 0x21,
    0x9E, 0x21, 0xBE, 0x21, 0x9E, 0x21, 0x9E, 0x21, 0x9E, 0x21, 0x9E, 0x21, 0x9E, 0x21, 0x9E, 0x21,
    0x9E, 0x21, 0x9E, 0x21, 0x9E, 0x21, 0x9E, 0x21, 0x9E, 0x21, 0x9E, 0x21, 0x9E, 0x21, 0xBE, 0x21,
    0x9E, 0x21, 0xBE, 0x21, 0x9E, 0x21, 0x9E, 0x21, 0x9E, 0x21, 0xBE, 0x21, 0x9E, 0x21, 0x9E, 0x21,
    0x9E, 0x21, 0x9E, 0x21, 0x9E, 0x21, 0x9E, 0x21, 0x9E, 0x21, 0x9E, 0x21, 0x9E, 0x21, 0x9E, 0x21,
    0x9E, 0x21, 0x9E, 0x21, 0x9E, 0x21, 0x9E, 0x21, 0x9E, 0x21, 0x9E, 0x21, 0x9E, 0x21, 0xBE, 0x21,
    0xBE, 0x21, 0x9E, 0x21, 0x9E, 0x21, 0xBE, 0x21, 0x9E, 0x21, 0x9E, 0x21, 0x9E, 0x21, 0x9E, 0x21,
    0xBE, 0x21, 0xBE, 0x21, 0xBE, 0x21, 0xBE, 0x21, 0xBE, 0x21, 0xBE, 0x21, 0xBE, 0x21, 0xBE, 0x21,
    0xBE, 0x21, 0xBE, 0x21, 0xBD, 0x21, 0xBD, 0x21, 0xDD, 0x21, 0xDD, 0x29, 0xDD, 0x29, 0xDD, 0x29,
    0xDD, 0x29, 0xDD, 0x29, 0xDD, 0x29, 0xDD, 0x29, 0xDD, 0x29, 0xDD, 0x29, 0xDD, 0x29, 0xDD, 0x29,
    0xDD, 0x29, 0x7D, 0xEF, 0x7D, 0xEF, 0x7D, 0xEF, 0x7D, 0xEF, 0x7D, 0xEF, 0x7D, 0xEF, 0x7D, 0xEF,
    0x5D, 0xEF, 0x5D, 0xEF, 0x5D, 0xEF, 0x5D, 0xEF, 0x5D, 0xEF, 0x5D, 0xEF, 0x5D, 0xEF, 0x5D, 0xEF,
    0x5D, 0xEF, 0x5D, 0xEF, 0x5D, 0xEF, 0x5D, 0xEF, 0x5D, 0xEF, 0xFF, 0xFF, 0xFF, 0xFF, 0xFF, 0xFF,
    0xFF, 0xFF, 0xFF, 0xFF, 0x82, 0x10, 0x00, 0x00, 0x04, 0x21, 0xFF, 0xFF, 0xFF, 0xFF, 0xFF, 0xFF,
    0xFF, 0xFF, 0xFF, 0xFF, 0xFF, 0xFF, 0xFF, 0xFF, 0xFF, 0xFF, 0xFF, 0xFF, 0xFF, 0xFF, 0xFF, 0xFF,
    0xFF, 0xFF, 0x9A, 0xCE, 0x9A, 0xCE, 0xFF, 0xFF, 0xFF, 0xFF, 0xFF, 0xFF, 0xFF, 0xFF, 0xFF, 0xFF,
    0x8E, 0x6B, 0x00, 0x00, 0x00, 0x00, 0x10, 0x7C, 0xFF, 0xFF, 0xFF, 0xFF, 0x92, 0x94, 0x00, 0x00,
    0x00, 0x00, 0x00, 0x00, 0x82, 0x10, 0x92, 0x8C, 0xFF, 0xFF, 0xFF, 0xFF, 0xFF, 0xFF, 0xFF, 0xFF,
    0xFF, 0xFF, 0x7D, 0xEF, 0x82, 0x10, 0x00, 0x00, 0x00, 0x00, 0x8E, 0x6B, 0xFF, 0xFF, 0xFF, 0xFF,
    0xFF, 0xFF, 0xFF, 0xFF, 0xFF, 0xFF, 0xFF, 0xFF, 0xFF, 0xFF, 0xFF, 0xFF, 0xFF, 0xFF, 0xFF, 0xFF,
    0x9A, 0xCE, 0x9A, 0xCE, 0xFF, 0xFF, 0xFF, 0xFF, 0xFF, 0xFF, 0xFF, 0xFF, 0xFF, 0xFF, 0x8E, 0x6B,
    0x00, 0x00, 0x00, 0x00, 0x00, 0x00, 0x00, 0x00, 0x00, 0x00, 0x04, 0x21, 0x7D, 0xEF, 0xFF, 0xFF,
    0xFF, 0xFF, 0xFF, 0xFF, 0xFF, 0xFF, 0xFF, 0xFF, 0xFF, 0xFF, 0x1F, 0xC6, 0xDF, 0x28, 0x9F, 0x20,
    0x9F, 0x20, 0x9F, 0x20, 0x9F, 0x20, 0x9F, 0x20, 0xBF, 0x20, 0x3F, 0x52, 0x9F, 0x5A, 0x9F, 0x20,
    0x9F, 0x20, 0x9F, 0x20, 0xDF, 0x28, 0x9F, 0x7B, 0x1F, 0xCE, 0xFF, 0xFF, 0xBF, 0xDE, 0x9F, 0x20,
    0x9F, 0x20, 0x9F, 0x20, 0x9F, 0x20, 0x3F, 0x73, 0xDF, 0xC5, 0xFF, 0xFF, 0xFF, 0xFF, 0xDF, 0x62,
    0x9F, 0x20, 0x9F, 0x20, 0x9F, 0x20, 0x9F, 0x41, 0x5F, 0x94, 0xBF, 0xDE, 0xFF, 0xFF, 0x3F, 0xCE,
    0xDF, 0x28, 0x9F, 0x20, 0x9F, 0x20, 0x9F, 0x20, 0x9F, 0x20, 0x9F, 0x20, 0xBF, 0x28, 0x7F, 0x5A,
    0xBF, 0x62, 0xBF, 0x41, 0x5F, 0xB5, 0x7F, 0xEF, 0xFF, 0xFF, 0xFF, 0xFF, 0xFF, 0xFF, 0xFF, 0xFF,
    0xFF, 0xFF, 0xBE, 0xF7, 0xBE, 0xF7, 0xBE, 0xF7, 0xBE, 0xF7, 0xBE, 0xF7, 0xDF, 0xFF, 0xBE, 0xF7,
    0xDF, 0xFF, 0xDF, 0xFF, 0xDF, 0xFF, 0xDF, 0xFF, 0xDF, 0xFF, 0xDF, 0xFF, 0xFF, 0xFF, 0xFF, 0xFF,
    0xFF, 0xFF, 0xFF, 0xFF, 0xFF, 0xFF, 0xFF, 0xFF, 0xFF, 0xFF, 0xFF, 0xFF, 0xFF, 0xFF, 0xFF, 0xFF,
    0xFF, 0xFF, 0xFF, 0xFF, 0xFF, 0xFF, 0xFF, 0xFF, 0xFF, 0xFF, 0xFF, 0xFF, 0xFF, 0xFF, 0xFF, 0xFF,
    0xFF, 0xFF, 0xFF, 0xFF, 0xFF, 0xFF, 0xFF, 0xFF, 0xFF, 0xFF, 0xFF, 0xFF, 0xFF, 0xFF, 0xFF, 0xFF,
    0xFF, 0xFF, 0xFF, 0xFF, 0xFF, 0xFF, 0xFF, 0xFF, 0xFF, 0xFF, 0xFF, 0xFF, 0xFF, 0xFF, 0x9F, 0xAD,
    0x1E, 0x32, 0x9E, 0x21, 0xDE, 0x4A, 0x7F, 0xCE, 0xFF, 0xFF, 0xFF, 0xFF, 0xFF, 0xFF, 0xFF, 0xFF,
    0xFF, 0xFF, 0xFF, 0xFF, 0xFF, 0xFF, 0xFF, 0xFF, 0xFF, 0xFF, 0xFF, 0xFF, 0xFF, 0xFF, 0xFF, 0xFF,
    0xFF, 0xFF, 0xFF, 0xFF, 0xFF, 0xFF, 0xFF, 0xFF, 0xFF, 0xFF, 0xFF, 0xFF, 0x3F, 0x9D, 0xBE, 0x21,
    0xBE, 0x21, 0x9E, 0x21, 0x9E, 0x21, 0x9E, 0x21, 0x9E, 0x21, 0x9E, 0x21, 0x9E, 0x21, 0x9E, 0x21,
    0x9E, 0x21, 0x9E, 0x21, 0x9E, 0x21, 0xBE, 0x21, 0x9E, 0x21, 0x9E, 0x21, 0x9E, 0x21, 0x9E, 0x21,
    0x9E, 0x21, 0x9E, 0x21, 0x9E, 0x21, 0x9E, 0x21, 0x9E, 0x21, 0x9E, 0x21, 0x9E, 0x21, 0x9E, 0x21,
    0x9E, 0x21, 0xBE, 0x21, 0x9E, 0x21, 0x9E, 0x21, 0x9E, 0x21, 0x9E, 0x21, 0x9E, 0x21, 0x9E, 0x21,
    0x9E, 0x21, 0x9E, 0x21, 0x9E, 0x21, 0x9E, 0x21, 0x9E, 0x21, 0xBE, 0x21, 0x9E, 0x21, 0x9E, 0x21,
    0x9E, 0x21, 0x9E, 0x21, 0x9E, 0x21, 0xBE, 0x21, 0xBE, 0x21, 0xBE, 0x21, 0x9E, 0x21, 0x9E, 0x21,
    0x9E, 0x21, 0x9E, 0x21, 0x9E, 0x21, 0x9E, 0x21, 0x9E, 0x21, 0x9E, 0x21, 0x9E, 0x21, 0x9E, 0x21,
    0x9E, 0x21, 0x9E, 0x21, 0x9E, 0x21, 0x9E, 0x21, 0x9E, 0x21, 0x9E, 0x21, 0x9E, 0x21, 0x9E, 0x21,
    0x9E, 0x21, 0x9E, 0x21, 0xBE, 0x21, 0x9E, 0x21, 0x9E, 0x21, 0x9E, 0x21, 0xBE, 0x21, 0xBE, 0x21,
    0xBE, 0x21, 0xBE, 0x21, 0xBE, 0x21, 0xBE, 0x21, 0xBE, 0x21, 0xBE, 0x21, 0xBE, 0x21, 0xBE, 0x21,
    0xBE, 0x21, 0xBD, 0x21, 0xDE, 0x21, 0xBD, 0x21, 0xDD, 0x29, 0xDD, 0x29, 0xDD, 0x29, 0xDD, 0x29,
    0xDD, 0x29, 0xDD, 0x29, 0xDD, 0x29, 0xDD, 0x29, 0xDD, 0x29, 0xDD, 0x29, 0xDD, 0x29, 0xDD, 0x29,
    0xFD, 0x29, 0xDD, 0x29, 0x7D, 0xEF, 0x7D, 0xEF, 0x7D, 0xEF, 0x7D, 0xEF, 0x7D, 0xEF, 0x7D, 0xEF,
    0x7D, 0xEF, 0x7D, 0xEF, 0x7D, 0xEF, 0x5D, 0xEF, 0x5D, 0xEF, 0x5D, 0xEF, 0x5D, 0xEF, 0x5D, 0xEF,
    0x5D, 0xEF, 0x5D, 0xEF, 0x5D, 0xEF, 0x5D, 0xEF, 0x5D, 0xEF, 0x5D, 0xEF, 0xBE, 0xF7, 0xFF, 0xFF,
    0xFF, 0xFF, 0xFF, 0xFF, 0xFF, 0xFF, 0x08, 0x42, 0x00, 0x00, 0x00, 0x00, 0xFF, 0xFF, 0xFF, 0xFF,
    0xFF, 0xFF, 0xFF, 0xFF, 0xFF, 0xFF, 0xFF, 0xFF, 0xFF, 0xFF, 0xFF, 0xFF, 0xFF, 0xFF, 0xFF, 0xFF,
    0xFF, 0xFF, 0xFF, 0xFF, 0xFF, 0xFF, 0xFF, 0xFF, 0xFF, 0xFF, 0xFF, 0xFF, 0xFF, 0xFF, 0xFF, 0xFF,
    0xFF, 0xFF, 0x18, 0xBE, 0x00, 0x00, 0x00, 0x00, 0x00, 0x00, 0x0C, 0x63, 0x08, 0x42, 0x00, 0x00,
    0x00, 0x00, 0x00, 0x00, 0x08, 0x42, 0x1C, 0xDF, 0xFF, 0xFF, 0xFF, 0xFF, 0xFF, 0xFF, 0xFF, 0xFF,
    0xFF, 0xFF, 0xFF, 0xFF, 0xFF, 0xFF, 0x10, 0x7C, 0x00, 0x00, 0x00, 0x00, 0x8A, 0x4A, 0xFF, 0xFF,
    0xFF, 0xFF, 0xFF, 0xFF, 0xFF, 0xFF, 0xFF, 0xFF, 0xFF, 0xFF, 0xFF, 0xFF, 0xFF, 0xFF, 0xFF, 0xFF,
    0xFF, 0xFF, 0xFF, 0xFF, 0xFF, 0xFF, 0xFF, 0xFF, 0xFF, 0xFF, 0xFF, 0xFF, 0xFF, 0xFF, 0xFF, 0xFF,
    0x18, 0xBE, 0x00, 0x00, 0x00, 0x00, 0x00, 0x00, 0x00, 0x00, 0x00, 0x00, 0x9A, 0xCE, 0xFF, 0xFF,
    0xFF, 0xFF, 0xFF, 0xFF, 0xFF, 0xFF, 0xFF, 0xFF, 0xFF, 0xFF, 0x9F, 0xB5, 0x5F, 0x5A, 0xDF, 0x28,
    0x9F, 0x20, 0x9F, 0x20, 0x9F, 0x20, 0x9F, 0x20, 0x9F, 0x20, 0x9F, 0x20, 0x9F, 0x20, 0x5F, 0x39,
    0x9F, 0x20, 0x9F, 0x20, 0x9F, 0x20, 0x9F, 0x20, 0xFF, 0x83, 0xFF, 0xFF, 0xFF, 0xFF, 0xBF, 0xDE,
    0x9F, 0x20, 0x9F, 0x20, 0x9F, 0x20, 0x9F, 0x20, 0xFF, 0x6A, 0xBF, 0xF7, 0xFF, 0xFF, 0xFF, 0xFF,
    0xDF, 0x62, 0x9F, 0x20, 0x9F, 0x20, 0x9F, 0x20, 0xFF, 0x28, 0x5F, 0xB5, 0xFF, 0xFF, 0xBF, 0xBD,
    0xFF, 0x49, 0xBF, 0x28, 0x9F, 0x20, 0x9F, 0x20, 0x9F, 0x20, 0x9F, 0x20, 0x9F, 0x20, 0x9F, 0x20,
    0x9F, 0x20, 0x1F, 0x6B, 0x7F, 0xF7, 0xFF, 0xFF, 0xFF, 0xFF, 0xFF, 0xFF, 0xFF, 0xFF, 0xFF, 0xFF,
    0xFF, 0xFF, 0xDF, 0xFF, 0xBE, 0xF7, 0xBE, 0xF7, 0xBE, 0xF7, 0xBE, 0xF7, 0xBE, 0xF7, 0xBE, 0xF7,
    0xDF, 0xFF, 0xDF, 0xFF, 0xDF, 0xFF, 0xDF, 0xFF, 0xDF, 0xFF, 0xDF, 0xFF, 0xDF, 0xFF, 0xFF, 0xFF,
    0xFF, 0xFF, 0xFF, 0xFF, 0xFF, 0xFF, 0xFF, 0xFF, 0xFF, 0xFF, 0xFF, 0xFF, 0xFF, 0xFF, 0xFF, 0xFF,
    0xFF, 0xFF, 0xFF, 0xFF, 0xFF, 0xFF, 0xFF, 0xFF, 0xFF, 0xFF, 0xFF, 0xFF, 0xFF, 0xFF, 0xFF, 0xFF,
    0xFF, 0xFF, 0xFF, 0xFF, 0xFF, 0xFF, 0xFF, 0xFF, 0xFF, 0xFF, 0xFF, 0xFF, 0xFF, 0xFF, 0xFF, 0xFF,
    0xFF, 0xFF, 0xFF, 0xFF, 0xFF, 0xFF, 0xFF, 0xFF, 0xFF, 0xFF, 0xFF, 0xFF, 0xFF, 0xFF, 0x9F, 0xAD,
    0x9E, 0x21, 0x9E, 0x21, 0xDF, 0x94, 0xFF, 0xFF, 0xFF, 0xFF, 0xDF, 0xD6, 0xDF, 0x94, 0x9E, 0x63,
    0x7E, 0x3A, 0xDE, 0x4A, 0x3E, 0x5B, 0x9F, 0xAD, 0x9F, 0xF7, 0xFF, 0xFF, 0xFF, 0xFF, 0xFF, 0xFF,
    0xFF, 0xFF, 0xFF, 0xFF, 0xFF, 0xFF, 0xFF, 0xFF, 0xFF, 0xFF, 0xFF, 0xFF, 0xFF, 0xFF, 0x9F, 0xF7,
    0x1E, 0x32, 0x9E, 0x21, 0x9E, 0x21, 0x9E, 0x21, 0x9E, 0x21, 0x9E, 0x21, 0x9E, 0x21, 0x9E, 0x21,
    0x9E, 0x21, 0x9E, 0x21, 0x9E, 0x21, 0x9E, 0x21, 0x9E, 0x21, 0x9E, 0x21, 0x9E, 0x21, 0x9E, 0x21,
    0x9E, 0x21, 0xBE, 0x21, 0xBE, 0x21, 0x9E, 0x21, 0x9E, 0x21, 0x9E, 0x21, 0x9E, 0x21, 0x9E, 0x21,
    0x9E, 0x21, 0x9E, 0x21, 0x9E, 0x21, 0x9E, 0x21, 0x9E, 0x21, 0x9E, 0x21, 0xBE, 0x21, 0x9E, 0x21,
    0x9E, 0x21, 0x9E, 0x21, 0xBE, 0x21, 0x9E, 0x21, 0x9E, 0x21, 0x9E, 0x21, 0x9E, 0x21, 0x9E, 0x21,
    0x9E, 0x21, 0x9E, 0x21, 0xBE, 0x21, 0xBE, 0x21, 0x9E, 0x21, 0x9E, 0x21, 0x9E, 0x21, 0x9E, 0x21,
    0x9E, 0x21, 0x9E, 0x21, 0x9E, 0x21, 0x9E, 0x21, 0x9E, 0x21, 0x9E, 0x21, 0x9E, 0x21, 0x9E, 0x21,
    0x9E, 0x21, 0x9E, 0x21, 0x9E, 0x21, 0x9E, 0x21, 0x9E, 0x21, 0x9E, 0x21, 0x9E, 0x21, 0x9E, 0x21,
    0x9E, 0x21, 0x9E, 0x21, 0x9E, 0x21, 0x9E, 0x21, 0xBE, 0x21, 0xBE, 0x21, 0xBE, 0x21, 0xBE, 0x21,
    0xBE, 0x21, 0xBE, 0x21, 0xBE, 0x21, 0xBE, 0x21, 0xBE, 0x21, 0xBE, 0x21, 0xBD, 0x21, 0xBE, 0x21,
    0xBE, 0x21, 0xBD, 0x21, 0xDD, 0x21, 0xDE, 0x21, 0xDE, 0x29, 0xDD, 0x21, 0xDD, 0x29, 0xDD, 0x29,
    0xDD, 0x29, 0xDD, 0x29, 0xDD, 0x29, 0xDD, 0x29, 0xDD, 0x29, 0xDD, 0x29, 0xDD, 0x29, 0xDD, 0x29,
    0xDD, 0x29, 0xFD, 0x29, 0xFD, 0x29, 0x7D, 0xEF, 0x7D, 0xEF, 0x7D, 0xEF, 0x7D, 0xEF, 0x7D, 0xEF,
    0x7D, 0xEF, 0x7D, 0xEF, 0x7D, 0xEF, 0x5D, 0xEF, 0x5D, 0xEF, 0x5D, 0xEF, 0x5D, 0xEF, 0x5D, 0xEF,
    0x5D, 0xEF, 0x5D, 0xEF, 0x3C, 0xE7, 0x5D, 0xEF, 0x5D, 0xEF, 0x5D, 0xEF, 0x5D, 0xEF, 0x9E, 0xF7,
    0xFF, 0xFF, 0xFF, 0xFF, 0xFF, 0xFF, 0xFF, 0xFF, 0x8E, 0x6B, 0x00, 0x00, 0x00, 0x00, 0xFF, 0xFF,
    0xFF, 0xFF, 0xFF, 0xFF, 0xFF, 0xFF, 0xFF, 0xFF, 0xFF, 0xFF, 0xFF, 0xFF, 0xFF, 0xFF, 0xFF, 0xFF,
    0xFF, 0xFF, 0xFF, 0xFF, 0xFF, 0xFF, 0xFF, 0xFF, 0xFF, 0xFF, 0xFF, 0xFF, 0xFF, 0xFF, 0xFF, 0xFF,
    0xFF, 0xFF, 0xFF, 0xFF, 0xFF, 0xFF, 0x08, 0x42, 0x00, 0x00, 0x00, 0x00, 0x00, 0x00, 0x00, 0x00,
    0x00, 0x00, 0x82, 0x10, 0x92, 0x8C, 0xFF, 0xFF, 0xFF, 0xFF, 0xFF, 0xFF, 0xFF, 0xFF, 0xFF, 0xFF,
    0xFF, 0xFF, 0xFF, 0xFF, 0xFF, 0xFF, 0xFF, 0xFF, 0xFF, 0xFF, 0x04, 0x21, 0x00, 0x00, 0x08, 0x42,
    0xFF, 0xFF, 0xFF, 0xFF, 0xFF, 0xFF, 0xFF, 0xFF, 0xFF, 0xFF, 0xFF, 0xFF, 0xFF, 0xFF, 0xFF, 0xFF,
    0xFF, 0xFF, 0xFF, 0xFF, 0xFF, 0xFF, 0xFF, 0xFF, 0xFF, 0xFF, 0xFF, 0xFF, 0xFF, 0xFF, 0xFF, 0xFF,
    0xFF, 0xFF, 0xFF, 0xFF, 0x08, 0x42, 0x00, 0x00, 0x00, 0x00, 0x82, 0x10, 0x14, 0x9D, 0xFF, 0xFF,
    0xFF, 0xFF, 0xFF, 0xFF, 0xFF, 0xFF, 0xFF, 0xFF, 0xFF, 0xFF, 0xFF, 0xFF, 0xFF, 0xE6, 0xFF, 0xFF,
    0x3F, 0xEF, 0xFF, 0xA4, 0x1F, 0x52, 0x9F, 0x20, 0x9F, 0x20, 0x9F, 0x20, 0x9F, 0x20, 0x9F, 0x41,
    0x3F, 0xE7, 0xFF, 0x6A, 0x9F, 0x20, 0x9F, 0x20, 0xBF, 0x83, 0xFF, 0xFF, 0xFF, 0xFF, 0xFF, 0xFF,
    0xDF, 0xFF, 0x3F, 0x73, 0x9F, 0x20, 0x9F, 0x20, 0xFF, 0x49, 0xBF, 0xF7, 0xFF, 0xFF, 0xFF, 0xFF,
    0xFF, 0xFF, 0x3F, 0xCE, 0xFF, 0x30, 0x9F, 0x20, 0x9F, 0x20, 0x7F, 0xB5, 0xFF, 0xFF, 0xFF, 0xFF,
    0xDF, 0xDE, 0xFF, 0xFF, 0x1F, 0xE7, 0xBF, 0x9C, 0xFF, 0x49, 0x9F, 0x20, 0x9F, 0x20, 0x9F, 0x20,
    0x9F, 0x20, 0x7F, 0x39, 0x9F, 0xF7, 0xFF, 0xFF, 0xFF, 0xFF, 0xFF, 0xFF, 0xFF, 0xFF, 0xFF, 0xFF,
    0xFF, 0xFF, 0xDF, 0xFF, 0xBE, 0xF7, 0xBE, 0xF7, 0xBE, 0xF7, 0xBE, 0xF7, 0xBE, 0xF7, 0xDF, 0xFF,
    0xDF, 0xFF, 0xDF, 0xFF, 0xDF, 0xFF, 0xDF, 0xFF, 0xDF, 0xFF, 0xDF, 0xFF, 0xDF, 0xFF, 0xFF, 0xFF,
    0xFF, 0xFF, 0xFF, 0xFF, 0xFF, 0xFF, 0xFF, 0xFF, 0xFF, 0xFF, 0xFF, 0xFF, 0xFF, 0xFF, 0xFF, 0xFF,
    0xFF, 0xFF, 0xFF, 0xFF, 0xFF, 0xFF, 0xFF, 0xFF, 0xFF, 0xFF, 0xFF, 0xFF, 0xFF, 0xFF, 0xFF, 0xFF,
    0xFF, 0xFF, 0xFF, 0xFF, 0xFF, 0xFF, 0xFF, 0xFF, 0xFF, 0xFF, 0xFF, 0xFF, 0xFF, 0xFF, 0xFF, 0xFF,
    0xFF, 0xFF, 0xFF, 0xFF, 0xFF, 0xFF, 0xFF, 0xFF, 0xFF, 0xFF, 0xFF, 0xFF, 0xFF, 0xFF, 0x3F, 0xE7,
    0x9E, 0x21, 0x9E, 0x21, 0xDF, 0x94, 0xFF, 0xFF, 0x9F, 0xF7, 0x1E, 0x74, 0x9E, 0x21, 0x9E, 0x21,
    0x9E, 0x21, 0x9E, 0x21, 0x9E, 0x21, 0x9E, 0x21, 0x9E, 0x21, 0x3F, 0x9D, 0xFF, 0xFF, 0xFF, 0xFF,
    0xFF, 0xFF, 0xFF, 0xFF, 0xFF, 0xFF, 0xFF, 0xFF, 0xFF, 0xFF, 0xFF, 0xFF, 0xFF, 0xFF, 0xFF, 0xFF,
    0xFF, 0xFF, 0x5E, 0x84, 0x9E, 0x21, 0xBE, 0x21, 0x9E, 0x21, 0x9E, 0x21, 0x9E, 0x21, 0xBE, 0x21,
    0x9E, 0x21, 0xBE, 0x21, 0x9E, 0x21, 0x9E, 0x21, 0x9E, 0x21, 0x9E, 0x21, 0xBE, 0x21, 0x9E, 0x21,
    0xBE, 0x21, 0x9E, 0x21, 0xBE, 0x21, 0x9E, 0x21, 0x9E, 0x21, 0x9E, 0x21, 0xBE, 0x21, 0xBE, 0x21,
    0x9E, 0x21, 0x9E, 0x21, 0x9E, 0x21, 0x9E, 0x21, 0x9E, 0x21, 0xBE, 0x21, 0x9E, 0x21, 0x9E, 0x21,
    0x9E, 0x21, 0x9E, 0x21, 0x9E, 0x21, 0x9E, 0x21, 0x9E, 0x21, 0x9E, 0x21, 0x9E, 0x21, 0x9E, 0x21,
    0x9E, 0x21, 0x9E, 0x21, 0xBE, 0x21, 0x9E, 0x21, 0xBE, 0x21, 0x9E, 0x21, 0x9E, 0x21, 0x9E, 0x21,
    0x9E, 0x21, 0x9E, 0x21, 0x9E, 0x21, 0x9E, 0x21, 0x9E, 0x21, 0x9E, 0x21, 0x9E, 0x21, 0x9E, 0x21,
    0x9E, 0x21, 0x9E, 0x21, 0x9E, 0x21, 0x9E, 0x21, 0x9E, 0x21, 0x9E, 0x21, 0x9E, 0x21, 0x9E, 0x21,
    0x9E, 0x21, 0x9E, 0x21, 0x9E, 0x21, 0x9E, 0x21, 0xBE, 0x21, 0xBE, 0x21, 0xBE, 0x21, 0xBE, 0x21,
    0xBE, 0x21, 0xBE, 0x21, 0xBE, 0x21, 0xBE, 0x21, 0xBE, 0x21, 0xBE, 0x21, 0xBE, 0x21, 0xBE, 0x21,
    0xBE, 0x21, 0xBD, 0x21, 0xBD, 0x21, 0xDD, 0x29, 0xDD, 0x29, 0xDD, 0x29, 0xDD, 0x29, 0xDD, 0x29,
    0xDD, 0x29, 0xDD, 0x29, 0xDD, 0x29, 0xDD, 0x29, 0xDD, 0x29, 0xDD, 0x29, 0xDD, 0x29, 0xDD, 0x29,
    0xFD, 0x29, 0xFD, 0x29, 0xFD, 0x29, 0xFD, 0x29, 0x7D, 0xEF, 0x7D, 0xEF, 0x7D, 0xEF, 0x7D, 0xEF,
    0x7D, 0xEF, 0x7D, 0xEF, 0x7D, 0xEF, 0x5D, 0xEF, 0x5D, 0xEF, 0x5D, 0xEF, 0x5D, 0xEF, 0x5D, 0xEF,
    0x5D, 0xEF, 0x5D, 0xEF, 0x3C, 0xE7, 0x3C, 0xE7, 0x3C, 0xE7, 0x5D, 0xEF, 0x5D, 0xEF, 0x5D, 0xEF,
    0x9E, 0xF7, 0xFF, 0xFF, 0xFF, 0xFF, 0xFF, 0xFF, 0xFF, 0xFF, 0x18, 0xBE, 0x86, 0x31, 0x08, 0x42,
    0xFF, 0xFF, 0xFF, 0xFF, 0xFF, 0xFF, 0xFF, 0xFF, 0xFF, 0xFF, 0xFF, 0xFF, 0xFF, 0xFF, 0xFF, 0xFF,
    0xFF, 0xFF, 0xFF, 0xFF, 0xFF, 0xFF, 0xFF, 0xFF, 0xFF, 0xFF, 0xFF, 0xFF, 0xFF, 0xFF, 0xFF, 0xFF,
    0xFF, 0xFF, 0xFF, 0xFF, 0xFF, 0xFF, 0xFF, 0xFF, 0xFB, 0xDE, 0x04, 0x21, 0x00, 0x00, 0x00, 0x00,
    0x82, 0x10, 0x10, 0x7C, 0x7D, 0xEF, 0xFF, 0xFF, 0xFF, 0xFF, 0xFF, 0xFF, 0xFF, 0xFF, 0xFF, 0xFF,
    0xFF, 0xFF, 0xFF, 0xFF, 0xFF, 0xFF, 0xFF, 0xFF, 0xFF, 0xFF, 0xFF, 0xFF, 0xFB, 0xDE, 0x04, 0x21,
    0x08, 0x42, 0xFF, 0xFF, 0xFF, 0xFF, 0xFF, 0xFF, 0xFF, 0xFF, 0xFF, 0xFF, 0xFF, 0xFF, 0xFF, 0xFF,
    0xFF, 0xFF, 0xFF, 0xFF, 0xFF, 0xFF, 0xFF, 0xFF, 0xFF, 0xFF, 0xFF, 0xFF, 0xFF, 0xFF, 0xFF, 0xFF,
    0xFF, 0xFF, 0xFF, 0xFF, 0xFF, 0xFF, 0x18, 0xBE, 0x04, 0x21, 0x8E, 0x6B, 0x1C, 0xDF, 0xFF, 0xFF,
    0xFF, 0xFF, 0xFF, 0xFF, 0xFF, 0xFF, 0xFF, 0xFF, 0xFF, 0xFF, 0xFF, 0xFF, 0xFF, 0xFF, 0xFF, 0xFF,
    0xFF, 0xFF, 0xFF, 0xFF, 0xFF, 0xFF, 0xFF, 0xFF, 0xFF, 0xDE, 0x1F, 0x8C, 0x5F, 0x39, 0x9F, 0x20,
    0xBF, 0xBD, 0xFF, 0xFF, 0xFF, 0xFF, 0x3F, 0x73, 0x5F, 0x5A, 0xFF, 0xFF, 0xFF, 0xFF, 0xFF, 0xFF,
    0xFF, 0xFF, 0xFF, 0xFF, 0xFF, 0xFF, 0xBF, 0x83, 0x7F, 0x39, 0x3F, 0xE7, 0xFF, 0xFF, 0xFF, 0xFF,
    0xFF, 0xFF, 0xFF, 0xFF, 0xFF, 0xFF, 0xFF, 0xDE, 0xBF, 0x41, 0xFF, 0x8B, 0xFF, 0xFF, 0xFF, 0xFF,
    0xFF, 0xFF, 0xFF, 0xFF, 0xFF, 0xFF, 0xFF, 0xFF, 0xFF, 0xFF, 0xFF, 0xFF, 0xBF, 0xDE, 0xDF, 0x83,
    0x1F, 0x31, 0x9F, 0x20, 0x9F, 0xBD, 0xFF, 0xFF, 0xFF, 0xFF, 0xFF, 0xFF, 0xFF, 0xFF, 0xFF, 0xFF,
    0xFF, 0xFF, 0xDF, 0xFF, 0xBE, 0xF7, 0xBE, 0xF7, 0xBE, 0xF7, 0xBE, 0xF7, 0xDF, 0xFF, 0xDF, 0xFF,
    0xDF, 0xFF, 0xDF, 0xFF, 0xDF, 0xFF, 0xDF, 0xFF, 0xDF, 0xFF, 0xDF, 0xFF, 0xDF, 0xFF, 0xDF, 0xFF,
    0xFF, 0xFF, 0xFF, 0xFF, 0xFF, 0xFF, 0xFF, 0xFF, 0xFF, 0xFF, 0xFF, 0xFF, 0xFF, 0xFF, 0xFF, 0xFF,
    0xFF, 0xFF, 0xFF, 0xFF, 0xFF, 0xFF, 0xFF, 0xFF, 0xFF, 0xFF, 0xFF, 0xFF, 0xFF, 0xFF, 0xFF, 0xFF,
    0xFF, 0xFF, 0xFF, 0xFF, 0xFF, 0xFF, 0xFF, 0xFF, 0xFF, 0xFF, 0xFF, 0xFF, 0xFF, 0xFF, 0xFF, 0xFF,
    0xFF, 0xFF, 0xFF, 0xFF, 0xFF, 0xFF, 0xFF, 0xFF, 0xFF, 0xFF, 0xFF, 0xFF, 0xFF, 0xFF, 0xFF, 0xFF,
    0x7E, 0x3A, 0x9E, 0x21, 0xDF, 0x94, 0xFF, 0xFF, 0x3F, 0xE7, 0x7E, 0x3A, 0x9E, 0x21, 0x1E, 0x32,
    0xDF, 0x94, 0x7F, 0xCE, 0x3F, 0xE7, 0x3F, 0xE7, 0x7F, 0xCE, 0xDF, 0x94, 0x3F, 0xE7, 0xFF, 0xFF,
    0xFF, 0xFF, 0xFF, 0xFF, 0xFF, 0xFF, 0xFF, 0xFF, 0xFF, 0xFF, 0xFF, 0xFF, 0xFF, 0xFF, 0xFF, 0xFF,
    0xFF, 0xFF, 0xFF, 0xFF, 0x7F, 0xC6, 0xBE, 0x21, 0x9E, 0x21, 0xBE, 0x21, 0x9E, 0x21, 0x9E, 0x21,
    0xBE, 0x21, 0x9E, 0x21, 0x9E, 0x21, 0x9E, 0x21, 0x9E, 0x21, 0x9E, 0x21, 0x9E, 0x21, 0x9E, 0x21,
    0xBE, 0x21, 0x9E, 0x21, 0x9E, 0x21, 0x9E, 0x21, 0x9E, 0x21, 0xBE, 0x21, 0xBE, 0x21, 0x9E, 0x21,
    0x9E, 0x21, 0xBE, 0x21, 0x9E, 0x21, 0x9E, 0x21, 0xBE, 0x21, 0x9E, 0x21, 0x9E, 0x21, 0x9E, 0x21,
    0xBE, 0x21, 0x9E, 0x21, 0x9E, 0x21, 0x9E, 0x21, 0xBE, 0x21, 0x9E, 0x21, 0x9E, 0x21, 0x9E, 0x21,
    0xBE, 0x21, 0x9E, 0x21, 0xBE, 0x21, 0x9E, 0x21, 0x9E, 0x21, 0x9E, 0x21, 0x9E, 0x21, 0x9E, 0x21,
    0x9E, 0x21, 0x9E, 0x21, 0x9E, 0x21, 0x9E, 0x21, 0x9E, 0x21, 0x9E, 0x21, 0x9E, 0x21, 0x9E, 0x21,
    0xBE, 0x21, 0x9E, 0x21, 0x9E, 0x21, 0x9E, 0x21, 0x9E, 0x21, 0x9E, 0x21, 0x9E, 0x21, 0x9E, 0x21,
    0xBE, 0x21, 0x9E, 0x21, 0x9E, 0x21, 0xBE, 0x21, 0x9E, 0x21, 0xBE, 0x21, 0xBE, 0x21, 0xBE, 0x21,
    0xBE, 0x21, 0xBE, 0x21, 0xBE, 0x21, 0xBE, 0x21, 0xBE, 0x21, 0xBE, 0x21, 0xBE, 0x21, 0xBD, 0x21,
    0xBE, 0x21, 0xBD, 0x21, 0xDD, 0x21, 0xDD, 0x29, 0xDD, 0x29, 0xDD, 0x29, 0xDD, 0x29, 0xDD, 0x29,
    0xDD, 0x29, 0xDD, 0x29, 0xDD, 0x29, 0xDD, 0x29, 0xDD, 0x29, 0xDD, 0x29, 0xFD, 0x29, 0xDD, 0x29,
    0xFD, 0x29, 0xFD, 0x29, 0xFD, 0x29, 0xFD, 0x29, 0xFD, 0x29, 0x7D, 0xEF, 0x7D, 0xEF, 0x7D, 0xEF,
    0x7D, 0xEF, 0x7D, 0xEF, 0x7D, 0xEF, 0x5D, 0xEF, 0x5D, 0xEF, 0x5D, 0xEF, 0x5D, 0xEF, 0x5D, 0xEF,
    0x5D, 0xEF, 0x5D, 0xEF, 0x5D, 0xEF, 0x5D, 0xEF, 0x3C, 0xE7, 0x3C, 0xE7, 0x3C, 0xE7, 0x5D, 0xEF,
    0x5D, 0xEF, 0x5D, 0xEF, 0xFF, 0xFF, 0xFF, 0xFF, 0xFF, 0xFF, 0xFF, 0xFF, 0xFF, 0xFF, 0xFF, 0xFF,
    0xFF, 0xFF, 0xFF, 0xFF, 0xFF, 0xFF, 0xFF, 0xFF, 0xFF, 0xFF, 0xFF, 0xFF, 0xFF, 0xFF, 0xFF, 0xFF,
    0xFF, 0xFF, 0xFF, 0xFF, 0xFF, 0xFF, 0xFF, 0xFF, 0xFF, 0xFF, 0xFF, 0xFF, 0xFF, 0xFF, 0xFF, 0xFF,
    0xFF, 0xFF, 0xFF, 0xFF, 0xFF, 0xFF, 0xFF, 0xFF, 0xFF, 0xFF, 0xFF, 0xFF, 0xFB, 0xDE, 0x92, 0x8C,
    0x14, 0x9D, 0x7D, 0xEF, 0xFF, 0xFF, 0xFF, 0xFF, 0xFF, 0xFF, 0xFF, 0xFF, 0xFF, 0xFF, 0xFF, 0xFF,
    0xFF, 0xFF, 0xFF, 0xFF, 0xFF, 0xFF, 0xFF, 0xFF, 0xFF, 0xFF, 0xFF, 0xFF, 0xFF, 0xFF, 0xFF, 0xFF,
    0xFB, 0xDE, 0x9A, 0xCE, 0xFF, 0xFF, 0xFF, 0xFF, 0xFF, 0xFF, 0xFF, 0xFF, 0xFF, 0xFF, 0xFF, 0xFF,
    0xFF, 0xFF, 0xFF, 0xFF, 0xFF, 0xFF, 0xFF, 0xFF, 0xFF, 0xFF, 0xFF, 0xFF, 0xFF, 0xFF, 0xFF, 0xFF,
    0xFF, 0xFF, 0xFF, 0xFF, 0xFF, 0xFF, 0xFF, 0xFF, 0xFF, 0xFF, 0xFF, 0xFF, 0xFF, 0xFF, 0xFF, 0xFF,
    0xFF, 0xFF, 0xFF, 0xFF, 0xFF, 0xFF, 0xFF, 0xFF, 0xFF, 0xFF, 0xFF, 0xFF, 0xFF, 0xFF, 0xFF, 0xFF,
    0xFF, 0xFF, 0xFF, 0xFF, 0xFF, 0xFF, 0xFF, 0xFF, 0xFF, 0xFF, 0xFF, 0xFF, 0xFF, 0xFF, 0x7F, 0xEF,
    0x3F, 0xAD, 0xBF, 0xF7, 0xFF, 0xFF, 0xFF, 0xFF, 0xDF, 0xFF, 0x9F, 0xD6, 0xFF, 0xFF, 0xFF, 0xFF,
    0xFF, 0xFF, 0xFF, 0xFF, 0xFF, 0xFF, 0xFF, 0xFF, 0xFF, 0xFF, 0x1F, 0xC6, 0xFF, 0xFF, 0xFF, 0xFF,
    0xFF, 0xFF, 0xFF, 0xFF, 0xFF, 0xFF, 0xFF, 0xFF, 0xFF, 0xFF, 0xFF, 0xE6, 0x3F, 0xEF, 0xFF, 0xFF,
    0xFF, 0xFF, 0xFF, 0xFF, 0xFF, 0xFF, 0xFF, 0xFF, 0xFF, 0xFF, 0xFF, 0xFF, 0xFF, 0xFF, 0xFF, 0xFF,
    0xFF, 0xFF, 0x3F, 0xEF, 0xDF, 0xA4, 0xBF, 0xF7, 0xFF, 0xFF, 0xFF, 0xFF, 0xFF, 0xFF, 0xFF, 0xFF,
    0xFF, 0xFF, 0xDF, 0xFF, 0xBE, 0xF7, 0xBE, 0xF7, 0xBE, 0xF7, 0xBE, 0xF7, 0xDF, 0xFF, 0xDF, 0xFF,
    0xDF, 0xFF, 0xDF, 0xFF, 0xDF, 0xFF, 0xDF, 0xFF, 0xDF, 0xFF, 0xDF, 0xFF, 0xDF, 0xFF, 0xDF, 0xFF,
    0xFF, 0xFF, 0xFF, 0xFF, 0xFF, 0xFF, 0xFF, 0xFF, 0xFF, 0xFF, 0xFF, 0xFF, 0xFF, 0xFF, 0xFF, 0xFF,
    0xFF, 0xFF, 0xFF, 0xFF, 0xFF, 0xFF, 0xFF, 0xFF, 0xFF, 0xFF, 0xFF, 0xFF, 0xFF, 0xFF, 0xFF, 0xFF,
    0xFF, 0xFF, 0xFF, 0xFF, 0xFF, 0xFF, 0xFF, 0xFF, 0xFF, 0xFF, 0xFF, 0xFF, 0xFF, 0xFF, 0xFF, 0xFF,
    0xFF, 0xFF, 0xFF, 0xFF, 0xFF, 0xFF, 0xFF, 0xFF, 0xFF, 0xFF, 0xFF, 0xFF, 0xFF, 0xFF, 0xFF, 0xFF,
    0x9F, 0xAD, 0x9E, 0x21, 0x7E, 0x3A, 0xFF, 0xFF, 0x3F, 0xE7, 0x7E, 0x3A, 0x9E, 0x21, 0x3E, 0x5B,
    0x9F, 0xF7, 0xFF, 0xFF, 0xFF, 0xFF, 0x3F, 0xE7, 0x9F, 0xF7, 0xFF, 0xFF, 0xFF, 0xFF, 0xFF, 0xFF,
    0xFF, 0xFF, 0xFF, 0xFF, 0xFF, 0xFF, 0xFF, 0xFF, 0xFF, 0xFF, 0xFF, 0xFF, 0xFF, 0xFF, 0xFF, 0xFF,
    0xFF, 0xFF, 0xFF, 0xFF, 0xFF, 0xFF, 0xFF, 0xFF, 0x3E, 0x5B, 0xBE, 0x21, 0xBE, 0x21, 0x9E, 0x21,
    0xBE, 0x21, 0x9E, 0x21, 0x9E, 0x21, 0x9E, 0x21, 0x9E, 0x21, 0x9E, 0x21, 0x9E, 0x21, 0x9E, 0x21,
    0x9E, 0x21, 0x9E, 0x21, 0x9E, 0x21, 0x9E, 0x21, 0xBE, 0x21, 0x9E, 0x21, 0xBE, 0x21, 0x9E, 0x21,
    0x9E, 0x21, 0x9E, 0x21, 0x9E, 0x21, 0x9E, 0x21, 0x9E, 0x21, 0x9E, 0x21, 0x9E, 0x21, 0x9E, 0x21,
    0x9E, 0x21, 0x9E, 0x21, 0x9E, 0x21, 0xBE, 0x21, 0xBE, 0x21, 0x9E, 0x21, 0x9E, 0x21, 0x9E, 0x21,
    0xBE, 0x21, 0x9E, 0x21, 0x9E, 0x21, 0x9E, 0x21, 0x9E, 0x21, 0x9E, 0x21, 0x9E, 0x21, 0x9E, 0x21,
    0x9E, 0x21, 0xBE, 0x21, 0x9E, 0x21, 0xBE, 0x21, 0x9E, 0x21, 0x9E, 0x21, 0x9E, 0x21, 0x9E, 0x21,
    0xBE, 0x21, 0x9E, 0x21, 0x9E, 0x21, 0x9E, 0x21, 0x9E, 0x21, 0x9E, 0x21, 0x9E, 0x21, 0x9E, 0x21,
    0x9E, 0x21, 0x9E, 0x21, 0x9E, 0x21, 0x9E, 0x21, 0xBE, 0x21, 0xBE, 0x21, 0xBE, 0x21, 0xBE, 0x21,
    0xBE, 0x21, 0xBE, 0x21, 0xBE, 0x21, 0xBE, 0x21, 0xBE, 0x21, 0xBD, 0x21, 0xBE, 0x21, 0xBE, 0x21,
    0xBD, 0x21, 0xDD, 0x21, 0xDE, 0x29, 0xDD, 0x29, 0xDD, 0x29, 0xDD, 0x29, 0xDD, 0x29, 0xDD, 0x29,
    0xDD, 0x29, 0xDD, 0x29, 0xDD, 0x29, 0xDD, 0x29, 0xDD, 0x29, 0xFD, 0x29, 0xFD, 0x29, 0xFD, 0x29,
    0xFD, 0x29, 0xFD, 0x29, 0xFD, 0x29, 0xFD, 0x29, 0xFD, 0x29, 0xFD, 0x29, 0x7D, 0xEF, 0x7D, 0xEF,
    0x7D, 0xEF, 0x7D, 0xEF, 0x7D, 0xEF, 0x7D, 0xEF, 0x5D, 0xEF, 0x5D, 0xEF, 0x5D, 0xEF, 0x5D, 0xEF,
    0x5D, 0xEF, 0x5D, 0xEF, 0x5D, 0xEF, 0x5D, 0xEF, 0x3C, 0xE7, 0x3C, 0xE7, 0x3C, 0xE7, 0x3C, 0xE7,
    0x3C, 0xE7, 0x5D, 0xEF, 0x5D, 0xEF, 0xDF, 0xFF, 0xFF, 0xFF, 0xFF, 0xFF, 0xFF, 0xFF, 0xFF, 0xFF,
    0xFF, 0xFF, 0xFF, 0xFF, 0xFF, 0xFF, 0xFF, 0xFF, 0xFF, 0xFF, 0xFF, 0xFF, 0xFF, 0xFF, 0xFF, 0xFF,
    0xDF, 0xFF, 0x9E, 0xF7, 0x7D, 0xEF, 0x9E, 0xF7, 0xDF, 0xFF, 0xFF, 0xFF, 0xFF, 0xFF, 0xFF, 0xFF,
    0xFF, 0xFF, 0xFF, 0xFF, 0xFF, 0xFF, 0xFF, 0xFF, 0xFF, 0xFF, 0xFF, 0xFF, 0xFF, 0xFF, 0xFF, 0xFF,
    0xFF, 0xFF, 0xFF, 0xFF, 0xFF, 0xFF, 0xFF, 0xFF, 0xFF, 0xFF, 0xFF, 0xFF, 0xFF, 0xFF, 0xFF, 0xFF,
    0xFF, 0xFF, 0xFF, 0xFF, 0xFF, 0xFF, 0xFF, 0xFF, 0xFF, 0xFF, 0xFF, 0xFF, 0xFF, 0xFF, 0xFF, 0xFF,
    0xFF, 0xFF, 0xFF, 0xFF, 0xFF, 0xFF, 0xFF, 0xFF, 0xFF, 0xFF, 0xFF, 0xFF, 0xFF, 0xFF, 0xFF, 0xFF,
    0xBE, 0xF7, 0xBE, 0xF7, 0xFF, 0xFF, 0xFF, 0xFF, 0xFF, 0xFF, 0xFF, 0xFF, 0xFF, 0xFF, 0xFF, 0xFF,
    0xFF, 0xFF, 0xFF, 0xFF, 0xFF, 0xFF, 0xFF, 0xFF, 0xFF, 0xFF, 0xFF, 0xFF, 0xFF, 0xFF, 0xFF, 0xFF,
    0xFF, 0xFF, 0xFF, 0xFF, 0xFF, 0xFF, 0xFF, 0xFF, 0xFF, 0xFF, 0xFF, 0xFF, 0xFF, 0xFF, 0xFF, 0xFF,
    0xFF, 0xFF, 0xFF, 0xFF, 0xFF, 0xFF, 0xFF, 0xFF, 0xFF, 0xFF, 0xFF, 0xFF, 0xFF, 0xFF, 0xFF, 0xFF,
    0xFF, 0xFF, 0xFF, 0xFF, 0xFF, 0xFF, 0xFF, 0xFF, 0xFF, 0xFF, 0xFF, 0xFF, 0xFF, 0xFF, 0xFF, 0xFF,
    0xFF, 0xFF, 0xFF, 0xFF, 0xFF, 0xFF, 0xFF, 0xFF, 0xFF, 0xFF, 0xFF, 0xFF, 0xFF, 0xFF, 0xFF, 0xFF,
    0xFF, 0xFF, 0xFF, 0xFF, 0xFF, 0xFF, 0xFF, 0xFF, 0xFF, 0xFF, 0xFF, 0xFF, 0xFF, 0xFF, 0xFF, 0xFF,
    0xFF, 0xFF, 0xFF, 0xFF, 0xFF, 0xFF, 0xFF, 0xFF, 0xFF, 0xFF, 0xFF, 0xFF, 0xFF, 0xFF, 0xFF, 0xFF,
    0xFF, 0xFF, 0xFF, 0xFF, 0xFF, 0xFF, 0xFF, 0xFF, 0xFF, 0xFF, 0xFF, 0xFF, 0xFF, 0xFF, 0xFF, 0xFF,
    0xFF, 0xFF, 0xDF, 0xFF, 0xBE, 0xF7, 0xBE, 0xF7, 0xDF, 0xFF, 0xBE, 0xF7, 0xDF, 0xFF, 0xBE, 0xF7,
    0xDF, 0xFF, 0xDF, 0xFF, 0xDF, 0xFF, 0xDF, 0xFF, 0xDF, 0xFF, 0xDF, 0xFF, 0xDF, 0xFF, 0xDF, 0xFF,
    0xFF, 0xFF, 0xFF, 0xFF, 0xFF, 0xFF, 0xFF, 0xFF, 0xFF, 0xFF, 0xFF, 0xFF, 0xFF, 0xFF, 0xFF, 0xFF,
    0xFF, 0xFF, 0xFF, 0xFF, 0xFF, 0xFF, 0xFF, 0xFF, 0xFF, 0xFF, 0xFF, 0xFF, 0xFF, 0xFF, 0xFF, 0xFF,
    0xFF, 0xFF, 0xFF, 0xFF, 0xFF, 0xFF, 0xFF, 0xFF, 0xFF, 0xFF, 0xFF, 0xFF, 0xFF, 0xFF, 0xFF, 0xFF,
    0xFF, 0xFF, 0xFF, 0xFF, 0xFF, 0xFF, 0xFF, 0xFF, 0xFF, 0xFF, 0xFF, 0xFF, 0xFF, 0xFF, 0xFF, 0xFF,
    0xFF, 0xFF, 0x3E, 0x5B, 0x9E, 0x21, 0x9F, 0xAD, 0xFF, 0xFF, 0x1E, 0x74, 0x9E, 0x21, 0x3E, 0x5B,
    0xFF, 0xFF, 0xFF, 0xFF, 0xDF, 0x94, 0x1E, 0x32, 0x9E, 0x21, 0x9E, 0x21, 0x7E, 0x3A, 0x9F, 0xF7,
    0xFF, 0xFF, 0xFF, 0xFF, 0xFF, 0xFF, 0xFF, 0xFF, 0xFF, 0xFF, 0xFF, 0xFF, 0xFF, 0xFF, 0xFF, 0xFF,
    0xFF, 0xFF, 0xFF, 0xFF, 0xFF, 0xFF, 0xFF, 0xFF, 0xFF, 0xFF, 0x7F, 0xCE, 0xBE, 0x21, 0x9E, 0x21,
    0x9E, 0x21, 0x9E, 0x21, 0x9E, 0x21, 0x9E, 0x21, 0x9E, 0x21, 0xBE, 0x21, 0x9E, 0x21, 0x9E, 0x21,
    0xBE, 0x21, 0x9E, 0x21, 0x9E, 0x21, 0x9E, 0x21, 0x9E, 0x21, 0x9E, 0x21, 0x9E, 0x21, 0x9E, 0x21,
    0xBE, 0x21, 0x9E, 0x21, 0x9E, 0x21, 0x9E, 0x21, 0x9E, 0x21, 0x9E, 0x21, 0x9E, 0x21, 0x9E, 0x21,
    0x9E, 0x21, 0x9E, 0x21, 0x9E, 0x21, 0x9E, 0x21, 0x9E, 0x21, 0x9E, 0x21, 0x9E, 0x21, 0x9E, 0x21,
    0x9E, 0x21, 0x9E, 0x21, 0x9E, 0x21, 0x9E, 0x21, 0x9E, 0x21, 0x9E, 0x21, 0x9E, 0x21, 0x9E, 0x21,
    0xBE, 0x21, 0x9E, 0x21, 0x9E, 0x21, 0x9E, 0x21, 0x9E, 0x21, 0x9E, 0x21, 0xBE, 0x21, 0x9E, 0x21,
    0x9E, 0x21, 0x9E, 0x21, 0x9E, 0x21, 0x9E, 0x21, 0x9E, 0x21, 0x9E, 0x21, 0x9E, 0x21, 0xBE, 0x21,
    0xBE, 0x21, 0x9E, 0x21, 0x9E, 0x21, 0xBE, 0x21, 0xBE, 0x21, 0xBE, 0x21, 0xBE, 0x21, 0xBE, 0x21,
    0xBE, 0x21, 0xBE, 0x21, 0xBE, 0x21, 0xBE, 0x21, 0xBE, 0x21, 0xBD, 0x21, 0xBE, 0x21, 0xBE, 0x21,
    0xBD, 0x21, 0xDD, 0x21, 0xDD, 0x29, 0xDD, 0x29, 0xDD, 0x29, 0xDD, 0x29, 0xDD, 0x29, 0xDD, 0x29,
    0xDD, 0x29, 0xDD, 0x29, 0xDD, 0x29, 0xDD, 0x29, 0xDD, 0x29, 0xDD, 0x29, 0xFD, 0x29, 0xFD, 0x29,
    0xFD, 0x29, 0xFD, 0x29, 0xFD, 0x29, 0xFD, 0x29, 0xFD, 0x29, 0xFD, 0x29, 0xFD, 0x29, 0x7D, 0xEF,
    0x7D, 0xEF, 0x7D, 0xEF, 0x7D, 0xEF, 0x7D, 0xEF, 0x7D, 0xEF, 0x5D, 0xEF, 0x5D, 0xEF, 0x5D, 0xEF,
    0x5D, 0xEF, 0x5D, 0xEF, 0x5D, 0xEF, 0x5D, 0xEF, 0x3C, 0xE7, 0x5D, 0xEF, 0x3C, 0xE7, 0x3C, 0xE7,
    0x3C, 0xE7, 0x3C, 0xE7, 0x5D, 0xEF, 0x5D, 0xEF, 0x7D, 0xEF, 0xFF, 0xFF, 0xFF, 0xFF, 0xFF, 0xFF,
    0xFF, 0xFF, 0xFF, 0xFF, 0xFF, 0xFF, 0xFF, 0xFF, 0xFF, 0xFF, 0xFF, 0xFF, 0xFF, 0xFF, 0x9E, 0xF7,
    0x5D, 0xEF, 0x3C, 0xE7, 0x3C, 0xE7, 0x3C, 0xE7, 0x3C, 0xE7, 0x3C, 0xE7, 0x5D, 0xEF, 0x7D, 0xEF,
    0xBE, 0xF7, 0xFF, 0xFF, 0xFF, 0xFF, 0xFF, 0xFF, 0xFF, 0xFF, 0xFF, 0xFF, 0xFF, 0xFF, 0xFF, 0xFF,
    0xFF, 0xFF, 0xFF, 0xFF, 0xFF, 0xFF, 0xFF, 0xFF, 0xFF, 0xFF, 0xFF, 0xFF, 0xFF, 0xFF, 0xFF, 0xFF,
    0xFF, 0xFF, 0xFF, 0xFF, 0xFF, 0xFF, 0xFF, 0xFF, 0xFF, 0xFF, 0xFF, 0xFF, 0xFF, 0xFF, 0xFF, 0xFF,
    0xFF, 0xFF, 0xFF, 0xFF, 0xFF, 0xFF, 0xFF, 0xFF, 0xFF, 0xFF, 0xFF, 0xFF, 0xFF, 0xFF, 0x9E, 0xF7,
    0x1C, 0xE7, 0x1C, 0xE7, 0x1C, 0xE7, 0x1C, 0xE7, 0x5D, 0xEF, 0x9E, 0xF7, 0xDF, 0xFF, 0xFF, 0xFF,
    0xFF, 0xFF, 0xFF, 0xFF, 0xFF, 0xFF, 0xFF, 0xFF, 0xFF, 0xFF, 0xFF, 0xFF, 0xFF, 0xFF, 0xFF, 0xFF,
    0xFF, 0xFF, 0xFF, 0xFF, 0xFF, 0xFF, 0xFF, 0xFF, 0xFF, 0xFF, 0xFF, 0xFF, 0xFF, 0xFF, 0xFF, 0xFF,
    0xFF, 0xFF, 0xFF, 0xFF, 0xFF, 0xFF, 0xFF, 0xFF, 0xFF, 0xFF, 0xFF, 0xFF, 0xFF, 0xFF, 0xFF, 0xFF,
    0xFF, 0xFF, 0xFF, 0xFF, 0xFF, 0xFF, 0xFF, 0xFF, 0xFF, 0xFF, 0xFF, 0xFF, 0xFF, 0xFF, 0xFF, 0xFF,
    0xFF, 0xFF, 0xFF, 0xFF, 0xFF, 0xFF, 0xFF, 0xFF, 0xFF, 0xFF, 0xFF, 0xFF, 0xFF, 0xFF, 0xFF, 0xFF,
    0xFF, 0xFF, 0xFF, 0xFF, 0xFF, 0xFF, 0xFF, 0xFF, 0xFF, 0xFF, 0xFF, 0xFF, 0xFF, 0xFF, 0xFF, 0xFF,
    0xFF, 0xFF, 0xFF, 0xFF, 0xFF, 0xFF, 0xFF, 0xFF, 0xFF, 0xFF, 0xFF, 0xFF, 0xFF, 0xFF, 0xFF, 0xFF,
    0xFF, 0xFF, 0xFF, 0xFF, 0xFF, 0xFF, 0xFF, 0xFF, 0xFF, 0xFF, 0xFF, 0xFF, 0xFF, 0xFF, 0xFF, 0xFF,
    0xFF, 0xFF, 0xFF, 0xFF, 0xBE, 0xF7, 0xBE, 0xF7, 0xDF, 0xFF, 0xDF, 0xFF, 0xBE, 0xF7, 0xDF, 0xFF,
    0xDF, 0xFF, 0xDF, 0xFF, 0xDF, 0xFF, 0xDF, 0xFF, 0xDF, 0xFF, 0xDF, 0xFF, 0xDF, 0xFF, 0xDF, 0xFF,
    0xFF, 0xFF, 0xFF, 0xFF, 0xFF, 0xFF, 0xFF, 0xFF, 0xFF, 0xFF, 0xFF, 0xFF, 0xFF, 0xFF, 0xFF, 0xFF,
    0xFF, 0xFF, 0xFF, 0xFF, 0xFF, 0xFF, 0xFF, 0xFF, 0xFF, 0xFF, 0xFF, 0xFF, 0xFF, 0xFF, 0xFF, 0xFF,
    0xFF, 0xFF, 0xFF, 0xFF, 0xFF, 0xFF, 0xFF, 0xFF, 0xFF, 0xFF, 0xFF, 0xFF, 0xFF, 0xFF, 0xFF, 0xFF,
    0xFF, 0xFF, 0xFF, 0xFF, 0xFF, 0xFF, 0xFF, 0xFF, 0xFF, 0xFF, 0xFF, 0xFF, 0xFF, 0xFF, 0xFF, 0xFF,
    0xFF, 0xFF, 0xFF, 0xFF, 0x3F, 0x9D, 0x3E, 0x5B, 0xFF, 0xFF, 0x3F, 0xE7, 0x9E, 0x21, 0x9E, 0x21,
    0x3F, 0xE7, 0xFF, 0xFF, 0xDE, 0x4A, 0x9E, 0x21, 0x9E, 0x21, 0x7E, 0x3A, 0x7E, 0x3A, 0x1E, 0x32,
    0x3F, 0xE7, 0xFF, 0xFF, 0xFF, 0xFF, 0xFF, 0xFF, 0xFF, 0xFF, 0xFF, 0xFF, 0xFF, 0xFF, 0xFF, 0xFF,
    0xFF, 0xFF, 0xFF, 0xFF, 0xFF, 0xFF, 0xFF, 0xFF, 0xFF, 0xFF, 0xFF, 0xFF, 0xFF, 0xFF, 0x1E, 0x2A,
    0x9E, 0x21, 0x9E, 0x21, 0x9E, 0x21, 0x9E, 0x21, 0x9E, 0x21, 0x9E, 0x21, 0x9E, 0x21, 0x9E, 0x21,
    0x9E, 0x21, 0x9E, 0x21, 0x9E, 0x21, 0xBE, 0x21, 0x9E, 0x21, 0x9E, 0x21, 0x9E, 0x21, 0x9E, 0x21,
    0x9E, 0x21, 0x9E, 0x21, 0x9E, 0x21, 0xBE, 0x21, 0x9E, 0x21, 0x9E, 0x21, 0x9E, 0x21, 0x9E, 0x21,
    0x9E, 0x21, 0x9E, 0x21, 0xBE, 0x21, 0x9E, 0x21, 0x9E, 0x21, 0x9E, 0x21, 0x9E, 0x21, 0x9E, 0x21,
    0x9E, 0x21, 0x9E, 0x21, 0x9E, 0x21, 0x9E, 0x21, 0x9E, 0x21, 0x9E, 0x21, 0x9E, 0x21, 0x9E, 0x21,
    0x9E, 0x21, 0x9E, 0x21, 0x9E, 0x21, 0x9E, 0x21, 0x9E, 0x21, 0x9E, 0x21, 0x9E, 0x21, 0x9E, 0x21,
    0x9E, 0x21, 0x9E, 0x21, 0x9E, 0x21, 0x9E, 0x21, 0x9E, 0x21, 0x9E, 0x21, 0x9E, 0x21, 0x9E, 0x21,
    0xBE, 0x21, 0x9E, 0x21, 0xBE, 0x21, 0x9E, 0x21, 0xBE, 0x21, 0xBE, 0x21, 0xBE, 0x21, 0xBE, 0x21,
    0xBE, 0x21, 0xBE, 0x21, 0xBE, 0x21, 0xBE, 0x21, 0xBD, 0x21, 0xBE, 0x21, 0xBD, 0x21, 0xBD, 0x21,
    0xBD, 0x21, 0xDD, 0x21, 0xDD, 0x29, 0xDD, 0x29, 0xDD, 0x29, 0xDD, 0x29, 0xDD, 0x29, 0xDD, 0x29,
    0xDD, 0x29, 0xDD, 0x29, 0xDD, 0x29, 0xDD, 0x29, 0xDD, 0x29, 0xDD, 0x29, 0xDD, 0x29, 0xFD, 0x29,
    0xFD, 0x29, 0xFD, 0x29, 0xFD, 0x29, 0xFD, 0x29, 0xFD, 0x29, 0xFD, 0x29, 0xFD, 0x29, 0xFD, 0x29,
    0x7D, 0xEF, 0x7D, 0xEF, 0x7D, 0xEF, 0x7D, 0xEF, 0x7D, 0xEF, 0x5D, 0xEF, 0x5D, 0xEF, 0x5D, 0xEF,
    0x5D, 0xEF, 0x5D, 0xEF, 0x5D, 0xEF, 0x5D, 0xEF, 0x5D, 0xEF, 0x5D, 0xEF, 0x3C, 0xE7, 0x3C, 0xE7,
    0x3C, 0xE7, 0x3C, 0xE7, 0x3C, 0xE7, 0x3C, 0xE7, 0x5D, 0xEF, 0x5D, 0xEF, 0x7D, 0xEF, 0xFF, 0xFF,
    0xFF, 0xFF, 0xFF, 0xFF, 0xFF, 0xFF, 0xFF, 0xFF, 0xFF, 0xFF, 0xFF, 0xFF, 0x9E, 0xF7, 0x5D, 0xEF,
    0x3C, 0xE7, 0x3C, 0xE7, 0x3C, 0xE7, 0x3C, 0xE7, 0x3C, 0xE7, 0x3C, 0xE7, 0x3C, 0xE7, 0x3C, 0xE7,
    0x3C, 0xE7, 0x3C, 0xE7, 0x3C, 0xE7, 0x5D, 0xEF, 0xBE, 0xF7, 0xFF, 0xFF, 0xFF, 0xFF, 0xFF, 0xFF,
    0xFF, 0xFF, 0xFF, 0xFF, 0xFF, 0xFF, 0xFF, 0xFF, 0xFF, 0xFF, 0xFF, 0xFF, 0xFF, 0xFF, 0xFF, 0xFF,
    0xFF, 0xFF, 0xFF, 0xFF, 0xFF, 0xFF, 0xFF, 0xFF, 0xFF, 0xFF, 0xFF, 0xFF, 0xDF, 0xFF, 0xDF, 0xFF,
    0xFF, 0xFF, 0xFF, 0xFF, 0xFF, 0xFF, 0xFF, 0xFF, 0xFF, 0xFF, 0xFF, 0xFF, 0xFF, 0xFF, 0x9E, 0xF7,
    0x1C, 0xE7, 0x1C, 0xE7, 0x1C, 0xE7, 0x1C, 0xE7, 0x1C, 0xE7, 0x1C, 0xE7, 0x1C, 0xE7, 0x1C, 0xE7,
    0x3C, 0xE7, 0x7D, 0xEF, 0xFF, 0xFF, 0xFF, 0xFF, 0xFF, 0xFF, 0xFF, 0xFF, 0xFF, 0xFF, 0xFF, 0xFF,
    0xFF, 0xFF, 0xFF, 0xFF, 0xFF, 0xFF, 0xFF, 0xFF, 0xFF, 0xFF, 0xFF, 0xFF, 0xFF, 0xFF, 0xFF, 0xFF,
    0xFF, 0xFF, 0xFF, 0xFF, 0xFF, 0xFF, 0xFF, 0xFF, 0xFF, 0xFF, 0xDF, 0xFF, 0xBE, 0xF7, 0xDF, 0xFF,
    0xFF, 0xFF, 0xFF, 0xFF, 0xFF, 0xFF, 0xFF, 0xFF, 0xFF, 0xFF, 0xFF, 0xFF, 0xFF, 0xFF, 0xFF, 0xFF,
    0xFF, 0xFF, 0xFF, 0xFF, 0xFF, 0xFF, 0xDF, 0xFF, 0xDF, 0xFF, 0xDF, 0xFF, 0xFF, 0xFF, 0xFF, 0xFF,
    0xFF, 0xFF, 0xFF, 0xFF, 0xFF, 0xFF, 0xFF, 0xFF, 0xFF, 0xFF, 0xFF, 0xFF, 0xFF, 0xFF, 0xFF, 0xFF,
    0xFF, 0xFF, 0xFF, 0xFF, 0xFF, 0xFF, 0xFF, 0xFF, 0xDF, 0xFF, 0xDF, 0xFF, 0xDF, 0xFF, 0xFF, 0xFF,
    0xFF, 0xFF, 0xFF, 0xFF, 0xFF, 0xFF, 0xFF, 0xFF, 0xFF, 0xFF, 0xFF, 0xFF, 0xFF, 0xFF, 0xFF, 0xFF,
    0xFF, 0xFF, 0xFF, 0xFF, 0xBE, 0xF7, 0xBE, 0xF7, 0xDF, 0xFF, 0xDF, 0xFF, 0xDF, 0xFF, 0xDF, 0xFF,
    0xDF, 0xFF, 0xDF, 0xFF, 0xDF, 0xFF, 0xDF, 0xFF, 0xDF, 0xFF, 0xDF, 0xFF, 0xDF, 0xFF, 0xFF, 0xFF,
    0xFF, 0xFF, 0xFF, 0xFF, 0xFF, 0xFF, 0xFF, 0xFF, 0xFF, 0xFF, 0xFF, 0xFF, 0xFF, 0xFF, 0xFF, 0xFF,
    0xFF, 0xFF, 0xFF, 0xFF, 0xFF, 0xFF, 0xFF, 0xFF, 0xFF, 0xFF, 0xFF, 0xFF, 0xFF, 0xFF, 0xFF, 0xFF,
    0xFF, 0xFF, 0xFF, 0xFF, 0xFF, 0xFF, 0xFF, 0xFF, 0xFF, 0xFF, 0xFF, 0xFF, 0xFF, 0xFF, 0xFF, 0xFF,
    0xFF, 0xFF, 0xFF, 0xFF, 0xFF, 0xFF, 0xFF, 0xFF, 0xFF, 0xFF, 0xFF, 0xFF, 0xFF, 0xFF, 0xFF, 0xFF,
    0xFF, 0xFF, 0xFF, 0xFF, 0xFF, 0xFF, 0xFF, 0xFF, 0xFF, 0xFF, 0xFF, 0xFF, 0xDF, 0xD6, 0x9E, 0x21,
    0x7E, 0x84, 0xFF, 0xFF, 0x9F, 0xAD, 0x9E, 0x21, 0x7E, 0x3A, 0x3F, 0xE7, 0xFF, 0xFF, 0xFF, 0xFF,
    0xFF, 0xFF, 0xFF, 0xFF, 0xFF, 0xFF, 0xFF, 0xFF, 0xFF, 0xFF, 0xFF, 0xFF, 0xFF, 0xFF, 0xFF, 0xFF,
    0xFF, 0xFF, 0xFF, 0xFF, 0xFF, 0xFF, 0xFF, 0xFF, 0xFF, 0xFF, 0xFF, 0xFF, 0xFF, 0xFF, 0xFF, 0xFF,
    0xDF, 0x94, 0x9E, 0x21, 0x9E, 0x21, 0x9E, 0x21, 0x9E, 0x21, 0x9E, 0x21, 0x9E, 0x21, 0x9E, 0x21,
    0x9E, 0x21, 0x9E, 0x21, 0x9E, 0x21, 0x9E, 0x21, 0x9E, 0x21, 0x9E, 0x21, 0x9E, 0x21, 0x9E, 0x21,
    0x9E, 0x21, 0x9E, 0x21, 0x9E, 0x21, 0x9E, 0x21, 0xBE, 0x21, 0x9E, 0x21, 0xBE, 0x21, 0x9E, 0x21,
    0x9E, 0x21, 0x9E, 0x21, 0x9E, 0x21, 0xBE, 0x21, 0x9E, 0x21, 0xBE, 0x21, 0x9E, 0x21, 0x9E, 0x21,
    0x9E, 0x21, 0xBE, 0x21, 0x9E, 0x21, 0xBE, 0x21, 0x9E, 0x21, 0x9E, 0x21, 0x9E, 0x21, 0x9E, 0x21,
    0x9E, 0x21, 0x9E, 0x21, 0x9E, 0x21, 0x9E, 0x21, 0x9E, 0x21, 0x9E, 0x21, 0x9E, 0x21, 0x9E, 0x21,
    0xBE, 0x21, 0x9E, 0x21, 0xBE, 0x21, 0x9E, 0x21, 0xBE, 0x21, 0x9E, 0x21, 0x9E, 0x21, 0x9E, 0x21,
    0x9E, 0x21, 0x9E, 0x21, 0x9E, 0x21, 0xBE, 0x21, 0xBE, 0x21, 0xBE, 0x21, 0xBE, 0x21, 0xBE, 0x21,
    0xBE, 0x21, 0xBE, 0x21, 0xBE, 0x21, 0xBE, 0x21, 0xBE, 0x21, 0xBD, 0x21, 0xBE, 0x21, 0xBD, 0x21,
    0xBD, 0x21, 0xDD, 0x29, 0xDD, 0x29, 0xDD, 0x29, 0xDD, 0x29, 0xDD, 0x29, 0xDD, 0x29, 0xDD, 0x29,
    0xDD, 0x29, 0xDD, 0x29, 0xDD, 0x29, 0xDD, 0x29, 0xDD, 0x29, 0xDD, 0x29, 0xFD, 0x29, 0xFD, 0x29,
    0xFD, 0x29, 0xFD, 0x29, 0xFD, 0x29, 0xFD, 0x29, 0xFD, 0x29, 0xFD, 0x29, 0xFD, 0x29, 0xFD, 0x29,
    0xFD, 0x29, 0x7D, 0xEF, 0x7D, 0xEF, 0x7D, 0xEF, 0x7D, 0xEF, 0x7D, 0xEF, 0x5D, 0xEF, 0x5D, 0xEF,
    0x5D, 0xEF, 0x5D, 0xEF, 0x5D, 0xEF, 0x5D, 0xEF, 0x5D, 0xEF, 0x5D, 0xEF, 0x5D, 0xEF, 0x3C, 0xE7,
    0x3C, 0xE7, 0x3C, 0xE7, 0x3C, 0xE7, 0x3C, 0xE7, 0x3C, 0xE7, 0x5D, 0xEF, 0x5D, 0xEF, 0x5D, 0xEF,
    0x5D, 0xEF, 0x9E, 0xF7, 0xDF, 0xFF, 0xDF, 0xFF, 0xBE, 0xF7, 0x7D, 0xEF, 0x5D, 0xEF, 0x5D, 0xEF,
    0x5D, 0xEF, 0x3C, 0xE7, 0x3C, 0xE7, 0x3C, 0xE7, 0x3C, 0xE7, 0x3C, 0xE7, 0x3C, 0xE7, 0x3C, 0xE7,
    0x3C, 0xE7, 0x3C, 0xE7, 0x3C, 0xE7, 0x3C, 0xE7, 0x3C, 0xE7, 0x3C, 0xE7, 0x3C, 0xE7, 0xFF, 0xFF,
    0xFF, 0xFF, 0xFF, 0xFF, 0xFF, 0xFF, 0xFF, 0xFF, 0xFF, 0xFF, 0xFF, 0xFF, 0xFF, 0xFF, 0xFF, 0xFF,
    0xFF, 0xFF, 0xFF, 0xFF, 0xFF, 0xFF, 0xFF, 0xFF, 0x9E, 0xF7, 0x5D, 0xEF, 0x1C, 0xE7, 0x1C, 0xE7,
    0x1C, 0xE7, 0x1C, 0xE7, 0x3C, 0xE7, 0x5D, 0xEF, 0x9E, 0xF7, 0xDF, 0xFF, 0xBE, 0xF7, 0x7D, 0xEF,
    0x1C, 0xE7, 0x1C, 0xE7, 0x1C, 0xE7, 0x1C, 0xE7, 0x1C, 0xE7, 0x1C, 0xE7, 0x1C, 0xE7, 0x1C, 0xE7,
    0x1C, 0xE7, 0x1C, 0xE7, 0x1C, 0xE7, 0x3C, 0xE7, 0x9E, 0xF7, 0xFF, 0xFF, 0xFF, 0xFF, 0xFF, 0xFF,
    0xFF, 0xFF, 0xFF, 0xFF, 0xFF, 0xFF, 0xFF, 0xFF, 0xFF, 0xFF, 0xFF, 0xFF, 0xFF, 0xFF, 0xFF, 0xFF,
    0xFF, 0xFF, 0xFF, 0xFF, 0xBE, 0xF7, 0x9E, 0xF7, 0x5D, 0xEF, 0x5D, 0xEF, 0x5D, 0xEF, 0x5D, 0xEF,
    0x5D, 0xEF, 0x5D, 0xEF, 0x7D, 0xEF, 0x9E, 0xF7, 0xDF, 0xFF, 0xFF, 0xFF, 0xFF, 0xFF, 0xFF, 0xFF,
    0xDF, 0xFF, 0x9E, 0xF7, 0x7D, 0xEF, 0x7D, 0xEF, 0x7D, 0xEF, 0x7D, 0xEF, 0x7D, 0xEF, 0x7D, 0xEF,
    0x9E, 0xF7, 0x9E, 0xF7, 0xDF, 0xFF, 0xDF, 0xFF, 0xFF, 0xFF, 0xFF, 0xFF, 0xFF, 0xFF, 0xDF, 0xFF,
    0xDF, 0xFF, 0xBE, 0xF7, 0xBE, 0xF7, 0xBE, 0xF7, 0x9E, 0xF7, 0x9E, 0xF7, 0x9E, 0xF7, 0xBE, 0xF7,
    0xBE, 0xF7, 0xBE, 0xF7, 0xBE, 0xF7, 0xBE, 0xF7, 0xDF, 0xFF, 0xDF, 0xFF, 0xFF, 0xFF, 0xFF, 0xFF,
    0xDF, 0xFF, 0xDF, 0xFF, 0xBE, 0xF7, 0xBE, 0xF7, 0xDF, 0xFF, 0xDF, 0xFF, 0xDF, 0xFF, 0xDF, 0xFF,
    0xDF, 0xFF, 0xDF, 0xFF, 0xDF, 0xFF, 0xDF, 0xFF, 0xDF, 0xFF, 0xDF, 0xFF, 0xDF, 0xFF, 0xDF, 0xFF,
    0xFF, 0xFF, 0xFF, 0xFF, 0xFF, 0xFF, 0xFF, 0xFF, 0xFF, 0xFF, 0xFF, 0xFF, 0xFF, 0xFF, 0xFF, 0xFF,
    0xFF, 0xFF, 0xFF, 0xFF, 0xFF, 0xFF, 0xFF, 0xFF, 0xFF, 0xFF, 0xFF, 0xFF, 0xFF, 0xFF, 0xFF, 0xFF,
    0xFF, 0xFF, 0xFF, 0xFF, 0xFF, 0xFF, 0xFF, 0xFF, 0xFF, 0xFF, 0xFF, 0xFF, 0xFF, 0xFF, 0xFF, 0xFF,
    0xFF, 0xFF, 0xFF, 0xFF, 0xFF, 0xFF, 0xFF, 0xFF, 0xFF, 0xFF, 0xFF, 0xFF, 0xFF, 0xFF, 0xFF, 0xFF,
    0xFF, 0xFF, 0xFF, 0xFF, 0xFF, 0xFF, 0xFF, 0xFF, 0xFF, 0xFF, 0xFF, 0xFF, 0xFF, 0xFF, 0xFF, 0xFF,
    0x9F, 0xF7, 0xFF, 0xFF, 0xFF, 0xFF, 0x9E, 0x63, 0x9E, 0x21, 0xDF, 0xD6, 0xFF, 0xFF, 0x9F, 0xAD,
    0x9F, 0xAD, 0xFF, 0xFF, 0xFF, 0xFF, 0xFF, 0xFF, 0xFF, 0xFF, 0xFF, 0xFF, 0xFF, 0xFF, 0xFF, 0xFF,
    0xFF, 0xFF, 0xFF, 0xFF, 0xFF, 0xFF, 0xFF, 0xFF, 0xFF, 0xFF, 0xFF, 0xFF, 0xFF, 0xFF, 0xFF, 0xFF,
    0xFF, 0xFF, 0x9F, 0xF7, 0x9E, 0x21, 0x9E, 0x21, 0x9E, 0x21, 0x9E, 0x21, 0x9E, 0x21, 0x9E, 0x21,
    0x9E, 0x21, 0xBE, 0x21, 0x9E, 0x21, 0x9E, 0x21, 0x9E, 0x21, 0x9E, 0x21, 0x9E, 0x21, 0xBE, 0x21,
    0x9E, 0x21, 0x9E, 0x21, 0x9E, 0x21, 0x9E, 0x21, 0x9E, 0x21, 0x9E, 0x21, 0x9E, 0x21, 0x9E, 0x21,
    0x9E, 0x21, 0x9E, 0x21, 0x9E, 0x21, 0x9E, 0x21, 0x9E, 0x21, 0x9E, 0x21, 0x9E, 0x21, 0x9E, 0x21,
    0xBE, 0x21, 0x9E, 0x21, 0x9E, 0x21, 0xBE, 0x21, 0x9E, 0x21, 0x9E, 0x21, 0x9E, 0x21, 0xBE, 0x21,
    0x9E, 0x21, 0x9E, 0x21, 0xBE, 0x21, 0x9E, 0x21, 0x9E, 0x21, 0x9E, 0x21, 0x9E, 0x21, 0x9E, 0x21,
    0x9E, 0x21, 0x9E, 0x21, 0x9E, 0x21, 0x9E, 0x21, 0x9E, 0x21, 0x9E, 0x21, 0x9E, 0x21, 0x9E, 0x21,
    0x9E, 0x21, 0x9E, 0x21, 0xBE, 0x21, 0xBE, 0x21, 0xBE, 0x21, 0xBE, 0x21, 0xBE, 0x21, 0xBE, 0x21,
    0xBE, 0x21, 0xBE, 0x21, 0xBD, 0x21, 0xBD, 0x21, 0xBE, 0x21, 0xBD, 0x21, 0xBE, 0x21, 0xBD, 0x21,
    0xDD, 0x21, 0xDD, 0x29, 0xDD, 0x29, 0xDD, 0x29, 0xDD, 0x29, 0xDD, 0x29, 0xDD, 0x29, 0xDD, 0x29,
    0xDD, 0x29, 0xDD, 0x29, 0xDD, 0x29, 0xDD, 0x29, 0xDD, 0x29, 0xFD, 0x29, 0xFD, 0x29, 0xFD, 0x29,
    0xFD, 0x29, 0xFD, 0x29, 0xFD, 0x29, 0xFD, 0x29, 0xFD, 0x29, 0xFD, 0x29, 0xFD, 0x29, 0xFD, 0x29,
    0xFD, 0x31, 0xFD, 0x29, 0x7D, 0xEF, 0x7D, 0xEF, 0x7D, 0xEF, 0x7D, 0xEF, 0x7D, 0xEF, 0x7D, 0xEF,
    0x5D, 0xEF, 0x5D, 0xEF, 0x5D, 0xEF, 0x5D, 0xEF, 0x5D, 0xEF, 0x5D, 0xEF, 0x5D, 0xEF, 0x3C, 0xE7,
    0x3C, 0xE7, 0x3C, 0xE7, 0x3C, 0xE7, 0x3C, 0xE7, 0x3C, 0xE7, 0x3C, 0xE7, 0x5D, 0xEF, 0x5D, 0xEF,
    0x5D, 0xEF, 0x5D, 0xEF, 0x5D, 0xEF, 0x5D, 0xEF, 0x5D, 0xEF, 0x5D, 0xEF, 0x5D, 0xEF, 0x5D, 0xEF,
    0x5D, 0xEF, 0x3C, 0xE7, 0x3C, 0xE7, 0x3C, 0xE7, 0x3C, 0xE7, 0x3C, 0xE7, 0x3C, 0xE7, 0x3C, 0xE7,
    0x3C, 0xE7, 0x3C, 0xE7, 0x3C, 0xE7, 0x3C, 0xE7, 0x3C, 0xE7, 0x3C, 0xE7, 0x3C, 0xE7, 0x3C, 0xE7,
    0x3C, 0xE7, 0x9E, 0xF7, 0xFF, 0xFF, 0xFF, 0xFF, 0xFF, 0xFF, 0xFF, 0xFF, 0xFF, 0xFF, 0xFF, 0xFF,
    0xFF, 0xFF, 0xFF, 0xFF, 0xDF, 0xFF, 0x5D, 0xEF, 0x1C, 0xE7, 0x1C, 0xE7, 0x1C, 0xE7, 0x1C, 0xE7,
    0x1C, 0xE7, 0x1C, 0xE7, 0x1C, 0xE7, 0x1C, 0xE7, 0x1C, 0xE7, 0x1C, 0xE7, 0x1C, 0xE7, 0x1C, 0xE7,
    0x1C, 0xE7, 0x1C, 0xE7, 0x1C, 0xE7, 0x1C, 0xE7, 0x1C, 0xE7, 0x1C, 0xE7, 0x1C, 0xE7, 0x1C, 0xE7,
    0x1C, 0xE7, 0x1C, 0xE7, 0x1C, 0xE7, 0x1C, 0xE7, 0x3C, 0xE7, 0x3C, 0xE7, 0x5D, 0xEF, 0xFF, 0xFF,
    0xFF, 0xFF, 0xFF, 0xFF, 0xFF, 0xFF, 0xFF, 0xFF, 0xFF, 0xFF, 0xFF, 0xFF, 0xFF, 0xFF, 0xDF, 0xFF,
    0x9E, 0xF7, 0x5D, 0xEF, 0x5D, 0xEF, 0x5D, 0xEF, 0x5D, 0xEF, 0x5D, 0xEF, 0x5D, 0xEF, 0x5D, 0xEF,
    0x5D, 0xEF, 0x5D, 0xEF, 0x5D, 0xEF, 0x5D, 0xEF, 0x5D, 0xEF, 0x5D, 0xEF, 0x5D, 0xEF, 0x7D, 0xEF,
    0x7D, 0xEF, 0x7D, 0xEF, 0x7D, 0xEF, 0x7D, 0xEF, 0x7D, 0xEF, 0x7D, 0xEF, 0x7D, 0xEF, 0x7D, 0xEF,
    0x7D, 0xEF, 0x7D, 0xEF, 0x7D, 0xEF, 0x7D, 0xEF, 0x9E, 0xF7, 0x9E, 0xF7, 0x9E, 0xF7, 0x9E, 0xF7,
    0x9E, 0xF7, 0x9E, 0xF7, 0x9E, 0xF7, 0x9E, 0xF7, 0x9E, 0xF7, 0x9E, 0xF7, 0x9E, 0xF7, 0x9E, 0xF7,
    0x9E, 0xF7, 0xBE, 0xF7, 0xBE, 0xF7, 0xBE, 0xF7, 0xBE, 0xF7, 0xBE, 0xF7, 0xBE, 0xF7, 0xBE, 0xF7,
    0xBE, 0xF7, 0xBE, 0xF7, 0xBE, 0xF7, 0xDF, 0xFF, 0xDF, 0xFF, 0xBE, 0xF7, 0xDF, 0xFF, 0xDF, 0xFF,
    0xDF, 0xFF, 0xDF, 0xFF, 0xDF, 0xFF, 0xDF, 0xFF, 0xDF, 0xFF, 0xDF, 0xFF, 0xDF, 0xFF, 0xDF, 0xFF,
    0xFF, 0xFF, 0xFF, 0xFF, 0xFF, 0xFF, 0xFF, 0xFF, 0xFF, 0xFF, 0xFF, 0xFF, 0xFF, 0xFF, 0xFF, 0xFF,
    0xFF, 0xFF, 0xFF, 0xFF, 0xFF, 0xFF, 0xFF, 0xFF, 0xFF, 0xFF, 0xFF, 0xFF, 0xFF, 0xFF, 0xFF, 0xFF,
    0xFF, 0xFF, 0xFF, 0xFF, 0xFF, 0xFF, 0xFF, 0xFF, 0xFF, 0xFF, 0xFF, 0xFF, 0xFF, 0xFF, 0xFF, 0xFF,
    0xFF, 0xFF, 0xFF, 0xFF, 0xFF, 0xFF, 0xFF, 0xFF, 0xFF, 0xFF, 0xFF, 0xFF, 0xFF, 0xFF, 0xFF, 0xFF,
    0xFF, 0xFF, 0xFF, 0xFF, 0xFF, 0xFF, 0xFF, 0xFF, 0xFF, 0xFF, 0xFF, 0xFF, 0xFF, 0xFF, 0xFF, 0xFF,
    0xFF, 0xFF, 0xFF, 0xFF, 0xFF, 0xFF, 0xFF, 0xFF, 0x3F, 0xE7, 0xFF, 0xBD, 0xFF, 0xFF, 0xFF, 0xBD,
    0x9E, 0x21, 0x9E, 0x21, 0x3F, 0xE7, 0xFF, 0xFF, 0xFF, 0xFF, 0xFF, 0xFF, 0xFF, 0xFF, 0xFF, 0xFF,
    0xFF, 0xFF, 0xFF, 0xFF, 0xFF, 0xFF, 0xFF, 0xFF, 0xFF, 0xFF, 0xFF, 0xFF, 0xFF, 0xFF, 0xFF, 0xFF,
    0xFF, 0xFF, 0xFF, 0xFF, 0xFF, 0xFF, 0x3E, 0x5B, 0x9E, 0x21, 0x9E, 0x21, 0x9E, 0x21, 0xBE, 0x21,
    0x9E, 0x21, 0x9E, 0x21, 0x9E, 0x21, 0x9E, 0x21, 0xBE, 0x21, 0x9E, 0x21, 0x9E, 0x21, 0x9E, 0x21,
    0x9E, 0x21, 0x9E, 0x21, 0x9E, 0x21, 0x9E, 0x21, 0x9E, 0x21, 0x9E, 0x21, 0x9E, 0x21, 0x9E, 0x21,
    0x9E, 0x21, 0x9E, 0x21, 0x9E, 0x21, 0x9E, 0x21, 0x9E, 0x21, 0x9E, 0x21, 0x9E, 0x21, 0xBE, 0x21,
    0x9E, 0x21, 0xBE, 0x21, 0x9E, 0x21, 0x9E, 0x21, 0x9E, 0x21, 0xBE, 0x21, 0x9E, 0x21, 0xBE, 0x21,
    0x9E, 0x21, 0xBE, 0x21, 0x9E, 0x21, 0x9E, 0x21, 0x9E, 0x21, 0x9E, 0x21, 0xBE, 0x21, 0x9E, 0x21,
    0x9E, 0x21, 0x9E, 0x21, 0xBE, 0x21, 0x9E, 0x21, 0x9E, 0x21, 0x9E, 0x21, 0x9E, 0x21, 0xBE, 0x21,
    0xBE, 0x21, 0x9E, 0x21, 0xBE, 0x21, 0xBE, 0x21, 0xBE, 0x21, 0xBE, 0x21, 0xBE, 0x21, 0xBE, 0x21,
    0xBE, 0x21, 0xBE, 0x21, 0xBD, 0x21, 0xBD, 0x21, 0xBD, 0x21, 0xBD, 0x21, 0xDD, 0x21, 0xBD, 0x21,
    0xDD, 0x21, 0xDD, 0x29, 0xDD, 0x29, 0xDD, 0x29, 0xDD, 0x29, 0xDD, 0x29, 0xDD, 0x29, 0xDD, 0x29,
    0xDD, 0x29, 0xDD, 0x29, 0xDD, 0x29, 0xFD, 0x29, 0xDD, 0x29, 0xFD, 0x29, 0xFD, 0x29, 0xFD, 0x29,
    0xFD, 0x29, 0xFD, 0x29, 0xFD, 0x29, 0xFD, 0x29, 0xFD, 0x29, 0xFD, 0x29, 0xFD, 0x29, 0xFD, 0x31,
    0xFD, 0x29, 0xFD, 0x31, 0x1D, 0x32, 0x7D, 0xEF, 0x7D, 0xEF, 0x7D, 0xEF, 0x7D, 0xEF, 0x5D, 0xEF,
    0x5D, 0xEF, 0x5D, 0xEF, 0x5D, 0xEF, 0x5D, 0xEF, 0x5D, 0xEF, 0x5D, 0xEF, 0x5D, 0xEF, 0x5D, 0xEF,
    0x5D, 0xEF, 0x3C, 0xE7, 0x3C, 0xE7, 0x3C, 0xE7, 0x3C, 0xE7, 0x3C, 0xE7, 0x3C, 0xE7, 0x3C, 0xE7,
    0x3C, 0xE7, 0x5D, 0xEF, 0x5D, 0xEF, 0x5D, 0xEF, 0x5D, 0xEF, 0x5D, 0xEF, 0x3C, 0xE7, 0x5D, 0xEF,
    0x3C, 0xE7, 0x3C, 0xE7, 0x3C, 0xE7, 0x3C, 0xE7, 0x3C, 0xE7, 0x3C, 0xE7, 0x3C, 0xE7, 0x3C, 0xE7,
    0x3C, 0xE7, 0x3C, 0xE7, 0x1C, 0xE7, 0x3C, 0xE7, 0x1C, 0xE7, 0x1C, 0xE7, 0x1C, 0xE7, 0x1C, 0xE7,
    0x3C, 0xE7, 0x3C, 0xE7, 0x1C, 0xE7, 0x3C, 0xE7, 0xBE, 0xF7, 0xFF, 0xFF, 0xFF, 0xFF, 0xFF, 0xFF,
    0xDF, 0xFF, 0x7D, 0xEF, 0x3C, 0xE7, 0x1C, 0xE7, 0x1C, 0xE7, 0x1C, 0xE7, 0x1C, 0xE7, 0x1C, 0xE7,
    0x1C, 0xE7, 0x1C, 0xE7, 0x1C, 0xE7, 0x1C, 0xE7, 0x1C, 0xE7, 0x1C, 0xE7, 0x1C, 0xE7, 0x1C, 0xE7,
    0x1C, 0xE7, 0x1C, 0xE7, 0x1C, 0xE7, 0x1C, 0xE7, 0x1C, 0xE7, 0x1C, 0xE7, 0x1C, 0xE7, 0x1C, 0xE7,
    0x1C, 0xE7, 0x1C, 0xE7, 0x1C, 0xE7, 0x1C, 0xE7, 0x3C, 0xE7, 0x3C, 0xE7, 0x3C, 0xE7, 0x3C, 0xE7,
    0x3C, 0xE7, 0x9E, 0xF7, 0xFF, 0xFF, 0xFF, 0xFF, 0xFF, 0xFF, 0xDF, 0xFF, 0xBE, 0xF7, 0x5D, 0xEF,
    0x3C, 0xE7, 0x5D, 0xEF, 0x5D, 0xEF, 0x5D, 0xEF, 0x5D, 0xEF, 0x5D, 0xEF, 0x5D, 0xEF, 0x5D, 0xEF,
    0x5D, 0xEF, 0x5D, 0xEF, 0x5D, 0xEF, 0x5D, 0xEF, 0x5D, 0xEF, 0x5D, 0xEF, 0x5D, 0xEF, 0x7D, 0xEF,
    0x7D, 0xEF, 0x7D, 0xEF, 0x7D, 0xEF, 0x7D, 0xEF, 0x7D, 0xEF, 0x7D, 0xEF, 0x7D, 0xEF, 0x7D, 0xEF,
    0x7D, 0xEF, 0x7D, 0xEF, 0x7D, 0xEF, 0x9E, 0xF7, 0x9E, 0xF7, 0x9E, 0xF7, 0x9E, 0xF7, 0x9E, 0xF7,
    0x9E, 0xF7, 0x9E, 0xF7, 0x9E, 0xF7, 0x9E, 0xF7, 0x9E, 0xF7, 0x9E, 0xF7, 0x9E, 0xF7, 0x9E, 0xF7,
    0xBE, 0xF7, 0xBE, 0xF7, 0xBE, 0xF7, 0xBE, 0xF7, 0xBE, 0xF7, 0xBE, 0xF7, 0xBE, 0xF7, 0xBE, 0xF7,
    0xBE, 0xF7, 0xBE, 0xF7, 0xDF, 0xFF, 0xBE, 0xF7, 0xBE, 0xF7, 0xDF, 0xFF, 0xDF, 0xFF, 0xDF, 0xFF,
    0xDF, 0xFF, 0xDF, 0xFF, 0xDF, 0xFF, 0xDF, 0xFF, 0xDF, 0xFF, 0xDF, 0xFF, 0xDF, 0xFF, 0xDF, 0xFF,
    0xDF, 0xFF, 0xFF, 0xFF, 0xFF, 0xFF, 0xFF, 0xFF, 0xFF, 0xFF, 0xFF, 0xFF, 0xFF, 0xFF, 0xFF, 0xFF,
    0xFF, 0xFF, 0xFF, 0xFF, 0xFF, 0xFF, 0xFF, 0xFF, 0xFF, 0xFF, 0xFF, 0xFF, 0xFF, 0xFF, 0xFF, 0xFF,
    0xFF, 0xFF, 0xFF, 0xFF, 0xFF, 0xFF, 0xFF, 0xFF, 0xFF, 0xFF, 0xFF, 0xFF, 0xFF, 0xFF, 0xFF, 0xFF,
    0xFF, 0xFF, 0xFF, 0xFF, 0xFF, 0xFF, 0xFF, 0xFF, 0xFF, 0xFF, 0xFF, 0xFF, 0xFF, 0xFF, 0xFF, 0xFF,
    0xFF, 0xFF, 0xFF, 0xFF, 0xFF, 0xFF, 0xFF, 0xFF, 0xFF, 0xFF, 0xFF, 0xFF, 0xFF, 0xFF, 0xFF, 0xFF,
    0xFF, 0xFF, 0xFF, 0xFF, 0xFF, 0xFF, 0xFF, 0xFF, 0xFF, 0xFF, 0xFF, 0xFF, 0xFF, 0xFF, 0xFF, 0xFF,
    0xDF, 0xD6, 0x1E, 0x32, 0x7E, 0x3A, 0x9F, 0xF7, 0xFF, 0xFF, 0xFF, 0xFF, 0xFF, 0xFF, 0xFF, 0xFF,
    0xFF, 0xFF, 0xFF, 0xFF, 0xFF, 0xFF, 0xFF, 0xFF, 0xFF, 0xFF, 0xFF, 0xFF, 0xFF, 0xFF, 0xFF, 0xFF,
    0xFF, 0xFF, 0xFF, 0xFF, 0xFF, 0xFF, 0xFF, 0xFF, 0x5F, 0xC6, 0x9E, 0x21, 0x9E, 0x21, 0x9E, 0x21,
    0xBE, 0x21, 0x9E, 0x21, 0x9E, 0x21, 0x9E, 0x21, 0x9E, 0x21, 0x9E, 0x21, 0x9E, 0x21, 0x9E, 0x21,
    0x9E, 0x21, 0x9E, 0x21, 0x9E, 0x21, 0x9E, 0x21, 0x9E, 0x21, 0x9E, 0x21, 0x9E, 0x21, 0x9E, 0x21,
    0x9E, 0x21, 0x9E, 0x21, 0x9E, 0x21, 0x9E, 0x21, 0x9E, 0x21, 0x9E, 0x21, 0x9E, 0x21, 0x9E, 0x21,
    0x9E, 0x21, 0x9E, 0x21, 0x9E, 0x21, 0x9E, 0x21, 0x9E, 0x21, 0x9E, 0x21, 0x9E, 0x21, 0x9E, 0x21,
    0xBE, 0x21, 0x9E, 0x21, 0x9E, 0x21, 0x9E, 0x21, 0x9E, 0x21, 0x9E, 0x21, 0x9E, 0x21, 0xBE, 0x21,
    0xBE, 0x21, 0x9E, 0x21, 0x9E, 0x21, 0x9E, 0x21, 0x9E, 0x21, 0x9E, 0x21, 0xBE, 0x21, 0xBE, 0x21,
    0xBE, 0x21, 0xBE, 0x21, 0xBE, 0x21, 0xBE, 0x21, 0xBE, 0x21, 0xBE, 0x21, 0xBE, 0x21, 0xBE, 0x21,
    0xBE, 0x21, 0xBE, 0x21, 0xBD, 0x21, 0xBD, 0x21, 0xBE, 0x21, 0xBD, 0x21, 0xDD, 0x21, 0xDD, 0x21,
    0xDD, 0x29, 0xDD, 0x29, 0xDD, 0x29, 0xDD, 0x29, 0xDD, 0x29, 0xDD, 0x29, 0xDD, 0x29, 0xDD, 0x29,
    0xDD, 0x29, 0xDD, 0x29, 0xDD, 0x29, 0xFD, 0x29, 0xFD, 0x29, 0xFD, 0x29, 0xFD, 0x29, 0xFD, 0x29,
    0xFD, 0x29, 0xFD, 0x29, 0xFD, 0x29, 0xFD, 0x29, 0xFD, 0x29, 0xFD, 0x29, 0xFD, 0x29, 0xFD, 0x31,
    0xFD, 0x31, 0x1D, 0x32, 0x1D, 0x32, 0x1D, 0x32, 0x7D, 0xEF, 0x7D, 0xEF, 0x7D, 0xEF, 0x7D, 0xEF,
    0x5D, 0xEF, 0x5D, 0xEF, 0x5D, 0xEF, 0x5D, 0xEF, 0x5D, 0xEF, 0x5D, 0xEF, 0x5D, 0xEF, 0x5D, 0xEF,
    0x5D, 0xEF, 0x5D, 0xEF, 0x3C, 0xE7, 0x3C, 0xE7, 0x3C, 0xE7, 0x3C, 0xE7, 0x3C, 0xE7, 0x3C, 0xE7,
    0x3C, 0xE7, 0x3C, 0xE7, 0x5D, 0xEF, 0x5D, 0xEF, 0x5D, 0xEF, 0x5D, 0xEF, 0x5D, 0xEF, 0x3C, 0xE7,
    0x3C, 0xE7, 0x3C, 0xE7, 0x3C, 0xE7, 0x3C, 0xE7, 0x3C, 0xE7, 0x3C, 0xE7, 0x1C, 0xE7, 0x1C, 0xE7,
    0x1C, 0xE7, 0x1C, 0xE7, 0x1C, 0xE7, 0x1C, 0xE7, 0x1C, 0xE7, 0x1C, 0xE7, 0x1C, 0xE7, 0x1C, 0xE7,
    0x1C, 0xE7, 0x1C, 0xE7, 0x1C, 0xE7, 0x1C, 0xE7, 0x3C, 0xE7, 0x3C, 0xE7, 0x3C, 0xE7, 0x3C, 0xE7,
    0x3C, 0xE7, 0x1C, 0xE7, 0x1C, 0xE7, 0x1C, 0xE7, 0x1C, 0xE7, 0x1C, 0xE7, 0x1C, 0xE7, 0x1C, 0xE7,
    0x1C, 0xE7, 0x1C, 0xE7, 0x1C, 0xE7, 0x1C, 0xE7, 0x1C, 0xE7, 0x1C, 0xE7, 0x1C, 0xE7, 0x1C, 0xE7,
    0x1C, 0xE7, 0x1C, 0xE7, 0x1C, 0xE7, 0x1C, 0xE7, 0x1C, 0xE7, 0x1C, 0xE7, 0x1C, 0xE7, 0x1C, 0xE7,
    0x1C, 0xE7, 0x1C, 0xE7, 0x1C, 0xE7, 0x1C, 0xE7, 0x1C, 0xE7, 0x1C, 0xE7, 0x1C, 0xE7, 0x3C, 0xE7,
    0x3C, 0xE7, 0x3C, 0xE7, 0x3C, 0xE7, 0x3C, 0xE7, 0x3C, 0xE7, 0x3C, 0xE7, 0x3C, 0xE7, 0x3C, 0xE7,
    0x3C, 0xE7, 0x3C, 0xE7, 0x3C, 0xE7, 0x5D, 0xEF, 0x5D, 0xEF, 0x5D, 0xEF, 0x5D, 0xEF, 0x5D, 0xEF,
    0x5D, 0xEF, 0x5D, 0xEF, 0x5D, 0xEF, 0x5D, 0xEF, 0x5D, 0xEF, 0x5D, 0xEF, 0x5D, 0xEF, 0x5D, 0xEF,
    0x5D, 0xEF, 0x7D, 0xEF, 0x7D, 0xEF, 0x7D, 0xEF, 0x7D, 0xEF, 0x7D, 0xEF, 0x7D, 0xEF, 0x7D, 0xEF,
    0x7D, 0xEF, 0x7D, 0xEF, 0x7D, 0xEF, 0x7D, 0xEF, 0x9E, 0xF7, 0x7D, 0xEF, 0x7D, 0xEF, 0x9E, 0xF7,
    0x9E, 0xF7, 0x9E, 0xF7, 0x9E, 0xF7, 0x9E, 0xF7, 0x9E, 0xF7, 0x9E, 0xF7, 0x9E, 0xF7, 0x9E, 0xF7,
    0xBE, 0xF7, 0x9E, 0xF7, 0xBE, 0xF7, 0xBE, 0xF7, 0xBE, 0xF7, 0xBE, 0xF7, 0xBE, 0xF7, 0xBE, 0xF7,
    0xBE, 0xF7, 0xBE, 0xF7, 0xBE, 0xF7, 0xBE, 0xF7, 0xBE, 0xF7, 0xDF, 0xFF, 0xDF, 0xFF, 0xDF, 0xFF,
    0xDF, 0xFF, 0xDF, 0xFF, 0xDF, 0xFF, 0xDF, 0xFF, 0xDF, 0xFF, 0xDF, 0xFF, 0xDF, 0xFF, 0xDF, 0xFF,
    0xFF, 0xFF, 0xFF, 0xFF, 0xFF, 0xFF, 0xFF, 0xFF, 0xFF, 0xFF, 0xFF, 0xFF, 0xFF, 0xFF, 0xFF, 0xFF,
    0xFF, 0xFF, 0xFF, 0xFF, 0xFF, 0xFF, 0xFF, 0xFF, 0xFF, 0xFF, 0xFF, 0xFF, 0xFF, 0xFF, 0xFF, 0xFF,
    0xFF, 0xFF, 0xFF, 0xFF, 0xFF, 0xFF, 0xFF, 0xFF, 0xFF, 0xFF, 0xFF, 0xFF, 0xFF, 0xFF, 0xFF, 0xFF,
    0xFF, 0xFF, 0xFF, 0xFF, 0xFF, 0xFF, 0xFF, 0xFF, 0xFF, 0xFF, 0xFF, 0xFF, 0xFF, 0xFF, 0xFF, 0xFF,
    0xFF, 0xFF, 0xFF, 0xFF, 0xFF, 0xFF, 0xFF, 0xFF, 0xFF, 0xFF, 0xFF, 0xFF, 0xFF, 0xFF, 0xFF, 0xFF,
    0xFF, 0xFF, 0xFF, 0xFF, 0xFF, 0xFF, 0xFF, 0xFF, 0xFF, 0xFF, 0xFF, 0xFF, 0xFF, 0xFF, 0xFF, 0xFF,
    0xFF, 0xFF, 0xFF, 0xFF, 0x9F, 0xF7, 0xFF, 0xFF, 0xFF, 0xFF, 0xFF, 0xFF, 0xFF, 0xFF, 0xFF, 0xFF,
    0xFF, 0xFF, 0xFF, 0xFF, 0xFF, 0xFF, 0xFF, 0xFF, 0xFF, 0xFF, 0xFF, 0xFF, 0xFF, 0xFF, 0xFF, 0xFF,
    0xFF, 0xFF, 0xFF, 0xFF, 0xFF, 0xFF, 0xFF, 0xFF, 0xFF, 0xFF, 0xFF, 0xFF, 0xDE, 0x4A, 0x9E, 0x21,
    0x9E, 0x21, 0x9E, 0x21, 0x9E, 0x21, 0x9E, 0x21, 0x9E, 0x21, 0x9E, 0x21, 0x9E, 0x21, 0x9E, 0x21,
    0x9E, 0x21, 0x9E, 0x21, 0x9E, 0x21, 0x9E, 0x21, 0x9E, 0x21, 0x9E, 0x21, 0x9E, 0x21, 0x9E, 0x21,
    0x9E, 0x21, 0xBE, 0x21, 0x9E, 0x21, 0x9E, 0x21, 0x9E, 0x21, 0x9E, 0x21, 0x9E, 0x21, 0x9E, 0x21,
    0x9E, 0x21, 0x9E, 0x21, 0x9E, 0x21, 0xBE, 0x21, 0x9E, 0x21, 0x9E, 0x21, 0x9E, 0x21, 0x9E, 0x21,
    0x9E, 0x21, 0x9E, 0x21, 0xBE, 0x21, 0x9E, 0x21, 0x9E, 0x21, 0x9E, 0x21, 0x9E, 0x21, 0x9E, 0x21,
    0x9E, 0x21, 0x9E, 0x21, 0x9E, 0x21, 0x9E, 0x21, 0x9E, 0x21, 0x9E, 0x21, 0x9E, 0x21, 0x9E, 0x21,
    0xBE, 0x21, 0xBE, 0x21, 0xBE, 0x21, 0xBE, 0x21, 0xBE, 0x21, 0xBE, 0x21, 0xBE, 0x21, 0xBE, 0x21,
    0xBE, 0x21, 0xBE, 0x21, 0xBD, 0x21, 0xBE, 0x21, 0xBD, 0x21, 0xDD, 0x21, 0xDD, 0x21, 0xDD, 0x29,
    0xDD, 0x29, 0xDD, 0x29, 0xDD, 0x29, 0xDD, 0x29, 0xDD, 0x29, 0xDD, 0x29, 0xDD, 0x29, 0xDD, 0x29,
    0xDD, 0x29, 0xDD, 0x29, 0xFD, 0x29, 0xFD, 0x29, 0xFD, 0x29, 0xFD, 0x29, 0xFD, 0x29, 0xFD, 0x29,
    0xFD, 0x29, 0xFD, 0x29, 0xFD, 0x29, 0xFD, 0x29, 0xFD, 0x29, 0xFD, 0x29, 0xFD, 0x29, 0xFD, 0x29,
    0x1D, 0x32, 0xFD, 0x31, 0x1D, 0x32, 0x1D, 0x32, 0x1D, 0x32, 0x7D, 0xEF, 0x7D, 0xEF, 0x7D, 0xEF,
    0x7D, 0xEF, 0x7D, 0xEF, 0x5D, 0xEF, 0x5D, 0xEF, 0x5D, 0xEF, 0x5D, 0xEF, 0x5D, 0xEF, 0x5D, 0xEF,
    0x5D, 0xEF, 0x5D, 0xEF, 0x5D, 0xEF, 0x3C, 0xE7, 0x3C, 0xE7, 0x3C, 0xE7, 0x3C, 0xE7, 0x3C, 0xE7,
    0x3C, 0xE7, 0x3C, 0xE7, 0x3C, 0xE7, 0x3C, 0xE7, 0x3C, 0xE7, 0x3C, 0xE7, 0x3C, 0xE7, 0x3C, 0xE7,
    0x3C, 0xE7, 0x3C, 0xE7, 0x3C, 0xE7, 0x3C, 0xE7, 0x3C, 0xE7, 0x1C, 0xE7, 0x1C, 0xE7, 0x1C, 0xE7,
    0x1C, 0xE7, 0x1C, 0xE7, 0x1C, 0xE7, 0x1C, 0xE7, 0x1C, 0xE7, 0x1C, 0xE7, 0x1C, 0xE7, 0x1C, 0xE7,
    0x1C, 0xE7, 0x1C, 0xE7, 0x1C, 0xE7, 0x1C, 0xE7, 0x1C, 0xE7, 0x1C, 0xE7, 0x1C, 0xE7, 0x1C, 0xE7,
    0x1C, 0xE7, 0x1C, 0xE7, 0x1C, 0xE7, 0x1C, 0xE7, 0x1C, 0xE7, 0x1C, 0xE7, 0x1C, 0xE7, 0x1C, 0xE7,
    0x1C, 0xE7, 0x1C, 0xE7, 0x1C, 0xE7, 0x1C, 0xE7, 0x1C, 0xE7, 0x1C, 0xE7, 0x1C, 0xE7, 0x1C, 0xE7,
    0x1C, 0xE7, 0x1C, 0xE7, 0x1C, 0xE7, 0x1C, 0xE7, 0x1C, 0xE7, 0xFB, 0xDE, 0x1C, 0xE7, 0x1C, 0xE7,
    0x1C, 0xE7, 0x1C, 0xE7, 0x1C, 0xE7, 0x1C, 0xE7, 0x1C, 0xE7, 0x1C, 0xE7, 0x1C, 0xE7, 0x1C, 0xE7,
    0x3C, 0xE7, 0x3C, 0xE7, 0x3C, 0xE7, 0x3C, 0xE7, 0x3C, 0xE7, 0x3C, 0xE7, 0x3C, 0xE7, 0x3C, 0xE7,
    0x5D, 0xEF, 0x3C, 0xE7, 0x3C, 0xE7, 0x5D, 0xEF, 0x5D, 0xEF, 0x5D, 0xEF, 0x5D, 0xEF, 0x5D, 0xEF,
    0x5D, 0xEF, 0x5D, 0xEF, 0x5D, 0xEF, 0x5D, 0xEF, 0x5D, 0xEF, 0x5D, 0xEF, 0x5D, 0xEF, 0x5D, 0xEF,
    0x5D, 0xEF, 0x5D, 0xEF, 0x7D, 0xEF, 0x7D, 0xEF, 0x7D, 0xEF, 0x7D, 0xEF, 0x7D, 0xEF, 0x7D, 0xEF,
    0x7D, 0xEF, 0x7D, 0xEF, 0x7D, 0xEF, 0x7D, 0xEF, 0x7D, 0xEF, 0x7D, 0xEF, 0x9E, 0xF7, 0x9E, 0xF7,
    0x9E, 0xF7, 0x9E, 0xF7, 0x9E, 0xF7, 0x9E, 0xF7, 0x9E, 0xF7, 0x9E, 0xF7, 0x9E, 0xF7, 0x9E, 0xF7,
    0x9E, 0xF7, 0x9E, 0xF7, 0xBE, 0xF7, 0xBE, 0xF7, 0xBE, 0xF7, 0xBE, 0xF7, 0xBE, 0xF7, 0xBE, 0xF7,
    0xBE, 0xF7, 0xBE, 0xF7, 0xBE, 0xF7, 0xBE, 0xF7, 0xDF, 0xFF, 0xDF, 0xFF, 0xDF, 0xFF, 0xDF, 0xFF,
    0xDF, 0xFF, 0xDF, 0xFF, 0xDF, 0xFF, 0xDF, 0xFF, 0xDF, 0xFF, 0xDF, 0xFF, 0xDF, 0xFF, 0xDF, 0xFF,
    0xDF, 0xFF, 0xFF, 0xFF, 0xFF, 0xFF, 0xFF, 0xFF, 0xFF, 0xFF, 0xFF, 0xFF, 0xFF, 0xFF, 0xFF, 0xFF,
    0xFF, 0xFF, 0xFF, 0xFF, 0xFF, 0xFF, 0xFF, 0xFF, 0xFF, 0xFF, 0xFF, 0xFF, 0xFF, 0xFF, 0xFF, 0xFF,
    0xFF, 0xFF, 0xFF, 0xFF, 0xFF, 0xFF, 0xFF, 0xFF, 0xFF, 0xFF, 0xFF, 0xFF, 0xFF, 0xFF, 0xFF, 0xFF,
    0xFF, 0xFF, 0xFF, 0xFF, 0xFF, 0xFF, 0xFF, 0xFF, 0xFF, 0xFF, 0xFF, 0xFF, 0xFF, 0xFF, 0xFF, 0xFF,
    0xFF, 0xFF, 0xFF, 0xFF, 0xFF, 0xFF, 0xFF, 0xFF, 0xFF, 0xFF, 0xFF, 0xFF, 0xFF, 0xFF, 0xFF, 0xFF,
    0xFF, 0xFF, 0xFF, 0xFF, 0xFF, 0xFF, 0xFF, 0xFF, 0xFF, 0xFF, 0xFF, 0xFF, 0xFF, 0xFF, 0xFF, 0xFF,
    0xFF, 0xFF, 0xFF, 0xFF, 0xFF, 0xFF, 0xFF, 0xFF, 0xFF, 0xFF, 0xFF, 0xFF, 0xFF, 0xFF, 0xFF, 0xFF,
    0xFF, 0xFF, 0xFF, 0xFF, 0xFF, 0xFF, 0xFF, 0xFF, 0xFF, 0xFF, 0xFF, 0xFF, 0xFF, 0xFF, 0xFF, 0xFF,
    0xFF, 0xFF, 0xFF, 0xFF, 0xFF, 0xFF, 0xFF, 0xFF, 0xFF, 0xFF, 0xFF, 0xFF, 0xFF, 0xFF, 0xDF, 0x94,
    0x9E, 0x21, 0x9E, 0x21, 0x9E, 0x21, 0x9E, 0x21, 0x9E, 0x21, 0x9E, 0x21, 0xBE, 0x21, 0x9E, 0x21,
    0x9E, 0x21, 0x9E, 0x21, 0x9E, 0x21, 0x9E, 0x21, 0xBE, 0x21, 0xBE, 0x21, 0x9E, 0x21, 0x9E, 0x21,
    0x9E, 0x21, 0x9E, 0x21, 0x9E, 0x21, 0x9E, 0x21, 0xBE, 0x21, 0x9E, 0x21, 0x9E, 0x21, 0x9E, 0x21,
    0x9E, 0x21, 0x9E, 0x21, 0x9E, 0x21, 0x9E, 0x21, 0x9E, 0x21, 0x9E, 0x21, 0xBE, 0x21, 0x9E, 0x21,
    0x9E, 0x21, 0x9E, 0x21, 0x9E, 0x21, 0x9E, 0x21, 0xBE, 0x21, 0x9E, 0x21, 0x9E, 0x21, 0x9E, 0x21,
    0x9E, 0x21, 0x9E, 0x21, 0x9E, 0x21, 0x9E, 0x21, 0x9E, 0x21, 0x9E, 0x21, 0x9E, 0x21, 0xBE, 0x21,
    0xBE, 0x21, 0xBE, 0x21, 0xBE, 0x21, 0xBE, 0x21, 0xBE, 0x21, 0xBE, 0x21, 0xBD, 0x21, 0xBE, 0x21,
    0xBE, 0x21, 0xBE, 0x21, 0xBE, 0x21, 0xBE, 0x21, 0xBD, 0x21, 0xBD, 0x21, 0xDD, 0x21, 0xDD, 0x29,
    0xDD, 0x29, 0xDD, 0x29, 0xDD, 0x29, 0xDD, 0x29, 0xDD, 0x29, 0xDD, 0x29, 0xDD, 0x29, 0xDD, 0x29,
    0xDD, 0x29, 0xDD, 0x29, 0xDD, 0x29, 0xFD, 0x29, 0xFD, 0x29, 0xFD, 0x29, 0xFD, 0x29, 0xFD, 0x29,
    0xFD, 0x29, 0xFD, 0x29, 0xFD, 0x29, 0xFD, 0x29, 0xFD, 0x29, 0xFD, 0x31, 0xFD, 0x29, 0xFD, 0x31,
    0xFD, 0x31, 0x1D, 0x32, 0x1D, 0x32, 0x1D, 0x32, 0x1D, 0x32, 0x1D, 0x32, 0x7D, 0xEF, 0x7D, 0xEF,
    0x7D, 0xEF, 0x5D, 0xEF, 0x5D, 0xEF, 0x5D, 0xEF, 0x5D, 0xEF, 0x5D, 0xEF, 0x5D, 0xEF, 0x5D, 0xEF,
    0x5D, 0xEF, 0x5D, 0xEF, 0x5D, 0xEF, 0x3C, 0xE7, 0x3C, 0xE7, 0x3C, 0xE7, 0x3C, 0xE7, 0x3C, 0xE7,
    0x3C, 0xE7, 0x3C, 0xE7, 0x3C, 0xE7, 0x3C, 0xE7, 0x3C, 0xE7, 0x3C, 0xE7, 0x3C, 0xE7, 0x3C, 0xE7,
    0x3C, 0xE7, 0x3C, 0xE7, 0x3C, 0xE7, 0x3C, 0xE7, 0x3C, 0xE7, 0x3C, 0xE7, 0x1C, 0xE7, 0x1C, 0xE7,
    0x1C, 0xE7, 0x1C, 0xE7, 0x1C, 0xE7, 0x1C, 0xE7, 0x1C, 0xE7, 0x1C, 0xE7, 0x1C, 0xE7, 0x1C, 0xE7,
    0x1C, 0xE7, 0x1C, 0xE7, 0x1C, 0xE7, 0x1C, 0xE7, 0x1C, 0xE7, 0x1C, 0xE7, 0x1C, 0xE7, 0x1C, 0xE7,
    0x1C, 0xE7, 0x1C, 0xE7, 0x1C, 0xE7, 0x1C, 0xE7, 0x1C, 0xE7, 0x1C, 0xE7, 0x1C, 0xE7, 0x1C, 0xE7,
    0x1C, 0xE7, 0x1C, 0xE7, 0x1C, 0xE7, 0x1C, 0xE7, 0x1C, 0xE7, 0x1C, 0xE7, 0x1C, 0xE7, 0x1C, 0xE7,
    0x1C, 0xE7, 0x1C, 0xE7, 0x1C, 0xE7, 0x1C, 0xE7, 0x1C, 0xE7, 0xFB, 0xDE, 0xFB, 0xDE, 0xFB, 0xDE,
    0xFB, 0xDE, 0xFB, 0xDE, 0xFB, 0xDE, 0xFB, 0xDE, 0x1C, 0xE7, 0x1C, 0xE7, 0x1C, 0xE7, 0x1C, 0xE7,
    0x1C, 0xE7, 0x1C, 0xE7, 0x3C, 0xE7, 0x3C, 0xE7, 0x3C, 0xE7, 0x3C, 0xE7, 0x3C, 0xE7, 0x3C, 0xE7,
    0x3C, 0xE7, 0x5D, 0xEF, 0x3C, 0xE7, 0x3C, 0xE7, 0x5D, 0xEF, 0x3C, 0xE7, 0x3C, 0xE7, 0x3C, 0xE7,
    0x5D, 0xEF, 0x5D, 0xEF, 0x5D, 0xEF, 0x5D, 0xEF, 0x5D, 0xEF, 0x5D, 0xEF, 0x5D, 0xEF, 0x5D, 0xEF,
    0x5D, 0xEF, 0x5D, 0xEF, 0x5D, 0xEF, 0x5D, 0xEF, 0x5D, 0xEF, 0x7D, 0xEF, 0x7D, 0xEF, 0x7D, 0xEF,
    0x7D, 0xEF, 0x7D, 0xEF, 0x7D, 0xEF, 0x7D, 0xEF, 0x7D, 0xEF, 0x7D, 0xEF, 0x7D, 0xEF, 0x9E, 0xF7,
    0x9E, 0xF7, 0x9E, 0xF7, 0x9E, 0xF7, 0x9E, 0xF7, 0x9E, 0xF7, 0x9E, 0xF7, 0x9E, 0xF7, 0x9E, 0xF7,
    0x9E, 0xF7, 0x9E, 0xF7, 0xBE, 0xF7, 0x9E, 0xF7, 0xBE, 0xF7, 0xBE, 0xF7, 0xBE, 0xF7, 0xBE, 0xF7,
    0xBE, 0xF7, 0xBE, 0xF7, 0xBE, 0xF7, 0xBE, 0xF7, 0xBE, 0xF7, 0xDF, 0xFF, 0xBE, 0xF7, 0xDF, 0xFF,
    0xDF, 0xFF, 0xDF, 0xFF, 0xDF, 0xFF, 0xDF, 0xFF, 0xDF, 0xFF, 0xDF, 0xFF, 0xDF, 0xFF, 0xDF, 0xFF,
    0xDF, 0xFF, 0xFF, 0xFF, 0xFF, 0xFF, 0xFF, 0xFF, 0xFF, 0xFF, 0xFF, 0xFF, 0xFF, 0xFF, 0xFF, 0xFF,
    0xFF, 0xFF, 0xFF, 0xFF, 0xFF, 0xFF, 0xFF, 0xFF, 0xFF, 0xFF, 0xFF, 0xFF, 0xFF, 0xFF, 0xFF, 0xFF,
    0xFF, 0xFF, 0xFF, 0xFF, 0xFF, 0xFF, 0xFF, 0xFF, 0xFF, 0xFF, 0xFF, 0xFF, 0xFF, 0xFF, 0xFF, 0xFF,
    0xFF, 0xFF, 0xFF, 0xFF, 0xFF, 0xFF, 0xFF, 0xFF, 0xFF, 0xFF, 0xFF, 0xFF, 0xFF, 0xFF, 0xFF, 0xFF,
    0xFF, 0xFF, 0xFF, 0xFF, 0xFF, 0xFF, 0xFF, 0xFF, 0xFF, 0xFF, 0xFF, 0xFF, 0xFF, 0xFF, 0xFF, 0xFF,
    0xFF, 0xFF, 0xFF, 0xFF, 0xFF, 0xFF, 0xFF, 0xFF, 0xFF, 0xFF, 0xFF, 0xFF, 0xFF, 0xFF, 0xFF, 0xFF,
    0xFF, 0xFF, 0xFF, 0xFF, 0xFF, 0xFF, 0xFF, 0xFF, 0xFF, 0xFF, 0xFF, 0xFF, 0xFF, 0xFF, 0xFF, 0xFF,
    0xFF, 0xFF, 0xFF, 0xFF, 0xFF, 0xFF, 0xFF, 0xFF, 0xFF, 0xFF, 0xFF, 0xFF, 0xFF, 0xFF, 0xFF, 0xFF,
    0xFF, 0xFF, 0xFF, 0xFF, 0xFF, 0xFF, 0xFF, 0xFF, 0xFF, 0xFF, 0xFF, 0xFF, 0xFF, 0xFF, 0xFF, 0xFF,
    0x9F, 0xF7, 0x1E, 0x32, 0x9E, 0x21, 0x9E, 0x21, 0x9E, 0x21, 0x9E, 0x21, 0xBE, 0x21, 0x9E, 0x21,
    0x9E, 0x21, 0xBE, 0x21, 0x9E, 0x21, 0x9E, 0x21, 0x9E, 0x21, 0x9E, 0x21, 0x9E, 0x21, 0x9E, 0x21,
    0x9E, 0x21, 0x9E, 0x21, 0x9E, 0x21, 0x9E, 0x21, 0x9E, 0x21, 0x9E, 0x21, 0x9E, 0x21, 0x9E, 0x21,
    0x9E, 0x21, 0x9E, 0x21, 0x9E, 0x21, 0x9E, 0x21, 0x9E, 0x21, 0x9E, 0x21, 0x9E, 0x21, 0x9E, 0x21,
    0x9E, 0x21, 0x9E, 0x21, 0x9E, 0x21, 0x9E, 0x21, 0x9E, 0x21, 0x9E, 0x21, 0x9E, 0x21, 0x9E, 0x21,
    0x9E, 0x21, 0x9E, 0x21, 0x9E, 0x21, 0x9E, 0x21, 0x9E, 0x21, 0x9E, 0x21, 0x9E, 0x21, 0xBE, 0x21,
    0xBE, 0x21, 0xBE, 0x21, 0xBE, 0x21, 0xBE, 0x21, 0xBE, 0x21, 0xBE, 0x21, 0xBE, 0x21, 0xBE, 0x21,
    0xBE, 0x21, 0xBE, 0x21, 0xBE, 0x21, 0xBE, 0x21, 0xDD, 0x21, 0xDD, 0x21, 0xDD, 0x29, 0xDD, 0x29,
    0xDD, 0x29, 0xDD, 0x29, 0xDD, 0x29, 0xDD, 0x29, 0xDD, 0x29, 0xDD, 0x29, 0xDD, 0x29, 0xDD, 0x29,
    0xDD, 0x29, 0xDD, 0x29, 0xDD, 0x29, 0xFD, 0x29, 0xFD, 0x29, 0xFD, 0x29, 0xFD, 0x29, 0xFD, 0x29,
    0xFD, 0x29, 0xFD, 0x29, 0xFD, 0x29, 0xFD, 0x29, 0xFD, 0x29, 0xFD, 0x29, 0xFD, 0x31, 0x1D, 0x32,
    0x1D, 0x32, 0x1D, 0x32, 0x1D, 0x32, 0x1D, 0x32, 0x1D, 0x32, 0x1D, 0x32, 0x1D, 0x32, 0x7D, 0xEF,
    0x7D, 0xEF, 0x7D, 0xEF, 0x5D, 0xEF, 0x5D, 0xEF, 0x5D, 0xEF, 0x5D, 0xEF, 0x5D, 0xEF, 0x5D, 0xEF,
    0x5D, 0xEF, 0x5D, 0xEF, 0x5D, 0xEF, 0x3C, 0xE7, 0x3C, 0xE7, 0x3C, 0xE7, 0x3C, 0xE7, 0x3C, 0xE7,
    0x3C, 0xE7, 0x3C, 0xE7, 0x3C, 0xE7, 0x3C, 0xE7, 0x3C, 0xE7, 0x3C, 0xE7, 0x3C, 0xE7, 0x3C, 0xE7,
    0x3C, 0xE7, 0x3C, 0xE7, 0x3C, 0xE7, 0x3C, 0xE7, 0x3C, 0xE7, 0x1C, 0xE7, 0x1C, 0xE7, 0x1C, 0xE7,
    0x1C, 0xE7, 0x1C, 0xE7, 0x1C, 0xE7, 0x1C, 0xE7, 0x1C, 0xE7, 0x1C, 0xE7, 0xFB, 0xDE, 0xFB, 0xDE,
    0x1C, 0xE7, 0x1C, 0xE7, 0x1C, 0xE7, 0x1C, 0xE7, 0x1C, 0xE7, 0x1C, 0xE7, 0x1C, 0xE7, 0x1C, 0xE7,
    0x1C, 0xE7, 0x1C, 0xE7, 0x1C, 0xE7, 0x1C, 0xE7, 0x1C, 0xE7, 0x1C, 0xE7, 0x1C, 0xE7, 0x1C, 0xE7,
    0x1C, 0xE7, 0x1C, 0xE7, 0xFB, 0xDE, 0xFB, 0xDE, 0xFB, 0xDE, 0xFB, 0xDE, 0xFB, 0xDE, 0xFB, 0xDE,
    0xFB, 0xDE, 0xFB, 0xDE, 0xFB, 0xDE, 0x1C, 0xE7, 0x1C, 0xE7, 0xFB, 0xDE, 0xFB, 0xDE, 0xFB, 0xDE,
    0xFB, 0xDE, 0xFB, 0xDE, 0xFB, 0xDE, 0xFB, 0xDE, 0xFB, 0xDE, 0x1C, 0xE7, 0x1C, 0xE7, 0x1C, 0xE7,
    0x1C, 0xE7, 0x1C, 0xE7, 0x1C, 0xE7, 0x1C, 0xE7, 0x3C, 0xE7, 0x3C, 0xE7, 0x3C, 0xE7, 0x3C, 0xE7,
    0x3C, 0xE7, 0x3C, 0xE7, 0x3C, 0xE7, 0x3C, 0xE7, 0x3C, 0xE7, 0x3C, 0xE7, 0x3C, 0xE7, 0x3C, 0xE7,
    0x3C, 0xE7, 0x3C, 0xE7, 0x3C, 0xE7, 0x3C, 0xE7, 0x5D, 0xEF, 0x5D, 0xEF, 0x5D, 0xEF, 0x5D, 0xEF,
    0x5D, 0xEF, 0x5D, 0xEF, 0x5D, 0xEF, 0x5D, 0xEF, 0x7D, 0xEF, 0x7D, 0xEF, 0x5D, 0xEF, 0x7D, 0xEF,
    0x7D, 0xEF, 0x7D, 0xEF, 0x7D, 0xEF, 0x7D, 0xEF, 0x7D, 0xEF, 0x7D, 0xEF, 0x7D, 0xEF, 0x7D, 0xEF,
    0x9E, 0xF7, 0x9E, 0xF7, 0x9E, 0xF7, 0x9E, 0xF7, 0x9E, 0xF7, 0x9E, 0xF7, 0x9E, 0xF7, 0x9E, 0xF7,
    0x9E, 0xF7, 0x9E, 0xF7, 0x9E, 0xF7, 0x9E, 0xF7, 0x9E, 0xF7, 0xBE, 0xF7, 0xBE, 0xF7, 0xBE, 0xF7,
    0xBE, 0xF7, 0xBE, 0xF7, 0xBE, 0xF7, 0xBE, 0xF7, 0xBE, 0xF7, 0xDF, 0xFF, 0xBE, 0xF7, 0xDF, 0xFF,
    0xDF, 0xFF, 0xDF, 0xFF, 0xDF, 0xFF, 0xDF, 0xFF, 0xDF, 0xFF, 0xDF, 0xFF, 0xDF, 0xFF, 0xDF, 0xFF,
    0xFF, 0xFF, 0xFF, 0xFF, 0xFF, 0xFF, 0xFF, 0xFF, 0xFF, 0xFF, 0xFF, 0xFF, 0xFF, 0xFF, 0xFF, 0xFF,
    0xFF, 0xFF, 0xFF, 0xFF, 0xFF, 0xFF, 0xFF, 0xFF, 0xFF, 0xFF, 0xFF, 0xFF, 0xFF, 0xFF, 0xFF, 0xFF,
    0xFF, 0xFF, 0xFF, 0xFF, 0xFF, 0xFF, 0xFF, 0xFF, 0xFF, 0xFF, 0xFF, 0xFF, 0xFF, 0xFF, 0xFF, 0xFF,
    0xFF, 0xFF, 0xFF, 0xFF, 0xFF, 0xFF, 0xFF, 0xFF, 0xFF, 0xFF, 0xFF, 0xFF, 0xFF, 0xFF, 0xFF, 0xFF,
    0xFF, 0xFF, 0xFF, 0xFF, 0xFF, 0xFF, 0xFF, 0xFF, 0xFF, 0xFF, 0xFF, 0xFF, 0xFF, 0xFF, 0xFF, 0xFF,
    0xFF, 0xFF, 0xFF, 0xFF, 0xFF, 0xFF, 0xFF, 0xFF, 0xFF, 0xFF, 0xFF, 0xFF, 0xFF, 0xFF, 0xFF, 0xFF,
    0xFF, 0xFF, 0xFF, 0xFF, 0xFF, 0xFF, 0xFF, 0xFF, 0xFF, 0xFF, 0xFF, 0xFF, 0xFF, 0xFF, 0xFF, 0xFF,
    0xFF, 0xFF, 0xFF, 0xFF, 0xFF, 0xFF, 0xFF, 0xFF, 0xFF, 0xFF, 0xFF, 0xFF, 0xFF, 0xFF, 0xFF, 0xFF,
    0xFF, 0xFF, 0xFF, 0xFF, 0xFF, 0xFF, 0xFF, 0xFF, 0xFF, 0xFF, 0xFF, 0xFF, 0xFF, 0xFF, 0xFF, 0xFF,
    0xFF, 0xFF, 0xFF, 0xFF, 0x7E, 0x84, 0x9E, 0x21, 0x9E, 0x21, 0xBE, 0x21, 0x9E, 0x21, 0x9E, 0x21,
    0x9E, 0x21, 0x9E, 0x21, 0xBE, 0x21, 0x9E, 0x21, 0x9E, 0x21, 0x9E, 0x21, 0x9E, 0x21, 0xBE, 0x21,
    0xBE, 0x21, 0xBE, 0x21, 0x9E, 0x21, 0x9E, 0x21, 0xBE, 0x21, 0x9E, 0x21, 0x9E, 0x21, 0xBE, 0x21,
    0x9E, 0x21, 0x9E, 0x21, 0x9E, 0x21, 0x9E, 0x21, 0x9E, 0x21, 0x9E, 0x21, 0xBE, 0x21, 0x9E, 0x21,
    0x9E, 0x21, 0x9E, 0x21, 0x9E, 0x21, 0x9E, 0x21, 0x9E, 0x21, 0x9E, 0x21, 0x9E, 0x21, 0x9E, 0x21,
    0x9E, 0x21, 0x9E, 0x21, 0x9E, 0x21, 0x9E, 0x21, 0x9E, 0x21, 0x9E, 0x21, 0x9E, 0x21, 0x9E, 0x21,
    0xBE, 0x21, 0xBE, 0x21, 0xBE, 0x21, 0xBE, 0x21, 0xBE, 0x21, 0xBE, 0x21, 0xBE, 0x21, 0xBE, 0x21,
    0xBE, 0x21, 0xBE, 0x21, 0xBD, 0x21, 0xDE, 0x21, 0xDD, 0x21, 0xDD, 0x21, 0xDD, 0x29, 0xDD, 0x29,
    0xDD, 0x29, 0xDD, 0x29, 0xDD, 0x29, 0xDD, 0x29, 0xDD, 0x29, 0xDD, 0x29, 0xDD, 0x29, 0xDD, 0x29,
    0xDD, 0x29, 0xFD, 0x29, 0xFD, 0x29, 0xDD, 0x29, 0xFD, 0x29, 0xFD, 0x29, 0xFD, 0x29, 0xFD, 0x29,
    0xFD, 0x29, 0xFD, 0x29, 0xFD, 0x29, 0xFD, 0x29, 0xFD, 0x29, 0xFD, 0x29, 0xFD, 0x29, 0xFD, 0x31,
    0x1D, 0x32, 0x1D, 0x32, 0x1D, 0x32, 0x1D, 0x32, 0x1D, 0x32, 0x1D, 0x32, 0x1D, 0x32, 0x1D, 0x32,
    0x7D, 0xEF, 0x7D, 0xEF, 0x7D, 0xEF, 0x7D, 0xEF, 0x5D, 0xEF, 0x5D, 0xEF, 0x5D, 0xEF, 0x5D, 0xEF,
    0x5D, 0xEF, 0x5D, 0xEF, 0x5D, 0xEF, 0x5D, 0xEF, 0x5D, 0xEF, 0x3C, 0xE7, 0x3C, 0xE7, 0x3C, 0xE7,
    0x3C, 0xE7, 0x3C, 0xE7, 0x3C, 0xE7, 0x3C, 0xE7, 0x3C, 0xE7, 0x3C, 0xE7, 0x3C, 0xE7, 0x3C, 0xE7,
    0x3C, 0xE7, 0x3C, 0xE7, 0x3C, 0xE7, 0x3C, 0xE7, 0x3C, 0xE7, 0x1C, 0xE7, 0x1C, 0xE7, 0x1C, 0xE7,
    0x1C, 0xE7, 0x1C, 0xE7, 0x1C, 0xE7, 0x1C, 0xE7, 0xFB, 0xDE, 0xFB, 0xDE, 0xFB, 0xDE, 0xFB, 0xDE,
    0xFB, 0xDE, 0xFB, 0xDE, 0xFB, 0xDE, 0xFB, 0xDE, 0x1C, 0xE7, 0xFB, 0xDE, 0x1C, 0xE7, 0x1C, 0xE7,
    0x1C, 0xE7, 0x1C, 0xE7, 0x1C, 0xE7, 0x1C, 0xE7, 0x1C, 0xE7, 0x1C, 0xE7, 0x1C, 0xE7, 0x1C, 0xE7,
    0x1C, 0xE7, 0xFB, 0xDE, 0xFB, 0xDE, 0xFB, 0xDE, 0xFB, 0xDE, 0xFB, 0xDE, 0xFB, 0xDE, 0xFB, 0xDE,
    0xFB, 0xDE, 0xFB, 0xDE, 0xFB, 0xDE, 0xFB, 0xDE, 0xFB, 0xDE, 0xFB, 0xDE, 0xFB, 0xDE, 0xFB, 0xDE,
    0xFB, 0xDE, 0xFB, 0xDE, 0xFB, 0xDE, 0xFB, 0xDE, 0xFB, 0xDE, 0xFB, 0xDE, 0xFB, 0xDE, 0x1C, 0xE7,
    0x1C, 0xE7, 0x1C, 0xE7, 0x1C, 0xE7, 0x1C, 0xE7, 0x1C, 0xE7, 0x3C, 0xE7, 0x3C, 0xE7, 0x3C, 0xE7,
    0x3C, 0xE7, 0x3C, 0xE7, 0x3C, 0xE7, 0x3C, 0xE7, 0x3C, 0xE7, 0x3C, 0xE7, 0x3C, 0xE7, 0x3C, 0xE7,
    0x3C, 0xE7, 0x3C, 0xE7, 0x3C, 0xE7, 0x3C, 0xE7, 0x3C, 0xE7, 0x3C, 0xE7, 0x3C, 0xE7, 0x5D, 0xEF,
    0x5D, 0xEF, 0x5D, 0xEF, 0x5D, 0xEF, 0x5D, 0xEF, 0x5D, 0xEF, 0x5D, 0xEF, 0x5D, 0xEF, 0x7D, 0xEF,
    0x7D, 0xEF, 0x7D, 0xEF, 0x7D, 0xEF, 0x7D, 0xEF, 0x7D, 0xEF, 0x7D, 0xEF, 0x7D, 0xEF, 0x7D, 0xEF,
    0x7D, 0xEF, 0x9E, 0xF7, 0x9E, 0xF7, 0x9E, 0xF7, 0x9E, 0xF7, 0x9E, 0xF7, 0x9E, 0xF7, 0x9E, 0xF7,
    0x9E, 0xF7, 0x9E, 0xF7, 0x9E, 0xF7, 0x9E, 0xF7, 0xBE, 0xF7, 0x9E, 0xF7, 0xBE, 0xF7, 0xBE, 0xF7,
    0xBE, 0xF7, 0xBE, 0xF7, 0xBE, 0xF7, 0xBE, 0xF7, 0xBE, 0xF7, 0xBE, 0xF7, 0xBE, 0xF7, 0xBE, 0xF7,
    0xDF, 0xFF, 0xDF, 0xFF, 0xDF, 0xFF, 0xDF, 0xFF, 0xDF, 0xFF, 0xDF, 0xFF, 0xDF, 0xFF, 0xDF, 0xFF,
    0xFF, 0xFF, 0xFF, 0xFF, 0xFF, 0xFF, 0xFF, 0xFF, 0xFF, 0xFF, 0xFF, 0xFF, 0xFF, 0xFF, 0xFF, 0xFF,
    0xFF, 0xFF, 0xFF, 0xFF, 0xFF, 0xFF, 0xFF, 0xFF, 0xFF, 0xFF, 0xFF, 0xFF, 0xFF, 0xFF, 0xFF, 0xFF,
    0xFF, 0xFF, 0xFF, 0xFF, 0xFF, 0xFF, 0xFF, 0xFF, 0xFF, 0xFF, 0xFF, 0xFF, 0xFF, 0xFF, 0xFF, 0xFF,
    0xFF, 0xFF, 0xFF, 0xFF, 0xFF, 0xFF, 0xFF, 0xFF, 0xFF, 0xFF, 0xFF, 0xFF, 0xFF, 0xFF, 0xFF, 0xFF,
    0xFF, 0xFF, 0xFF, 0xFF, 0xFF, 0xFF, 0xFF, 0xFF, 0xFF, 0xFF, 0xFF, 0xFF, 0xFF, 0xFF, 0xFF, 0xFF,
    0xFF, 0xFF, 0xFF, 0xFF, 0xFF, 0xFF, 0xFF, 0xFF, 0xFF, 0xFF, 0xFF, 0xFF, 0xFF, 0xFF, 0xFF, 0xFF,
    0xFF, 0xFF, 0xFF, 0xFF, 0xFF, 0xFF, 0xFF, 0xFF, 0xFF, 0xFF, 0xFF, 0xFF, 0xFF, 0xFF, 0xFF, 0xFF,
    0xFF, 0xFF, 0xFF, 0xFF, 0xFF, 0xFF, 0xFF, 0xFF, 0xFF, 0xFF, 0xFF, 0xFF, 0xFF, 0xFF, 0x3C, 0xEF,
    0x34, 0xAD, 0x8E, 0x73, 0xEC, 0x5A, 0x6A, 0x4A, 0x6A, 0x4A, 0x6A, 0x4A, 0x6A, 0x4A, 0x6A, 0x4A,
    0x6A, 0x4A, 0x6A, 0x4A, 0x6A, 0x4A, 0x8A, 0x29, 0xCA, 0x10, 0xCA, 0x10, 0xCA, 0x10, 0xCA, 0x10,
    0xCA, 0x10, 0xCA, 0x10, 0xCA, 0x10, 0xC9, 0x10, 0xCA, 0x10, 0xCA, 0x10, 0xCA, 0x10, 0xCA, 0x10,
    0xC9, 0x10, 0xCA, 0x10, 0xCA, 0x10, 0xCA, 0x10, 0xC9, 0x10, 0xC9, 0x10, 0xCA, 0x10, 0xCA, 0x10,
    0xCA, 0x10, 0xC9, 0x10, 0xCA, 0x10, 0xCA, 0x10, 0xCA, 0x10, 0xCA, 0x10, 0xCA, 0x10, 0xCA, 0x10,
    0xCA, 0x10, 0xCA, 0x10, 0xCA, 0x10, 0xC9, 0x10, 0xCA, 0x10, 0xCA, 0x10, 0xCA, 0x10, 0xC9, 0x10,
    0xCA, 0x10, 0xCA, 0x10, 0xCA, 0x10, 0xC9, 0x10, 0xC9, 0x10, 0xCA, 0x10, 0xCA, 0x10, 0xCA, 0x10,
    0xC9, 0x10, 0xC9, 0x10, 0xCA, 0x10, 0xCA, 0x10, 0xCA, 0x10, 0xC9, 0x10, 0xCA, 0x10, 0xCA, 0x10,
    0xEA, 0x10, 0xE9, 0x10, 0xE9, 0x10, 0xEA, 0x18, 0x0D, 0x21, 0x30, 0x29, 0xB8, 0x31, 0xDD, 0x29,
    0xDD, 0x29, 0xDD, 0x29, 0xDD, 0x29, 0xDD, 0x29, 0xDD, 0x29, 0xDD, 0x29, 0xDD, 0x29, 0xDD, 0x29,
    0xDD, 0x29, 0xFD, 0x29, 0xFD, 0x29, 0xFD, 0x29, 0xFD, 0x29, 0xFD, 0x29, 0xFD, 0x29, 0xFD, 0x29,
    0xFD, 0x29, 0xFD, 0x29, 0xFD, 0x29, 0xFD, 0x29, 0xFD, 0x29, 0xFD, 0x31, 0xFD, 0x31, 0xFD, 0x31,
    0x1D, 0x32, 0x1D, 0x32, 0x1D, 0x32, 0x1D, 0x32, 0x1D, 0x32, 0x1D, 0x32, 0x1D, 0x32, 0x1D, 0x32,
    0x1D, 0x32, 0x7D, 0xEF, 0x7D, 0xEF, 0x7D, 0xEF, 0x7D, 0xEF, 0x5D, 0xEF, 0x5D, 0xEF, 0x5D, 0xEF,
    0x5D, 0xEF, 0x5D, 0xEF, 0x5D, 0xEF, 0x5D, 0xEF, 0x5D, 0xEF, 0x5D, 0xEF, 0x3C, 0xE7, 0x3C, 0xE7,
    0x3C, 0xE7, 0x3C, 0xE7, 0x3C, 0xE7, 0x3C, 0xE7, 0x3C, 0xE7, 0x3C, 0xE7, 0x3C, 0xE7, 0x3C, 0xE7,
    0x3C, 0xE7, 0x3C, 0xE7, 0x3C, 0xE7, 0x3C, 0xE7, 0x3C, 0xE7, 0x1C, 0xE7, 0x1C, 0xE7, 0x1C, 0xE7,
    0x1C, 0xE7, 0x1C, 0xE7, 0x1C, 0xE7, 0x1C, 0xE7, 0x1C, 0xE7, 0xFB, 0xDE, 0xFB, 0xDE, 0xFB, 0xDE,
    0xFB, 0xDE, 0xFB, 0xDE, 0xFB, 0xDE, 0xFB, 0xDE, 0xFB, 0xDE, 0x1C, 0xE7, 0xFB, 0xDE, 0x1C, 0xE7,
    0x1C, 0xE7, 0x1C, 0xE7, 0x1C, 0xE7, 0x1C, 0xE7, 0x1C, 0xE7, 0x1C, 0xE7, 0x1C, 0xE7, 0x1C, 0xE7,
    0x1C, 0xE7, 0xFB, 0xDE, 0xFB, 0xDE, 0xFB, 0xDE, 0xFB, 0xDE, 0xFB, 0xDE, 0xFB, 0xDE, 0xFB, 0xDE,
    0xFB, 0xDE, 0xFB, 0xDE, 0xFB, 0xDE, 0xFB, 0xDE, 0xFB, 0xDE, 0xFB, 0xDE, 0xFB, 0xDE, 0xFB, 0xDE,
    0xFB, 0xDE, 0xFB, 0xDE, 0xFB, 0xDE, 0xFB, 0xDE, 0xFB, 0xDE, 0xFB, 0xDE, 0xFB, 0xDE, 0x1C, 0xE7,
    0x1C, 0xE7, 0x1C, 0xE7, 0x1C, 0xE7, 0x1C, 0xE7, 0x1C, 0xE7, 0x1C, 0xE7, 0x3C, 0xE7, 0x3C, 0xE7,
    0x3C, 0xE7, 0x3C, 0xE7, 0x3C, 0xE7, 0x3C, 0xE7, 0x3C, 0xE7, 0x3C, 0xE7, 0x3C, 0xE7, 0x3C, 0xE7,
    0x3C, 0xE7, 0x3C, 0xE7, 0x3C, 0xE7, 0x3C, 0xE7, 0x3C, 0xE7, 0x3C, 0xE7, 0x3C, 0xE7, 0x3C, 0xE7,
    0x5D, 0xEF, 0x5D, 0xEF, 0x5D, 0xEF, 0x5D, 0xEF, 0x5D, 0xEF, 0x5D, 0xEF, 0x5D, 0xEF, 0x5D, 0xEF,
    0x5D, 0xEF, 0x5D, 0xEF, 0x7D, 0xEF, 0x7D, 0xEF, 0x7D, 0xEF, 0x7D, 0xEF, 0x7D, 0xEF, 0x7D, 0xEF,
    0x7D, 0xEF, 0x7D, 0xEF, 0x7D, 0xEF, 0x9E, 0xF7, 0x9E, 0xF7, 0x9E, 0xF7, 0x9E, 0xF7, 0x9E, 0xF7,
    0x9E, 0xF7, 0x9E, 0xF7, 0x9E, 0xF7, 0x9E, 0xF7, 0x9E, 0xF7, 0xBE, 0xF7, 0xBE, 0xF7, 0xBE, 0xF7,
    0xBE, 0xF7, 0xBE, 0xF7, 0xBE, 0xF7, 0xBE, 0xF7, 0xBE, 0xF7, 0xBE, 0xF7, 0xBE, 0xF7, 0xDF, 0xFF,
    0xDF, 0xFF, 0xBE, 0xF7, 0xDF, 0xFF, 0xDF, 0xFF, 0xDF, 0xFF, 0xDF, 0xFF, 0xDF, 0xFF, 0xDF, 0xFF,
    0xDF, 0xFF, 0xFF, 0xFF, 0xFF, 0xFF, 0xFF, 0xFF, 0xFF, 0xFF, 0xFF, 0xFF, 0xFF, 0xFF, 0xFF, 0xFF,
    0xFF, 0xFF, 0xFF, 0xFF, 0xFF, 0xFF, 0xFF, 0xFF, 0xFF, 0xFF, 0xFF, 0xFF, 0xFF, 0xFF, 0xFF, 0xFF,
    0xFF, 0xFF, 0xFF, 0xFF, 0xFF, 0xFF, 0xFF, 0xFF, 0xFF, 0xFF, 0xFF, 0xFF, 0xFF, 0xFF, 0xFF, 0xFF,
    0xFF, 0xFF, 0xFF, 0xFF, 0xFF, 0xFF, 0xFF, 0xFF, 0xFF, 0xFF, 0xFF, 0xFF, 0xFF, 0xFF, 0xFF, 0xFF,
    0xFF, 0xFF, 0xFF, 0xFF, 0xFF, 0xFF, 0xFF, 0xFF, 0xFF, 0xFF, 0xFF, 0xFF, 0xFF, 0xFF, 0xFF, 0xFF,
    0xFF, 0xFF, 0xFF, 0xFF, 0xFF, 0xFF, 0xFF, 0xFF, 0xFF, 0xFF, 0xFF, 0xFF, 0xFF, 0xFF, 0xFF, 0xFF,
    0xFF, 0xFF, 0xFF, 0xFF, 0xFF, 0xFF, 0xFF, 0xFF, 0xFF, 0xFF, 0xFF, 0xFF, 0xFF, 0xFF, 0xFF, 0xFF,
    0xFF, 0xFF, 0xFF, 0xFF, 0xFF, 0xFF, 0xFF, 0xFF, 0xFF, 0xFF, 0xFF, 0xFF, 0x55, 0xB5, 0x6A, 0x52,
    0xE9, 0x41, 0x11, 0x7C, 0x56, 0xAD, 0x18, 0xBE, 0x79, 0xCE, 0x7A, 0xCE, 0x7A, 0xCE, 0x7A, 0xCE,
    0x7A, 0xCE, 0x7A, 0xCE, 0x7A, 0xCE, 0x7A, 0xCE, 0x7A, 0xCE, 0x7A, 0xCE, 0x7A, 0xCE, 0x7A, 0xCE,
    0x7A, 0xCE, 0x7A, 0xCE, 0x7A, 0xCE, 0x7A, 0xCE, 0x7A, 0xCE, 0x7A, 0xCE, 0x7A, 0xCE, 0x7A, 0xCE,
    0x7A, 0xCE, 0x7A, 0xCE, 0x7A, 0xCE, 0x7A, 0xCE, 0x7A, 0xCE, 0x7A, 0xCE, 0x7A, 0xCE, 0x7A, 0xCE,
    0x7A, 0xCE, 0x7A, 0xCE, 0x7A, 0xCE, 0x7A, 0xCE, 0x7A, 0xCE, 0x7A, 0xCE, 0x7A, 0xCE, 0x7A, 0xCE,
    0x7A, 0xCE, 0x7A, 0xCE, 0x7A, 0xCE, 0x7A, 0xCE, 0x7A, 0xCE, 0x7A, 0xCE, 0x7A, 0xCE, 0x7A, 0xCE,
    0x7A, 0xCE, 0x7A, 0xCE, 0x7A, 0xCE, 0x7A, 0xCE, 0x7A, 0xCE, 0x7A, 0xCE, 0x7A, 0xCE, 0x7A, 0xCE,
    0x7A, 0xCE, 0x7A, 0xCE, 0x7A, 0xCE, 0x7A, 0xCE, 0x79, 0xCE, 0x7A, 0xCE, 0x7A, 0xCE, 0x7A, 0xCE,
    0x7A, 0xCE, 0x7A, 0xCE, 0x7A, 0xCE, 0x7A, 0xCE, 0x39, 0xC6, 0x96, 0xAD, 0x72, 0x8C, 0x8B, 0x4A,
    0xC6, 0x18, 0x0F, 0x21, 0xDC, 0x29, 0xDD, 0x29, 0xDD, 0x29, 0xDD, 0x29, 0xDD, 0x29, 0xDD, 0x29,
    0xDD, 0x29, 0xFD, 0x29, 0xFD, 0x29, 0xFD, 0x29, 0xFD, 0x29, 0xFD, 0x29, 0xFD, 0x29, 0xFD, 0x29,
    0xFD, 0x29, 0xFD, 0x29, 0xFD, 0x29, 0xFD, 0x29, 0xFD, 0x29, 0xFD, 0x31, 0xFD, 0x31, 0x1D, 0x32,
    0x1D, 0x32, 0x1D, 0x32, 0x1D, 0x32, 0x1D, 0x32, 0x1D, 0x32, 0x1D, 0x32, 0x1D, 0x32, 0x1D, 0x32,
    0x1D, 0x32, 0x1D, 0x32, 0x7D, 0xEF, 0x7D, 0xEF, 0x7D, 0xEF, 0x5D, 0xEF, 0x5D, 0xEF, 0x5D, 0xEF,
    0x5D, 0xEF, 0x5D, 0xEF, 0x5D, 0xEF, 0x5D, 0xEF, 0x5D, 0xEF, 0x5D, 0xEF, 0x5D, 0xEF, 0x5D, 0xEF,
    0x3C, 0xE7, 0x3C, 0xE7, 0x3C, 0xE7, 0x3C, 0xE7, 0x3C, 0xE7, 0x3C, 0xE7, 0x3C, 0xE7, 0x3C, 0xE7,
    0x3C, 0xE7, 0x1C, 0xE7, 0x3C, 0xE7, 0x1C, 0xE7, 0x1C, 0xE7, 0x1C, 0xE7, 0x1C, 0xE7, 0x1C, 0xE7,
    0x1C, 0xE7, 0x1C, 0xE7, 0x1C, 0xE7, 0x1C, 0xE7, 0x1C, 0xE7, 0x1C, 0xE7, 0xFB, 0xDE, 0xFB, 0xDE,
    0x1C, 0xE7, 0xFB, 0xDE, 0xFB, 0xDE, 0xFB, 0xDE, 0xFB, 0xDE, 0xFB, 0xDE, 0xFB, 0xDE, 0xFB, 0xDE,
    0xFB, 0xDE, 0xFB, 0xDE, 0x1C, 0xE7, 0x1C, 0xE7, 0x1C, 0xE7, 0x1C, 0xE7, 0x1C, 0xE7, 0x1C, 0xE7,
    0xFB, 0xDE, 0xFB, 0xDE, 0xFB, 0xDE, 0xFB, 0xDE, 0xFB, 0xDE, 0xFB, 0xDE, 0xFB, 0xDE, 0xFB, 0xDE,
    0xFB, 0xDE, 0xFB, 0xDE, 0xFB, 0xDE, 0xFB, 0xDE, 0xFB, 0xDE, 0xFB, 0xDE, 0xFB, 0xDE, 0xFB, 0xDE,
    0xFB, 0xDE, 0xFB, 0xDE, 0xFB, 0xDE, 0xFB, 0xDE, 0xFB, 0xDE, 0xFB, 0xDE, 0xFB, 0xDE, 0xFB, 0xDE,
    0xFB, 0xDE, 0x1C, 0xE7, 0x1C, 0xE7, 0x1C, 0xE7, 0x1C, 0xE7, 0x1C, 0xE7, 0x1C, 0xE7, 0x3C, 0xE7,
    0x3C, 0xE7, 0x3C, 0xE7, 0x3C, 0xE7, 0x3C, 0xE7, 0x3C, 0xE7, 0x3C, 0xE7, 0x3C, 0xE7, 0x3C, 0xE7,
    0x3C, 0xE7, 0x3C, 0xE7, 0x3C, 0xE7, 0x3C, 0xE7, 0x3C, 0xE7, 0x3C, 0xE7, 0x3C, 0xE7, 0x3C, 0xE7,
    0x3C, 0xE7, 0x5D, 0xEF, 0x5D, 0xEF, 0x5D, 0xEF, 0x5D, 0xEF, 0x5D, 0xEF, 0x5D, 0xEF, 0x5D, 0xEF,
    0x5D, 0xEF, 0x5D, 0xEF, 0x7D, 0xEF, 0x7D, 0xEF, 0x7D, 0xEF, 0x7D, 0xEF, 0x7D, 0xEF, 0x7D, 0xEF,
    0x7D, 0xEF, 0x7D, 0xEF, 0x7D, 0xEF, 0x7D, 0xEF, 0x9E, 0xF7, 0x9E, 0xF7, 0x9E, 0xF7, 0x9E, 0xF7,
    0x9E, 0xF7, 0x9E, 0xF7, 0x9E, 0xF7, 0x9E, 0xF7, 0x9E, 0xF7, 0x9E, 0xF7, 0xBE, 0xF7, 0xBE, 0xF7,
    0xBE, 0xF7, 0xBE, 0xF7, 0xBE, 0xF7, 0xBE, 0xF7, 0xBE, 0xF7, 0xBE, 0xF7, 0xBE, 0xF7, 0xDF, 0xFF,
    0xDF, 0xFF, 0xDF, 0xFF, 0xDF, 0xFF, 0xDF, 0xFF, 0xDF, 0xFF, 0xDF, 0xFF, 0xDF, 0xFF, 0xDF, 0xFF,
    0xDF, 0xFF, 0xFF, 0xFF, 0xFF, 0xFF, 0xFF, 0xFF, 0xFF, 0xFF, 0xFF, 0xFF, 0xFF, 0xFF, 0xFF, 0xFF,
    0xFF, 0xFF, 0xFF, 0xFF, 0xFF, 0xFF, 0xFF, 0xFF, 0xFF, 0xFF, 0xFF, 0xFF, 0xFF, 0xFF, 0xFF, 0xFF,
    0xFF, 0xFF, 0xFF, 0xFF, 0xFF, 0xFF, 0xFF, 0xFF, 0xFF, 0xFF, 0xFF, 0xFF, 0xFF, 0xFF, 0xFF, 0xFF,
    0xFF, 0xFF, 0xFF, 0xFF, 0xFF, 0xFF, 0xFF, 0xFF, 0xFF, 0xFF, 0xFF, 0xFF, 0xFF, 0xFF, 0xFF, 0xFF,
    0xFF, 0xFF, 0xFF, 0xFF, 0xFF, 0xFF, 0xFF, 0xFF, 0xFF, 0xFF, 0xFF, 0xFF, 0xFF, 0xFF, 0xFF, 0xFF,
    0xFF, 0xFF, 0xFF, 0xFF, 0xFF, 0xFF, 0xFF, 0xFF, 0xFF, 0xFF, 0xFF, 0xFF, 0xFF, 0xFF, 0xFF, 0xFF,
    0xFF, 0xFF, 0xFF, 0xFF, 0xFF, 0xFF, 0xFF, 0xFF, 0xFF, 0xFF, 0xFF, 0xFF, 0xFF, 0xFF, 0xFF, 0xFF,
    0xFF, 0xFF, 0xFF, 0xFF, 0xFF, 0xFF, 0xFF, 0xFF, 0xFF, 0xFF, 0x9A, 0xD6, 0x49, 0x4A, 0xEC, 0x52,
    0x18, 0xBE, 0xFF, 0xFF, 0xFF, 0xFF, 0xFF, 0xFF, 0xFF, 0xFF, 0xFF, 0xFF, 0xFF, 0xFF, 0xFF, 0xFF,
    0xFF, 0xFF, 0xFF, 0xFF, 0xFF, 0xFF, 0xFF, 0xFF, 0xFF, 0xFF, 0xFF, 0xFF, 0xFF, 0xFF, 0xFF, 0xFF,
    0xFF, 0xFF, 0xFF, 0xFF, 0xFF, 0xFF, 0xFF, 0xFF, 0xFF, 0xFF, 0xFF, 0xFF, 0xFF, 0xFF, 0xFF, 0xFF,
    0xFF, 0xFF, 0xFF, 0xFF, 0xFF, 0xFF, 0xFF, 0xFF, 0xFF, 0xFF, 0xFF, 0xFF, 0xFF, 0xFF, 0xFF, 0xFF,
    0xFF, 0xFF, 0xFF, 0xFF, 0xFF, 0xFF, 0xFF, 0xFF, 0xFF, 0xFF, 0xFF, 0xFF, 0xFF, 0xFF, 0xFF, 0xFF,
    0xFF, 0xFF, 0xFF, 0xFF, 0xFF, 0xFF, 0xFF, 0xFF, 0xFF, 0xFF, 0xFF, 0xFF, 0xFF, 0xFF, 0xFF, 0xFF,
    0xFF, 0xFF, 0xFF, 0xFF, 0xFF, 0xFF, 0xFF, 0xFF, 0xFF, 0xFF, 0xFF, 0xFF, 0xFF, 0xFF, 0xFF, 0xFF,
    0xFF, 0xFF, 0xFF, 0xFF, 0xFF, 0xFF, 0xFF, 0xFF, 0xFF, 0xFF, 0xFF, 0xFF, 0xFF, 0xFF, 0xFF, 0xFF,
    0xFF, 0xFF, 0xFF, 0xFF, 0xFF, 0xFF, 0xFF, 0xFF, 0xFF, 0xFF, 0xFF, 0xFF, 0xFF, 0xFF, 0xFF, 0xFF,
    0xFF, 0xFF, 0xFB, 0xDE, 0x10, 0x7C, 0x27, 0x21, 0x72, 0x29, 0xDD, 0x29, 0xDD, 0x29, 0xDD, 0x29,
    0xFD, 0x29, 0xFD, 0x29, 0xFD, 0x29, 0xFD, 0x29, 0xFD, 0x29, 0xFD, 0x29, 0xFD, 0x29, 0xFD, 0x29,
    0xFD, 0x29, 0xFD, 0x29, 0xFD, 0x29, 0xFD, 0x29, 0xFD, 0x31, 0xFD, 0x31, 0x1D, 0x32, 0x1D, 0x32,
    0x1D, 0x32, 0x1D, 0x32, 0x1D, 0x32, 0x1D, 0x32, 0x1D, 0x32, 0x1D, 0x32, 0x1D, 0x32, 0x1D, 0x32,
    0x1D, 0x32, 0x1D, 0x32, 0x1D, 0x32, 0x7D, 0xEF, 0x7D, 0xEF, 0x7D, 0xEF, 0x7D, 0xEF, 0x5D, 0xEF,
    0x5D, 0xEF, 0x5D, 0xEF, 0x5D, 0xEF, 0x5D, 0xEF, 0x5D, 0xEF, 0x5D, 0xEF, 0x5D, 0xEF, 0x5D, 0xEF,
    0x3C, 0xE7, 0x3C, 0xE7, 0x3C, 0xE7, 0x3C, 0xE7, 0x3C, 0xE7, 0x3C, 0xE7, 0x3C, 0xE7, 0x3C, 0xE7,
    0x3C, 0xE7, 0x3C, 0xE7, 0x3C, 0xE7, 0x3C, 0xE7, 0x3C, 0xE7, 0x1C, 0xE7, 0x1C, 0xE7, 0x1C, 0xE7,
    0x1C, 0xE7, 0x1C, 0xE7, 0x1C, 0xE7, 0x1C, 0xE7, 0x1C, 0xE7, 0x1C, 0xE7, 0x1C, 0xE7, 0x1C, 0xE7,
    0xFB, 0xDE, 0xFB, 0xDE, 0xFB, 0xDE, 0xFB, 0xDE, 0xFB, 0xDE, 0xFB, 0xDE, 0xFB, 0xDE, 0xFB, 0xDE,
    0xFB, 0xDE, 0xFB, 0xDE, 0xFB, 0xDE, 0xFB, 0xDE, 0xFB, 0xDE, 0xFB, 0xDE, 0xFB, 0xDE, 0xFB, 0xDE,
    0xFB, 0xDE, 0xFB, 0xDE, 0xFB, 0xDE, 0xFB, 0xDE, 0xFB, 0xDE, 0xFB, 0xDE, 0xFB, 0xDE, 0xFB, 0xDE,
    0xFB, 0xDE, 0xFB, 0xDE, 0xFB, 0xDE, 0xFB, 0xDE, 0xFB, 0xDE, 0xFB, 0xDE, 0xFB, 0xDE, 0xFB, 0xDE,
    0xFB, 0xDE, 0xFB, 0xDE, 0xFB, 0xDE, 0xFB, 0xDE, 0xFB, 0xDE, 0xFB, 0xDE, 0x1C, 0xE7, 0x1C, 0xE7,
    0x1C, 0xE7, 0xFB, 0xDE, 0x1C, 0xE7, 0x1C, 0xE7, 0x1C, 0xE7, 0x1C, 0xE7, 0x1C, 0xE7, 0x1C, 0xE7,
    0x1C, 0xE7, 0x3C, 0xE7, 0x3C, 0xE7, 0x3C, 0xE7, 0x3C, 0xE7, 0x3C, 0xE7, 0x3C, 0xE7, 0x3C, 0xE7,
    0x3C, 0xE7, 0x3C, 0xE7, 0x3C, 0xE7, 0x3C, 0xE7, 0x3C, 0xE7, 0x3C, 0xE7, 0x3C, 0xE7, 0x5D, 0xEF,
    0x3C, 0xE7, 0x5D, 0xEF, 0x5D, 0xEF, 0x5D, 0xEF, 0x5D, 0xEF, 0x5D, 0xEF, 0x5D, 0xEF, 0x5D, 0xEF,
    0x5D, 0xEF, 0x5D, 0xEF, 0x7D, 0xEF, 0x7D, 0xEF, 0x7D, 0xEF, 0x7D, 0xEF, 0x7D, 0xEF, 0x7D, 0xEF,
    0x7D, 0xEF, 0x7D, 0xEF, 0x7D, 0xEF, 0x7D, 0xEF, 0x9E, 0xF7, 0x9E, 0xF7, 0x9E, 0xF7, 0x9E, 0xF7,
    0x9E, 0xF7, 0x9E, 0xF7, 0x9E, 0xF7, 0x9E, 0xF7, 0x9E, 0xF7, 0xBE, 0xF7, 0xBE, 0xF7, 0xBE, 0xF7,
    0xBE, 0xF7, 0xBE, 0xF7, 0xBE, 0xF7, 0xBE, 0xF7, 0xBE, 0xF7, 0xBE, 0xF7, 0xBE, 0xF7, 0xDF, 0xFF,
    0xDF, 0xFF, 0xDF, 0xFF, 0xDF, 0xFF, 0xDF, 0xFF, 0xDF, 0xFF, 0xDF, 0xFF, 0xDF, 0xFF, 0xDF, 0xFF,
    0xFF, 0xFF, 0xFF, 0xFF, 0xFF, 0xFF, 0xFF, 0xFF, 0xFF, 0xFF, 0xFF, 0xFF, 0xFF, 0xFF, 0xFF, 0xFF,
    0xFF, 0xFF, 0xFF, 0xFF, 0xFF, 0xFF, 0xFF, 0xFF, 0xFF, 0xFF, 0xFF, 0xFF, 0xFF, 0xFF, 0xFF, 0xFF,
    0xFF, 0xFF, 0xFF, 0xFF, 0xFF, 0xFF, 0xFF, 0xFF, 0xFF, 0xFF, 0xFF, 0xFF, 0xFF, 0xFF, 0xFF, 0xFF,
    0xFF, 0xFF, 0xFF, 0xFF, 0xFF, 0xFF, 0xFF, 0xFF, 0xFF, 0xFF, 0xFF, 0xFF, 0xFF, 0xFF, 0xFF, 0xFF,
    0xFF, 0xFF, 0xFF, 0xFF, 0xFF, 0xFF, 0xFF, 0xFF, 0xFF, 0xFF, 0xFF, 0xFF, 0xFF, 0xFF, 0xFF, 0xFF,
    0xFF, 0xFF, 0xFF, 0xFF, 0xFF, 0xFF, 0xFF, 0xFF, 0xFF, 0xFF, 0xFF, 0xFF, 0xFF, 0xFF, 0xFF, 0xFF,
    0xFF, 0xFF, 0xFF, 0xFF, 0xFF, 0xFF, 0xFF, 0xFF, 0xFF, 0xFF, 0xFF, 0xFF, 0xFF, 0xFF, 0xFF, 0xFF,
    0xFF, 0xFF, 0xFF, 0xFF, 0xFF, 0xFF, 0xFF, 0xFF, 0xFF, 0xFF, 0x34, 0xAD, 0x87, 0x29, 0xF8, 0xBD,
    0xFF, 0xFF, 0xFF, 0xFF, 0xFF, 0xFF, 0xFF, 0xFF, 0xFF, 0xFF, 0xFF, 0xFF, 0xFF, 0xFF, 0xFF, 0xFF,
    0xFF, 0xFF, 0xFF, 0xFF, 0xFF, 0xFF, 0xFF, 0xFF, 0xFF, 0xFF, 0xFF, 0xFF, 0xFF, 0xFF, 0xFF, 0xFF,
    0xFF, 0xFF, 0xFF, 0xFF, 0xFF, 0xFF, 0xFF, 0xFF, 0xFF, 0xFF, 0xFF, 0xFF, 0xFF, 0xFF, 0xFF, 0xFF,
    0xFF, 0xFF, 0xFF, 0xFF, 0xFF, 0xFF, 0xFF, 0xFF, 0xFF, 0xFF, 0xFF, 0xFF, 0xFF, 0xFF, 0xFF, 0xFF,
    0xFF, 0xFF, 0xFF, 0xFF, 0xFF, 0xFF, 0xFF, 0xFF, 0xFF, 0xFF, 0xFF, 0xFF, 0xFF, 0xFF, 0xFF, 0xFF,
    0xFF, 0xFF, 0xFF, 0xFF, 0xFF, 0xFF, 0xFF, 0xFF, 0xFF, 0xFF, 0xFF, 0xFF, 0xFF, 0xFF, 0xFF, 0xFF,
    0xFF, 0xFF, 0xFF, 0xFF, 0xFF, 0xFF, 0xFF, 0xFF, 0xFF, 0xFF, 0xFF, 0xFF, 0xFF, 0xFF, 0xFF, 0xFF,
    0xFF, 0xFF, 0xFF, 0xFF, 0xFF, 0xFF, 0xFF, 0xFF, 0xFF, 0xFF, 0xFF, 0xFF, 0xFF, 0xFF, 0xFF, 0xFF,
    0xFF, 0xFF, 0xFF, 0xFF, 0xFF, 0xFF, 0xFF, 0xFF, 0xFF, 0xFF, 0xFF, 0xFF, 0xFF, 0xFF, 0xFF, 0xFF,
    0xFF, 0xFF, 0xFF, 0xFF, 0xFF, 0xFF, 0xFF, 0xFF, 0x3C, 0xE7, 0x6A, 0x42, 0x0A, 0x21, 0xDC, 0x29,
    0xDD, 0x29, 0xFD, 0x29, 0xFD, 0x29, 0xFD, 0x29, 0xFD, 0x29, 0xFD, 0x29, 0xFD, 0x29, 0xFD, 0x29,
    0xFD, 0x29, 0xFD, 0x29, 0xFD, 0x29, 0xFD, 0x31, 0x1D, 0x32, 0x1D, 0x32, 0x1D, 0x32, 0x1D, 0x32,
    0x1D, 0x32, 0x1D, 0x32, 0x1D, 0x32, 0x1D, 0x32, 0x1D, 0x32, 0x1D, 0x32, 0x1D, 0x32, 0x1D, 0x32,
    0x1D, 0x32, 0x1D, 0x32, 0x1D, 0x32, 0x3D, 0x32, 0x7D, 0xEF, 0x7D, 0xEF, 0x7D, 0xEF, 0x7D, 0xEF,
    0x5D, 0xEF, 0x5D, 0xEF, 0x5D, 0xEF, 0x5D, 0xEF, 0x5D, 0xEF, 0x5D, 0xEF, 0x5D, 0xEF, 0x5D, 0xEF,
    0x5D, 0xEF, 0x5D, 0xEF, 0x3C, 0xE7, 0x3C, 0xE7, 0x3C, 0xE7, 0x3C, 0xE7, 0x3C, 0xE7, 0x3C, 0xE7,
    0x3C, 0xE7, 0x3C, 0xE7, 0x3C, 0xE7, 0x1C, 0xE7, 0x3C, 0xE7, 0x3C, 0xE7, 0x1C, 0xE7, 0x1C, 0xE7,
    0x1C, 0xE7, 0x1C, 0xE7, 0x1C, 0xE7, 0x1C, 0xE7, 0x1C, 0xE7, 0x1C, 0xE7, 0x1C, 0xE7, 0x1C, 0xE7,
    0x1C, 0xE7, 0x1C, 0xE7, 0x1C, 0xE7, 0x1C, 0xE7, 0xFB, 0xDE, 0xFB, 0xDE, 0xFB, 0xDE, 0xFB, 0xDE,
    0xFB, 0xDE, 0xFB, 0xDE, 0xFB, 0xDE, 0xFB, 0xDE, 0xFB, 0xDE, 0xFB, 0xDE, 0xFB, 0xDE, 0xFB, 0xDE,
    0xFB, 0xDE, 0xFB, 0xDE, 0xFB, 0xDE, 0xFB, 0xDE, 0xFB, 0xDE, 0xFB, 0xDE, 0xFB, 0xDE, 0xFB, 0xDE,
    0xFB, 0xDE, 0xFB, 0xDE, 0xFB, 0xDE, 0xFB, 0xDE, 0xFB, 0xDE, 0xFB, 0xDE, 0xFB, 0xDE, 0xFB, 0xDE,
    0xFB, 0xDE, 0xFB, 0xDE, 0xFB, 0xDE, 0xFB, 0xDE, 0xFB, 0xDE, 0x1C, 0xE7, 0x1C, 0xE7, 0x1C, 0xE7,
    0x1C, 0xE7, 0x1C, 0xE7, 0x1C, 0xE7, 0x1C, 0xE7, 0x1C, 0xE7, 0x1C, 0xE7, 0x1C, 0xE7, 0x1C, 0xE7,
    0x1C, 0xE7, 0x1C, 0xE7, 0x3C, 0xE7, 0x3C, 0xE7, 0x3C, 0xE7, 0x3C, 0xE7, 0x3C, 0xE7, 0x3C, 0xE7,
    0x3C, 0xE7, 0x3C, 0xE7, 0x3C, 0xE7, 0x3C, 0xE7, 0x3C, 0xE7, 0x3C, 0xE7, 0x3C, 0xE7, 0x5D, 0xEF,
    0x5D, 0xEF, 0x5D, 0xEF, 0x5D, 0xEF, 0x5D, 0xEF, 0x5D, 0xEF, 0x5D, 0xEF, 0x5D, 0xEF, 0x5D, 0xEF,
    0x5D, 0xEF, 0x5D, 0xEF, 0x7D, 0xEF, 0x7D, 0xEF, 0x7D, 0xEF, 0x7D, 0xEF, 0x7D, 0xEF, 0x7D, 0xEF,
    0x7D, 0xEF, 0x7D, 0xEF, 0x7D, 0xEF, 0x7D, 0xEF, 0x9E, 0xF7, 0x7D, 0xEF, 0x9E, 0xF7, 0x9E, 0xF7,
    0x9E, 0xF7, 0x9E, 0xF7, 0x9E, 0xF7, 0x9E, 0xF7, 0x9E, 0xF7, 0x9E, 0xF7, 0xBE, 0xF7, 0xBE, 0xF7,
    0xBE, 0xF7, 0xBE, 0xF7, 0xBE, 0xF7, 0xBE, 0xF7, 0xBE, 0xF7, 0xBE, 0xF7, 0xBE, 0xF7, 0xDF, 0xFF,
    0xDF, 0xFF, 0xDF, 0xFF, 0xDF, 0xFF, 0xDF, 0xFF, 0xDF, 0xFF, 0xDF, 0xFF, 0xDF, 0xFF, 0xDF, 0xFF,
    0xDF, 0xFF, 0xFF, 0xFF, 0xFF, 0xFF, 0xFF, 0xFF, 0xFF, 0xFF, 0xFF, 0xFF, 0xFF, 0xFF, 0xFF, 0xFF,
    0xFF, 0xFF, 0xFF, 0xFF, 0xFF, 0xFF, 0xFF, 0xFF, 0xFF, 0xFF, 0xFF, 0xFF, 0xFF, 0xFF, 0xFF, 0xFF,
    0xFF, 0xFF, 0xFF, 0xFF, 0xFF, 0xFF, 0xFF, 0xFF, 0xFF, 0xFF, 0xFF, 0xFF, 0xFF, 0xFF, 0xFF, 0xFF,
    0xFF, 0xFF, 0xFF, 0xFF, 0xFF, 0xFF, 0xFF, 0xFF, 0xFF, 0xFF, 0xFF, 0xFF, 0xFF, 0xFF, 0xFF, 0xFF,
    0xFF, 0xFF, 0xFF, 0xFF, 0xFF, 0xFF, 0xFF, 0xFF, 0xFF, 0xFF, 0xFF, 0xFF, 0xFF, 0xFF, 0xFF, 0xFF,
    0xFF, 0xFF, 0xFF, 0xFF, 0xFF, 0xFF, 0xFF, 0xFF, 0xFF, 0xFF, 0xFF, 0xFF, 0xFF, 0xFF, 0xFF, 0xFF,
    0xFF, 0xFF, 0xFF, 0xFF, 0xFF, 0xFF, 0xFF, 0xFF, 0xFF, 0xFF, 0xFF, 0xFF, 0xFF, 0xFF, 0xFF, 0xFF,
    0xFF, 0xFF, 0xFF, 0xFF, 0xFF, 0xFF, 0xFF, 0xFF, 0xFF, 0xFF, 0x55, 0xAD, 0x29, 0x4A, 0xFC, 0xDE,
    0xFF, 0xFF, 0xFF, 0xFF, 0xFF, 0xFF, 0xFF, 0xFF, 0xFF, 0xFF, 0xFF, 0xFF, 0xFF, 0xFF, 0xFF, 0xFF,
    0xFF, 0xFF, 0xFF, 0xFF, 0xFF, 0xFF, 0xFF, 0xFF, 0xFF, 0xFF, 0xFF, 0xFF, 0xFF, 0xFF, 0xFF, 0xFF,
    0xFF, 0xFF, 0xFF, 0xFF, 0xFF, 0xFF, 0xFF, 0xFF, 0xFF, 0xFF, 0xFF, 0xFF, 0xFF, 0xFF, 0xFF, 0xFF,
    0xFF, 0xFF, 0xFF, 0xFF, 0xFF, 0xFF, 0xFF, 0xFF, 0xFF, 0xFF, 0xFF, 0xFF, 0xFF, 0xFF, 0xFF, 0xFF,
    0xFF, 0xFF, 0xFF, 0xFF, 0xFF, 0xFF, 0xFF, 0xFF, 0xFF, 0xFF, 0xFF, 0xFF, 0xFF, 0xFF, 0xFF, 0xFF,
    0xFF, 0xFF, 0xFF, 0xFF, 0xFF, 0xFF, 0xFF, 0xFF, 0xFF, 0xFF, 0xFF, 0xFF, 0xFF, 0xFF, 0xFF, 0xFF,
    0xFF, 0xFF, 0xFF, 0xFF, 0xFF, 0xFF, 0xFF, 0xFF, 0xFF, 0xFF, 0xFF, 0xFF, 0xFF, 0xFF, 0xFF, 0xFF,
    0xFF, 0xFF, 0xFF, 0xFF, 0xFF, 0xFF, 0xFF, 0xFF, 0xFF, 0xFF, 0xFF, 0xFF, 0xFF, 0xFF, 0xFF, 0xFF,
    0xFF, 0xFF, 0xFF, 0xFF, 0xFF, 0xFF, 0xFF, 0xFF, 0xFF, 0xFF, 0xFF, 0xFF, 0xFF, 0xFF, 0xFF, 0xFF,
    0xFF, 0xFF, 0xFF, 0xFF, 0xFF, 0xFF, 0xFF, 0xFF, 0xFF, 0xFF, 0xFF, 0xFF, 0xBE, 0xF7, 0x4E, 0x5B,
    0x0A, 0x21, 0xDC, 0x29, 0xFD, 0x29, 0xFD, 0x29, 0xFD, 0x29, 0xFD, 0x29, 0xFD, 0x29, 0xFD, 0x29,
    0xFD, 0x29, 0xFD, 0x29, 0xFD, 0x31, 0xFD, 0x29, 0xFD, 0x31, 0x1D, 0x32, 0x1D, 0x32, 0x1D, 0x32,
    0x1D, 0x32, 0x1D, 0x32, 0x1D, 0x32, 0x1D, 0x32, 0x1D, 0x32, 0x1D, 0x32, 0x1D, 0x32, 0x1D, 0x32,
    0x1D, 0x32, 0x1D, 0x32, 0x1D, 0x32, 0x3D, 0x32, 0x3D, 0x32, 0x7D, 0xEF, 0x7D, 0xEF, 0x7D, 0xEF,
    0x7D, 0xEF, 0x5D, 0xEF, 0x5D, 0xEF, 0x5D, 0xEF, 0x5D, 0xEF, 0x5D, 0xEF, 0x5D, 0xEF, 0x5D, 0xEF,
    0x5D, 0xEF, 0x5D, 0xEF, 0x5D, 0xEF, 0x3C, 0xE7, 0x3C, 0xE7, 0x3C, 0xE7, 0x3C, 0xE7, 0x3C, 0xE7,
    0x3C, 0xE7, 0x3C, 0xE7, 0x3C, 0xE7, 0x3C, 0xE7, 0x3C, 0xE7, 0x1C, 0xE7, 0x1C, 0xE7, 0x1C, 0xE7,
    0x1C, 0xE7, 0x1C, 0xE7, 0x1C, 0xE7, 0x1C, 0xE7, 0x1C, 0xE7, 0x1C, 0xE7, 0x1C, 0xE7, 0x1C, 0xE7,
    0x1C, 0xE7, 0x1C, 0xE7, 0x1C, 0xE7, 0x1C, 0xE7, 0x1C, 0xE7, 0x1C, 0xE7, 0x1C, 0xE7, 0xFB, 0xDE,
    0xFB, 0xDE, 0xFB, 0xDE, 0xFB, 0xDE, 0xFB, 0xDE, 0xFB, 0xDE, 0xFB, 0xDE, 0xFB, 0xDE, 0xFB, 0xDE,
    0xFB, 0xDE, 0xFB, 0xDE, 0xFB, 0xDE, 0xFB, 0xDE, 0xFB, 0xDE, 0xFB, 0xDE, 0xFB, 0xDE, 0xFB, 0xDE,
    0xFB, 0xDE, 0xFB, 0xDE, 0xFB, 0xDE, 0xFB, 0xDE, 0xFB, 0xDE, 0xFB, 0xDE, 0xFB, 0xDE, 0xFB, 0xDE,
    0xFB, 0xDE, 0xFB, 0xDE, 0x1C, 0xE7, 0xFB, 0xDE, 0xFB, 0xDE, 0x1C, 0xE7, 0x1C, 0xE7, 0x1C, 0xE7,
    0x1C, 0xE7, 0x1C, 0xE7, 0x1C, 0xE7, 0x1C, 0xE7, 0x1C, 0xE7, 0x1C, 0xE7, 0x1C, 0xE7, 0x1C, 0xE7,
    0x1C, 0xE7, 0x1C, 0xE7, 0x3C, 0xE7, 0x1C, 0xE7, 0x3C, 0xE7, 0x3C, 0xE7, 0x3C, 0xE7, 0x3C, 0xE7,
    0x3C, 0xE7, 0x3C, 0xE7, 0x3C, 0xE7, 0x3C, 0xE7, 0x3C, 0xE7, 0x3C, 0xE7, 0x3C, 0xE7, 0x3C, 0xE7,
    0x5D, 0xEF, 0x5D, 0xEF, 0x5D, 0xEF, 0x5D, 0xEF, 0x5D, 0xEF, 0x5D, 0xEF, 0x5D, 0xEF, 0x5D, 0xEF,
    0x5D, 0xEF, 0x7D, 0xEF, 0x5D, 0xEF, 0x7D, 0xEF, 0x7D, 0xEF, 0x7D, 0xEF, 0x7D, 0xEF, 0x7D, 0xEF,
    0x7D, 0xEF, 0x7D, 0xEF, 0x7D, 0xEF, 0x7D, 0xEF, 0x9E, 0xF7, 0x7D, 0xEF, 0x9E, 0xF7, 0x9E, 0xF7,
    0x9E, 0xF7, 0x9E, 0xF7, 0x9E, 0xF7, 0x9E, 0xF7, 0x9E, 0xF7, 0xBE, 0xF7, 0xBE, 0xF7, 0xBE, 0xF7,
    0xBE, 0xF7, 0xBE, 0xF7, 0xBE, 0xF7, 0xBE, 0xF7, 0xBE, 0xF7, 0xBE, 0xF7, 0xBE, 0xF7, 0xDF, 0xFF,
    0xDF, 0xFF, 0xDF, 0xFF, 0xDF, 0xFF, 0xDF, 0xFF, 0xDF, 0xFF, 0xDF, 0xFF, 0xDF, 0xFF, 0xDF, 0xFF,
    0xFF, 0xFF, 0xFF, 0xFF, 0xFF, 0xFF, 0xFF, 0xFF, 0xFF, 0xFF, 0xFF, 0xFF, 0xFF, 0xFF, 0xFF, 0xFF,
    0xFF, 0xFF, 0xFF, 0xFF, 0xFF, 0xFF, 0xFF, 0xFF, 0xFF, 0xFF, 0xFF, 0xFF, 0xFF, 0xFF, 0xFF, 0xFF,
    0xFF, 0xFF, 0xFF, 0xFF, 0xFF, 0xFF, 0xFF, 0xFF, 0xFF, 0xFF, 0xFF, 0xFF, 0xFF, 0xFF, 0xFF, 0xFF,
    0xFF, 0xFF, 0xFF, 0xFF, 0xFF, 0xFF, 0xFF, 0xFF, 0xFF, 0xFF, 0xFF, 0xFF, 0xFF, 0xFF, 0xFF, 0xFF,
    0xFF, 0xFF, 0xFF, 0xFF, 0xFF, 0xFF, 0xFF, 0xFF, 0xFF, 0xFF, 0xFF, 0xFF, 0xFF, 0xFF, 0xFF, 0xFF,
    0xFF, 0xFF, 0xFF, 0xFF, 0xFF, 0xFF, 0xFF, 0xFF, 0xFF, 0xFF, 0xFF, 0xFF, 0xFF, 0xFF, 0xFF, 0xFF,
    0xFF, 0xFF, 0xFF, 0xFF, 0xFF, 0xFF, 0xFF, 0xFF, 0xFF, 0xFF, 0xFF, 0xFF, 0xFF, 0xFF, 0xFF, 0xFF,
    0xFF, 0xFF, 0xFF, 0xFF, 0xFF, 0xFF, 0xFF, 0xFF, 0xFF, 0xFF, 0xBA, 0xDE, 0x65, 0x29, 0x5D, 0xEF,
    0xFF, 0xFF, 0xFF, 0xFF, 0xFF, 0xFF, 0xFF, 0xFF, 0xFF, 0xFF, 0xDF, 0xFF, 0x3B, 0xE7, 0x99, 0xD6,
    0x37, 0xCE, 0x58, 0xCE, 0x58, 0xCE, 0x58, 0xCE, 0x17, 0xC6, 0x38, 0xCE, 0x58, 0xCE, 0x38, 0xCE,
    0x17, 0xC6, 0xDA, 0xDE, 0xFF, 0xFF, 0xFF, 0xFF, 0xFF, 0xFF, 0xFF, 0xFF, 0xFF, 0xFF, 0xFF, 0xFF,
    0xFF, 0xFF, 0xFF, 0xFF, 0xFF, 0xFF, 0xFF, 0xFF, 0xFF, 0xFF, 0xFF, 0xFF, 0xFF, 0xFF, 0xFF, 0xFF,
    0xFF, 0xFF, 0xFF, 0xFF, 0xFF, 0xFF, 0xFF, 0xFF, 0xFF, 0xFF, 0xFF, 0xFF, 0xFF, 0xFF, 0xFF, 0xFF,
    0xFF, 0xFF, 0xFF, 0xFF, 0xFF, 0xFF, 0xFF, 0xFF, 0xFF, 0xFF, 0xFF, 0xFF, 0xFF, 0xFF, 0xFF, 0xFF,
    0xFF, 0xFF, 0xFF, 0xFF, 0xFF, 0xFF, 0xFF, 0xFF, 0xFF, 0xFF, 0xFF, 0xFF, 0xFF, 0xFF, 0xFF, 0xFF,
    0xFF, 0xFF, 0xFF, 0xFF, 0xFF, 0xFF, 0xFF, 0xFF, 0xFF, 0xFF, 0xFF, 0xFF, 0xBE, 0xF7, 0xF7, 0xC5,
    0x58, 0xCE, 0xFB, 0xE6, 0xFB, 0xE6, 0x99, 0xD6, 0xF7, 0xC5, 0x17, 0xC6, 0x99, 0xDE, 0x18, 0xCE,
    0x79, 0xD6, 0x1C, 0xE7, 0xBE, 0xF7, 0xFF, 0xFF, 0xFF, 0xFF, 0xFF, 0xFF, 0xFF, 0xFF, 0xFF, 0xFF,
    0xDF, 0xFF, 0x4E, 0x63, 0x4E, 0x29, 0xFD, 0x29, 0xFD, 0x29, 0xFD, 0x29, 0xFD, 0x29, 0xFD, 0x29,
    0xFD, 0x29, 0xFD, 0x29, 0xFD, 0x29, 0xFD, 0x31, 0x1D, 0x32, 0x1D, 0x32, 0xFD, 0x31, 0x1D, 0x32,
    0x1D, 0x32, 0x1D, 0x32, 0x1D, 0x32, 0x1D, 0x32, 0x1D, 0x32, 0x1D, 0x32, 0x1D, 0x32, 0x1D, 0x32,
    0x1D, 0x32, 0x1D, 0x32, 0x1D, 0x32, 0x3D, 0x32, 0x3D, 0x32, 0x3D, 0x32, 0x7D, 0xEF, 0x7D, 0xEF,
    0x7D, 0xEF, 0x5D, 0xEF, 0x5D, 0xEF, 0x5D, 0xEF, 0x5D, 0xEF, 0x5D, 0xEF, 0x5D, 0xEF, 0x5D, 0xEF,
    0x5D, 0xEF, 0x5D, 0xEF, 0x5D, 0xEF, 0x5D, 0xEF, 0x3C, 0xE7, 0x3C, 0xE7, 0x3C, 0xE7, 0x3C, 0xE7,
    0x3C, 0xE7, 0x3C, 0xE7, 0x3C, 0xE7, 0x3C, 0xE7, 0x3C, 0xE7, 0x3C, 0xE7, 0x3C, 0xE7, 0x3C, 0xE7,
    0x1C, 0xE7, 0x3C, 0xE7, 0x1C, 0xE7, 0x1C, 0xE7, 0x1C, 0xE7, 0x1C, 0xE7, 0x1C, 0xE7, 0x1C, 0xE7,
    0x1C, 0xE7, 0x1C, 0xE7, 0x1C, 0xE7, 0x1C, 0xE7, 0x1C, 0xE7, 0x1C, 0xE7, 0xFB, 0xDE, 0x1C, 0xE7,
    0x1C, 0xE7, 0x1C, 0xE7, 0x1C, 0xE7, 0xFB, 0xDE, 0xFB, 0xDE, 0xFB, 0xDE, 0xFB, 0xDE, 0xFB, 0xDE,
    0xFB, 0xDE, 0xFB, 0xDE, 0xFB, 0xDE, 0xFB, 0xDE, 0xFB, 0xDE, 0xFB, 0xDE, 0xFB, 0xDE, 0x9A, 0xD6,
    0x34, 0xA5, 0xFB, 0xDE, 0x18, 0xC6, 0x51, 0x8C, 0xFB, 0xDE, 0xFB, 0xDE, 0xFB, 0xDE, 0xFB, 0xDE,
    0x1C, 0xE7, 0x38, 0xC6, 0xD3, 0x9C, 0x1C, 0xE7, 0x1C, 0xE7, 0x1C, 0xE7, 0x1C, 0xE7, 0x1C, 0xE7,
    0x1C, 0xE7, 0x1C, 0xE7, 0x1C, 0xE7, 0x1C, 0xE7, 0x1C, 0xE7, 0x1C, 0xE7, 0x1C, 0xE7, 0x1C, 0xE7,
    0x1C, 0xE7, 0x1C, 0xE7, 0x1C, 0xE7, 0x3C, 0xE7, 0x3C, 0xE7, 0x3C, 0xE7, 0x3C, 0xE7, 0x3C, 0xE7,
    0x3C, 0xE7, 0x3C, 0xE7, 0x3C, 0xE7, 0x3C, 0xE7, 0x3C, 0xE7, 0x3C, 0xE7, 0x3C, 0xE7, 0x5D, 0xEF,
    0x5D, 0xEF, 0x5D, 0xEF, 0x5D, 0xEF, 0x5D, 0xEF, 0x5D, 0xEF, 0x5D, 0xEF, 0x5D, 0xEF, 0x5D, 0xEF,
    0x5D, 0xEF, 0x7D, 0xEF, 0x7D, 0xEF, 0x7D, 0xEF, 0x7D, 0xEF, 0x7D, 0xEF, 0x7D, 0xEF, 0x7D, 0xEF,
    0x7D, 0xEF, 0x7D, 0xEF, 0x9E, 0xF7, 0x9E, 0xF7, 0x9E, 0xF7, 0x9E, 0xF7, 0x9E, 0xF7, 0x9E, 0xF7,
    0x9E, 0xF7, 0x9E, 0xF7, 0x9E, 0xF7, 0x9E, 0xF7, 0xBE, 0xF7, 0xBE, 0xF7, 0xBE, 0xF7, 0xBE, 0xF7,
    0xBE, 0xF7, 0xBE, 0xF7, 0xBE, 0xF7, 0xBE, 0xF7, 0xBE, 0xF7, 0xBE, 0xF7, 0xDF, 0xFF, 0xBE, 0xF7,
    0xDF, 0xFF, 0xDF, 0xFF, 0xDF, 0xFF, 0xDF, 0xFF, 0xDF, 0xFF, 0xDF, 0xFF, 0xDF, 0xFF, 0xDF, 0xFF,
    0xFF, 0xFF, 0xFF, 0xFF, 0xFF, 0xFF, 0xFF, 0xFF, 0xFF, 0xFF, 0xFF, 0xFF, 0xFF, 0xFF, 0xFF, 0xFF,
    0xFF, 0xFF, 0xFF, 0xFF, 0xFF, 0xFF, 0x75, 0xAD, 0x79, 0xCE, 0xFF, 0xFF, 0xFF, 0xFF, 0xFF, 0xFF,
    0xFF, 0xFF, 0xFF, 0xFF, 0xFF, 0xFF, 0xFF, 0xFF, 0xFF, 0xFF, 0xFF, 0xFF, 0xFF, 0xFF, 0xFF, 0xFF,
    0xFF, 0xFF, 0xFF, 0xFF, 0xFF, 0xFF, 0xFF, 0xFF, 0xFF, 0xFF, 0xFF, 0xFF, 0xFF, 0xFF, 0xFF, 0xFF,
    0xFF, 0xFF, 0xFF, 0xFF, 0xFF, 0xFF, 0xFF, 0xFF, 0xFF, 0xFF, 0xFF, 0xFF, 0xFF, 0xFF, 0xFF, 0xFF,
    0xFF, 0xFF, 0xFF, 0xFF, 0xFF, 0xFF, 0xFF, 0xFF, 0xFF, 0xFF, 0xFF, 0xFF, 0xFF, 0xFF, 0xFF, 0xFF,
    0xFF, 0xFF, 0xFF, 0xFF, 0xFF, 0xFF, 0xFF, 0xFF, 0xFF, 0xFF, 0xFF, 0xFF, 0xFF, 0xFF, 0xFF, 0xFF,
    0xFF, 0xFF, 0xFF, 0xFF, 0xFF, 0xFF, 0xFF, 0xFF, 0xFF, 0xFF, 0xDF, 0xFF, 0xA7, 0x39, 0x39, 0xC6,
    0xFF, 0xFF, 0xFF, 0xFF, 0xFF, 0xFF, 0xFF, 0xFF, 0xDE, 0xFF, 0x71, 0x8C, 0xCB, 0x5A, 0x44, 0x21,
    0xC6, 0x39, 0xC2, 0x18, 0xA6, 0x31, 0x65, 0x29, 0xE3, 0x18, 0x61, 0x08, 0xA2, 0x10, 0xA6, 0x31,
    0x28, 0x42, 0x04, 0x21, 0x2C, 0x63, 0xFF, 0xFF, 0xFF, 0xFF, 0xFF, 0xFF, 0xFF, 0xFF, 0xFF, 0xFF,
    0xFF, 0xFF, 0xFF, 0xFF, 0xFF, 0xFF, 0xFF, 0xFF, 0xFF, 0xFF, 0xFF, 0xFF, 0xFF, 0xFF, 0xFF, 0xFF,
    0xFF, 0xFF, 0xFF, 0xFF, 0xFF, 0xFF, 0xFF, 0xFF, 0xFF, 0xFF, 0xFF, 0xFF, 0xFF, 0xFF, 0xFF, 0xFF,
    0xFF, 0xFF, 0xFF, 0xFF, 0xFF, 0xFF, 0xFF, 0xFF, 0xFF, 0xFF, 0xFF, 0xFF, 0xFF, 0xFF, 0xFF, 0xFF,
    0xFF, 0xFF, 0xFF, 0xFF, 0xFF, 0xFF, 0x9E, 0xF7, 0xDE, 0xFF, 0xFF, 0xFF, 0xFF, 0xFF, 0xFF, 0xFF,
    0xFF, 0xFF, 0xFF, 0xFF, 0xFF, 0xFF, 0xFF, 0xFF, 0xFF, 0xFF, 0xFF, 0xFF, 0xFF, 0xFF, 0x1C, 0xE7,
    0x61, 0x08, 0xA2, 0x10, 0xCF, 0x7B, 0xB2, 0x94, 0x24, 0x21, 0x61, 0x08, 0xE7, 0x39, 0xB2, 0x94,
    0xC7, 0x39, 0x2C, 0x63, 0xD2, 0x9C, 0x07, 0x42, 0x0B, 0x63, 0x5D, 0xEF, 0xFF, 0xFF, 0xFF, 0xFF,
    0xFF, 0xFF, 0xFF, 0xFF, 0x3C, 0xE7, 0x66, 0x21, 0xD8, 0x31, 0xFD, 0x29, 0xFD, 0x29, 0xFD, 0x29,
    0xFD, 0x29, 0xFD, 0x29, 0xFD, 0x31, 0xFD, 0x31, 0x1D, 0x32, 0x1D, 0x32, 0x1D, 0x32, 0x1D, 0x32,
    0x1D, 0x32, 0x1D, 0x32, 0x1D, 0x32, 0x1D, 0x32, 0x1D, 0x32, 0x1D, 0x32, 0x1D, 0x32, 0x1D, 0x32,
    0x1D, 0x32, 0x3D, 0x32, 0x3D, 0x32, 0x3D, 0x32, 0x3D, 0x32, 0x3D, 0x32, 0x3D, 0x32, 0x7D, 0xEF,
    0x7D, 0xEF, 0x7D, 0xEF, 0x7D, 0xEF, 0x5D, 0xEF, 0x5D, 0xEF, 0x5D, 0xEF, 0x5D, 0xEF, 0x5D, 0xEF,
    0x5D, 0xEF, 0x5D, 0xEF, 0x5D, 0xEF, 0x5D, 0xEF, 0x5D, 0xEF, 0x5D, 0xEF, 0x3C, 0xE7, 0x3C, 0xE7,
    0x3C, 0xE7, 0x3C, 0xE7, 0x3C, 0xE7, 0x3C, 0xE7, 0x3C, 0xE7, 0x3C, 0xE7, 0x3C, 0xE7, 0x1C, 0xE7,
    0xE3, 0x18, 0xF3, 0x9C, 0x1C, 0xE7, 0x1C, 0xE7, 0x1C, 0xE7, 0x1C, 0xE7, 0x1C, 0xE7, 0x1C, 0xE7,
    0x1C, 0xE7, 0x1C, 0xE7, 0x1C, 0xE7, 0x1C, 0xE7, 0x1C, 0xE7, 0x1C, 0xE7, 0x1C, 0xE7, 0x1C, 0xE7,
    0x1C, 0xE7, 0x1C, 0xE7, 0x1C, 0xE7, 0x1C, 0xE7, 0x1C, 0xE7, 0x1C, 0xE7, 0xFB, 0xDE, 0xFB, 0xDE,
    0x1C, 0xE7, 0xFB, 0xDE, 0xFB, 0xDE, 0xFB, 0xDE, 0xFB, 0xDE, 0xFB, 0xDE, 0x1C, 0xE7, 0xFB, 0xDE,
    0xD3, 0x9C, 0x00, 0x00, 0xFB, 0xDE, 0x34, 0xA5, 0x00, 0x00, 0x1C, 0xE7, 0x1C, 0xE7, 0x1C, 0xE7,
    0x1C, 0xE7, 0x1C, 0xE7, 0x71, 0x8C, 0xE3, 0x18, 0x1C, 0xE7, 0x1C, 0xE7, 0x1C, 0xE7, 0x1C, 0xE7,
    0x1C, 0xE7, 0x1C, 0xE7, 0x1C, 0xE7, 0x1C, 0xE7, 0x1C, 0xE7, 0x1C, 0xE7, 0x1C, 0xE7, 0x38, 0xC6,
    0xBA, 0xD6, 0x1C, 0xE7, 0x3C, 0xE7, 0x3C, 0xE7, 0x3C, 0xE7, 0x3C, 0xE7, 0x3C, 0xE7, 0x3C, 0xE7,
    0x3C, 0xE7, 0x3C, 0xE7, 0x3C, 0xE7, 0x3C, 0xE7, 0x3C, 0xE7, 0x3C, 0xE7, 0x5D, 0xEF, 0x5D, 0xEF,
    0x5D, 0xEF, 0x5D, 0xEF, 0x5D, 0xEF, 0x5D, 0xEF, 0x5D, 0xEF, 0x5D, 0xEF, 0x5D, 0xEF, 0x5D, 0xEF,
    0x7D, 0xEF, 0x7D, 0xEF, 0x7D, 0xEF, 0x7D, 0xEF, 0x7D, 0xEF, 0x7D, 0xEF, 0x7D, 0xEF, 0x7D, 0xEF,
    0x7D, 0xEF, 0x7D, 0xEF, 0x7D, 0xEF, 0x9E, 0xF7, 0x9E, 0xF7, 0x9E, 0xF7, 0x9E, 0xF7, 0x9E, 0xF7,
    0x9E, 0xF7, 0x9E, 0xF7, 0x9E, 0xF7, 0x9E, 0xF7, 0x9E, 0xF7, 0xBE, 0xF7, 0xBE, 0xF7, 0xBE, 0xF7,
    0xBE, 0xF7, 0xBE, 0xF7, 0xBE, 0xF7, 0x59, 0xCE, 0x3C, 0xE7, 0xBE, 0xF7, 0xDF, 0xFF, 0xDF, 0xFF,
    0xDF, 0xFF, 0xDF, 0xFF, 0xDB, 0xDE, 0xDB, 0xDE, 0xDF, 0xFF, 0xDF, 0xFF, 0xDF, 0xFF, 0xFF, 0xFF,
    0xFF, 0xFF, 0xFF, 0xFF, 0xFF, 0xFF, 0xFF, 0xFF, 0xFF, 0xFF, 0xFF, 0xFF, 0xFF, 0xFF, 0xFF, 0xFF,
    0xFB, 0xDE, 0x7D, 0xEF, 0xFF, 0xFF, 0xFF, 0xFF, 0x08, 0x42, 0xEF, 0x7B, 0xFF, 0xFF, 0xFF, 0xFF,
    0xFF, 0xFF, 0xFF, 0xFF, 0xFF, 0xFF, 0xFF, 0xFF, 0xFF, 0xFF, 0xFF, 0xFF, 0xFF, 0xFF, 0xFF, 0xFF,
    0xFF, 0xFF, 0xFF, 0xFF, 0xFF, 0xFF, 0xFF, 0xFF, 0xFF, 0xFF, 0xFF, 0xFF, 0xFF, 0xFF, 0xFF, 0xFF,
    0xFF, 0xFF, 0xFF, 0xFF, 0xFF, 0xFF, 0xFF, 0xFF, 0xFF, 0xFF, 0xFF, 0xFF, 0xFF, 0xFF, 0xFF, 0xFF,
    0xFF, 0xFF, 0xFF, 0xFF, 0xFF, 0xFF, 0xFF, 0xFF, 0xFF, 0xFF, 0xFF, 0xFF, 0xFF, 0xFF, 0xFF, 0xFF,
    0xFF, 0xFF, 0xFF, 0xFF, 0xFF, 0xFF, 0xFF, 0xFF, 0xFF, 0xFF, 0xFF, 0xFF, 0xFF, 0xFF, 0xFF, 0xFF,
    0xFF, 0xFF, 0xFF, 0xFF, 0xFF, 0xFF, 0xFF, 0xFF, 0xFF, 0xFF, 0xFF, 0xFF, 0x92, 0x94, 0x8F, 0x6B,
    0xFF, 0xFF, 0xFF, 0xFF, 0xFF, 0xFF, 0xFF, 0xFF, 0x1B, 0xE7, 0x28, 0x42, 0xC2, 0x18, 0xA6, 0x31,
    0x44, 0x21, 0x44, 0x21, 0xC2, 0x18, 0x03, 0x19, 0x03, 0x21, 0x61, 0x08, 0x61, 0x08, 0x61, 0x08,
    0xE3, 0x18, 0x24, 0x21, 0x81, 0x08, 0x2C, 0x63, 0xFF, 0xFF, 0xFF, 0xFF, 0xFF, 0xFF, 0xFF, 0xFF,
    0xFF, 0xFF, 0xFF, 0xFF, 0xFF, 0xFF, 0xFF, 0xFF, 0xFF, 0xFF, 0xFF, 0xFF, 0xFF, 0xFF, 0xFF, 0xFF,
    0xFF, 0xFF, 0xFF, 0xFF, 0xFF, 0xFF, 0x1C, 0xE7, 0x95, 0xB5, 0x75, 0xB5, 0x75, 0xB5, 0x75, 0xB5,
    0x75, 0xB5, 0x75, 0xB5, 0x75, 0xB5, 0x75, 0xB5, 0x75, 0xB5, 0x75, 0xB5, 0x95, 0xB5, 0x79, 0xCE,
    0xFF, 0xFF, 0xFF, 0xFF, 0xFF, 0xFF, 0x5C, 0xEF, 0x34, 0xAD, 0xD6, 0xBD, 0xFF, 0xFF, 0xFF, 0xFF,
    0xFF, 0xFF, 0xFF, 0xFF, 0xFF, 0xFF, 0xFF, 0xFF, 0xFF, 0xFF, 0xFF, 0xFF, 0xFF, 0xFF, 0xFF, 0xFF,
    0x1B, 0xE7, 0x61, 0x08, 0x61, 0x08, 0x24, 0x21, 0xE7, 0x39, 0x61, 0x08, 0x03, 0x19, 0x30, 0x84,
    0x50, 0x8C, 0xA6, 0x31, 0xAA, 0x52, 0x10, 0x84, 0x24, 0x21, 0x61, 0x08, 0x03, 0x21, 0xD7, 0xBD,
    0xFF, 0xFF, 0xFF, 0xFF, 0xFF, 0xFF, 0xFF, 0xFF, 0x39, 0xC6, 0xE9, 0x18, 0xFD, 0x31, 0xFD, 0x29,
    0xFD, 0x29, 0xFD, 0x29, 0xFD, 0x31, 0x1D, 0x32, 0x1D, 0x32, 0x1D, 0x32, 0x1D, 0x32, 0x1D, 0x32,
    0x1D, 0x32, 0x1D, 0x32, 0x1D, 0x32, 0x1D, 0x32, 0x1D, 0x32, 0x1D, 0x32, 0x1D, 0x32, 0x1D, 0x32,
    0x1D, 0x32, 0x3D, 0x32, 0x1D, 0x32, 0x3D, 0x32, 0x3D, 0x32, 0x3D, 0x32, 0x3D, 0x32, 0x3D, 0x32,
    0x7D, 0xEF, 0x7D, 0xEF, 0x7D, 0xEF, 0x7D, 0xEF, 0x5D, 0xEF, 0x5D, 0xEF, 0x5D, 0xEF, 0x5D, 0xEF,
    0x5D, 0xEF, 0x5D, 0xEF, 0x5D, 0xEF, 0x5D, 0xEF, 0x5D, 0xEF, 0x5D, 0xEF, 0x5D, 0xEF, 0x3C, 0xE7,
    0x3C, 0xE7, 0x3C, 0xE7, 0x3C, 0xE7, 0x3C, 0xE7, 0x3C, 0xE7, 0x3C, 0xE7, 0x3C, 0xE7, 0x3C, 0xE7,
    0x3C, 0xE7, 0x00, 0x00, 0x71, 0x8C, 0x3C, 0xE7, 0x1C, 0xE7, 0x1C, 0xE7, 0x1C, 0xE7, 0x1C, 0xE7,
    0x1C, 0xE7, 0x1C, 0xE7, 0x1C, 0xE7, 0x1C, 0xE7, 0x1C, 0xE7, 0x1C, 0xE7, 0x1C, 0xE7, 0x1C, 0xE7,
    0x1C, 0xE7, 0x1C, 0xE7, 0x1C, 0xE7, 0x1C, 0xE7, 0x1C, 0xE7, 0x1C, 0xE7, 0x1C, 0xE7, 0x1C, 0xE7,
    0x1C, 0xE7, 0x1C, 0xE7, 0x1C, 0xE7, 0xFB, 0xDE, 0x1C, 0xE7, 0x1C, 0xE7, 0x1C, 0xE7, 0x1C, 0xE7,
    0x1C, 0xE7, 0x1C, 0xE7, 0x38, 0xC6, 0x1C, 0xE7, 0x55, 0xAD, 0x00, 0x00, 0x1C, 0xE7, 0x1C, 0xE7,
    0x1C, 0xE7, 0x1C, 0xE7, 0x1C, 0xE7, 0x71, 0x8C, 0xE3, 0x18, 0x1C, 0xE7, 0x1C, 0xE7, 0x1C, 0xE7,
    0x1C, 0xE7, 0x1C, 0xE7, 0x1C, 0xE7, 0x1C, 0xE7, 0x1C, 0xE7, 0x1C, 0xE7, 0x3C, 0xE7, 0x1C, 0xE7,
    0xC7, 0x39, 0x55, 0xAD, 0x3C, 0xE7, 0x3C, 0xE7, 0x3C, 0xE7, 0x3C, 0xE7, 0x3C, 0xE7, 0x3C, 0xE7,
    0x3C, 0xE7, 0x3C, 0xE7, 0x3C, 0xE7, 0x5D, 0xEF, 0x5D, 0xEF, 0x5D, 0xEF, 0x5D, 0xEF, 0x5D, 0xEF,
    0x5D, 0xEF, 0x5D, 0xEF, 0x5D, 0xEF, 0x5D, 0xEF, 0x5D, 0xEF, 0x5D, 0xEF, 0x5D, 0xEF, 0x5D, 0xEF,
    0x7D, 0xEF, 0x7D, 0xEF, 0x7D, 0xEF, 0x7D, 0xEF, 0x7D, 0xEF, 0x7D, 0xEF, 0x7D, 0xEF, 0x7D, 0xEF,
    0x7D, 0xEF, 0x9E, 0xF7, 0x7D, 0xEF, 0x9E, 0xF7, 0x9E, 0xF7, 0x9E, 0xF7, 0x9E, 0xF7, 0x9E, 0xF7,
    0x9E, 0xF7, 0x9E, 0xF7, 0x9E, 0xF7, 0xBE, 0xF7, 0x9E, 0xF7, 0xBE, 0xF7, 0xBE, 0xF7, 0xBE, 0xF7,
    0xBE, 0xF7, 0xBE, 0xF7, 0xBE, 0xF7, 0xBE, 0xF7, 0xE3, 0x18, 0xDB, 0xDE, 0xDF, 0xFF, 0xDF, 0xFF,
    0xDF, 0xFF, 0xDF, 0xFF, 0xDF, 0xFF, 0x69, 0x4A, 0xF3, 0x9C, 0xDF, 0xFF, 0xDF, 0xFF, 0xFF, 0xFF,
    0xFF, 0xFF, 0xFF, 0xFF, 0xFF, 0xFF, 0xFF, 0xFF, 0xFF, 0xFF, 0xFF, 0xFF, 0xFF, 0xFF, 0xFF, 0xFF,
    0xFF, 0xFF, 0x08, 0x42, 0xF7, 0xBD, 0xFF, 0xFF, 0xFF, 0xFF, 0x08, 0x42, 0xEF, 0x7B, 0xFF, 0xFF,
    0xFF, 0xFF, 0xFF, 0xFF, 0xFF, 0xFF, 0xFF, 0xFF, 0xFF, 0xFF, 0xFF, 0xFF, 0xFF, 0xFF, 0xFF, 0xFF,
    0xFF, 0xFF, 0xFF, 0xFF, 0xFF, 0xFF, 0xFF, 0xFF, 0xFF, 0xFF, 0xFF, 0xFF, 0xFF, 0xFF, 0xFF, 0xFF,
    0xFF, 0xFF, 0xFF, 0xFF, 0xFF, 0xFF, 0xFF, 0xFF, 0xFF, 0xFF, 0xFF, 0xFF, 0xFF, 0xFF, 0xFF, 0xFF,
    0xFF, 0xFF, 0xFF, 0xFF, 0xFF, 0xFF, 0xFF, 0xFF, 0xFF, 0xFF, 0xFF, 0xFF, 0xFF, 0xFF, 0xFF, 0xFF,
    0xFF, 0xFF, 0xFF, 0xFF, 0xFF, 0xFF, 0xFF, 0xFF, 0xFF, 0xFF, 0xFF, 0xFF, 0xFF, 0xFF, 0xFF, 0xFF,
    0xFF, 0xFF, 0xFF, 0xFF, 0xFF, 0xFF, 0xFF, 0xFF, 0xFF, 0xFF, 0xFF, 0xFF, 0x7D, 0xF7, 0x29, 0x42,
    0x5D, 0xEF, 0xFF, 0xFF, 0xFF, 0xFF, 0xFF, 0xFF, 0x5C, 0xEF, 0xC6, 0x39, 0x61, 0x08, 0x61, 0x08,
    0x61, 0x08, 0x81, 0x08, 0x81, 0x08, 0x61, 0x08, 0x61, 0x08, 0x81, 0x08, 0x61, 0x08, 0x61, 0x08,
    0x61, 0x08, 0x81, 0x08, 0x61, 0x08, 0x81, 0x08, 0xAA, 0x52, 0xFF, 0xFF, 0xFF, 0xFF, 0xFF, 0xFF,
    0xFF, 0xFF, 0xFF, 0xFF, 0xFF, 0xFF, 0xFF, 0xFF, 0xFF, 0xFF, 0xFF, 0xFF, 0xFF, 0xFF, 0xFF, 0xFF,
    0xFF, 0xFF, 0xFF, 0xFF, 0xFF, 0xFF, 0xFF, 0xFF, 0x3C, 0xEF, 0xB6, 0xBD, 0xB6, 0xB5, 0xB6, 0xB5,
    0xB6, 0xB5, 0xB6, 0xB5, 0xB6, 0xB5, 0xB6, 0xB5, 0xB6, 0xB5, 0xB6, 0xB5, 0xB6, 0xBD, 0xB6, 0xBD,
    0x9A, 0xD6, 0xFF, 0xFF, 0xFF, 0xFF, 0xFF, 0xFF, 0x5D, 0xEF, 0x34, 0xAD, 0xD7, 0xC5, 0xFF, 0xFF,
    0xFF, 0xFF, 0xFF, 0xFF, 0xFF, 0xFF, 0xFF, 0xFF, 0xFF, 0xFF, 0xFF, 0xFF, 0xFF, 0xFF, 0xFF, 0xFF,
    0xFF, 0xFF, 0xF7, 0xBD, 0x61, 0x08, 0x61, 0x08, 0x81, 0x08, 0x61, 0x08, 0x61, 0x08, 0x81, 0x08,
    0x81, 0x10, 0x81, 0x10, 0x81, 0x08, 0x81, 0x08, 0x81, 0x08, 0x61, 0x08, 0x61, 0x08, 0x61, 0x08,
    0xC3, 0x18, 0x58, 0xCE, 0xFF, 0xFF, 0xFF, 0xFF, 0xFF, 0xFF, 0xFF, 0xFF, 0xC9, 0x39, 0xB6, 0x31,
    0xFD, 0x29, 0xFD, 0x31, 0x1D, 0x32, 0xFD, 0x31, 0x1D, 0x32, 0x1D, 0x32, 0x1D, 0x32, 0x1D, 0x32,
    0x1D, 0x32, 0x1D, 0x32, 0x1D, 0x32, 0x1D, 0x32, 0x1D, 0x32, 0x1D, 0x32, 0x1D, 0x32, 0x1D, 0x32,
    0x1D, 0x32, 0x3D, 0x32, 0x3D, 0x32, 0x3D, 0x32, 0x3D, 0x32, 0x3D, 0x32, 0x3D, 0x32, 0x3D, 0x32,
    0x3D, 0x32, 0x7D, 0xEF, 0x7D, 0xEF, 0x7D, 0xEF, 0x5D, 0xEF, 0x5D, 0xEF, 0x5D, 0xEF, 0x5D, 0xEF,
    0x5D, 0xEF, 0x5D, 0xEF, 0x5D, 0xEF, 0x5D, 0xEF, 0x5D, 0xEF, 0x5D, 0xEF, 0x5D, 0xEF, 0x5D, 0xEF,
    0x5D, 0xEF, 0x3C, 0xE7, 0x3C, 0xE7, 0x3C, 0xE7, 0x3C, 0xE7, 0x3C, 0xE7, 0x3C, 0xE7, 0x3C, 0xE7,
    0x3C, 0xE7, 0x3C, 0xE7, 0x00, 0x00, 0x71, 0x8C, 0x3C, 0xE7, 0xC7, 0x39, 0x0C, 0x63, 0x61, 0x08,
    0x00, 0x00, 0x28, 0x42, 0x8E, 0x73, 0x61, 0x08, 0x00, 0x00, 0xEF, 0x7B, 0x1C, 0xE7, 0x55, 0xAD,
    0xE3, 0x18, 0x0C, 0x63, 0x00, 0x00, 0xE3, 0x18, 0x71, 0x8C, 0x1C, 0xE7, 0x1C, 0xE7, 0xAA, 0x52,
    0x00, 0x00, 0x00, 0x00, 0xAA, 0x52, 0x9A, 0xD6, 0x1C, 0xE7, 0x8E, 0x73, 0x61, 0x08, 0x61, 0x08,
    0xE3, 0x18, 0x9A, 0xD6, 0x71, 0x8C, 0x00, 0x00, 0x1C, 0xE7, 0x55, 0xAD, 0x00, 0x00, 0xAA, 0x52,
    0x00, 0x00, 0xE3, 0x18, 0xD3, 0x9C, 0x1C, 0xE7, 0x71, 0x8C, 0xE3, 0x18, 0x1C, 0xE7, 0x1C, 0xE7,
    0x0C, 0x63, 0x61, 0x08, 0x61, 0x08, 0xAA, 0x52, 0x3C, 0xE7, 0x1C, 0xE7, 0x3C, 0xE7, 0x3C, 0xE7,
    0xAA, 0x52, 0x00, 0x00, 0x00, 0x00, 0x00, 0x00, 0x3C, 0xE7, 0x59, 0xCE, 0x45, 0x29, 0x00, 0x00,
    0xE3, 0x18, 0x8E, 0x73, 0x3C, 0xE7, 0x5D, 0xEF, 0x5D, 0xEF, 0x5D, 0xEF, 0x5D, 0xEF, 0x10, 0x84,
    0x61, 0x08, 0x00, 0x00, 0xC7, 0x39, 0x5D, 0xEF, 0x79, 0xCE, 0xC7, 0x39, 0x00, 0x00, 0x61, 0x08,
    0xAE, 0x73, 0x7D, 0xEF, 0x7D, 0xEF, 0x00, 0x00, 0xAE, 0x73, 0x61, 0x08, 0x00, 0x00, 0x4D, 0x6B,
    0x7D, 0xEF, 0x7D, 0xEF, 0x00, 0x00, 0xCF, 0x7B, 0x61, 0x08, 0x00, 0x00, 0x4D, 0x6B, 0x9E, 0xF7,
    0x9E, 0xF7, 0x51, 0x8C, 0x61, 0x08, 0x61, 0x08, 0xE3, 0x18, 0xBA, 0xD6, 0xBE, 0xF7, 0xBA, 0xD6,
    0xE7, 0x39, 0x00, 0x00, 0x00, 0x00, 0xD7, 0xBD, 0x69, 0x4A, 0x00, 0x00, 0x00, 0x00, 0xE3, 0x18,
    0xDF, 0xFF, 0xDF, 0xFF, 0xDF, 0xFF, 0xEF, 0x7B, 0x00, 0x00, 0x00, 0x00, 0x00, 0x00, 0xFB, 0xDE,
    0xFB, 0xDE, 0xE7, 0x39, 0x00, 0x00, 0x00, 0x00, 0xEF, 0x7B, 0xFF, 0xFF, 0xFF, 0xFF, 0xFF, 0xFF,
    0xFF, 0xFF, 0xEB, 0x5A, 0x00, 0x00, 0x00, 0x00, 0x00, 0x00, 0xFF, 0xFF, 0x08, 0x42, 0x8A, 0x52,
    0x82, 0x10, 0x00, 0x00, 0x04, 0x21, 0x7D, 0xEF, 0xFF, 0xFF, 0xFB, 0xDE, 0x86, 0x31, 0x04, 0x21,
    0x04, 0x21, 0x75, 0xAD, 0xFF, 0xFF, 0xFF, 0xFF, 0xFF, 0xFF, 0xFF, 0xFF, 0xFF, 0xFF, 0xFF, 0xFF,
    0xFF, 0xFF, 0xFF, 0xFF, 0xFF, 0xFF, 0xFF, 0xFF, 0xFF, 0xFF, 0xFF, 0xFF, 0xFF, 0xFF, 0xFF, 0xFF,
    0xFF, 0xFF, 0xFF, 0xFF, 0xFF, 0xFF, 0xFF, 0xFF, 0xFF, 0xFF, 0xFF, 0xFF, 0xFF, 0xFF, 0xFF, 0xFF,
    0xFF, 0xFF, 0xFF, 0xFF, 0xFF, 0xFF, 0xFF, 0xFF, 0xFF, 0xFF, 0xFF, 0xFF, 0xFF, 0xFF, 0xFF, 0xFF,
    0xFF, 0xFF, 0xFF, 0xFF, 0xFF, 0xFF, 0xFF, 0xFF, 0xFF, 0xFF, 0xFF, 0xFF, 0xFF, 0xFF, 0x96, 0xB5,
    0x2D, 0x63, 0xFF, 0xFF, 0xFF, 0xFF, 0xFF, 0xFF, 0xFF, 0xFF, 0xCE, 0x7B, 0x61, 0x08, 0x61, 0x08,
    0x61, 0x08, 0x61, 0x08, 0x61, 0x08, 0x61, 0x08, 0x61, 0x08, 0x61, 0x08, 0x61, 0x08, 0x61, 0x08,
    0x61, 0x08, 0x61, 0x08, 0x61, 0x08, 0x61, 0x08, 0x61, 0x08, 0xE3, 0x18, 0x1C, 0xE7, 0xFF, 0xFF,
    0xFF, 0xFF, 0xFF, 0xFF, 0xFF, 0xFF, 0xFF, 0xFF, 0xFF, 0xFF, 0xFF, 0xFF, 0xFF, 0xFF, 0xFF, 0xFF,
    0xFF, 0xFF, 0xFF, 0xFF, 0xFF, 0xFF, 0xFF, 0xFF, 0xFF, 0xFF, 0xFF, 0xFF, 0xFF, 0xFF, 0xFF, 0xFF,
    0xFF, 0xFF, 0xFF, 0xFF, 0xFF, 0xFF, 0xFF, 0xFF, 0xFF, 0xFF, 0xFF, 0xFF, 0xFF, 0xFF, 0xFF, 0xFF,
    0xFF, 0xFF, 0xFF, 0xFF, 0xFF, 0xFF, 0xFF, 0xFF, 0xFF, 0xFF, 0xFF, 0xFF, 0x9E, 0xF7, 0xDF, 0xFF,
    0xFF, 0xFF, 0xFF, 0xFF, 0xFF, 0xFF, 0xFF, 0xFF, 0xFF, 0xFF, 0xFF, 0xFF, 0xFF, 0xFF, 0xFF, 0xFF,
    0xFF, 0xFF, 0xFF, 0xFF, 0x2C, 0x63, 0x61, 0x08, 0x81, 0x08, 0x81, 0x08, 0x61, 0x08, 0x61, 0x08,
    0x61, 0x08, 0x61, 0x08, 0x61, 0x08, 0x61, 0x08, 0x61, 0x08, 0x61, 0x08, 0x61, 0x08, 0x61, 0x08,
    0x81, 0x08, 0x61, 0x08, 0x07, 0x42, 0x7D, 0xEF, 0xFF, 0xFF, 0xFF, 0xFF, 0xFF, 0xFF, 0x35, 0xA5,
    0x4E, 0x21, 0xFD, 0x31, 0xFD, 0x31, 0x1D, 0x32, 0x1D, 0x32, 0x1D, 0x32, 0x1D, 0x32, 0x1D, 0x32,
    0x1D, 0x32, 0x1D, 0x32, 0x1D, 0x32, 0x1D, 0x32, 0x1D, 0x32, 0x1D, 0x32, 0x1D, 0x32, 0x1D, 0x32,
    0x1D, 0x32, 0x3D, 0x32, 0x3D, 0x32, 0x3D, 0x32, 0x3D, 0x32, 0x3D, 0x32, 0x3D, 0x32, 0x3D, 0x32,
    0x3D, 0x32, 0x3D, 0x32, 0x7D, 0xEF, 0x7D, 0xEF, 0x7D, 0xEF, 0x7D, 0xEF, 0x5D, 0xEF, 0x5D, 0xEF,
    0x5D, 0xEF, 0x5D, 0xEF, 0x5D, 0xEF, 0x5D, 0xEF, 0x5D, 0xEF, 0x5D, 0xEF, 0x5D, 0xEF, 0x5D, 0xEF,
    0x5D, 0xEF, 0x5D, 0xEF, 0x5D, 0xEF, 0x3C, 0xE7, 0x3C, 0xE7, 0x3C, 0xE7, 0x3C, 0xE7, 0x3C, 0xE7,
    0x3C, 0xE7, 0x3C, 0xE7, 0x3C, 0xE7, 0x00, 0x00, 0x71, 0x8C, 0x3C, 0xE7, 0xC7, 0x39, 0xE3, 0x18,
    0xBA, 0xD6, 0xD7, 0xBD, 0x00, 0x00, 0xAA, 0x52, 0x1C, 0xE7, 0x0C, 0x63, 0x61, 0x08, 0x1C, 0xE7,
    0x55, 0xAD, 0x00, 0x00, 0xEF, 0x7B, 0x1C, 0xE7, 0x0C, 0x63, 0x61, 0x08, 0x1C, 0xE7, 0x71, 0x8C,
    0xE3, 0x18, 0x38, 0xC6, 0x38, 0xC6, 0x45, 0x29, 0x8E, 0x73, 0x1C, 0xE7, 0x00, 0x00, 0xD3, 0x9C,
    0x1C, 0xE7, 0x38, 0xC6, 0x1C, 0xE7, 0x71, 0x8C, 0x00, 0x00, 0x1C, 0xE7, 0x55, 0xAD, 0x00, 0x00,
    0xEF, 0x7B, 0x1C, 0xE7, 0x0C, 0x63, 0x61, 0x08, 0x1C, 0xE7, 0x71, 0x8C, 0xE3, 0x18, 0x1C, 0xE7,
    0x71, 0x8C, 0xE3, 0x18, 0xBA, 0xD6, 0xBA, 0xD6, 0x45, 0x29, 0x10, 0x84, 0x3C, 0xE7, 0x3C, 0xE7,
    0x3C, 0xE7, 0x3C, 0xE7, 0x00, 0x00, 0x75, 0xAD, 0x3C, 0xE7, 0x3C, 0xE7, 0xE3, 0x18, 0x2C, 0x63,
    0x3C, 0xE7, 0xD7, 0xBD, 0x00, 0x00, 0x75, 0xAD, 0x5D, 0xEF, 0x5D, 0xEF, 0x5D, 0xEF, 0x75, 0xAD,
    0x00, 0x00, 0x75, 0xAD, 0x5D, 0xEF, 0xF7, 0xBD, 0x5D, 0xEF, 0x45, 0x29, 0xCB, 0x5A, 0x7D, 0xEF,
    0x79, 0xCE, 0x00, 0x00, 0x96, 0xB5, 0x7D, 0xEF, 0x00, 0x00, 0xCB, 0x5A, 0x7D, 0xEF, 0x96, 0xB5,
    0x00, 0x00, 0x9A, 0xD6, 0x9E, 0xF7, 0x00, 0x00, 0xCB, 0x5A, 0x9E, 0xF7, 0xB6, 0xB5, 0x00, 0x00,
    0xBA, 0xD6, 0xBA, 0xD6, 0x00, 0x00, 0x38, 0xC6, 0x9E, 0xF7, 0x4D, 0x6B, 0xE7, 0x39, 0xBE, 0xF7,
    0xE7, 0x39, 0x69, 0x4A, 0x3C, 0xE7, 0xBA, 0xD6, 0x3C, 0xE7, 0xDB, 0xDE, 0x00, 0x00, 0xDB, 0xDE,
    0xDF, 0xFF, 0xDF, 0xFF, 0xDF, 0xFF, 0xDF, 0xFF, 0xDF, 0xFF, 0xE3, 0x18, 0xF3, 0x9C, 0xFF, 0xFF,
    0xFF, 0xFF, 0xE7, 0x39, 0x69, 0x4A, 0x7D, 0xEF, 0xFB, 0xDE, 0x82, 0x10, 0xF7, 0xBD, 0xFF, 0xFF,
    0xFF, 0xFF, 0xFF, 0xFF, 0xFF, 0xFF, 0x00, 0x00, 0xF7, 0xBD, 0xFF, 0xFF, 0xFF, 0xFF, 0x08, 0x42,
    0x04, 0x21, 0x7D, 0xEF, 0xFB, 0xDE, 0x82, 0x10, 0x71, 0x8C, 0xFF, 0xFF, 0x86, 0x31, 0xEF, 0x7B,
    0xFF, 0xFF, 0xF7, 0xBD, 0x82, 0x10, 0x7D, 0xEF, 0xFF, 0xFF, 0xFF, 0xFF, 0xFF, 0xFF, 0xFF, 0xFF,
    0xFF, 0xFF, 0xFF, 0xFF, 0xFF, 0xFF, 0xFF, 0xFF, 0xFF, 0xFF, 0xFF, 0xFF, 0xFF, 0xFF, 0xFF, 0xFF,
    0xFF, 0xFF, 0xFF, 0xFF, 0xFF, 0xFF, 0xFF, 0xFF, 0xFF, 0xFF, 0xFF, 0xFF, 0xFF, 0xFF, 0xFF, 0xFF,
    0xFF, 0xFF, 0xFF, 0xFF, 0xFF, 0xFF, 0xFF, 0xFF, 0xFF, 0xFF, 0xFF, 0xFF, 0xFF, 0xFF, 0xFF, 0xFF,
    0xFF, 0xFF, 0xFF, 0xFF, 0xFF, 0xFF, 0xFF, 0xFF, 0xFF, 0xFF, 0xFF, 0xFF, 0xFF, 0xFF, 0xFF, 0xFF,
    0xAE, 0x7B, 0x55, 0xAD, 0xFF, 0xFF, 0xFF, 0xFF, 0xFF, 0xFF, 0x9E, 0xF7, 0x03, 0x19, 0x81, 0x08,
    0x61, 0x08, 0x81, 0x08, 0x61, 0x08, 0x61, 0x08, 0x61, 0x08, 0x61, 0x08, 0x61, 0x08, 0x61, 0x08,
    0x61, 0x08, 0x61, 0x08, 0x61, 0x08, 0x61, 0x08, 0x61, 0x08, 0x81, 0x08, 0x61, 0x08, 0xEB, 0x5A,
    0x9E, 0xF7, 0xFF, 0xFF, 0xFF, 0xFF, 0xFF, 0xFF, 0xFF, 0xFF, 0xFF, 0xFF, 0xFF, 0xFF, 0xFF, 0xFF,
    0xFF, 0xFF, 0xFF, 0xFF, 0xFF, 0xFF, 0xFF, 0xFF, 0xFF, 0xFF, 0xFF, 0xFF, 0xFF, 0xFF, 0xFF, 0xFF,
    0xFF, 0xFF, 0xFF, 0xFF, 0xFF, 0xFF, 0xFF, 0xFF, 0xFF, 0xFF, 0xFF, 0xFF, 0xFF, 0xFF, 0xFF, 0xFF,
    0xFF, 0xFF, 0xFF, 0xFF, 0xFF, 0xFF, 0xFF, 0xFF, 0xFF, 0xFF, 0xFF, 0xFF, 0xFF, 0xFF, 0xFF, 0xFF,
    0xFF, 0xFF, 0xFF, 0xFF, 0xFF, 0xFF, 0xFF, 0xFF, 0xFF, 0xFF, 0xFF, 0xFF, 0xFF, 0xFF, 0xFF, 0xFF,
    0xFF, 0xFF, 0xFF, 0xFF, 0xD6, 0xBD, 0x81, 0x08, 0x81, 0x08, 0x61, 0x08, 0x61, 0x08, 0x61, 0x08,
    0x61, 0x08, 0x61, 0x08, 0x61, 0x08, 0x61, 0x08, 0x61, 0x08, 0x61, 0x08, 0x61, 0x08, 0x61, 0x08,
    0x61, 0x08, 0x61, 0x08, 0x61, 0x08, 0x61, 0x08, 0x54, 0xAD, 0xFF, 0xFF, 0xFF, 0xFF, 0xFF, 0xFF,
    0x5D, 0xEF, 0x06, 0x21, 0x1D, 0x32, 0xFD, 0x31, 0x1D, 0x32, 0x1D, 0x32, 0x1D, 0x32, 0x1D, 0x32,
    0x1D, 0x32, 0x1D, 0x32, 0x1D, 0x32, 0x1D, 0x32, 0x1D, 0x32, 0x1D, 0x32, 0x1D, 0x32, 0x1D, 0x32,
    0x1D, 0x32, 0x3D, 0x32, 0x3D, 0x32, 0x3D, 0x32, 0x3D, 0x32, 0x3D, 0x32, 0x3D, 0x32, 0x3D, 0x32,
    0x3D, 0x3A, 0x3D, 0x32, 0x3D, 0x3A, 0x7D, 0xEF, 0x7D, 0xEF, 0x7D, 0xEF, 0x7D, 0xEF, 0x7D, 0xEF,
    0x7D, 0xEF, 0x5D, 0xEF, 0x5D, 0xEF, 0x5D, 0xEF, 0x5D, 0xEF, 0x5D, 0xEF, 0x5D, 0xEF, 0x5D, 0xEF,
    0x5D, 0xEF, 0x5D, 0xEF, 0x3C, 0xE7, 0x5D, 0xEF, 0x3C, 0xE7, 0x3C, 0xE7, 0x3C, 0xE7, 0x3C, 0xE7,
    0x3C, 0xE7, 0x3C, 0xE7, 0x3C, 0xE7, 0x3C, 0xE7, 0x00, 0x00, 0x71, 0x8C, 0x3C, 0xE7, 0xC7, 0x39,
    0x0C, 0x63, 0x3C, 0xE7, 0x3C, 0xE7, 0x00, 0x00, 0x55, 0xAD, 0x1C, 0xE7, 0x55, 0xAD, 0x00, 0x00,
    0x1C, 0xE7, 0x55, 0xAD, 0x00, 0x00, 0xBA, 0xD6, 0x1C, 0xE7, 0x38, 0xC6, 0x00, 0x00, 0x38, 0xC6,
    0xC7, 0x39, 0xAA, 0x52, 0x1C, 0xE7, 0x1C, 0xE7, 0xEF, 0x7B, 0xE3, 0x18, 0x1C, 0xE7, 0x28, 0x42,
    0xE3, 0x18, 0xAA, 0x52, 0x38, 0xC6, 0x1C, 0xE7, 0x71, 0x8C, 0x00, 0x00, 0x1C, 0xE7, 0x55, 0xAD,
    0x00, 0x00, 0x1C, 0xE7, 0x1C, 0xE7, 0x38, 0xC6, 0x00, 0x00, 0x38, 0xC6, 0x71, 0x8C, 0xE3, 0x18,
    0x1C, 0xE7, 0xAA, 0x52, 0x61, 0x08, 0xAA, 0x52, 0xAA, 0x52, 0xE3, 0x18, 0xAA, 0x52, 0x3C, 0xE7,
    0x3C, 0xE7, 0x3C, 0xE7, 0x3C, 0xE7, 0x00, 0x00, 0x75, 0xAD, 0x3C, 0xE7, 0xDB, 0xDE, 0x00, 0x00,
    0x75, 0xAD, 0x5D, 0xEF, 0x5D, 0xEF, 0xE3, 0x18, 0x10, 0x84, 0x5D, 0xEF, 0x5D, 0xEF, 0x5D, 0xEF,
    0xAE, 0x73, 0xC7, 0x39, 0x5D, 0xEF, 0x5D, 0xEF, 0x5D, 0xEF, 0xFB, 0xDE, 0x00, 0x00, 0x96, 0xB5,
    0x7D, 0xEF, 0x7D, 0xEF, 0x65, 0x29, 0xAE, 0x73, 0x7D, 0xEF, 0x00, 0x00, 0x96, 0xB5, 0x7D, 0xEF,
    0x7D, 0xEF, 0x00, 0x00, 0xB6, 0xB5, 0x9E, 0xF7, 0x00, 0x00, 0xB6, 0xB5, 0x9E, 0xF7, 0x9E, 0xF7,
    0x00, 0x00, 0xB6, 0xB5, 0x34, 0xA5, 0x00, 0x00, 0xCB, 0x5A, 0xCB, 0x5A, 0xE7, 0x39, 0xE3, 0x18,
    0xBE, 0xF7, 0x00, 0x00, 0xD7, 0xBD, 0xBE, 0xF7, 0xBE, 0xF7, 0xDF, 0xFF, 0xDB, 0xDE, 0x00, 0x00,
    0xDB, 0xDE, 0xDF, 0xFF, 0xDF, 0xFF, 0xDF, 0xFF, 0xDF, 0xFF, 0xDF, 0xFF, 0xE3, 0x18, 0xF3, 0x9C,
    0xFF, 0xFF, 0xFF, 0xFF, 0x00, 0x00, 0x75, 0xAD, 0xFF, 0xFF, 0xFF, 0xFF, 0x08, 0x42, 0x6D, 0x6B,
    0xFF, 0xFF, 0xFF, 0xFF, 0xFF, 0xFF, 0xFF, 0xFF, 0x00, 0x00, 0xF7, 0xBD, 0xFF, 0xFF, 0xFF, 0xFF,
    0x08, 0x42, 0x6D, 0x6B, 0xFF, 0xFF, 0xFF, 0xFF, 0x08, 0x42, 0xEF, 0x7B, 0x7D, 0xEF, 0x00, 0x00,
    0x08, 0x42, 0x0C, 0x63, 0x8A, 0x52, 0x00, 0x00, 0xFB, 0xDE, 0xFF, 0xFF, 0xFF, 0xFF, 0xFF, 0xFF,
    0xFF, 0xFF, 0xFF, 0xFF, 0xFF, 0xFF, 0xFF, 0xFF, 0xFF, 0xFF, 0xFF, 0xFF, 0xFF, 0xFF, 0xFF, 0xFF,
    0xFF, 0xFF, 0xFF, 0xFF, 0xFF, 0xFF, 0xFF, 0xFF, 0xFF, 0xFF, 0xFF, 0xFF, 0xFF, 0xFF, 0xFF, 0xFF,
    0xFF, 0xFF, 0xFF, 0xFF, 0xFF, 0xFF, 0xFF, 0xFF, 0xFF, 0xFF, 0xFF, 0xFF, 0xFF, 0xFF, 0xFF, 0xFF,
    0xFF, 0xFF, 0xFF, 0xFF, 0xFF, 0xFF, 0xFF, 0xFF, 0xFF, 0xFF, 0xFF, 0xFF, 0xFF, 0xFF, 0xFF, 0xFF,
    0xFF, 0xFF, 0xCB, 0x5A, 0x9A, 0xCE, 0xFF, 0xFF, 0xFF, 0xFF, 0xFF, 0xFF, 0x95, 0xB5, 0x61, 0x08,
    0x61, 0x08, 0x81, 0x08, 0xA6, 0x31, 0x61, 0x08, 0x61, 0x08, 0x44, 0x29, 0xA2, 0x10, 0x81, 0x08,
    0xE3, 0x18, 0x03, 0x21, 0x61, 0x08, 0x81, 0x08, 0x61, 0x08, 0x61, 0x08, 0x81, 0x08, 0x81, 0x08,
    0x61, 0x08, 0x07, 0x42, 0xB6, 0xB5, 0x1B, 0xE7, 0x5C, 0xEF, 0x7D, 0xF7, 0x5C, 0xEF, 0x5C, 0xEF,
    0x5C, 0xEF, 0x5C, 0xEF, 0x5C, 0xEF, 0x5C, 0xEF, 0x5C, 0xEF, 0x5C, 0xEF, 0x5C, 0xEF, 0x7D, 0xEF,
    0xBE, 0xF7, 0x7D, 0xF7, 0x7D, 0xF7, 0x5D, 0xEF, 0x5C, 0xEF, 0x5C, 0xEF, 0x5C, 0xEF, 0x5C, 0xEF,
    0x5C, 0xEF, 0x5C, 0xEF, 0x5C, 0xEF, 0x5C, 0xEF, 0x5C, 0xEF, 0x9D, 0xF7, 0x7D, 0xEF, 0x5C, 0xEF,
    0x7D, 0xF7, 0x5C, 0xEF, 0xBE, 0xFF, 0x9D, 0xF7, 0x9D, 0xF7, 0xBE, 0xF7, 0x5D, 0xEF, 0x5C, 0xEF,
    0x5C, 0xEF, 0x58, 0xCE, 0xAE, 0x73, 0x81, 0x08, 0x61, 0x08, 0x61, 0x08, 0x61, 0x08, 0x61, 0x08,
    0x61, 0x08, 0x61, 0x08, 0x61, 0x08, 0x61, 0x08, 0x61, 0x08, 0x61, 0x08, 0x61, 0x08, 0x61, 0x08,
    0x61, 0x08, 0x61, 0x08, 0x61, 0x08, 0x61, 0x08, 0x61, 0x08, 0x6D, 0x6B, 0xFF, 0xFF, 0xFF, 0xFF,
    0xFF, 0xFF, 0xFF, 0xFF, 0xA7, 0x31, 0xFA, 0x31, 0x1D, 0x32, 0x1D, 0x32, 0x1D, 0x32, 0x1D, 0x32,
    0x1D, 0x32, 0x1D, 0x32, 0x1D, 0x32, 0x1D, 0x32, 0x1D, 0x32, 0x1D, 0x32, 0x3D, 0x32, 0x1D, 0x32,
    0x3D, 0x32, 0x3D, 0x32, 0x3D, 0x32, 0x3D, 0x32, 0x3D, 0x32, 0x3D, 0x32, 0x3D, 0x32, 0x3D, 0x32,
    0x3D, 0x32, 0x3D, 0x3A, 0x3D, 0x3A, 0x3D, 0x3A, 0x7D, 0xEF, 0x7D, 0xEF, 0x7D, 0xEF, 0x7D, 0xEF,
    0x7D, 0xEF, 0x5D, 0xEF, 0x5D, 0xEF, 0x5D, 0xEF, 0x5D, 0xEF, 0x5D, 0xEF, 0x5D, 0xEF, 0x5D, 0xEF,
    0x5D, 0xEF, 0x5D, 0xEF, 0x5D, 0xEF, 0x5D, 0xEF, 0x3C, 0xE7, 0x3C, 0xE7, 0x3C, 0xE7, 0x3C, 0xE7,
    0x3C, 0xE7, 0x3C, 0xE7, 0x3C, 0xE7, 0x3C, 0xE7, 0x3C, 0xE7, 0x00, 0x00, 0x71, 0x8C, 0x3C, 0xE7,
    0xC7, 0x39, 0x8E, 0x73, 0x3C, 0xE7, 0x3C, 0xE7, 0x00, 0x00, 0x55, 0xAD, 0x1C, 0xE7, 0x55, 0xAD,
    0x00, 0x00, 0x1C, 0xE7, 0x55, 0xAD, 0x00, 0x00, 0xBA, 0xD6, 0x1C, 0xE7, 0xD7, 0xBD, 0x00, 0x00,
    0x38, 0xC6, 0x28, 0x42, 0xAA, 0x52, 0x1C, 0xE7, 0x1C, 0xE7, 0xEF, 0x7B, 0x45, 0x29, 0x1C, 0xE7,
    0x1C, 0xE7, 0xD3, 0x9C, 0xC7, 0x39, 0x61, 0x08, 0xBA, 0xD6, 0x71, 0x8C, 0x00, 0x00, 0x1C, 0xE7,
    0x55, 0xAD, 0x00, 0x00, 0xBA, 0xD6, 0x1C, 0xE7, 0xD7, 0xBD, 0x00, 0x00, 0x38, 0xC6, 0x71, 0x8C,
    0xE3, 0x18, 0x3C, 0xE7, 0xAA, 0x52, 0xC7, 0x39, 0x71, 0x8C, 0x71, 0x8C, 0x71, 0x8C, 0x75, 0xAD,
    0x3C, 0xE7, 0x3C, 0xE7, 0x3C, 0xE7, 0x3C, 0xE7, 0x00, 0x00, 0x75, 0xAD, 0x3C, 0xE7, 0x59, 0xCE,
    0x00, 0x00, 0xF7, 0xBD, 0x5D, 0xEF, 0x5D, 0xEF, 0x45, 0x29, 0xAE, 0x73, 0x5D, 0xEF, 0x5D, 0xEF,
    0x5D, 0xEF, 0xAE, 0x73, 0x65, 0x29, 0x5D, 0xEF, 0x5D, 0xEF, 0x5D, 0xEF, 0xFB, 0xDE, 0x00, 0x00,
    0x14, 0xA5, 0x7D, 0xEF, 0x7D, 0xEF, 0xC7, 0x39, 0xAE, 0x73, 0x7D, 0xEF, 0x00, 0x00, 0xB6, 0xB5,
    0x7D, 0xEF, 0x9E, 0xF7, 0x00, 0x00, 0xB6, 0xB5, 0x9E, 0xF7, 0x00, 0x00, 0xB6, 0xB5, 0x9E, 0xF7,
    0x9E, 0xF7, 0x00, 0x00, 0xB6, 0xB5, 0xD3, 0x9C, 0x00, 0x00, 0xD3, 0x9C, 0xD3, 0x9C, 0xD3, 0x9C,
    0x55, 0xAD, 0xBE, 0xF7, 0x00, 0x00, 0x55, 0xAD, 0xBE, 0xF7, 0xDF, 0xFF, 0xDF, 0xFF, 0xDB, 0xDE,
    0x00, 0x00, 0xDB, 0xDE, 0xDF, 0xFF, 0xDF, 0xFF, 0xDF, 0xFF, 0xDF, 0xFF, 0xDF, 0xFF, 0xE3, 0x18,
    0xF3, 0x9C, 0xFF, 0xFF, 0xFF, 0xFF, 0x00, 0x00, 0x75, 0xAD, 0xFF, 0xFF, 0xFF, 0xFF, 0x08, 0x42,
    0x6D, 0x6B, 0xFF, 0xFF, 0xFF, 0xFF, 0xFF, 0xFF, 0xFF, 0xFF, 0x00, 0x00, 0xF7, 0xBD, 0xFF, 0xFF,
    0xFF, 0xFF, 0x08, 0x42, 0xEF, 0x7B, 0xFF, 0xFF, 0xFF, 0xFF, 0x08, 0x42, 0xEF, 0x7B, 0x7D, 0xEF,
    0x00, 0x00, 0xEF, 0x7B, 0xF3, 0x9C, 0xF3, 0x9C, 0xF3, 0x9C, 0x7D, 0xEF, 0xFF, 0xFF, 0xFF, 0xFF,
    0xFF, 0xFF, 0xFF, 0xFF, 0xFF, 0xFF, 0xFF, 0xFF, 0xFF, 0xFF, 0xFF, 0xFF, 0xFF, 0xFF, 0xFF, 0xFF,
    0xFF, 0xFF, 0xFF, 0xFF, 0xFF, 0xFF, 0xFF, 0xFF, 0xFF, 0xFF, 0xFF, 0xFF, 0xFF, 0xFF, 0xFF, 0xFF,
    0xFF, 0xFF, 0xFF, 0xFF, 0xFF, 0xFF, 0xFF, 0xFF, 0xFF, 0xFF, 0xFF, 0xFF, 0xFF, 0xFF, 0xFF, 0xFF,
    0xFF, 0xFF, 0xFF, 0xFF, 0xFF, 0xFF, 0xFF, 0xFF, 0xFF, 0xFF, 0xFF, 0xFF, 0xFF, 0xFF, 0xFF, 0xFF,
    0xFF, 0xFF, 0xFF, 0xFF, 0x29, 0x42, 0x9E, 0xF7, 0xFF, 0xFF, 0xFF, 0xFF, 0xFF, 0xFF, 0xB2, 0x9C,
    0x81, 0x08, 0x61, 0x08, 0x61, 0x08, 0xEF, 0x7B, 0xEA, 0x5A, 0xCE, 0x73, 0x89, 0x4A, 0xC6, 0x39,
    0x8D, 0x6B, 0x68, 0x4A, 0x07, 0x42, 0xAE, 0x73, 0x44, 0x29, 0x81, 0x08, 0x4C, 0x6B, 0x27, 0x42,
    0xCA, 0x52, 0x2B, 0x63, 0x28, 0x42, 0x0B, 0x63, 0xEA, 0x5A, 0xC6, 0x39, 0xCE, 0x7B, 0x07, 0x42,
    0xAE, 0x73, 0x69, 0x4A, 0x81, 0x08, 0xCA, 0x5A, 0xAA, 0x52, 0xAA, 0x52, 0xAE, 0x73, 0x61, 0x08,
    0x89, 0x52, 0x89, 0x52, 0x4C, 0x6B, 0xEA, 0x5A, 0xB2, 0x94, 0x07, 0x42, 0xAE, 0x73, 0xC6, 0x39,
    0x48, 0x4A, 0x07, 0x42, 0x8D, 0x73, 0xA6, 0x31, 0x61, 0x08, 0x24, 0x21, 0xC6, 0x39, 0xEA, 0x5A,
    0xEB, 0x5A, 0x0F, 0x84, 0xA6, 0x31, 0x0F, 0x84, 0x8D, 0x73, 0x6C, 0x6B, 0x24, 0x21, 0x0B, 0x63,
    0x61, 0x08, 0x61, 0x08, 0x61, 0x08, 0x61, 0x08, 0x61, 0x08, 0x61, 0x08, 0x81, 0x08, 0x61, 0x08,
    0x61, 0x08, 0x61, 0x08, 0x61, 0x08, 0x61, 0x08, 0x61, 0x08, 0x61, 0x08, 0x61, 0x08, 0x61, 0x08,
    0x61, 0x08, 0x61, 0x08, 0x61, 0x08, 0x81, 0x08, 0x61, 0x08, 0x61, 0x08, 0xCA, 0x5A, 0xFF, 0xFF,
    0xFF, 0xFF, 0xFF, 0xFF, 0xFF, 0xFF, 0xAB, 0x4A, 0xB6, 0x29, 0x1D, 0x32, 0x1D, 0x32, 0x1D, 0x32,
    0x1D, 0x32, 0x1D, 0x32, 0x1D, 0x32, 0x1D, 0x32, 0x1D, 0x32, 0x1D, 0x32, 0x1D, 0x32, 0x3D, 0x32,
    0x3D, 0x32, 0x3D, 0x32, 0x3D, 0x32, 0x3D, 0x32, 0x3D, 0x32, 0x3D, 0x32, 0x3D, 0x32, 0x3D, 0x32,
    0x3D, 0x3A, 0x3D, 0x3A, 0x3D, 0x3A, 0x3D, 0x3A, 0x5D, 0x3A, 0x7D, 0xEF, 0x7D, 0xEF, 0x7D, 0xEF,
    0x7D, 0xEF, 0x7D, 0xEF, 0x5D, 0xEF, 0x5D, 0xEF, 0x5D, 0xEF, 0x5D, 0xEF, 0x5D, 0xEF, 0x5D, 0xEF,
    0x5D, 0xEF, 0x5D, 0xEF, 0x5D, 0xEF, 0x5D, 0xEF, 0x5D, 0xEF, 0x5D, 0xEF, 0x3C, 0xE7, 0x3C, 0xE7,
    0x3C, 0xE7, 0x3C, 0xE7, 0x3C, 0xE7, 0x3C, 0xE7, 0x3C, 0xE7, 0x3C, 0xE7, 0x00, 0x00, 0x71, 0x8C,
    0x3C, 0xE7, 0xC7, 0x39, 0x8E, 0x73, 0x3C, 0xE7, 0x3C, 0xE7, 0x00, 0x00, 0x55, 0xAD, 0x3C, 0xE7,
    0x55, 0xAD, 0x00, 0x00, 0x1C, 0xE7, 0x55, 0xAD, 0x00, 0x00, 0x71, 0x8C, 0x1C, 0xE7, 0x8E, 0x73,
    0xE3, 0x18, 0x1C, 0xE7, 0x8E, 0x73, 0x61, 0x08, 0x38, 0xC6, 0xBA, 0xD6, 0x45, 0x29, 0xAA, 0x52,
    0x1C, 0xE7, 0x38, 0xC6, 0x1C, 0xE7, 0x1C, 0xE7, 0x61, 0x08, 0xF3, 0x9C, 0x71, 0x8C, 0x00, 0x00,
    0x3C, 0xE7, 0x55, 0xAD, 0x00, 0x00, 0x71, 0x8C, 0x3C, 0xE7, 0x8E, 0x73, 0xE3, 0x18, 0x3C, 0xE7,
    0x71, 0x8C, 0xE3, 0x18, 0x3C, 0xE7, 0x71, 0x8C, 0x61, 0x08, 0x59, 0xCE, 0x3C, 0xE7, 0xBA, 0xD6,
    0xBA, 0xD6, 0x3C, 0xE7, 0x3C, 0xE7, 0x3C, 0xE7, 0x3C, 0xE7, 0x00, 0x00, 0xF3, 0x9C, 0x5D, 0xEF,
    0x5D, 0xEF, 0x45, 0x29, 0x2C, 0x63, 0x5D, 0xEF, 0x79, 0xCE, 0x00, 0x00, 0x75, 0xAD, 0x5D, 0xEF,
    0x5D, 0xEF, 0x5D, 0xEF, 0x96, 0xB5, 0x00, 0x00, 0x79, 0xCE, 0x7D, 0xEF, 0x18, 0xC6, 0x7D, 0xEF,
    0xE7, 0x39, 0x4D, 0x6B, 0x7D, 0xEF, 0x9A, 0xD6, 0x00, 0x00, 0x96, 0xB5, 0x7D, 0xEF, 0x00, 0x00,
    0xB6, 0xB5, 0x9E, 0xF7, 0x9E, 0xF7, 0x00, 0x00, 0xB6, 0xB5, 0x9E, 0xF7, 0x00, 0x00, 0xB6, 0xB5,
    0x9E, 0xF7, 0x9E, 0xF7, 0x00, 0x00, 0xB6, 0xB5, 0x3C, 0xE7, 0x00, 0x00, 0x55, 0xAD, 0xBE, 0xF7,
    0xBE, 0xF7, 0xDB, 0xDE, 0xBE, 0xF7, 0xE7, 0x39, 0xEB, 0x5A, 0xDF, 0xFF, 0x5D, 0xEF, 0xDB, 0xDE,
    0xDB, 0xDE, 0x00, 0x00, 0xD7, 0xBD, 0xDF, 0xFF, 0xDF, 0xFF, 0xDF, 0xFF, 0xDF, 0xFF, 0xFF, 0xFF,
    0xE3, 0x18, 0x71, 0x8C, 0xFF, 0xFF, 0xFF, 0xFF, 0x08, 0x42, 0x0C, 0x63, 0xFF, 0xFF, 0xFB, 0xDE,
    0x82, 0x10, 0xF3, 0x9C, 0xFF, 0xFF, 0xFF, 0xFF, 0xFF, 0xFF, 0xFF, 0xFF, 0x82, 0x10, 0xF3, 0x9C,
    0xFF, 0xFF, 0xFF, 0xFF, 0x08, 0x42, 0xEF, 0x7B, 0xFF, 0xFF, 0xFF, 0xFF, 0x08, 0x42, 0xEF, 0x7B,
    0xFF, 0xFF, 0x86, 0x31, 0x8E, 0x73, 0xFF, 0xFF, 0xFF, 0xFF, 0x79, 0xCE, 0xFF, 0xFF, 0xFF, 0xFF,
    0xFF, 0xFF, 0xFF, 0xFF, 0xFF, 0xFF, 0xFF, 0xFF, 0xFF, 0xFF, 0xFF, 0xFF, 0xFF, 0xFF, 0xFF, 0xFF,
    0xFF, 0xFF, 0xFF, 0xFF, 0xFF, 0xFF, 0xFF, 0xFF, 0xFF, 0xFF, 0xFF, 0xFF, 0xFF, 0xFF, 0xFF, 0xFF,
    0xFF, 0xFF, 0xFF, 0xFF, 0xFF, 0xFF, 0xFF, 0xFF, 0xFF, 0xFF, 0xFF, 0xFF, 0xFF, 0xFF, 0xFF, 0xFF,
    0xFF, 0xFF, 0xFF, 0xFF, 0xFF, 0xFF, 0xFF, 0xFF, 0xFF, 0xFF, 0xFF, 0xFF, 0xFF, 0xFF, 0xFF, 0xFF,
    0xFF, 0xFF, 0xFF, 0xFF, 0xDF, 0xFF, 0x4A, 0x42, 0xFF, 0xFF, 0xFF, 0xFF, 0xFF, 0xFF, 0xFF, 0xFF,
    0xB2, 0x9C, 0x61, 0x08, 0x81, 0x08, 0x61, 0x08, 0xEF, 0x7B, 0xCE, 0x7B, 0xEB, 0x5A, 0x0F, 0x7C,
    0xAE, 0x73, 0x44, 0x29, 0xCA, 0x52, 0x0B, 0x63, 0xAE, 0x73, 0xCA, 0x5A, 0x81, 0x10, 0xCE, 0x7B,
    0x0B, 0x63, 0xB2, 0x94, 0x8D, 0x6B, 0xCA, 0x5A, 0x30, 0x84, 0x30, 0x84, 0x2C, 0x63, 0x07, 0x3A,
    0xD2, 0x94, 0xAA, 0x52, 0xEF, 0x7B, 0xC2, 0x10, 0xF3, 0x9C, 0x6C, 0x63, 0x6D, 0x6B, 0x0B, 0x5B,
    0xC2, 0x10, 0xA9, 0x4A, 0x48, 0x42, 0x8D, 0x6B, 0x8D, 0x6B, 0xAE, 0x73, 0x89, 0x4A, 0xEE, 0x7B,
    0x27, 0x42, 0xB5, 0xAD, 0x6C, 0x6B, 0x50, 0x84, 0x89, 0x4A, 0x81, 0x08, 0xA2, 0x10, 0xA6, 0x31,
    0x4C, 0x63, 0xD2, 0x94, 0x33, 0xA5, 0x2B, 0x63, 0xEE, 0x7B, 0xAD, 0x73, 0x8D, 0x6B, 0xA1, 0x08,
    0x6D, 0x6B, 0x81, 0x08, 0x61, 0x08, 0x61, 0x08, 0x61, 0x08, 0x61, 0x08, 0x61, 0x08, 0x61, 0x08,
    0x61, 0x08, 0x61, 0x08, 0x61, 0x08, 0x61, 0x08, 0x61, 0x08, 0x61, 0x08, 0x61, 0x08, 0x61, 0x08,
    0x61, 0x08, 0x61, 0x08, 0xE3, 0x18, 0x48, 0x42, 0x61, 0x08, 0x61, 0x08, 0x61, 0x08, 0x89, 0x52,
    0xFF, 0xFF, 0xFF, 0xFF, 0xFF, 0xFF, 0xFF, 0xFF, 0x4E, 0x5B, 0xB6, 0x29, 0x1D, 0x32, 0x1D, 0x32,
    0x1D, 0x32, 0x1D, 0x32, 0x1D, 0x32, 0x1D, 0x32, 0x1D, 0x32, 0x1D, 0x32, 0x1D, 0x32, 0x3D, 0x32,
    0x3D, 0x32, 0x3D, 0x32, 0x3D, 0x32, 0x3D, 0x32, 0x3D, 0x32, 0x3D, 0x32, 0x3D, 0x32, 0x3D, 0x32,
    0x3D, 0x3A, 0x3D, 0x3A, 0x3D, 0x3A, 0x3D, 0x3A, 0x5D, 0x3A, 0x5D, 0x3A, 0x7D, 0xEF, 0x7D, 0xEF,
    0x7D, 0xEF, 0x7D, 0xEF, 0x7D, 0xEF, 0x7D, 0xEF, 0x5D, 0xEF, 0x5D, 0xEF, 0x5D, 0xEF, 0x5D, 0xEF,
    0x5D, 0xEF, 0x5D, 0xEF, 0x5D, 0xEF, 0x5D, 0xEF, 0x5D, 0xEF, 0x5D, 0xEF, 0x5D, 0xEF, 0x5D, 0xEF,
    0x5D, 0xEF, 0x5D, 0xEF, 0x3C, 0xE7, 0x3C, 0xE7, 0x3C, 0xE7, 0x3C, 0xE7, 0x3C, 0xE7, 0x00, 0x00,
    0x92, 0x94, 0x3C, 0xE7, 0xC7, 0x39, 0x8E, 0x73, 0x3C, 0xE7, 0x3C, 0xE7, 0x00, 0x00, 0x55, 0xAD,
    0x3C, 0xE7, 0x75, 0xAD, 0x00, 0x00, 0x3C, 0xE7, 0x55, 0xAD, 0x00, 0x00, 0xAA, 0x52, 0x00, 0x00,
    0x61, 0x08, 0xF3, 0x9C, 0x1C, 0xE7, 0x1C, 0xE7, 0xAA, 0x52, 0x00, 0x00, 0x61, 0x08, 0xC7, 0x39,
    0x38, 0xC6, 0x1C, 0xE7, 0xE3, 0x18, 0xE3, 0x18, 0x61, 0x08, 0xC7, 0x39, 0x1C, 0xE7, 0x71, 0x8C,
    0x00, 0x00, 0x1C, 0xE7, 0x55, 0xAD, 0xE3, 0x18, 0x28, 0x42, 0x00, 0x00, 0x61, 0x08, 0xF3, 0x9C,
    0x3C, 0xE7, 0x71, 0x8C, 0xE3, 0x18, 0x3C, 0xE7, 0x3C, 0xE7, 0x2C, 0x63, 0x00, 0x00, 0xE3, 0x18,
    0x61, 0x08, 0xD7, 0xBD, 0x3C, 0xE7, 0x3C, 0xE7, 0x3C, 0xE7, 0x3C, 0xE7, 0x2C, 0x63, 0x00, 0x00,
    0x61, 0x08, 0x5D, 0xEF, 0xF7, 0xBD, 0xE3, 0x18, 0x61, 0x08, 0x61, 0x08, 0x30, 0x84, 0x5D, 0xEF,
    0x5D, 0xEF, 0x5D, 0xEF, 0x5D, 0xEF, 0x5D, 0xEF, 0x2C, 0x63, 0x00, 0x00, 0x00, 0x00, 0x65, 0x29,
    0x7D, 0xEF, 0x9A, 0xD6, 0xE3, 0x18, 0x61, 0x08, 0x61, 0x08, 0xAE, 0x73, 0x7D, 0xEF, 0x9E, 0xF7,
    0x00, 0x00, 0xB6, 0xB5, 0x9E, 0xF7, 0x9E, 0xF7, 0x00, 0x00, 0xB6, 0xB5, 0x9E, 0xF7, 0x00, 0x00,
    0xB6, 0xB5, 0xBE, 0xF7, 0xBE, 0xF7, 0x00, 0x00, 0xB6, 0xB5, 0xBE, 0xF7, 0xD3, 0x9C, 0xE3, 0x18,
    0xE3, 0x18, 0x82, 0x10, 0xCF, 0x7B, 0xBE, 0xF7, 0x59, 0xCE, 0xE3, 0x18, 0x00, 0x00, 0x00, 0x00,
    0x75, 0xAD, 0xDF, 0xFF, 0xE7, 0x39, 0x00, 0x00, 0xE7, 0x39, 0xDF, 0xFF, 0xFF, 0xFF, 0xFF, 0xFF,
    0xFF, 0xFF, 0x71, 0x8C, 0x00, 0x00, 0x82, 0x10, 0xFB, 0xDE, 0xFB, 0xDE, 0x04, 0x21, 0x82, 0x10,
    0x00, 0x00, 0x6D, 0x6B, 0xFF, 0xFF, 0xFF, 0xFF, 0xFF, 0xFF, 0xFF, 0xFF, 0xFF, 0xFF, 0xEF, 0x7B,
    0x00, 0x00, 0x82, 0x10, 0xFF, 0xFF, 0x08, 0x42, 0xEF, 0x7B, 0xFF, 0xFF, 0xFF, 0xFF, 0x08, 0x42,
    0xEF, 0x7B, 0xFF, 0xFF, 0xFB, 0xDE, 0x04, 0x21, 0x82, 0x10, 0x82, 0x10, 0x08, 0x42, 0xFF, 0xFF,
    0xFF, 0xFF, 0xFF, 0xFF, 0xFF, 0xFF, 0xFF, 0xFF, 0xFF, 0xFF, 0xFF, 0xFF, 0xFF, 0xFF, 0xFF, 0xFF,
    0xFF, 0xFF, 0xFF, 0xFF, 0xFF, 0xFF, 0xFF, 0xFF, 0xFF, 0xFF, 0xFF, 0xFF, 0xFF, 0xFF, 0xFF, 0xFF,
    0xFF, 0xFF, 0xFF, 0xFF, 0xFF, 0xFF, 0xFF, 0xFF, 0xFF, 0xFF, 0xFF, 0xFF, 0xFF, 0xFF, 0xFF, 0xFF,
    0xFF, 0xFF, 0xFF, 0xFF, 0xFF, 0xFF, 0xFF, 0xFF, 0xFF, 0xFF, 0xFF, 0xFF, 0xFF, 0xFF, 0xFF, 0xFF,
    0xFF, 0xFF, 0xFF, 0xFF, 0xFF, 0xFF, 0xDE, 0xFF, 0x4A, 0x42, 0xFF, 0xFF, 0xFF, 0xFF, 0xFF, 0xFF,
    0xFF, 0xFF, 0xB2, 0x9C, 0x61, 0x08, 0x81, 0x08, 0x61, 0x08, 0x48, 0x4A, 0x48, 0x4A, 0xC6, 0x39,
    0x69, 0x4A, 0xA6, 0x31, 0x2C, 0x63, 0xE7, 0x39, 0xE7, 0x39, 0xEB, 0x5A, 0xC7, 0x39, 0x82, 0x10,
    0xEB, 0x5A, 0x28, 0x42, 0x69, 0x4A, 0x89, 0x4A, 0x48, 0x4A, 0xCA, 0x52, 0x48, 0x4A, 0xA6, 0x31,
    0x2C, 0x63, 0xE6, 0x39, 0xA6, 0x31, 0x69, 0x4A, 0x61, 0x08, 0x69, 0x4A, 0x28, 0x42, 0xE7, 0x39,
    0xC6, 0x31, 0xA2, 0x10, 0x85, 0x31, 0x2C, 0x63, 0xE7, 0x39, 0x28, 0x42, 0x48, 0x4A, 0x28, 0x42,
    0x4C, 0x63, 0x28, 0x42, 0xC6, 0x39, 0xE7, 0x39, 0x0B, 0x63, 0x68, 0x4A, 0x0B, 0x63, 0x89, 0x4A,
    0xEB, 0x5A, 0xA5, 0x31, 0xE7, 0x39, 0x03, 0x19, 0x89, 0x4A, 0x8D, 0x73, 0x89, 0x4A, 0x28, 0x42,
    0x0B, 0x63, 0xE2, 0x18, 0x61, 0x08, 0x61, 0x08, 0x61, 0x08, 0x61, 0x08, 0x61, 0x08, 0x61, 0x08,
    0x61, 0x08, 0x61, 0x08, 0x61, 0x08, 0x61, 0x08, 0x61, 0x08, 0x61, 0x08, 0x61, 0x08, 0x61, 0x08,
    0x61, 0x08, 0x61, 0x08, 0x61, 0x08, 0x24, 0x21, 0xE7, 0x39, 0x81, 0x08, 0x61, 0x08, 0x61, 0x08,
    0x89, 0x52, 0xFF, 0xFF, 0xFF, 0xFF, 0xFF, 0xFF, 0xFF, 0xFF, 0x6E, 0x63, 0xB6, 0x29, 0x1D, 0x32,
    0x1D, 0x32, 0x1D, 0x32, 0x1D, 0x32, 0x1D, 0x32, 0x1D, 0x32, 0x1D, 0x32, 0x3D, 0x32, 0x3D, 0x32,
    0x3D, 0x32, 0x3D, 0x32, 0x3D, 0x32, 0x3D, 0x32, 0x3D, 0x32, 0x3D, 0x32, 0x3D, 0x32, 0x3D, 0x3A,
    0x3D, 0x3A, 0x3D, 0x3A, 0x3D, 0x3A, 0x3D, 0x3A, 0x3D, 0x3A, 0x3D, 0x3A, 0x5D, 0x3A, 0x7D, 0xEF,
    0x7D, 0xEF, 0x7D, 0xEF, 0x7D, 0xEF, 0x7D, 0xEF, 0x5D, 0xEF, 0x5D, 0xEF, 0x5D, 0xEF, 0x5D, 0xEF,
    0x5D, 0xEF, 0x5D, 0xEF, 0x5D, 0xEF, 0x5D, 0xEF, 0x5D, 0xEF, 0x5D, 0xEF, 0x5D, 0xEF, 0x5D, 0xEF,
    0x5D, 0xEF, 0x5D, 0xEF, 0x3C, 0xE7, 0x3C, 0xE7, 0x3C, 0xE7, 0x3C, 0xE7, 0x3C, 0xE7, 0x3C, 0xE7,
    0x3C, 0xE7, 0x3C, 0xE7, 0x3C, 0xE7, 0x3C, 0xE7, 0x3C, 0xE7, 0x3C, 0xE7, 0x3C, 0xE7, 0x3C, 0xE7,
    0x3C, 0xE7, 0x3C, 0xE7, 0x3C, 0xE7, 0x3C, 0xE7, 0x3C, 0xE7, 0x55, 0xAD, 0x00, 0x00, 0x3C, 0xE7,
    0xBA, 0xD6, 0xBA, 0xD6, 0x3C, 0xE7, 0x1C, 0xE7, 0x3C, 0xE7, 0x3C, 0xE7, 0xBA, 0xD6, 0xBA, 0xD6,
    0x3C, 0xE7, 0x1C, 0xE7, 0x3C, 0xE7, 0x1C, 0xE7, 0x38, 0xC6, 0xBA, 0xD6, 0x1C, 0xE7, 0x3C, 0xE7,
    0x3C, 0xE7, 0x3C, 0xE7, 0x3C, 0xE7, 0x3C, 0xE7, 0x3C, 0xE7, 0x3C, 0xE7, 0xBA, 0xD6, 0xBA, 0xD6,
    0x3C, 0xE7, 0x3C, 0xE7, 0x3C, 0xE7, 0x3C, 0xE7, 0x3C, 0xE7, 0x3C, 0xE7, 0x3C, 0xE7, 0xDB, 0xDE,
    0x59, 0xCE, 0x3C, 0xE7, 0x3C, 0xE7, 0x3C, 0xE7, 0x3C, 0xE7, 0x3C, 0xE7, 0x5D, 0xEF, 0x5D, 0xEF,
    0xDB, 0xDE, 0xDB, 0xDE, 0x5D, 0xEF, 0x5D, 0xEF, 0x5D, 0xEF, 0x79, 0xCE, 0xFB, 0xDE, 0x5D, 0xEF,
    0x5D, 0xEF, 0x5D, 0xEF, 0x5D, 0xEF, 0x7D, 0xEF, 0x5D, 0xEF, 0x7D, 0xEF, 0xFB, 0xDE, 0x9A, 0xD6,
    0x7D, 0xEF, 0x7D, 0xEF, 0x7D, 0xEF, 0x7D, 0xEF, 0x9A, 0xD6, 0x1C, 0xE7, 0x9E, 0xF7, 0x9E, 0xF7,
    0x9E, 0xF7, 0x9E, 0xF7, 0x9E, 0xF7, 0x9E, 0xF7, 0x9E, 0xF7, 0x9E, 0xF7, 0x9E, 0xF7, 0x9E, 0xF7,
    0x9E, 0xF7, 0xBE, 0xF7, 0xBE, 0xF7, 0xBE, 0xF7, 0xBE, 0xF7, 0xBE, 0xF7, 0xBE, 0xF7, 0xBE, 0xF7,
    0xBE, 0xF7, 0xBA, 0xD6, 0x3C, 0xE7, 0xBE, 0xF7, 0xBE, 0xF7, 0xDF, 0xFF, 0xDF, 0xFF, 0xDB, 0xDE,
    0x5D, 0xEF, 0xDF, 0xFF, 0xDF, 0xFF, 0xDF, 0xFF, 0xFB, 0xDE, 0x5D, 0xEF, 0xFF, 0xFF, 0xFF, 0xFF,
    0xFF, 0xFF, 0xFF, 0xFF, 0xFF, 0xFF, 0x7D, 0xEF, 0x7D, 0xEF, 0xFF, 0xFF, 0xFF, 0xFF, 0xFF, 0xFF,
    0x7D, 0xEF, 0x7D, 0xEF, 0xFF, 0xFF, 0xFF, 0xFF, 0xFF, 0xFF, 0xFF, 0xFF, 0xFF, 0xFF, 0xFF, 0xFF,
    0xFF, 0xFF, 0x7D, 0xEF, 0x7D, 0xEF, 0xFF, 0xFF, 0xFF, 0xFF, 0xFF, 0xFF, 0xFF, 0xFF, 0xFF, 0xFF,
    0xFF, 0xFF, 0xFF, 0xFF, 0xFF, 0xFF, 0xFF, 0xFF, 0xFF, 0xFF, 0x7D, 0xEF, 0x7D, 0xEF, 0xFF, 0xFF,
    0xFF, 0xFF, 0xFF, 0xFF, 0xFF, 0xFF, 0xFF, 0xFF, 0xFF, 0xFF, 0xFF, 0xFF, 0xFF, 0xFF, 0xFF, 0xFF,
    0xFF, 0xFF, 0xFF, 0xFF, 0xFF, 0xFF, 0xFF, 0xFF, 0xFF, 0xFF, 0xFF, 0xFF, 0xFF, 0xFF, 0xFF, 0xFF,
    0xFF, 0xFF, 0xFF, 0xFF, 0xFF, 0xFF, 0xFF, 0xFF, 0xFF, 0xFF, 0xFF, 0xFF, 0xFF, 0xFF, 0xFF, 0xFF,
    0xFF, 0xFF, 0xFF, 0xFF, 0xFF, 0xFF, 0xFF, 0xFF, 0xFF, 0xFF, 0xFF, 0xFF, 0xFF, 0xFF, 0xFF, 0xFF,
    0xFF, 0xFF, 0xFF, 0xFF, 0xFF, 0xFF, 0xFF, 0xFF, 0xBE, 0xFF, 0x4A, 0x42, 0xFF, 0xFF, 0xFF, 0xFF,
    0xFF, 0xFF, 0xFF, 0xFF, 0xB2, 0x9C, 0x61, 0x08, 0x61, 0x08, 0x61, 0x08, 0x61, 0x08, 0x61, 0x08,
    0x61, 0x08, 0x61, 0x08, 0x61, 0x08, 0x61, 0x08, 0x81, 0x08, 0x61, 0x08, 0x61, 0x08, 0x81, 0x08,
    0x61, 0x08, 0x61, 0x08, 0x81, 0x08, 0x61, 0x08, 0x81, 0x08, 0x81, 0x08, 0x81, 0x08, 0x61, 0x08,
    0x61, 0x08, 0x61, 0x08, 0x61, 0x08, 0x61, 0x08, 0x61, 0x08, 0x61, 0x08, 0x61, 0x08, 0x61, 0x08,
    0x61, 0x08, 0x61, 0x08, 0x61, 0x08, 0x61, 0x08, 0x61, 0x08, 0x81, 0x08, 0x81, 0x08, 0x61, 0x08,
    0x61, 0x08, 0x61, 0x08, 0x61, 0x08, 0x81, 0x08, 0x61, 0x08, 0x61, 0x08, 0xA2, 0x10, 0xC3, 0x18,
    0xA2, 0x10, 0x61, 0x08, 0x61, 0x08, 0x61, 0x08, 0x61, 0x08, 0x61, 0x08, 0x61, 0x08, 0x61, 0x08,
    0x61, 0x08, 0x61, 0x08, 0x61, 0x08, 0x61, 0x08, 0x61, 0x08, 0x61, 0x08, 0x61, 0x08, 0x61, 0x08,
    0x61, 0x08, 0x61, 0x08, 0x61, 0x08, 0x61, 0x08, 0x61, 0x08, 0x61, 0x08, 0x61, 0x08, 0x61, 0x08,
    0x61, 0x08, 0x61, 0x08, 0x61, 0x08, 0x81, 0x08, 0x03, 0x19, 0x69, 0x4A, 0x81, 0x08, 0x61, 0x08,
    0x61, 0x08, 0x89, 0x52, 0xFF, 0xFF, 0xFF, 0xFF, 0xFF, 0xFF, 0xFF, 0xFF, 0x6E, 0x63, 0xB5, 0x29,
    0x1D, 0x32, 0x1D, 0x32, 0x1D, 0x32, 0x1D, 0x32, 0x1D, 0x32, 0x1D, 0x32, 0x3D, 0x32, 0x3D, 0x32,
    0x3D, 0x32, 0x3D, 0x32, 0x3D, 0x32, 0x3D, 0x32, 0x3D, 0x32, 0x3D, 0x3A, 0x3D, 0x32, 0x3D, 0x3A,
    0x3D, 0x3A, 0x3D, 0x3A, 0x3D, 0x3A, 0x3D, 0x3A, 0x5D, 0x3A, 0x5D, 0x3A, 0x5D, 0x3A, 0x5D, 0x3A,
    0x7D, 0xEF, 0x7D, 0xEF, 0x7D, 0xEF, 0x7D, 0xEF, 0x7D, 0xEF, 0x7D, 0xEF, 0x5D, 0xEF, 0x7D, 0xEF,
    0x5D, 0xEF, 0x5D, 0xEF, 0x5D, 0xEF, 0x5D, 0xEF, 0x5D, 0xEF, 0x5D, 0xEF, 0x5D, 0xEF, 0x5D, 0xEF,
    0x5D, 0xEF, 0x5D, 0xEF, 0x5D, 0xEF, 0x5D, 0xEF, 0x5D, 0xEF, 0x3C, 0xE7, 0x3C, 0xE7, 0x3C, 0xE7,
    0x3C, 0xE7, 0x3C, 0xE7, 0x3C, 0xE7, 0x3C, 0xE7, 0x3C, 0xE7, 0x3C, 0xE7, 0x3C, 0xE7, 0x3C, 0xE7,
    0x3C, 0xE7, 0x3C, 0xE7, 0x3C, 0xE7, 0x3C, 0xE7, 0x3C, 0xE7, 0x3C, 0xE7, 0x55, 0xAD, 0x00, 0x00,
    0x3C, 0xE7, 0x3C, 0xE7, 0x3C, 0xE7, 0x3C, 0xE7, 0x3C, 0xE7, 0x3C, 0xE7, 0x3C, 0xE7, 0x3C, 0xE7,
    0x3C, 0xE7, 0x3C, 0xE7, 0x3C, 0xE7, 0x3C, 0xE7, 0x3C, 0xE7, 0x3C, 0xE7, 0x3C, 0xE7, 0x3C, 0xE7,
    0x3C, 0xE7, 0x3C, 0xE7, 0x3C, 0xE7, 0x3C, 0xE7, 0x3C, 0xE7, 0x3C, 0xE7, 0x3C, 0xE7, 0x3C, 0xE7,
    0x3C, 0xE7, 0x3C, 0xE7, 0x3C, 0xE7, 0x3C, 0xE7, 0x3C, 0xE7, 0x3C, 0xE7, 0x3C, 0xE7, 0x3C, 0xE7,
    0x3C, 0xE7, 0x3C, 0xE7, 0x5D, 0xEF, 0x5D, 0xEF, 0x3C, 0xE7, 0x5D, 0xEF, 0x5D, 0xEF, 0x5D, 0xEF,
    0x5D, 0xEF, 0x5D, 0xEF, 0x5D, 0xEF, 0x5D, 0xEF, 0x5D, 0xEF, 0x5D, 0xEF, 0x5D, 0xEF, 0x5D, 0xEF,
    0x5D, 0xEF, 0x5D, 0xEF, 0x7D, 0xEF, 0x7D, 0xEF, 0x7D, 0xEF, 0x7D, 0xEF, 0x7D, 0xEF, 0x7D, 0xEF,
    0x7D, 0xEF, 0x7D, 0xEF, 0x7D, 0xEF, 0x7D, 0xEF, 0x7D, 0xEF, 0x7D, 0xEF, 0x9E, 0xF7, 0x9E, 0xF7,
    0x9E, 0xF7, 0x9E, 0xF7, 0x9E, 0xF7, 0x9E, 0xF7, 0x9E, 0xF7, 0x9E, 0xF7, 0x9E, 0xF7, 0x9E, 0xF7,
    0xBE, 0xF7, 0x9E, 0xF7, 0xBE, 0xF7, 0xBE, 0xF7, 0xBE, 0xF7, 0xBE, 0xF7, 0xBE, 0xF7, 0xBE, 0xF7,
    0xBE, 0xF7, 0xBE, 0xF7, 0xBE, 0xF7, 0xBE, 0xF7, 0xDF, 0xFF, 0xDF, 0xFF, 0xDF, 0xFF, 0xDF, 0xFF,
    0xDF, 0xFF, 0xDF, 0xFF, 0xDF, 0xFF, 0xDF, 0xFF, 0xFF, 0xFF, 0xFF, 0xFF, 0xFF, 0xFF, 0xFF, 0xFF,
    0xFF, 0xFF, 0xFF, 0xFF, 0xFF, 0xFF, 0xFF, 0xFF, 0xFF, 0xFF, 0xFF, 0xFF, 0xFF, 0xFF, 0xFF, 0xFF,
    0xFF, 0xFF, 0xFF, 0xFF, 0xFF, 0xFF, 0xFF, 0xFF, 0xFF, 0xFF, 0xFF, 0xFF, 0xFF, 0xFF, 0xFF, 0xFF,
    0xFF, 0xFF, 0xFF, 0xFF, 0xFF, 0xFF, 0xFF, 0xFF, 0xFF, 0xFF, 0xFF, 0xFF, 0xFF, 0xFF, 0xFF, 0xFF,
    0xFF, 0xFF, 0xFF, 0xFF, 0xFF, 0xFF, 0xFF, 0xFF, 0xFF, 0xFF, 0xFF, 0xFF, 0xFF, 0xFF, 0xFF, 0xFF,
    0xFF, 0xFF, 0xFF, 0xFF, 0xFF, 0xFF, 0xFF, 0xFF, 0xFF, 0xFF, 0xFF, 0xFF, 0xFF, 0xFF, 0xFF, 0xFF,
    0xFF, 0xFF, 0xFF, 0xFF, 0xFF, 0xFF, 0xFF, 0xFF, 0xFF, 0xFF, 0xFF, 0xFF, 0xFF, 0xFF, 0xFF, 0xFF,
    0xFF, 0xFF, 0xFF, 0xFF, 0xFF, 0xFF, 0xFF, 0xFF, 0xFF, 0xFF, 0xFF, 0xFF, 0xFF, 0xFF, 0xFF, 0xFF,
    0xFF, 0xFF, 0xFF, 0xFF, 0xFF, 0xFF, 0xFF, 0xFF, 0xFF, 0xFF, 0xFF, 0xFF, 0xFF, 0xFF, 0xFF, 0xFF,
    0xFF, 0xFF, 0xFF, 0xFF, 0xFF, 0xFF, 0xFF, 0xFF, 0xFF, 0xFF, 0xBE, 0xFF, 0x4A, 0x42, 0xFF, 0xFF,
    0xFF, 0xFF, 0xFF, 0xFF, 0xFF, 0xFF, 0xB2, 0x9C, 0x61, 0x08, 0x61, 0x08, 0x61, 0x08, 0x61, 0x08,
    0x81, 0x08, 0x61, 0x08, 0x81, 0x08, 0x61, 0x08, 0x81, 0x08, 0x61, 0x08, 0x61, 0x08, 0x61, 0x08,
    0x61, 0x08, 0x61, 0x08, 0x61, 0x08, 0x81, 0x08, 0x81, 0x08, 0x81, 0x08, 0xC2, 0x18, 0x81, 0x08,
    0x61, 0x08, 0x61, 0x08, 0x61, 0x08, 0x61, 0x08, 0x61, 0x08, 0x61, 0x08, 0x61, 0x08, 0x61, 0x08,
    0x61, 0x08, 0x61, 0x08, 0x61, 0x08, 0x61, 0x08, 0x61, 0x08, 0x61, 0x08, 0x61, 0x08, 0x61, 0x08,
    0x61, 0x08, 0x61, 0x08, 0x61, 0x08, 0x61, 0x08, 0x61, 0x08, 0x61, 0x08, 0x81, 0x08, 0x61, 0x08,
    0x61, 0x08, 0x61, 0x08, 0x61, 0x08, 0x61, 0x08, 0x61, 0x08, 0x61, 0x08, 0x61, 0x08, 0x61, 0x08,
    0x61, 0x08, 0x61, 0x08, 0x61, 0x08, 0x61, 0x08, 0x61, 0x08, 0x61, 0x08, 0x61, 0x08, 0x61, 0x08,
    0x61, 0x08, 0x61, 0x08, 0x61, 0x08, 0x61, 0x08, 0x61, 0x08, 0x61, 0x08, 0x61, 0x08, 0x61, 0x08,
    0x61, 0x08, 0x61, 0x08, 0x61, 0x08, 0x61, 0x08, 0x81, 0x08, 0x65, 0x29, 0xEB, 0x5A, 0x61, 0x08,
    0x61, 0x08, 0x61, 0x08, 0x89, 0x52, 0xFF, 0xFF, 0xFF, 0xFF, 0xFF, 0xFF, 0xFF, 0xFF, 0x6E, 0x63,
    0xB5, 0x29, 0x1D, 0x32, 0x1D, 0x32, 0x1D, 0x32, 0x1D, 0x32, 0x1D, 0x32, 0x3D, 0x32, 0x3D, 0x32,
    0x3D, 0x32, 0x3D, 0x32, 0x3D, 0x32, 0x3D, 0x32, 0x3D, 0x32, 0x3D, 0x32, 0x3D, 0x3A, 0x3D, 0x3A,
    0x3D, 0x3A, 0x3D, 0x3A, 0x3D, 0x3A, 0x5D, 0x3A, 0x5D, 0x3A, 0x5D, 0x3A, 0x5D, 0x3A, 0x5D, 0x3A,
    0x5C, 0x3A, 0x7D, 0xEF, 0x7D, 0xEF, 0x7D, 0xEF, 0x7D, 0xEF, 0x7D, 0xEF, 0x7D, 0xEF, 0x7D, 0xEF,
    0x5D, 0xEF, 0x5D, 0xEF, 0x5D, 0xEF, 0x5D, 0xEF, 0x5D, 0xEF, 0x5D, 0xEF, 0x5D, 0xEF, 0x5D, 0xEF,
    0x5D, 0xEF, 0x5D, 0xEF, 0x5D, 0xEF, 0x5D, 0xEF, 0x5D, 0xEF, 0x5D, 0xEF, 0x5D, 0xEF, 0x5D, 0xEF,
    0x5D, 0xEF, 0x3C, 0xE7, 0x3C, 0xE7, 0x3C, 0xE7, 0x3C, 0xE7, 0x3C, 0xE7, 0x3C, 0xE7, 0x3C, 0xE7,
    0x3C, 0xE7, 0x3C, 0xE7, 0x3C, 0xE7, 0x3C, 0xE7, 0x3C, 0xE7, 0x3C, 0xE7, 0x3C, 0xE7, 0x59, 0xCE,
    0xAA, 0x52, 0x3C, 0xE7, 0x3C, 0xE7, 0x3C, 0xE7, 0x3C, 0xE7, 0x3C, 0xE7, 0x3C, 0xE7, 0x3C, 0xE7,
    0x3C, 0xE7, 0x3C, 0xE7, 0x3C, 0xE7, 0x3C, 0xE7, 0x3C, 0xE7, 0x3C, 0xE7, 0x3C, 0xE7, 0x3C, 0xE7,
    0x3C, 0xE7, 0x3C, 0xE7, 0x3C, 0xE7, 0x3C, 0xE7, 0x3C, 0xE7, 0x3C, 0xE7, 0x3C, 0xE7, 0x3C, 0xE7,
    0x3C, 0xE7, 0x3C, 0xE7, 0x3C, 0xE7, 0x3C, 0xE7, 0x3C, 0xE7, 0x3C, 0xE7, 0x3C, 0xE7, 0x3C, 0xE7,
    0x3C, 0xE7, 0x3C, 0xE7, 0x3C, 0xE7, 0x5D, 0xEF, 0x5D, 0xEF, 0x5D, 0xEF, 0x5D, 0xEF, 0x5D, 0xEF,
    0x5D, 0xEF, 0x5D, 0xEF, 0x5D, 0xEF, 0x5D, 0xEF, 0x5D, 0xEF, 0x5D, 0xEF, 0x5D, 0xEF, 0x5D, 0xEF,
    0x5D, 0xEF, 0x7D, 0xEF, 0x5D, 0xEF, 0x7D, 0xEF, 0x7D, 0xEF, 0x7D, 0xEF, 0x7D, 0xEF, 0x7D, 0xEF,
    0x7D, 0xEF, 0x7D, 0xEF, 0x7D, 0xEF, 0x7D, 0xEF, 0x7D, 0xEF, 0x7D, 0xEF, 0x9E, 0xF7, 0x9E, 0xF7,
    0x9E, 0xF7, 0x9E, 0xF7, 0x9E, 0xF7, 0x9E, 0xF7, 0x9E, 0xF7, 0x9E, 0xF7, 0x9E, 0xF7, 0x9E, 0xF7,
    0x9E, 0xF7, 0xBE, 0xF7, 0xBE, 0xF7, 0xBE, 0xF7, 0xBE, 0xF7, 0xBE, 0xF7, 0xBE, 0xF7, 0xBE, 0xF7,
    0xBE, 0xF7, 0xBE, 0xF7, 0xDF, 0xFF, 0xDF, 0xFF, 0xDF, 0xFF, 0xDF, 0xFF, 0xDF, 0xFF, 0xDF, 0xFF,
    0xDF, 0xFF, 0xDF, 0xFF, 0xDF, 0xFF, 0xDF, 0xFF, 0xDF, 0xFF, 0xFF, 0xFF, 0xFF, 0xFF, 0xFF, 0xFF,
    0xFF, 0xFF, 0xFF, 0xFF, 0xFF, 0xFF, 0xFF, 0xFF, 0xFF, 0xFF, 0xFF, 0xFF, 0xFF, 0xFF, 0xFF, 0xFF,
    0xFF, 0xFF, 0xFF, 0xFF, 0xFF, 0xFF, 0xFF, 0xFF, 0xFF, 0xFF, 0xFF, 0xFF, 0xFF, 0xFF, 0xFF, 0xFF,
    0xFF, 0xFF, 0xFF, 0xFF, 0xFF, 0xFF, 0xFF, 0xFF, 0xFF, 0xFF, 0xFF, 0xFF, 0xFF, 0xFF, 0xFF, 0xFF,
    0xFF, 0xFF, 0xFF, 0xFF, 0xFF, 0xFF, 0xFF, 0xFF, 0xFF, 0xFF, 0xFF, 0xFF, 0xFF, 0xFF, 0xFF, 0xFF,
    0xFF, 0xFF, 0xFF, 0xFF, 0xFF, 0xFF, 0xFF, 0xFF, 0xFF, 0xFF, 0xFF, 0xFF, 0xFF, 0xFF, 0xFF, 0xFF,
    0xFF, 0xFF, 0xFF, 0xFF, 0xFF, 0xFF, 0xFF, 0xFF, 0xFF, 0xFF, 0xFF, 0xFF, 0xFF, 0xFF, 0xFF, 0xFF,
    0xFF, 0xFF, 0xFF, 0xFF, 0xFF, 0xFF, 0xFF, 0xFF, 0xFF, 0xFF, 0xFF, 0xFF, 0xFF, 0xFF, 0xFF, 0xFF,
    0xFF, 0xFF, 0xFF, 0xFF, 0xFF, 0xFF, 0xFF, 0xFF, 0xFF, 0xFF, 0xFF, 0xFF, 0xFF, 0xFF, 0xFF, 0xFF,
    0xFF, 0xFF, 0xFF, 0xFF, 0xFF, 0xFF, 0xFF, 0xFF, 0xFF, 0xFF, 0xFF, 0xFF, 0xBE, 0xFF, 0x4A, 0x42,
    0xFF, 0xFF, 0xFF, 0xFF, 0xFF, 0xFF, 0xFF, 0xFF, 0xB2, 0x9C, 0x61, 0x08, 0x61, 0x08, 0xA2, 0x10,
    0xA6, 0x31, 0x85, 0x29, 0x85, 0x31, 0xA6, 0x31, 0x85, 0x29, 0x65, 0x29, 0x85, 0x31, 0xE2, 0x18,
    0xA6, 0x31, 0xA6, 0x31, 0xA6, 0x31, 0x65, 0x29, 0xC6, 0x31, 0x65, 0x29, 0xE7, 0x39, 0xA9, 0x52,
    0x85, 0x31, 0xE7, 0x39, 0x61, 0x08, 0xC6, 0x39, 0xC6, 0x39, 0x44, 0x21, 0x24, 0x21, 0x61, 0x08,
    0x61, 0x08, 0x61, 0x08, 0x61, 0x08, 0x61, 0x08, 0x61, 0x08, 0x61, 0x08, 0x61, 0x08, 0x61, 0x08,
    0x61, 0x08, 0x61, 0x08, 0x61, 0x08, 0x61, 0x08, 0x61, 0x08, 0x61, 0x08, 0x61, 0x08, 0x61, 0x08,
    0x61, 0x08, 0x61, 0x08, 0x61, 0x08, 0x61, 0x08, 0x61, 0x08, 0x61, 0x08, 0x61, 0x08, 0x61, 0x08,
    0x61, 0x08, 0x61, 0x08, 0x61, 0x08, 0x61, 0x08, 0x61, 0x08, 0x61, 0x08, 0x61, 0x08, 0x61, 0x08,
    0x61, 0x08, 0x61, 0x08, 0x61, 0x08, 0x61, 0x08, 0x61, 0x08, 0x61, 0x08, 0x61, 0x08, 0x61, 0x08,
    0x61, 0x08, 0x61, 0x08, 0x61, 0x08, 0x61, 0x08, 0x61, 0x08, 0x61, 0x08, 0x61, 0x08, 0x61, 0x08,
    0x61, 0x08, 0x61, 0x08, 0x61, 0x08, 0x89, 0x52, 0xFF, 0xFF, 0xFF, 0xFF, 0xFF, 0xFF, 0xFF, 0xFF,
    0x6E, 0x63, 0xB5, 0x31, 0x1D, 0x32, 0x3D, 0x32, 0x3D, 0x32, 0x3D, 0x32, 0x3D, 0x32, 0x3D, 0x32,
    0x3D, 0x32, 0x3D, 0x32, 0x3D, 0x32, 0x3D, 0x32, 0x3D, 0x32, 0x3D, 0x3A, 0x3D, 0x3A, 0x3D, 0x3A,
    0x3D, 0x3A, 0x5D, 0x3A, 0x3D, 0x3A, 0x5D, 0x3A, 0x5D, 0x3A, 0x5D, 0x3A, 0x5D, 0x3A, 0x5C, 0x3A,
    0x5D, 0x3A, 0x5C, 0x3A, 0x7D, 0xEF, 0x7D, 0xEF, 0x7D, 0xEF, 0x7D, 0xEF, 0x7D, 0xEF, 0x7D, 0xEF,
    0x7D, 0xEF, 0x7D, 0xEF, 0x7D, 0xEF, 0x7D, 0xEF, 0x5D, 0xEF, 0x5D, 0xEF, 0x5D, 0xEF, 0x5D, 0xEF,
    0x5D, 0xEF, 0x5D, 0xEF, 0x5D, 0xEF, 0x5D, 0xEF, 0x5D, 0xEF, 0x5D, 0xEF, 0x5D, 0xEF, 0x5D, 0xEF,
    0x5D, 0xEF, 0x5D, 0xEF, 0x3C, 0xE7, 0x5D, 0xEF, 0x3C, 0xE7, 0x3C, 0xE7, 0x3C, 0xE7, 0x3C, 0xE7,
    0x3C, 0xE7, 0x3C, 0xE7, 0x3C, 0xE7, 0x3C, 0xE7, 0x3C, 0xE7, 0x3C, 0xE7, 0x3C, 0xE7, 0x3C, 0xE7,
    0x3C, 0xE7, 0x3C, 0xE7, 0x3C, 0xE7, 0x3C, 0xE7, 0x3C, 0xE7, 0x3C, 0xE7, 0x3C, 0xE7, 0x3C, 0xE7,
    0x3C, 0xE7, 0x3C, 0xE7, 0x3C, 0xE7, 0x3C, 0xE7, 0x3C, 0xE7, 0x3C, 0xE7, 0x3C, 0xE7, 0x3C, 0xE7,
    0x3C, 0xE7, 0x3C, 0xE7, 0x3C, 0xE7, 0x3C, 0xE7, 0x3C, 0xE7, 0x3C, 0xE7, 0x3C, 0xE7, 0x3C, 0xE7,
    0x3C, 0xE7, 0x3C, 0xE7, 0x3C, 0xE7, 0x3C, 0xE7, 0x3C, 0xE7, 0x5D, 0xEF, 0x3C, 0xE7, 0x3C, 0xE7,
    0x5D, 0xEF, 0x5D, 0xEF, 0x5D, 0xEF, 0x5D, 0xEF, 0x5D, 0xEF, 0x5D, 0xEF, 0x5D, 0xEF, 0x5D, 0xEF,
    0x5D, 0xEF, 0x5D, 0xEF, 0x5D, 0xEF, 0x5D, 0xEF, 0x5D, 0xEF, 0x5D, 0xEF, 0x5D, 0xEF, 0x5D, 0xEF,
    0x5D, 0xEF, 0xFB, 0xDE, 0x92, 0x94, 0x14, 0xA5, 0x79, 0xCE, 0x79, 0xCE, 0x7D, 0xEF, 0x7D, 0xEF,
    0x7D, 0xEF, 0x7D, 0xEF, 0x7D, 0xEF, 0x7D, 0xEF, 0x9E, 0xF7, 0x9E, 0xF7, 0x9E, 0xF7, 0x9E, 0xF7,
    0x9E, 0xF7, 0x9E, 0xF7, 0x9E, 0xF7, 0x9E, 0xF7, 0x9E, 0xF7, 0x9E, 0xF7, 0x9E, 0xF7, 0xBE, 0xF7,
    0x9E, 0xF7, 0xBE, 0xF7, 0xBE, 0xF7, 0xBE, 0xF7, 0xBE, 0xF7, 0xBE, 0xF7, 0xBE, 0xF7, 0xBE, 0xF7,
    0xBE, 0xF7, 0xBE, 0xF7, 0xBE, 0xF7, 0xDB, 0xDE, 0x55, 0xAD, 0xDF, 0xFF, 0xDF, 0xFF, 0xDF, 0xFF,
    0xDF, 0xFF, 0xDF, 0xFF, 0xDF, 0xFF, 0xFF, 0xFF, 0xFF, 0xFF, 0xFF, 0xFF, 0xFF, 0xFF, 0xFF, 0xFF,
    0xFF, 0xFF, 0xFF, 0xFF, 0xFF, 0xFF, 0xFF, 0xFF, 0xFF, 0xFF, 0xFF, 0xFF, 0xFF, 0xFF, 0xFF, 0xFF,
    0xFF, 0xFF, 0xFF, 0xFF, 0xFF, 0xFF, 0xFF, 0xFF, 0xFF, 0xFF, 0xFF, 0xFF, 0xFF, 0xFF, 0xFF, 0xFF,
    0xFF, 0xFF, 0xFF, 0xFF, 0xFF, 0xFF, 0xFF, 0xFF, 0xFF, 0xFF, 0xFF, 0xFF, 0xFF, 0xFF, 0xFF, 0xFF,
    0xFF, 0xFF, 0xFF, 0xFF, 0xFF, 0xFF, 0xFF, 0xFF, 0xFF, 0xFF, 0xFF, 0xFF, 0xFF, 0xFF, 0xFB, 0xDE,
    0x75, 0xAD, 0xFF, 0xFF, 0xFF, 0xFF, 0xFF, 0xFF, 0xFF, 0xFF, 0xFF, 0xFF, 0xFF, 0xFF, 0xFF, 0xFF,
    0xFF, 0xFF, 0xFF, 0xFF, 0xFF, 0xFF, 0xFF, 0xFF, 0xFF, 0xFF, 0xFF, 0xFF, 0xFF, 0xFF, 0xFF, 0xFF,
    0xFF, 0xFF, 0xFF, 0xFF, 0xFF, 0xFF, 0xFF, 0xFF, 0xFF, 0xFF, 0xFF, 0xFF, 0xFF, 0xFF, 0xFF, 0xFF,
    0xFF, 0xFF, 0xFF, 0xFF, 0xFF, 0xFF, 0xFF, 0xFF, 0xFF, 0xFF, 0xFF, 0xFF, 0xFF, 0xFF, 0xFF, 0xFF,
    0xFF, 0xFF, 0xFF, 0xFF, 0xFF, 0xFF, 0xFF, 0xFF, 0xFF, 0xFF, 0xFF, 0xFF, 0xFF, 0xFF, 0xBE, 0xFF,
    0x4A, 0x42, 0xFF, 0xFF, 0xFF, 0xFF, 0xFF, 0xFF, 0xFF, 0xFF, 0xB2, 0x9C, 0x61, 0x08, 0x61, 0x08,
    0x61, 0x08, 0xEB, 0x5A, 0x2C, 0x63, 0xC6, 0x31, 0xEA, 0x5A, 0x28, 0x42, 0xAA, 0x52, 0x0B, 0x5B,
    0xC2, 0x18, 0x48, 0x4A, 0x89, 0x52, 0x85, 0x31, 0x89, 0x4A, 0xC6, 0x31, 0xCA, 0x5A, 0xE7, 0x39,
    0x4C, 0x6B, 0x0B, 0x63, 0x68, 0x4A, 0x81, 0x10, 0xCA, 0x52, 0x48, 0x4A, 0x69, 0x4A, 0xE7, 0x39,
    0x81, 0x08, 0x61, 0x08, 0x61, 0x08, 0x61, 0x08, 0x61, 0x08, 0x61, 0x08, 0x61, 0x08, 0x61, 0x08,
    0x61, 0x08, 0x61, 0x08, 0x61, 0x08, 0x61, 0x08, 0x61, 0x08, 0x61, 0x08, 0x61, 0x08, 0x61, 0x08,
    0x61, 0x08, 0x61, 0x08, 0x61, 0x08, 0x61, 0x08, 0x61, 0x08, 0x61, 0x08, 0x61, 0x08, 0x61, 0x08,
    0x61, 0x08, 0x61, 0x08, 0x61, 0x08, 0x61, 0x08, 0x61, 0x08, 0x61, 0x08, 0x61, 0x08, 0x61, 0x08,
    0x61, 0x08, 0x61, 0x08, 0x61, 0x08, 0x61, 0x08, 0x61, 0x08, 0x61, 0x08, 0x61, 0x08, 0x61, 0x08,
    0x61, 0x08, 0x61, 0x08, 0x61, 0x08, 0x61, 0x08, 0x61, 0x08, 0x61, 0x08, 0x61, 0x08, 0x61, 0x08,
    0x61, 0x08, 0x61, 0x08, 0x61, 0x08, 0x61, 0x08, 0x89, 0x52, 0xFF, 0xFF, 0xFF, 0xFF, 0xFF, 0xFF,
    0xFF, 0xFF, 0x6E, 0x63, 0xB5, 0x29, 0x1D, 0x32, 0x3D, 0x32, 0x3D, 0x32, 0x3D, 0x32, 0x3D, 0x32,
    0x3D, 0x32, 0x3D, 0x32, 0x3D, 0x32, 0x3D, 0x32, 0x3D, 0x32, 0x3D, 0x32, 0x3D, 0x3A, 0x3D, 0x3A,
    0x3D, 0x3A, 0x3D, 0x3A, 0x5D, 0x3A, 0x5D, 0x3A, 0x5D, 0x3A, 0x5D, 0x3A, 0x5C, 0x3A, 0x5C, 0x3A,
    0x5C, 0x3A, 0x5C, 0x3A, 0x5C, 0x3A, 0x7D, 0xEF, 0x7D, 0xEF, 0x7D, 0xEF, 0x7D, 0xEF, 0x7D, 0xEF,
    0x7D, 0xEF, 0x7D, 0xEF, 0x7D, 0xEF, 0x7D, 0xEF, 0x7D, 0xEF, 0x5D, 0xEF, 0x5D, 0xEF, 0x5D, 0xEF,
    0x5D, 0xEF, 0x5D, 0xEF, 0x5D, 0xEF, 0x5D, 0xEF, 0x5D, 0xEF, 0x5D, 0xEF, 0x5D, 0xEF, 0x5D, 0xEF,
    0x5D, 0xEF, 0x5D, 0xEF, 0x5D, 0xEF, 0x3C, 0xE7, 0x5D, 0xEF, 0x3C, 0xE7, 0x5D, 0xEF, 0x3C, 0xE7,
    0x3C, 0xE7, 0x3C, 0xE7, 0x3C, 0xE7, 0x3C, 0xE7, 0x3C, 0xE7, 0x3C, 0xE7, 0x3C, 0xE7, 0x3C, 0xE7,
    0x3C, 0xE7, 0x3C, 0xE7, 0x3C, 0xE7, 0x3C, 0xE7, 0x3C, 0xE7, 0x3C, 0xE7, 0x3C, 0xE7, 0x3C, 0xE7,
    0x3C, 0xE7, 0x3C, 0xE7, 0x3C, 0xE7, 0x3C, 0xE7, 0x3C, 0xE7, 0x3C, 0xE7, 0x3C, 0xE7, 0x3C, 0xE7,
    0x3C, 0xE7, 0x3C, 0xE7, 0x3C, 0xE7, 0x3C, 0xE7, 0x3C, 0xE7, 0x3C, 0xE7, 0x3C, 0xE7, 0xDB, 0xDE,
    0xD7, 0xBD, 0x3C, 0xE7, 0x3C, 0xE7, 0x3C, 0xE7, 0x3C, 0xE7, 0x3C, 0xE7, 0x3C, 0xE7, 0x5D, 0xEF,
    0x5D, 0xEF, 0x5D, 0xEF, 0x5D, 0xEF, 0x5D, 0xEF, 0x5D, 0xEF, 0x5D, 0xEF, 0x5D, 0xEF, 0x5D, 0xEF,
    0x5D, 0xEF, 0x5D, 0xEF, 0x5D, 0xEF, 0x5D, 0xEF, 0x5D, 0xEF, 0x5D, 0xEF, 0x5D, 0xEF, 0x5D, 0xEF,
    0x7D, 0xEF, 0x7D, 0xEF, 0xE3, 0x18, 0xC7, 0x39, 0xCB, 0x5A, 0xAE, 0x73, 0x65, 0x29, 0x7D, 0xEF,
    0x7D, 0xEF, 0x7D, 0xEF, 0x7D, 0xEF, 0x7D, 0xEF, 0x9E, 0xF7, 0x9E, 0xF7, 0x9E, 0xF7, 0x9E, 0xF7,
    0x9E, 0xF7, 0x9E, 0xF7, 0x9E, 0xF7, 0x9E, 0xF7, 0x9E, 0xF7, 0x9E, 0xF7, 0xBE, 0xF7, 0xBE, 0xF7,
    0xBE, 0xF7, 0xBE, 0xF7, 0xBE, 0xF7, 0xBE, 0xF7, 0xBE, 0xF7, 0xBE, 0xF7, 0xBE, 0xF7, 0xBE, 0xF7,
    0xBE, 0xF7, 0xBE, 0xF7, 0xDF, 0xFF, 0xDF, 0xFF, 0xF3, 0x9C, 0xE3, 0x18, 0xDF, 0xFF, 0xDF, 0xFF,
    0xDF, 0xFF, 0xDF, 0xFF, 0xDF, 0xFF, 0xDF, 0xFF, 0xFF, 0xFF, 0xFF, 0xFF, 0xFF, 0xFF, 0xFF, 0xFF,
    0xFF, 0xFF, 0xFF, 0xFF, 0xFF, 0xFF, 0xFF, 0xFF, 0xFF, 0xFF, 0xFF, 0xFF, 0xFF, 0xFF, 0xFF, 0xFF,
    0xFB, 0xDE, 0x7D, 0xEF, 0xFF, 0xFF, 0xFF, 0xFF, 0xFF, 0xFF, 0xFF, 0xFF, 0xFF, 0xFF, 0xFF, 0xFF,
    0xFF, 0xFF, 0xFF, 0xFF, 0xFF, 0xFF, 0xFF, 0xFF, 0xFF, 0xFF, 0xFF, 0xFF, 0xFF, 0xFF, 0xFF, 0xFF,
    0xFF, 0xFF, 0xFF, 0xFF, 0xFF, 0xFF, 0xFF, 0xFF, 0xFF, 0xFF, 0xFF, 0xFF, 0xFF, 0xFF, 0xFF, 0xFF,
    0xF3, 0x9C, 0x04, 0x21, 0xFF, 0xFF, 0xFF, 0xFF, 0xFF, 0xFF, 0xFF, 0xFF, 0xFF, 0xFF, 0xFF, 0xFF,
    0xFF, 0xFF, 0xFF, 0xFF, 0xFF, 0xFF, 0xFF, 0xFF, 0xFF, 0xFF, 0xFF, 0xFF, 0xFF, 0xFF, 0xFF, 0xFF,
    0xFF, 0xFF, 0xFF, 0xFF, 0xFF, 0xFF, 0xFF, 0xFF, 0xFF, 0xFF, 0xFF, 0xFF, 0xFF, 0xFF, 0xFF, 0xFF,
    0xFF, 0xFF, 0xFF, 0xFF, 0xFF, 0xFF, 0xFF, 0xFF, 0xFF, 0xFF, 0xFF, 0xFF, 0xFF, 0xFF, 0xFF, 0xFF,
    0xFF, 0xFF, 0xFF, 0xFF, 0xFF, 0xFF, 0xFF, 0xFF, 0xFF, 0xFF, 0xFF, 0xFF, 0xFF, 0xFF, 0xFF, 0xFF,
    0xBE, 0xFF, 0x4A, 0x42, 0xFF, 0xFF, 0xFF, 0xFF, 0xFF, 0xFF, 0xFF, 0xFF, 0xB1, 0x9C, 0x61, 0x08,
    0x61, 0x08, 0x61, 0x08, 0xC2, 0x18, 0xC2, 0x18, 0xA2, 0x10, 0x82, 0x10, 0xC2, 0x10, 0xE3, 0x18,
    0xC3, 0x18, 0xC3, 0x18, 0x07, 0x3A, 0x07, 0x42, 0x44, 0x29, 0xC2, 0x10, 0x44, 0x29, 0xC2, 0x18,
    0xAA, 0x52, 0xC6, 0x39, 0xC3, 0x18, 0x24, 0x21, 0xC2, 0x10, 0x24, 0x21, 0xE3, 0x18, 0x65, 0x29,
    0xA2, 0x10, 0x61, 0x08, 0x61, 0x08, 0x61, 0x08, 0x61, 0x08, 0x61, 0x08, 0x61, 0x08, 0x61, 0x08,
    0x61, 0x08, 0x61, 0x08, 0x61, 0x08, 0x61, 0x08, 0x61, 0x08, 0x61, 0x08, 0x61, 0x08, 0x61, 0x08,
    0x61, 0x08, 0x61, 0x08, 0x61, 0x08, 0x61, 0x08, 0x61, 0x08, 0x61, 0x08, 0x61, 0x08, 0x61, 0x08,
    0x61, 0x08, 0x61, 0x08, 0x61, 0x08, 0x61, 0x08, 0x61, 0x08, 0x61, 0x08, 0x61, 0x08, 0x61, 0x08,
    0x61, 0x08, 0x61, 0x08, 0x61, 0x08, 0x61, 0x08, 0x61, 0x08, 0x61, 0x08, 0x61, 0x08, 0x61, 0x08,
    0x61, 0x08, 0x61, 0x08, 0x61, 0x08, 0x61, 0x08, 0x61, 0x08, 0x61, 0x08, 0x61, 0x08, 0x61, 0x08,
    0x61, 0x08, 0x61, 0x08, 0x61, 0x08, 0x61, 0x08, 0x61, 0x08, 0x89, 0x52, 0xFF, 0xFF, 0xFF, 0xFF,
    0xFF, 0xFF, 0xFF, 0xFF, 0x6E, 0x63, 0xB5, 0x31, 0x3D, 0x32, 0x3D, 0x32, 0x3D, 0x32, 0x3D, 0x32,
    0x3D, 0x32, 0x3D, 0x32, 0x3D, 0x32, 0x3D, 0x3A, 0x3D, 0x32, 0x3D, 0x3A, 0x3D, 0x3A, 0x3D, 0x3A,
    0x3D, 0x3A, 0x3D, 0x3A, 0x5D, 0x3A, 0x5D, 0x3A, 0x5D, 0x3A, 0x5D, 0x3A, 0x5D, 0x3A, 0x5D, 0x3A,
    0x5C, 0x3A, 0x5C, 0x3A, 0x5C, 0x3A, 0x5D, 0x3A, 0x7D, 0xEF, 0x7D, 0xEF, 0x7D, 0xEF, 0x7D, 0xEF,
    0x7D, 0xEF, 0x7D, 0xEF, 0x7D, 0xEF, 0x7D, 0xEF, 0x7D, 0xEF, 0x5D, 0xEF, 0x5D, 0xEF, 0x5D, 0xEF,
    0x5D, 0xEF, 0x5D, 0xEF, 0x5D, 0xEF, 0x5D, 0xEF, 0x5D, 0xEF, 0x5D, 0xEF, 0x5D, 0xEF, 0x5D, 0xEF,
    0x5D, 0xEF, 0x5D, 0xEF, 0x5D, 0xEF, 0x5D, 0xEF, 0x5D, 0xEF, 0x5D, 0xEF, 0x5D, 0xEF, 0x5D, 0xEF,
    0x3C, 0xE7, 0x5D, 0xEF, 0x3C, 0xE7, 0x3C, 0xE7, 0x3C, 0xE7, 0x3C, 0xE7, 0x3C, 0xE7, 0x3C, 0xE7,
    0x3C, 0xE7, 0x3C, 0xE7, 0x3C, 0xE7, 0x3C, 0xE7, 0x3C, 0xE7, 0x3C, 0xE7, 0x3C, 0xE7, 0x3C, 0xE7,
    0x3C, 0xE7, 0x3C, 0xE7, 0x3C, 0xE7, 0x3C, 0xE7, 0x3C, 0xE7, 0x3C, 0xE7, 0x3C, 0xE7, 0x3C, 0xE7,
    0x3C, 0xE7, 0x3C, 0xE7, 0x3C, 0xE7, 0x3C, 0xE7, 0x3C, 0xE7, 0x3C, 0xE7, 0x3C, 0xE7, 0x3C, 0xE7,
    0x10, 0x84, 0xAA, 0x52, 0x3C, 0xE7, 0x5D, 0xEF, 0x5D, 0xEF, 0x5D, 0xEF, 0x3C, 0xE7, 0x5D, 0xEF,
    0x5D, 0xEF, 0x5D, 0xEF, 0x5D, 0xEF, 0x5D, 0xEF, 0x5D, 0xEF, 0x5D, 0xEF, 0x5D, 0xEF, 0x5D, 0xEF,
    0x5D, 0xEF, 0x5D, 0xEF, 0x5D, 0xEF, 0x5D, 0xEF, 0x5D, 0xEF, 0x7D, 0xEF, 0x7D, 0xEF, 0x7D, 0xEF,
    0x7D, 0xEF, 0x7D, 0xEF, 0x79, 0xCE, 0x00, 0x00, 0x18, 0xC6, 0x7D, 0xEF, 0x7D, 0xEF, 0xFB, 0xDE,
    0x7D, 0xEF, 0x7D, 0xEF, 0x7D, 0xEF, 0x9E, 0xF7, 0x9E, 0xF7, 0x9E, 0xF7, 0x9E, 0xF7, 0x9E, 0xF7,
    0x9E, 0xF7, 0x9E, 0xF7, 0x9E, 0xF7, 0x9E, 0xF7, 0x9E, 0xF7, 0x9E, 0xF7, 0x9E, 0xF7, 0xBE, 0xF7,
    0xBE, 0xF7, 0xBE, 0xF7, 0xBE, 0xF7, 0xBE, 0xF7, 0xBE, 0xF7, 0xBE, 0xF7, 0xBE, 0xF7, 0xBE, 0xF7,
    0xBE, 0xF7, 0xDF, 0xFF, 0xDF, 0xFF, 0xDF, 0xFF, 0xDF, 0xFF, 0xF3, 0x9C, 0xE3, 0x18, 0xDF, 0xFF,
    0xDF, 0xFF, 0xDF, 0xFF, 0xDF, 0xFF, 0xDF, 0xFF, 0xFF, 0xFF, 0xFF, 0xFF, 0xFF, 0xFF, 0xFF, 0xFF,
    0xFF, 0xFF, 0xFF, 0xFF, 0xFF, 0xFF, 0xFF, 0xFF, 0xFF, 0xFF, 0xFF, 0xFF, 0xFF, 0xFF, 0xFF, 0xFF,
    0xFF, 0xFF, 0x86, 0x31, 0xF7, 0xBD, 0xFF, 0xFF, 0xFF, 0xFF, 0xFF, 0xFF, 0xFF, 0xFF, 0xFF, 0xFF,
    0xFF, 0xFF, 0xFF, 0xFF, 0xFF, 0xFF, 0xFF, 0xFF, 0xFF, 0xFF, 0xFF, 0xFF, 0xFF, 0xFF, 0xFF, 0xFF,
    0xFF, 0xFF, 0xFF, 0xFF, 0xFF, 0xFF, 0xFF, 0xFF, 0xFF, 0xFF, 0xFF, 0xFF, 0xFF, 0xFF, 0xFF, 0xFF,
    0xFF, 0xFF, 0xF3, 0x9C, 0x04, 0x21, 0xFF, 0xFF, 0xFF, 0xFF, 0xFF, 0xFF, 0xFF, 0xFF, 0xFF, 0xFF,
    0xFF, 0xFF, 0xFF, 0xFF, 0xFF, 0xFF, 0xFF, 0xFF, 0xFF, 0xFF, 0xFF, 0xFF, 0xFF, 0xFF, 0xFF, 0xFF,
    0xFF, 0xFF, 0xFF, 0xFF, 0xFF, 0xFF, 0xFF, 0xFF, 0xFF, 0xFF, 0xFF, 0xFF, 0xFF, 0xFF, 0xFF, 0xFF,
    0xFF, 0xFF, 0xFF, 0xFF, 0xFF, 0xFF, 0xFF, 0xFF, 0xFF, 0xFF, 0xFF, 0xFF, 0xFF, 0xFF, 0xFF, 0xFF,
    0xFF, 0xFF, 0xFF, 0xFF, 0xFF, 0xFF, 0xFF, 0xFF, 0xFF, 0xFF, 0xFF, 0xFF, 0xFF, 0xFF, 0xFF, 0xFF,
    0xFF, 0xFF, 0xBE, 0xFF, 0x4A, 0x42, 0xFF, 0xFF, 0xFF, 0xFF, 0xFF, 0xFF, 0xFF, 0xFF, 0xB2, 0x94,
    0x61, 0x08, 0x61, 0x08, 0x61, 0x08, 0x61, 0x08, 0x61, 0x08, 0x61, 0x08, 0x81, 0x08, 0x61, 0x08,
    0x61, 0x08, 0x61, 0x08, 0x81, 0x08, 0x81, 0x08, 0x81, 0x08, 0x61, 0x08, 0x61, 0x08, 0x61, 0x08,
    0x61, 0x08, 0x82, 0x08, 0x61, 0x08, 0x61, 0x08, 0x81, 0x08, 0x81, 0x08, 0x61, 0x08, 0x81, 0x08,
    0x61, 0x08, 0x61, 0x08, 0x81, 0x08, 0x61, 0x08, 0x61, 0x08, 0x61, 0x08, 0x61, 0x08, 0x61, 0x08,
    0x61, 0x08, 0x61, 0x08, 0x61, 0x08, 0x61, 0x08, 0x61, 0x08, 0x61, 0x08, 0x61, 0x08, 0x61, 0x08,
    0x61, 0x08, 0x61, 0x08, 0x61, 0x08, 0x61, 0x08, 0x61, 0x08, 0x61, 0x08, 0x61, 0x08, 0x61, 0x08,
    0x61, 0x08, 0x61, 0x08, 0x61, 0x08, 0x61, 0x08, 0x61, 0x08, 0x61, 0x08, 0x61, 0x08, 0x61, 0x08,
    0x61, 0x08, 0x61, 0x08, 0x61, 0x08, 0x61, 0x08, 0x61, 0x08, 0x61, 0x08, 0x61, 0x08, 0x61, 0x08,
    0x61, 0x08, 0x61, 0x08, 0x61, 0x08, 0x61, 0x08, 0x61, 0x08, 0x61, 0x08, 0x61, 0x08, 0x61, 0x08,
    0x61, 0x08, 0x61, 0x08, 0x61, 0x08, 0x61, 0x08, 0x61, 0x08, 0x61, 0x08, 0x89, 0x52, 0xFF, 0xFF,
    0xFF, 0xFF, 0xFF, 0xFF, 0xFF, 0xFF, 0x6E, 0x63, 0xB5, 0x31, 0x3D, 0x32, 0x3D, 0x32, 0x3D, 0x32,
    0x3D, 0x32, 0x3D, 0x32, 0x3D, 0x32, 0x3D, 0x32, 0x3D, 0x32, 0x3D, 0x3A, 0x3D, 0x3A, 0x3D, 0x3A,
    0x3D, 0x3A, 0x5D, 0x3A, 0x5D, 0x3A, 0x5D, 0x3A, 0x5D, 0x3A, 0x5D, 0x3A, 0x5D, 0x3A, 0x5D, 0x3A,
    0x5D, 0x3A, 0x5C, 0x3A, 0x5C, 0x3A, 0x5C, 0x3A, 0x5C, 0x3A, 0x7D, 0xEF, 0x7D, 0xEF, 0x7D, 0xEF,
    0x7D, 0xEF, 0x7D, 0xEF, 0x7D, 0xEF, 0x7D, 0xEF, 0x7D, 0xEF, 0x7D, 0xEF, 0x7D, 0xEF, 0x5D, 0xEF,
    0x5D, 0xEF, 0x5D, 0xEF, 0x5D, 0xEF, 0x5D, 0xEF, 0x5D, 0xEF, 0x5D, 0xEF, 0x5D, 0xEF, 0x5D, 0xEF,
    0x5D, 0xEF, 0x5D, 0xEF, 0x5D, 0xEF, 0x5D, 0xEF, 0x5D, 0xEF, 0x5D, 0xEF, 0x10, 0x84, 0x61, 0x08,
    0x00, 0x00, 0xE3, 0x18, 0xDB, 0xDE, 0xAA, 0x52, 0xAA, 0x52, 0x3C, 0xE7, 0x3C, 0xE7, 0xC7, 0x39,
    0xAE, 0x73, 0x3C, 0xE7, 0xAA, 0x52, 0x2C, 0x63, 0xC7, 0x39, 0x00, 0x00, 0x3C, 0xE7, 0xE3, 0x18,
    0xF3, 0x9C, 0x61, 0x08, 0xC7, 0x39, 0x3C, 0xE7, 0x10, 0x84, 0x61, 0x08, 0x61, 0x08, 0xC7, 0x39,
    0x59, 0xCE, 0x3C, 0xE7, 0xC7, 0x39, 0x2C, 0x63, 0x61, 0x08, 0x00, 0x00, 0x65, 0x29, 0xDB, 0xDE,
    0xF3, 0x9C, 0x61, 0x08, 0x00, 0x00, 0x00, 0x00, 0x75, 0xAD, 0x5D, 0xEF, 0x5D, 0xEF, 0x5D, 0xEF,
    0x59, 0xCE, 0xC7, 0x39, 0x00, 0x00, 0x00, 0x00, 0x30, 0x84, 0x5D, 0xEF, 0x10, 0x84, 0x61, 0x08,
    0x00, 0x00, 0xE3, 0x18, 0x79, 0xCE, 0x5D, 0xEF, 0x92, 0x94, 0xC7, 0x39, 0xC7, 0x39, 0x00, 0x00,
    0xE3, 0x18, 0x96, 0xB5, 0xFB, 0xDE, 0xC7, 0x39, 0x00, 0x00, 0x00, 0x00, 0xAE, 0x73, 0xAE, 0x73,
    0xE3, 0x18, 0x9E, 0xF7, 0x9A, 0xD6, 0xE3, 0x18, 0x65, 0x29, 0x00, 0x00, 0x61, 0x08, 0xCF, 0x7B,
    0xB2, 0x94, 0x00, 0x00, 0x9E, 0xF7, 0x9E, 0xF7, 0xD3, 0x9C, 0xE3, 0x18, 0xBE, 0xF7, 0xB6, 0xB5,
    0x65, 0x29, 0xCF, 0x7B, 0x00, 0x00, 0x55, 0xAD, 0xBA, 0xD6, 0xE7, 0x39, 0x82, 0x10, 0x00, 0x00,
    0xCF, 0x7B, 0xBE, 0xF7, 0xDF, 0xFF, 0xEB, 0x5A, 0x00, 0x00, 0xE3, 0x18, 0xE7, 0x39, 0xE3, 0x18,
    0xDF, 0xFF, 0xDF, 0xFF, 0xDF, 0xFF, 0xDF, 0xFF, 0xEF, 0x7B, 0x69, 0x4A, 0xE7, 0x39, 0x00, 0x00,
    0x04, 0x21, 0x79, 0xCE, 0xFF, 0xFF, 0x7D, 0xEF, 0x08, 0x42, 0x82, 0x10, 0x00, 0x00, 0xEF, 0x7B,
    0xFF, 0xFF, 0x8A, 0x52, 0x00, 0x00, 0x00, 0x00, 0x04, 0x21, 0x71, 0x8C, 0x86, 0x31, 0xFF, 0xFF,
    0x7D, 0xEF, 0x00, 0x00, 0x6D, 0x6B, 0xFF, 0xFF, 0xF7, 0xBD, 0x00, 0x00, 0x7D, 0xEF, 0x79, 0xCE,
    0x86, 0x31, 0x00, 0x00, 0x04, 0x21, 0x71, 0x8C, 0xFF, 0xFF, 0xFB, 0xDE, 0x82, 0x10, 0x71, 0x8C,
    0x82, 0x10, 0xEF, 0x7B, 0xF3, 0x9C, 0x04, 0x21, 0xFF, 0xFF, 0xFB, 0xDE, 0x04, 0x21, 0xEF, 0x7B,
    0xFF, 0xFF, 0xFF, 0xFF, 0xFF, 0xFF, 0xFF, 0xFF, 0xFF, 0xFF, 0xFF, 0xFF, 0xFF, 0xFF, 0xFF, 0xFF,
    0xFF, 0xFF, 0xFF, 0xFF, 0xFF, 0xFF, 0xFF, 0xFF, 0xFF, 0xFF, 0xFF, 0xFF, 0xFF, 0xFF, 0xFF, 0xFF,
    0xFF, 0xFF, 0xFF, 0xFF, 0xFF, 0xFF, 0xFF, 0xFF, 0xFF, 0xFF, 0xFF, 0xFF, 0xFF, 0xFF, 0xFF, 0xFF,
    0xFF, 0xFF, 0xFF, 0xFF, 0xFF, 0xFF, 0xFF, 0xFF, 0xFF, 0xFF, 0xFF, 0xFF, 0xFF, 0xFF, 0xFF, 0xFF,
    0xFF, 0xFF, 0xFF, 0xFF, 0xBE, 0xFF, 0x4A, 0x42, 0xFF, 0xFF, 0xFF, 0xFF, 0xFF, 0xFF, 0xFF, 0xFF,
    0x54, 0xAD, 0xC6, 0x41, 0xC6, 0x41, 0xC6, 0x39, 0xC6, 0x41, 0xC6, 0x39, 0xC6, 0x39, 0xC6, 0x39,
    0xC6, 0x39, 0xC6, 0x39, 0xC6, 0x39, 0xC6, 0x39, 0xC6, 0x39, 0xC6, 0x41, 0xC6, 0x39, 0xC6, 0x39,
    0xC6, 0x39, 0xC6, 0x39, 0xC6, 0x41, 0xC6, 0x41, 0xC6, 0x39, 0xC6, 0x39, 0xC6, 0x39, 0xC6, 0x39,
    0xC6, 0x39, 0xC6, 0x39, 0xC6, 0x39, 0xC6, 0x39, 0xC6, 0x39, 0xC6, 0x39, 0xC6, 0x39, 0xC6, 0x39,
    0xC6, 0x39, 0xC6, 0x39, 0xC6, 0x39, 0xC6, 0x39, 0xC6, 0x39, 0xC6, 0x39, 0xC6, 0x39, 0xC6, 0x39,
    0xC6, 0x39, 0xC6, 0x39, 0xC6, 0x39, 0xC6, 0x39, 0xC6, 0x39, 0xC6, 0x39, 0xC6, 0x39, 0xC6, 0x39,
    0xC6, 0x39, 0xC6, 0x39, 0xC6, 0x39, 0xC6, 0x39, 0xC6, 0x39, 0xC6, 0x39, 0xC6, 0x39, 0xC6, 0x39,
    0xC6, 0x39, 0xC6, 0x39, 0xC6, 0x39, 0xC6, 0x39, 0xC6, 0x39, 0xC6, 0x39, 0xC6, 0x39, 0xC6, 0x39,
    0xC6, 0x39, 0xC6, 0x39, 0xC6, 0x39, 0xC6, 0x39, 0xC6, 0x39, 0xC6, 0x39, 0xC6, 0x39, 0xC6, 0x39,
    0xC6, 0x39, 0xC6, 0x39, 0xC6, 0x39, 0xC6, 0x39, 0xC6, 0x39, 0xC6, 0x39, 0xC6, 0x39, 0x4C, 0x73,
    0xFF, 0xFF, 0xFF, 0xFF, 0xFF, 0xFF, 0xFF, 0xFF, 0x6E, 0x63, 0xD5, 0x31, 0x3D, 0x32, 0x3D, 0x32,
    0x3D, 0x32, 0x3D, 0x32, 0x3D, 0x32, 0x3D, 0x3A, 0x3D, 0x3A, 0x3D, 0x3A, 0x3D, 0x3A, 0x3D, 0x3A,
    0x3D, 0x3A, 0x3D, 0x3A, 0x5D, 0x3A, 0x5D, 0x3A, 0x5D, 0x3A, 0x5D, 0x3A, 0x5D, 0x3A, 0x5C, 0x3A,
    0x5C, 0x3A, 0x5C, 0x3A, 0x5C, 0x3A, 0x5C, 0x3A, 0x5C, 0x3A, 0x5C, 0x3A, 0x7D, 0xEF, 0x7D, 0xEF,
    0x7D, 0xEF, 0x7D, 0xEF, 0x7D, 0xEF, 0x7D, 0xEF, 0x7D, 0xEF, 0x7D, 0xEF, 0x7D, 0xEF, 0x7D, 0xEF,
    0x7D, 0xEF, 0x5D, 0xEF, 0x5D, 0xEF, 0x5D, 0xEF, 0x5D, 0xEF, 0x5D, 0xEF, 0x5D, 0xEF, 0x5D, 0xEF,
    0x5D, 0xEF, 0x5D, 0xEF, 0x5D, 0xEF, 0x5D, 0xEF, 0x5D, 0xEF, 0x5D, 0xEF, 0x79, 0xCE, 0x00, 0x00,
    0x14, 0xA5, 0x5D, 0xEF, 0xF7, 0xBD, 0x5D, 0xEF, 0xAA, 0x52, 0xAA, 0x52, 0x3C, 0xE7, 0x3C, 0xE7,
    0xC7, 0x39, 0x8E, 0x73, 0x5D, 0xEF, 0xAA, 0x52, 0x00, 0x00, 0x75, 0xAD, 0x59, 0xCE, 0x3C, 0xE7,
    0xE3, 0x18, 0xE3, 0x18, 0x75, 0xAD, 0xDB, 0xDE, 0x59, 0xCE, 0x00, 0x00, 0x59, 0xCE, 0x3C, 0xE7,
    0xC7, 0x39, 0x2C, 0x63, 0x5D, 0xEF, 0xC7, 0x39, 0xE3, 0x18, 0xDB, 0xDE, 0x59, 0xCE, 0x61, 0x08,
    0x92, 0x94, 0x5D, 0xEF, 0xAA, 0x52, 0xCB, 0x5A, 0x5D, 0xEF, 0x5D, 0xEF, 0x5D, 0xEF, 0x5D, 0xEF,
    0x5D, 0xEF, 0xAA, 0x52, 0xC7, 0x39, 0xFB, 0xDE, 0x79, 0xCE, 0xFB, 0xDE, 0x79, 0xCE, 0x00, 0x00,
    0x96, 0xB5, 0x5D, 0xEF, 0x2C, 0x63, 0x65, 0x29, 0x7D, 0xEF, 0x92, 0x94, 0x00, 0x00, 0x96, 0xB5,
    0x7D, 0xEF, 0xCB, 0x5A, 0x49, 0x4A, 0x7D, 0xEF, 0x9A, 0xD6, 0x00, 0x00, 0x9A, 0xD6, 0x7D, 0xEF,
    0xCF, 0x7B, 0xE3, 0x18, 0x9E, 0xF7, 0x49, 0x4A, 0xCB, 0x5A, 0x9E, 0xF7, 0xB2, 0x94, 0xE3, 0x18,
    0x9E, 0xF7, 0xB2, 0x94, 0x00, 0x00, 0x9E, 0xF7, 0x9E, 0xF7, 0xD3, 0x9C, 0xE3, 0x18, 0xBE, 0xF7,
    0xB6, 0xB5, 0x00, 0x00, 0x4D, 0x6B, 0xBA, 0xD6, 0x3C, 0xE7, 0xEB, 0x5A, 0x69, 0x4A, 0xBE, 0xF7,
    0xDB, 0xDE, 0x00, 0x00, 0xD7, 0xBD, 0x55, 0xAD, 0x00, 0x00, 0xDB, 0xDE, 0xDF, 0xFF, 0xE7, 0x39,
    0xE3, 0x18, 0xDF, 0xFF, 0xFF, 0xFF, 0xFF, 0xFF, 0xFF, 0xFF, 0xEF, 0x7B, 0x00, 0x00, 0x79, 0xCE,
    0xFF, 0xFF, 0x08, 0x42, 0x69, 0x4A, 0xFF, 0xFF, 0xEB, 0x5A, 0x86, 0x31, 0xFF, 0xFF, 0xFB, 0xDE,
    0x82, 0x10, 0xF7, 0xBD, 0xFF, 0xFF, 0x00, 0x00, 0xF7, 0xBD, 0xFF, 0xFF, 0x79, 0xCE, 0x00, 0x00,
    0x7D, 0xEF, 0x75, 0xAD, 0x65, 0x29, 0x82, 0x10, 0xFF, 0xFF, 0xEF, 0x7B, 0x08, 0x42, 0xFF, 0xFF,
    0x04, 0x21, 0xEF, 0x7B, 0xFF, 0xFF, 0xF3, 0x9C, 0x00, 0x00, 0x7D, 0xEF, 0xFB, 0xDE, 0x00, 0x00,
    0x69, 0x4A, 0xFB, 0xDE, 0x7D, 0xEF, 0xF3, 0x9C, 0x04, 0x21, 0xFB, 0xDE, 0x04, 0x21, 0xEF, 0x7B,
    0xFF, 0xFF, 0xFF, 0xFF, 0xFF, 0xFF, 0xFF, 0xFF, 0xFF, 0xFF, 0xFF, 0xFF, 0xFF, 0xFF, 0xFF, 0xFF,
    0xFF, 0xFF, 0xFF, 0xFF, 0xFF, 0xFF, 0xFF, 0xFF, 0xFF, 0xFF, 0xFF, 0xFF, 0xFF, 0xFF, 0xFF, 0xFF,
    0xFF, 0xFF, 0xFF, 0xFF, 0xFF, 0xFF, 0xFF, 0xFF, 0xFF, 0xFF, 0xFF, 0xFF, 0xFF, 0xFF, 0xFF, 0xFF,
    0xFF, 0xFF, 0xFF, 0xFF, 0xFF, 0xFF, 0xFF, 0xFF, 0xFF, 0xFF, 0xFF, 0xFF, 0xFF, 0xFF, 0xFF, 0xFF,
    0xFF, 0xFF, 0xFF, 0xFF, 0xFF, 0xFF, 0xDF, 0xFF, 0x4A, 0x42, 0xFF, 0xFF, 0xFF, 0xFF, 0xFF, 0xFF,
    0xFF, 0xFF, 0x1A, 0xEF, 0x98, 0xE6, 0x98, 0xE6, 0x98, 0xE6, 0x98, 0xE6, 0x98, 0xE6, 0x98, 0xE6,
    0x98, 0xE6, 0x98, 0xE6, 0x98, 0xE6, 0x98, 0xE6, 0x98, 0xE6, 0x98, 0xE6, 0x98, 0xE6, 0x98, 0xE6,
    0x98, 0xE6, 0x98, 0xE6, 0x98, 0xE6, 0x98, 0xE6, 0x98, 0xE6, 0x98, 0xE6, 0x98, 0xE6, 0x98, 0xE6,
    0x98, 0xE6, 0x98, 0xE6, 0x98, 0xE6, 0x98, 0xE6, 0x98, 0xE6, 0x98, 0xE6, 0x98, 0xE6, 0x98, 0xE6,
    0x98, 0xE6, 0x98, 0xE6, 0x98, 0xE6, 0x98, 0xE6, 0x98, 0xE6, 0x98, 0xE6, 0x98, 0xE6, 0x98, 0xE6,
    0x98, 0xE6, 0x98, 0xE6, 0x98, 0xE6, 0x98, 0xE6, 0x98, 0xE6, 0x98, 0xE6, 0x98, 0xE6, 0x98, 0xE6,
    0x98, 0xE6, 0x98, 0xE6, 0x98, 0xE6, 0x98, 0xE6, 0x98, 0xE6, 0x98, 0xE6, 0x98, 0xE6, 0x98, 0xE6,
    0x98, 0xE6, 0x98, 0xE6, 0x98, 0xE6, 0x98, 0xE6, 0x98, 0xE6, 0x98, 0xE6, 0x98, 0xE6, 0x98, 0xE6,
    0x98, 0xE6, 0x98, 0xE6, 0x98, 0xE6, 0x98, 0xE6, 0x98, 0xE6, 0x98, 0xE6, 0x98, 0xE6, 0x98, 0xE6,
    0x98, 0xE6, 0x98, 0xE6, 0x98, 0xE6, 0x98, 0xE6, 0x98, 0xE6, 0x98, 0xE6, 0x98, 0xE6, 0x98, 0xE6,
    0x98, 0xDE, 0xFE, 0xFF, 0xFF, 0xFF, 0xFF, 0xFF, 0xFF, 0xFF, 0x6E, 0x63, 0xD5, 0x31, 0x3D, 0x32,
    0x3D, 0x32, 0x3D, 0x32, 0x3D, 0x32, 0x3D, 0x3A, 0x3D, 0x3A, 0x3D, 0x3A, 0x3D, 0x3A, 0x5D, 0x3A,
    0x5D, 0x3A, 0x5D, 0x3A, 0x5D, 0x3A, 0x5C, 0x3A, 0x5C, 0x3A, 0x5C, 0x3A, 0x5D, 0x3A, 0x5D, 0x3A,
    0x5C, 0x3A, 0x5C, 0x3A, 0x5C, 0x3A, 0x5C, 0x3A, 0x5C, 0x3A, 0x5C, 0x3A, 0x7C, 0x3A, 0x7D, 0xEF,
    0x7D, 0xEF, 0x7D, 0xEF, 0x7D, 0xEF, 0x7D, 0xEF, 0x7D, 0xEF, 0x7D, 0xEF, 0x7D, 0xEF, 0x7D, 0xEF,
    0x7D, 0xEF, 0x7D, 0xEF, 0x7D, 0xEF, 0x7D, 0xEF, 0x5D, 0xEF, 0x5D, 0xEF, 0x5D, 0xEF, 0x5D, 0xEF,
    0x5D, 0xEF, 0x5D, 0xEF, 0x5D, 0xEF, 0x5D, 0xEF, 0x5D, 0xEF, 0x5D, 0xEF, 0x5D, 0xEF, 0x10, 0x84,
    0x61, 0x08, 0x5D, 0xEF, 0x5D, 0xEF, 0x5D, 0xEF, 0x5D, 0xEF, 0xAA, 0x52, 0xAA, 0x52, 0x5D, 0xEF,
    0x5D, 0xEF, 0xC7, 0x39, 0xAE, 0x73, 0x5D, 0xEF, 0xAA, 0x52, 0x49, 0x4A, 0x5D, 0xEF, 0x3C, 0xE7,
    0x5D, 0xEF, 0xE3, 0x18, 0x10, 0x84, 0x5D, 0xEF, 0x5D, 0xEF, 0x10, 0x84, 0x61, 0x08, 0xAA, 0x52,
    0xAA, 0x52, 0x65, 0x29, 0xC7, 0x39, 0x5D, 0xEF, 0xC7, 0x39, 0xAE, 0x73, 0x5D, 0xEF, 0x5D, 0xEF,
    0xE3, 0x18, 0x92, 0x94, 0x5D, 0xEF, 0xAA, 0x52, 0xCB, 0x5A, 0x5D, 0xEF, 0x5D, 0xEF, 0x5D, 0xEF,
    0x5D, 0xEF, 0x5D, 0xEF, 0x61, 0x08, 0x92, 0x94, 0x5D, 0xEF, 0x5D, 0xEF, 0x5D, 0xEF, 0x30, 0x84,
    0xE3, 0x18, 0x7D, 0xEF, 0x7D, 0xEF, 0x18, 0xC6, 0x00, 0x00, 0x79, 0xCE, 0xB2, 0x94, 0xE3, 0x18,
    0x7D, 0xEF, 0x7D, 0xEF, 0xAE, 0x73, 0xE7, 0x39, 0x7D, 0xEF, 0x9A, 0xD6, 0x00, 0x00, 0x9A, 0xD6,
    0x7D, 0xEF, 0xCF, 0x7B, 0xE3, 0x18, 0x9E, 0xF7, 0xCB, 0x5A, 0xCB, 0x5A, 0x9E, 0xF7, 0x30, 0x84,
    0x65, 0x29, 0x9E, 0xF7, 0xD3, 0x9C, 0x00, 0x00, 0xBE, 0xF7, 0x9E, 0xF7, 0xD3, 0x9C, 0xE3, 0x18,
    0xBE, 0xF7, 0xD7, 0xBD, 0x00, 0x00, 0xBE, 0xF7, 0xBE, 0xF7, 0xBE, 0xF7, 0x65, 0x29, 0x65, 0x29,
    0xEB, 0x5A, 0xEB, 0x5A, 0x82, 0x10, 0xF3, 0x9C, 0xEF, 0x7B, 0xE7, 0x39, 0xDF, 0xFF, 0xDF, 0xFF,
    0xF3, 0x9C, 0xE3, 0x18, 0xDF, 0xFF, 0xFF, 0xFF, 0xFF, 0xFF, 0xFF, 0xFF, 0xEF, 0x7B, 0x08, 0x42,
    0xFF, 0xFF, 0xFF, 0xFF, 0xEF, 0x7B, 0x08, 0x42, 0xFF, 0xFF, 0x86, 0x31, 0x86, 0x31, 0x0C, 0x63,
    0x0C, 0x63, 0x82, 0x10, 0xF3, 0x9C, 0xFF, 0xFF, 0x00, 0x00, 0xF7, 0xBD, 0xFF, 0xFF, 0xFF, 0xFF,
    0x82, 0x10, 0xF3, 0x9C, 0xEB, 0x5A, 0x71, 0x8C, 0xE3, 0x18, 0xFB, 0xDE, 0x08, 0x42, 0x71, 0x8C,
    0xFB, 0xDE, 0x00, 0x00, 0x79, 0xCE, 0xFF, 0xFF, 0xFF, 0xFF, 0xE3, 0x18, 0xF3, 0x9C, 0xFB, 0xDE,
    0x00, 0x00, 0x79, 0xCE, 0xFF, 0xFF, 0xFF, 0xFF, 0xF3, 0x9C, 0x04, 0x21, 0x04, 0x21, 0x69, 0x4A,
    0xFF, 0xFF, 0xFF, 0xFF, 0xFF, 0xFF, 0xFF, 0xFF, 0xFF, 0xFF, 0xFF, 0xFF, 0xFF, 0xFF, 0xFF, 0xFF,
    0xFF, 0xFF, 0xFF, 0xFF, 0xFF, 0xFF, 0xFF, 0xFF, 0xFF, 0xFF, 0xFF, 0xFF, 0xFF, 0xFF, 0xFF, 0xFF,
    0xFF, 0xFF, 0xFF, 0xFF, 0xFF, 0xFF, 0xFF, 0xFF, 0xFF, 0xFF, 0xFF, 0xFF, 0xFF, 0xFF, 0xFF, 0xFF,
    0xFF, 0xFF, 0xFF, 0xFF, 0xFF, 0xFF, 0xFF, 0xFF, 0xFF, 0xFF, 0xFF, 0xFF, 0xFF, 0xFF, 0xFF, 0xFF,
    0xFF, 0xFF, 0xFF, 0xFF, 0xFF, 0xFF, 0xFF, 0xFF, 0xBE, 0xFF, 0x4A, 0x42, 0xFF, 0xFF, 0xFF, 0xFF,
    0xFF, 0xFF, 0xFF, 0xFF, 0x1A, 0xEF, 0x98, 0xE6, 0x97, 0xE6, 0x97, 0xE6, 0x97, 0xE6, 0x97, 0xDE,
    0x97, 0xE6, 0x97, 0xE6, 0x97, 0xE6, 0x97, 0xE6, 0x97, 0xE6, 0x98, 0xE6, 0x97, 0xE6, 0x98, 0xE6,
    0x98, 0xE6, 0x97, 0xE6, 0x98, 0xE6, 0x97, 0xE6, 0x97, 0xE6, 0x98, 0xE6, 0x98, 0xDE, 0x97, 0xE6,
    0x97, 0xE6, 0x97, 0xE6, 0x98, 0xE6, 0x98, 0xE6, 0x98, 0xE6, 0x98, 0xE6, 0x97, 0xDE, 0x97, 0xE6,
    0x97, 0xE6, 0x97, 0xE6, 0x97, 0xE6, 0x97, 0xE6, 0x97, 0xE6, 0x97, 0xE6, 0x97, 0xE6, 0x97, 0xE6,
    0x97, 0xE6, 0x97, 0xE6, 0x97, 0xE6, 0x97, 0xE6, 0x97, 0xE6, 0x97, 0xE6, 0x97, 0xE6, 0x97, 0xE6,
    0x97, 0xE6, 0x97, 0xE6, 0x97, 0xE6, 0x97, 0xE6, 0x97, 0xE6, 0x97, 0xE6, 0x97, 0xE6, 0x97, 0xE6,
    0x97, 0xE6, 0x97, 0xE6, 0x97, 0xE6, 0x97, 0xE6, 0x97, 0xE6, 0x97, 0xE6, 0x97, 0xE6, 0x97, 0xE6,
    0x97, 0xE6, 0x97, 0xE6, 0x97, 0xE6, 0x97, 0xE6, 0x97, 0xE6, 0x97, 0xE6, 0x97, 0xE6, 0x97, 0xE6,
    0x97, 0xE6, 0x97, 0xE6, 0x97, 0xE6, 0x97, 0xE6, 0x97, 0xE6, 0x97, 0xE6, 0x97, 0xE6, 0x97, 0xE6,
    0x97, 0xE6, 0x98, 0xE6, 0xFE, 0xFF, 0xFF, 0xFF, 0xFF, 0xFF, 0xFF, 0xFF, 0x6E, 0x63, 0xD5, 0x31,
    0x3D, 0x32, 0x3D, 0x32, 0x3D, 0x32, 0x3D, 0x3A, 0x3D, 0x3A, 0x3D, 0x3A, 0x3D, 0x3A, 0x5D, 0x3A,
    0x5D, 0x3A, 0x5D, 0x3A, 0x5D, 0x3A, 0x5D, 0x3A, 0x5C, 0x3A, 0x5D, 0x3A, 0x5C, 0x3A, 0x5C, 0x3A,
    0x5C, 0x3A, 0x5C, 0x3A, 0x5D, 0x3A, 0x5C, 0x3A, 0x5C, 0x3A, 0x5C, 0x3A, 0x7C, 0x3A, 0x7C, 0x3A,
    0x7D, 0xEF, 0x7D, 0xEF, 0x7D, 0xEF, 0x7D, 0xEF, 0x7D, 0xEF, 0x7D, 0xEF, 0x7D, 0xEF, 0x7D, 0xEF,
    0x7D, 0xEF, 0x7D, 0xEF, 0x7D, 0xEF, 0x7D, 0xEF, 0x7D, 0xEF, 0x7D, 0xEF, 0x5D, 0xEF, 0x5D, 0xEF,
    0x5D, 0xEF, 0x5D, 0xEF, 0x5D, 0xEF, 0x5D, 0xEF, 0x5D, 0xEF, 0x5D, 0xEF, 0x5D, 0xEF, 0x5D, 0xEF,
    0x10, 0x84, 0xE3, 0x18, 0x5D, 0xEF, 0x5D, 0xEF, 0x5D, 0xEF, 0x5D, 0xEF, 0xCB, 0x5A, 0xCB, 0x5A,
    0x5D, 0xEF, 0x5D, 0xEF, 0xC7, 0x39, 0xAE, 0x73, 0x5D, 0xEF, 0xAA, 0x52, 0xAA, 0x52, 0x5D, 0xEF,
    0x3C, 0xE7, 0x5D, 0xEF, 0xE3, 0x18, 0x92, 0x94, 0x5D, 0xEF, 0x5D, 0xEF, 0x10, 0x84, 0xE3, 0x18,
    0x92, 0x94, 0x92, 0x94, 0x92, 0x94, 0x14, 0xA5, 0x5D, 0xEF, 0xC7, 0x39, 0xAE, 0x73, 0x5D, 0xEF,
    0x5D, 0xEF, 0xE3, 0x18, 0x92, 0x94, 0x5D, 0xEF, 0xCB, 0x5A, 0xCB, 0x5A, 0x5D, 0xEF, 0x5D, 0xEF,
    0x5D, 0xEF, 0x5D, 0xEF, 0x5D, 0xEF, 0x61, 0x08, 0x92, 0x94, 0x5D, 0xEF, 0x7D, 0xEF, 0x5D, 0xEF,
    0x30, 0x84, 0xE3, 0x18, 0x7D, 0xEF, 0x7D, 0xEF, 0x96, 0xB5, 0x00, 0x00, 0x79, 0xCE, 0xB2, 0x94,
    0xE3, 0x18, 0x7D, 0xEF, 0x7D, 0xEF, 0xCF, 0x7B, 0xE7, 0x39, 0x7D, 0xEF, 0x9A, 0xD6, 0x00, 0x00,
    0x9A, 0xD6, 0x9E, 0xF7, 0xCF, 0x7B, 0xE3, 0x18, 0x9E, 0xF7, 0xBA, 0xD6, 0x61, 0x08, 0xE3, 0x18,
    0x65, 0x29, 0x38, 0xC6, 0x9E, 0xF7, 0xD3, 0x9C, 0x00, 0x00, 0xBE, 0xF7, 0xBE, 0xF7, 0xD3, 0x9C,
    0xE3, 0x18, 0xBE, 0xF7, 0xD7, 0xBD, 0x00, 0x00, 0xBE, 0xF7, 0xBE, 0xF7, 0xBE, 0xF7, 0xE3, 0x18,
    0xEB, 0x5A, 0xD3, 0x9C, 0xD3, 0x9C, 0xF3, 0x9C, 0xDB, 0xDE, 0xEF, 0x7B, 0x65, 0x29, 0xDF, 0xFF,
    0xDF, 0xFF, 0xF3, 0x9C, 0xE3, 0x18, 0xDF, 0xFF, 0xFF, 0xFF, 0xFF, 0xFF, 0xFF, 0xFF, 0xEF, 0x7B,
    0x08, 0x42, 0xFF, 0xFF, 0xFF, 0xFF, 0xEF, 0x7B, 0x08, 0x42, 0xFF, 0xFF, 0xE3, 0x18, 0x69, 0x4A,
    0xF3, 0x9C, 0xF3, 0x9C, 0xF3, 0x9C, 0xFB, 0xDE, 0xFF, 0xFF, 0x00, 0x00, 0xF7, 0xBD, 0xFF, 0xFF,
    0xFF, 0xFF, 0xEB, 0x5A, 0x6D, 0x6B, 0x04, 0x21, 0x79, 0xCE, 0xEB, 0x5A, 0xEF, 0x7B, 0x00, 0x00,
    0x79, 0xCE, 0xFB, 0xDE, 0x00, 0x00, 0xFB, 0xDE, 0xFF, 0xFF, 0xFF, 0xFF, 0x82, 0x10, 0xF3, 0x9C,
    0xFB, 0xDE, 0x00, 0x00, 0xFB, 0xDE, 0xFF, 0xFF, 0xFF, 0xFF, 0xF3, 0x9C, 0x00, 0x00, 0x69, 0x4A,
    0x82, 0x10, 0xFB, 0xDE, 0xFF, 0xFF, 0xFF, 0xFF, 0xFF, 0xFF, 0xFF, 0xFF, 0xFF, 0xFF, 0xFF, 0xFF,
    0xFF, 0xFF, 0xFF, 0xFF, 0xFF, 0xFF, 0xFF, 0xFF, 0xFF, 0xFF, 0xFF, 0xFF, 0xFF, 0xFF, 0xFF, 0xFF,
    0xFF, 0xFF, 0xFF, 0xFF, 0xFF, 0xFF, 0xFF, 0xFF, 0xFF, 0xFF, 0xFF, 0xFF, 0xFF, 0xFF, 0xFF, 0xFF,
    0xFF, 0xFF, 0xFF, 0xFF, 0xFF, 0xFF, 0xFF, 0xFF, 0xFF, 0xFF, 0xFF, 0xFF, 0xFF, 0xFF, 0xFF, 0xFF,
    0xFF, 0xFF, 0xFF, 0xFF, 0xFF, 0xFF, 0xFF, 0xFF, 0xFF, 0xFF, 0xB6, 0xBD, 0x09, 0x3A, 0xFF, 0xFF,
    0xFF, 0xFF, 0xFF, 0xFF, 0xFF, 0xFF, 0x1A, 0xEF, 0x97, 0xE6, 0x98, 0xE6, 0x98, 0xE6, 0x97, 0xE6,
    0x77, 0xDE, 0x4F, 0x94, 0xF5, 0xCD, 0x97, 0xE6, 0x97, 0xE6, 0x97, 0xE6, 0x98, 0xE6, 0x97, 0xE6,
    0x98, 0xE6, 0x97, 0xE6, 0x98, 0xE6, 0x98, 0xDE, 0x98, 0xE6, 0x98, 0xE6, 0xF3, 0xDD, 0xCE, 0xC4,
    0x0F, 0xCD, 0x76, 0xE6, 0x98, 0xDE, 0x55, 0xE6, 0x0F, 0xCD, 0xCE, 0xC4, 0xD3, 0xD5, 0x97, 0xE6,
    0x97, 0xE6, 0x97, 0xE6, 0x97, 0xE6, 0x97, 0xE6, 0x97, 0xE6, 0x97, 0xE6, 0x97, 0xE6, 0x97, 0xE6,
    0x97, 0xE6, 0x97, 0xE6, 0x97, 0xE6, 0x97, 0xE6, 0x97, 0xE6, 0x97, 0xE6, 0x97, 0xE6, 0x97, 0xE6,
    0x97, 0xE6, 0x97, 0xE6, 0x97, 0xE6, 0x97, 0xE6, 0x97, 0xE6, 0x97, 0xE6, 0x97, 0xE6, 0x97, 0xE6,
    0x97, 0xE6, 0x97, 0xE6, 0x97, 0xE6, 0x97, 0xE6, 0x97, 0xE6, 0x97, 0xE6, 0x97, 0xE6, 0x97, 0xE6,
    0x97, 0xE6, 0x97, 0xE6, 0x97, 0xE6, 0x97, 0xE6, 0x97, 0xE6, 0x97, 0xE6, 0x97, 0xE6, 0x97, 0xE6,
    0x97, 0xE6, 0x97, 0xE6, 0x97, 0xE6, 0x97, 0xE6, 0x97, 0xE6, 0x97, 0xE6, 0x97, 0xE6, 0x97, 0xE6,
    0x97, 0xE6, 0x97, 0xE6, 0x98, 0xE6, 0xFF, 0xFF, 0xFF, 0xFF, 0xFF, 0xFF, 0xFF, 0xFF, 0x6E, 0x63,
    0xD5, 0x31, 0x3D, 0x32, 0x3D, 0x3A, 0x3D, 0x3A, 0x3D, 0x3A, 0x3D, 0x3A, 0x5D, 0x3A, 0x5D, 0x3A,
    0x5D, 0x3A, 0x5D, 0x3A, 0x5C, 0x3A, 0x5D, 0x3A, 0x5C, 0x3A, 0x5C, 0x3A, 0x5C, 0x3A, 0x5C, 0x3A,
    0x5C, 0x3A, 0x5C, 0x3A, 0x5C, 0x3A, 0x5C, 0x3A, 0x7C, 0x3A, 0x7C, 0x3A, 0x7C, 0x3A, 0x7C, 0x3A,
    0x7C, 0x3A, 0x7D, 0xEF, 0x7D, 0xEF, 0x7D, 0xEF, 0x7D, 0xEF, 0x7D, 0xEF, 0x7D, 0xEF, 0x7D, 0xEF,
    0x7D, 0xEF, 0x7D, 0xEF, 0x7D, 0xEF, 0x7D, 0xEF, 0x7D, 0xEF, 0x7D, 0xEF, 0x7D, 0xEF, 0x7D, 0xEF,
    0x5D, 0xEF, 0x7D, 0xEF, 0x5D, 0xEF, 0x5D, 0xEF, 0x5D, 0xEF, 0x5D, 0xEF, 0x5D, 0xEF, 0x5D, 0xEF,
    0x5D, 0xEF, 0x75, 0xAD, 0x00, 0x00, 0x75, 0xAD, 0x5D, 0xEF, 0xF7, 0xBD, 0x5D, 0xEF, 0xCB, 0x5A,
    0xC7, 0x39, 0x5D, 0xEF, 0x79, 0xCE, 0x61, 0x08, 0xAE, 0x73, 0x5D, 0xEF, 0xCB, 0x5A, 0xAA, 0x52,
    0x5D, 0xEF, 0x5D, 0xEF, 0x5D, 0xEF, 0xE3, 0x18, 0x92, 0x94, 0x5D, 0xEF, 0x5D, 0xEF, 0x75, 0xAD,
    0x00, 0x00, 0xF7, 0xBD, 0x5D, 0xEF, 0xDB, 0xDE, 0xDB, 0xDE, 0x5D, 0xEF, 0xC7, 0x39, 0xAE, 0x73,
    0x5D, 0xEF, 0x5D, 0xEF, 0xE3, 0x18, 0x92, 0x94, 0x5D, 0xEF, 0xCB, 0x5A, 0x49, 0x4A, 0x5D, 0xEF,
    0x5D, 0xEF, 0x5D, 0xEF, 0x5D, 0xEF, 0x5D, 0xEF, 0xC7, 0x39, 0xC7, 0x39, 0x7D, 0xEF, 0xFB, 0xDE,
    0x79, 0xCE, 0x96, 0xB5, 0x00, 0x00, 0x18, 0xC6, 0x7D, 0xEF, 0xAE, 0x73, 0xE3, 0x18, 0x7D, 0xEF,
    0xB2, 0x94, 0xE3, 0x18, 0x7D, 0xEF, 0x7D, 0xEF, 0xAE, 0x73, 0xE7, 0x39, 0x9E, 0xF7, 0x9A, 0xD6,
    0x00, 0x00, 0x9A, 0xD6, 0x9E, 0xF7, 0xCF, 0x7B, 0xE3, 0x18, 0x9E, 0xF7, 0x34, 0xA5, 0xE7, 0x39,
    0x9A, 0xD6, 0xBA, 0xD6, 0x9E, 0xF7, 0xBE, 0xF7, 0xB6, 0xB5, 0x00, 0x00, 0xBA, 0xD6, 0xBE, 0xF7,
    0x69, 0x4A, 0xE3, 0x18, 0xBE, 0xF7, 0xD7, 0xBD, 0x00, 0x00, 0xBE, 0xF7, 0xDF, 0xFF, 0xDF, 0xFF,
    0x6D, 0x6B, 0xE7, 0x39, 0xDF, 0xFF, 0xDF, 0xFF, 0x5D, 0xEF, 0x5D, 0xEF, 0x55, 0xAD, 0x82, 0x10,
    0xDB, 0xDE, 0xDF, 0xFF, 0xEB, 0x5A, 0x04, 0x21, 0xFF, 0xFF, 0xFF, 0xFF, 0xFF, 0xFF, 0xFF, 0xFF,
    0xEF, 0x7B, 0x08, 0x42, 0xFF, 0xFF, 0xFF, 0xFF, 0xEF, 0x7B, 0x08, 0x42, 0xFF, 0xFF, 0xEF, 0x7B,
    0x86, 0x31, 0x7D, 0xEF, 0xFF, 0xFF, 0x7D, 0xEF, 0x7D, 0xEF, 0xFF, 0xFF, 0x00, 0x00, 0x75, 0xAD,
    0xFF, 0xFF, 0xFF, 0xFF, 0xF3, 0x9C, 0x04, 0x21, 0x04, 0x21, 0xFF, 0xFF, 0xF3, 0x9C, 0x04, 0x21,
    0x04, 0x21, 0xFF, 0xFF, 0xFF, 0xFF, 0x82, 0x10, 0x6D, 0x6B, 0xFF, 0xFF, 0xF7, 0xBD, 0x00, 0x00,
    0xFB, 0xDE, 0xFB, 0xDE, 0x00, 0x00, 0xFB, 0xDE, 0xFF, 0xFF, 0xFF, 0xFF, 0xF3, 0x9C, 0x04, 0x21,
    0xFF, 0xFF, 0x6D, 0x6B, 0x86, 0x31, 0x7D, 0xEF, 0xFF, 0xFF, 0xFF, 0xFF, 0xFF, 0xFF, 0xFF, 0xFF,
    0xFF, 0xFF, 0xFF, 0xFF, 0xFF, 0xFF, 0xFF, 0xFF, 0xFF, 0xFF, 0xFF, 0xFF, 0xFF, 0xFF, 0xFF, 0xFF,
    0xFF, 0xFF, 0xFF, 0xFF, 0xFF, 0xFF, 0xFF, 0xFF, 0xFF, 0xFF, 0xFF, 0xFF, 0xFF, 0xFF, 0xFF, 0xFF,
    0xFF, 0xFF, 0xFF, 0xFF, 0xFF, 0xFF, 0xFF, 0xFF, 0xFF, 0xFF, 0xFF, 0xFF, 0xFF, 0xFF, 0xFF, 0xFF,
    0xFF, 0xFF, 0xFF, 0xFF, 0xFF, 0xFF, 0xFF, 0xFF, 0xFF, 0xFF, 0xFF, 0xFF, 0xAB, 0x52, 0xC9, 0x21,
    0xFF, 0xFF, 0xFF, 0xFF, 0xFF, 0xFF, 0xFF, 0xFF, 0x1A, 0xEF, 0x97, 0xE6, 0x98, 0xE6, 0x98, 0xE6,
    0x97, 0xE6, 0x33, 0xB5, 0x20, 0x00, 0x6C, 0x73, 0x98, 0xE6, 0x98, 0xE6, 0xB8, 0xE6, 0xB7, 0xDE,
    0xB8, 0xE6, 0x97, 0xE6, 0x97, 0xE6, 0x98, 0xE6, 0xB8, 0xE6, 0x97, 0xE6, 0xF4, 0xDD, 0xA4, 0x9A,
    0xEA, 0xB3, 0x46, 0xA3, 0xC9, 0xAB, 0x56, 0xE6, 0xEA, 0xB3, 0x26, 0xA3, 0x0B, 0xBC, 0xA3, 0x92,
    0xD3, 0xD5, 0x97, 0xE6, 0x97, 0xE6, 0x97, 0xE6, 0x97, 0xE6, 0x97, 0xE6, 0x97, 0xE6, 0x97, 0xE6,
    0x97, 0xE6, 0x97, 0xE6, 0x97, 0xE6, 0x97, 0xE6, 0x97, 0xE6, 0x97, 0xE6, 0x97, 0xE6, 0x97, 0xE6,
    0x97, 0xE6, 0x97, 0xE6, 0x97, 0xE6, 0x97, 0xE6, 0x97, 0xE6, 0x97, 0xE6, 0x97, 0xE6, 0x97, 0xE6,
    0x97, 0xE6, 0x97, 0xE6, 0x97, 0xE6, 0x97, 0xE6, 0x97, 0xE6, 0x97, 0xE6, 0x97, 0xE6, 0x97, 0xE6,
    0x97, 0xE6, 0x97, 0xE6, 0x97, 0xE6, 0x97, 0xE6, 0x97, 0xE6, 0x97, 0xE6, 0x97, 0xE6, 0x97, 0xE6,
    0x97, 0xE6, 0x97, 0xE6, 0x97, 0xE6, 0x97, 0xE6, 0x97, 0xE6, 0x97, 0xE6, 0x97, 0xE6, 0x97, 0xE6,
    0x97, 0xE6, 0x97, 0xE6, 0x97, 0xE6, 0x98, 0xE6, 0xFF, 0xFF, 0xFF, 0xFF, 0xFF, 0xFF, 0xFF, 0xFF,
    0x6E, 0x63, 0xD5, 0x31, 0x3D, 0x3A, 0x3D, 0x3A, 0x3D, 0x3A, 0x3D, 0x3A, 0x3D, 0x3A, 0x5D, 0x3A,
    0x5D, 0x3A, 0x5D, 0x3A, 0x5D, 0x3A, 0x5D, 0x3A, 0x5D, 0x3A, 0x5C, 0x3A, 0x5C, 0x3A, 0x5C, 0x3A,
    0x5C, 0x3A, 0x5C, 0x3A, 0x5C, 0x3A, 0x5C, 0x3A, 0x5C, 0x3A, 0x7C, 0x3A, 0x7C, 0x3A, 0x7C, 0x3A,
    0x7C, 0x3A, 0x7C, 0x3A, 0x7D, 0xEF, 0x7D, 0xEF, 0x7D, 0xEF, 0x7D, 0xEF, 0x7D, 0xEF, 0x7D, 0xEF,
    0x7D, 0xEF, 0x7D, 0xEF, 0x7D, 0xEF, 0x7D, 0xEF, 0x7D, 0xEF, 0x7D, 0xEF, 0x7D, 0xEF, 0x7D, 0xEF,
    0x7D, 0xEF, 0x7D, 0xEF, 0x5D, 0xEF, 0x5D, 0xEF, 0x7D, 0xEF, 0x5D, 0xEF, 0x5D, 0xEF, 0x5D, 0xEF,
    0x5D, 0xEF, 0x5D, 0xEF, 0x5D, 0xEF, 0xAE, 0x73, 0x00, 0x00, 0x00, 0x00, 0x61, 0x08, 0x5D, 0xEF,
    0xF7, 0xBD, 0xE3, 0x18, 0x61, 0x08, 0xE3, 0x18, 0x49, 0x4A, 0xAE, 0x73, 0x5D, 0xEF, 0xCB, 0x5A,
    0xCB, 0x5A, 0x5D, 0xEF, 0x5D, 0xEF, 0x5D, 0xEF, 0xE3, 0x18, 0x92, 0x94, 0x5D, 0xEF, 0x5D, 0xEF,
    0x5D, 0xEF, 0xAE, 0x73, 0x61, 0x08, 0xE3, 0x18, 0x61, 0x08, 0x10, 0x84, 0x5D, 0xEF, 0xC7, 0x39,
    0xAE, 0x73, 0x5D, 0xEF, 0x5D, 0xEF, 0xE3, 0x18, 0x92, 0x94, 0x5D, 0xEF, 0x14, 0xA5, 0x00, 0x00,
    0xE3, 0x18, 0x14, 0xA5, 0x5D, 0xEF, 0x7D, 0xEF, 0x7D, 0xEF, 0x79, 0xCE, 0xE3, 0x18, 0x00, 0x00,
    0x00, 0x00, 0x30, 0x84, 0x7D, 0xEF, 0xAE, 0x73, 0x00, 0x00, 0x61, 0x08, 0xE3, 0x18, 0x18, 0xC6,
    0x7D, 0xEF, 0xB2, 0x94, 0xE3, 0x18, 0x7D, 0xEF, 0x7D, 0xEF, 0xCF, 0x7B, 0xE7, 0x39, 0x9E, 0xF7,
    0x9A, 0xD6, 0x00, 0x00, 0x9A, 0xD6, 0x9E, 0xF7, 0xCF, 0x7B, 0xE3, 0x18, 0x9E, 0xF7, 0xB2, 0x94,
    0x00, 0x00, 0x00, 0x00, 0x00, 0x00, 0xE3, 0x18, 0x38, 0xC6, 0x3C, 0xE7, 0x65, 0x29, 0x00, 0x00,
    0xE3, 0x18, 0xEB, 0x5A, 0xE3, 0x18, 0xBE, 0xF7, 0xD7, 0xBD, 0x00, 0x00, 0xDF, 0xFF, 0xDF, 0xFF,
    0xDF, 0xFF, 0xDB, 0xDE, 0x69, 0x4A, 0x82, 0x10, 0xE3, 0x18, 0x82, 0x10, 0x5D, 0xEF, 0xDF, 0xFF,
    0x6D, 0x6B, 0x00, 0x00, 0xE3, 0x18, 0x6D, 0x6B, 0x04, 0x21, 0xFF, 0xFF, 0xFF, 0xFF, 0xFF, 0xFF,
    0xFF, 0xFF, 0xEF, 0x7B, 0x08, 0x42, 0xFF, 0xFF, 0xFF, 0xFF, 0xEF, 0x7B, 0x08, 0x42, 0xFF, 0xFF,
    0x7D, 0xEF, 0x8A, 0x52, 0x82, 0x10, 0x04, 0x21, 0x82, 0x10, 0x7D, 0xEF, 0xFF, 0xFF, 0x6D, 0x6B,
    0x00, 0x00, 0x82, 0x10, 0xFF, 0xFF, 0x7D, 0xEF, 0x00, 0x00, 0x0C, 0x63, 0xFF, 0xFF, 0x7D, 0xEF,
    0x00, 0x00, 0xEB, 0x5A, 0xFF, 0xFF, 0xFF, 0xFF, 0x79, 0xCE, 0x04, 0x21, 0x82, 0x10, 0x82, 0x10,
    0x71, 0x8C, 0xFF, 0xFF, 0xFB, 0xDE, 0x00, 0x00, 0xFB, 0xDE, 0xFF, 0xFF, 0xFF, 0xFF, 0xF3, 0x9C,
    0x04, 0x21, 0xFF, 0xFF, 0x7D, 0xEF, 0x04, 0x21, 0x6D, 0x6B, 0xFF, 0xFF, 0xFF, 0xFF, 0xFF, 0xFF,
    0xFF, 0xFF, 0xFF, 0xFF, 0xFF, 0xFF, 0xFF, 0xFF, 0xFF, 0xFF, 0xFF, 0xFF, 0xFF, 0xFF, 0xFF, 0xFF,
    0xFF, 0xFF, 0xFF, 0xFF, 0xFF, 0xFF, 0xFF, 0xFF, 0xFF, 0xFF, 0xFF, 0xFF, 0xFF, 0xFF, 0xFF, 0xFF,
    0xFF, 0xFF, 0xFF, 0xFF, 0xFF, 0xFF, 0xFF, 0xFF, 0xFF, 0xFF, 0xFF, 0xFF, 0xFF, 0xFF, 0xFF, 0xFF,
    0xFF, 0xFF, 0xFF, 0xFF, 0xFF, 0xFF, 0xFF, 0xFF, 0xFF, 0xFF, 0xFF, 0xFF, 0xFF, 0xFF, 0x8B, 0x4A,
    0xC8, 0x21, 0xFF, 0xFF, 0xFF, 0xFF, 0xFF, 0xFF, 0xFF, 0xFF, 0x1A, 0xEF, 0x97, 0xE6, 0x98, 0xE6,
    0x97, 0xE6, 0x98, 0xE6, 0xEA, 0x62, 0x49, 0x4A, 0x03, 0x21, 0x78, 0xDE, 0x33, 0xB5, 0x44, 0x31,
    0xB5, 0xBD, 0xA5, 0x39, 0x53, 0xB5, 0x0E, 0x84, 0x03, 0x21, 0x65, 0x39, 0x53, 0xBD, 0x4B, 0xBC,
    0x87, 0xB3, 0x97, 0xE6, 0x35, 0xE6, 0x62, 0x92, 0x71, 0xD5, 0x46, 0xAB, 0x2B, 0xBC, 0x77, 0xDE,
    0x50, 0xD5, 0xF4, 0xDD, 0x97, 0xE6, 0x97, 0xE6, 0x97, 0xE6, 0x97, 0xE6, 0x97, 0xE6, 0x97, 0xE6,
    0x97, 0xE6, 0x97, 0xE6, 0x97, 0xE6, 0x97, 0xE6, 0x97, 0xE6, 0x97, 0xE6, 0x97, 0xE6, 0x97, 0xE6,
    0x97, 0xE6, 0x97, 0xE6, 0x97, 0xE6, 0x97, 0xE6, 0x97, 0xE6, 0x97, 0xE6, 0x97, 0xE6, 0x97, 0xE6,
    0x97, 0xE6, 0x97, 0xE6, 0x97, 0xE6, 0x97, 0xE6, 0x97, 0xE6, 0x97, 0xE6, 0x97, 0xE6, 0x97, 0xE6,
    0x97, 0xE6, 0x97, 0xE6, 0x97, 0xE6, 0x97, 0xE6, 0x97, 0xE6, 0x97, 0xE6, 0x97, 0xE6, 0x97, 0xE6,
    0x97, 0xE6, 0x97, 0xE6, 0x97, 0xE6, 0x97, 0xE6, 0x97, 0xE6, 0x97, 0xE6, 0x97, 0xE6, 0x97, 0xE6,
    0x97, 0xE6, 0x97, 0xE6, 0x97, 0xE6, 0x97, 0xE6, 0x98, 0xE6, 0xFF, 0xFF, 0xFF, 0xFF, 0xFF, 0xFF,
    0xFF, 0xFF, 0x6E, 0x63, 0xD5, 0x31, 0x3D, 0x3A, 0x3D, 0x3A, 0x3D, 0x3A, 0x5D, 0x3A, 0x5D, 0x3A,
    0x5D, 0x3A, 0x5D, 0x3A, 0x5D, 0x3A, 0x5D, 0x3A, 0x5C, 0x3A, 0x5C, 0x3A, 0x5C, 0x3A, 0x5C, 0x3A,
    0x5C, 0x3A, 0x5C, 0x3A, 0x5C, 0x3A, 0x5C, 0x3A, 0x5C, 0x3A, 0x7C, 0x3A, 0x7C, 0x3A, 0x7C, 0x3A,
    0x7C, 0x3A, 0x7C, 0x3A, 0x7C, 0x42, 0x9E, 0xF7, 0x7D, 0xEF, 0x7D, 0xEF, 0x7D, 0xEF, 0x7D, 0xEF,
    0x7D, 0xEF, 0x7D, 0xEF, 0x7D, 0xEF, 0x7D, 0xEF, 0x7D, 0xEF, 0x7D, 0xEF, 0x7D, 0xEF, 0x7D, 0xEF,
    0x7D, 0xEF, 0x7D, 0xEF, 0x7D, 0xEF, 0x7D, 0xEF, 0x7D, 0xEF, 0x5D, 0xEF, 0x5D, 0xEF, 0x7D, 0xEF,
    0x5D, 0xEF, 0x5D, 0xEF, 0x5D, 0xEF, 0x5D, 0xEF, 0x5D, 0xEF, 0x5D, 0xEF, 0x79, 0xCE, 0x5D, 0xEF,
    0x5D, 0xEF, 0x5D, 0xEF, 0x5D, 0xEF, 0x79, 0xCE, 0x5D, 0xEF, 0x5D, 0xEF, 0x5D, 0xEF, 0x5D, 0xEF,
    0x5D, 0xEF, 0x5D, 0xEF, 0x5D, 0xEF, 0x5D, 0xEF, 0x5D, 0xEF, 0x5D, 0xEF, 0x5D, 0xEF, 0x5D, 0xEF,
    0x5D, 0xEF, 0x5D, 0xEF, 0x5D, 0xEF, 0x5D, 0xEF, 0x79, 0xCE, 0xFB, 0xDE, 0x5D, 0xEF, 0x5D, 0xEF,
    0x5D, 0xEF, 0x5D, 0xEF, 0x5D, 0xEF, 0x5D, 0xEF, 0x5D, 0xEF, 0x5D, 0xEF, 0x5D, 0xEF, 0x5D, 0xEF,
    0xFB, 0xDE, 0xFB, 0xDE, 0x7D, 0xEF, 0x5D, 0xEF, 0x7D, 0xEF, 0x7D, 0xEF, 0x7D, 0xEF, 0x7D, 0xEF,
    0xFB, 0xDE, 0xFB, 0xDE, 0x7D, 0xEF, 0x7D, 0xEF, 0x7D, 0xEF, 0x7D, 0xEF, 0x9A, 0xD6, 0x7D, 0xEF,
    0x7D, 0xEF, 0x7D, 0xEF, 0x7D, 0xEF, 0x9E, 0xF7, 0x9E, 0xF7, 0x7D, 0xEF, 0x9E, 0xF7, 0x9E, 0xF7,
    0x9E, 0xF7, 0x9E, 0xF7, 0x9E, 0xF7, 0x9E, 0xF7, 0x9E, 0xF7, 0x9E, 0xF7, 0x9E, 0xF7, 0x3C, 0xE7,
    0x00, 0x00, 0xBA, 0xD6, 0xBE, 0xF7, 0xBE, 0xF7, 0x49, 0x4A, 0xCF, 0x7B, 0xBE, 0xF7, 0xBE, 0xF7,
    0x3C, 0xE7, 0x3C, 0xE7, 0xBE, 0xF7, 0xBE, 0xF7, 0xBE, 0xF7, 0xBE, 0xF7, 0xDF, 0xFF, 0xDF, 0xFF,
    0xDF, 0xFF, 0xDF, 0xFF, 0xDF, 0xFF, 0xDF, 0xFF, 0x5D, 0xEF, 0xDB, 0xDE, 0xDF, 0xFF, 0xFF, 0xFF,
    0xDF, 0xFF, 0xDF, 0xFF, 0x7D, 0xEF, 0x7D, 0xEF, 0xFF, 0xFF, 0xFF, 0xFF, 0xFF, 0xFF, 0xFF, 0xFF,
    0xFF, 0xFF, 0xFF, 0xFF, 0xFF, 0xFF, 0xFF, 0xFF, 0xFF, 0xFF, 0xFF, 0xFF, 0xFF, 0xFF, 0xFF, 0xFF,
    0xFF, 0xFF, 0xFF, 0xFF, 0xFF, 0xFF, 0x7D, 0xEF, 0xFB, 0xDE, 0xFF, 0xFF, 0xFF, 0xFF, 0xFF, 0xFF,
    0xFF, 0xFF, 0x7D, 0xEF, 0x7D, 0xEF, 0xFF, 0xFF, 0xFF, 0xFF, 0xFF, 0xFF, 0xFF, 0xFF, 0xFF, 0xFF,
    0xFF, 0xFF, 0xFF, 0xFF, 0xFF, 0xFF, 0xFF, 0xFF, 0xFF, 0xFF, 0xFF, 0xFF, 0xFF, 0xFF, 0xFB, 0xDE,
    0xFF, 0xFF, 0xFF, 0xFF, 0xFF, 0xFF, 0xFF, 0xFF, 0xFF, 0xFF, 0xFF, 0xFF, 0xFF, 0xFF, 0xFF, 0xFF,
    0xFF, 0xFF, 0xFF, 0xFF, 0xFF, 0xFF, 0xFF, 0xFF, 0xFF, 0xFF, 0xFF, 0xFF, 0xFF, 0xFF, 0xFF, 0xFF,
    0xFF, 0xFF, 0xFF, 0xFF, 0xFF, 0xFF, 0xFF, 0xFF, 0xFF, 0xFF, 0xFF, 0xFF, 0xFF, 0xFF, 0xFF, 0xFF,
    0xFF, 0xFF, 0xFF, 0xFF, 0xFF, 0xFF, 0xFF, 0xFF, 0xFF, 0xFF, 0xFF, 0xFF, 0xFF, 0xFF, 0xFF, 0xFF,
    0xFF, 0xFF, 0xFF, 0xFF, 0xFF, 0xFF, 0xFF, 0xFF, 0xFF, 0xFF, 0xFF, 0xFF, 0xFF, 0xFF, 0xFF, 0xFF,
    0xFF, 0xFF, 0xFF, 0xFF, 0xFF, 0xFF, 0xFF, 0xFF, 0xFF, 0xFF, 0xFF, 0xFF, 0xFF, 0xFF, 0xFF, 0xFF,
    0x8B, 0x4A, 0xA8, 0x21, 0xFF, 0xFF, 0xFF, 0xFF, 0xFF, 0xFF, 0xFF, 0xFF, 0x1A, 0xEF, 0x97, 0xE6,
    0x97, 0xE6, 0x97, 0xE6, 0x36, 0xCE, 0x81, 0x10, 0x74, 0xB5, 0xE3, 0x20, 0xF2, 0xAC, 0x77, 0xDE,
    0x28, 0x4A, 0x24, 0x29, 0xE6, 0x39, 0x16, 0xCE, 0x81, 0x10, 0xF3, 0xA4, 0xEB, 0x5A, 0x68, 0x52,
    0xE9, 0xB3, 0x0B, 0xB4, 0x97, 0xE6, 0xB7, 0xE6, 0xC4, 0x9A, 0x30, 0xCD, 0xB2, 0xD5, 0x26, 0xA3,
    0xC5, 0x9A, 0xAD, 0xBC, 0x77, 0xE6, 0x98, 0xDE, 0x97, 0xE6, 0x97, 0xE6, 0x97, 0xE6, 0x97, 0xE6,
    0x97, 0xE6, 0x97, 0xE6, 0x97, 0xE6, 0x97, 0xE6, 0x97, 0xE6, 0x97, 0xE6, 0x97, 0xE6, 0x97, 0xE6,
    0x97, 0xE6, 0x97, 0xE6, 0x97, 0xE6, 0x97, 0xE6, 0x97, 0xE6, 0x97, 0xE6, 0x97, 0xE6, 0x97, 0xE6,
    0x97, 0xE6, 0x97, 0xE6, 0x97, 0xE6, 0x97, 0xE6, 0x97, 0xE6, 0x97, 0xE6, 0x97, 0xE6, 0x97, 0xE6,
    0x97, 0xE6, 0x97, 0xE6, 0x97, 0xE6, 0x97, 0xE6, 0x97, 0xE6, 0x97, 0xE6, 0x97, 0xE6, 0x97, 0xE6,
    0x97, 0xE6, 0x97, 0xE6, 0x97, 0xE6, 0x97, 0xE6, 0x97, 0xE6, 0x97, 0xE6, 0x97, 0xE6, 0x97, 0xE6,
    0x97, 0xE6, 0x97, 0xE6, 0x97, 0xE6, 0x97, 0xE6, 0x97, 0xE6, 0x98, 0xE6, 0xFF, 0xFF, 0xFF, 0xFF,
    0xFF, 0xFF, 0xFF, 0xFF, 0x6E, 0x63, 0xD5, 0x31, 0x3D, 0x3A, 0x5D, 0x3A, 0x5D, 0x3A, 0x5D, 0x3A,
    0x5D, 0x3A, 0x5C, 0x3A, 0x5D, 0x3A, 0x5C, 0x3A, 0x5D, 0x3A, 0x5D, 0x3A, 0x5C, 0x3A, 0x5C, 0x3A,
    0x5C, 0x3A, 0x5C, 0x3A, 0x5C, 0x3A, 0x7C, 0x3A, 0x7C, 0x3A, 0x7C, 0x3A, 0x7C, 0x3A, 0x7C, 0x3A,
    0x7C, 0x42, 0x7C, 0x42, 0x7C, 0x42, 0x7C, 0x42, 0x7D, 0xEF, 0x7D, 0xEF, 0x9E, 0xF7, 0x9E, 0xF7,
    0x7D, 0xEF, 0x7D, 0xEF, 0x7D, 0xEF, 0x7D, 0xEF, 0x7D, 0xEF, 0x7D, 0xEF, 0x7D, 0xEF, 0x7D, 0xEF,
    0x7D, 0xEF, 0x7D, 0xEF, 0x7D, 0xEF, 0x7D, 0xEF, 0x7D, 0xEF, 0x7D, 0xEF, 0x7D, 0xEF, 0x7D, 0xEF,
    0x7D, 0xEF, 0x7D, 0xEF, 0x5D, 0xEF, 0x5D, 0xEF, 0x5D, 0xEF, 0x5D, 0xEF, 0x5D, 0xEF, 0x5D, 0xEF,
    0x5D, 0xEF, 0x5D, 0xEF, 0x5D, 0xEF, 0x5D, 0xEF, 0x5D, 0xEF, 0x5D, 0xEF, 0x5D, 0xEF, 0x5D, 0xEF,
    0x5D, 0xEF, 0x5D, 0xEF, 0x5D, 0xEF, 0x5D, 0xEF, 0x5D, 0xEF, 0x5D, 0xEF, 0x5D, 0xEF, 0x5D, 0xEF,
    0x5D, 0xEF, 0x5D, 0xEF, 0x5D, 0xEF, 0x5D, 0xEF, 0x5D, 0xEF, 0x5D, 0xEF, 0x5D, 0xEF, 0x5D, 0xEF,
    0x5D, 0xEF, 0x5D, 0xEF, 0x5D, 0xEF, 0x5D, 0xEF, 0x7D, 0xEF, 0x5D, 0xEF, 0x5D, 0xEF, 0x5D, 0xEF,
    0x7D, 0xEF, 0x7D, 0xEF, 0x7D, 0xEF, 0x7D, 0xEF, 0x7D, 0xEF, 0x7D, 0xEF, 0x7D, 0xEF, 0x7D, 0xEF,
    0x7D, 0xEF, 0x7D, 0xEF, 0x7D, 0xEF, 0x7D, 0xEF, 0x7D, 0xEF, 0x7D, 0xEF, 0x7D, 0xEF, 0x7D, 0xEF,
    0x9E, 0xF7, 0x7D, 0xEF, 0x7D, 0xEF, 0x9E, 0xF7, 0x9E, 0xF7, 0x9E, 0xF7, 0x9E, 0xF7, 0x9E, 0xF7,
    0x9E, 0xF7, 0x9E, 0xF7, 0x9E, 0xF7, 0x9E, 0xF7, 0x9E, 0xF7, 0x9E, 0xF7, 0x9E, 0xF7, 0x9E, 0xF7,
    0x3C, 0xE7, 0x00, 0x00, 0x51, 0x8C, 0xB6, 0xB5, 0x51, 0x8C, 0xE3, 0x18, 0xD3, 0x9C, 0xBE, 0xF7,
    0xBE, 0xF7, 0xBE, 0xF7, 0xBE, 0xF7, 0xBE, 0xF7, 0xBE, 0xF7, 0xBE, 0xF7, 0xDF, 0xFF, 0xDF, 0xFF,
    0xDF, 0xFF, 0xDF, 0xFF, 0xDF, 0xFF, 0xDF, 0xFF, 0xDF, 0xFF, 0xDF, 0xFF, 0xDF, 0xFF, 0xFF, 0xFF,
    0xFF, 0xFF, 0xFF, 0xFF, 0xFF, 0xFF, 0xFF, 0xFF, 0xFF, 0xFF, 0xFF, 0xFF, 0xFF, 0xFF, 0xFF, 0xFF,
    0xFF, 0xFF, 0xFF, 0xFF, 0xFF, 0xFF, 0xFF, 0xFF, 0xFF, 0xFF, 0xFF, 0xFF, 0xFF, 0xFF, 0xFF, 0xFF,
    0xFF, 0xFF, 0xFF, 0xFF, 0xFF, 0xFF, 0xFF, 0xFF, 0xFF, 0xFF, 0xFF, 0xFF, 0xFF, 0xFF, 0xFF, 0xFF,
    0xFF, 0xFF, 0xFF, 0xFF, 0xFF, 0xFF, 0xFF, 0xFF, 0xFF, 0xFF, 0xFF, 0xFF, 0xFF, 0xFF, 0xFF, 0xFF,
    0xFF, 0xFF, 0xFF, 0xFF, 0xFF, 0xFF, 0xFF, 0xFF, 0xFF, 0xFF, 0xFF, 0xFF, 0xFF, 0xFF, 0xFF, 0xFF,
    0xFF, 0xFF, 0xFF, 0xFF, 0xFF, 0xFF, 0xFF, 0xFF, 0xFF, 0xFF, 0xFF, 0xFF, 0xFF, 0xFF, 0xFF, 0xFF,
    0xFF, 0xFF, 0xFF, 0xFF, 0xFF, 0xFF, 0xFF, 0xFF, 0xFF, 0xFF, 0xFF, 0xFF, 0xFF, 0xFF, 0xFF, 0xFF,
    0xFF, 0xFF, 0xFF, 0xFF, 0xFF, 0xFF, 0xFF, 0xFF, 0xFF, 0xFF, 0xFF, 0xFF, 0xFF, 0xFF, 0xFF, 0xFF,
    0xFF, 0xFF, 0xFF, 0xFF, 0xFF, 0xFF, 0xFF, 0xFF, 0xFF, 0xFF, 0xFF, 0xFF, 0xFF, 0xFF, 0xFF, 0xFF,
    0xFF, 0xFF, 0xFF, 0xFF, 0xFF, 0xFF, 0xFF, 0xFF, 0xFF, 0xFF, 0xFF, 0xFF, 0xFF, 0xFF, 0xFF, 0xFF,
    0xFF, 0xFF, 0xFF, 0xFF, 0xFF, 0xFF, 0xFF, 0xFF, 0xFF, 0xFF, 0xFF, 0xFF, 0xFF, 0xFF, 0xFF, 0xFF,
    0xFF, 0xFF, 0x8B, 0x4A, 0xA8, 0x21, 0xFF, 0xFF, 0xFF, 0xFF, 0xFF, 0xFF, 0xFF, 0xFF, 0x1A, 0xEF,
    0x97, 0xE6, 0x97, 0xE6, 0x97, 0xE6, 0x91, 0x9C, 0x40, 0x08, 0x89, 0x52, 0xA2, 0x10, 0xA9, 0x5A,
    0x97, 0xDE, 0x0F, 0x8C, 0x00, 0x00, 0xCE, 0x7B, 0x94, 0xC5, 0x20, 0x08, 0xC6, 0x39, 0xC6, 0x39,
    0xEA, 0x62, 0x2A, 0xBC, 0xC9, 0xB3, 0x97, 0xDE, 0x76, 0xE6, 0xA3, 0x9A, 0x50, 0xCD, 0x51, 0xCD,
    0x35, 0xE6, 0x92, 0xD5, 0xA3, 0x9A, 0x30, 0xCD, 0x98, 0xE6, 0x97, 0xE6, 0x97, 0xE6, 0x97, 0xE6,
    0x97, 0xE6, 0x97, 0xE6, 0x97, 0xE6, 0x97, 0xE6, 0x97, 0xE6, 0x97, 0xE6, 0x97, 0xE6, 0x97, 0xE6,
    0x97, 0xE6, 0x97, 0xE6, 0x97, 0xE6, 0x97, 0xE6, 0x97, 0xE6, 0x97, 0xE6, 0x97, 0xE6, 0x97, 0xE6,
    0x97, 0xE6, 0x97, 0xE6, 0x97, 0xE6, 0x97, 0xE6, 0x97, 0xE6, 0x97, 0xE6, 0x97, 0xE6, 0x97, 0xE6,
    0x97, 0xE6, 0x97, 0xE6, 0x97, 0xE6, 0x97, 0xE6, 0x97, 0xE6, 0x97, 0xE6, 0x97, 0xE6, 0x97, 0xE6,
    0x97, 0xE6, 0x97, 0xE6, 0x97, 0xE6, 0x97, 0xE6, 0x97, 0xE6, 0x97, 0xE6, 0x97, 0xE6, 0x97, 0xE6,
    0x97, 0xE6, 0x97, 0xE6, 0x97, 0xE6, 0x97, 0xE6, 0x97, 0xE6, 0x97, 0xE6, 0x98, 0xE6, 0xFF, 0xFF,
    0xFF, 0xFF, 0xFF, 0xFF, 0xFF, 0xFF, 0x6E, 0x63, 0xD5, 0x31, 0x5D, 0x3A, 0x5D, 0x3A, 0x5D, 0x3A,
    0x5D, 0x3A, 0x5D, 0x3A, 0x5D, 0x3A, 0x5C, 0x3A, 0x5D, 0x3A, 0x5C, 0x3A, 0x5C, 0x3A, 0x5C, 0x3A,
    0x5C, 0x3A, 0x5C, 0x3A, 0x5C, 0x3A, 0x5C, 0x3A, 0x7C, 0x3A, 0x7C, 0x3A, 0x7C, 0x3A, 0x7C, 0x3A,
    0x7C, 0x3A, 0x7C, 0x42, 0x7C, 0x42, 0x7C, 0x42, 0x7C, 0x42, 0x9E, 0xF7, 0x9E, 0xF7, 0x9E, 0xF7,
    0x9E, 0xF7, 0x7D, 0xEF, 0x7D, 0xEF, 0x7D, 0xEF, 0x7D, 0xEF, 0x7D, 0xEF, 0x7D, 0xEF, 0x7D, 0xEF,
    0x7D, 0xEF, 0x7D, 0xEF, 0x7D, 0xEF, 0x7D, 0xEF, 0x7D, 0xEF, 0x7D, 0xEF, 0x7D, 0xEF, 0x7D, 0xEF,
    0x7D, 0xEF, 0x7D, 0xEF, 0x7D, 0xEF, 0x7D, 0xEF, 0x7D, 0xEF, 0x7D, 0xEF, 0x7D, 0xEF, 0x5D, 0xEF,
    0x5D, 0xEF, 0x5D, 0xEF, 0x5D, 0xEF, 0x5D, 0xEF, 0x5D, 0xEF, 0x5D, 0xEF, 0x5D, 0xEF, 0x5D, 0xEF,
    0x5D, 0xEF, 0x5D, 0xEF, 0x5D, 0xEF, 0x5D, 0xEF, 0x5D, 0xEF, 0x5D, 0xEF, 0x5D, 0xEF, 0x5D, 0xEF,
    0x5D, 0xEF, 0x5D, 0xEF, 0x5D, 0xEF, 0x5D, 0xEF, 0x5D, 0xEF, 0x5D, 0xEF, 0x5D, 0xEF, 0x5D, 0xEF,
    0x5D, 0xEF, 0x5D, 0xEF, 0x5D, 0xEF, 0x5D, 0xEF, 0x5D, 0xEF, 0x7D, 0xEF, 0x7D, 0xEF, 0x7D, 0xEF,
    0x7D, 0xEF, 0x7D, 0xEF, 0x7D, 0xEF, 0x7D, 0xEF, 0x7D, 0xEF, 0x7D, 0xEF, 0x7D, 0xEF, 0x7D, 0xEF,
    0x7D, 0xEF, 0x7D, 0xEF, 0x7D, 0xEF, 0x7D, 0xEF, 0x7D, 0xEF, 0x7D, 0xEF, 0x7D, 0xEF, 0x7D, 0xEF,
    0x9E, 0xF7, 0x7D, 0xEF, 0x9E, 0xF7, 0x9E, 0xF7, 0x9E, 0xF7, 0x9E, 0xF7, 0x9E, 0xF7, 0x9E, 0xF7,
    0x9E, 0xF7, 0x9E, 0xF7, 0x9E, 0xF7, 0x9E, 0xF7, 0x9E, 0xF7, 0x9E, 0xF7, 0x9E, 0xF7, 0x9E, 0xF7,
    0xBE, 0xF7, 0x9E, 0xF7, 0x38, 0xC6, 0x4D, 0x6B, 0xCB, 0x5A, 0x4D, 0x6B, 0xD7, 0xBD, 0xBE, 0xF7,
    0xBE, 0xF7, 0xBE, 0xF7, 0xBE, 0xF7, 0xBE, 0xF7, 0xDF, 0xFF, 0xDF, 0xFF, 0xDF, 0xFF, 0xDF, 0xFF,
    0xDF, 0xFF, 0xDF, 0xFF, 0xDF, 0xFF, 0xDF, 0xFF, 0xDF, 0xFF, 0xDF, 0xFF, 0xDF, 0xFF, 0xDF, 0xFF,
    0xFF, 0xFF, 0xFF, 0xFF, 0xFF, 0xFF, 0xFF, 0xFF, 0xFF, 0xFF, 0xFF, 0xFF, 0xFF, 0xFF, 0xFF, 0xFF,
    0xFF, 0xFF, 0xFF, 0xFF, 0xFF, 0xFF, 0xFF, 0xFF, 0xFF, 0xFF, 0xFF, 0xFF, 0xFF, 0xFF, 0xFF, 0xFF,
    0xFF, 0xFF, 0xFF, 0xFF, 0xFF, 0xFF, 0xFF, 0xFF, 0xFF, 0xFF, 0xFF, 0xFF, 0xFF, 0xFF, 0xFF, 0xFF,
    0xFF, 0xFF, 0xFF, 0xFF, 0xFF, 0xFF, 0xFF, 0xFF, 0xFF, 0xFF, 0xFF, 0xFF, 0xFF, 0xFF, 0xFF, 0xFF,
    0xFF, 0xFF, 0xFF, 0xFF, 0xFF, 0xFF, 0xFF, 0xFF, 0xFF, 0xFF, 0xFF, 0xFF, 0xFF, 0xFF, 0xFF, 0xFF,
    0xFF, 0xFF, 0xFF, 0xFF, 0xFF, 0xFF, 0xFF, 0xFF, 0xFF, 0xFF, 0xFF, 0xFF, 0xFF, 0xFF, 0xFF, 0xFF,
    0xFF, 0xFF, 0xFF, 0xFF, 0xFF, 0xFF, 0xFF, 0xFF, 0xFF, 0xFF, 0xFF, 0xFF, 0xFF, 0xFF, 0xFF, 0xFF,
    0xFF, 0xFF, 0xFF, 0xFF, 0xFF, 0xFF, 0xFF, 0xFF, 0xFF, 0xFF, 0xFF, 0xFF, 0xFF, 0xFF, 0xFF, 0xFF,
    0xFF, 0xFF, 0xFF, 0xFF, 0xFF, 0xFF, 0xFF, 0xFF, 0xFF, 0xFF, 0xFF, 0xFF, 0xFF, 0xFF, 0xFF, 0xFF,
    0xFF, 0xFF, 0xFF, 0xFF, 0xFF, 0xFF, 0xFF, 0xFF, 0xFF, 0xFF, 0xFF, 0xFF, 0xFF, 0xFF, 0xFF, 0xFF,
    0xFF, 0xFF, 0xFF, 0xFF, 0xFF, 0xFF, 0xFF, 0xFF, 0xFF, 0xFF, 0xFF, 0xFF, 0xFF, 0xFF, 0xFF, 0xFF,
    0xFF, 0xFF, 0xFF, 0xFF, 0x8B, 0x4A, 0xA8, 0x29, 0xFF, 0xFF, 0xFF, 0xFF, 0xFF, 0xFF, 0xFF, 0xFF,
    0x1A, 0xEF, 0x97, 0xE6, 0x98, 0xE6, 0x98, 0xE6, 0x07, 0x4A, 0x07, 0x4A, 0x70, 0x94, 0x8D, 0x73,
    0x82, 0x18, 0x94, 0xBD, 0x44, 0x29, 0xAA, 0x52, 0xA2, 0x18, 0x37, 0xCE, 0xC2, 0x18, 0x2C, 0x6B,
    0xCE, 0x83, 0x91, 0x94, 0xB3, 0xD5, 0x83, 0x92, 0xAD, 0xCC, 0xEA, 0xB3, 0x26, 0xAB, 0x14, 0xE6,
    0x26, 0xA3, 0x0A, 0xB4, 0x0F, 0xCD, 0xC4, 0x9A, 0x30, 0xCD, 0x97, 0xE6, 0x97, 0xE6, 0x97, 0xE6,
    0x97, 0xE6, 0x97, 0xE6, 0x97, 0xE6, 0x97, 0xE6, 0x97, 0xE6, 0x97, 0xE6, 0x97, 0xE6, 0x97, 0xE6,
    0x97, 0xE6, 0x97, 0xE6, 0x97, 0xE6, 0x97, 0xE6, 0x97, 0xE6, 0x97, 0xE6, 0x97, 0xE6, 0x97, 0xE6,
    0x97, 0xE6, 0x97, 0xE6, 0x97, 0xE6, 0x97, 0xE6, 0x97, 0xE6, 0x97, 0xE6, 0x97, 0xE6, 0x97, 0xE6,
    0x97, 0xE6, 0x97, 0xE6, 0x97, 0xE6, 0x97, 0xE6, 0x97, 0xE6, 0x97, 0xE6, 0x97, 0xE6, 0x97, 0xE6,
    0x97, 0xE6, 0x97, 0xE6, 0x97, 0xE6, 0x97, 0xE6, 0x97, 0xE6, 0x97, 0xE6, 0x97, 0xE6, 0x97, 0xE6,
    0x97, 0xE6, 0x97, 0xE6, 0x97, 0xE6, 0x97, 0xE6, 0x97, 0xE6, 0x97, 0xE6, 0x97, 0xE6, 0x98, 0xE6,
    0xFF, 0xFF, 0xFF, 0xFF, 0xFF, 0xFF, 0xFF, 0xFF, 0x6E, 0x63, 0xF5, 0x31, 0x5D, 0x3A, 0x5D, 0x3A,
    0x5D, 0x3A, 0x5D, 0x3A, 0x5C, 0x3A, 0x5D, 0x3A, 0x5C, 0x3A, 0x5C, 0x3A, 0x5C, 0x3A, 0x5C, 0x3A,
    0x5C, 0x3A, 0x5C, 0x3A, 0x5C, 0x3A, 0x5C, 0x3A, 0x7C, 0x3A, 0x7C, 0x3A, 0x7C, 0x3A, 0x7C, 0x42,
    0x7C, 0x42, 0x7C, 0x42, 0x7C, 0x42, 0x7C, 0x42, 0x7C, 0x42, 0x7C, 0x42, 0x9E, 0xF7, 0x9E, 0xF7,
    0x9E, 0xF7, 0x9E, 0xF7, 0x7D, 0xEF, 0x7D, 0xEF, 0x9E, 0xF7, 0x7D, 0xEF, 0x7D, 0xEF, 0x7D, 0xEF,
    0x7D, 0xEF, 0x7D, 0xEF, 0x7D, 0xEF, 0x7D, 0xEF, 0x7D, 0xEF, 0x7D, 0xEF, 0x7D, 0xEF, 0x7D, 0xEF,
    0x7D, 0xEF, 0x7D, 0xEF, 0x7D, 0xEF, 0x7D, 0xEF, 0x7D, 0xEF, 0x7D, 0xEF, 0x7D, 0xEF, 0x5D, 0xEF,
    0x7D, 0xEF, 0x7D, 0xEF, 0x7D, 0xEF, 0x5D, 0xEF, 0x7D, 0xEF, 0x7D, 0xEF, 0x5D, 0xEF, 0x5D, 0xEF,
    0x5D, 0xEF, 0x7D, 0xEF, 0x7D, 0xEF, 0x5D, 0xEF, 0x5D, 0xEF, 0x5D, 0xEF, 0x5D, 0xEF, 0x5D, 0xEF,
    0x5D, 0xEF, 0x5D, 0xEF, 0x7D, 0xEF, 0x5D, 0xEF, 0x7D, 0xEF, 0x5D, 0xEF, 0x7D, 0xEF, 0x7D, 0xEF,
    0x7D, 0xEF, 0x7D, 0xEF, 0x7D, 0xEF, 0x7D, 0xEF, 0x7D, 0xEF, 0x7D, 0xEF, 0x7D, 0xEF, 0x7D, 0xEF,
    0x7D, 0xEF, 0x7D, 0xEF, 0x7D, 0xEF, 0x7D, 0xEF, 0x7D, 0xEF, 0x7D, 0xEF, 0x7D, 0xEF, 0x7D, 0xEF,
    0x7D, 0xEF, 0x7D, 0xEF, 0x7D, 0xEF, 0x7D, 0xEF, 0x7D, 0xEF, 0x7D, 0xEF, 0x7D, 0xEF, 0x9E, 0xF7,
    0x9E, 0xF7, 0x9E, 0xF7, 0x9E, 0xF7, 0x9E, 0xF7, 0x9E, 0xF7, 0x9E, 0xF7, 0x9E, 0xF7, 0x9E, 0xF7,
    0x9E, 0xF7, 0x9E, 0xF7, 0x9E, 0xF7, 0x9E, 0xF7, 0x9E, 0xF7, 0x9E, 0xF7, 0x9E, 0xF7, 0xBE, 0xF7,
    0xBE, 0xF7, 0xBE, 0xF7, 0xBE, 0xF7, 0xBE, 0xF7, 0xBE, 0xF7, 0xBE, 0xF7, 0xBE, 0xF7, 0xBE, 0xF7,
    0xBE, 0xF7, 0xBE, 0xF7, 0xBE, 0xF7, 0xBE, 0xF7, 0xDF, 0xFF, 0xDF, 0xFF, 0xDF, 0xFF, 0xDF, 0xFF,
    0xDF, 0xFF, 0xDF, 0xFF, 0xDF, 0xFF, 0xDF, 0xFF, 0xDF, 0xFF, 0xDF, 0xFF, 0xDF, 0xFF, 0xFF, 0xFF,
    0xFF, 0xFF, 0xFF, 0xFF, 0xFF, 0xFF, 0xFF, 0xFF, 0xFF, 0xFF, 0xFF, 0xFF, 0xFF, 0xFF, 0xFF, 0xFF,
    0xFF, 0xFF, 0xFF, 0xFF, 0xFF, 0xFF, 0xFF, 0xFF, 0xFF, 0xFF, 0xFF, 0xFF, 0xFF, 0xFF, 0xFF, 0xFF,
    0xFF, 0xFF, 0xFF, 0xFF, 0xFF, 0xFF, 0xFF, 0xFF, 0xFF, 0xFF, 0xFF, 0xFF, 0xFF, 0xFF, 0xFF, 0xFF,
    0xFF, 0xFF, 0xFF, 0xFF, 0xFF, 0xFF, 0xFF, 0xFF, 0xFF, 0xFF, 0xFF, 0xFF, 0xFF, 0xFF, 0xFF, 0xFF,
    0xFF, 0xFF, 0xFF, 0xFF, 0xFF, 0xFF, 0xFF, 0xFF, 0xFF, 0xFF, 0xFF, 0xFF, 0xFF, 0xFF, 0xFF, 0xFF,
    0xFF, 0xFF, 0xFF, 0xFF, 0xFF, 0xFF, 0xFF, 0xFF, 0xFF, 0xFF, 0xFF, 0xFF, 0xFF, 0xFF, 0xFF, 0xFF,
    0xFF, 0xFF, 0xFF, 0xFF, 0xFF, 0xFF, 0xFF, 0xFF, 0xFF, 0xFF, 0xFF, 0xFF, 0xFF, 0xFF, 0xFF, 0xFF,
    0xFF, 0xFF, 0xFF, 0xFF, 0xFF, 0xFF, 0xFF, 0xFF, 0xFF, 0xFF, 0xFF, 0xFF, 0xFF, 0xFF, 0xFF, 0xFF,
    0xFF, 0xFF, 0xFF, 0xFF, 0xFF, 0xFF, 0xFF, 0xFF, 0xFF, 0xFF, 0xFF, 0xFF, 0xFF, 0xFF, 0xFF, 0xFF,
    0xFF, 0xFF, 0xFF, 0xFF, 0xFF, 0xFF, 0xFF, 0xFF, 0xFF, 0xFF, 0xFF, 0xFF, 0xFF, 0xFF, 0xFF, 0xFF,
    0xFF, 0xFF, 0xFF, 0xFF, 0xFF, 0xFF, 0xFF, 0xFF, 0xFF, 0xFF, 0xFF, 0xFF, 0xFF, 0xFF, 0xFF, 0xFF,
    0xFF, 0xFF, 0xFF, 0xFF, 0xFF, 0xFF, 0xAB, 0x4A, 0xC8, 0x21, 0xFF, 0xFF, 0xFF, 0xFF, 0xFF, 0xFF,
    0xFF, 0xFF, 0x1A, 0xEF, 0x97, 0xE6, 0x98, 0xE6, 0x77, 0xDE, 0x0A, 0x6B, 0x94, 0xBD, 0x97, 0xE6,
    0x77, 0xDE, 0x0B, 0x6B, 0x4F, 0x94, 0x6C, 0x73, 0x57, 0xD6, 0x6C, 0x73, 0x73, 0xBD, 0x33, 0xAD,
    0xCA, 0x62, 0x0B, 0x6B, 0x74, 0xBD, 0x97, 0xE6, 0x71, 0xCD, 0xEA, 0xBB, 0x4C, 0xBC, 0x15, 0xDE,
    0x98, 0xE6, 0x15, 0xD6, 0x6B, 0xB4, 0xEA, 0xB3, 0xCE, 0xCC, 0xB8, 0xDE, 0x98, 0xE6, 0x97, 0xE6,
    0x97, 0xE6, 0x97, 0xE6, 0x97, 0xE6, 0x97, 0xE6, 0x97, 0xE6, 0x97, 0xE6, 0x97, 0xE6, 0x97, 0xE6,
    0x97, 0xE6, 0x97, 0xE6, 0x97, 0xE6, 0x97, 0xE6, 0x97, 0xE6, 0x97, 0xE6, 0x97, 0xE6, 0x97, 0xE6,
    0x97, 0xE6, 0x97, 0xE6, 0x97, 0xE6, 0x97, 0xE6, 0x97, 0xE6, 0x97, 0xE6, 0x97, 0xE6, 0x97, 0xE6,
    0x97, 0xE6, 0x97, 0xE6, 0x97, 0xE6, 0x97, 0xE6, 0x97, 0xE6, 0x97, 0xE6, 0x97, 0xE6, 0x97, 0xE6,
    0x97, 0xE6, 0x97, 0xE6, 0x97, 0xE6, 0x97, 0xE6, 0x97, 0xE6, 0x97, 0xE6, 0x97, 0xE6, 0x97, 0xE6,
    0x97, 0xE6, 0x97, 0xE6, 0x97, 0xE6, 0x97, 0xE6, 0x97, 0xE6, 0x97, 0xE6, 0x97, 0xE6, 0x97, 0xE6,
    0x98, 0xE6, 0xFF, 0xFF, 0xFF, 0xFF, 0xFF, 0xFF, 0xFF, 0xFF, 0x6E, 0x63, 0xD5, 0x31, 0x5D, 0x3A,
    0x5D, 0x3A, 0x5C, 0x3A, 0x5D, 0x3A, 0x5C, 0x3A, 0x5C, 0x3A, 0x5C, 0x3A, 0x5C, 0x3A, 0x5C, 0x3A,
    0x5C, 0x3A, 0x5C, 0x3A, 0x7C, 0x3A, 0x7C, 0x3A, 0x7C, 0x3A, 0x7C, 0x3A, 0x7C, 0x42, 0x7C, 0x3A,
    0x7C, 0x42, 0x7C, 0x42, 0x7C, 0x42, 0x7C, 0x42, 0x7C, 0x42, 0x7C, 0x42, 0x7C, 0x42, 0x9E, 0xF7,
    0x9E, 0xF7, 0x9E, 0xF7, 0x9E, 0xF7, 0x9E, 0xF7, 0x9E, 0xF7, 0x7D, 0xEF, 0x9E, 0xF7, 0x7D, 0xEF,
    0x7D, 0xEF, 0x7D, 0xEF, 0x7D, 0xEF, 0x7D, 0xEF, 0x7D, 0xEF, 0x7D, 0xEF, 0x7D, 0xEF, 0x7D, 0xEF,
    0x7D, 0xEF, 0x7D, 0xEF, 0x7D, 0xEF, 0x7D, 0xEF, 0x7D, 0xEF, 0x7D, 0xEF, 0x7D, 0xEF, 0x7D, 0xEF,
    0x7D, 0xEF, 0x7D, 0xEF, 0x7D, 0xEF, 0x7D, 0xEF, 0x7D, 0xEF, 0x7D, 0xEF, 0x7D, 0xEF, 0x7D, 0xEF,
    0x7D, 0xEF, 0x7D, 0xEF, 0x7D, 0xEF, 0x5D, 0xEF, 0x7D, 0xEF, 0x5D, 0xEF, 0x7D, 0xEF, 0x7D, 0xEF,
    0x7D, 0xEF, 0x7D, 0xEF, 0x5D, 0xEF, 0x7D, 0xEF, 0x7D, 0xEF, 0x7D, 0xEF, 0x7D, 0xEF, 0x7D, 0xEF,
    0x7D, 0xEF, 0x7D, 0xEF, 0x7D, 0xEF, 0x7D, 0xEF, 0x7D, 0xEF, 0x7D, 0xEF, 0x7D, 0xEF, 0x7D, 0xEF,
    0x7D, 0xEF, 0x7D, 0xEF, 0x7D, 0xEF, 0x7D, 0xEF, 0x7D, 0xEF, 0x7D, 0xEF, 0x7D, 0xEF, 0x7D, 0xEF,
    0x7D, 0xEF, 0x7D, 0xEF, 0x7D, 0xEF, 0x7D, 0xEF, 0x7D, 0xEF, 0x9E, 0xF7, 0x7D, 0xEF, 0x9E, 0xF7,
    0x9E, 0xF7, 0x9E, 0xF7, 0x9E, 0xF7, 0x9E, 0xF7, 0x9E, 0xF7, 0x9E, 0xF7, 0x9E, 0xF7, 0x9E, 0xF7,
    0x9E, 0xF7, 0x9E, 0xF7, 0x9E, 0xF7, 0x9E, 0xF7, 0x9E, 0xF7, 0x9E, 0xF7, 0xBE, 0xF7, 0xBE, 0xF7,
    0xBE, 0xF7, 0xBE, 0xF7, 0xBE, 0xF7, 0xBE, 0xF7, 0xBE, 0xF7, 0xBE, 0xF7, 0xBE, 0xF7, 0xBE, 0xF7,
    0xBE, 0xF7, 0xBE, 0xF7, 0xBE, 0xF7, 0xBE, 0xF7, 0xDF, 0xFF, 0xDF, 0xFF, 0xDF, 0xFF, 0xDF, 0xFF,
    0xDF, 0xFF, 0xDF, 0xFF, 0xDF, 0xFF, 0xDF, 0xFF, 0xDF, 0xFF, 0xDF, 0xFF, 0xDF, 0xFF, 0xDF, 0xFF,
    0xFF, 0xFF, 0xFF, 0xFF, 0xFF, 0xFF, 0xFF, 0xFF, 0xFF, 0xFF, 0xFF, 0xFF, 0xFF, 0xFF, 0xFF, 0xFF,
    0xFF, 0xFF, 0xFF, 0xFF, 0xFF, 0xFF, 0xFF, 0xFF, 0xFF, 0xFF, 0xFF, 0xFF, 0xFF, 0xFF, 0xFF, 0xFF,
    0xFF, 0xFF, 0xFF, 0xFF, 0xFF, 0xFF, 0xFF, 0xFF, 0xFF, 0xFF, 0xFF, 0xFF, 0xFF, 0xFF, 0xFF, 0xFF,
    0xFF, 0xFF, 0xFF, 0xFF, 0xFF, 0xFF, 0xFF, 0xFF, 0xFF, 0xFF, 0xFF, 0xFF, 0xFF, 0xFF, 0xFF, 0xFF,
    0xFF, 0xFF, 0xFF, 0xFF, 0xFF, 0xFF, 0xFF, 0xFF, 0xFF, 0xFF, 0xFF, 0xFF, 0xFF, 0xFF, 0xFF, 0xFF,
    0xFF, 0xFF, 0xFF, 0xFF, 0xFF, 0xFF, 0xFF, 0xFF, 0xFF, 0xFF, 0xFF, 0xFF, 0xFF, 0xFF, 0xFF, 0xFF,
    0xFF, 0xFF, 0xFF, 0xFF, 0xFF, 0xFF, 0xFF, 0xFF, 0xFF, 0xFF, 0xFF, 0xFF, 0xFF, 0xFF, 0xFF, 0xFF,
    0xFF, 0xFF, 0xFF, 0xFF, 0xFF, 0xFF, 0xFF, 0xFF, 0xFF, 0xFF, 0xFF, 0xFF, 0xFF, 0xFF, 0xFF, 0xFF,
    0xFF, 0xFF, 0xFF, 0xFF, 0xFF, 0xFF, 0xFF, 0xFF, 0xFF, 0xFF, 0xFF, 0xFF, 0xFF, 0xFF, 0xFF, 0xFF,
    0xFF, 0xFF, 0xFF, 0xFF, 0xFF, 0xFF, 0xFF, 0xFF, 0xFF, 0xFF, 0xFF, 0xFF, 0xFF, 0xFF, 0xFF, 0xFF,
    0xFF, 0xFF, 0xFF, 0xFF, 0xFF, 0xFF, 0xFF, 0xFF, 0xFF, 0xFF, 0xFF, 0xFF, 0xFF, 0xFF, 0xFF, 0xFF,
    0xFF, 0xFF, 0xFF, 0xFF, 0xFF, 0xFF, 0xFF, 0xFF, 0x92, 0x9C, 0xC8, 0x29, 0xFF, 0xFF, 0xFF, 0xFF,
    0xFF, 0xFF, 0xFF, 0xFF, 0x1A, 0xEF, 0x97, 0xE6, 0x97, 0xE6, 0x97, 0xDE, 0x98, 0xDE, 0x97, 0xDE,
    0x97, 0xE6, 0x97, 0xE6, 0x98, 0xE6, 0x97, 0xE6, 0x98, 0xE6, 0x97, 0xE6, 0x98, 0xE6, 0x97, 0xE6,
    0x97, 0xE6, 0x98, 0xE6, 0x98, 0xDE, 0x98, 0xDE, 0x97, 0xE6, 0x97, 0xE6, 0x98, 0xDE, 0x97, 0xE6,
    0x97, 0xE6, 0x98, 0xDE, 0x97, 0xE6, 0x97, 0xE6, 0x97, 0xE6, 0x97, 0xE6, 0x98, 0xE6, 0x97, 0xE6,
    0x97, 0xE6, 0x97, 0xE6, 0x97, 0xE6, 0x97, 0xE6, 0x97, 0xE6, 0x97, 0xE6, 0x97, 0xE6, 0x97, 0xE6,
    0x97, 0xE6, 0x97, 0xE6, 0x97, 0xE6, 0x97, 0xE6, 0x97, 0xE6, 0x97, 0xE6, 0x97, 0xE6, 0x97, 0xE6,
    0x97, 0xE6, 0x97, 0xE6, 0x97, 0xE6, 0x97, 0xE6, 0x97, 0xE6, 0x97, 0xE6, 0x97, 0xE6, 0x97, 0xE6,
    0x97, 0xE6, 0x97, 0xE6, 0x97, 0xE6, 0x97, 0xE6, 0x97, 0xE6, 0x97, 0xE6, 0x97, 0xE6, 0x97, 0xE6,
    0x97, 0xE6, 0x97, 0xE6, 0x97, 0xE6, 0x97, 0xE6, 0x97, 0xE6, 0x97, 0xE6, 0x97, 0xE6, 0x97, 0xE6,
    0x97, 0xE6, 0x97, 0xE6, 0x97, 0xE6, 0x97, 0xE6, 0x97, 0xE6, 0x97, 0xE6, 0x97, 0xE6, 0x97, 0xE6,
    0x97, 0xE6, 0x98, 0xE6, 0xFF, 0xFF, 0xFF, 0xFF, 0xFF, 0xFF, 0xFF, 0xFF, 0x6E, 0x63, 0xF5, 0x31,
    0x5D, 0x3A, 0x5D, 0x3A, 0x5C, 0x3A, 0x5C, 0x3A, 0x5D, 0x3A, 0x5C, 0x3A, 0x5C, 0x3A, 0x5C, 0x3A,
    0x7C, 0x3A, 0x5C, 0x3A, 0x5C, 0x3A, 0x7C, 0x3A, 0x7C, 0x3A, 0x7C, 0x3A, 0x7C, 0x3A, 0x7C, 0x42,
    0x7C, 0x3A, 0x7C, 0x42, 0x7C, 0x42, 0x7C, 0x42, 0x7C, 0x42, 0x7C, 0x42, 0x7C, 0x42, 0x7C, 0x42,
    0x9E, 0xF7, 0x9E, 0xF7, 0x9E, 0xF7, 0x9E, 0xF7, 0x9E, 0xF7, 0x9E, 0xF7, 0x9E, 0xF7, 0x7D, 0xEF,
    0x7D, 0xEF, 0x7D, 0xEF, 0x7D, 0xEF, 0x7D, 0xEF, 0x7D, 0xEF, 0x7D, 0xEF, 0x7D, 0xEF, 0x7D, 0xEF,
    0x7D, 0xEF, 0x7D, 0xEF, 0x7D, 0xEF, 0x7D, 0xEF, 0x7D, 0xEF, 0x7D, 0xEF, 0x7D, 0xEF, 0x7D, 0xEF,
    0x7D, 0xEF, 0x7D, 0xEF, 0x7D, 0xEF, 0x7D, 0xEF, 0x7D, 0xEF, 0x7D, 0xEF, 0x7D, 0xEF, 0x7D, 0xEF,
    0x7D, 0xEF, 0x7D, 0xEF, 0x7D, 0xEF, 0x7D, 0xEF, 0x7D, 0xEF, 0x7D, 0xEF, 0x7D, 0xEF, 0x7D, 0xEF,
    0x7D, 0xEF, 0x7D, 0xEF, 0x7D, 0xEF, 0x7D, 0xEF, 0x7D, 0xEF, 0x7D, 0xEF, 0x7D, 0xEF, 0x7D, 0xEF,
    0x7D, 0xEF, 0x7D, 0xEF, 0x7D, 0xEF, 0x7D, 0xEF, 0x7D, 0xEF, 0x7D, 0xEF, 0x7D, 0xEF, 0x7D, 0xEF,
    0x7D, 0xEF, 0x7D, 0xEF, 0x7D, 0xEF, 0x7D, 0xEF, 0x7D, 0xEF, 0x7D, 0xEF, 0x7D, 0xEF, 0x7D, 0xEF,
    0x7D, 0xEF, 0x7D, 0xEF, 0x7D, 0xEF, 0x9E, 0xF7, 0x9E, 0xF7, 0x9E, 0xF7, 0x9E, 0xF7, 0x9E, 0xF7,
    0x9E, 0xF7, 0x9E, 0xF7, 0x9E, 0xF7, 0x9E, 0xF7, 0x9E, 0xF7, 0x9E, 0xF7, 0x9E, 0xF7, 0x9E, 0xF7,
    0x9E, 0xF7, 0x9E, 0xF7, 0x9E, 0xF7, 0x9E, 0xF7, 0xBE, 0xF7, 0xBE, 0xF7, 0xBE, 0xF7, 0xBE, 0xF7,
    0xBE, 0xF7, 0xBE, 0xF7, 0xBE, 0xF7, 0xBE, 0xF7, 0xBE, 0xF7, 0xBE, 0xF7, 0xBE, 0xF7, 0xBE, 0xF7,
    0xBE, 0xF7, 0xDF, 0xFF, 0xBE, 0xF7, 0xDF, 0xFF, 0xDF, 0xFF, 0xDF, 0xFF, 0xDF, 0xFF, 0xDF, 0xFF,
    0xDF, 0xFF, 0xDF, 0xFF, 0xDF, 0xFF, 0xDF, 0xFF, 0xDF, 0xFF, 0xDF, 0xFF, 0xDF, 0xFF, 0xFF, 0xFF,
    0xFF, 0xFF, 0xFF, 0xFF, 0xFF, 0xFF, 0xFF, 0xFF, 0xFF, 0xFF, 0xFF, 0xFF, 0xFF, 0xFF, 0xFF, 0xFF,
    0xFF, 0xFF, 0xFF, 0xFF, 0xFF, 0xFF, 0xFF, 0xFF, 0xFF, 0xFF, 0xFF, 0xFF, 0xFF, 0xFF, 0xFF, 0xFF,
    0xFF, 0xFF, 0xFF, 0xFF, 0xFF, 0xFF, 0xFF, 0xFF, 0xFF, 0xFF, 0xFF, 0xFF, 0xFF, 0xFF, 0xFF, 0xFF,
    0xFF, 0xFF, 0xFF, 0xFF, 0xFF, 0xFF, 0xFF, 0xFF, 0xFF, 0xFF, 0xFF, 0xFF, 0xFF, 0xFF, 0xFF, 0xFF,
    0xFF, 0xFF, 0xFF, 0xFF, 0xFF, 0xFF, 0xFF, 0xFF, 0xFF, 0xFF, 0xFF, 0xFF, 0xFF, 0xFF, 0xFF, 0xFF,
    0xFF, 0xFF, 0xFF, 0xFF, 0xFF, 0xFF, 0xFF, 0xFF, 0xFF, 0xFF, 0xFF, 0xFF, 0xFF, 0xFF, 0xFF, 0xFF,
    0xFF, 0xFF, 0xFF, 0xFF, 0xFF, 0xFF, 0xFF, 0xFF, 0xFF, 0xFF, 0xFF, 0xFF, 0xFF, 0xFF, 0xFF, 0xFF,
    0xFF, 0xFF, 0xFF, 0xFF, 0xFF, 0xFF, 0xFF, 0xFF, 0xFF, 0xFF, 0xFF, 0xFF, 0xFF, 0xFF, 0xFF, 0xFF,
    0xFF, 0xFF, 0xFF, 0xFF, 0xFF, 0xFF, 0xFF, 0xFF, 0xFF, 0xFF, 0xFF, 0xFF, 0xFF, 0xFF, 0xFF, 0xFF,
    0xFF, 0xFF, 0xFF, 0xFF, 0xFF, 0xFF, 0xFF, 0xFF, 0xFF, 0xFF, 0xFF, 0xFF, 0xFF, 0xFF, 0xFF, 0xFF,
    0xFF, 0xFF, 0xFF, 0xFF, 0xFF, 0xFF, 0xFF, 0xFF, 0xFF, 0xFF, 0xFF, 0xFF, 0xFF, 0xFF, 0xFF, 0xFF,
    0xFF, 0xFF, 0xFF, 0xFF, 0xFF, 0xFF, 0xFF, 0xFF, 0xFF, 0xFF, 0xBE, 0xFF, 0x49, 0x4A, 0xFF, 0xFF,
    0xFF, 0xFF, 0xFF, 0xFF, 0xFF, 0xFF, 0x1A, 0xEF, 0x97, 0xE6, 0x97, 0xE6, 0x97, 0xE6, 0x98, 0xE6,
    0x97, 0xDE, 0x97, 0xDE, 0x97, 0xE6, 0x98, 0xE6, 0x97, 0xE6, 0x98, 0xE6, 0x97, 0xE6, 0x97, 0xE6,
    0x98, 0xE6, 0x97, 0xE6, 0x97, 0xE6, 0x97, 0xE6, 0x97, 0xE6, 0x98, 0xE6, 0x98, 0xE6, 0x97, 0xE6,
    0xB7, 0xDE, 0x98, 0xDE, 0x97, 0xE6, 0x98, 0xE6, 0x97, 0xE6, 0x97, 0xE6, 0x98, 0xE6, 0x98, 0xDE,
    0x98, 0xDE, 0x97, 0xE6, 0x97, 0xE6, 0x97, 0xE6, 0x97, 0xE6, 0x97, 0xE6, 0x97, 0xE6, 0x97, 0xE6,
    0x97, 0xE6, 0x97, 0xE6, 0x97, 0xE6, 0x97, 0xE6, 0x97, 0xE6, 0x97, 0xE6, 0x97, 0xE6, 0x97, 0xE6,
    0x97, 0xE6, 0x97, 0xE6, 0x97, 0xE6, 0x97, 0xE6, 0x97, 0xE6, 0x97, 0xE6, 0x97, 0xE6, 0x97, 0xE6,
    0x97, 0xE6, 0x97, 0xE6, 0x97, 0xE6, 0x97, 0xE6, 0x97, 0xE6, 0x97, 0xE6, 0x97, 0xE6, 0x97, 0xE6,
    0x97, 0xE6, 0x97, 0xE6, 0x97, 0xE6, 0x97, 0xE6, 0x97, 0xE6, 0x97, 0xE6, 0x97, 0xE6, 0x97, 0xE6,
    0x97, 0xE6, 0x97, 0xE6, 0x97, 0xE6, 0x97, 0xE6, 0x97, 0xE6, 0x97, 0xE6, 0x97, 0xE6, 0x97, 0xE6,
    0x97, 0xE6, 0x97, 0xE6, 0x98, 0xE6, 0xFF, 0xFF, 0xFF, 0xFF, 0xFF, 0xFF, 0xFF, 0xFF, 0x6E, 0x63,
    0xD5, 0x31, 0x5D, 0x3A, 0x5C, 0x3A, 0x5D, 0x3A, 0x5C, 0x3A, 0x5C, 0x3A, 0x5C, 0x3A, 0x5C, 0x3A,
    0x7C, 0x3A, 0x7C, 0x3A, 0x7C, 0x3A, 0x7C, 0x3A, 0x7C, 0x3A, 0x7C, 0x3A, 0x7C, 0x42, 0x7C, 0x42,
    0x7C, 0x42, 0x7C, 0x42, 0x7C, 0x42, 0x7C, 0x42, 0x7C, 0x42, 0x7C, 0x42, 0x7C, 0x42, 0x7C, 0x42,
    0x9C, 0x42, 0x9E, 0xF7, 0x9E, 0xF7, 0x9E, 0xF7, 0x9E, 0xF7, 0x9E, 0xF7, 0x9E, 0xF7, 0x9E, 0xF7,
    0x9E, 0xF7, 0x9E, 0xF7, 0x9E, 0xF7, 0x7D, 0xEF, 0x7D, 0xEF, 0x7D, 0xEF, 0x7D, 0xEF, 0x7D, 0xEF,
    0x7D, 0xEF, 0x7D, 0xEF, 0x7D, 0xEF, 0x7D, 0xEF, 0x7D, 0xEF, 0x7D, 0xEF, 0x7D, 0xEF, 0x7D, 0xEF,
    0x7D, 0xEF, 0x7D, 0xEF, 0x7D, 0xEF, 0x7D, 0xEF, 0x7D, 0xEF, 0x7D, 0xEF, 0x7D, 0xEF, 0x7D, 0xEF,
    0x7D, 0xEF, 0x7D, 0xEF, 0x7D, 0xEF, 0x7D, 0xEF, 0x7D, 0xEF, 0x7D, 0xEF, 0x7D, 0xEF, 0x7D, 0xEF,
    0x7D, 0xEF, 0x7D, 0xEF, 0x7D, 0xEF, 0x7D, 0xEF, 0x7D, 0xEF, 0x7D, 0xEF, 0x7D, 0xEF, 0x7D, 0xEF,
    0x7D, 0xEF, 0x7D, 0xEF, 0x7D, 0xEF, 0x7D, 0xEF, 0x7D, 0xEF, 0x7D, 0xEF, 0x7D, 0xEF, 0x7D, 0xEF,
    0x7D, 0xEF, 0x7D, 0xEF, 0x7D, 0xEF, 0x7D, 0xEF, 0x7D, 0xEF, 0x7D, 0xEF, 0x7D, 0xEF, 0x7D, 0xEF,
    0x7D, 0xEF, 0x7D, 0xEF, 0x7D, 0xEF, 0x9E, 0xF7, 0x9E, 0xF7, 0x9E, 0xF7, 0x9E, 0xF7, 0x9E, 0xF7,
    0x9E, 0xF7, 0x9E, 0xF7, 0x9E, 0xF7, 0x9E, 0xF7, 0x9E, 0xF7, 0x9E, 0xF7, 0x9E, 0xF7, 0x9E, 0xF7,
    0x9E, 0xF7, 0x9E, 0xF7, 0xBE, 0xF7, 0xBE, 0xF7, 0xBE, 0xF7, 0xBE, 0xF7, 0xBE, 0xF7, 0xBE, 0xF7,
    0xBE, 0xF7, 0xBE, 0xF7, 0xBE, 0xF7, 0xBE, 0xF7, 0xBE, 0xF7, 0xBE, 0xF7, 0xBE, 0xF7, 0xBE, 0xF7,
    0xBE, 0xF7, 0xDF, 0xFF, 0xDF, 0xFF, 0xDF, 0xFF, 0xDF, 0xFF, 0xDF, 0xFF, 0xDF, 0xFF, 0xDF, 0xFF,
    0xDF, 0xFF, 0xDF, 0xFF, 0xDF, 0xFF, 0xDF, 0xFF, 0xDF, 0xFF, 0xDF, 0xFF, 0xFF, 0xFF, 0xFF, 0xFF,
    0xFF, 0xFF, 0xFF, 0xFF, 0xFF, 0xFF, 0xFF, 0xFF, 0xFF, 0xFF, 0xFF, 0xFF, 0xFF, 0xFF, 0xFF, 0xFF,
    0xFF, 0xFF, 0xFF, 0xFF, 0xFF, 0xFF, 0xFF, 0xFF, 0xFF, 0xFF, 0xFF, 0xFF, 0xFF, 0xFF, 0xFF, 0xFF,
    0xFF, 0xFF, 0xFF, 0xFF, 0xFF, 0xFF, 0xFF, 0xFF, 0xFF, 0xFF, 0xFF, 0xFF, 0xFF, 0xFF, 0xFF, 0xFF,
    0xFF, 0xFF, 0xFF, 0xFF, 0xFF, 0xFF, 0xFF, 0xFF, 0xFF, 0xFF, 0xFF, 0xFF, 0xFF, 0xFF, 0xFF, 0xFF,
    0xFF, 0xFF, 0xFF, 0xFF, 0xFF, 0xFF, 0xFF, 0xFF, 0xFF, 0xFF, 0xFF, 0xFF, 0xFF, 0xFF, 0xFF, 0xFF,
    0xFF, 0xFF, 0xFF, 0xFF, 0xFF, 0xFF, 0xFF, 0xFF, 0xFF, 0xFF, 0xFF, 0xFF, 0xFF, 0xFF, 0xFF, 0xFF,
    0xFF, 0xFF, 0xFF, 0xFF, 0xFF, 0xFF, 0xFF, 0xFF, 0xFF, 0xFF, 0xFF, 0xFF, 0xFF, 0xFF, 0xFF, 0xFF,
    0xFF, 0xFF, 0xFF, 0xFF, 0xFF, 0xFF, 0xFF, 0xFF, 0xFF, 0xFF, 0xFF, 0xFF, 0xFF, 0xFF, 0xFF, 0xFF,
    0xFF, 0xFF, 0xFF, 0xFF, 0xFF, 0xFF, 0xFF, 0xFF, 0xFF, 0xFF, 0xFF, 0xFF, 0xFF, 0xFF, 0xFF, 0xFF,
    0xFF, 0xFF, 0xFF, 0xFF, 0xFF, 0xFF, 0xFF, 0xFF, 0xFF, 0xFF, 0xFF, 0xFF, 0xFF, 0xFF, 0xFF, 0xFF,
    0xFF, 0xFF, 0xFF, 0xFF, 0xFF, 0xFF, 0xFF, 0xFF, 0xFF, 0xFF, 0xFF, 0xFF, 0xFF, 0xFF, 0xFF, 0xFF,
    0xFF, 0xFF, 0xFF, 0xFF, 0xFF, 0xFF, 0xFF, 0xFF, 0xFF, 0xFF, 0xFF, 0xFF, 0xBE, 0xFF, 0x4A, 0x42,
    0xFF, 0xFF, 0xFF, 0xFF, 0xFF, 0xFF, 0xFF, 0xFF, 0x1A, 0xEF, 0x97, 0xE6, 0x97, 0xE6, 0x97, 0xE6,
    0x97, 0xE6, 0x97, 0xE6, 0x97, 0xE6, 0x97, 0xE6, 0x97, 0xE6, 0x97, 0xE6, 0x97, 0xE6, 0x97, 0xE6,
    0x97, 0xE6, 0x97, 0xE6, 0x97, 0xE6, 0x97, 0xE6, 0x97, 0xE6, 0x97, 0xE6, 0x97, 0xE6, 0x97, 0xE6,
    0x97, 0xE6, 0x97, 0xE6, 0x97, 0xE6, 0x97, 0xE6, 0x97, 0xE6, 0x97, 0xE6, 0x97, 0xE6, 0x97, 0xE6,
    0x97, 0xE6, 0x97, 0xE6, 0x97, 0xE6, 0x97, 0xE6, 0x97, 0xE6, 0x97, 0xE6, 0x97, 0xE6, 0x97, 0xE6,
    0x97, 0xE6, 0x97, 0xE6, 0x97, 0xE6, 0x97, 0xE6, 0x97, 0xE6, 0x97, 0xE6, 0x97, 0xE6, 0x97, 0xE6,
    0x97, 0xE6, 0x97, 0xE6, 0x97, 0xE6, 0x97, 0xE6, 0x97, 0xE6, 0x97, 0xE6, 0x97, 0xE6, 0x97, 0xE6,
    0x97, 0xE6, 0x97, 0xE6, 0x97, 0xE6, 0x97, 0xE6, 0x97, 0xE6, 0x97, 0xE6, 0x97, 0xE6, 0x97, 0xE6,
    0x97, 0xE6, 0x97, 0xE6, 0x97, 0xE6, 0x97, 0xE6, 0x97, 0xE6, 0x97, 0xE6, 0x97, 0xE6, 0x97, 0xE6,
    0x97, 0xE6, 0x97, 0xE6, 0x97, 0xE6, 0x97, 0xE6, 0x97, 0xE6, 0x97, 0xE6, 0x97, 0xE6, 0x97, 0xE6,
    0x97, 0xE6, 0x97, 0xE6, 0x97, 0xE6, 0x98, 0xE6, 0xFF, 0xFF, 0xFF, 0xFF, 0xFF, 0xFF, 0xFF, 0xFF,
    0x6E, 0x63, 0xD5, 0x31, 0x5C, 0x3A, 0x5C, 0x3A, 0x5C, 0x3A, 0x5C, 0x3A, 0x5C, 0x3A, 0x5C, 0x3A,
    0x5C, 0x3A, 0x5C, 0x3A, 0x5C, 0x3A, 0x7C, 0x3A, 0x7C, 0x3A, 0x7C, 0x3A, 0x7C, 0x42, 0x7C, 0x42,
    0x7C, 0x42, 0x7C, 0x42, 0x7C, 0x42, 0x7C, 0x42, 0x7C, 0x42, 0x7C, 0x42, 0x7C, 0x42, 0x7C, 0x42,
    0x9C, 0x42, 0x9C, 0x42, 0x9E, 0xF7, 0x9E, 0xF7, 0x9E, 0xF7, 0x9E, 0xF7, 0x9E, 0xF7, 0x9E, 0xF7,
    0x9E, 0xF7, 0x9E, 0xF7, 0x9E, 0xF7, 0x9E, 0xF7, 0x9E, 0xF7, 0x7D, 0xEF, 0x7D, 0xEF, 0x7D, 0xEF,
    0x7D, 0xEF, 0x7D, 0xEF, 0x7D, 0xEF, 0x7D, 0xEF, 0x7D, 0xEF, 0x7D, 0xEF, 0x7D, 0xEF, 0x7D, 0xEF,
    0x7D, 0xEF, 0x7D, 0xEF, 0x7D, 0xEF, 0x7D, 0xEF, 0x7D, 0xEF, 0x7D, 0xEF, 0x7D, 0xEF, 0x7D, 0xEF,
    0x7D, 0xEF, 0x7D, 0xEF, 0x7D, 0xEF, 0x7D, 0xEF, 0x7D, 0xEF, 0x7D, 0xEF, 0x7D, 0xEF, 0x7D, 0xEF,
    0x7D, 0xEF, 0x7D, 0xEF, 0x7D, 0xEF, 0x7D, 0xEF, 0x7D, 0xEF, 0x7D, 0xEF, 0x7D, 0xEF, 0x7D, 0xEF,
    0x7D, 0xEF, 0x7D, 0xEF, 0x7D, 0xEF, 0x7D, 0xEF, 0x7D, 0xEF, 0x7D, 0xEF, 0x7D, 0xEF, 0x7D, 0xEF,
    0x7D, 0xEF, 0x7D, 0xEF, 0x7D, 0xEF, 0x7D, 0xEF, 0x7D, 0xEF, 0x7D, 0xEF, 0x9E, 0xF7, 0x7D, 0xEF,
    0x9E, 0xF7, 0x9E, 0xF7, 0x9E, 0xF7, 0x9E, 0xF7, 0x9E, 0xF7, 0x9E, 0xF7, 0x9E, 0xF7, 0x9E, 0xF7,
    0x9E, 0xF7, 0x9E, 0xF7, 0x9E, 0xF7, 0x9E, 0xF7, 0x9E, 0xF7, 0x9E, 0xF7, 0x9E, 0xF7, 0x9E, 0xF7,
    0x9E, 0xF7, 0x9E, 0xF7, 0x9E, 0xF7, 0xBE, 0xF7, 0xBE, 0xF7, 0xBE, 0xF7, 0xBE, 0xF7, 0xBE, 0xF7,
    0xBE, 0xF7, 0xBE, 0xF7, 0xBE, 0xF7, 0xBE, 0xF7, 0xBE, 0xF7, 0xBE, 0xF7, 0xBE, 0xF7, 0xDF, 0xFF,
    0xBE, 0xF7, 0xDF, 0xFF, 0xBE, 0xF7, 0xDF, 0xFF, 0xDF, 0xFF, 0xDF, 0xFF, 0xDF, 0xFF, 0xDF, 0xFF,
    0xDF, 0xFF, 0xDF, 0xFF, 0xDF, 0xFF, 0xDF, 0xFF, 0xDF, 0xFF, 0xDF, 0xFF, 0xFF, 0xFF, 0xFF, 0xFF,
    0xFF, 0xFF, 0xFF, 0xFF, 0xFF, 0xFF, 0xFF, 0xFF, 0xFF, 0xFF, 0xFF, 0xFF, 0xFF, 0xFF, 0xFF, 0xFF,
    0xFF, 0xFF, 0xFF, 0xFF, 0xFF, 0xFF, 0xFF, 0xFF, 0xFF, 0xFF, 0xFF, 0xFF, 0xFF, 0xFF, 0xFF, 0xFF,
    0xFF, 0xFF, 0xFF, 0xFF, 0xFF, 0xFF, 0xFF, 0xFF, 0xFF, 0xFF, 0xFF, 0xFF, 0xFF, 0xFF, 0xFF, 0xFF,
    0xFF, 0xFF, 0xFF, 0xFF, 0xFF, 0xFF, 0xFF, 0xFF, 0xFF, 0xFF, 0xFF, 0xFF, 0xFF, 0xFF, 0xFF, 0xFF,
    0xFF, 0xFF, 0xFF, 0xFF, 0xFF, 0xFF, 0xFF, 0xFF, 0xFF, 0xFF, 0xFF, 0xFF, 0xFF, 0xFF, 0xFF, 0xFF,
    0xFF, 0xFF, 0xFF, 0xFF, 0xFF, 0xFF, 0xFF, 0xFF, 0xFF, 0xFF, 0xFF, 0xFF, 0xFF, 0xFF, 0xFF, 0xFF,
    0xFF, 0xFF, 0xFF, 0xFF, 0xFF, 0xFF, 0xFF, 0xFF, 0xFF, 0xFF, 0xFF, 0xFF, 0xFF, 0xFF, 0xFF, 0xFF,
    0xFF, 0xFF, 0xFF, 0xFF, 0xFF, 0xFF, 0xFF, 0xFF, 0xFF, 0xFF, 0xFF, 0xFF, 0xFF, 0xFF, 0xFF, 0xFF,
    0xFF, 0xFF, 0xFF, 0xFF, 0xFF, 0xFF, 0xFF, 0xFF, 0xFF, 0xFF, 0xFF, 0xFF, 0xFF, 0xFF, 0xFF, 0xFF,
    0xFF, 0xFF, 0xFF, 0xFF, 0xFF, 0xFF, 0xFF, 0xFF, 0xFF, 0xFF, 0xFF, 0xFF, 0xFF, 0xFF, 0xFF, 0xFF,
    0xFF, 0xFF, 0xFF, 0xFF, 0xFF, 0xFF, 0xFF, 0xFF, 0xFF, 0xFF, 0xFF, 0xFF, 0xFF, 0xFF, 0xFF, 0xFF,
    0xFF, 0xFF, 0xFF, 0xFF, 0xFF, 0xFF, 0xFF, 0xFF, 0xFF, 0xFF, 0xFF, 0xFF, 0xFF, 0xFF, 0xBE, 0xFF,
    0x4A, 0x42, 0xFF, 0xFF, 0xFF, 0xFF, 0xFF, 0xFF, 0xFF, 0xFF, 0x1A, 0xEF, 0x97, 0xE6, 0x97, 0xE6,
    0x97, 0xE6, 0x97, 0xE6, 0x97, 0xE6, 0x97, 0xE6, 0x97, 0xE6, 0x97, 0xE6, 0x97, 0xE6, 0x97, 0xE6,
    0x97, 0xE6, 0x97, 0xE6, 0x97, 0xE6, 0x97, 0xE6, 0x97, 0xE6, 0x97, 0xE6, 0x97, 0xE6, 0x97, 0xE6,
    0x97, 0xE6, 0x97, 0xE6, 0x97, 0xE6, 0x97, 0xE6, 0x97, 0xE6, 0x97, 0xE6, 0x97, 0xE6, 0x97, 0xE6,
    0x97, 0xE6, 0x97, 0xE6, 0x97, 0xE6, 0x97, 0xE6, 0x97, 0xE6, 0x97, 0xE6, 0x97, 0xE6, 0x97, 0xE6,
    0x97, 0xE6, 0x97, 0xE6, 0x97, 0xE6, 0x97, 0xE6, 0x97, 0xE6, 0x97, 0xE6, 0x97, 0xE6, 0x97, 0xE6,
    0x97, 0xE6, 0x97, 0xE6, 0x97, 0xE6, 0x97, 0xE6, 0x97, 0xE6, 0x97, 0xE6, 0x97, 0xE6, 0x97, 0xE6,
    0x97, 0xE6, 0x97, 0xE6, 0x97, 0xE6, 0x97, 0xE6, 0x97, 0xE6, 0x97, 0xE6, 0x97, 0xE6, 0x97, 0xE6,
    0x97, 0xE6, 0x97, 0xE6, 0x97, 0xE6, 0x97, 0xE6, 0x97, 0xE6, 0x97, 0xE6, 0x97, 0xE6, 0x97, 0xE6,
    0x97, 0xE6, 0x97, 0xE6, 0x97, 0xE6, 0x97, 0xE6, 0x97, 0xE6, 0x97, 0xE6, 0x97, 0xE6, 0x97, 0xE6,
    0x97, 0xE6, 0x97, 0xE6, 0x97, 0xE6, 0x97, 0xE6, 0x98, 0xE6, 0xFF, 0xFF, 0xFF, 0xFF, 0xFF, 0xFF,
    0xFF, 0xFF, 0x6E, 0x63, 0xF5, 0x31, 0x5C, 0x3A, 0x5C, 0x3A, 0x5C, 0x3A, 0x5C, 0x3A, 0x5C, 0x3A,
    0x7C, 0x3A, 0x7C, 0x3A, 0x7C, 0x3A, 0x7C, 0x3A, 0x7C, 0x3A, 0x7C, 0x3A, 0x7C, 0x42, 0x7C, 0x42,
    0x7C, 0x42, 0x7C, 0x42, 0x7C, 0x42, 0x7C, 0x42, 0x7C, 0x42, 0x7C, 0x42, 0x9C, 0x42, 0x7C, 0x42,
    0x9C, 0x42, 0x9C, 0x42, 0x9C, 0x42, 0x9E, 0xF7, 0x9E, 0xF7, 0x9E, 0xF7, 0x9E, 0xF7, 0x9E, 0xF7,
    0x9E, 0xF7, 0x9E, 0xF7, 0x9E, 0xF7, 0x9E, 0xF7, 0x9E, 0xF7, 0x9E, 0xF7, 0x9E, 0xF7, 0x9E, 0xF7,
    0x9E, 0xF7, 0x7D, 0xEF, 0x9E, 0xF7, 0x7D, 0xEF, 0x7D, 0xEF, 0x7D, 0xEF, 0x9E, 0xF7, 0x7D, 0xEF,
    0x7D, 0xEF, 0x7D, 0xEF, 0x7D, 0xEF, 0x7D, 0xEF, 0x7D, 0xEF, 0x7D, 0xEF, 0x7D, 0xEF, 0x7D, 0xEF,
    0x7D, 0xEF, 0x7D, 0xEF, 0x7D, 0xEF, 0x7D, 0xEF, 0x7D, 0xEF, 0x7D, 0xEF, 0x7D, 0xEF, 0x7D, 0xEF,
    0x7D, 0xEF, 0x7D, 0xEF, 0x7D, 0xEF, 0x7D, 0xEF, 0x7D, 0xEF, 0x7D, 0xEF, 0x7D, 0xEF, 0x7D, 0xEF,
    0x7D, 0xEF, 0x7D, 0xEF, 0x7D, 0xEF, 0x7D, 0xEF, 0x7D, 0xEF, 0x7D, 0xEF, 0x7D, 0xEF, 0x7D, 0xEF,
    0x7D, 0xEF, 0x7D, 0xEF, 0x9E, 0xF7, 0x7D, 0xEF, 0x9E, 0xF7, 0x9E, 0xF7, 0x9E, 0xF7, 0x9E, 0xF7,
    0x9E, 0xF7, 0x9E, 0xF7, 0x9E, 0xF7, 0x9E, 0xF7, 0x9E, 0xF7, 0x9E, 0xF7, 0x9E, 0xF7, 0x9E, 0xF7,
    0x9E, 0xF7, 0x9E, 0xF7, 0x9E, 0xF7, 0x9E, 0xF7, 0x9E, 0xF7, 0x9E, 0xF7, 0x9E, 0xF7, 0xBE, 0xF7,
    0xBE, 0xF7, 0xBE, 0xF7, 0xBE, 0xF7, 0xBE, 0xF7, 0xBE, 0xF7, 0xBE, 0xF7, 0xBE, 0xF7, 0xBE, 0xF7,
    0xBE, 0xF7, 0xBE, 0xF7, 0xBE, 0xF7, 0xBE, 0xF7, 0xBE, 0xF7, 0xBE, 0xF7, 0xBE, 0xF7, 0xBE, 0xF7,
    0xBE, 0xF7, 0xDF, 0xFF, 0xDF, 0xFF, 0xDF, 0xFF, 0xDF, 0xFF, 0xDF, 0xFF, 0xDF, 0xFF, 0xDF, 0xFF,
    0xDF, 0xFF, 0xDF, 0xFF, 0xDF, 0xFF, 0xFF, 0xFF, 0xFF, 0xFF, 0xFF, 0xFF, 0xFF, 0xFF, 0xFF, 0xFF,
    0xFF, 0xFF, 0xFF, 0xFF, 0xFF, 0xFF, 0xFF, 0xFF, 0xFF, 0xFF, 0xFF, 0xFF, 0xFF, 0xFF, 0xFF, 0xFF,
    0xFF, 0xFF, 0xFF, 0xFF, 0xFF, 0xFF, 0xFF, 0xFF, 0xFF, 0xFF, 0xFF, 0xFF, 0xFF, 0xFF, 0xFF, 0xFF,
    0xFF, 0xFF, 0xFF, 0xFF, 0xFF, 0xFF, 0xFF, 0xFF, 0xFF, 0xFF, 0xFF, 0xFF, 0xFF, 0xFF, 0xFF, 0xFF,
    0xFF, 0xFF, 0xFF, 0xFF, 0xFF, 0xFF, 0xFF, 0xFF, 0xFF, 0xFF, 0xFF, 0xFF, 0xFF, 0xFF, 0xFF, 0xFF,
    0xFF, 0xFF, 0xFF, 0xFF, 0xFF, 0xFF, 0xFF, 0xFF, 0xFF, 0xFF, 0xFF, 0xFF, 0xFF, 0xFF, 0xFF, 0xFF,
    0xFF, 0xFF, 0xFF, 0xFF, 0xFF, 0xFF, 0xFF, 0xFF, 0xFF, 0xFF, 0xFF, 0xFF, 0xFF, 0xFF, 0xFF, 0xFF,
    0xFF, 0xFF, 0xFF, 0xFF, 0xFF, 0xFF, 0xFF, 0xFF, 0xFF, 0xFF, 0xFF, 0xFF, 0xFF, 0xFF, 0xFF, 0xFF,
    0xFF, 0xFF, 0xFF, 0xFF, 0xFF, 0xFF, 0xFF, 0xFF, 0xFF, 0xFF, 0xFF, 0xFF, 0xFF, 0xFF, 0xFF, 0xFF,
    0xFF, 0xFF, 0xFF, 0xFF, 0xFF, 0xFF, 0xFF, 0xFF, 0xFF, 0xFF, 0xFF, 0xFF, 0xFF, 0xFF, 0xFF, 0xFF,
    0xFF, 0xFF, 0xFF, 0xFF, 0xFF, 0xFF, 0xFF, 0xFF, 0xFF, 0xFF, 0xFF, 0xFF, 0xFF, 0xFF, 0xFF, 0xFF,
    0xFF, 0xFF, 0xFF, 0xFF, 0xFF, 0xFF, 0xFF, 0xFF, 0xFF, 0xFF, 0xFF, 0xFF, 0xFF, 0xFF, 0xFF, 0xFF,
    0xFF, 0xFF, 0xFF, 0xFF, 0xFF, 0xFF, 0xFF, 0xFF, 0xFF, 0xFF, 0xFF, 0xFF, 0xFF, 0xFF, 0xFF, 0xFF,
    0xDE, 0xFF, 0x4A, 0x42, 0xFF, 0xFF, 0xFF, 0xFF, 0xFF, 0xFF, 0xFF, 0xFF, 0x1B, 0xEF, 0x97, 0xDE,
    0x98, 0xDE, 0x97, 0xE6, 0x97, 0xE6, 0x97, 0xE6, 0x97, 0xE6, 0x97, 0xE6, 0x97, 0xE6, 0x97, 0xE6,
    0x97, 0xE6, 0x97, 0xE6, 0x97, 0xE6, 0x97, 0xE6, 0x97, 0xE6, 0x97, 0xE6, 0x97, 0xE6, 0x97, 0xE6,
    0x97, 0xE6, 0x97, 0xE6, 0x97, 0xE6, 0x97, 0xE6, 0x97, 0xE6, 0x97, 0xE6, 0x97, 0xE6, 0x97, 0xE6,
    0x97, 0xE6, 0x97, 0xE6, 0x97, 0xE6, 0x97, 0xE6, 0x97, 0xE6, 0x97, 0xE6, 0x97, 0xE6, 0x97, 0xE6,
    0x97, 0xE6, 0x97, 0xE6, 0x97, 0xE6, 0x97, 0xE6, 0x97, 0xE6, 0x97, 0xE6, 0x97, 0xE6, 0x97, 0xE6,
    0x97, 0xE6, 0x97, 0xE6, 0x97, 0xE6, 0x97, 0xE6, 0x97, 0xE6, 0x97, 0xE6, 0x97, 0xE6, 0x97, 0xE6,
    0x97, 0xE6, 0x97, 0xE6, 0x97, 0xE6, 0x97, 0xE6, 0x97, 0xE6, 0x97, 0xE6, 0x97, 0xE6, 0x97, 0xE6,
    0x97, 0xE6, 0x97, 0xE6, 0x97, 0xE6, 0x97, 0xE6, 0x97, 0xE6, 0x97, 0xE6, 0x97, 0xE6, 0x97, 0xE6,
    0x97, 0xE6, 0x97, 0xE6, 0x97, 0xE6, 0x97, 0xE6, 0x97, 0xE6, 0x97, 0xE6, 0x97, 0xE6, 0x97, 0xE6,
    0x97, 0xE6, 0x97, 0xE6, 0x97, 0xE6, 0x97, 0xE6, 0x97, 0xE6, 0x98, 0xE6, 0xFF, 0xFF, 0xFF, 0xFF,
    0xFF, 0xFF, 0xFF, 0xFF, 0x6E, 0x63, 0xF5, 0x31, 0x5D, 0x3A, 0x5C, 0x3A, 0x5C, 0x3A, 0x7C, 0x3A,
    0x7C, 0x3A, 0x7C, 0x3A, 0x7C, 0x3A, 0x7C, 0x3A, 0x7C, 0x3A, 0x7C, 0x42, 0x7C, 0x42, 0x7C, 0x42,
    0x7C, 0x3A, 0x7C, 0x42, 0x7C, 0x42, 0x7C, 0x42, 0x9C, 0x42, 0x7C, 0x42, 0x9C, 0x42, 0x9C, 0x42,
    0x9C, 0x42, 0x9C, 0x42, 0x9C, 0x42, 0x9C, 0x42, 0x9E, 0xF7, 0x9E, 0xF7, 0x9E, 0xF7, 0x9E, 0xF7,
    0x9E, 0xF7, 0x9E, 0xF7, 0x9E, 0xF7, 0x9E, 0xF7, 0x9E, 0xF7, 0x9E, 0xF7, 0x9E, 0xF7, 0x9E, 0xF7,
    0x9E, 0xF7, 0x9E, 0xF7, 0x9E, 0xF7, 0x9E, 0xF7, 0x9E, 0xF7, 0x7D, 0xEF, 0x9E, 0xF7, 0x7D, 0xEF,
    0x7D, 0xEF, 0x7D, 0xEF, 0x9E, 0xF7, 0x7D, 0xEF, 0x7D, 0xEF, 0x7D, 0xEF, 0x7D, 0xEF, 0x7D, 0xEF,
    0x7D, 0xEF, 0x7D, 0xEF, 0x7D, 0xEF, 0x7D, 0xEF, 0x7D, 0xEF, 0x7D, 0xEF, 0x7D, 0xEF, 0x7D, 0xEF,
    0x7D, 0xEF, 0x7D, 0xEF, 0x7D, 0xEF, 0x7D, 0xEF, 0x7D, 0xEF, 0x7D, 0xEF, 0x7D, 0xEF, 0x7D, 0xEF,
    0x7D, 0xEF, 0x7D, 0xEF, 0x7D, 0xEF, 0x7D, 0xEF, 0x7D, 0xEF, 0x7D, 0xEF, 0x7D, 0xEF, 0x9E, 0xF7,
    0x7D, 0xEF, 0x7D, 0xEF, 0x7D, 0xEF, 0x9E, 0xF7, 0x9E, 0xF7, 0x9E, 0xF7, 0x9E, 0xF7, 0x9E, 0xF7,
    0x9E, 0xF7, 0x9E, 0xF7, 0x9E, 0xF7, 0x9E, 0xF7, 0x9E, 0xF7, 0x9E, 0xF7, 0x9E, 0xF7, 0x9E, 0xF7,
    0x9E, 0xF7, 0x9E, 0xF7, 0x9E, 0xF7, 0x9E, 0xF7, 0x9E, 0xF7, 0x9E, 0xF7, 0x9E, 0xF7, 0xBE, 0xF7,
    0xBE, 0xF7, 0xBE, 0xF7, 0xBE, 0xF7, 0xBE, 0xF7, 0xBE, 0xF7, 0xBE, 0xF7, 0xBE, 0xF7, 0xBE, 0xF7,
    0xBE, 0xF7, 0xBE, 0xF7, 0xBE, 0xF7, 0xBE, 0xF7, 0xBE, 0xF7, 0xBE, 0xF7, 0xDF, 0xFF, 0xBE, 0xF7,
    0xDF, 0xFF, 0xDF, 0xFF, 0xDF, 0xFF, 0xDF, 0xFF, 0xDF, 0xFF, 0xDF, 0xFF, 0xDF, 0xFF, 0xDF, 0xFF,
    0xDF, 0xFF, 0xFF, 0xFF, 0xFF, 0xFF, 0xDF, 0xFF, 0xFF, 0xFF, 0xFF, 0xFF, 0xFF, 0xFF, 0xFF, 0xFF,
    0xFF, 0xFF, 0xFF, 0xFF, 0xFF, 0xFF, 0xFF, 0xFF, 0xFF, 0xFF, 0xFF, 0xFF, 0xFF, 0xFF, 0xFF, 0xFF,
    0xFF, 0xFF, 0xFF, 0xFF, 0xFF, 0xFF, 0xFF, 0xFF, 0xFF, 0xFF, 0xFF, 0xFF, 0xFF, 0xFF, 0xFF, 0xFF,
    0xFF, 0xFF, 0xFF, 0xFF, 0xFF, 0xFF, 0xFF, 0xFF, 0xFF, 0xFF, 0xFF, 0xFF, 0xFF, 0xFF, 0xFF, 0xFF,
    0xFF, 0xFF, 0xFF, 0xFF, 0xFF, 0xFF, 0xFF, 0xFF, 0xFF, 0xFF, 0xFF, 0xFF, 0xFF, 0xFF, 0xFF, 0xFF,
    0xFF, 0xFF, 0xFF, 0xFF, 0xFF, 0xFF, 0xFF, 0xFF, 0xFF, 0xFF, 0xFF, 0xFF, 0xFF, 0xFF, 0xFF, 0xFF,
    0xFF, 0xFF, 0xFF, 0xFF, 0xFF, 0xFF, 0xFF, 0xFF, 0xFF, 0xFF, 0xFF, 0xFF, 0xFF, 0xFF, 0xFF, 0xFF,
    0xFF, 0xFF, 0xFF, 0xFF, 0xFF, 0xFF, 0xFF, 0xFF, 0xFF, 0xFF, 0xFF, 0xFF, 0xFF, 0xFF, 0xFF, 0xFF,
    0xFF, 0xFF, 0xFF, 0xFF, 0xFF, 0xFF, 0xFF, 0xFF, 0xFF, 0xFF, 0xFF, 0xFF, 0xFF, 0xFF, 0xFF, 0xFF,
    0xFF, 0xFF, 0xFF, 0xFF, 0xFF, 0xFF, 0xFF, 0xFF, 0xFF, 0xFF, 0xFF, 0xFF, 0xFF, 0xFF, 0xFF, 0xFF,
    0xFF, 0xFF, 0xFF, 0xFF, 0xFF, 0xFF, 0xFF, 0xFF, 0xFF, 0xFF, 0xFF, 0xFF, 0xFF, 0xFF, 0xFF, 0xFF,
    0xFF, 0xFF, 0xFF, 0xFF, 0xFF, 0xFF, 0xFF, 0xFF, 0xFF, 0xFF, 0xFF, 0xFF, 0xFF, 0xFF, 0xFF, 0xFF,
    0xFF, 0xFF, 0xFF, 0xFF, 0xFF, 0xFF, 0xFF, 0xFF, 0xFF, 0xFF, 0xFF, 0xFF, 0xFF, 0xFF, 0xFF, 0xFF,
    0xFF, 0xFF, 0xDE, 0xFF, 0x4A, 0x42, 0xFF, 0xFF, 0xFF, 0xFF, 0xFF, 0xFF, 0xFF, 0xFF, 0x1B, 0xEF,
    0xB8, 0xE6, 0xB8, 0xE6, 0xB8, 0xE6, 0xB8, 0xE6, 0xB8, 0xE6, 0xB8, 0xE6, 0xB8, 0xE6, 0xB8, 0xE6,
    0xB8, 0xE6, 0xB8, 0xE6, 0xB8, 0xE6, 0xB8, 0xE6, 0xB8, 0xE6, 0xB8, 0xE6, 0xB8, 0xE6, 0xB8, 0xE6,
    0xB8, 0xE6, 0xB8, 0xE6, 0xB8, 0xE6, 0xB8, 0xE6, 0xB8, 0xE6, 0xB8, 0xE6, 0xB8, 0xE6, 0xB8, 0xE6,
    0xB8, 0xE6, 0xB8, 0xE6, 0xB8, 0xE6, 0xB8, 0xE6, 0xB8, 0xE6, 0xB8, 0xE6, 0xB8, 0xE6, 0xB8, 0xE6,
    0xB8, 0xE6, 0xB8, 0xE6, 0xB8, 0xE6, 0xB8, 0xE6, 0xB8, 0xE6, 0xB8, 0xE6, 0xB8, 0xE6, 0xB8, 0xE6,
    0xB8, 0xE6, 0xB8, 0xE6, 0xB8, 0xE6, 0xB8, 0xE6, 0xB8, 0xE6, 0xB8, 0xE6, 0xB8, 0xE6, 0xB8, 0xE6,
    0xB8, 0xE6, 0xB8, 0xE6, 0xB8, 0xE6, 0xB8, 0xE6, 0xB8, 0xE6, 0xB8, 0xE6, 0xB8, 0xE6, 0xB8, 0xE6,
    0xB8, 0xE6, 0xB8, 0xE6, 0xB8, 0xE6, 0xB8, 0xE6, 0xB8, 0xE6, 0xB8, 0xE6, 0xB8, 0xE6, 0xB8, 0xE6,
    0xB8, 0xE6, 0xB8, 0xE6, 0xB8, 0xE6, 0xB8, 0xE6, 0xB8, 0xE6, 0xB8, 0xE6, 0xB8, 0xE6, 0xB8, 0xE6,
    0xB8, 0xE6, 0xB8, 0xE6, 0xB8, 0xE6, 0xB8, 0xE6, 0xB8, 0xE6, 0xB8, 0xE6, 0x98, 0xE6, 0xFF, 0xFF,
    0xFF, 0xFF, 0xFF, 0xFF, 0xFF, 0xFF, 0x6E, 0x63, 0xF5, 0x31, 0x5C, 0x3A, 0x7C, 0x3A, 0x7C, 0x3A,
    0x7C, 0x3A, 0x7C, 0x3A, 0x7C, 0x3A, 0x7C, 0x3A, 0x7C, 0x42, 0x7C, 0x42, 0x7C, 0x42, 0x7C, 0x42,
    0x7C, 0x42, 0x7C, 0x42, 0x7C, 0x42, 0x7C, 0x42, 0x9C, 0x42, 0x7C, 0x42, 0x7C, 0x42, 0x9C, 0x42,
    0x9C, 0x42, 0x9C, 0x42, 0x9C, 0x42, 0x9C, 0x42, 0x9C, 0x42, 0x9E, 0xF7, 0x9E, 0xF7, 0x9E, 0xF7,
    0x9E, 0xF7, 0x9E, 0xF7, 0x9E, 0xF7, 0x9E, 0xF7, 0x9E, 0xF7, 0x9E, 0xF7, 0x9E, 0xF7, 0x9E, 0xF7,
    0x9E, 0xF7, 0x9E, 0xF7, 0x9E, 0xF7, 0x9E, 0xF7, 0x9E, 0xF7, 0x9E, 0xF7, 0x7D, 0xEF, 0x9E, 0xF7,
    0x9E, 0xF7, 0x9E, 0xF7, 0x7D, 0xEF, 0x7D, 0xEF, 0x7D, 0xEF, 0x9E, 0xF7, 0x7D, 0xEF, 0x9E, 0xF7,
    0x7D, 0xEF, 0x7D, 0xEF, 0x7D, 0xEF, 0x7D, 0xEF, 0x7D, 0xEF, 0x7D, 0xEF, 0x9E, 0xF7, 0x7D, 0xEF,
    0x7D, 0xEF, 0x7D, 0xEF, 0x7D, 0xEF, 0x7D, 0xEF, 0x7D, 0xEF, 0x7D, 0xEF, 0x7D, 0xEF, 0x7D, 0xEF,
    0x7D, 0xEF, 0x7D, 0xEF, 0x7D, 0xEF, 0x7D, 0xEF, 0x7D, 0xEF, 0x9E, 0xF7, 0x9E, 0xF7, 0x9E, 0xF7,
    0x9E, 0xF7, 0x9E, 0xF7, 0x9E, 0xF7, 0x9E, 0xF7, 0x9E, 0xF7, 0x9E, 0xF7, 0x9E, 0xF7, 0x9E, 0xF7,
    0x9E, 0xF7, 0x9E, 0xF7, 0x9E, 0xF7, 0x9E, 0xF7, 0x9E, 0xF7, 0x9E, 0xF7, 0x9E, 0xF7, 0x9E, 0xF7,
    0x9E, 0xF7, 0x9E, 0xF7, 0x9E, 0xF7, 0x9E, 0xF7, 0xBE, 0xF7, 0xBE, 0xF7, 0xBE, 0xF7, 0xBE, 0xF7,
    0xBE, 0xF7, 0xBE, 0xF7, 0xBE, 0xF7, 0xBE, 0xF7, 0xBE, 0xF7, 0xBE, 0xF7, 0xBE, 0xF7, 0xBE, 0xF7,
    0xBE, 0xF7, 0xBE, 0xF7, 0xBE, 0xF7, 0xBE, 0xF7, 0xBE, 0xF7, 0xBE, 0xF7, 0xDF, 0xFF, 0xDF, 0xFF,
    0xDF, 0xFF, 0xDF, 0xFF, 0xDF, 0xFF, 0xDF, 0xFF, 0xDF, 0xFF, 0xDF, 0xFF, 0xDF, 0xFF, 0xDF, 0xFF,
    0xDF, 0xFF, 0xDF, 0xFF, 0xFF, 0xFF, 0xFF, 0xFF, 0xFF, 0xFF, 0xFF, 0xFF, 0xFF, 0xFF, 0xFF, 0xFF,
    0xFF, 0xFF, 0xFF, 0xFF, 0xFF, 0xFF, 0xFF, 0xFF, 0xFF, 0xFF, 0xFF, 0xFF, 0xFF, 0xFF, 0xFF, 0xFF,
    0xFF, 0xFF, 0xFF, 0xFF, 0xFF, 0xFF, 0xFF, 0xFF, 0xFF, 0xFF, 0xFF, 0xFF, 0xFF, 0xFF, 0xFF, 0xFF,
    0xFF, 0xFF, 0xFF, 0xFF, 0xFF, 0xFF, 0xFF, 0xFF, 0xFF, 0xFF, 0xFF, 0xFF, 0xFF, 0xFF, 0xFF, 0xFF,
    0xFF, 0xFF, 0xFF, 0xFF, 0xFF, 0xFF, 0xFF, 0xFF, 0xFF, 0xFF, 0xFF, 0xFF, 0xFF, 0xFF, 0xFF, 0xFF,
    0xFF, 0xFF, 0xFF, 0xFF, 0xFF, 0xFF, 0xFF, 0xFF, 0xFF, 0xFF, 0xFF, 0xFF, 0xFF, 0xFF, 0xFF, 0xFF,
    0xFF, 0xFF, 0xFF, 0xFF, 0xFF, 0xFF, 0xFF, 0xFF, 0xFF, 0xFF, 0xFF, 0xFF, 0xFF, 0xFF, 0xFF, 0xFF,
    0xFF, 0xFF, 0xFF, 0xFF, 0xFF, 0xFF, 0xFF, 0xFF, 0xFF, 0xFF, 0xFF, 0xFF, 0xFF, 0xFF, 0xFF, 0xFF,
    0xFF, 0xFF, 0xFF, 0xFF, 0xFF, 0xFF, 0xFF, 0xFF, 0xFF, 0xFF, 0xFF, 0xFF, 0xFF, 0xFF, 0xFF, 0xFF,
    0xFF, 0xFF, 0xFF, 0xFF, 0xFF, 0xFF, 0xFF, 0xFF, 0xFF, 0xFF, 0xFF, 0xFF, 0xFF, 0xFF, 0xFF, 0xFF,
    0xFF, 0xFF, 0xFF, 0xFF, 0xFF, 0xFF, 0xFF, 0xFF, 0xFF, 0xFF, 0xFF, 0xFF, 0xFF, 0xFF, 0xFF, 0xFF,
    0xFF, 0xFF, 0xFF, 0xFF, 0xFF, 0xFF, 0xFF, 0xFF, 0xFF, 0xFF, 0xFF, 0xFF, 0xFF, 0xFF, 0xFF, 0xFF,
    0xFF, 0xFF, 0xFF, 0xFF, 0xFF, 0xFF, 0xFF, 0xFF, 0xFF, 0xFF, 0xFF, 0xFF, 0xFF, 0xFF, 0xFF, 0xFF,
    0xFF, 0xFF, 0xFF, 0xFF, 0x18, 0xCE, 0x09, 0x3A, 0xFF, 0xFF, 0xFF, 0xFF, 0xFF, 0xFF, 0xFF, 0xFF,
    0x3B, 0xEF, 0xF9, 0xEE, 0xF9, 0xE6, 0xF9, 0xE6, 0xF9, 0xE6, 0xF9, 0xE6, 0xF9, 0xE6, 0xF9, 0xE6,
    0xF9, 0xE6, 0xF9, 0xE6, 0xF9, 0xE6, 0xF9, 0xE6, 0xF9, 0xE6, 0xF9, 0xE6, 0xF9, 0xE6, 0xF9, 0xE6,
    0xF9, 0xE6, 0xF9, 0xE6, 0xF9, 0xE6, 0xF9, 0xE6, 0xF9, 0xE6, 0xF9, 0xE6, 0xF9, 0xE6, 0xF9, 0xE6,
    0xF9, 0xE6, 0xF9, 0xE6, 0xF9, 0xE6, 0xF9, 0xE6, 0xF9, 0xE6, 0xF9, 0xE6, 0xF9, 0xE6, 0xF9, 0xE6,
    0xF9, 0xE6, 0xF9, 0xE6, 0xF9, 0xE6, 0xF9, 0xE6, 0xF9, 0xE6, 0xF9, 0xE6, 0xF9, 0xE6, 0xF9, 0xE6,
    0xF9, 0xE6, 0xF9, 0xE6, 0xF9, 0xE6, 0xF9, 0xE6, 0xF9, 0xE6, 0xF9, 0xE6, 0xF9, 0xE6, 0xF9, 0xE6,
    0xF9, 0xE6, 0xF9, 0xE6, 0xF9, 0xE6, 0xF9, 0xE6, 0xF9, 0xE6, 0xF9, 0xE6, 0xF9, 0xE6, 0xF9, 0xE6,
    0xF9, 0xE6, 0xF9, 0xE6, 0xF9, 0xE6, 0xF9, 0xE6, 0xF9, 0xE6, 0xF9, 0xE6, 0xF9, 0xE6, 0xF9, 0xE6,
    0xF9, 0xE6, 0xF9, 0xE6, 0xF9, 0xE6, 0xF9, 0xE6, 0xF9, 0xE6, 0xF9, 0xE6, 0xF9, 0xE6, 0xF9, 0xE6,
    0xF9, 0xE6, 0xF9, 0xE6, 0xF9, 0xE6, 0xF9, 0xE6, 0xF9, 0xE6, 0xF9, 0xE6, 0xF9, 0xE6, 0xB9, 0xE6,
    0xFF, 0xFF, 0xFF, 0xFF, 0xFF, 0xFF, 0xFF, 0xFF, 0x6E, 0x63, 0xF5, 0x31, 0x7C, 0x3A, 0x7C, 0x3A,
    0x7C, 0x3A, 0x7C, 0x3A, 0x7C, 0x3A, 0x7C, 0x3A, 0x7C, 0x3A, 0x7C, 0x42, 0x7C, 0x42, 0x7C, 0x42,
    0x7C, 0x42, 0x7C, 0x42, 0x7C, 0x42, 0x7C, 0x42, 0x7C, 0x42, 0x7C, 0x42, 0x9C, 0x42, 0x9C, 0x42,
    0x9C, 0x42, 0x9C, 0x42, 0x9C, 0x42, 0x9C, 0x42, 0x9C, 0x42, 0x9C, 0x42, 0x9E, 0xF7, 0x9E, 0xF7,
    0x9E, 0xF7, 0x9E, 0xF7, 0x9E, 0xF7, 0x9E, 0xF7, 0x9E, 0xF7, 0x9E, 0xF7, 0x9E, 0xF7, 0x9E, 0xF7,
    0x9E, 0xF7, 0x9E, 0xF7, 0x9E, 0xF7, 0x9E, 0xF7, 0x9E, 0xF7, 0x9E, 0xF7, 0x9E, 0xF7, 0x9E, 0xF7,
    0x9E, 0xF7, 0x9E, 0xF7, 0x9E, 0xF7, 0x9E, 0xF7, 0x9E, 0xF7, 0x7D, 0xEF, 0x9E, 0xF7, 0x7D, 0xEF,
    0x9E, 0xF7, 0x7D, 0xEF, 0x9E, 0xF7, 0x9E, 0xF7, 0x9E, 0xF7, 0x9E, 0xF7, 0x7D, 0xEF, 0x7D, 0xEF,
    0x9E, 0xF7, 0x7D, 0xEF, 0x7D, 0xEF, 0x9E, 0xF7, 0x9E, 0xF7, 0x9E, 0xF7, 0x7D, 0xEF, 0x9E, 0xF7,
    0x7D, 0xEF, 0x9E, 0xF7, 0x9E, 0xF7, 0x9E, 0xF7, 0x9E, 0xF7, 0x7D, 0xEF, 0x9E, 0xF7, 0x9E, 0xF7,
    0x9E, 0xF7, 0x9E, 0xF7, 0x9E, 0xF7, 0x9E, 0xF7, 0x9E, 0xF7, 0x9E, 0xF7, 0x9E, 0xF7, 0x9E, 0xF7,
    0x9E, 0xF7, 0x9E, 0xF7, 0x9E, 0xF7, 0x9E, 0xF7, 0x9E, 0xF7, 0x9E, 0xF7, 0x9E, 0xF7, 0x9E, 0xF7,
    0x9E, 0xF7, 0xBE, 0xF7, 0x9E, 0xF7, 0x9E, 0xF7, 0xBE, 0xF7, 0xBE, 0xF7, 0xBE, 0xF7, 0xBE, 0xF7,
    0xBE, 0xF7, 0xBE, 0xF7, 0xBE, 0xF7, 0xBE, 0xF7, 0xBE, 0xF7, 0xBE, 0xF7, 0xBE, 0xF7, 0xBE, 0xF7,
    0xBE, 0xF7, 0xBE, 0xF7, 0xBE, 0xF7, 0xBE, 0xF7, 0xBE, 0xF7, 0xDF, 0xFF, 0xDF, 0xFF, 0xDF, 0xFF,
    0xDF, 0xFF, 0xDF, 0xFF, 0xDF, 0xFF, 0xDF, 0xFF, 0xDF, 0xFF, 0xDF, 0xFF, 0xDF, 0xFF, 0xDF, 0xFF,
    0xDF, 0xFF, 0xDF, 0xFF, 0xDF, 0xFF, 0xFF, 0xFF, 0xFF, 0xFF, 0xFF, 0xFF, 0xFF, 0xFF, 0xFF, 0xFF,
    0xFF, 0xFF, 0xFF, 0xFF, 0xFF, 0xFF, 0xFF, 0xFF, 0xFF, 0xFF, 0xFF, 0xFF, 0xFF, 0xFF, 0xFF, 0xFF,
    0xFF, 0xFF, 0xFF, 0xFF, 0xFF, 0xFF, 0xFF, 0xFF, 0xFF, 0xFF, 0xFF, 0xFF, 0xFF, 0xFF, 0xFF, 0xFF,
    0xFF, 0xFF, 0xFF, 0xFF, 0xFF, 0xFF, 0xFF, 0xFF, 0xFF, 0xFF, 0xFF, 0xFF, 0xFF, 0xFF, 0xFF, 0xFF,
    0xFF, 0xFF, 0xFF, 0xFF, 0xFF, 0xFF, 0xFF, 0xFF, 0xFF, 0xFF, 0xFF, 0xFF, 0xFF, 0xFF, 0xFF, 0xFF,
    0xFF, 0xFF, 0xFF, 0xFF, 0xFF, 0xFF, 0xFF, 0xFF, 0xFF, 0xFF, 0xFF, 0xFF, 0xFF, 0xFF, 0xFF, 0xFF,
    0xFF, 0xFF, 0xFF, 0xFF, 0xFF, 0xFF, 0xFF, 0xFF, 0xFF, 0xFF, 0xFF, 0xFF, 0xFF, 0xFF, 0xFF, 0xFF,
    0xFF, 0xFF, 0xFF, 0xFF, 0xFF, 0xFF, 0xFF, 0xFF, 0xFF, 0xFF, 0xFF, 0xFF, 0xFF, 0xFF, 0xFF, 0xFF,
    0xFF, 0xFF, 0xFF, 0xFF, 0xFF, 0xFF, 0xFF, 0xFF, 0xFF, 0xFF, 0xFF, 0xFF, 0xFF, 0xFF, 0xFF, 0xFF,
    0xFF, 0xFF, 0xFF, 0xFF, 0xFF, 0xFF, 0xFF, 0xFF, 0xFF, 0xFF, 0xFF, 0xFF, 0xFF, 0xFF, 0xFF, 0xFF,
    0xFF, 0xFF, 0xFF, 0xFF, 0xFF, 0xFF, 0xFF, 0xFF, 0xFF, 0xFF, 0xFF, 0xFF, 0xFF, 0xFF, 0xFF, 0xFF,
    0xFF, 0xFF, 0xFF, 0xFF, 0xFF, 0xFF, 0xFF, 0xFF, 0xFF, 0xFF, 0xFF, 0xFF, 0xFF, 0xFF, 0xFF, 0xFF,
    0xFF, 0xFF, 0xFF, 0xFF, 0xFF, 0xFF, 0xFF, 0xFF, 0xFF, 0xFF, 0xFF, 0xFF, 0xFF, 0xFF, 0xFF, 0xFF,
    0xFF, 0xFF, 0xFF, 0xFF, 0xFF, 0xFF, 0xAB, 0x52, 0xA8, 0x21, 0xFF, 0xFF, 0xFF, 0xFF, 0xFF, 0xFF,
    0xFF, 0xFF, 0x3B, 0xEF, 0xF9, 0xEE, 0xF9, 0xE6, 0xF9, 0xE6, 0xF9, 0xE6, 0xF9, 0xE6, 0xF9, 0xE6,
    0xF9, 0xE6, 0xF9, 0xE6, 0xF9, 0xE6, 0xF9, 0xE6, 0xF9, 0xE6, 0xF9, 0xE6, 0xF9, 0xE6, 0xF9, 0xE6,
    0xF9, 0xE6, 0xF9, 0xE6, 0xF9, 0xE6, 0xF9, 0xE6, 0xF9, 0xE6, 0xF9, 0xE6, 0xF9, 0xE6, 0xF9, 0xE6,
    0xF9, 0xE6, 0xF9, 0xE6, 0xF9, 0xE6, 0xF9, 0xE6, 0xF9, 0xE6, 0xF9, 0xE6, 0xF9, 0xE6, 0xF9, 0xE6,
    0xF9, 0xE6, 0xF9, 0xE6, 0xF9, 0xE6, 0xF9, 0xE6, 0xF9, 0xE6, 0xF9, 0xE6, 0xF9, 0xE6, 0xF9, 0xE6,
    0xF9, 0xE6, 0xF9, 0xE6, 0xF9, 0xE6, 0xF9, 0xE6, 0xF9, 0xE6, 0xF9, 0xE6, 0xF9, 0xE6, 0xF9, 0xE6,
    0xF9, 0xE6, 0xF9, 0xE6, 0xF9, 0xE6, 0xF9, 0xE6, 0xF9, 0xE6, 0xF9, 0xE6, 0xF9, 0xE6, 0xF9, 0xE6,
    0xF9, 0xE6, 0xF9, 0xE6, 0xF9, 0xE6, 0xF9, 0xE6, 0xF9, 0xE6, 0xF9, 0xE6, 0xF9, 0xE6, 0xF9, 0xE6,
    0xF9, 0xE6, 0xF9, 0xE6, 0xF9, 0xE6, 0xF9, 0xE6, 0xF9, 0xE6, 0xF9, 0xE6, 0xF9, 0xE6, 0xF9, 0xE6,
    0xF9, 0xE6, 0xF9, 0xE6, 0xF9, 0xE6, 0xF9, 0xE6, 0xF9, 0xE6, 0xF9, 0xE6, 0xF9, 0xE6, 0xF9, 0xE6,
    0xD9, 0xE6, 0xFF, 0xFF, 0xFF, 0xFF, 0xFF, 0xFF, 0xFF, 0xFF, 0x6E, 0x63, 0xF5, 0x31, 0x7C, 0x3A,
    0x7C, 0x3A, 0x7C, 0x3A, 0x7C, 0x3A, 0x7C, 0x3A, 0x7C, 0x3A, 0x7C, 0x3A, 0x7C, 0x42, 0x7C, 0x42,
    0x7C, 0x42, 0x7C, 0x42, 0x7C, 0x42, 0x7C, 0x42, 0x7C, 0x42, 0x9C, 0x42, 0x9C, 0x42, 0x9C, 0x42,
    0x9C, 0x42, 0x9C, 0x42, 0x9C, 0x42, 0x9C, 0x42, 0x9C, 0x42, 0x9C, 0x42, 0x9C, 0x42, 0x9E, 0xF7,
    0x9E, 0xF7, 0x9E, 0xF7, 0x9E, 0xF7, 0x9E, 0xF7, 0x9E, 0xF7, 0x9E, 0xF7, 0x9E, 0xF7, 0x9E, 0xF7,
    0x9E, 0xF7, 0x9E, 0xF7, 0x9E, 0xF7, 0x9E, 0xF7, 0x9E, 0xF7, 0x9E, 0xF7, 0x9E, 0xF7, 0x9E, 0xF7,
    0x9E, 0xF7, 0x9E, 0xF7, 0x9E, 0xF7, 0x9E, 0xF7, 0x9E, 0xF7, 0x9E, 0xF7, 0x9E, 0xF7, 0x9E, 0xF7,
    0x9E, 0xF7, 0x9E, 0xF7, 0x9E, 0xF7, 0x9E, 0xF7, 0x9E, 0xF7, 0x9E, 0xF7, 0x9E, 0xF7, 0x7D, 0xEF,
    0x9E, 0xF7, 0x9E, 0xF7, 0x9E, 0xF7, 0x9E, 0xF7, 0x9E, 0xF7, 0x9E, 0xF7, 0x9E, 0xF7, 0x9E, 0xF7,
    0x9E, 0xF7, 0x9E, 0xF7, 0x9E, 0xF7, 0x9E, 0xF7, 0x9E, 0xF7, 0x9E, 0xF7, 0x9E, 0xF7, 0x9E, 0xF7,
    0x9E, 0xF7, 0x9E, 0xF7, 0x9E, 0xF7, 0x9E, 0xF7, 0x9E, 0xF7, 0x9E, 0xF7, 0x9E, 0xF7, 0x9E, 0xF7,
    0x9E, 0xF7, 0x9E, 0xF7, 0x9E, 0xF7, 0x9E, 0xF7, 0x9E, 0xF7, 0x9E, 0xF7, 0x9E, 0xF7, 0x9E, 0xF7,
    0xBE, 0xF7, 0x9E, 0xF7, 0xBE, 0xF7, 0xBE, 0xF7, 0xBE, 0xF7, 0xBE, 0xF7, 0xBE, 0xF7, 0xBE, 0xF7,
    0xBE, 0xF7, 0xBE, 0xF7, 0xBE, 0xF7, 0xBE, 0xF7, 0xBE, 0xF7, 0xBE, 0xF7, 0xBE, 0xF7, 0xBE, 0xF7,
    0xBE, 0xF7, 0xBE, 0xF7, 0xDF, 0xFF, 0xDF, 0xFF, 0xBE, 0xF7, 0xDF, 0xFF, 0xDF, 0xFF, 0xDF, 0xFF,
    0xDF, 0xFF, 0xDF, 0xFF, 0xDF, 0xFF, 0xDF, 0xFF, 0xDF, 0xFF, 0xDF, 0xFF, 0xDF, 0xFF, 0xDF, 0xFF,
    0xDF, 0xFF, 0xFF, 0xFF, 0xFF, 0xFF, 0xFF, 0xFF, 0xFF, 0xFF, 0xFF, 0xFF, 0xFF, 0xFF, 0xFF, 0xFF,
    0xFF, 0xFF, 0xFF, 0xFF, 0xFF, 0xFF, 0xFF, 0xFF, 0xFF, 0xFF, 0xFF, 0xFF, 0xFF, 0xFF, 0xFF, 0xFF,
    0xFF, 0xFF, 0xFF, 0xFF, 0xFF, 0xFF, 0xFF, 0xFF, 0xFF, 0xFF, 0xFF, 0xFF, 0xFF, 0xFF, 0xFF, 0xFF,
    0xFF, 0xFF, 0xFF, 0xFF, 0xFF, 0xFF, 0xFF, 0xFF, 0xFF, 0xFF, 0xFF, 0xFF, 0xFF, 0xFF, 0xFF, 0xFF,
    0xFF, 0xFF, 0xFF, 0xFF, 0xFF, 0xFF, 0xFF, 0xFF, 0xFF, 0xFF, 0xFF, 0xFF, 0xFF, 0xFF, 0xFF, 0xFF,
    0xFF, 0xFF, 0xFF, 0xFF, 0xFF, 0xFF, 0xFF, 0xFF, 0xFF, 0xFF, 0xFF, 0xFF, 0xFF, 0xFF, 0xFF, 0xFF,
    0xFF, 0xFF, 0xFF, 0xFF, 0xFF, 0xFF, 0xFF, 0xFF, 0xFF, 0xFF, 0xFF, 0xFF, 0xFF, 0xFF, 0xFF, 0xFF,
    0xFF, 0xFF, 0xFF, 0xFF, 0xFF, 0xFF, 0xFF, 0xFF, 0xFF, 0xFF, 0xFF, 0xFF, 0xFF, 0xFF, 0xFF, 0xFF,
    0xFF, 0xFF, 0xFF, 0xFF, 0xFF, 0xFF, 0xFF, 0xFF, 0xFF, 0xFF, 0xFF, 0xFF, 0xFF, 0xFF, 0xFF, 0xFF,
    0xFF, 0xFF, 0xFF, 0xFF, 0xFF, 0xFF, 0xFF, 0xFF, 0xFF, 0xFF, 0xFF, 0xFF, 0xFF, 0xFF, 0xFF, 0xFF,
    0xFF, 0xFF, 0xFF, 0xFF, 0xFF, 0xFF, 0xFF, 0xFF, 0xFF, 0xFF, 0xFF, 0xFF, 0xFF, 0xFF, 0xFF, 0xFF,
    0xFF, 0xFF, 0xFF, 0xFF, 0xFF, 0xFF, 0xFF, 0xFF, 0xFF, 0xFF, 0xFF, 0xFF, 0xFF, 0xFF, 0xFF, 0xFF,
    0xFF, 0xFF, 0xFF, 0xFF, 0xFF, 0xFF, 0xFF, 0xFF, 0xFF, 0xFF, 0xFF, 0xFF, 0xFF, 0xFF, 0xFF, 0xFF,
    0xFF, 0xFF, 0xFF, 0xFF, 0xFF, 0xFF, 0xFF, 0xFF, 0x8B, 0x4A, 0xA8, 0x21, 0xFF, 0xFF, 0xFF, 0xFF,
    0xFF, 0xFF, 0xFF, 0xFF, 0x3B, 0xEF, 0xF9, 0xEE, 0xF9, 0xE6, 0xF9, 0xE6, 0xF9, 0xE6, 0xF9, 0xE6,
    0xF9, 0xE6, 0xF9, 0xE6, 0xF9, 0xE6, 0xF9, 0xE6, 0xF9, 0xE6, 0xF9, 0xE6, 0xF9, 0xE6, 0xF9, 0xE6,
    0xF9, 0xE6, 0xF9, 0xE6, 0xF9, 0xE6, 0xF9, 0xE6, 0xF9, 0xE6, 0xF9, 0xE6, 0xF9, 0xE6, 0xF9, 0xE6,
    0xF9, 0xE6, 0xF9, 0xE6, 0xF9, 0xE6, 0xF9, 0xE6, 0xF9, 0xE6, 0xF9, 0xE6, 0xF9, 0xE6, 0xF9, 0xE6,
    0xF9, 0xE6, 0xF9, 0xE6, 0xF9, 0xE6, 0xF9, 0xE6, 0xF9, 0xE6, 0xF9, 0xE6, 0xF9, 0xE6, 0xF9, 0xE6,
    0xF9, 0xE6, 0xF9, 0xE6, 0xF9, 0xE6, 0xF9, 0xE6, 0xF9, 0xE6, 0xF9, 0xE6, 0xF9, 0xE6, 0xF9, 0xE6,
    0xF9, 0xE6, 0xF9, 0xE6, 0xF9, 0xE6, 0xF9, 0xE6, 0xF9, 0xE6, 0xF9, 0xE6, 0xF9, 0xE6, 0xF9, 0xE6,
    0xF9, 0xE6, 0xF9, 0xE6, 0xF9, 0xE6, 0xF9, 0xE6, 0xF9, 0xE6, 0xF9, 0xE6, 0xF9, 0xE6, 0xF9, 0xE6,
    0xF9, 0xE6, 0xF9, 0xE6, 0xF9, 0xE6, 0xF9, 0xE6, 0xF9, 0xE6, 0xF9, 0xE6, 0xF9, 0xE6, 0xF9, 0xE6,
    0xF9, 0xE6, 0xF9, 0xE6, 0xF9, 0xE6, 0xF9, 0xE6, 0xF9, 0xE6, 0xF9, 0xE6, 0xF9, 0xE6, 0xF9, 0xE6,
    0xF9, 0xE6, 0xD9, 0xE6, 0xFF, 0xFF, 0xFF, 0xFF, 0xFF, 0xFF, 0xFF, 0xFF, 0x6E, 0x63, 0xF5, 0x31,
    0x7C, 0x3A, 0x7C, 0x3A, 0x7C, 0x42, 0x7C, 0x3A, 0x7C, 0x42, 0x7C, 0x42, 0x7C, 0x42, 0x7C, 0x42,
    0x7C, 0x42, 0x7C, 0x42, 0x7C, 0x42, 0x9C, 0x42, 0x7C, 0x42, 0x9C, 0x42, 0x9C, 0x42, 0x9C, 0x42,
    0x9C, 0x42, 0x9C, 0x42, 0x9C, 0x42, 0x9C, 0x42, 0x9C, 0x42, 0x9C, 0x42, 0x9C, 0x42, 0x9C, 0x42,
    0xBE, 0xF7, 0x9E, 0xF7, 0xBE, 0xF7, 0xBE, 0xF7, 0x9E, 0xF7, 0x9E, 0xF7, 0x9E, 0xF7, 0x9E, 0xF7,
    0x9E, 0xF7, 0x9E, 0xF7, 0x9E, 0xF7, 0x9E, 0xF7, 0x9E, 0xF7, 0x9E, 0xF7, 0x9E, 0xF7, 0x9E, 0xF7,
    0x9E, 0xF7, 0x9E, 0xF7, 0x9E, 0xF7, 0x9E, 0xF7, 0x9E, 0xF7, 0x9E, 0xF7, 0x9E, 0xF7, 0x9E, 0xF7,
    0x9E, 0xF7, 0x9E, 0xF7, 0x9E, 0xF7, 0x9E, 0xF7, 0x9E, 0xF7, 0x9E, 0xF7, 0x9E, 0xF7, 0x9E, 0xF7,
    0x9E, 0xF7, 0x9E, 0xF7, 0x9E, 0xF7, 0x9E, 0xF7, 0x9E, 0xF7, 0x9E, 0xF7, 0x9E, 0xF7, 0x9E, 0xF7,
    0x9E, 0xF7, 0x9E, 0xF7, 0x9E, 0xF7, 0x9E, 0xF7, 0x9E, 0xF7, 0x9E, 0xF7, 0x9E, 0xF7, 0x9E, 0xF7,
    0x9E, 0xF7, 0x9E, 0xF7, 0x9E, 0xF7, 0x9E, 0xF7, 0x9E, 0xF7, 0x9E, 0xF7, 0x9E, 0xF7, 0x9E, 0xF7,
    0x9E, 0xF7, 0x9E, 0xF7, 0x9E, 0xF7, 0x9E, 0xF7, 0x9E, 0xF7, 0x9E, 0xF7, 0x9E, 0xF7, 0xBE, 0xF7,
    0x9E, 0xF7, 0x9E, 0xF7, 0xBE, 0xF7, 0xBE, 0xF7, 0xBE, 0xF7, 0xBE, 0xF7, 0xBE, 0xF7, 0xBE, 0xF7,
    0xBE, 0xF7, 0xBE, 0xF7, 0xBE, 0xF7, 0xBE, 0xF7, 0xBE, 0xF7, 0xBE, 0xF7, 0xBE, 0xF7, 0xDF, 0xFF,
    0xBE, 0xF7, 0xBE, 0xF7, 0xDF, 0xFF, 0xDF, 0xFF, 0xDF, 0xFF, 0xDF, 0xFF, 0xDF, 0xFF, 0xDF, 0xFF,
    0xDF, 0xFF, 0xDF, 0xFF, 0xDF, 0xFF, 0xDF, 0xFF, 0xDF, 0xFF, 0xDF, 0xFF, 0xFF, 0xFF, 0xDF, 0xFF,
    0xFF, 0xFF, 0xFF, 0xFF, 0xFF, 0xFF, 0xFF, 0xFF, 0xFF, 0xFF, 0xFF, 0xFF, 0xFF, 0xFF, 0xFF, 0xFF,
    0xFF, 0xFF, 0xFF, 0xFF, 0xFF, 0xFF, 0xFF, 0xFF, 0xFF, 0xFF, 0xFF, 0xFF, 0xFF, 0xFF, 0xFF, 0xFF,
    0xFF, 0xFF, 0xFF, 0xFF, 0xFF, 0xFF, 0xFF, 0xFF, 0xFF, 0xFF, 0xFF, 0xFF, 0xFF, 0xFF, 0xFF, 0xFF,
    0xFF, 0xFF, 0xFF, 0xFF, 0xFF, 0xFF, 0xFF, 0xFF, 0xFF, 0xFF, 0xFF, 0xFF, 0xFF, 0xFF, 0xFF, 0xFF,
    0xFF, 0xFF, 0xFF, 0xFF, 0xFF, 0xFF, 0xFF, 0xFF, 0xFF, 0xFF, 0xFF, 0xFF, 0xFF, 0xFF, 0xFF, 0xFF,
    0xFF, 0xFF, 0xFF, 0xFF, 0xFF, 0xFF, 0xFF, 0xFF, 0xFF, 0xFF, 0xFF, 0xFF, 0xFF, 0xFF, 0xFF, 0xFF,
    0xFF, 0xFF, 0xFF, 0xFF, 0xFF, 0xFF, 0xFF, 0xFF, 0xFF, 0xFF, 0xFF, 0xFF, 0xFF, 0xFF, 0xFF, 0xFF,
    0xFF, 0xFF, 0xFF, 0xFF, 0xFF, 0xFF, 0xFF, 0xFF, 0xFF, 0xFF, 0xFF, 0xFF, 0xFF, 0xFF, 0xFF, 0xFF,
    0xFF, 0xFF, 0xFF, 0xFF, 0xFF, 0xFF, 0xFF, 0xFF, 0xFF, 0xFF, 0xFF, 0xFF, 0xFF, 0xFF, 0xFF, 0xFF,
    0xFF, 0xFF, 0xFF, 0xFF, 0xFF, 0xFF, 0xFF, 0xFF, 0xFF, 0xFF, 0xFF, 0xFF, 0xFF, 0xFF, 0xFF, 0xFF,
    0xFF, 0xFF, 0xFF, 0xFF, 0xFF, 0xFF, 0xFF, 0xFF, 0xFF, 0xFF, 0xFF, 0xFF, 0xFF, 0xFF, 0xFF, 0xFF,
    0xFF, 0xFF, 0xFF, 0xFF, 0xFF, 0xFF, 0xFF, 0xFF, 0xFF, 0xFF, 0xFF, 0xFF, 0xFF, 0xFF, 0xFF, 0xFF,
    0xFF, 0xFF, 0xFF, 0xFF, 0xFF, 0xFF, 0xFF, 0xFF, 0xFF, 0xFF, 0xFF, 0xFF, 0xFF, 0xFF, 0xFF, 0xFF,
    0xFF, 0xFF, 0xFF, 0xFF, 0xFF, 0xFF, 0xFF, 0xFF, 0xFF, 0xFF, 0xAB, 0x4A, 0xC8, 0x21, 0xFF, 0xFF,
    0xFF, 0xFF, 0xFF, 0xFF, 0xFF, 0xFF, 0x3B, 0xEF, 0xF9, 0xEE, 0xF9, 0xE6, 0xF9, 0xE6, 0xF9, 0xE6,
    0xF9, 0xE6, 0xF9, 0xE6, 0xF9, 0xE6, 0xF9, 0xE6, 0xF9, 0xE6, 0xF9, 0xE6, 0xF9, 0xE6, 0xF9, 0xE6,
    0xF9, 0xE6, 0xF9, 0xE6, 0xF9, 0xE6, 0xF9, 0xE6, 0xF9, 0xE6, 0xF9, 0xE6, 0xF9, 0xE6, 0xF9, 0xE6,
    0xF9, 0xE6, 0xF9, 0xE6, 0xF9, 0xE6, 0xF9, 0xE6, 0xF9, 0xE6, 0xF9, 0xE6, 0xF9, 0xE6, 0xF9, 0xE6,
    0xF9, 0xE6, 0xF9, 0xE6, 0xF9, 0xE6, 0xF9, 0xE6, 0xF9, 0xE6, 0xF9, 0xE6, 0xF9, 0xE6, 0xF9, 0xE6,
    0xF9, 0xE6, 0xF9, 0xE6, 0xF9, 0xE6, 0xF9, 0xE6, 0xF9, 0xE6, 0xF9, 0xE6, 0xF9, 0xE6, 0xF9, 0xE6,
    0xF9, 0xE6, 0xF9, 0xE6, 0xF9, 0xE6, 0xF9, 0xE6, 0xF9, 0xE6, 0xF9, 0xE6, 0xF9, 0xE6, 0xF9, 0xE6,
    0xF9, 0xE6, 0xF9, 0xE6, 0xF9, 0xE6, 0xF9, 0xE6, 0xF9, 0xE6, 0xF9, 0xE6, 0xF9, 0xE6, 0xF9, 0xE6,
    0xF9, 0xE6, 0xF9, 0xE6, 0xF9, 0xE6, 0xF9, 0xE6, 0xF9, 0xE6, 0xF9, 0xE6, 0xF9, 0xE6, 0xF9, 0xE6,
    0xF9, 0xE6, 0xF9, 0xE6, 0xF9, 0xE6, 0xF9, 0xE6, 0xF9, 0xE6, 0xF9, 0xE6, 0xF9, 0xE6, 0xF9, 0xE6,
    0xF9, 0xE6, 0xF9, 0xE6, 0xD9, 0xE6, 0xFF, 0xFF, 0xFF, 0xFF, 0xFF, 0xFF, 0xFF, 0xFF, 0x6E, 0x63,
    0xF5, 0x39, 0x7C, 0x3A, 0x7C, 0x42, 0x7C, 0x3A, 0x7C, 0x42, 0x7C, 0x42, 0x7C, 0x42, 0x7C, 0x42,
    0x7C, 0x42, 0x7C, 0x42, 0x9C, 0x42, 0x7C, 0x42, 0x9C, 0x42, 0x9C, 0x42, 0x9C, 0x42, 0x9C, 0x42,
    0x9C, 0x42, 0x9C, 0x42, 0x9C, 0x42, 0x9C, 0x42, 0x9C, 0x42, 0x9C, 0x42, 0x9C, 0x42, 0x9C, 0x42,
    0x9C, 0x42, 0xBE, 0xF7, 0xBE, 0xF7, 0x9E, 0xF7, 0x9E, 0xF7, 0x9E, 0xF7, 0x9E, 0xF7, 0x9E, 0xF7,
    0x9E, 0xF7, 0x9E, 0xF7, 0x9E, 0xF7, 0x9E, 0xF7, 0x9E, 0xF7, 0x9E, 0xF7, 0x9E, 0xF7, 0x9E, 0xF7,
    0x9E, 0xF7, 0x9E, 0xF7, 0x9E, 0xF7, 0x9E, 0xF7, 0x9E, 0xF7, 0x9E, 0xF7, 0x9E, 0xF7, 0x9E, 0xF7,
    0x9E, 0xF7, 0x9E, 0xF7, 0x9E, 0xF7, 0x9E, 0xF7, 0x9E, 0xF7, 0x9E, 0xF7, 0x9E, 0xF7, 0x9E, 0xF7,
    0x9E, 0xF7, 0x9E, 0xF7, 0x9E, 0xF7, 0x9E, 0xF7, 0x9E, 0xF7, 0x9E, 0xF7, 0x9E, 0xF7, 0x9E, 0xF7,
    0x9E, 0xF7, 0x9E, 0xF7, 0x9E, 0xF7, 0x9E, 0xF7, 0x9E, 0xF7, 0x9E, 0xF7, 0x9E, 0xF7, 0x9E, 0xF7,
    0x9E, 0xF7, 0x9E, 0xF7, 0x9E, 0xF7, 0x9E, 0xF7, 0x9E, 0xF7, 0x9E, 0xF7, 0x9E, 0xF7, 0x9E, 0xF7,
    0x9E, 0xF7, 0x9E, 0xF7, 0x9E, 0xF7, 0xBE, 0xF7, 0xBE, 0xF7, 0x9E, 0xF7, 0xBE, 0xF7, 0xBE, 0xF7,
    0xBE, 0xF7, 0xBE, 0xF7, 0xBE, 0xF7, 0xBE, 0xF7, 0xBE, 0xF7, 0xBE, 0xF7, 0xBE, 0xF7, 0xBE, 0xF7,
    0xBE, 0xF7, 0xBE, 0xF7, 0xBE, 0xF7, 0xBE, 0xF7, 0xBE, 0xF7, 0xBE, 0xF7, 0xBE, 0xF7, 0xDF, 0xFF,
    0xDF, 0xFF, 0xDF, 0xFF, 0xDF, 0xFF, 0xDF, 0xFF, 0xDF, 0xFF, 0xDF, 0xFF, 0xDF, 0xFF, 0xDF, 0xFF,
    0xDF, 0xFF, 0xDF, 0xFF, 0xDF, 0xFF, 0xDF, 0xFF, 0xDF, 0xFF, 0xFF, 0xFF, 0xFF, 0xFF, 0xFF, 0xFF,
    0xFF, 0xFF, 0xFF, 0xFF, 0xFF, 0xFF, 0xFF, 0xFF, 0xFF, 0xFF, 0xFF, 0xFF, 0xFF, 0xFF, 0xFF, 0xFF,
    0xFF, 0xFF, 0xFF, 0xFF, 0xFF, 0xFF, 0xFF, 0xFF, 0xFF, 0xFF, 0xFF, 0xFF, 0xFF, 0xFF, 0xFF, 0xFF,
    0xFF, 0xFF, 0xFF, 0xFF, 0xFF, 0xFF, 0xFF, 0xFF, 0xFF, 0xFF, 0xFF, 0xFF, 0xFF, 0xFF, 0xFF, 0xFF,
    0xFF, 0xFF, 0xFF, 0xFF, 0xFF, 0xFF, 0xFF, 0xFF, 0xFF, 0xFF, 0xFF, 0xFF, 0xFF, 0xFF, 0xFF, 0xFF,
    0xFF, 0xFF, 0xFF, 0xFF, 0xFF, 0xFF, 0xFF, 0xFF, 0xFF, 0xFF, 0xFF, 0xFF, 0xFF, 0xFF, 0xFF, 0xFF,
    0xFF, 0xFF, 0xFF, 0xFF, 0xFF, 0xFF, 0xFF, 0xFF, 0xFF, 0xFF, 0xFF, 0xFF, 0xFF, 0xFF, 0xFF, 0xFF,
    0xFF, 0xFF, 0xFF, 0xFF, 0xFF, 0xFF, 0xFF, 0xFF, 0xFF, 0xFF, 0xFF, 0xFF, 0xFF, 0xFF, 0xFF, 0xFF,
    0xFF, 0xFF, 0xFF, 0xFF, 0xFF, 0xFF, 0xFF, 0xFF, 0xFF, 0xFF, 0xFF, 0xFF, 0xFF, 0xFF, 0xFF, 0xFF,
    0xFF, 0xFF, 0xFF, 0xFF, 0xFF, 0xFF, 0xFF, 0xFF, 0xFF, 0xFF, 0xFF, 0xFF, 0xFF, 0xFF, 0xFF, 0xFF,
    0xFF, 0xFF, 0xFF, 0xFF, 0xFF, 0xFF, 0xFF, 0xFF, 0xFF, 0xFF, 0xFF, 0xFF, 0xFF, 0xFF, 0xFF, 0xFF,
    0xFF, 0xFF, 0xFF, 0xFF, 0xFF, 0xFF, 0xFF, 0xFF, 0xFF, 0xFF, 0xFF, 0xFF, 0xFF, 0xFF, 0xFF, 0xFF,
    0xFF, 0xFF, 0xFF, 0xFF, 0xFF, 0xFF, 0xFF, 0xFF, 0xFF, 0xFF, 0xFF, 0xFF, 0xFF, 0xFF, 0xFF, 0xFF,
    0xFF, 0xFF, 0xFF, 0xFF, 0xFF, 0xFF, 0xFF, 0xFF, 0xFF, 0xFF, 0xFF, 0xFF, 0xFF, 0xFF, 0xFF, 0xFF,
    0xFF, 0xFF, 0xFF, 0xFF, 0xFF, 0xFF, 0xFF, 0xFF, 0xFF, 0xFF, 0xFF, 0xFF, 0xAC, 0x52, 0xA8, 0x29,
    0xFF, 0xFF, 0xFF, 0xFF, 0xFF, 0xFF, 0xFF, 0xFF, 0x3B, 0xEF, 0xF9, 0xEE, 0xF9, 0xE6, 0xFA, 0xE6,
    0xF9, 0xEE, 0xF9, 0xEE, 0xFA, 0xE6, 0xFA, 0xE6, 0xFA, 0xE6, 0xFA, 0xE6, 0xFA, 0xE6, 0xFA, 0xE6,
    0xFA, 0xE6, 0xFA, 0xE6, 0xFA, 0xE6, 0xFA, 0xE6, 0xFA, 0xE6, 0xFA, 0xE6, 0xFA, 0xEE, 0xFA, 0xE6,
    0xFA, 0xE6, 0xFA, 0xE6, 0xFA, 0xE6, 0xF9, 0xE6, 0xF9, 0xE6, 0xF9, 0xE6, 0xF9, 0xE6, 0xF9, 0xE6,
    0xF9, 0xE6, 0xF9, 0xE6, 0xF9, 0xE6, 0xF9, 0xE6, 0xF9, 0xE6, 0xF9, 0xE6, 0xF9, 0xE6, 0xF9, 0xE6,
    0xF9, 0xE6, 0xF9, 0xE6, 0xF9, 0xE6, 0xF9, 0xE6, 0xF9, 0xE6, 0xF9, 0xE6, 0xF9, 0xE6, 0xF9, 0xE6,
    0xF9, 0xE6, 0xF9, 0xE6, 0xF9, 0xE6, 0xF9, 0xE6, 0xF9, 0xE6, 0xF9, 0xE6, 0xF9, 0xE6, 0xF9, 0xE6,
    0xF9, 0xE6, 0xF9, 0xE6, 0xF9, 0xE6, 0xF9, 0xE6, 0xF9, 0xE6, 0xF9, 0xE6, 0xF9, 0xE6, 0xF9, 0xE6,
    0xF9, 0xE6, 0xF9, 0xE6, 0xF9, 0xE6, 0xF9, 0xE6, 0xF9, 0xE6, 0xF9, 0xE6, 0xF9, 0xE6, 0xF9, 0xE6,
    0xF9, 0xE6, 0xF9, 0xE6, 0xF9, 0xE6, 0xF9, 0xE6, 0xF9, 0xE6, 0xF9, 0xE6, 0xF9, 0xE6, 0xF9, 0xE6,
    0xF9, 0xE6, 0xF9, 0xE6, 0xF9, 0xE6, 0xD9, 0xE6, 0xFF, 0xFF, 0xFF, 0xFF, 0xFF, 0xFF, 0xFF, 0xFF,
    0x6E, 0x63, 0xF5, 0x39, 0x7C, 0x3A, 0x7C, 0x42, 0x7C, 0x42, 0x7C, 0x42, 0x7C, 0x42, 0x7C, 0x42,
    0x7C, 0x42, 0x7C, 0x42, 0x7C, 0x42, 0x9C, 0x42, 0x9C, 0x42, 0x9C, 0x42, 0x9C, 0x42, 0x9C, 0x42,
    0x9C, 0x42, 0x9C, 0x42, 0x9C, 0x42, 0x9C, 0x42, 0x9C, 0x42, 0x9C, 0x42, 0x9C, 0x42, 0x9C, 0x42,
    0x9C, 0x42, 0xBC, 0x42, 0xBE, 0xF7, 0xBE, 0xF7, 0xBE, 0xF7, 0xBE, 0xF7, 0x9E, 0xF7, 0x9E, 0xF7,
    0x9E, 0xF7, 0x9E, 0xF7, 0x9E, 0xF7, 0x9E, 0xF7, 0x9E, 0xF7, 0x9E, 0xF7, 0x9E, 0xF7, 0x9E, 0xF7,
    0x9E, 0xF7, 0x9E, 0xF7, 0x9E, 0xF7, 0x9E, 0xF7, 0x9E, 0xF7, 0x9E, 0xF7, 0x9E, 0xF7, 0x9E, 0xF7,
    0x9E, 0xF7, 0x9E, 0xF7, 0x9E, 0xF7, 0x9E, 0xF7, 0x9E, 0xF7, 0x9E, 0xF7, 0x9E, 0xF7, 0x9E, 0xF7,
    0x9E, 0xF7, 0x9E, 0xF7, 0x9E, 0xF7, 0x9E, 0xF7, 0x9E, 0xF7, 0x9E, 0xF7, 0x9E, 0xF7, 0x9E, 0xF7,
    0x9E, 0xF7, 0x9E, 0xF7, 0x9E, 0xF7, 0x9E, 0xF7, 0x9E, 0xF7, 0x9E, 0xF7, 0x9E, 0xF7, 0x9E, 0xF7,
    0x9E, 0xF7, 0x9E, 0xF7, 0x9E, 0xF7, 0x9E, 0xF7, 0x9E, 0xF7, 0x9E, 0xF7, 0x9E, 0xF7, 0x9E, 0xF7,
    0x9E, 0xF7, 0xBE, 0xF7, 0xBE, 0xF7, 0xBE, 0xF7, 0xBE, 0xF7, 0xBE, 0xF7, 0xBE, 0xF7, 0xBE, 0xF7,
    0xBE, 0xF7, 0xBE, 0xF7, 0xBE, 0xF7, 0xBE, 0xF7, 0xBE, 0xF7, 0xBE, 0xF7, 0xBE, 0xF7, 0xBE, 0xF7,
    0xBE, 0xF7, 0xBE, 0xF7, 0xBE, 0xF7, 0xBE, 0xF7, 0xBE, 0xF7, 0xDF, 0xFF, 0xBE, 0xF7, 0xDF, 0xFF,
    0xBE, 0xF7, 0xDF, 0xFF, 0xDF, 0xFF, 0xDF, 0xFF, 0xDF, 0xFF, 0xDF, 0xFF, 0xDF, 0xFF, 0xDF, 0xFF,
    0xDF, 0xFF, 0xDF, 0xFF, 0xDF, 0xFF, 0xDF, 0xFF, 0xDF, 0xFF, 0xDF, 0xFF, 0xFF, 0xFF, 0xFF, 0xFF,
    0xFF, 0xFF, 0xFF, 0xFF, 0xFF, 0xFF, 0xFF, 0xFF, 0xFF, 0xFF, 0xFF, 0xFF, 0xFF, 0xFF, 0xFF, 0xFF,
    0xFF, 0xFF, 0xFF, 0xFF, 0xFF, 0xFF, 0xFF, 0xFF, 0xFF, 0xFF, 0xFF, 0xFF, 0xFF, 0xFF, 0xFF, 0xFF,
    0xFF, 0xFF, 0xFF, 0xFF, 0xFF, 0xFF, 0xFF, 0xFF, 0xFF, 0xFF, 0xFF, 0xFF, 0xFF, 0xFF, 0xFF, 0xFF,
    0xFF, 0xFF, 0xFF, 0xFF, 0xFF, 0xFF, 0xFF, 0xFF, 0xFF, 0xFF, 0xFF, 0xFF, 0xFF, 0xFF, 0xFF, 0xFF,
    0xFF, 0xFF, 0xFF, 0xFF, 0xFF, 0xFF, 0xFF, 0xFF, 0xFF, 0xFF, 0xFF, 0xFF, 0xFF, 0xFF, 0xFF, 0xFF,
    0xFF, 0xFF, 0xFF, 0xFF, 0xFF, 0xFF, 0xFF, 0xFF, 0xFF, 0xFF, 0xFF, 0xFF, 0xFF, 0xFF, 0xFF, 0xFF,
    0xFF, 0xFF, 0xFF, 0xFF, 0xFF, 0xFF, 0xFF, 0xFF, 0xFF, 0xFF, 0xFF, 0xFF, 0xFF, 0xFF, 0xFF, 0xFF,
    0xFF, 0xFF, 0xFF, 0xFF, 0xFF, 0xFF, 0xFF, 0xFF, 0xFF, 0xFF, 0xFF, 0xFF, 0xFF, 0xFF, 0xFF, 0xFF,
    0xFF, 0xFF, 0xFF, 0xFF, 0xFF, 0xFF, 0xFF, 0xFF, 0xFF, 0xFF, 0xFF, 0xFF, 0xFF, 0xFF, 0xFF, 0xFF,
    0xFF, 0xFF, 0xFF, 0xFF, 0xFF, 0xFF, 0xFF, 0xFF, 0xFF, 0xFF, 0xFF, 0xFF, 0xFF, 0xFF, 0xFF, 0xFF,
    0xFF, 0xFF, 0xFF, 0xFF, 0xFF, 0xFF, 0xFF, 0xFF, 0xFF, 0xFF, 0xFF, 0xFF, 0xFF, 0xFF, 0xFF, 0xFF,
    0xFF, 0xFF, 0xFF, 0xFF, 0xFF, 0xFF, 0xFF, 0xFF, 0xFF, 0xFF, 0xFF, 0xFF, 0xFF, 0xFF, 0xFF, 0xFF,
    0xFF, 0xFF, 0xFF, 0xFF, 0xFF, 0xFF, 0xFF, 0xFF, 0xFF, 0xFF, 0xFF, 0xFF, 0xFF, 0xFF, 0xFF, 0xFF,
    0xFF, 0xFF, 0xFF, 0xFF, 0xFF, 0xFF, 0xFF, 0xFF, 0xFF, 0xFF, 0xFF, 0xFF, 0xFF, 0xFF, 0xAC, 0x52,
    0xC8, 0x21, 0xFF, 0xFF, 0xFF, 0xFF, 0xFF, 0xFF, 0xFF, 0xFF, 0x3B, 0xEF, 0xF9, 0xEE, 0xF9, 0xE6,
    0xFA, 0xEE, 0xF9, 0xE6, 0x98, 0xCE, 0x8E, 0x5C, 0x8E, 0x5C, 0xAF, 0x54, 0xAF, 0x54, 0x8F, 0x5C,
    0xAF, 0x54, 0xAF, 0x54, 0xAF, 0x54, 0xAF, 0x54, 0xAF, 0x54, 0xAF, 0x54, 0xAF, 0x54, 0xAF, 0x54,
    0xAF, 0x54, 0xAF, 0x54, 0xAF, 0x54, 0xAF, 0x64, 0x97, 0xCE, 0xF9, 0xEE, 0xFA, 0xEE, 0xF9, 0xE6,
    0xF9, 0xE6, 0xF9, 0xE6, 0xF9, 0xE6, 0xF9, 0xE6, 0xF9, 0xE6, 0xF9, 0xE6, 0xF9, 0xE6, 0xF9, 0xE6,
    0xF9, 0xE6, 0xF9, 0xE6, 0xF9, 0xE6, 0xF9, 0xE6, 0xF9, 0xE6, 0xF9, 0xE6, 0xF9, 0xE6, 0xF9, 0xE6,
    0xF9, 0xE6, 0xF9, 0xE6, 0xF9, 0xE6, 0xF9, 0xE6, 0xF9, 0xE6, 0xF9, 0xE6, 0xF9, 0xE6, 0xF9, 0xE6,
    0xF9, 0xE6, 0xF9, 0xE6, 0xF9, 0xE6, 0xF9, 0xE6, 0xF9, 0xE6, 0xF9, 0xE6, 0xF9, 0xE6, 0xF9, 0xE6,
    0xF9, 0xE6, 0xF9, 0xE6, 0xF9, 0xE6, 0xF9, 0xE6, 0xF9, 0xE6, 0xF9, 0xE6, 0xF9, 0xE6, 0xF9, 0xE6,
    0xF9, 0xE6, 0xF9, 0xE6, 0xF9, 0xE6, 0xF9, 0xE6, 0xF9, 0xE6, 0xF9, 0xE6, 0xF9, 0xE6, 0xF9, 0xE6,
    0xF9, 0xE6, 0xF9, 0xE6, 0xF9, 0xE6, 0xF9, 0xE6, 0xD9, 0xE6, 0xFF, 0xFF, 0xFF, 0xFF, 0xFF, 0xFF,
    0xFF, 0xFF, 0x6E, 0x5B, 0x47, 0x29, 0x59, 0x42, 0x7C, 0x42, 0x7C, 0x42, 0x7C, 0x42, 0x7C, 0x42,
    0x7C, 0x42, 0x7C, 0x42, 0x9C, 0x42, 0x9C, 0x42, 0x9C, 0x42, 0x9C, 0x42, 0x9C, 0x42, 0x9C, 0x42,
    0x9C, 0x42, 0x9C, 0x42, 0x9C, 0x42, 0x9C, 0x42, 0x9C, 0x42, 0x9C, 0x42, 0x9C, 0x42, 0x9C, 0x42,
    0xBC, 0x42, 0xBC, 0x42, 0xBC, 0x42, 0xBE, 0xF7, 0xBE, 0xF7, 0xBE, 0xF7, 0xBE, 0xF7, 0xBE, 0xF7,
    0xBE, 0xF7, 0xBE, 0xF7, 0xBE, 0xF7, 0x9E, 0xF7, 0x9E, 0xF7, 0x9E, 0xF7, 0x9E, 0xF7, 0x9E, 0xF7,
    0x9E, 0xF7, 0x9E, 0xF7, 0x9E, 0xF7, 0x9E, 0xF7, 0x9E, 0xF7, 0x9E, 0xF7, 0x9E, 0xF7, 0x9E, 0xF7,
    0x9E, 0xF7, 0x9E, 0xF7, 0x9E, 0xF7, 0x9E, 0xF7, 0x9E, 0xF7, 0x9E, 0xF7, 0x9E, 0xF7, 0x9E, 0xF7,
    0x9E, 0xF7, 0x9E, 0xF7, 0x9E, 0xF7, 0x9E, 0xF7, 0x9E, 0xF7, 0x9E, 0xF7, 0x9E, 0xF7, 0x9E, 0xF7,
    0x9E, 0xF7, 0x9E, 0xF7, 0x9E, 0xF7, 0x9E, 0xF7, 0x9E, 0xF7, 0x9E, 0xF7, 0x9E, 0xF7, 0x9E, 0xF7,
    0x9E, 0xF7, 0x9E, 0xF7, 0x9E, 0xF7, 0x9E, 0xF7, 0xBE, 0xF7, 0xBE, 0xF7, 0xBE, 0xF7, 0x9E, 0xF7,
    0xBE, 0xF7, 0xBE, 0xF7, 0xBE, 0xF7, 0xBE, 0xF7, 0xBE, 0xF7, 0xBE, 0xF7, 0xBE, 0xF7, 0xBE, 0xF7,
    0xBE, 0xF7, 0xBE, 0xF7, 0xBE, 0xF7, 0xBE, 0xF7, 0xBE, 0xF7, 0xBE, 0xF7, 0xBE, 0xF7, 0xBE, 0xF7,
    0xBE, 0xF7, 0xBE, 0xF7, 0xBE, 0xF7, 0xBE, 0xF7, 0xBE, 0xF7, 0xBE, 0xF7, 0xDF, 0xFF, 0xDF, 0xFF,
    0xDF, 0xFF, 0xDF, 0xFF, 0xDF, 0xFF, 0xDF, 0xFF, 0xDF, 0xFF, 0xDF, 0xFF, 0xDF, 0xFF, 0xDF, 0xFF,
    0xDF, 0xFF, 0xDF, 0xFF, 0xDF, 0xFF, 0xFF, 0xFF, 0xDF, 0xFF, 0xFF, 0xFF, 0xFF, 0xFF, 0xFF, 0xFF,
    0xFF, 0xFF, 0xFF, 0xFF, 0xFF, 0xFF, 0xFF, 0xFF, 0xFF, 0xFF, 0xFF, 0xFF, 0xFF, 0xFF, 0xFF, 0xFF,
    0xFF, 0xFF, 0xFF, 0xFF, 0xFF, 0xFF, 0xFF, 0xFF, 0xFF, 0xFF, 0xFF, 0xFF, 0xFF, 0xFF, 0xFF, 0xFF,
    0xFF, 0xFF, 0xFF, 0xFF, 0xFF, 0xFF, 0xFF, 0xFF, 0xFF, 0xFF, 0xFF, 0xFF, 0xFF, 0xFF, 0xFF, 0xFF,
    0xFF, 0xFF, 0xFF, 0xFF, 0xFF, 0xFF, 0xFF, 0xFF, 0xFF, 0xFF, 0xFF, 0xFF, 0xFF, 0xFF, 0xFF, 0xFF,
    0xFF, 0xFF, 0xFF, 0xFF, 0xFF, 0xFF, 0xFF, 0xFF, 0xFF, 0xFF, 0xFF, 0xFF, 0xFF, 0xFF, 0xFF, 0xFF,
    0xFF, 0xFF, 0xFF, 0xFF, 0xFF, 0xFF, 0xFF, 0xFF, 0xFF, 0xFF, 0xFF, 0xFF, 0xFF, 0xFF, 0xFF, 0xFF,
    0xFF, 0xFF, 0xFF, 0xFF, 0xFF, 0xFF, 0xFF, 0xFF, 0xFF, 0xFF, 0xFF, 0xFF, 0xFF, 0xFF, 0xFF, 0xFF,
    0xFF, 0xFF, 0xFF, 0xFF, 0xFF, 0xFF, 0xFF, 0xFF, 0xFF, 0xFF, 0xFF, 0xFF, 0xFF, 0xFF, 0xFF, 0xFF,
    0xFF, 0xFF, 0xFF, 0xFF, 0xFF, 0xFF, 0xFF, 0xFF, 0xFF, 0xFF, 0xFF, 0xFF, 0xFF, 0xFF, 0xFF, 0xFF,
    0xFF, 0xFF, 0xFF, 0xFF, 0xFF, 0xFF, 0xFF, 0xFF, 0xFF, 0xFF, 0xFF, 0xFF, 0xFF, 0xFF, 0xFF, 0xFF,
    0xFF, 0xFF, 0xFF, 0xFF, 0xFF, 0xFF, 0xFF, 0xFF, 0xFF, 0xFF, 0xFF, 0xFF, 0xFF, 0xFF, 0xFF, 0xFF,
    0xFF, 0xFF, 0xFF, 0xFF, 0xFF, 0xFF, 0xFF, 0xFF, 0xFF, 0xFF, 0xFF, 0xFF, 0xFF, 0xFF, 0xFF, 0xFF,
    0xFF, 0xFF, 0xFF, 0xFF, 0xFF, 0xFF, 0xFF, 0xFF, 0xFF, 0xFF, 0xFF, 0xFF, 0xFF, 0xFF, 0xFF, 0xFF,
    0xFF, 0xFF, 0xFF, 0xFF, 0xFF, 0xFF, 0xFF, 0xFF, 0xFF, 0xFF, 0xFF, 0xFF, 0xFF, 0xFF, 0xFF, 0xFF,
    0xAC, 0x52, 0xC8, 0x29, 0xFF, 0xFF, 0xFF, 0xFF, 0xFF, 0xFF, 0xFF, 0xFF, 0x3B, 0xEF, 0xF9, 0xEE,
    0xF9, 0xE6, 0xF9, 0xEE, 0xFA, 0xE6, 0x16, 0xAE, 0x69, 0x0B, 0x89, 0x0B, 0x8A, 0x0B, 0x8A, 0x0B,
    0x6A, 0x0B, 0x8A, 0x0B, 0x6A, 0x0B, 0x6A, 0x0B, 0x6A, 0x0B, 0x6A, 0x0B, 0x6A, 0x0B, 0x6A, 0x0B,
    0x8A, 0x0B, 0x8A, 0x0B, 0x8A, 0x0B, 0x8A, 0x0B, 0x69, 0x13, 0x16, 0xB6, 0xFA, 0xEE, 0xF9, 0xE6,
    0xF9, 0xE6, 0xF9, 0xE6, 0xF9, 0xE6, 0xF9, 0xE6, 0xF9, 0xE6, 0xF9, 0xE6, 0xF9, 0xE6, 0xF9, 0xE6,
    0xF9, 0xE6, 0xF9, 0xE6, 0xF9, 0xE6, 0xF9, 0xE6, 0xF9, 0xE6, 0xF9, 0xE6, 0xF9, 0xE6, 0xF9, 0xE6,
    0xF9, 0xE6, 0xF9, 0xE6, 0xF9, 0xE6, 0xF9, 0xE6, 0xF9, 0xE6, 0xF9, 0xE6, 0xF9, 0xE6, 0xF9, 0xE6,
    0xF9, 0xE6, 0xF9, 0xE6, 0xF9, 0xE6, 0xF9, 0xE6, 0xF9, 0xE6, 0xF9, 0xE6, 0xF9, 0xE6, 0xF9, 0xE6,
    0xF9, 0xE6, 0xF9, 0xE6, 0xF9, 0xE6, 0xF9, 0xE6, 0xF9, 0xE6, 0xF9, 0xE6, 0xF9, 0xE6, 0xF9, 0xE6,
    0xF9, 0xE6, 0xF9, 0xE6, 0xF9, 0xE6, 0xF9, 0xE6, 0xF9, 0xE6, 0xF9, 0xE6, 0xF9, 0xE6, 0xF9, 0xE6,
    0xF9, 0xE6, 0xF9, 0xE6, 0xF9, 0xE6, 0xF9, 0xE6, 0xF9, 0xE6, 0xD9, 0xE6, 0xFF, 0xFF, 0xFF, 0xFF,
    0xFF, 0xFF, 0xFF, 0xFF, 0x6E, 0x63, 0x47, 0x19, 0x58, 0x42, 0x7C, 0x42, 0x7C, 0x42, 0x7C, 0x42,
    0x7C, 0x42, 0x7C, 0x42, 0x7C, 0x42, 0x9C, 0x42, 0x9C, 0x42, 0x9C, 0x42, 0x9C, 0x42, 0x9C, 0x42,
    0x9C, 0x42, 0x9C, 0x42, 0x9C, 0x42, 0x9C, 0x42, 0x9C, 0x42, 0x9C, 0x42, 0x9C, 0x42, 0x9C, 0x42,
    0x9C, 0x42, 0x9C, 0x42, 0xBC, 0x4A, 0xBC, 0x42, 0xBE, 0xF7, 0xBE, 0xF7, 0xBE, 0xF7, 0xBE, 0xF7,
    0xBE, 0xF7, 0xBE, 0xF7, 0xBE, 0xF7, 0xBE, 0xF7, 0xBE, 0xF7, 0xBE, 0xF7, 0x9E, 0xF7, 0xBE, 0xF7,
    0xBE, 0xF7, 0x9E, 0xF7, 0x9E, 0xF7, 0x9E, 0xF7, 0x9E, 0xF7, 0x9E, 0xF7, 0x9E, 0xF7, 0x9E, 0xF7,
    0x9E, 0xF7, 0x9E, 0xF7, 0x9E, 0xF7, 0x9E, 0xF7, 0x9E, 0xF7, 0x9E, 0xF7, 0x9E, 0xF7, 0x9E, 0xF7,
    0x9E, 0xF7, 0x9E, 0xF7, 0x9E, 0xF7, 0x9E, 0xF7, 0x9E, 0xF7, 0x9E, 0xF7, 0x9E, 0xF7, 0x9E, 0xF7,
    0x9E, 0xF7, 0x9E, 0xF7, 0x9E, 0xF7, 0x9E, 0xF7, 0x9E, 0xF7, 0xBE, 0xF7, 0x9E, 0xF7, 0x9E, 0xF7,
    0x9E, 0xF7, 0x9E, 0xF7, 0x9E, 0xF7, 0xBE, 0xF7, 0x9E, 0xF7, 0xBE, 0xF7, 0xBE, 0xF7, 0xBE, 0xF7,
    0xBE, 0xF7, 0xBE, 0xF7, 0xBE, 0xF7, 0xBE, 0xF7, 0xBE, 0xF7, 0xBE, 0xF7, 0xBE, 0xF7, 0xBE, 0xF7,
    0xBE, 0xF7, 0xBE, 0xF7, 0xBE, 0xF7, 0xBE, 0xF7, 0xBE, 0xF7, 0xBE, 0xF7, 0xBE, 0xF7, 0xBE, 0xF7,
    0xBE, 0xF7, 0xBE, 0xF7, 0xBE, 0xF7, 0xBE, 0xF7, 0xDF, 0xFF, 0xBE, 0xF7, 0xDF, 0xFF, 0xDF, 0xFF,
    0xDF, 0xFF, 0xDF, 0xFF, 0xDF, 0xFF, 0xDF, 0xFF, 0xDF, 0xFF, 0xDF, 0xFF, 0xDF, 0xFF, 0xDF, 0xFF,
    0xDF, 0xFF, 0xDF, 0xFF, 0xDF, 0xFF, 0xDF, 0xFF, 0xFF, 0xFF, 0xFF, 0xFF, 0xFF, 0xFF, 0xFF, 0xFF,
    0xFF, 0xFF, 0xFF, 0xFF, 0xFF, 0xFF, 0xFF, 0xFF, 0xFF, 0xFF, 0xFF, 0xFF, 0xFF, 0xFF, 0xFF, 0xFF,
    0xFF, 0xFF, 0xFF, 0xFF, 0xFF, 0xFF, 0xFF, 0xFF, 0xFF, 0xFF, 0xFF, 0xFF, 0xFF, 0xFF, 0xFF, 0xFF,
    0xFF, 0xFF, 0xFF, 0xFF, 0xFF, 0xFF, 0xFF, 0xFF, 0xFF, 0xFF, 0xFF, 0xFF, 0xFF, 0xFF, 0xFF, 0xFF,
    0xFF, 0xFF, 0xFF, 0xFF, 0xFF, 0xFF, 0xFF, 0xFF, 0xFF, 0xFF, 0xFF, 0xFF, 0xFF, 0xFF, 0xFF, 0xFF,
    0xFF, 0xFF, 0xFF, 0xFF, 0xFF, 0xFF, 0xFF, 0xFF, 0xFF, 0xFF, 0xFF, 0xFF, 0xFF, 0xFF, 0xFF, 0xFF,
    0xFF, 0xFF, 0xFF, 0xFF, 0xFF, 0xFF, 0xFF, 0xFF, 0xFF, 0xFF, 0xFF, 0xFF, 0xFF, 0xFF, 0xFF, 0xFF,
    0xFF, 0xFF, 0xFF, 0xFF, 0xFF, 0xFF, 0xFF, 0xFF, 0xFF, 0xFF, 0xFF, 0xFF, 0xFF, 0xFF, 0xFF, 0xFF,
    0xFF, 0xFF, 0xFF, 0xFF, 0xFF, 0xFF, 0xFF, 0xFF, 0xFF, 0xFF, 0xFF, 0xFF, 0xFF, 0xFF, 0xFF, 0xFF,
    0xFF, 0xFF, 0xFF, 0xFF, 0xFF, 0xFF, 0xFF, 0xFF, 0xFF, 0xFF, 0xFF, 0xFF, 0xFF, 0xFF, 0xFF, 0xFF,
    0xFF, 0xFF, 0xFF, 0xFF, 0xFF, 0xFF, 0xFF, 0xFF, 0xFF, 0xFF, 0xFF, 0xFF, 0xFF, 0xFF, 0xFF, 0xFF,
    0xFF, 0xFF, 0xFF, 0xFF, 0xFF, 0xFF, 0xFF, 0xFF, 0xFF, 0xFF, 0xFF, 0xFF, 0xFF, 0xFF, 0xFF, 0xFF,
    0xFF, 0xFF, 0xFF, 0xFF, 0xFF, 0xFF, 0xFF, 0xFF, 0xFF, 0xFF, 0xFF, 0xFF, 0xFF, 0xFF, 0xFF, 0xFF,
    0xFF, 0xFF, 0xFF, 0xFF, 0xFF, 0xFF, 0xFF, 0xFF, 0xFF, 0xFF, 0xFF, 0xFF, 0xFF, 0xFF, 0xFF, 0xFF,
    0xFF, 0xFF, 0xFF, 0xFF, 0xFF, 0xFF, 0xFF, 0xFF, 0xFF, 0xFF, 0xFF, 0xFF, 0xFF, 0xFF, 0xFF, 0xFF,
    0xFF, 0xFF, 0xAC, 0x52, 0xC8, 0x29, 0xFF, 0xFF, 0xFF, 0xFF, 0xFF, 0xFF, 0xFF, 0xFF, 0x3B, 0xEF,
    0xF9, 0xEE, 0xF9, 0xE6, 0xF9, 0xE6, 0xF9, 0xE6, 0x16, 0xB6, 0x89, 0x0B, 0x6A, 0x0B, 0x69, 0x0B,
    0x8A, 0x13, 0xAA, 0x1B, 0x89, 0x0B, 0x69, 0x0B, 0x69, 0x0B, 0x89, 0x0B, 0x89, 0x0B, 0x69, 0x0B,
    0x89, 0x0B, 0x89, 0x0B, 0x69, 0x13, 0x89, 0x0B, 0x89, 0x0B, 0x69, 0x0B, 0x15, 0xAE, 0xF9, 0xEE,
    0xF9, 0xE6, 0xF9, 0xE6, 0xF9, 0xE6, 0xF9, 0xE6, 0xF9, 0xE6, 0xF9, 0xE6, 0xF9, 0xE6, 0xF9, 0xE6,
    0xF9, 0xE6, 0xF9, 0xE6, 0xF9, 0xE6, 0xF9, 0xE6, 0xF9, 0xE6, 0xF9, 0xE6, 0xF9, 0xE6, 0xF9, 0xE6,
    0xF9, 0xE6, 0xF9, 0xE6, 0xF9, 0xE6, 0xF9, 0xE6, 0xF9, 0xE6, 0xF9, 0xE6, 0xF9, 0xE6, 0xF9, 0xE6,
    0xF9, 0xE6, 0xF9, 0xE6, 0xF9, 0xE6, 0xF9, 0xE6, 0xF9, 0xE6, 0xF9, 0xE6, 0xF9, 0xE6, 0xF9, 0xE6,
    0xF9, 0xE6, 0xF9, 0xE6, 0xF9, 0xE6, 0xF9, 0xE6, 0xF9, 0xE6, 0xF9, 0xE6, 0xF9, 0xE6, 0xF9, 0xE6,
    0xF9, 0xE6, 0xF9, 0xE6, 0xF9, 0xE6, 0xF9, 0xE6, 0xF9, 0xE6, 0xF9, 0xE6, 0xF9, 0xE6, 0xF9, 0xE6,
    0xF9, 0xE6, 0xF9, 0xE6, 0xF9, 0xE6, 0xF9, 0xE6, 0xF9, 0xE6, 0xF9, 0xE6, 0xD9, 0xE6, 0xFF, 0xFF,
    0xFF, 0xFF, 0xFF, 0xFF, 0xFF, 0xFF, 0x6E, 0x63, 0x46, 0x19, 0x58, 0x42, 0x7C, 0x42, 0x7C, 0x42,
    0x7C, 0x42, 0x9C, 0x42, 0x7C, 0x42, 0x9C, 0x42, 0x9C, 0x42, 0x9C, 0x42, 0x9C, 0x42, 0x9C, 0x42,
    0x9C, 0x42, 0x9C, 0x42, 0x9C, 0x42, 0x9C, 0x42, 0x9C, 0x42, 0x9C, 0x42, 0x9C, 0x42, 0x9C, 0x42,
    0xBC, 0x42, 0xBC, 0x4A, 0xBC, 0x42, 0xBC, 0x4A, 0xBC, 0x4A, 0xBE, 0xF7, 0xBE, 0xF7, 0xBE, 0xF7,
    0xBE, 0xF7, 0xBE, 0xF7, 0xBE, 0xF7, 0xBE, 0xF7, 0xBE, 0xF7, 0xBE, 0xF7, 0xBE, 0xF7, 0xBE, 0xF7,
    0xBE, 0xF7, 0xBE, 0xF7, 0xBE, 0xF7, 0xBE, 0xF7, 0x9E, 0xF7, 0x9E, 0xF7, 0x9E, 0xF7, 0x9E, 0xF7,
    0xBE, 0xF7, 0x9E, 0xF7, 0xBE, 0xF7, 0x9E, 0xF7, 0x9E, 0xF7, 0xBE, 0xF7, 0x9E, 0xF7, 0x9E, 0xF7,
    0x9E, 0xF7, 0x9E, 0xF7, 0x9E, 0xF7, 0x9E, 0xF7, 0x9E, 0xF7, 0x9E, 0xF7, 0x9E, 0xF7, 0x9E, 0xF7,
    0x9E, 0xF7, 0x9E, 0xF7, 0xBE, 0xF7, 0xBE, 0xF7, 0x9E, 0xF7, 0xBE, 0xF7, 0xBE, 0xF7, 0xBE, 0xF7,
    0xBE, 0xF7, 0xBE, 0xF7, 0xBE, 0xF7, 0xBE, 0xF7, 0xBE, 0xF7, 0x9E, 0xF7, 0xBE, 0xF7, 0xBE, 0xF7,
    0xBE, 0xF7, 0xBE, 0xF7, 0xBE, 0xF7, 0xBE, 0xF7, 0xBE, 0xF7, 0xBE, 0xF7, 0xBE, 0xF7, 0xBE, 0xF7,
    0xBE, 0xF7, 0xBE, 0xF7, 0xBE, 0xF7, 0xBE, 0xF7, 0xBE, 0xF7, 0xBE, 0xF7, 0xBE, 0xF7, 0xBE, 0xF7,
    0xBE, 0xF7, 0xDF, 0xFF, 0xBE, 0xF7, 0xDF, 0xFF, 0xDF, 0xFF, 0xDF, 0xFF, 0xDF, 0xFF, 0xDF, 0xFF,
    0xDF, 0xFF, 0xDF, 0xFF, 0xDF, 0xFF, 0xDF, 0xFF, 0xDF, 0xFF, 0xDF, 0xFF, 0xDF, 0xFF, 0xDF, 0xFF,
    0xDF, 0xFF, 0xFF, 0xFF, 0xFF, 0xFF, 0xFF, 0xFF, 0xFF, 0xFF, 0xFF, 0xFF, 0xFF, 0xFF, 0xFF, 0xFF,
    0xFF, 0xFF, 0xFF, 0xFF, 0xFF, 0xFF, 0xFF, 0xFF, 0xFF, 0xFF, 0xFF, 0xFF, 0xFF, 0xFF, 0xFF, 0xFF,
    0xFF, 0xFF, 0xFF, 0xFF, 0xFF, 0xFF, 0xFF, 0xFF, 0xFF, 0xFF, 0xFF, 0xFF, 0xFF, 0xFF, 0xFF, 0xFF,
    0xFF, 0xFF, 0xFF, 0xFF, 0xFF, 0xFF, 0xFF, 0xFF, 0xFF, 0xFF, 0xFF, 0xFF, 0xFF, 0xFF, 0xFF, 0xFF,
    0xFF, 0xFF, 0xFF, 0xFF, 0xFF, 0xFF, 0xFF, 0xFF, 0xFF, 0xFF, 0xFF, 0xFF, 0xFF, 0xFF, 0xFF, 0xFF,
    0xFF, 0xFF, 0xFF, 0xFF, 0xFF, 0xFF, 0xFF, 0xFF, 0xFF, 0xFF, 0xFF, 0xFF, 0xFF, 0xFF, 0xFF, 0xFF,
    0xFF, 0xFF, 0xFF, 0xFF, 0xFF, 0xFF, 0xFF, 0xFF, 0xFF, 0xFF, 0xFF, 0xFF, 0xFF, 0xFF, 0xFF, 0xFF,
    0xFF, 0xFF, 0xFF, 0xFF, 0xFF, 0xFF, 0xFF, 0xFF, 0xFF, 0xFF, 0xFF, 0xFF, 0xFF, 0xFF, 0xFF, 0xFF,
    0xFF, 0xFF, 0xFF, 0xFF, 0xFF, 0xFF, 0xFF, 0xFF, 0xFF, 0xFF, 0xFF, 0xFF, 0xFF, 0xFF, 0xFF, 0xFF,
    0xFF, 0xFF, 0xFF, 0xFF, 0xFF, 0xFF, 0xFF, 0xFF, 0xFF, 0xFF, 0xFF, 0xFF, 0xFF, 0xFF, 0xFF, 0xFF,
    0xFF, 0xFF, 0xFF, 0xFF, 0xFF, 0xFF, 0xFF, 0xFF, 0xFF, 0xFF, 0xFF, 0xFF, 0xFF, 0xFF, 0xFF, 0xFF,
    0xFF, 0xFF, 0xFF, 0xFF, 0xFF, 0xFF, 0xFF, 0xFF, 0xFF, 0xFF, 0xFF, 0xFF, 0xFF, 0xFF, 0xFF, 0xFF,
    0xFF, 0xFF, 0xFF, 0xFF, 0xFF, 0xFF, 0xFF, 0xFF, 0xFF, 0xFF, 0xFF, 0xFF, 0xFF, 0xFF, 0xFF, 0xFF,
    0xFF, 0xFF, 0xFF, 0xFF, 0xFF, 0xFF, 0xFF, 0xFF, 0xFF, 0xFF, 0xFF, 0xFF, 0xFF, 0xFF, 0xFF, 0xFF,
    0xFF, 0xFF, 0xFF, 0xFF, 0xFF, 0xFF, 0xFF, 0xFF, 0xFF, 0xFF, 0xFF, 0xFF, 0xFF, 0xFF, 0xFF, 0xFF,
    0xFF, 0xFF, 0xFF, 0xFF, 0xAC, 0x52, 0xC8, 0x21, 0xFF, 0xFF, 0xFF, 0xFF, 0xFF, 0xFF, 0xFF, 0xFF,
    0x3B, 0xEF, 0xF9, 0xEE, 0xF9, 0xE6, 0xF9, 0xEE, 0xF9, 0xE6, 0x15, 0xAE, 0x89, 0x0B, 0x69, 0x0B,
    0x69, 0x13, 0x31, 0x55, 0x11, 0x5D, 0xCB, 0x2B, 0x2D, 0x34, 0x6E, 0x3C, 0x2D, 0x34, 0xAF, 0x44,
    0x4D, 0x3C, 0x6D, 0x3C, 0x6E, 0x44, 0xF0, 0x4C, 0x89, 0x0B, 0x69, 0x0B, 0x49, 0x0B, 0x16, 0xAE,
    0xF9, 0xEE, 0xF9, 0xE6, 0xF9, 0xE6, 0xF9, 0xE6, 0xF9, 0xE6, 0xF9, 0xE6, 0xF9, 0xE6, 0xF9, 0xE6,
    0xF9, 0xE6, 0xF9, 0xE6, 0xF9, 0xE6, 0xF9, 0xE6, 0xF9, 0xE6, 0xF9, 0xE6, 0xF9, 0xE6, 0xF9, 0xE6,
    0xF9, 0xE6, 0xF9, 0xE6, 0xF9, 0xE6, 0xF9, 0xE6, 0xF9, 0xE6, 0xF9, 0xE6, 0xF9, 0xE6, 0xF9, 0xE6,
    0xF9, 0xE6, 0xF9, 0xE6, 0xF9, 0xE6, 0xF9, 0xE6, 0xF9, 0xE6, 0xF9, 0xE6, 0xF9, 0xE6, 0xF9, 0xE6,
    0xF9, 0xE6, 0xF9, 0xE6, 0xF9, 0xE6, 0xF9, 0xE6, 0xF9, 0xE6, 0xF9, 0xE6, 0xF9, 0xE6, 0xF9, 0xE6,
    0xF9, 0xE6, 0xF9, 0xE6, 0xF9, 0xE6, 0xF9, 0xE6, 0xF9, 0xE6, 0xF9, 0xE6, 0xF9, 0xE6, 0xF9, 0xE6,
    0xF9, 0xE6, 0xF9, 0xE6, 0xF9, 0xE6, 0xF9, 0xE6, 0xF9, 0xE6, 0xF9, 0xE6, 0xF9, 0xE6, 0xD9, 0xE6,
    0xFF, 0xFF, 0xFF, 0xFF, 0xFF, 0xFF, 0xFF, 0xFF, 0x6E, 0x63, 0x46, 0x19, 0x58, 0x42, 0x7C, 0x42,
    0x7C, 0x42, 0x9C, 0x42, 0x9C, 0x42, 0x9C, 0x42, 0x9C, 0x42, 0x9C, 0x42, 0x9C, 0x42, 0x9C, 0x42,
    0x9C, 0x42, 0x9C, 0x42, 0x9C, 0x42, 0x9C, 0x42, 0x9C, 0x42, 0x9C, 0x42, 0xBC, 0x42, 0xBC, 0x42,
    0x9C, 0x42, 0xBC, 0x42, 0xBC, 0x4A, 0xBC, 0x4A, 0xBC, 0x4A, 0xBC, 0x4A, 0xBE, 0xF7, 0xBE, 0xF7,
    0xBE, 0xF7, 0xBE, 0xF7, 0xBE, 0xF7, 0xBE, 0xF7, 0xBE, 0xF7, 0xBE, 0xF7, 0xBE, 0xF7, 0xBE, 0xF7,
    0xBE, 0xF7, 0xBE, 0xF7, 0xBE, 0xF7, 0xBE, 0xF7, 0xBE, 0xF7, 0xBE, 0xF7, 0xBE, 0xF7, 0xBE, 0xF7,
    0xBE, 0xF7, 0x9E, 0xF7, 0xBE, 0xF7, 0xBE, 0xF7, 0xBE, 0xF7, 0xBE, 0xF7, 0xBE, 0xF7, 0xBE, 0xF7,
    0x9E, 0xF7, 0xBE, 0xF7, 0x9E, 0xF7, 0x9E, 0xF7, 0x9E, 0xF7, 0xBE, 0xF7, 0xBE, 0xF7, 0xBE, 0xF7,
    0xBE, 0xF7, 0xBE, 0xF7, 0xBE, 0xF7, 0xBE, 0xF7, 0xBE, 0xF7, 0xBE, 0xF7, 0xBE, 0xF7, 0x9E, 0xF7,
    0xBE, 0xF7, 0xBE, 0xF7, 0xBE, 0xF7, 0xBE, 0xF7, 0xBE, 0xF7, 0xBE, 0xF7, 0xBE, 0xF7, 0xBE, 0xF7,
    0xBE, 0xF7, 0xBE, 0xF7, 0xBE, 0xF7, 0xBE, 0xF7, 0xBE, 0xF7, 0xBE, 0xF7, 0xBE, 0xF7, 0xBE, 0xF7,
    0xBE, 0xF7, 0xBE, 0xF7, 0xBE, 0xF7, 0xBE, 0xF7, 0xBE, 0xF7, 0xBE, 0xF7, 0xDF, 0xFF, 0xBE, 0xF7,
    0xBE, 0xF7, 0xDF, 0xFF, 0xDF, 0xFF, 0xDF, 0xFF, 0xDF, 0xFF, 0xDF, 0xFF, 0xDF, 0xFF, 0xDF, 0xFF,
    0xDF, 0xFF, 0xDF, 0xFF, 0xDF, 0xFF, 0xDF, 0xFF, 0xDF, 0xFF, 0xDF, 0xFF, 0xDF, 0xFF, 0xDF, 0xFF,
    0xFF, 0xFF, 0xFF, 0xFF, 0xFF, 0xFF, 0xFF, 0xFF, 0xFF, 0xFF, 0xFF, 0xFF, 0xFF, 0xFF, 0xFF, 0xFF,
    0xFF, 0xFF, 0xFF, 0xFF, 0xFF, 0xFF, 0xFF, 0xFF, 0xFF, 0xFF, 0xFF, 0xFF, 0xFF, 0xFF, 0xFF, 0xFF,
    0xFF, 0xFF, 0xFF, 0xFF, 0xFF, 0xFF, 0xFF, 0xFF, 0xFF, 0xFF, 0xFF, 0xFF, 0xFF, 0xFF, 0xFF, 0xFF,
    0xFF, 0xFF, 0xFF, 0xFF, 0xFF, 0xFF, 0xFF, 0xFF, 0xFF, 0xFF, 0xFF, 0xFF, 0xFF, 0xFF, 0xFF, 0xFF,
    0xFF, 0xFF, 0xFF, 0xFF, 0xFF, 0xFF, 0xFF, 0xFF, 0xFF, 0xFF, 0xFF, 0xFF, 0xFF, 0xFF, 0xFF, 0xFF,
    0xFF, 0xFF, 0xFF, 0xFF, 0xFF, 0xFF, 0xFF, 0xFF, 0xFF, 0xFF, 0xFF, 0xFF, 0xFF, 0xFF, 0xFF, 0xFF,
    0xFF, 0xFF, 0xFF, 0xFF, 0xFF, 0xFF, 0xFF, 0xFF, 0xFF, 0xFF, 0xFF, 0xFF, 0xFF, 0xFF, 0xFF, 0xFF,
    0xFF, 0xFF, 0xFF, 0xFF, 0xFF, 0xFF, 0xFF, 0xFF, 0xFF, 0xFF, 0xFF, 0xFF, 0xFF, 0xFF, 0xFF, 0xFF,
    0xFF, 0xFF, 0xFF, 0xFF, 0xFF, 0xFF, 0xFF, 0xFF, 0xFF, 0xFF, 0xFF, 0xFF, 0xFF, 0xFF, 0xFF, 0xFF,
    0xFF, 0xFF, 0xFF, 0xFF, 0xFF, 0xFF, 0xFF, 0xFF, 0xFF, 0xFF, 0xFF, 0xFF, 0xFF, 0xFF, 0xFF, 0xFF,
    0xFF, 0xFF, 0xFF, 0xFF, 0xFF, 0xFF, 0xFF, 0xFF, 0xFF, 0xFF, 0xFF, 0xFF, 0xFF, 0xFF, 0xFF, 0xFF,
    0xFF, 0xFF, 0xFF, 0xFF, 0xFF, 0xFF, 0xFF, 0xFF, 0xFF, 0xFF, 0xFF, 0xFF, 0xFF, 0xFF, 0xFF, 0xFF,
    0xFF, 0xFF, 0xFF, 0xFF, 0xFF, 0xFF, 0xFF, 0xFF, 0xFF, 0xFF, 0xFF, 0xFF, 0xFF, 0xFF, 0xFF, 0xFF,
    0xFF, 0xFF, 0xFF, 0xFF, 0xFF, 0xFF, 0xFF, 0xFF, 0xFF, 0xFF, 0xFF, 0xFF, 0xFF, 0xFF, 0xFF, 0xFF,
    0xFF, 0xFF, 0xFF, 0xFF, 0xFF, 0xFF, 0xFF, 0xFF, 0xFF, 0xFF, 0xFF, 0xFF, 0xFF, 0xFF, 0xFF, 0xFF,
    0xFF, 0xFF, 0xFF, 0xFF, 0xFF, 0xFF, 0xAC, 0x52, 0xC8, 0x21, 0xFF, 0xFF, 0xFF, 0xFF, 0xFF, 0xFF,
    0xFF, 0xFF, 0x3B, 0xEF, 0xF9, 0xEE, 0xF9, 0xE6, 0xFA, 0xEE, 0xF9, 0xE6, 0x15, 0xB6, 0x89, 0x0B,
    0x69, 0x0B, 0x69, 0x13, 0x11, 0x5D, 0x11, 0x65, 0x11, 0x65, 0xD0, 0x54, 0xAF, 0x54, 0x0D, 0x3C,
    0xAF, 0x54, 0xF1, 0x5C, 0xB4, 0x75, 0xAB, 0x23, 0xAF, 0x44, 0x89, 0x0B, 0x8A, 0x0B, 0x69, 0x13,
    0x36, 0xAE, 0xFA, 0xE6, 0xFA, 0xEE, 0xF9, 0xE6, 0xF9, 0xE6, 0xF9, 0xE6, 0xF9, 0xE6, 0xF9, 0xE6,
    0xF9, 0xE6, 0xF9, 0xE6, 0xF9, 0xE6, 0xF9, 0xE6, 0xF9, 0xE6, 0xF9, 0xE6, 0xF9, 0xE6, 0xF9, 0xE6,
    0xF9, 0xE6, 0xF9, 0xE6, 0xF9, 0xE6, 0xF9, 0xE6, 0xF9, 0xE6, 0xF9, 0xE6, 0xF9, 0xE6, 0xF9, 0xE6,
    0xF9, 0xE6, 0xF9, 0xE6, 0xF9, 0xE6, 0xF9, 0xE6, 0xF9, 0xE6, 0xF9, 0xE6, 0xF9, 0xE6, 0xF9, 0xE6,
    0xF9, 0xE6, 0xF9, 0xE6, 0xF9, 0xE6, 0xF9, 0xE6, 0xF9, 0xE6, 0xF9, 0xE6, 0xF9, 0xE6, 0xF9, 0xE6,
    0xF9, 0xE6, 0xF9, 0xE6, 0xF9, 0xE6, 0xF9, 0xE6, 0xF9, 0xE6, 0xF9, 0xE6, 0xF9, 0xE6, 0xF9, 0xE6,
    0xF9, 0xE6, 0xF9, 0xE6, 0xF9, 0xE6, 0xF9, 0xE6, 0xF9, 0xE6, 0xF9, 0xE6, 0xF9, 0xE6, 0xF9, 0xE6,
    0xD9, 0xE6, 0xFF, 0xFF, 0xFF, 0xFF, 0xFF, 0xFF, 0xFF, 0xFF, 0x6E, 0x63, 0x47, 0x19, 0x58, 0x42,
    0x9C, 0x42, 0x7C, 0x42, 0x9C, 0x42, 0x9C, 0x42, 0x9C, 0x42, 0x9C, 0x42, 0x9C, 0x42, 0x9C, 0x42,
    0x9C, 0x42, 0x9C, 0x42, 0x9C, 0x42, 0x9C, 0x42, 0x9C, 0x42, 0x9C, 0x42, 0x9C, 0x42, 0x9C, 0x42,
    0xBC, 0x42, 0xBC, 0x42, 0xBC, 0x4A, 0xBC, 0x4A, 0xBC, 0x4A, 0xBC, 0x4A, 0xBC, 0x4A, 0xBE, 0xF7,
    0xBE, 0xF7, 0xBE, 0xF7, 0xBE, 0xF7, 0xBE, 0xF7, 0xBE, 0xF7, 0xBE, 0xF7, 0xBE, 0xF7, 0xBE, 0xF7,
    0xBE, 0xF7, 0xBE, 0xF7, 0xBE, 0xF7, 0xBE, 0xF7, 0xBE, 0xF7, 0xBE, 0xF7, 0xBE, 0xF7, 0xBE, 0xF7,
    0xBE, 0xF7, 0xBE, 0xF7, 0xBE, 0xF7, 0xBE, 0xF7, 0xBE, 0xF7, 0xBE, 0xF7, 0xBE, 0xF7, 0xBE, 0xF7,
    0x3E, 0xE7, 0x9E, 0x8C, 0x5E, 0x3A, 0x9E, 0x21, 0xBE, 0x4A, 0x3E, 0xC6, 0xBE, 0xF7, 0x5E, 0xE7,
    0x9E, 0x8C, 0x5E, 0x3A, 0x9E, 0x21, 0xBE, 0x4A, 0xBE, 0x8C, 0xBE, 0xF7, 0xBE, 0xF7, 0x3E, 0xC6,
    0x5E, 0x3A, 0xBE, 0x4A, 0xFE, 0xDE, 0xBE, 0xF7, 0xBE, 0xF7, 0x9E, 0x63, 0xFE, 0x73, 0xBE, 0xF7,
    0x3E, 0xC6, 0x5E, 0x3A, 0x5E, 0x3A, 0x7E, 0x3A, 0x7E, 0x3A, 0x9E, 0xCE, 0x3E, 0xC6, 0x7E, 0x3A,
    0xDE, 0xB5, 0xBE, 0xF7, 0xBE, 0xF7, 0x3E, 0xC6, 0x3E, 0x53, 0x1E, 0x32, 0x9E, 0x21, 0xDE, 0x4A,
    0x1F, 0xDF, 0xDF, 0xFF, 0xDF, 0xFF, 0xDF, 0xFF, 0xFE, 0x73, 0xDE, 0x4A, 0xDF, 0xFF, 0xDF, 0xFF,
    0xFE, 0xB5, 0x7E, 0x3A, 0x7E, 0xAD, 0xDF, 0xFF, 0xDF, 0xFF, 0x3E, 0x5B, 0xFE, 0x73, 0x1F, 0xE7,
    0x7E, 0x3A, 0x3F, 0x9D, 0xFF, 0xFF, 0x3F, 0x9D, 0x7E, 0x3A, 0x7E, 0x3A, 0x7E, 0x3A, 0x7E, 0x3A,
    0xFF, 0xFF, 0x3F, 0x9D, 0x7E, 0x3A, 0xDF, 0xD6, 0xFF, 0xFF, 0xFF, 0xFF, 0xFF, 0xFF, 0xFF, 0xFF,
    0x7E, 0x3A, 0x7E, 0x3A, 0x7E, 0x3A, 0x3E, 0x5B, 0x9F, 0xAD, 0xFF, 0xFF, 0xFF, 0xFF, 0x9F, 0xF7,
    0x7E, 0x84, 0x1E, 0x32, 0x9E, 0x21, 0xDE, 0x4A, 0x9F, 0xAD, 0xFF, 0xFF, 0xFF, 0xFF, 0xFF, 0xBD,
    0x7E, 0x3A, 0x7E, 0x3A, 0xDE, 0x4A, 0x9E, 0x63, 0x3F, 0xE7, 0xFF, 0xFF, 0x3E, 0x5B, 0x7E, 0x3A,
    0x7E, 0x3A, 0x7E, 0x3A, 0x7E, 0x3A, 0x7E, 0x3A, 0x3F, 0xE7, 0xFF, 0xFF, 0x9F, 0xF7, 0x7E, 0x3A,
    0x7E, 0x3A, 0x7F, 0xC6, 0xFF, 0xFF, 0xFF, 0xFF, 0x3F, 0xE7, 0x7E, 0x3A, 0x7E, 0x84, 0xFF, 0xFF,
    0xFF, 0xFF, 0xFF, 0xFF, 0xFF, 0xFF, 0xFF, 0xFF, 0xFF, 0xFF, 0xFF, 0xFF, 0xFF, 0xFF, 0xFF, 0xFF,
    0xFF, 0xFF, 0xFF, 0xFF, 0xFF, 0xFF, 0xFF, 0xFF, 0xFF, 0xFF, 0xFF, 0xFF, 0xFF, 0xFF, 0xFF, 0xFF,
    0xFF, 0xFF, 0xFF, 0xFF, 0xFF, 0xFF, 0xFF, 0xFF, 0xFF, 0xFF, 0xFF, 0xFF, 0xFF, 0xFF, 0xFF, 0xFF,
    0xFF, 0xFF, 0xFF, 0xFF, 0xFF, 0xFF, 0xFF, 0xFF, 0xFF, 0xFF, 0xFF, 0xFF, 0xFF, 0xFF, 0xFF, 0xFF,
    0xFF, 0xFF, 0xFF, 0xFF, 0xFF, 0xFF, 0xFF, 0xFF, 0xFF, 0xFF, 0xFF, 0xFF, 0xFF, 0xFF, 0xFF, 0xFF,
    0xFF, 0xFF, 0xFF, 0xFF, 0xFF, 0xFF, 0xFF, 0xFF, 0xFF, 0xFF, 0xFF, 0xFF, 0xFF, 0xFF, 0xFF, 0xFF,
    0xFF, 0xFF, 0xFF, 0xFF, 0xFF, 0xFF, 0xFF, 0xFF, 0xFF, 0xFF, 0xFF, 0xFF, 0xFF, 0xFF, 0xFF, 0xFF,
    0xFF, 0xFF, 0xFF, 0xFF, 0xFF, 0xFF, 0xFF, 0xFF, 0xFF, 0xFF, 0xFF, 0xFF, 0xFF, 0xFF, 0xFF, 0xFF,
    0xFF, 0xFF, 0xFF, 0xFF, 0xFF, 0xFF, 0xFF, 0xFF, 0xAC, 0x52, 0xC8, 0x21, 0xFF, 0xFF, 0xFF, 0xFF,
    0xFF, 0xFF, 0xFF, 0xFF, 0x3B, 0xEF, 0xF9, 0xEE, 0xF9, 0xE6, 0xF9, 0xE6, 0xF9, 0xE6, 0x16, 0xAE,
    0x89, 0x03, 0x89, 0x0B, 0x89, 0x0B, 0xCB, 0x1B, 0xAA, 0x1B, 0xEB, 0x23, 0x2C, 0x2C, 0x2C, 0x2C,
    0x8A, 0x1B, 0xEB, 0x23, 0x4D, 0x34, 0xEC, 0x2B, 0x8A, 0x13, 0x2C, 0x24, 0x89, 0x0B, 0x89, 0x0B,
    0x69, 0x0B, 0x35, 0xAE, 0xF9, 0xE6, 0xF9, 0xE6, 0xF9, 0xE6, 0xF9, 0xE6, 0xF9, 0xE6, 0xF9, 0xE6,
    0xF9, 0xE6, 0xF9, 0xE6, 0xF9, 0xE6, 0xF9, 0xE6, 0xF9, 0xE6, 0xF9, 0xE6, 0xF9, 0xE6, 0xF9, 0xE6,
    0xF9, 0xE6, 0xF9, 0xE6, 0xF9, 0xE6, 0xF9, 0xE6, 0xF9, 0xE6, 0xF9, 0xE6, 0xF9, 0xE6, 0xF9, 0xE6,
    0xF9, 0xE6, 0xF9, 0xE6, 0xF9, 0xE6, 0xF9, 0xE6, 0xF9, 0xE6, 0xF9, 0xE6, 0xF9, 0xE6, 0xF9, 0xE6,
    0xF9, 0xE6, 0xF9, 0xE6, 0xF9, 0xE6, 0xF9, 0xE6, 0xF9, 0xE6, 0xF9, 0xE6, 0xF9, 0xE6, 0xF9, 0xE6,
    0xF9, 0xE6, 0xF9, 0xE6, 0xF9, 0xE6, 0xF9, 0xE6, 0xF9, 0xE6, 0xF9, 0xE6, 0xF9, 0xE6, 0xF9, 0xE6,
    0xF9, 0xE6, 0xF9, 0xE6, 0xF9, 0xE6, 0xF9, 0xE6, 0xF9, 0xE6, 0xF9, 0xE6, 0xF9, 0xE6, 0xF9, 0xE6,
    0xF9, 0xE6, 0xD9, 0xE6, 0xFF, 0xFF, 0xFF, 0xFF, 0xFF, 0xFF, 0xFF, 0xFF, 0x6E, 0x63, 0x47, 0x19,
    0x58, 0x42, 0x9C, 0x42, 0x9C, 0x42, 0x9C, 0x42, 0x9C, 0x42, 0x9C, 0x42, 0x9C, 0x42, 0x9C, 0x42,
    0x9C, 0x42, 0x9C, 0x42, 0x9C, 0x42, 0x9C, 0x42, 0x9C, 0x42, 0xBC, 0x42, 0xBC, 0x42, 0xBC, 0x42,
    0xBC, 0x42, 0xBC, 0x42, 0xBC, 0x4A, 0xBC, 0x4A, 0xBC, 0x4A, 0xBC, 0x4A, 0xBC, 0x4A, 0xBC, 0x4A,
    0xBE, 0xF7, 0xBE, 0xF7, 0xBE, 0xF7, 0xBE, 0xF7, 0xBE, 0xF7, 0xBE, 0xF7, 0xBE, 0xF7, 0xBE, 0xF7,
    0xBE, 0xF7, 0xBE, 0xF7, 0xBE, 0xF7, 0xBE, 0xF7, 0xBE, 0xF7, 0xBE, 0xF7, 0xBE, 0xF7, 0xBE, 0xF7,
    0xBE, 0xF7, 0xBE, 0xF7, 0xBE, 0xF7, 0xBE, 0xF7, 0xBE, 0xF7, 0xBE, 0xF7, 0xBE, 0xF7, 0xBE, 0xF7,
    0xBE, 0xF7, 0xFE, 0x73, 0x9E, 0x21, 0xFE, 0x73, 0x1E, 0x9D, 0x9E, 0x63, 0x3E, 0xC6, 0xBE, 0xF7,
    0xFE, 0x73, 0x9E, 0x21, 0xFE, 0x73, 0x1E, 0x9D, 0x9E, 0x63, 0x9E, 0x21, 0x1E, 0x9D, 0xBE, 0xF7,
    0x3E, 0xC6, 0x9E, 0x21, 0x9E, 0x21, 0xFE, 0x73, 0xBE, 0xF7, 0xBE, 0xF7, 0x1E, 0x53, 0x3E, 0x53,
    0xBE, 0xF7, 0x3E, 0xC6, 0x9E, 0x21, 0x9E, 0x63, 0xBE, 0x8C, 0xBE, 0x8C, 0xFE, 0xDE, 0x3E, 0xC6,
    0x9E, 0x21, 0x7E, 0xAD, 0xBE, 0xF7, 0xFE, 0xDE, 0x9E, 0x21, 0x1E, 0x32, 0xBE, 0x8C, 0x1E, 0x9D,
    0x9E, 0x63, 0x1F, 0xDF, 0xDF, 0xFF, 0xDF, 0xFF, 0xDF, 0xFF, 0x1E, 0x9D, 0x9E, 0x21, 0xBF, 0xD6,
    0xDF, 0xFF, 0xFE, 0x73, 0x9E, 0x21, 0x9E, 0x63, 0xDF, 0xFF, 0x1F, 0xE7, 0x9E, 0x21, 0x5E, 0x84,
    0x3F, 0xE7, 0x9E, 0x21, 0xDE, 0x8C, 0xFF, 0xFF, 0xDE, 0x8C, 0x9E, 0x21, 0x5E, 0x84, 0xDF, 0x94,
    0xDF, 0x94, 0xFF, 0xFF, 0xDF, 0x94, 0x9E, 0x21, 0x7F, 0xC6, 0xFF, 0xFF, 0xFF, 0xFF, 0xFF, 0xFF,
    0xFF, 0xFF, 0x9E, 0x21, 0x7E, 0x3A, 0xDF, 0x94, 0x7E, 0x3A, 0x9E, 0x21, 0x7F, 0xCE, 0xFF, 0xFF,
    0xDE, 0x4A, 0x9E, 0x21, 0xFE, 0x73, 0x3F, 0x9D, 0xDE, 0x4A, 0x9E, 0x21, 0x3F, 0x9D, 0xFF, 0xFF,
    0x9F, 0xAD, 0x9E, 0x21, 0x9E, 0x63, 0xFE, 0x73, 0x1E, 0x32, 0x7E, 0x3A, 0xFF, 0xFF, 0x3F, 0x9D,
    0xDF, 0x94, 0x7E, 0x3A, 0x9E, 0x21, 0xDF, 0x94, 0xDF, 0x94, 0x9F, 0xF7, 0xFF, 0xFF, 0x9F, 0xAD,
    0x9E, 0x21, 0x1E, 0x32, 0x7E, 0x84, 0xFF, 0xFF, 0xFF, 0xFF, 0x3F, 0xE7, 0x9E, 0x21, 0xFE, 0x73,
    0xFF, 0xFF, 0xFF, 0xFF, 0xFF, 0xFF, 0xFF, 0xFF, 0xFF, 0xFF, 0xFF, 0xFF, 0xFF, 0xFF, 0xFF, 0xFF,
    0xFF, 0xFF, 0xFF, 0xFF, 0xFF, 0xFF, 0xFF, 0xFF, 0xFF, 0xFF, 0xFF, 0xFF, 0xFF, 0xFF, 0xFF, 0xFF,
    0xFF, 0xFF, 0xFF, 0xFF, 0xFF, 0xFF, 0xFF, 0xFF, 0xFF, 0xFF, 0xFF, 0xFF, 0xFF, 0xFF, 0xFF, 0xFF,
    0xFF, 0xFF, 0xFF, 0xFF, 0xFF, 0xFF, 0xFF, 0xFF, 0xFF, 0xFF, 0xFF, 0xFF, 0xFF, 0xFF, 0xFF, 0xFF,
    0xFF, 0xFF, 0xFF, 0xFF, 0xFF, 0xFF, 0xFF, 0xFF, 0xFF, 0xFF, 0xFF, 0xFF, 0xFF, 0xFF, 0xFF, 0xFF,
    0xFF, 0xFF, 0xFF, 0xFF, 0xFF, 0xFF, 0xFF, 0xFF, 0xFF, 0xFF, 0xFF, 0xFF, 0xFF, 0xFF, 0xFF, 0xFF,
    0xFF, 0xFF, 0xFF, 0xFF, 0xFF, 0xFF, 0xFF, 0xFF, 0xFF, 0xFF, 0xFF, 0xFF, 0xFF, 0xFF, 0xFF, 0xFF,
    0xFF, 0xFF, 0xFF, 0xFF, 0xFF, 0xFF, 0xFF, 0xFF, 0xFF, 0xFF, 0xFF, 0xFF, 0xFF, 0xFF, 0xFF, 0xFF,
    0xFF, 0xFF, 0xFF, 0xFF, 0xFF, 0xFF, 0xFF, 0xFF, 0xFF, 0xFF, 0xAB, 0x52, 0xA8, 0x21, 0xFF, 0xFF,
    0xFF, 0xFF, 0xFF, 0xFF, 0xFF, 0xFF, 0x3B, 0xEF, 0xF9, 0xEE, 0xF9, 0xE6, 0xF9, 0xEE, 0xFA, 0xE6,
    0x16, 0xB6, 0x69, 0x13, 0x89, 0x0B, 0x8A, 0x0B, 0x8A, 0x0B, 0x89, 0x0B, 0x89, 0x0B, 0x89, 0x0B,
    0x89, 0x0B, 0x89, 0x0B, 0x8A, 0x0B, 0x89, 0x0B, 0x8A, 0x0B, 0x89, 0x0B, 0x8A, 0x0B, 0x89, 0x0B,
    0x89, 0x0B, 0x69, 0x0B, 0x15, 0xAE, 0xFA, 0xE6, 0xF9, 0xE6, 0xF9, 0xE6, 0xF9, 0xE6, 0xF9, 0xE6,
    0xF9, 0xE6, 0xF9, 0xE6, 0xF9, 0xE6, 0xF9, 0xE6, 0xF9, 0xE6, 0xF9, 0xE6, 0xF9, 0xE6, 0xF9, 0xE6,
    0xF9, 0xE6, 0xF9, 0xE6, 0xF9, 0xE6, 0xF9, 0xE6, 0xF9, 0xE6, 0xF9, 0xE6, 0xF9, 0xE6, 0xF9, 0xE6,
    0xF9, 0xE6, 0xF9, 0xE6, 0xF9, 0xE6, 0xF9, 0xE6, 0xF9, 0xE6, 0xF9, 0xE6, 0xF9, 0xE6, 0xF9, 0xE6,
    0xF9, 0xE6, 0xF9, 0xE6, 0xF9, 0xE6, 0xF9, 0xE6, 0xF9, 0xE6, 0xF9, 0xE6, 0xF9, 0xE6, 0xF9, 0xE6,
    0xF9, 0xE6, 0xF9, 0xE6, 0xF9, 0xE6, 0xF9, 0xE6, 0xF9, 0xE6, 0xF9, 0xE6, 0xF9, 0xE6, 0xF9, 0xE6,
    0xF9, 0xE6, 0xF9, 0xE6, 0xF9, 0xE6, 0xF9, 0xE6, 0xF9, 0xE6, 0xF9, 0xE6, 0xF9, 0xE6, 0xF9, 0xE6,
    0xF9, 0xE6, 0xF9, 0xE6, 0xD9, 0xE6, 0xFF, 0xFF, 0xFF, 0xFF, 0xFF, 0xFF, 0xFF, 0xFF, 0x6E, 0x63,
    0x47, 0x19, 0x78, 0x42, 0x9C, 0x42, 0x9C, 0x42, 0x9C, 0x42, 0x9C, 0x42, 0x9C, 0x42, 0x9C, 0x42,
    0x9C, 0x42, 0x9C, 0x42, 0x9C, 0x42, 0x9C, 0x42, 0xBC, 0x42, 0xBC, 0x42, 0xBC, 0x42, 0x9C, 0x42,
    0xBC, 0x4A, 0xBC, 0x4A, 0xBC, 0x4A, 0xBC, 0x4A, 0xBC, 0x4A, 0xBC, 0x4A, 0xBC, 0x4A, 0xBC, 0x4A,
    0xBC, 0x4A, 0xBE, 0xF7, 0xBE, 0xF7, 0xBE, 0xF7, 0xBE, 0xF7, 0xBE, 0xF7, 0xBE, 0xF7, 0xBE, 0xF7,
    0xBE, 0xF7, 0xBE, 0xF7, 0xBE, 0xF7, 0xBE, 0xF7, 0xBE, 0xF7, 0xBE, 0xF7, 0xBE, 0xF7, 0xBE, 0xF7,
    0xBE, 0xF7, 0xBE, 0xF7, 0xBE, 0xF7, 0xBE, 0xF7, 0xBE, 0xF7, 0xBE, 0xF7, 0xBE, 0xF7, 0xBE, 0xF7,
    0xBE, 0xF7, 0xFE, 0xDE, 0x9E, 0x21, 0xFE, 0x73, 0xBE, 0xF7, 0xBE, 0xF7, 0xBE, 0xF7, 0xBE, 0xF7,
    0xFE, 0xDE, 0x9E, 0x21, 0xFE, 0x73, 0xBE, 0xF7, 0xBE, 0xF7, 0xBE, 0xF7, 0xFE, 0x31, 0xFE, 0x29,
    0xBE, 0xF7, 0x3E, 0xC6, 0x9E, 0x21, 0xFE, 0x73, 0x9E, 0x21, 0x3E, 0xC6, 0xBE, 0xF7, 0x1E, 0x53,
    0x3E, 0x53, 0xBE, 0xF7, 0x3E, 0xC6, 0x9E, 0x21, 0x7E, 0xA5, 0xBE, 0xF7, 0xDF, 0xFF, 0xDF, 0xFF,
    0x3E, 0xC6, 0x9E, 0x21, 0x7E, 0xAD, 0xDF, 0xFF, 0x3E, 0x53, 0x9E, 0x21, 0x1F, 0xDF, 0xDF, 0xFF,
    0xDF, 0xFF, 0xDF, 0xFF, 0xDF, 0xFF, 0xDF, 0xFF, 0xDF, 0xFF, 0xDF, 0xFF, 0xBF, 0xD6, 0x9E, 0x21,
    0x1E, 0x9D, 0xDF, 0xFF, 0xDE, 0x4A, 0xDE, 0x4A, 0xFE, 0x31, 0xFF, 0xFF, 0xFF, 0xB5, 0x9E, 0x21,
    0x5F, 0xC6, 0x1F, 0xE7, 0x9E, 0x21, 0xDE, 0x94, 0xFF, 0xFF, 0xDF, 0x94, 0x9E, 0x21, 0x3F, 0xE7,
    0xFF, 0xFF, 0xFF, 0xFF, 0xFF, 0xFF, 0xDF, 0x94, 0x9E, 0x21, 0x5F, 0xC6, 0xFF, 0xFF, 0xFF, 0xFF,
    0xFF, 0xFF, 0xFF, 0xFF, 0x9E, 0x21, 0x3E, 0x5B, 0xFF, 0xFF, 0xFF, 0xBD, 0x9E, 0x21, 0x3F, 0x9D,
    0x7F, 0xC6, 0x9E, 0x21, 0xFE, 0x73, 0xFF, 0xFF, 0xFF, 0xFF, 0x9F, 0xF7, 0x1E, 0x32, 0x7E, 0x3A,
    0xFF, 0xFF, 0x9F, 0xAD, 0x9E, 0x21, 0x9F, 0xAD, 0xFF, 0xFF, 0xFE, 0x73, 0x9E, 0x21, 0x3F, 0xE7,
    0xFF, 0xFF, 0xFF, 0xFF, 0x3E, 0x5B, 0x9E, 0x21, 0xFF, 0xFF, 0xFF, 0xFF, 0xFF, 0xFF, 0xFF, 0xFF,
    0x3E, 0x5B, 0xDE, 0x4A, 0x7E, 0x84, 0x1E, 0x32, 0x9F, 0xF7, 0xFF, 0xFF, 0x3F, 0xE7, 0x9E, 0x21,
    0xFE, 0x73, 0xFF, 0xFF, 0xFF, 0xFF, 0xFF, 0xFF, 0xFF, 0xFF, 0xFF, 0xFF, 0xFF, 0xFF, 0xFF, 0xFF,
    0xFF, 0xFF, 0xFF, 0xFF, 0xFF, 0xFF, 0xFF, 0xFF, 0xFF, 0xFF, 0xFF, 0xFF, 0xFF, 0xFF, 0xFF, 0xFF,
    0xFF, 0xFF, 0xFF, 0xFF, 0xFF, 0xFF, 0xFF, 0xFF, 0xFF, 0xFF, 0xFF, 0xFF, 0xFF, 0xFF, 0xFF, 0xFF,
    0xFF, 0xFF, 0xFF, 0xFF, 0xFF, 0xFF, 0xFF, 0xFF, 0xFF, 0xFF, 0xFF, 0xFF, 0xFF, 0xFF, 0xFF, 0xFF,
    0xFF, 0xFF, 0xFF, 0xFF, 0xFF, 0xFF, 0xFF, 0xFF, 0xFF, 0xFF, 0xFF, 0xFF, 0xFF, 0xFF, 0xFF, 0xFF,
    0xFF, 0xFF, 0xFF, 0xFF, 0xFF, 0xFF, 0xFF, 0xFF, 0xFF, 0xFF, 0xFF, 0xFF, 0xFF, 0xFF, 0xFF, 0xFF,
    0xFF, 0xFF, 0xFF, 0xFF, 0xFF, 0xFF, 0xFF, 0xFF, 0xFF, 0xFF, 0xFF, 0xFF, 0xFF, 0xFF, 0xFF, 0xFF,
    0xFF, 0xFF, 0xFF, 0xFF, 0xFF, 0xFF, 0xFF, 0xFF, 0xFF, 0xFF, 0xFF, 0xFF, 0xFF, 0xFF, 0xFF, 0xFF,
    0xFF, 0xFF, 0xFF, 0xFF, 0xFF, 0xFF, 0xFF, 0xFF, 0xFF, 0xFF, 0xFF, 0xFF, 0xAC, 0x52, 0xA8, 0x29,
    0xFF, 0xFF, 0xFF, 0xFF, 0xFF, 0xFF, 0xFF, 0xFF, 0x3B, 0xEF, 0xF9, 0xEE, 0xF9, 0xEE, 0xF9, 0xEE,
    0x1A, 0xE7, 0x97, 0xC6, 0xCA, 0x33, 0xCB, 0x2B, 0xCB, 0x2B, 0xCB, 0x2B, 0xCB, 0x2B, 0xCB, 0x2B,
    0xCB, 0x2B, 0xCB, 0x2B, 0xCB, 0x2B, 0xCB, 0x2B, 0xCB, 0x2B, 0xCB, 0x2B, 0xCB, 0x2B, 0xCB, 0x2B,
    0xCB, 0x2B, 0xCB, 0x2B, 0xCB, 0x33, 0x77, 0xBE, 0xF9, 0xE6, 0xF9, 0xEE, 0xF9, 0xE6, 0xF9, 0xE6,
    0xF9, 0xE6, 0xF9, 0xE6, 0xF9, 0xE6, 0xF9, 0xE6, 0xF9, 0xE6, 0xF9, 0xE6, 0xF9, 0xE6, 0xF9, 0xE6,
    0xF9, 0xE6, 0xF9, 0xE6, 0xF9, 0xE6, 0xF9, 0xE6, 0xF9, 0xE6, 0xF9, 0xE6, 0xF9, 0xE6, 0xF9, 0xE6,
    0xF9, 0xE6, 0xF9, 0xE6, 0xF9, 0xE6, 0xF9, 0xE6, 0xF9, 0xE6, 0xF9, 0xE6, 0xF9, 0xE6, 0xF9, 0xE6,
    0xF9, 0xE6, 0xF9, 0xE6, 0xF9, 0xE6, 0xF9, 0xE6, 0xF9, 0xE6, 0xF9, 0xE6, 0xF9, 0xE6, 0xF9, 0xE6,
    0xF9, 0xE6, 0xF9, 0xE6, 0xF9, 0xE6, 0xF9, 0xE6, 0xF9, 0xE6, 0xF9, 0xE6, 0xF9, 0xE6, 0xF9, 0xE6,
    0xF9, 0xE6, 0xF9, 0xE6, 0xF9, 0xE6, 0xF9, 0xE6, 0xF9, 0xE6, 0xF9, 0xE6, 0xF9, 0xE6, 0xF9, 0xE6,
    0xF9, 0xE6, 0xF9, 0xE6, 0xF9, 0xE6, 0xD9, 0xE6, 0xFF, 0xFF, 0xFF, 0xFF, 0xFF, 0xFF, 0xFF, 0xFF,
    0x6E, 0x63, 0x47, 0x19, 0x78, 0x42, 0x9C, 0x42, 0x9C, 0x42, 0x9C, 0x42, 0x9C, 0x42, 0x9C, 0x42,
    0x9C, 0x42, 0x9C, 0x42, 0x9C, 0x42, 0x9C, 0x42, 0x9C, 0x42, 0xBC, 0x42, 0xBC, 0x42, 0xBC, 0x4A,
    0xBC, 0x4A, 0xBC, 0x4A, 0xBC, 0x4A, 0xBC, 0x4A, 0xBC, 0x4A, 0xBC, 0x4A, 0xBC, 0x4A, 0xBC, 0x4A,
    0xBC, 0x4A, 0xBC, 0x4A, 0xDF, 0xFF, 0xBE, 0xF7, 0xBE, 0xF7, 0xBE, 0xF7, 0xBE, 0xF7, 0xBE, 0xF7,
    0xBE, 0xF7, 0xBE, 0xF7, 0xBE, 0xF7, 0xBE, 0xF7, 0xBE, 0xF7, 0xBE, 0xF7, 0xBE, 0xF7, 0xBE, 0xF7,
    0xBE, 0xF7, 0xBE, 0xF7, 0xBE, 0xF7, 0xBE, 0xF7, 0xBE, 0xF7, 0xBE, 0xF7, 0xBE, 0xF7, 0xBE, 0xF7,
    0xBE, 0xF7, 0xBE, 0xF7, 0xDE, 0xB5, 0x9E, 0x21, 0x7E, 0xA5, 0xBE, 0xF7, 0xBE, 0xF7, 0xBE, 0xF7,
    0xBE, 0xF7, 0xDE, 0xB5, 0x9E, 0x21, 0x1E, 0x9D, 0xBE, 0xF7, 0xBE, 0xF7, 0xBE, 0xF7, 0xFE, 0x73,
    0x9E, 0x21, 0xFE, 0xDE, 0x3E, 0xC6, 0x9E, 0x21, 0xDE, 0xB5, 0xFE, 0x31, 0x3E, 0x53, 0xBE, 0xF7,
    0x3E, 0x53, 0x3E, 0x5B, 0xBE, 0xF7, 0x3E, 0xC6, 0x9E, 0x21, 0x9E, 0x63, 0xBE, 0x8C, 0xBE, 0x8C,
    0xDF, 0xFF, 0x3E, 0xC6, 0x9E, 0x21, 0x7E, 0xAD, 0xDF, 0xFF, 0xFE, 0x31, 0x3E, 0x5B, 0xDF, 0xFF,
    0x5F, 0xC6, 0x7E, 0xAD, 0x7E, 0xAD, 0xBF, 0xD6, 0xDF, 0xFF, 0xDF, 0xFF, 0xDF, 0xFF, 0xDF, 0xFF,
    0x1E, 0x32, 0xFE, 0x73, 0x1F, 0xE7, 0x9E, 0x21, 0x3F, 0x9D, 0x9E, 0x21, 0x5F, 0xC6, 0x5E, 0x84,
    0x9E, 0x21, 0xFF, 0xFF, 0x3F, 0xE7, 0x9E, 0x21, 0xDF, 0x94, 0xFF, 0xFF, 0xDF, 0x94, 0x9E, 0x21,
    0x7E, 0x84, 0xDF, 0x94, 0x9F, 0xAD, 0xFF, 0xFF, 0xDF, 0x94, 0x9E, 0x21, 0x5F, 0xC6, 0xFF, 0xFF,
    0xFF, 0xFF, 0xFF, 0xFF, 0xFF, 0xFF, 0x9E, 0x21, 0xDE, 0x4A, 0x3F, 0xE7, 0x7E, 0x84, 0x9E, 0x21,
    0xFF, 0xBD, 0x9F, 0xAD, 0x9E, 0x21, 0x9F, 0xAD, 0xFF, 0xFF, 0xFF, 0xFF, 0xFF, 0xFF, 0x9E, 0x63,
    0x9E, 0x21, 0xFF, 0xFF, 0x9F, 0xAD, 0x9E, 0x21, 0xFE, 0x73, 0x3F, 0x9D, 0x7E, 0x3A, 0x7E, 0x3A,
    0xFF, 0xFF, 0xFF, 0xFF, 0xFF, 0xFF, 0x3E, 0x5B, 0x9E, 0x21, 0xFF, 0xFF, 0xFF, 0xFF, 0xFF, 0xFF,
    0x3F, 0xE7, 0x9E, 0x21, 0x3F, 0x9D, 0x7F, 0xCE, 0x9E, 0x21, 0x7F, 0xCE, 0xFF, 0xFF, 0x3F, 0xE7,
    0x9E, 0x21, 0xFE, 0x73, 0xFF, 0xFF, 0xFF, 0xFF, 0xFF, 0xFF, 0xFF, 0xFF, 0xFF, 0xFF, 0xFF, 0xFF,
    0xFF, 0xFF, 0xFF, 0xFF, 0xFF, 0xFF, 0xFF, 0xFF, 0xFF, 0xFF, 0xFF, 0xFF, 0xFF, 0xFF, 0xFF, 0xFF,
    0xFF, 0xFF, 0xFF, 0xFF, 0xFF, 0xFF, 0xFF, 0xFF, 0xFF, 0xFF, 0xFF, 0xFF, 0xFF, 0xFF, 0xFF, 0xFF,
    0xFF, 0xFF, 0xFF, 0xFF, 0xFF, 0xFF, 0xFF, 0xFF, 0xFF, 0xFF, 0xFF, 0xFF, 0xFF, 0xFF, 0xFF, 0xFF,
    0xFF, 0xFF, 0xFF, 0xFF, 0xFF, 0xFF, 0xFF, 0xFF, 0xFF, 0xFF, 0xFF, 0xFF, 0xFF, 0xFF, 0xFF, 0xFF,
    0xFF, 0xFF, 0xFF, 0xFF, 0xFF, 0xFF, 0xFF, 0xFF, 0xFF, 0xFF, 0xFF, 0xFF, 0xFF, 0xFF, 0xFF, 0xFF,
    0xFF, 0xFF, 0xFF, 0xFF, 0xFF, 0xFF, 0xFF, 0xFF, 0xFF, 0xFF, 0xFF, 0xFF, 0xFF, 0xFF, 0xFF, 0xFF,
    0xFF, 0xFF, 0xFF, 0xFF, 0xFF, 0xFF, 0xFF, 0xFF, 0xFF, 0xFF, 0xFF, 0xFF, 0xFF, 0xFF, 0xFF, 0xFF,
    0xFF, 0xFF, 0xFF, 0xFF, 0xFF, 0xFF, 0xFF, 0xFF, 0xFF, 0xFF, 0xFF, 0xFF, 0xFF, 0xFF, 0xF0, 0x83,
    0xC8, 0x29, 0xFF, 0xFF, 0xFF, 0xFF, 0xFF, 0xFF, 0xFF, 0xFF, 0x3B, 0xEF, 0xF9, 0xEE, 0xF9, 0xE6,
    0xF9, 0xE6, 0xF9, 0xE6, 0xFA, 0xEE, 0xFA, 0xDE, 0xF9, 0xDE, 0xF9, 0xDE, 0xF9, 0xDE, 0xF9, 0xDE,
    0xF9, 0xDE, 0xF9, 0xDE, 0xF9, 0xDE, 0xF9, 0xDE, 0x19, 0xDF, 0xF9, 0xDE, 0xF9, 0xDE, 0xF9, 0xE6,
    0x19, 0xDF, 0xF9, 0xDE, 0xF9, 0xDE, 0x19, 0xDF, 0xF9, 0xE6, 0xF9, 0xE6, 0xF9, 0xEE, 0xF9, 0xE6,
    0xF9, 0xE6, 0xF9, 0xE6, 0xF9, 0xE6, 0xF9, 0xE6, 0xF9, 0xE6, 0xF9, 0xE6, 0xF9, 0xE6, 0xF9, 0xE6,
    0xF9, 0xE6, 0xF9, 0xE6, 0xF9, 0xE6, 0xF9, 0xE6, 0xF9, 0xE6, 0xF9, 0xE6, 0xF9, 0xE6, 0xF9, 0xE6,
    0xF9, 0xE6, 0xF9, 0xE6, 0xF9, 0xE6, 0xF9, 0xE6, 0xF9, 0xE6, 0xF9, 0xE6, 0xF9, 0xE6, 0xF9, 0xE6,
    0xF9, 0xE6, 0xF9, 0xE6, 0xF9, 0xE6, 0xF9, 0xE6, 0xF9, 0xE6, 0xF9, 0xE6, 0xF9, 0xE6, 0xF9, 0xE6,
    0xF9, 0xE6, 0xF9, 0xE6, 0xF9, 0xE6, 0xF9, 0xE6, 0xF9, 0xE6, 0xF9, 0xE6, 0xF9, 0xE6, 0xF9, 0xE6,
    0xF9, 0xE6, 0xF9, 0xE6, 0xF9, 0xE6, 0xF9, 0xE6, 0xF9, 0xE6, 0xF9, 0xE6, 0xF9, 0xE6, 0xF9, 0xE6,
    0xF9, 0xE6, 0xF9, 0xE6, 0xF9, 0xE6, 0xF9, 0xE6, 0xD9, 0xE6, 0xFF, 0xFF, 0xFF, 0xFF, 0xFF, 0xFF,
    0xFF, 0xFF, 0x6E, 0x63, 0x47, 0x19, 0x78, 0x42, 0x9C, 0x42, 0x9C, 0x42, 0x9C, 0x42, 0x9C, 0x42,
    0x9C, 0x42, 0x9C, 0x42, 0x9C, 0x42, 0xBC, 0x42, 0xBC, 0x42, 0xBC, 0x42, 0x9C, 0x42, 0xBC, 0x42,
    0xBC, 0x4A, 0xBC, 0x4A, 0xBC, 0x4A, 0xBC, 0x4A, 0xBC, 0x4A, 0xBC, 0x4A, 0xBC, 0x4A, 0xBC, 0x4A,
    0xBC, 0x4A, 0xBC, 0x4A, 0xBC, 0x4A, 0xDF, 0xFF, 0xBE, 0xF7, 0xDF, 0xFF, 0xBE, 0xF7, 0xDF, 0xFF,
    0xBE, 0xF7, 0xBE, 0xF7, 0xBE, 0xF7, 0xBE, 0xF7, 0xBE, 0xF7, 0xBE, 0xF7, 0xBE, 0xF7, 0xBE, 0xF7,
    0xBE, 0xF7, 0xBE, 0xF7, 0xBE, 0xF7, 0xBE, 0xF7, 0xBE, 0xF7, 0xBE, 0xF7, 0xBE, 0xF7, 0xBE, 0xF7,
    0xBE, 0xF7, 0xBE, 0xF7, 0xBE, 0xF7, 0x7E, 0xA5, 0x9E, 0x21, 0x7E, 0xA5, 0xBE, 0xF7, 0xBE, 0xF7,
    0xBE, 0xF7, 0xBE, 0xF7, 0x7E, 0xA5, 0x9E, 0x21, 0x7E, 0xA5, 0xBE, 0xF7, 0xBE, 0xF7, 0xBE, 0xF7,
    0xFE, 0x73, 0x9E, 0x21, 0xFE, 0xDE, 0x3E, 0xC6, 0x9E, 0x21, 0x3E, 0xC6, 0x1E, 0x9D, 0x9E, 0x21,
    0x1E, 0x9D, 0x3E, 0x53, 0x3E, 0x5B, 0xDF, 0xFF, 0x3E, 0xC6, 0x9E, 0x21, 0x1E, 0x32, 0x7E, 0x3A,
    0x7E, 0x3A, 0xDF, 0xFF, 0x3E, 0xC6, 0x9E, 0x21, 0x7E, 0xAD, 0xDF, 0xFF, 0xFE, 0x31, 0xDE, 0x4A,
    0xDF, 0xFF, 0xFE, 0x73, 0x9E, 0x21, 0x9E, 0x21, 0xBE, 0x8C, 0xDF, 0xFF, 0xDF, 0xFF, 0xDF, 0xFF,
    0xDF, 0xFF, 0xFE, 0x73, 0x7E, 0x3A, 0x9F, 0xAD, 0x9E, 0x21, 0x7F, 0xEF, 0x1E, 0x32, 0x3F, 0x9D,
    0x3E, 0x5B, 0x3E, 0x5B, 0xFF, 0xFF, 0x3F, 0xE7, 0x9E, 0x21, 0xDF, 0x94, 0xFF, 0xFF, 0xDF, 0x94,
    0x9E, 0x21, 0x7E, 0x3A, 0x7E, 0x3A, 0x9E, 0x63, 0xFF, 0xFF, 0xDF, 0x94, 0x9E, 0x21, 0x5F, 0xC6,
    0xFF, 0xFF, 0xFF, 0xFF, 0xFF, 0xFF, 0xFF, 0xFF, 0x9E, 0x21, 0x9E, 0x21, 0x9E, 0x21, 0x9E, 0x21,
    0xFE, 0x73, 0xFF, 0xFF, 0x9F, 0xAD, 0x9E, 0x21, 0x9F, 0xAD, 0xFF, 0xFF, 0xFF, 0xFF, 0xFF, 0xFF,
    0x3E, 0x5B, 0x9E, 0x21, 0xFF, 0xFF, 0x9F, 0xAD, 0x9E, 0x21, 0x9E, 0x21, 0x9E, 0x21, 0x7E, 0x3A,
    0x3F, 0xE7, 0xFF, 0xFF, 0xFF, 0xFF, 0xFF, 0xFF, 0x3E, 0x5B, 0x9E, 0x21, 0xFF, 0xFF, 0xFF, 0xFF,
    0xFF, 0xFF, 0x9F, 0xAD, 0x9E, 0x21, 0x9F, 0xAD, 0x7F, 0xCE, 0x9E, 0x21, 0x3E, 0x5B, 0xFF, 0xFF,
    0x3F, 0xE7, 0x9E, 0x21, 0xFE, 0x73, 0xFF, 0xFF, 0xFF, 0xFF, 0xFF, 0xFF, 0xFF, 0xFF, 0xFF, 0xFF,
    0xFF, 0xFF, 0xFF, 0xFF, 0xFF, 0xFF, 0xFF, 0xFF, 0xFF, 0xFF, 0xFF, 0xFF, 0xFF, 0xFF, 0xFF, 0xFF,
    0xFF, 0xFF, 0xFF, 0xFF, 0xFF, 0xFF, 0xFF, 0xFF, 0xFF, 0xFF, 0xFF, 0xFF, 0xFF, 0xFF, 0xFF, 0xFF,
    0xFF, 0xFF, 0xFF, 0xFF, 0xFF, 0xFF, 0xFF, 0xFF, 0xFF, 0xFF, 0xFF, 0xFF, 0xFF, 0xFF, 0xFF, 0xFF,
    0xFF, 0xFF, 0xFF, 0xFF, 0xFF, 0xFF, 0xFF, 0xFF, 0xFF, 0xFF, 0xFF, 0xFF, 0xFF, 0xFF, 0xFF, 0xFF,
    0xFF, 0xFF, 0xFF, 0xFF, 0xFF, 0xFF, 0xFF, 0xFF, 0xFF, 0xFF, 0xFF, 0xFF, 0xFF, 0xFF, 0xFF, 0xFF,
    0xFF, 0xFF, 0xFF, 0xFF, 0xFF, 0xFF, 0xFF, 0xFF, 0xFF, 0xFF, 0xFF, 0xFF, 0xFF, 0xFF, 0xFF, 0xFF,
    0xFF, 0xFF, 0xFF, 0xFF, 0xFF, 0xFF, 0xFF, 0xFF, 0xFF, 0xFF, 0xFF, 0xFF, 0xFF, 0xFF, 0xFF, 0xFF,
    0xFF, 0xFF, 0xFF, 0xFF, 0xFF, 0xFF, 0xFF, 0xFF, 0xFF, 0xFF, 0xFF, 0xFF, 0xFF, 0xFF, 0xFF, 0xFF,
    0xBE, 0xFF, 0x4A, 0x42, 0xFF, 0xFF, 0xFF, 0xFF, 0xFF, 0xFF, 0xFF, 0xFF, 0x3B, 0xEF, 0xF9, 0xEE,
    0xF9, 0xE6, 0xF9, 0xE6, 0xF9, 0xE6, 0xF9, 0xE6, 0xF9, 0xE6, 0xF9, 0xE6, 0xF9, 0xE6, 0xF9, 0xE6,
    0xF9, 0xE6, 0xF9, 0xE6, 0xF9, 0xE6, 0xF9, 0xE6, 0xF9, 0xE6, 0xF9, 0xE6, 0xF9, 0xE6, 0xF9, 0xE6,
    0xF9, 0xE6, 0xF9, 0xE6, 0xF9, 0xE6, 0xF9, 0xE6, 0xF9, 0xE6, 0xF9, 0xE6, 0xF9, 0xE6, 0xF9, 0xE6,
    0xF9, 0xE6, 0xF9, 0xE6, 0xF9, 0xE6, 0xF9, 0xE6, 0xF9, 0xE6, 0xF9, 0xE6, 0xF9, 0xE6, 0xF9, 0xE6,
    0xF9, 0xE6, 0xF9, 0xE6, 0xF9, 0xE6, 0xF9, 0xE6, 0xF9, 0xE6, 0xF9, 0xE6, 0xF9, 0xE6, 0xF9, 0xE6,
    0xF9, 0xE6, 0xF9, 0xE6, 0xF9, 0xE6, 0xF9, 0xE6, 0xF9, 0xE6, 0xF9, 0xE6, 0xF9, 0xE6, 0xF9, 0xE6,
    0xF9, 0xE6, 0xF9, 0xE6, 0xF9, 0xE6, 0xF9, 0xE6, 0xF9, 0xE6, 0xF9, 0xE6, 0xF9, 0xE6, 0xF9, 0xE6,
    0xF9, 0xE6, 0xF9, 0xE6, 0xF9, 0xE6, 0xF9, 0xE6, 0xF9, 0xE6, 0xF9, 0xE6, 0xF9, 0xE6, 0xF9, 0xE6,
    0xF9, 0xE6, 0xF9, 0xE6, 0xF9, 0xE6, 0xF9, 0xE6, 0xF9, 0xE6, 0xF9, 0xE6, 0xF9, 0xE6, 0xF9, 0xE6,
    0xF9, 0xE6, 0xF9, 0xE6, 0xF9, 0xE6, 0xF9, 0xE6, 0xF9, 0xE6, 0xD9, 0xE6, 0xFF, 0xFF, 0xFF, 0xFF,
    0xFF, 0xFF, 0xFF, 0xFF, 0x6E, 0x63, 0x47, 0x19, 0x78, 0x42, 0x9C, 0x42, 0x9C, 0x42, 0x9C, 0x42,
    0x9C, 0x42, 0x9C, 0x42, 0x9C, 0x42, 0x9C, 0x42, 0xBC, 0x42, 0xBC, 0x42, 0xBC, 0x42, 0xBC, 0x4A,
    0xBC, 0x4A, 0xBC, 0x4A, 0xBC, 0x4A, 0xBC, 0x4A, 0xBC, 0x4A, 0xBC, 0x4A, 0xBC, 0x4A, 0xBC, 0x4A,
    0xBC, 0x4A, 0xBC, 0x4A, 0xDC, 0x4A, 0xDC, 0x4A, 0xDF, 0xFF, 0xDF, 0xFF, 0xDF, 0xFF, 0xDF, 0xFF,
    0xBE, 0xF7, 0xDF, 0xFF, 0xDF, 0xFF, 0xBE, 0xF7, 0xBE, 0xF7, 0xBE, 0xF7, 0xBE, 0xF7, 0xBE, 0xF7,
    0xBE, 0xF7, 0xBE, 0xF7, 0xBE, 0xF7, 0xBE, 0xF7, 0xBE, 0xF7, 0xBE, 0xF7, 0xBE, 0xF7, 0xBE, 0xF7,
    0xBE, 0xF7, 0xBE, 0xF7, 0xBE, 0xF7, 0xBE, 0xF7, 0x9E, 0xCE, 0x9E, 0x21, 0x5E, 0x7C, 0xBE, 0xF7,
    0xBE, 0xF7, 0xBE, 0xF7, 0xBE, 0xF7, 0x9E, 0xCE, 0x9E, 0x21, 0xFE, 0x73, 0xBE, 0xF7, 0xBE, 0xF7,
    0xBE, 0xF7, 0x7E, 0x3A, 0xFE, 0x29, 0xBE, 0xF7, 0x3E, 0xC6, 0x9E, 0x21, 0x3E, 0xC6, 0xDF, 0xFF,
    0xDE, 0x4A, 0xFE, 0x29, 0xDE, 0x4A, 0x3E, 0x5B, 0xDF, 0xFF, 0x3E, 0xC6, 0x9E, 0x21, 0x7E, 0xAD,
    0xDF, 0xFF, 0xDF, 0xFF, 0xDF, 0xFF, 0x5E, 0xC6, 0x9E, 0x21, 0x7E, 0xAD, 0xDF, 0xFF, 0x3E, 0x5B,
    0xFE, 0x29, 0x7F, 0xEF, 0xDF, 0xFF, 0x1F, 0xE7, 0x9E, 0x21, 0xBE, 0x8C, 0xDF, 0xFF, 0xDF, 0xFF,
    0xFF, 0xFF, 0xFF, 0xFF, 0x3F, 0x9D, 0x9E, 0x21, 0xFE, 0x73, 0x3E, 0x5B, 0xFF, 0xFF, 0x9E, 0x63,
    0xFE, 0x73, 0x9E, 0x21, 0xDE, 0x94, 0xFF, 0xFF, 0x3F, 0xE7, 0x9E, 0x21, 0xDF, 0x94, 0xFF, 0xFF,
    0xDF, 0x94, 0x9E, 0x21, 0x3F, 0xE7, 0xFF, 0xFF, 0xFF, 0xFF, 0xFF, 0xFF, 0xDF, 0x94, 0x9E, 0x21,
    0x7F, 0xC6, 0xFF, 0xFF, 0xFF, 0xFF, 0xFF, 0xFF, 0xFF, 0xFF, 0x9E, 0x21, 0xDE, 0x4A, 0xDF, 0xD6,
    0x9F, 0xF7, 0xFF, 0xFF, 0xFF, 0xFF, 0x7F, 0xCE, 0x9E, 0x21, 0x7E, 0x84, 0xFF, 0xFF, 0xFF, 0xFF,
    0xFF, 0xFF, 0x7E, 0x3A, 0x7E, 0x3A, 0xFF, 0xFF, 0x9F, 0xAD, 0x9E, 0x21, 0x9F, 0xAD, 0x3F, 0x9D,
    0x9E, 0x21, 0x7F, 0xC6, 0xFF, 0xFF, 0xFF, 0xFF, 0xFF, 0xFF, 0x3E, 0x5B, 0x9E, 0x21, 0xFF, 0xFF,
    0xFF, 0xFF, 0xFF, 0xFF, 0x3E, 0x5B, 0x9E, 0x21, 0x9E, 0x21, 0x9E, 0x21, 0x9E, 0x21, 0x1E, 0x32,
    0x9F, 0xF7, 0x3F, 0xE7, 0x9E, 0x21, 0xFE, 0x73, 0xFF, 0xFF, 0xFF, 0xFF, 0xFF, 0xFF, 0xFF, 0xFF,
    0xFF, 0xFF, 0xFF, 0xFF, 0xFF, 0xFF, 0xFF, 0xFF, 0xFF, 0xFF, 0xFF, 0xFF, 0xFF, 0xFF, 0xFF, 0xFF,
    0xFF, 0xFF, 0xFF, 0xFF, 0xFF, 0xFF, 0xFF, 0xFF, 0xFF, 0xFF, 0xFF, 0xFF, 0xFF, 0xFF, 0xFF, 0xFF,
    0xFF, 0xFF, 0xFF, 0xFF, 0xFF, 0xFF, 0xFF, 0xFF, 0xFF, 0xFF, 0xFF, 0xFF, 0xFF, 0xFF, 0xFF, 0xFF,
    0xFF, 0xFF, 0xFF, 0xFF, 0xFF, 0xFF, 0xFF, 0xFF, 0xFF, 0xFF, 0xFF, 0xFF, 0xFF, 0xFF, 0xFF, 0xFF,
    0xFF, 0xFF, 0xFF, 0xFF, 0xFF, 0xFF, 0xFF, 0xFF, 0xFF, 0xFF, 0xFF, 0xFF, 0xFF, 0xFF, 0xFF, 0xFF,
    0xFF, 0xFF, 0xFF, 0xFF, 0xFF, 0xFF, 0xFF, 0xFF, 0xFF, 0xFF, 0xFF, 0xFF, 0xFF, 0xFF, 0xFF, 0xFF,
    0xFF, 0xFF, 0xFF, 0xFF, 0xFF, 0xFF, 0xFF, 0xFF, 0xFF, 0xFF, 0xFF, 0xFF, 0xFF, 0xFF, 0xFF, 0xFF,
    0xFF, 0xFF, 0xFF, 0xFF, 0xFF, 0xFF, 0xFF, 0xFF, 0xFF, 0xFF, 0xFF, 0xFF, 0xFF, 0xFF, 0xFF, 0xFF,
    0xFF, 0xFF, 0xBE, 0xFF, 0x4A, 0x42, 0xFF, 0xFF, 0xFF, 0xFF, 0xFF, 0xFF, 0xFF, 0xFF, 0x3B, 0xEF,
    0xF9, 0xEE, 0xF9, 0xE6, 0xF9, 0xE6, 0xF9, 0xE6, 0xF9, 0xE6, 0xF9, 0xE6, 0xF9, 0xE6, 0xF9, 0xE6,
    0xF9, 0xE6, 0xF9, 0xE6, 0xF9, 0xE6, 0xF9, 0xE6, 0xF9, 0xE6, 0xF9, 0xE6, 0xF9, 0xE6, 0xF9, 0xE6,
    0xF9, 0xE6, 0xF9, 0xE6, 0xF9, 0xE6, 0xF9, 0xE6, 0xF9, 0xE6, 0xF9, 0xE6, 0xF9, 0xE6, 0xF9, 0xE6,
    0xF9, 0xE6, 0xF9, 0xE6, 0xF9, 0xE6, 0xF9, 0xE6, 0xF9, 0xE6, 0xF9, 0xE6, 0xF9, 0xE6, 0xF9, 0xE6,
    0xF9, 0xE6, 0xF9, 0xE6, 0xF9, 0xE6, 0xF9, 0xE6, 0xF9, 0xE6, 0xF9, 0xE6, 0xF9, 0xE6, 0xF9, 0xE6,
    0xF9, 0xE6, 0xF9, 0xE6, 0xF9, 0xE6, 0xF9, 0xE6, 0xF9, 0xE6, 0xF9, 0xE6, 0xF9, 0xE6, 0xF9, 0xE6,
    0xF9, 0xE6, 0xF9, 0xE6, 0xF9, 0xE6, 0xF9, 0xE6, 0xF9, 0xE6, 0xF9, 0xE6, 0xF9, 0xE6, 0xF9, 0xE6,
    0xF9, 0xE6, 0xF9, 0xE6, 0xF9, 0xE6, 0xF9, 0xE6, 0xF9, 0xE6, 0xF9, 0xE6, 0xF9, 0xE6, 0xF9, 0xE6,
    0xF9, 0xE6, 0xF9, 0xE6, 0xF9, 0xE6, 0xF9, 0xE6, 0xF9, 0xE6, 0xF9, 0xE6, 0xF9, 0xE6, 0xF9, 0xE6,
    0xF9, 0xE6, 0xF9, 0xE6, 0xF9, 0xE6, 0xF9, 0xE6, 0xF9, 0xE6, 0xF9, 0xE6, 0xD9, 0xE6, 0xFF, 0xFF,
    0xFF, 0xFF, 0xFF, 0xFF, 0xFF, 0xFF, 0x6E, 0x63, 0x47, 0x19, 0x78, 0x42, 0x9C, 0x42, 0x9C, 0x42,
    0x9C, 0x42, 0x9C, 0x42, 0x9C, 0x42, 0xBC, 0x42, 0x9C, 0x42, 0x9C, 0x42, 0xBC, 0x4A, 0xBC, 0x4A,
    0xBC, 0x4A, 0xBC, 0x4A, 0xBC, 0x4A, 0xBC, 0x4A, 0xBC, 0x4A, 0xBC, 0x4A, 0xBC, 0x4A, 0xBC, 0x4A,
    0xBC, 0x4A, 0xDC, 0x4A, 0xDC, 0x4A, 0xDC, 0x4A, 0xDC, 0x4A, 0xDF, 0xFF, 0xDF, 0xFF, 0xDF, 0xFF,
    0xDF, 0xFF, 0xDF, 0xFF, 0xDF, 0xFF, 0xDF, 0xFF, 0xDF, 0xFF, 0xDF, 0xFF, 0xDF, 0xFF, 0xDF, 0xFF,
    0xBE, 0xF7, 0xBE, 0xF7, 0xBE, 0xF7, 0xDF, 0xFF, 0xDF, 0xFF, 0xDF, 0xFF, 0xBE, 0xF7, 0xDF, 0xFF,
    0xBE, 0xF7, 0xDF, 0xFF, 0xDF, 0xFF, 0xBE, 0xF7, 0xDF, 0xFF, 0xBE, 0xF7, 0x3E, 0x5B, 0x9E, 0x21,
    0x1E, 0x9D, 0xDE, 0xB5, 0x1E, 0x9D, 0x3E, 0xC6, 0xDF, 0xFF, 0x3E, 0x53, 0x9E, 0x21, 0x5E, 0x7C,
    0xDE, 0xB5, 0x5E, 0x7C, 0x9E, 0x21, 0x5E, 0x7C, 0xDF, 0xFF, 0x3E, 0xC6, 0x9E, 0x21, 0x3E, 0xC6,
    0xDF, 0xFF, 0x3E, 0xC6, 0x9E, 0x21, 0x9E, 0x21, 0x3E, 0x5B, 0xDF, 0xFF, 0x3E, 0xC6, 0x9E, 0x21,
    0x7E, 0xAD, 0xDF, 0xFF, 0xDF, 0xFF, 0xDF, 0xFF, 0x5E, 0xC6, 0x9E, 0x21, 0x9E, 0xAD, 0xDF, 0xFF,
    0x1E, 0x9D, 0x9E, 0x21, 0x9E, 0x63, 0x5F, 0xC6, 0x1E, 0x9D, 0x9E, 0x21, 0xDE, 0x8C, 0xFF, 0xFF,
    0xFF, 0xFF, 0xFF, 0xFF, 0xFF, 0xFF, 0x3F, 0xE7, 0x9E, 0x21, 0x1E, 0x32, 0xDE, 0x94, 0xFF, 0xFF,
    0x3F, 0x9D, 0x9E, 0x21, 0x9E, 0x21, 0x7F, 0xC6, 0xFF, 0xFF, 0x3F, 0xE7, 0x9E, 0x21, 0xDF, 0x94,
    0xFF, 0xFF, 0xDF, 0x94, 0x9E, 0x21, 0x3F, 0xE7, 0xFF, 0xFF, 0xFF, 0xFF, 0xFF, 0xFF, 0xDF, 0x94,
    0x9E, 0x21, 0x7F, 0xCE, 0xFF, 0xFF, 0xFF, 0xFF, 0xFF, 0xFF, 0xFF, 0xFF, 0x9E, 0x21, 0x3E, 0x5B,
    0xFF, 0xFF, 0xFF, 0xFF, 0xFF, 0xFF, 0xFF, 0xFF, 0xFF, 0xFF, 0x7E, 0x3A, 0x9E, 0x21, 0xDF, 0x94,
    0xFF, 0xBD, 0x1E, 0x74, 0x9E, 0x21, 0xDF, 0x94, 0xFF, 0xFF, 0x9F, 0xAD, 0x9E, 0x21, 0x9F, 0xAD,
    0xFF, 0xFF, 0x3E, 0x5B, 0x7E, 0x3A, 0x9F, 0xF7, 0xFF, 0xFF, 0xFF, 0xFF, 0x3E, 0x5B, 0x9E, 0x21,
    0xFF, 0xFF, 0xFF, 0xFF, 0x3F, 0xE7, 0x9E, 0x21, 0xFE, 0x73, 0x3F, 0xE7, 0x3F, 0xE7, 0x9F, 0xAD,
    0x9E, 0x21, 0x3F, 0x9D, 0x3F, 0xE7, 0x9E, 0x21, 0x3E, 0x5B, 0x9F, 0xAD, 0x9F, 0xAD, 0x7F, 0xCE,
    0xFF, 0xFF, 0xFF, 0xFF, 0xFF, 0xFF, 0xFF, 0xFF, 0xFF, 0xFF, 0xFF, 0xFF, 0xFF, 0xFF, 0xFF, 0xFF,
    0xFF, 0xFF, 0xFF, 0xFF, 0xFF, 0xFF, 0xFF, 0xFF, 0xFF, 0xFF, 0xFF, 0xFF, 0xFF, 0xFF, 0xFF, 0xFF,
    0xFF, 0xFF, 0xFF, 0xFF, 0xFF, 0xFF, 0xFF, 0xFF, 0xFF, 0xFF, 0xFF, 0xFF, 0xFF, 0xFF, 0xFF, 0xFF,
    0xFF, 0xFF, 0xFF, 0xFF, 0xFF, 0xFF, 0xFF, 0xFF, 0xFF, 0xFF, 0xFF, 0xFF, 0xFF, 0xFF, 0xFF, 0xFF,
    0xFF, 0xFF, 0xFF, 0xFF, 0xFF, 0xFF, 0xFF, 0xFF, 0xFF, 0xFF, 0xFF, 0xFF, 0xFF, 0xFF, 0xFF, 0xFF,
    0xFF, 0xFF, 0xFF, 0xFF, 0xFF, 0xFF, 0xFF, 0xFF, 0xFF, 0xFF, 0xFF, 0xFF, 0xFF, 0xFF, 0xFF, 0xFF,
    0xFF, 0xFF, 0xFF, 0xFF, 0xFF, 0xFF, 0xFF, 0xFF, 0xFF, 0xFF, 0xFF, 0xFF, 0xFF, 0xFF, 0xFF, 0xFF,
    0xFF, 0xFF, 0xFF, 0xFF, 0xFF, 0xFF, 0xFF, 0xFF, 0xFF, 0xFF, 0xFF, 0xFF, 0xFF, 0xFF, 0xFF, 0xFF,
    0xFF, 0xFF, 0xFF, 0xFF, 0xBE, 0xFF, 0x4A, 0x4A, 0xFF, 0xFF, 0xFF, 0xFF, 0xFF, 0xFF, 0xFF, 0xFF,
    0x3B, 0xEF, 0xF9, 0xEE, 0xF9, 0xE6, 0xF9, 0xE6, 0xF9, 0xE6, 0xF9, 0xE6, 0xF9, 0xE6, 0xF9, 0xE6,
    0xF9, 0xE6, 0xF9, 0xE6, 0xF9, 0xE6, 0xF9, 0xE6, 0xF9, 0xE6, 0xF9, 0xE6, 0xF9, 0xE6, 0xF9, 0xE6,
    0xF9, 0xE6, 0xF9, 0xE6, 0xF9, 0xE6, 0xF9, 0xE6, 0xF9, 0xE6, 0xF9, 0xE6, 0xF9, 0xE6, 0xF9, 0xE6,
    0xF9, 0xE6, 0xF9, 0xE6, 0xF9, 0xE6, 0xF9, 0xE6, 0xF9, 0xE6, 0xF9, 0xE6, 0xF9, 0xE6, 0xF9, 0xE6,
    0xF9, 0xE6, 0xF9, 0xE6, 0xF9, 0xE6, 0xF9, 0xE6, 0xF9, 0xE6, 0xF9, 0xE6, 0xF9, 0xE6, 0xF9, 0xE6,
    0xF9, 0xE6, 0xF9, 0xE6, 0xF9, 0xE6, 0xF9, 0xE6, 0xF9, 0xE6, 0xF9, 0xE6, 0xF9, 0xE6, 0xF9, 0xE6,
    0xF9, 0xE6, 0xF9, 0xE6, 0xF9, 0xE6, 0xF9, 0xE6, 0xF9, 0xE6, 0xF9, 0xE6, 0xF9, 0xE6, 0xF9, 0xE6,
    0xF9, 0xE6, 0xF9, 0xE6, 0xF9, 0xE6, 0xF9, 0xE6, 0xF9, 0xE6, 0xF9, 0xE6, 0xF9, 0xE6, 0xF9, 0xE6,
    0xF9, 0xE6, 0xF9, 0xE6, 0xF9, 0xE6, 0xF9, 0xE6, 0xF9, 0xE6, 0xF9, 0xE6, 0xF9, 0xE6, 0xF9, 0xE6,
    0xF9, 0xE6, 0xF9, 0xE6, 0xF9, 0xE6, 0xF9, 0xE6, 0xF9, 0xE6, 0xF9, 0xE6, 0xF9, 0xE6, 0xD9, 0xE6,
    0xFF, 0xFF, 0xFF, 0xFF, 0xFF, 0xFF, 0xFF, 0xFF, 0x6E, 0x63, 0x47, 0x19, 0x78, 0x42, 0x9C, 0x42,
    0x9C, 0x42, 0x9C, 0x42, 0x9C, 0x42, 0xBC, 0x42, 0x9C, 0x42, 0xBC, 0x42, 0xBC, 0x4A, 0xBC, 0x4A,
    0xBC, 0x4A, 0xBC, 0x4A, 0xBC, 0x4A, 0xBC, 0x4A, 0xBC, 0x4A, 0xBC, 0x4A, 0xBC, 0x4A, 0xBC, 0x4A,
    0xBC, 0x4A, 0xBC, 0x4A, 0xDC, 0x4A, 0xDC, 0x4A, 0xDC, 0x4A, 0xDC, 0x4A, 0xDF, 0xFF, 0xDF, 0xFF,
    0xDF, 0xFF, 0xDF, 0xFF, 0xDF, 0xFF, 0xDF, 0xFF, 0xDF, 0xFF, 0xDF, 0xFF, 0xDF, 0xFF, 0xDF, 0xFF,
    0xDF, 0xFF, 0xDF, 0xFF, 0xDF, 0xFF, 0xDF, 0xFF, 0xDF, 0xFF, 0xDF, 0xFF, 0xBE, 0xF7, 0xBE, 0xF7,
    0xBE, 0xF7, 0xDF, 0xFF, 0xDF, 0xFF, 0xBE, 0xF7, 0xDF, 0xFF, 0xDF, 0xFF, 0xBE, 0xF7, 0xFE, 0xDE,
    0xDE, 0x4A, 0x9E, 0x21, 0x9E, 0x21, 0x1E, 0x2A, 0x3E, 0xC6, 0xDF, 0xFF, 0xFE, 0xDE, 0xFE, 0x73,
    0x9E, 0x21, 0x9E, 0x21, 0x1E, 0x32, 0x5E, 0x7C, 0xDF, 0xFF, 0xDF, 0xFF, 0x3E, 0xC6, 0x9E, 0x21,
    0x3E, 0xC6, 0xDF, 0xFF, 0xDF, 0xFF, 0x3E, 0x5B, 0x9E, 0x21, 0x3E, 0x5B, 0xDF, 0xFF, 0x5E, 0xC6,
    0x9E, 0x21, 0x7E, 0xAD, 0xDF, 0xFF, 0xDF, 0xFF, 0xDF, 0xFF, 0x5F, 0xC6, 0x9E, 0x21, 0x9E, 0xAD,
    0xDF, 0xFF, 0xFF, 0xFF, 0xBE, 0x8C, 0x1E, 0x32, 0x9E, 0x21, 0x9E, 0x21, 0x1E, 0x32, 0xFF, 0xBD,
    0xFF, 0xFF, 0xFF, 0xFF, 0xFF, 0xFF, 0xFF, 0xFF, 0xFF, 0xFF, 0x1E, 0x32, 0x9E, 0x21, 0x5F, 0xC6,
    0xFF, 0xFF, 0x3F, 0xE7, 0x9E, 0x21, 0x9E, 0x21, 0xFF, 0xFF, 0xFF, 0xFF, 0x3F, 0xE7, 0x9E, 0x21,
    0xDF, 0x94, 0xFF, 0xFF, 0xDF, 0x94, 0x9E, 0x21, 0x3F, 0xE7, 0xFF, 0xFF, 0xFF, 0xFF, 0xFF, 0xFF,
    0xDF, 0x94, 0x9E, 0x21, 0x7F, 0xC6, 0xFF, 0xFF, 0xFF, 0xFF, 0xFF, 0xFF, 0xFF, 0xFF, 0x9E, 0x21,
    0x3E, 0x5B, 0xFF, 0xFF, 0xFF, 0xFF, 0xFF, 0xFF, 0xFF, 0xFF, 0xFF, 0xFF, 0x3F, 0xE7, 0x3E, 0x5B,
    0x9E, 0x21, 0x9E, 0x21, 0x1E, 0x32, 0xDF, 0x94, 0xFF, 0xFF, 0xFF, 0xFF, 0x9F, 0xAD, 0x9E, 0x21,
    0x9F, 0xAD, 0xFF, 0xFF, 0x7F, 0xCE, 0x9E, 0x21, 0x7E, 0x84, 0xFF, 0xFF, 0xFF, 0xFF, 0x3E, 0x5B,
    0x9E, 0x21, 0xFF, 0xFF, 0xFF, 0xFF, 0x3F, 0x9D, 0x9E, 0x21, 0x7F, 0xC6, 0xFF, 0xFF, 0xFF, 0xFF,
    0x9F, 0xF7, 0x1E, 0x32, 0x3E, 0x5B, 0x3F, 0xE7, 0x9E, 0x21, 0x9E, 0x21, 0x9E, 0x21, 0x9E, 0x21,
    0x3E, 0x5B, 0xFF, 0xFF, 0xFF, 0xFF, 0xFF, 0xFF, 0xFF, 0xFF, 0xFF, 0xFF, 0xFF, 0xFF, 0xFF, 0xFF,
    0xFF, 0xFF, 0xFF, 0xFF, 0xFF, 0xFF, 0xFF, 0xFF, 0xFF, 0xFF, 0xFF, 0xFF, 0xFF, 0xFF, 0xFF, 0xFF,
    0xFF, 0xFF, 0xFF, 0xFF, 0xFF, 0xFF, 0xFF, 0xFF, 0xFF, 0xFF, 0xFF, 0xFF, 0xFF, 0xFF, 0xFF, 0xFF,
    0xFF, 0xFF, 0xFF, 0xFF, 0xFF, 0xFF, 0xFF, 0xFF, 0xFF, 0xFF, 0xFF, 0xFF, 0xFF, 0xFF, 0xFF, 0xFF,
    0xFF, 0xFF, 0xFF, 0xFF, 0xFF, 0xFF, 0xFF, 0xFF, 0xFF, 0xFF, 0xFF, 0xFF, 0xFF, 0xFF, 0xFF, 0xFF,
    0xFF, 0xFF, 0xFF, 0xFF, 0xFF, 0xFF, 0xFF, 0xFF, 0xFF, 0xFF, 0xFF, 0xFF, 0xFF, 0xFF, 0xFF, 0xFF,
    0xFF, 0xFF, 0xFF, 0xFF, 0xFF, 0xFF, 0xFF, 0xFF, 0xFF, 0xFF, 0xFF, 0xFF, 0xFF, 0xFF, 0xFF, 0xFF,
    0xFF, 0xFF, 0xFF, 0xFF, 0xFF, 0xFF, 0xFF, 0xFF, 0xFF, 0xFF, 0xFF, 0xFF, 0xFF, 0xFF, 0xFF, 0xFF,
    0xFF, 0xFF, 0xFF, 0xFF, 0xFF, 0xFF, 0xCF, 0x83, 0xC8, 0x29, 0xFF, 0xFF, 0xFF, 0xFF, 0xFF, 0xFF,
    0xFF, 0xFF, 0x3B, 0xEF, 0xF9, 0xEE, 0xF9, 0xE6, 0xF9, 0xE6, 0xF9, 0xE6, 0xF9, 0xE6, 0xF9, 0xE6,
    0xF9, 0xE6, 0xF9, 0xE6, 0xF9, 0xE6, 0xF9, 0xE6, 0xF9, 0xE6, 0xF9, 0xE6, 0xF9, 0xE6, 0xF9, 0xE6,
    0xF9, 0xE6, 0xF9, 0xE6, 0xF9, 0xE6, 0xF9, 0xE6, 0xF9, 0xE6, 0xF9, 0xE6, 0xF9, 0xE6, 0xF9, 0xE6,
    0xF9, 0xE6, 0xF9, 0xE6, 0xF9, 0xE6, 0xF9, 0xE6, 0xF9, 0xE6, 0xF9, 0xE6, 0xF9, 0xE6, 0xF9, 0xE6,
    0xF9, 0xE6, 0xF9, 0xE6, 0xF9, 0xE6, 0xF9, 0xE6, 0xF9, 0xE6, 0xF9, 0xE6, 0xF9, 0xE6, 0xF9, 0xE6,
    0xF9, 0xE6, 0xF9, 0xE6, 0xF9, 0xE6, 0xF9, 0xE6, 0xF9, 0xE6, 0xF9, 0xE6, 0xF9, 0xE6, 0xF9, 0xE6,
    0xF9, 0xE6, 0xF9, 0xE6, 0xF9, 0xE6, 0xF9, 0xE6, 0xF9, 0xE6, 0xF9, 0xE6, 0xF9, 0xE6, 0xF9, 0xE6,
    0xF9, 0xE6, 0xF9, 0xE6, 0xF9, 0xE6, 0xF9, 0xE6, 0xF9, 0xE6, 0xF9, 0xE6, 0xF9, 0xE6, 0xF9, 0xE6,
    0xF9, 0xE6, 0xF9, 0xE6, 0xF9, 0xE6, 0xF9, 0xE6, 0xF9, 0xE6, 0xF9, 0xE6, 0xF9, 0xE6, 0xF9, 0xE6,
    0xF9, 0xE6, 0xF9, 0xE6, 0xF9, 0xE6, 0xF9, 0xE6, 0xF9, 0xE6, 0xF9, 0xE6, 0xF9, 0xE6, 0xF9, 0xE6,
    0xD9, 0xE6, 0xFF, 0xFF, 0xFF, 0xFF, 0xFF, 0xFF, 0xFF, 0xFF, 0x6E, 0x63, 0x47, 0x19, 0x78, 0x42,
    0x9C, 0x42, 0x9C, 0x42, 0x9C, 0x42, 0xBC, 0x42, 0xBC, 0x42, 0xBC, 0x4A, 0xBC, 0x4A, 0xBC, 0x4A,
    0xBC, 0x4A, 0xBC, 0x4A, 0xBC, 0x4A, 0xBC, 0x4A, 0xBC, 0x4A, 0xBC, 0x4A, 0xBC, 0x4A, 0xBC, 0x4A,
    0xBC, 0x4A, 0xDC, 0x4A, 0xDC, 0x4A, 0xDC, 0x4A, 0xDC, 0x4A, 0xDC, 0x4A, 0xDC, 0x4A, 0xDF, 0xFF,
    0xDF, 0xFF, 0xDF, 0xFF, 0xDF, 0xFF, 0xDF, 0xFF, 0xDF, 0xFF, 0xDF, 0xFF, 0xDF, 0xFF, 0xDF, 0xFF,
    0xDF, 0xFF, 0xDF, 0xFF, 0xDF, 0xFF, 0xDF, 0xFF, 0xDF, 0xFF, 0xDF, 0xFF, 0xDF, 0xFF, 0xDF, 0xFF,
    0xDF, 0xFF, 0xDF, 0xFF, 0xDF, 0xFF, 0xDF, 0xFF, 0xDF, 0xFF, 0xDF, 0xFF, 0xDF, 0xFF, 0xDF, 0xFF,
    0xDF, 0xFF, 0xDF, 0xFF, 0x5E, 0xEF, 0xFF, 0xDE, 0xDF, 0xFF, 0xDF, 0xFF, 0xDF, 0xFF, 0xDF, 0xFF,
    0xDF, 0xFF, 0x7F, 0xEF, 0xFE, 0xDE, 0xDF, 0xFF, 0xDF, 0xFF, 0xDF, 0xFF, 0xDF, 0xFF, 0xDF, 0xFF,
    0xDF, 0xFF, 0xDF, 0xFF, 0xDF, 0xFF, 0xDF, 0xFF, 0xDF, 0xFF, 0xDF, 0xFF, 0xDF, 0xFF, 0xDF, 0xFF,
    0xDF, 0xFF, 0xDF, 0xFF, 0xDF, 0xFF, 0xDF, 0xFF, 0xDF, 0xFF, 0xDF, 0xFF, 0xDF, 0xFF, 0xDF, 0xFF,
    0xFF, 0xFF, 0xFF, 0xFF, 0xFF, 0xFF, 0xFF, 0xFF, 0xFF, 0xFF, 0x1F, 0xE7, 0x9F, 0xEF, 0xFF, 0xFF,
    0xFF, 0xFF, 0xFF, 0xFF, 0xFF, 0xFF, 0xFF, 0xFF, 0xFF, 0xFF, 0xFF, 0xFF, 0xFF, 0xFF, 0xFF, 0xFF,
    0xFF, 0xFF, 0xFF, 0xFF, 0xFF, 0xFF, 0xFF, 0xFF, 0xFF, 0xFF, 0xFF, 0xFF, 0xFF, 0xFF, 0xFF, 0xFF,
    0xFF, 0xFF, 0xFF, 0xFF, 0xFF, 0xFF, 0xFF, 0xFF, 0xFF, 0xFF, 0xFF, 0xFF, 0xFF, 0xFF, 0xFF, 0xFF,
    0xFF, 0xFF, 0xFF, 0xFF, 0xFF, 0xFF, 0xFF, 0xFF, 0xFF, 0xFF, 0xFF, 0xFF, 0xFF, 0xFF, 0xFF, 0xFF,
    0xFF, 0xFF, 0xFF, 0xFF, 0xFF, 0xFF, 0xFF, 0xFF, 0xFF, 0xFF, 0xFF, 0xFF, 0xFF, 0xFF, 0xFF, 0xFF,
    0xFF, 0xFF, 0x9F, 0xF7, 0x3F, 0xE7, 0xFF, 0xFF, 0xFF, 0xFF, 0xFF, 0xFF, 0xFF, 0xFF, 0xFF, 0xFF,
    0xFF, 0xFF, 0xFF, 0xFF, 0xFF, 0xFF, 0xFF, 0xFF, 0xFF, 0xFF, 0xFF, 0xFF, 0xFF, 0xFF, 0xFF, 0xFF,
    0xFF, 0xFF, 0xFF, 0xFF, 0xFF, 0xFF, 0xFF, 0xFF, 0xFF, 0xFF, 0xFF, 0xFF, 0xFF, 0xFF, 0xFF, 0xFF,
    0xFF, 0xFF, 0xFF, 0xFF, 0xFF, 0xFF, 0xFF, 0xFF, 0xFF, 0xFF, 0xFF, 0xFF, 0xFF, 0xFF, 0xFF, 0xFF,
    0xFF, 0xFF, 0xFF, 0xFF, 0xFF, 0xFF, 0xFF, 0xFF, 0xFF, 0xFF, 0xFF, 0xFF, 0xFF, 0xFF, 0xFF, 0xFF,
    0xFF, 0xFF, 0xFF, 0xFF, 0xFF, 0xFF, 0xFF, 0xFF, 0xFF, 0xFF, 0xFF, 0xFF, 0xFF, 0xFF, 0xFF, 0xFF,
    0xFF, 0xFF, 0xFF, 0xFF, 0xFF, 0xFF, 0xFF, 0xFF, 0xFF, 0xFF, 0xFF, 0xFF, 0xFF, 0xFF, 0xFF, 0xFF,
    0xFF, 0xFF, 0xFF, 0xFF, 0xFF, 0xFF, 0xFF, 0xFF, 0xFF, 0xFF, 0xFF, 0xFF, 0xFF, 0xFF, 0xFF, 0xFF,
    0xFF, 0xFF, 0xFF, 0xFF, 0xFF, 0xFF, 0xFF, 0xFF, 0xFF, 0xFF, 0xFF, 0xFF, 0xFF, 0xFF, 0xFF, 0xFF,
    0xFF, 0xFF, 0xFF, 0xFF, 0xFF, 0xFF, 0xFF, 0xFF, 0xFF, 0xFF, 0xFF, 0xFF, 0xFF, 0xFF, 0xFF, 0xFF,
    0xFF, 0xFF, 0xFF, 0xFF, 0xFF, 0xFF, 0xFF, 0xFF, 0xFF, 0xFF, 0xFF, 0xFF, 0xFF, 0xFF, 0xFF, 0xFF,
    0xFF, 0xFF, 0xFF, 0xFF, 0xFF, 0xFF, 0xFF, 0xFF, 0xFF, 0xFF, 0xFF, 0xFF, 0xFF, 0xFF, 0xFF, 0xFF,
    0xFF, 0xFF, 0xFF, 0xFF, 0xFF, 0xFF, 0xFF, 0xFF, 0x8B, 0x4A, 0xC8, 0x21, 0xFF, 0xFF, 0xFF, 0xFF,
    0xFF, 0xFF, 0xFF, 0xFF, 0x3B, 0xEF, 0xF9, 0xEE, 0xF9, 0xE6, 0xF9, 0xE6, 0xF9, 0xE6, 0xF9, 0xE6,
    0xF9, 0xE6, 0xF9, 0xEE, 0xF9, 0xE6, 0xF9, 0xE6, 0xF9, 0xE6, 0xF9, 0xE6, 0xF9, 0xEE, 0xF9, 0xEE,
    0xF9, 0xEE, 0xF9, 0xEE, 0xF9, 0xEE, 0xF9, 0xEE, 0xF9, 0xEE, 0xF9, 0xEE, 0xF9, 0xEE, 0xF9, 0xEE,
    0xF9, 0xEE, 0xF9, 0xEE, 0xF9, 0xEE, 0xF9, 0xEE, 0xF9, 0xE6, 0xF9, 0xEE, 0xFA, 0xE6, 0xF9, 0xE6,
    0xF9, 0xE6, 0xF9, 0xE6, 0xF9, 0xE6, 0xF9, 0xE6, 0xF9, 0xEE, 0xF9, 0xEE, 0xF9, 0xEE, 0xF9, 0xE6,
    0xF9, 0xE6, 0xF9, 0xE6, 0xF9, 0xE6, 0xF9, 0xE6, 0xF9, 0xE6, 0xF9, 0xEE, 0xF9, 0xEE, 0xF9, 0xEE,
    0xF9, 0xEE, 0xF9, 0xEE, 0xF9, 0xEE, 0xF9, 0xEE, 0xF9, 0xEE, 0xF9, 0xE6, 0xF9, 0xEE, 0xF9, 0xEE,
    0xF9, 0xEE, 0xF9, 0xEE, 0xF9, 0xEE, 0xF9, 0xEE, 0xF9, 0xEE, 0xF9, 0xE6, 0xF9, 0xE6, 0xF9, 0xE6,
    0xF9, 0xE6, 0xF9, 0xEE, 0xF9, 0xEE, 0xF9, 0xEE, 0xF9, 0xEE, 0xF9, 0xEE, 0xF9, 0xE6, 0xF9, 0xE6,
    0xF9, 0xE6, 0xF9, 0xEE, 0xF9, 0xE6, 0xF9, 0xEE, 0xF9, 0xEE, 0xF9, 0xE6, 0xF9, 0xE6, 0xF9, 0xE6,
    0xF9, 0xE6, 0xD9, 0xE6, 0xFF, 0xFF, 0xFF, 0xFF, 0xFF, 0xFF, 0xFF, 0xFF, 0x6E, 0x63, 0x46, 0x19,
    0x78, 0x4A, 0x9C, 0x42, 0xBC, 0x42, 0xBC, 0x42, 0xBC, 0x42, 0xBC, 0x4A, 0xBC, 0x4A, 0xBC, 0x4A,
    0xBC, 0x4A, 0xBC, 0x4A, 0xBC, 0x4A, 0xBC, 0x4A, 0xBC, 0x4A, 0xBC, 0x4A, 0xBC, 0x4A, 0xBC, 0x4A,
    0xDC, 0x4A, 0xDC, 0x4A, 0xDC, 0x4A, 0xDC, 0x4A, 0xDC, 0x4A, 0xDC, 0x4A, 0xDC, 0x4A, 0xDC, 0x4A,
    0xDF, 0xFF, 0xDF, 0xFF, 0xDF, 0xFF, 0xDF, 0xFF, 0xDF, 0xFF, 0xDF, 0xFF, 0xDF, 0xFF, 0xDF, 0xFF,
    0xDF, 0xFF, 0xDF, 0xFF, 0xDF, 0xFF, 0xDF, 0xFF, 0xDF, 0xFF, 0xDF, 0xFF, 0xDF, 0xFF, 0xDF, 0xFF,
    0xDF, 0xFF, 0xDF, 0xFF, 0xDF, 0xFF, 0xDF, 0xFF, 0xDF, 0xFF, 0xDF, 0xFF, 0xDF, 0xFF, 0xDF, 0xFF,
    0xDF, 0xFF, 0xDF, 0xFF, 0xDF, 0xFF, 0xDF, 0xFF, 0xDF, 0xFF, 0xDF, 0xFF, 0xDF, 0xFF, 0xDF, 0xFF,
    0xDF, 0xFF, 0xDF, 0xFF, 0xDF, 0xFF, 0xDF, 0xFF, 0xDF, 0xFF, 0xDF, 0xFF, 0xDF, 0xFF, 0xDF, 0xFF,
    0xDF, 0xFF, 0xDF, 0xFF, 0xDF, 0xFF, 0xDF, 0xFF, 0xDF, 0xFF, 0xDF, 0xFF, 0xDF, 0xFF, 0xDF, 0xFF,
    0xDF, 0xFF, 0xDF, 0xFF, 0xDF, 0xFF, 0xDF, 0xFF, 0xDF, 0xFF, 0xDF, 0xFF, 0xDF, 0xFF, 0xFF, 0xFF,
    0xDF, 0xFF, 0xFF, 0xFF, 0xFF, 0xFF, 0xFF, 0xFF, 0xFF, 0xFF, 0xFF, 0xFF, 0xFF, 0xFF, 0xFF, 0xFF,
    0xFF, 0xFF, 0xFF, 0xFF, 0xFF, 0xFF, 0xFF, 0xFF, 0xFF, 0xFF, 0xFF, 0xFF, 0xFF, 0xFF, 0xFF, 0xFF,
    0xFF, 0xFF, 0xFF, 0xFF, 0xFF, 0xFF, 0xFF, 0xFF, 0xFF, 0xFF, 0xFF, 0xFF, 0xFF, 0xFF, 0xFF, 0xFF,
    0xFF, 0xFF, 0xFF, 0xFF, 0xFF, 0xFF, 0xFF, 0xFF, 0xFF, 0xFF, 0xFF, 0xFF, 0xFF, 0xFF, 0xFF, 0xFF,
    0xFF, 0xFF, 0xFF, 0xFF, 0xFF, 0xFF, 0xFF, 0xFF, 0xFF, 0xFF, 0xFF, 0xFF, 0xFF, 0xFF, 0xFF, 0xFF,
    0xFF, 0xFF, 0xFF, 0xFF, 0xFF, 0xFF, 0xFF, 0xFF, 0xFF, 0xFF, 0xFF, 0xFF, 0xFF, 0xFF, 0xFF, 0xFF,
    0xFF, 0xFF, 0xFF, 0xFF, 0xFF, 0xFF, 0xFF, 0xFF, 0xFF, 0xFF, 0xFF, 0xFF, 0xFF, 0xFF, 0xFF, 0xFF,
    0xFF, 0xFF, 0xFF, 0xFF, 0xFF, 0xFF, 0xFF, 0xFF, 0xFF, 0xFF, 0xFF, 0xFF, 0xFF, 0xFF, 0xFF, 0xFF,
    0xFF, 0xFF, 0xFF, 0xFF, 0xFF, 0xFF, 0xFF, 0xFF, 0xFF, 0xFF, 0xFF, 0xFF, 0xFF, 0xFF, 0xFF, 0xFF,
    0xFF, 0xFF, 0xFF, 0xFF, 0xFF, 0xFF, 0xFF, 0xFF, 0xFF, 0xFF, 0xFF, 0xFF, 0xFF, 0xFF, 0xFF, 0xFF,
    0xFF, 0xFF, 0xFF, 0xFF, 0xFF, 0xFF, 0xFF, 0xFF, 0xFF, 0xFF, 0xFF, 0xFF, 0xFF, 0xFF, 0xFF, 0xFF,
    0xFF, 0xFF, 0xFF, 0xFF, 0xFF, 0xFF, 0xFF, 0xFF, 0xFF, 0xFF, 0xFF, 0xFF, 0xFF, 0xFF, 0xFF, 0xFF,
    0xFF, 0xFF, 0xFF, 0xFF, 0xFF, 0xFF, 0xFF, 0xFF, 0xFF, 0xFF, 0xFF, 0xFF, 0xFF, 0xFF, 0xFF, 0xFF,
    0xFF, 0xFF, 0xFF, 0xFF, 0xFF, 0xFF, 0xFF, 0xFF, 0xFF, 0xFF, 0xFF, 0xFF, 0xFF, 0xFF, 0xFF, 0xFF,
    0xFF, 0xFF, 0xFF, 0xFF, 0xFF, 0xFF, 0xFF, 0xFF, 0xFF, 0xFF, 0xFF, 0xFF, 0xFF, 0xFF, 0xFF, 0xFF,
    0xFF, 0xFF, 0xFF, 0xFF, 0xFF, 0xFF, 0xFF, 0xFF, 0xFF, 0xFF, 0xFF, 0xFF, 0xFF, 0xFF, 0xFF, 0xFF,
    0xFF, 0xFF, 0xFF, 0xFF, 0xFF, 0xFF, 0xFF, 0xFF, 0xFF, 0xFF, 0xFF, 0xFF, 0xFF, 0xFF, 0xFF, 0xFF,
    0xFF, 0xFF, 0xFF, 0xFF, 0xFF, 0xFF, 0xFF, 0xFF, 0xFF, 0xFF, 0xFF, 0xFF, 0xFF, 0xFF, 0xFF, 0xFF,
    0xFF, 0xFF, 0xFF, 0xFF, 0xFF, 0xFF, 0xFF, 0xFF, 0xFF, 0xFF, 0x8B, 0x4A, 0xA8, 0x21, 0xFF, 0xFF,
    0xFF, 0xFF, 0xFF, 0xFF, 0xFF, 0xFF, 0x3B, 0xEF, 0xF9, 0xEE, 0xF9, 0xE6, 0xF9, 0xE6, 0xF9, 0xE6,
    0xF9, 0xE6, 0xD9, 0xE6, 0xD9, 0xE6, 0xD8, 0xE6, 0xD8, 0xE6, 0xB8, 0xE6, 0xB8, 0xE6, 0xB8, 0xE6,
    0xB8, 0xE6, 0xB8, 0xE6, 0xB8, 0xE6, 0xB8, 0xE6, 0xB8, 0xE6, 0xB8, 0xE6, 0xB8, 0xE6, 0xB8, 0xE6,
    0xB8, 0xE6, 0xB8, 0xE6, 0xB8, 0xE6, 0xB8, 0xE6, 0xB9, 0xE6, 0xB9, 0xE6, 0xD9, 0xE6, 0xD9, 0xE6,
    0xB8, 0xE6, 0x98, 0xE6, 0x98, 0xE6, 0x98, 0xE6, 0x98, 0xE6, 0x98, 0xE6, 0x98, 0xE6, 0x98, 0xE6,
    0x98, 0xE6, 0x98, 0xE6, 0x98, 0xE6, 0x98, 0xE6, 0x98, 0xE6, 0x98, 0xE6, 0x98, 0xE6, 0x98, 0xE6,
    0x98, 0xE6, 0x98, 0xE6, 0x98, 0xE6, 0x98, 0xE6, 0x98, 0xE6, 0x98, 0xE6, 0xD8, 0xE6, 0xB8, 0xE6,
    0x98, 0xE6, 0x98, 0xDE, 0x98, 0xE6, 0x98, 0xE6, 0x98, 0xE6, 0x98, 0xE6, 0x98, 0xE6, 0x98, 0xE6,
    0x98, 0xE6, 0x98, 0xE6, 0x98, 0xE6, 0x98, 0xE6, 0x98, 0xE6, 0x98, 0xE6, 0x98, 0xE6, 0x98, 0xE6,
    0x98, 0xE6, 0x98, 0xE6, 0x98, 0xE6, 0x98, 0xE6, 0x98, 0xE6, 0xD9, 0xE6, 0xF9, 0xE6, 0xF9, 0xE6,
    0xF9, 0xE6, 0xF9, 0xE6, 0xD9, 0xE6, 0xFF, 0xFF, 0xFF, 0xFF, 0xFF, 0xFF, 0xFF, 0xFF, 0x6E, 0x63,
    0x46, 0x19, 0x78, 0x4A, 0x9C, 0x42, 0xBC, 0x4A, 0xBC, 0x42, 0xBC, 0x4A, 0xBC, 0x4A, 0xBC, 0x4A,
    0xBC, 0x4A, 0xBC, 0x4A, 0xBC, 0x4A, 0xBC, 0x4A, 0xBC, 0x4A, 0xBC, 0x4A, 0xBC, 0x4A, 0xDC, 0x4A,
    0xBC, 0x4A, 0xBC, 0x4A, 0xDC, 0x4A, 0xDC, 0x4A, 0xDC, 0x4A, 0xDC, 0x4A, 0xDC, 0x4A, 0xDC, 0x4A,
    0xDC, 0x4A, 0xDF, 0xFF, 0xDF, 0xFF, 0xDF, 0xFF, 0xDF, 0xFF, 0xDF, 0xFF, 0xDF, 0xFF, 0xDF, 0xFF,
    0xDF, 0xFF, 0xDF, 0xFF, 0xDF, 0xFF, 0xDF, 0xFF, 0xDF, 0xFF, 0xDF, 0xFF, 0xDF, 0xFF, 0xDF, 0xFF,
    0xDF, 0xFF, 0xDF, 0xFF, 0xDF, 0xFF, 0xDF, 0xFF, 0xDF, 0xFF, 0xDF, 0xFF, 0xDF, 0xFF, 0xDF, 0xFF,
    0xDF, 0xFF, 0xDF, 0xFF, 0xDF, 0xFF, 0xDF, 0xFF, 0xDF, 0xFF, 0xDF, 0xFF, 0xDF, 0xFF, 0xDF, 0xFF,
    0xDF, 0xFF, 0xDF, 0xFF, 0xDF, 0xFF, 0xDF, 0xFF, 0xDF, 0xFF, 0xDF, 0xFF, 0xDF, 0xFF, 0xDF, 0xFF,
    0xDF, 0xFF, 0xDF, 0xFF, 0xDF, 0xFF, 0xDF, 0xFF, 0xDF, 0xFF, 0xDF, 0xFF, 0xDF, 0xFF, 0xDF, 0xFF,
    0xDF, 0xFF, 0xDF, 0xFF, 0xDF, 0xFF, 0xFF, 0xFF, 0xDF, 0xFF, 0xDF, 0xFF, 0xDF, 0xFF, 0xFF, 0xFF,
    0xFF, 0xFF, 0xFF, 0xFF, 0xFF, 0xFF, 0xFF, 0xFF, 0xFF, 0xFF, 0xFF, 0xFF, 0xFF, 0xFF, 0xFF, 0xFF,
    0xFF, 0xFF, 0xFF, 0xFF, 0xFF, 0xFF, 0xFF, 0xFF, 0xFF, 0xFF, 0xFF, 0xFF, 0xFF, 0xFF, 0xFF, 0xFF,
    0xFF, 0xFF, 0xFF, 0xFF, 0xFF, 0xFF, 0xFF, 0xFF, 0xFF, 0xFF, 0xFF, 0xFF, 0xFF, 0xFF, 0xFF, 0xFF,
    0xFF, 0xFF, 0xFF, 0xFF, 0xFF, 0xFF, 0xFF, 0xFF, 0xFF, 0xFF, 0xFF, 0xFF, 0xFF, 0xFF, 0xFF, 0xFF,
    0xFF, 0xFF, 0xFF, 0xFF, 0xFF, 0xFF, 0xFF, 0xFF, 0xFF, 0xFF, 0xFF, 0xFF, 0xFF, 0xFF, 0xFF, 0xFF,
    0xFF, 0xFF, 0xFF, 0xFF, 0xFF, 0xFF, 0xFF, 0xFF, 0xFF, 0xFF, 0xFF, 0xFF, 0xFF, 0xFF, 0xFF, 0xFF,
    0xFF, 0xFF, 0xFF, 0xFF, 0xFF, 0xFF, 0xFF, 0xFF, 0xFF, 0xFF, 0xFF, 0xFF, 0xFF, 0xFF, 0xFF, 0xFF,
    0xFF, 0xFF, 0xFF, 0xFF, 0xFF, 0xFF, 0xFF, 0xFF, 0xFF, 0xFF, 0xFF, 0xFF, 0xFF, 0xFF, 0xFF, 0xFF,
    0xFF, 0xFF, 0xFF, 0xFF, 0xFF, 0xFF, 0xFF, 0xFF, 0xFF, 0xFF, 0xFF, 0xFF, 0xFF, 0xFF, 0xFF, 0xFF,
    0xFF, 0xFF, 0xFF, 0xFF, 0xFF, 0xFF, 0xFF, 0xFF, 0xFF, 0xFF, 0xFF, 0xFF, 0xFF, 0xFF, 0xFF, 0xFF,
    0xFF, 0xFF, 0xFF, 0xFF, 0xFF, 0xFF, 0xFF, 0xFF, 0xFF, 0xFF, 0xFF, 0xFF, 0xFF, 0xFF, 0xFF, 0xFF,
    0xFF, 0xFF, 0xFF, 0xFF, 0xFF, 0xFF, 0xFF, 0xFF, 0xFF, 0xFF, 0xFF, 0xFF, 0xFF, 0xFF, 0xFF, 0xFF,
    0xFF, 0xFF, 0xFF, 0xFF, 0xFF, 0xFF, 0xFF, 0xFF, 0xFF, 0xFF, 0xFF, 0xFF, 0xFF, 0xFF, 0xFF, 0xFF,
    0xFF, 0xFF, 0xFF, 0xFF, 0xFF, 0xFF, 0xFF, 0xFF, 0xFF, 0xFF, 0xFF, 0xFF, 0xFF, 0xFF, 0xFF, 0xFF,
    0xFF, 0xFF, 0xFF, 0xFF, 0xFF, 0xFF, 0xFF, 0xFF, 0xFF, 0xFF, 0xFF, 0xFF, 0xFF, 0xFF, 0xFF, 0xFF,
    0xFF, 0xFF, 0xFF, 0xFF, 0xFF, 0xFF, 0xFF, 0xFF, 0xFF, 0xFF, 0xFF, 0xFF, 0xFF, 0xFF, 0xFF, 0xFF,
    0xFF, 0xFF, 0xFF, 0xFF, 0xFF, 0xFF, 0xFF, 0xFF, 0xFF, 0xFF, 0xFF, 0xFF, 0xFF, 0xFF, 0xFF, 0xFF,
    0xFF, 0xFF, 0xFF, 0xFF, 0xFF, 0xFF, 0xFF, 0xFF, 0xFF, 0xFF, 0xFF, 0xFF, 0xFF, 0xFF, 0xFF, 0xFF,
    0xFF, 0xFF, 0xFF, 0xFF, 0xFF, 0xFF, 0xFF, 0xFF, 0xFF, 0xFF, 0xFF, 0xFF, 0xAC, 0x52, 0xA8, 0x21,
    0xFF, 0xFF, 0xFF, 0xFF, 0xFF, 0xFF, 0xFF, 0xFF, 0x3B, 0xEF, 0xF9, 0xEE, 0xF9, 0xE6, 0xF9, 0xE6,
    0xF9, 0xE6, 0xD9, 0xE6, 0xF9, 0xE6, 0xF9, 0xEE, 0xF9, 0xE6, 0xF9, 0xE6, 0xF9, 0xE6, 0xF9, 0xE6,
    0xF9, 0xE6, 0xF9, 0xE6, 0xF9, 0xE6, 0xF9, 0xE6, 0xF9, 0xE6, 0xF9, 0xE6, 0xF9, 0xE6, 0xF9, 0xE6,
    0xF9, 0xE6, 0xF9, 0xE6, 0xF9, 0xE6, 0xF9, 0xE6, 0xF9, 0xE6, 0xF9, 0xE6, 0xF9, 0xE6, 0xF9, 0xEE,
    0x97, 0xDE, 0x97, 0xE6, 0x97, 0xE6, 0x97, 0xE6, 0x97, 0xE6, 0x97, 0xE6, 0x97, 0xE6, 0x97, 0xE6,
    0x97, 0xE6, 0x97, 0xE6, 0x97, 0xE6, 0x97, 0xE6, 0x97, 0xE6, 0x97, 0xE6, 0x97, 0xE6, 0x97, 0xE6,
    0x97, 0xE6, 0x97, 0xE6, 0x97, 0xE6, 0x97, 0xE6, 0x97, 0xE6, 0x97, 0xE6, 0x97, 0xE6, 0x76, 0xDE,
    0x97, 0xE6, 0x97, 0xE6, 0x97, 0xE6, 0x97, 0xE6, 0x97, 0xE6, 0x97, 0xE6, 0x97, 0xE6, 0x97, 0xE6,
    0x97, 0xE6, 0x97, 0xE6, 0x97, 0xE6, 0x97, 0xE6, 0x97, 0xE6, 0x97, 0xE6, 0x97, 0xE6, 0x97, 0xE6,
    0x97, 0xE6, 0x97, 0xE6, 0x97, 0xE6, 0x97, 0xE6, 0x97, 0xE6, 0x97, 0xE6, 0xB8, 0xE6, 0xF9, 0xE6,
    0xF9, 0xE6, 0xF9, 0xE6, 0xF9, 0xE6, 0xD9, 0xE6, 0xFF, 0xFF, 0xFF, 0xFF, 0xFF, 0xFF, 0xFF, 0xFF,
    0x6E, 0x63, 0x46, 0x19, 0x78, 0x4A, 0xBC, 0x4A, 0xBC, 0x4A, 0xBC, 0x4A, 0xBC, 0x4A, 0xBC, 0x4A,
    0xBC, 0x4A, 0xBC, 0x4A, 0xBC, 0x4A, 0xBC, 0x4A, 0xBC, 0x4A, 0xBC, 0x4A, 0xBC, 0x4A, 0xDC, 0x4A,
    0xDC, 0x4A, 0xDC, 0x4A, 0xDC, 0x4A, 0xDC, 0x4A, 0xDC, 0x4A, 0xDC, 0x4A, 0xDC, 0x4A, 0xDC, 0x4A,
    0xDC, 0x4A, 0xDC, 0x4A, 0xDF, 0xFF, 0xDF, 0xFF, 0xDF, 0xFF, 0xDF, 0xFF, 0xDF, 0xFF, 0xDF, 0xFF,
    0xDF, 0xFF, 0xDF, 0xFF, 0xDF, 0xFF, 0xDF, 0xFF, 0xDF, 0xFF, 0xDF, 0xFF, 0xDF, 0xFF, 0xDF, 0xFF,
    0xDF, 0xFF, 0xDF, 0xFF, 0xDF, 0xFF, 0xDF, 0xFF, 0xDF, 0xFF, 0xDF, 0xFF, 0xDF, 0xFF, 0xDF, 0xFF,
    0xDF, 0xFF, 0xDF, 0xFF, 0xDF, 0xFF, 0xDF, 0xFF, 0xDF, 0xFF, 0xDF, 0xFF, 0xDF, 0xFF, 0xDF, 0xFF,
    0xDF, 0xFF, 0xDF, 0xFF, 0xDF, 0xFF, 0xDF, 0xFF, 0xDF, 0xFF, 0xDF, 0xFF, 0xDF, 0xFF, 0xDF, 0xFF,
    0xDF, 0xFF, 0xDF, 0xFF, 0xDF, 0xFF, 0xDF, 0xFF, 0xDF, 0xFF, 0xFF, 0xFF, 0xFF, 0xFF, 0xDF, 0xFF,
    0xFF, 0xFF, 0xFF, 0xFF, 0xFF, 0xFF, 0xDF, 0xFF, 0xFF, 0xFF, 0xFF, 0xFF, 0xFF, 0xFF, 0xFF, 0xFF,
    0xFF, 0xFF, 0xFF, 0xFF, 0xFF, 0xFF, 0xFF, 0xFF, 0xFF, 0xFF, 0xFF, 0xFF, 0xFF, 0xFF, 0xFF, 0xFF,
    0xFF, 0xFF, 0xFF, 0xFF, 0xFF, 0xFF, 0xFF, 0xFF, 0xFF, 0xFF, 0xFF, 0xFF, 0xFF, 0xFF, 0xFF, 0xFF,
    0xFF, 0xFF, 0xFF, 0xFF, 0xFF, 0xFF, 0xFF, 0xFF, 0xFF, 0xFF, 0xFF, 0xFF, 0xFF, 0xFF, 0xFF, 0xFF,
    0xFF, 0xFF, 0xFF, 0xFF, 0xFF, 0xFF, 0xFF, 0xFF, 0xFF, 0xFF, 0xFF, 0xFF, 0xFF, 0xFF, 0xFF, 0xFF,
    0xFF, 0xFF, 0xFF, 0xFF, 0xFF, 0xFF, 0xFF, 0xFF, 0xFF, 0xFF, 0xFF, 0xFF, 0xFF, 0xFF, 0xFF, 0xFF,
    0xFF, 0xFF, 0xFF, 0xFF, 0xFF, 0xFF, 0xFF, 0xFF, 0xFF, 0xFF, 0xFF, 0xFF, 0xFF, 0xFF, 0xFF, 0xFF,
    0xFF, 0xFF, 0xFF, 0xFF, 0xFF, 0xFF, 0xFF, 0xFF, 0xFF, 0xFF, 0xFF, 0xFF, 0xFF, 0xFF, 0xFF, 0xFF,
    0xFF, 0xFF, 0xFF, 0xFF, 0xFF, 0xFF, 0xFF, 0xFF, 0xFF, 0xFF, 0xFF, 0xFF, 0xFF, 0xFF, 0xFF, 0xFF,
    0xFF, 0xFF, 0xFF, 0xFF, 0xFF, 0xFF, 0xFF, 0xFF, 0xFF, 0xFF, 0xFF, 0xFF, 0xFF, 0xFF, 0xFF, 0xFF,
    0xFF, 0xFF, 0xFF, 0xFF, 0xFF, 0xFF, 0xFF, 0xFF, 0xFF, 0xFF, 0xFF, 0xFF, 0xFF, 0xFF, 0xFF, 0xFF,
    0xFF, 0xFF, 0xFF, 0xFF, 0xFF, 0xFF, 0xFF, 0xFF, 0xFF, 0xFF, 0xFF, 0xFF, 0xFF, 0xFF, 0xFF, 0xFF,
    0xFF, 0xFF, 0xFF, 0xFF, 0xFF, 0xFF, 0xFF, 0xFF, 0xFF, 0xFF, 0xFF, 0xFF, 0xFF, 0xFF, 0xFF, 0xFF,
    0xFF, 0xFF, 0xFF, 0xFF, 0xFF, 0xFF, 0xFF, 0xFF, 0xFF, 0xFF, 0xFF, 0xFF, 0xFF, 0xFF, 0xFF, 0xFF,
    0xFF, 0xFF, 0xFF, 0xFF, 0xFF, 0xFF, 0xFF, 0xFF, 0xFF, 0xFF, 0xFF, 0xFF, 0xFF, 0xFF, 0xFF, 0xFF,
    0xFF, 0xFF, 0xFF, 0xFF, 0xFF, 0xFF, 0xFF, 0xFF, 0xFF, 0xFF, 0xFF, 0xFF, 0xFF, 0xFF, 0xFF, 0xFF,
    0xFF, 0xFF, 0xFF, 0xFF, 0xFF, 0xFF, 0xFF, 0xFF, 0xFF, 0xFF, 0xFF, 0xFF, 0xFF, 0xFF, 0xFF, 0xFF,
    0xFF, 0xFF, 0xFF, 0xFF, 0xFF, 0xFF, 0xFF, 0xFF, 0xFF, 0xFF, 0xFF, 0xFF, 0xFF, 0xFF, 0xFF, 0xFF,
    0xFF, 0xFF, 0xFF, 0xFF, 0xFF, 0xFF, 0xFF, 0xFF, 0xFF, 0xFF, 0xFF, 0xFF, 0xFF, 0xFF, 0xFF, 0xFF,
    0xFF, 0xFF, 0xFF, 0xFF, 0xFF, 0xFF, 0xFF, 0xFF, 0xFF, 0xFF, 0xFF, 0xFF, 0xFF, 0xFF, 0xAC, 0x52,
    0xC8, 0x29, 0xFF, 0xFF, 0xFF, 0xFF, 0xFF, 0xFF, 0xFF, 0xFF, 0x3B, 0xEF, 0xF9, 0xEE, 0xF9, 0xE6,
    0xF9, 0xE6, 0xF9, 0xE6, 0xD9, 0xE6, 0xF9, 0xE6, 0xF9, 0xE6, 0xF9, 0xE6, 0xF9, 0xE6, 0xF9, 0xE6,
    0xF9, 0xE6, 0xF9, 0xE6, 0xF9, 0xE6, 0xF9, 0xE6, 0xF9, 0xE6, 0xF9, 0xE6, 0xF9, 0xE6, 0xF9, 0xE6,
    0xF9, 0xE6, 0xF9, 0xE6, 0xF9, 0xE6, 0xF9, 0xE6, 0xF9, 0xE6, 0xF9, 0xE6, 0xFA, 0xE6, 0xF9, 0xE6,
    0xF9, 0xE6, 0x97, 0xDE, 0x97, 0xE6, 0x97, 0xE6, 0x97, 0xE6, 0x97, 0xE6, 0x97, 0xE6, 0x97, 0xE6,
    0x97, 0xE6, 0x97, 0xE6, 0x97, 0xE6, 0x97, 0xE6, 0x97, 0xE6, 0x97, 0xE6, 0x97, 0xE6, 0x97, 0xE6,
    0x97, 0xE6, 0x97, 0xE6, 0x97, 0xE6, 0x97, 0xE6, 0x97, 0xE6, 0x97, 0xE6, 0x98, 0xE6, 0x97, 0xE6,
    0x76, 0xDE, 0x97, 0xE6, 0x97, 0xE6, 0x97, 0xE6, 0x98, 0xE6, 0x97, 0xE6, 0x97, 0xE6, 0x97, 0xE6,
    0x97, 0xE6, 0x97, 0xE6, 0x97, 0xE6, 0x97, 0xE6, 0x97, 0xE6, 0x97, 0xE6, 0x97, 0xE6, 0x97, 0xE6,
    0x97, 0xE6, 0x97, 0xE6, 0x97, 0xE6, 0x97, 0xE6, 0x97, 0xE6, 0x97, 0xE6, 0x97, 0xE6, 0xB8, 0xE6,
    0xF9, 0xE6, 0xF9, 0xE6, 0xF9, 0xE6, 0xF9, 0xE6, 0xD9, 0xE6, 0xFF, 0xFF, 0xFF, 0xFF, 0xFF, 0xFF,
    0xFF, 0xFF, 0x6E, 0x63, 0x46, 0x19, 0x78, 0x4A, 0xBC, 0x42, 0xBC, 0x4A, 0xBC, 0x4A, 0xBC, 0x4A,
    0xBC, 0x4A, 0xBC, 0x4A, 0xBC, 0x4A, 0xBC, 0x4A, 0xBC, 0x4A, 0xBC, 0x4A, 0xBC, 0x4A, 0xDC, 0x4A,
    0xDC, 0x4A, 0xDC, 0x4A, 0xDC, 0x4A, 0xDC, 0x4A, 0xDC, 0x4A, 0xDC, 0x4A, 0xDC, 0x4A, 0xDC, 0x4A,
    0xDC, 0x4A, 0xDC, 0x4A, 0xDC, 0x4A, 0xDF, 0xFF, 0xFF, 0xFF, 0xDF, 0xFF, 0xDF, 0xFF, 0xDF, 0xFF,
    0xDF, 0xFF, 0xDF, 0xFF, 0xDF, 0xFF, 0xDF, 0xFF, 0xDF, 0xFF, 0xDF, 0xFF, 0xDF, 0xFF, 0xDF, 0xFF,
    0xDF, 0xFF, 0xDF, 0xFF, 0xDF, 0xFF, 0xDF, 0xFF, 0xDF, 0xFF, 0xDF, 0xFF, 0xDF, 0xFF, 0xDF, 0xFF,
    0xDF, 0xFF, 0xDF, 0xFF, 0xDF, 0xFF, 0xDF, 0xFF, 0xDF, 0xFF, 0xDF, 0xFF, 0xDF, 0xFF, 0xDF, 0xFF,
    0xDF, 0xFF, 0xDF, 0xFF, 0xDF, 0xFF, 0xDF, 0xFF, 0xDF, 0xFF, 0xDF, 0xFF, 0xDF, 0xFF, 0xDF, 0xFF,
    0xFF, 0xFF, 0xDF, 0xFF, 0xFF, 0xFF, 0xFF, 0xFF, 0xDF, 0xFF, 0xDF, 0xFF, 0xFF, 0xFF, 0xFF, 0xFF,
    0xFF, 0xFF, 0xFF, 0xFF, 0xFF, 0xFF, 0xFF, 0xFF, 0xFF, 0xFF, 0xFF, 0xFF, 0xFF, 0xFF, 0xFF, 0xFF,
    0xFF, 0xFF, 0xFF, 0xFF, 0xFF, 0xFF, 0xFF, 0xFF, 0xFF, 0xFF, 0xFF, 0xFF, 0xFF, 0xFF, 0xFF, 0xFF,
    0xFF, 0xFF, 0xFF, 0xFF, 0xFF, 0xFF, 0xFF, 0xFF, 0xFF, 0xFF, 0xFF, 0xFF, 0xFF, 0xFF, 0xFF, 0xFF,
    0xFF, 0xFF, 0xFF, 0xFF, 0xFF, 0xFF, 0xFF, 0xFF, 0xFF, 0xFF, 0xFF, 0xFF, 0xFF, 0xFF, 0xFF, 0xFF,
    0xFF, 0xFF, 0xFF, 0xFF, 0xFF, 0xFF, 0xFF, 0xFF, 0xFF, 0xFF, 0xFF, 0xFF, 0xFF, 0xFF, 0xFF, 0xFF,
    0xFF, 0xFF, 0xFF, 0xFF, 0xFF, 0xFF, 0xFF, 0xFF, 0xFF, 0xFF, 0xFF, 0xFF, 0xFF, 0xFF, 0xFF, 0xFF,
    0xFF, 0xFF, 0xFF, 0xFF, 0xFF, 0xFF, 0xFF, 0xFF, 0xFF, 0xFF, 0xFF, 0xFF, 0xFF, 0xFF, 0xFF, 0xFF,
    0xFF, 0xFF, 0xFF, 0xFF, 0xFF, 0xFF, 0xFF, 0xFF, 0xFF, 0xFF, 0xFF, 0xFF, 0xFF, 0xFF, 0xFF, 0xFF,
    0xFF, 0xFF, 0xFF, 0xFF, 0xFF, 0xFF, 0xFF, 0xFF, 0xFF, 0xFF, 0xFF, 0xFF, 0xFF, 0xFF, 0xFF, 0xFF,
    0xFF, 0xFF, 0xFF, 0xFF, 0xFF, 0xFF, 0xFF, 0xFF, 0xFF, 0xFF, 0xFF, 0xFF, 0xFF, 0xFF, 0xFF, 0xFF,
    0xFF, 0xFF, 0xFF, 0xFF, 0xFF, 0xFF, 0xFF, 0xFF, 0xFF, 0xFF, 0xFF, 0xFF, 0xFF, 0xFF, 0xFF, 0xFF,
    0xFF, 0xFF, 0xFF, 0xFF, 0xFF, 0xFF, 0xFF, 0xFF, 0xFF, 0xFF, 0xFF, 0xFF, 0xFF, 0xFF, 0xFF, 0xFF,
    0xFF, 0xFF, 0xFF, 0xFF, 0xFF, 0xFF, 0xFF, 0xFF, 0xFF, 0xFF, 0xFF, 0xFF, 0xFF, 0xFF, 0xFF, 0xFF,
    0xFF, 0xFF, 0xFF, 0xFF, 0xFF, 0xFF, 0xFF, 0xFF, 0xFF, 0xFF, 0xFF, 0xFF, 0xFF, 0xFF, 0xFF, 0xFF,
    0xFF, 0xFF, 0xFF, 0xFF, 0xFF, 0xFF, 0xFF, 0xFF, 0xFF, 0xFF, 0xFF, 0xFF, 0xFF, 0xFF, 0xFF, 0xFF,
    0xFF, 0xFF, 0xFF, 0xFF, 0xFF, 0xFF, 0xFF, 0xFF, 0xFF, 0xFF, 0xFF, 0xFF, 0xFF, 0xFF, 0xFF, 0xFF,
    0xFF, 0xFF, 0xFF, 0xFF, 0xFF, 0xFF, 0xFF, 0xFF, 0xFF, 0xFF, 0xFF, 0xFF, 0xFF, 0xFF, 0xFF, 0xFF,
    0xFF, 0xFF, 0xFF, 0xFF, 0xFF, 0xFF, 0xFF, 0xFF, 0xFF, 0xFF, 0xFF, 0xFF, 0xFF, 0xFF, 0xFF, 0xFF,
    0xFF, 0xFF, 0xFF, 0xFF, 0xFF, 0xFF, 0xFF, 0xFF, 0xFF, 0xFF, 0xFF, 0xFF, 0xFF, 0xFF, 0xFF, 0xFF,
    0xFF, 0xFF, 0xFF, 0xFF, 0xFF, 0xFF, 0xFF, 0xFF, 0xFF, 0xFF, 0xFF, 0xFF, 0xFF, 0xFF, 0xFF, 0xFF,
    0xAC, 0x52, 0xC8, 0x21, 0xFF, 0xFF, 0xFF, 0xFF, 0xFF, 0xFF, 0xFF, 0xFF, 0x3B, 0xEF, 0xF9, 0xEE,
    0xF9, 0xE6, 0xF9, 0xE6, 0xF9, 0xEE, 0xD9, 0xE6, 0xF9, 0xE6, 0xF9, 0xE6, 0xF9, 0xE6, 0xF9, 0xE6,
    0x37, 0xCE, 0xD9, 0xE6, 0xD9, 0xE6, 0x78, 0xD6, 0xF9, 0xE6, 0xF9, 0xE6, 0xF9, 0xE6, 0xFA, 0xE6,
    0xFA, 0xE6, 0xFA, 0xE6, 0xFA, 0xE6, 0xFA, 0xEE, 0xF9, 0xE6, 0xFA, 0xE6, 0xFA, 0xEE, 0xF9, 0xE6,
    0xF9, 0xE6, 0xF9, 0xE6, 0x98, 0xDE, 0x98, 0xE6, 0x98, 0xE6, 0xB4, 0xC5, 0x12, 0xAD, 0x36, 0xD6,
    0x98, 0xE6, 0x98, 0xE6, 0x77, 0xDE, 0x57, 0xD6, 0x57, 0xD6, 0x77, 0xDE, 0xD4, 0xC5, 0x98, 0xE6,
    0x97, 0xE6, 0x97, 0xE6, 0x97, 0xE6, 0x98, 0xE6, 0x98, 0xE6, 0x97, 0xE6, 0x98, 0xDE, 0x98, 0xE6,
    0x97, 0xE6, 0x76, 0xDE, 0x97, 0xE6, 0x97, 0xE6, 0x97, 0xE6, 0x57, 0xD6, 0x12, 0xAD, 0xD5, 0xC5,
    0x98, 0xE6, 0x98, 0xE6, 0x97, 0xE6, 0x97, 0xE6, 0x98, 0xE6, 0x97, 0xE6, 0x98, 0xE6, 0x97, 0xE6,
    0x98, 0xE6, 0x97, 0xE6, 0x97, 0xE6, 0x97, 0xE6, 0x98, 0xE6, 0x97, 0xE6, 0x97, 0xE6, 0x97, 0xE6,
    0xB8, 0xE6, 0xF9, 0xE6, 0xF9, 0xE6, 0xF9, 0xE6, 0xF9, 0xE6, 0xD9, 0xE6, 0xFF, 0xFF, 0xFF, 0xFF,
    0xFF, 0xFF, 0xFF, 0xFF, 0x6E, 0x63, 0x47, 0x19, 0x78, 0x4A, 0xBC, 0x4A, 0xBC, 0x4A, 0xBC, 0x4A,
    0xBC, 0x4A, 0xBC, 0x4A, 0xBC, 0x4A, 0xBC, 0x4A, 0xBC, 0x4A, 0xBC, 0x4A, 0xBC, 0x4A, 0xBC, 0x4A,
    0xDC, 0x4A, 0xDC, 0x4A, 0xDC, 0x4A, 0xDC, 0x4A, 0xDC, 0x4A, 0xDC, 0x4A, 0xDC, 0x4A, 0xDC, 0x4A,
    0xDC, 0x4A, 0xDC, 0x4A, 0xDC, 0x4A, 0xDB, 0x4A, 0xDF, 0xFF, 0xFF, 0xFF, 0xDF, 0xFF, 0xDF, 0xFF,
    0xFF, 0xFF, 0xDF, 0xFF, 0xDF, 0xFF, 0xDF, 0xFF, 0xDF, 0xFF, 0xFF, 0xFF, 0xDF, 0xFF, 0xDF, 0xFF,
    0xDF, 0xFF, 0xDF, 0xFF, 0xDF, 0xFF, 0xDF, 0xFF, 0xDF, 0xFF, 0xDF, 0xFF, 0xDF, 0xFF, 0xDF, 0xFF,
    0xDF, 0xFF, 0xDF, 0xFF, 0xDF, 0xFF, 0xDF, 0xFF, 0xDF, 0xFF, 0xDF, 0xFF, 0xDF, 0xFF, 0xDF, 0xFF,
    0xFF, 0xFF, 0xDF, 0xFF, 0xFF, 0xFF, 0xFF, 0xFF, 0xFF, 0xFF, 0xDF, 0xFF, 0xDF, 0xFF, 0xFF, 0xFF,
    0xFF, 0xFF, 0xDF, 0xFF, 0xDF, 0xFF, 0xFF, 0xFF, 0xFF, 0xFF, 0xFF, 0xFF, 0xFF, 0xFF, 0xFF, 0xFF,
    0xFF, 0xFF, 0xFF, 0xFF, 0xFF, 0xFF, 0xFF, 0xFF, 0xFF, 0xFF, 0xFF, 0xFF, 0xFF, 0xFF, 0xFF, 0xFF,
    0xFF, 0xFF, 0xFF, 0xFF, 0xFF, 0xFF, 0xFF, 0xFF, 0xFF, 0xFF, 0xFF, 0xFF, 0xFF, 0xFF, 0xFF, 0xFF,
    0xFF, 0xFF, 0xFF, 0xFF, 0xFF, 0xFF, 0xFF, 0xFF, 0xFF, 0xFF, 0xFF, 0xFF, 0xFF, 0xFF, 0xFF, 0xFF,
    0xFF, 0xFF, 0xFF, 0xFF, 0xFF, 0xFF, 0xFF, 0xFF, 0xFF, 0xFF, 0xFF, 0xFF, 0xFF, 0xFF, 0xFF, 0xFF,
    0xFF, 0xFF, 0xFF, 0xFF, 0xFF, 0xFF, 0xFF, 0xFF, 0xFF, 0xFF, 0xFF, 0xFF, 0xFF, 0xFF, 0xFF, 0xFF,
    0xFF, 0xFF, 0xFF, 0xFF, 0xFF, 0xFF, 0xFF, 0xFF, 0xFF, 0xFF, 0xFF, 0xFF, 0xFF, 0xFF, 0xFF, 0xFF,
    0xFF, 0xFF, 0xFF, 0xFF, 0xFF, 0xFF, 0xFF, 0xFF, 0xFF, 0xFF, 0xFF, 0xFF, 0xFF, 0xFF, 0xFF, 0xFF,
    0xFF, 0xFF, 0xFF, 0xFF, 0xFF, 0xFF, 0xFF, 0xFF, 0xFF, 0xFF, 0xFF, 0xFF, 0xFF, 0xFF, 0xFF, 0xFF,
    0xFF, 0xFF, 0xFF, 0xFF, 0xFF, 0xFF, 0xFF, 0xFF, 0xFF, 0xFF, 0xFF, 0xFF, 0xFF, 0xFF, 0xFF, 0xFF,
    0xFF, 0xFF, 0xFF, 0xFF, 0xFF, 0xFF, 0xFF, 0xFF, 0xFF, 0xFF, 0xFF, 0xFF, 0xFF, 0xFF, 0xFF, 0xFF,
    0xFF, 0xFF, 0xFF, 0xFF, 0xFF, 0xFF, 0xFF, 0xFF, 0xFF, 0xFF, 0xFF, 0xFF, 0xFF, 0xFF, 0xFF, 0xFF,
    0xFF, 0xFF, 0xFF, 0xFF, 0xFF, 0xFF, 0xFF, 0xFF, 0xFF, 0xFF, 0xFF, 0xFF, 0xFF, 0xFF, 0xFF, 0xFF,
    0xFF, 0xFF, 0xFF, 0xFF, 0xFF, 0xFF, 0xFF, 0xFF, 0xFF, 0xFF, 0xFF, 0xFF, 0xFF, 0xFF, 0xFF, 0xFF,
    0xFF, 0xFF, 0xFF, 0xFF, 0xFF, 0xFF, 0xFF, 0xFF, 0xFF, 0xFF, 0xFF, 0xFF, 0xFF, 0xFF, 0xFF, 0xFF,
    0xFF, 0xFF, 0xFF, 0xFF, 0xFF, 0xFF, 0xFF, 0xFF, 0xFF, 0xFF, 0xFF, 0xFF, 0xFF, 0xFF, 0xFF, 0xFF,
    0xFF, 0xFF, 0xFF, 0xFF, 0xFF, 0xFF, 0xFF, 0xFF, 0xFF, 0xFF, 0xFF, 0xFF, 0xFF, 0xFF, 0xFF, 0xFF,
    0xFF, 0xFF, 0xFF, 0xFF, 0xFF, 0xFF, 0xFF, 0xFF, 0xFF, 0xFF, 0xFF, 0xFF, 0xFF, 0xFF, 0xFF, 0xFF,
    0xFF, 0xFF, 0xFF, 0xFF, 0xFF, 0xFF, 0xFF, 0xFF, 0xFF, 0xFF, 0xFF, 0xFF, 0xFF, 0xFF, 0xFF, 0xFF,
    0xFF, 0xFF, 0xFF, 0xFF, 0xFF, 0xFF, 0xFF, 0xFF, 0xFF, 0xFF, 0xFF, 0xFF, 0xFF, 0xFF, 0xFF, 0xFF,
    0xFF, 0xFF, 0xFF, 0xFF, 0xFF, 0xFF, 0xFF, 0xFF, 0xFF, 0xFF, 0xFF, 0xFF, 0xFF, 0xFF, 0xFF, 0xFF,
    0xFF, 0xFF, 0xAC, 0x52, 0xC8, 0x21, 0xFF, 0xFF, 0xFF, 0xFF, 0xFF, 0xFF, 0xFF, 0xFF, 0x3B, 0xEF,
    0xF9, 0xEE, 0xF9, 0xE6, 0xF9, 0xE6, 0xF9, 0xEE, 0xD9, 0xE6, 0xF9, 0xE6, 0xF9, 0xEE, 0xF9, 0xE6,
    0xFA, 0xE6, 0xB1, 0x9C, 0x37, 0xCE, 0x98, 0xDE, 0xB1, 0x9C, 0x57, 0xD6, 0x12, 0xAD, 0x78, 0xD6,
    0xB5, 0xBD, 0x13, 0xAD, 0x95, 0xBD, 0x74, 0xB5, 0xFA, 0xE6, 0x33, 0xB5, 0xF6, 0xC5, 0xFA, 0xE6,
    0xFA, 0xEE, 0xF9, 0xE6, 0xF9, 0xE6, 0x97, 0xDE, 0x97, 0xE6, 0x56, 0xD6, 0x6C, 0x73, 0xB5, 0xBD,
    0x0E, 0x8C, 0xB5, 0xC5, 0xF1, 0xAC, 0x74, 0xBD, 0x2B, 0x6B, 0xEE, 0x8B, 0x50, 0x94, 0xF2, 0xAC,
    0x95, 0xBD, 0xD1, 0xA4, 0xF5, 0xCD, 0x16, 0xCE, 0xD1, 0xAC, 0x94, 0xBD, 0xD4, 0xC5, 0xD1, 0xA4,
    0x57, 0xDE, 0x97, 0xE6, 0x76, 0xDE, 0x97, 0xE6, 0x97, 0xE6, 0x98, 0xE6, 0xCD, 0x83, 0x74, 0xB5,
    0x0E, 0x8C, 0xB4, 0xC5, 0x57, 0xD6, 0x94, 0xBD, 0xD5, 0xC5, 0x16, 0xD6, 0xD1, 0xA4, 0x36, 0xD6,
    0x73, 0xBD, 0x53, 0xB5, 0xF2, 0xAC, 0xF1, 0xAC, 0x12, 0xAD, 0x94, 0xBD, 0x97, 0xE6, 0x97, 0xE6,
    0x98, 0xE6, 0xB8, 0xE6, 0xF9, 0xE6, 0xF9, 0xE6, 0xF9, 0xE6, 0xF9, 0xE6, 0xD9, 0xE6, 0xFF, 0xFF,
    0xFF, 0xFF, 0xFF, 0xFF, 0xFF, 0xFF, 0x6E, 0x63, 0x46, 0x19, 0x98, 0x4A, 0xBC, 0x4A, 0xBC, 0x4A,
    0xBC, 0x4A, 0xBC, 0x4A, 0xBC, 0x4A, 0xBC, 0x4A, 0xBC, 0x4A, 0xDC, 0x4A, 0xBC, 0x4A, 0xDC, 0x4A,
    0xBC, 0x4A, 0xDC, 0x4A, 0xDC, 0x4A, 0xDC, 0x4A, 0xDC, 0x4A, 0xDC, 0x4A, 0xDC, 0x4A, 0xDC, 0x4A,
    0xDC, 0x4A, 0xDB, 0x4A, 0xDC, 0x4A, 0xDC, 0x4A, 0xFC, 0x52, 0xFF, 0xFF, 0xFF, 0xFF, 0xFF, 0xFF,
    0xFF, 0xFF, 0xFF, 0xFF, 0xFF, 0xFF, 0xFF, 0xFF, 0xFF, 0xFF, 0xFF, 0xFF, 0xFF, 0xFF, 0xFF, 0xFF,
    0xDF, 0xFF, 0xFF, 0xFF, 0xFF, 0xFF, 0xDF, 0xFF, 0xDF, 0xFF, 0xFF, 0xFF, 0xFF, 0xFF, 0xDF, 0xFF,
    0xDF, 0xFF, 0xDF, 0xFF, 0xFF, 0xFF, 0xDF, 0xFF, 0xDF, 0xFF, 0xDF, 0xFF, 0xDF, 0xFF, 0xFF, 0xFF,
    0xDF, 0xFF, 0xDF, 0xFF, 0xFF, 0xFF, 0xFF, 0xFF, 0xFF, 0xFF, 0xFF, 0xFF, 0xFF, 0xFF, 0xFF, 0xFF,
    0xFF, 0xFF, 0xFF, 0xFF, 0xFF, 0xFF, 0xFF, 0xFF, 0xFF, 0xFF, 0xFF, 0xFF, 0xFF, 0xFF, 0xFF, 0xFF,
    0xFF, 0xFF, 0xFF, 0xFF, 0xFF, 0xFF, 0xFF, 0xFF, 0xFF, 0xFF, 0xFF, 0xFF, 0xFF, 0xFF, 0xFF, 0xFF,
    0xFF, 0xFF, 0xFF, 0xFF, 0xFF, 0xFF, 0xFF, 0xFF, 0xFF, 0xFF, 0xFF, 0xFF, 0xFF, 0xFF, 0xFF, 0xFF,
    0xFF, 0xFF, 0xFF, 0xFF, 0xFF, 0xFF, 0xFF, 0xFF, 0xFF, 0xFF, 0xFF, 0xFF, 0xFF, 0xFF, 0xFF, 0xFF,
    0xFF, 0xFF, 0xFF, 0xFF, 0xFF, 0xFF, 0xFF, 0xFF, 0xFF, 0xFF, 0xFF, 0xFF, 0xFF, 0xFF, 0xFF, 0xFF,
    0xFF, 0xFF, 0xFF, 0xFF, 0xFF, 0xFF, 0xFF, 0xFF, 0xFF, 0xFF, 0xFF, 0xFF, 0xFF, 0xFF, 0xFF, 0xFF,
    0xFF, 0xFF, 0xFF, 0xFF, 0xFF, 0xFF, 0xFF, 0xFF, 0xFF, 0xFF, 0xFF, 0xFF, 0xFF, 0xFF, 0xFF, 0xFF,
    0xFF, 0xFF, 0xFF, 0xFF, 0xFF, 0xFF, 0xFF, 0xFF, 0xFF, 0xFF, 0xFF, 0xFF, 0xFF, 0xFF, 0xFF, 0xFF,
    0xFF, 0xFF, 0xFF, 0xFF, 0xFF, 0xFF, 0xFF, 0xFF, 0xFF, 0xFF, 0xFF, 0xFF, 0xFF, 0xFF, 0xFF, 0xFF,
    0xFF, 0xFF, 0xFF, 0xFF, 0xFF, 0xFF, 0xFF, 0xFF, 0xFF, 0xFF, 0xFF, 0xFF, 0xFF, 0xFF, 0xFF, 0xFF,
    0xFF, 0xFF, 0xFF, 0xFF, 0xFF, 0xFF, 0xFF, 0xFF, 0xFF, 0xFF, 0xFF, 0xFF, 0xFF, 0xFF, 0xFF, 0xFF,
    0xFF, 0xFF, 0xFF, 0xFF, 0xFF, 0xFF, 0xFF, 0xFF, 0xFF, 0xFF, 0xFF, 0xFF, 0xFF, 0xFF, 0xFF, 0xFF,
    0xFF, 0xFF, 0xFF, 0xFF, 0xFF, 0xFF, 0xFF, 0xFF, 0xFF, 0xFF, 0xFF, 0xFF, 0xFF, 0xFF, 0xFF, 0xFF,
    0xFF, 0xFF, 0xFF, 0xFF, 0xFF, 0xFF, 0xFF, 0xFF, 0xFF, 0xFF, 0xFF, 0xFF, 0xFF, 0xFF, 0xFF, 0xFF,
    0xFF, 0xFF, 0xFF, 0xFF, 0xFF, 0xFF, 0xFF, 0xFF, 0xFF, 0xFF, 0xFF, 0xFF, 0xFF, 0xFF, 0xFF, 0xFF,
    0xFF, 0xFF, 0xFF, 0xFF, 0xFF, 0xFF, 0xFF, 0xFF, 0xFF, 0xFF, 0xFF, 0xFF, 0xFF, 0xFF, 0xFF, 0xFF,
    0xFF, 0xFF, 0xFF, 0xFF, 0xFF, 0xFF, 0xFF, 0xFF, 0xFF, 0xFF, 0xFF, 0xFF, 0xFF, 0xFF, 0xFF, 0xFF,
    0xFF, 0xFF, 0xFF, 0xFF, 0xFF, 0xFF, 0xFF, 0xFF, 0xFF, 0xFF, 0xFF, 0xFF, 0xFF, 0xFF, 0xFF, 0xFF,
    0xFF, 0xFF, 0xFF, 0xFF, 0xFF, 0xFF, 0xFF, 0xFF, 0xFF, 0xFF, 0xFF, 0xFF, 0xFF, 0xFF, 0xFF, 0xFF,
    0xFF, 0xFF, 0xFF, 0xFF, 0xFF, 0xFF, 0xFF, 0xFF, 0xFF, 0xFF, 0xFF, 0xFF, 0xFF, 0xFF, 0xFF, 0xFF,
    0xFF, 0xFF, 0xFF, 0xFF, 0xFF, 0xFF, 0xFF, 0xFF, 0xFF, 0xFF, 0xFF, 0xFF, 0xFF, 0xFF, 0xFF, 0xFF,
    0xFF, 0xFF, 0xFF, 0xFF, 0xAC, 0x52, 0xC8, 0x21, 0xFF, 0xFF, 0xFF, 0xFF, 0xFF, 0xFF, 0xFF, 0xFF,
    0x3B, 0xEF, 0xF9, 0xEE, 0xF9, 0xE6, 0xF9, 0xE6, 0xF9, 0xEE, 0xD9, 0xE6, 0xF9, 0xE6, 0xF9, 0xEE,
    0xF9, 0xE6, 0xFA, 0xE6, 0x91, 0x9C, 0x0B, 0x6B, 0x0B, 0x6B, 0x71, 0x94, 0xAD, 0x7B, 0x37, 0xCE,
    0x50, 0x94, 0xEE, 0x83, 0x54, 0xB5, 0x2F, 0x8C, 0x6C, 0x73, 0x0F, 0x84, 0x30, 0x8C, 0xCE, 0x83,
    0x1A, 0xEF, 0xFA, 0xEE, 0xF9, 0xE6, 0xF9, 0xE6, 0x97, 0xDE, 0x97, 0xE6, 0x97, 0xDE, 0x90, 0x9C,
    0x2B, 0x6B, 0xB5, 0xBD, 0xCA, 0x5A, 0x0E, 0x8C, 0x70, 0x94, 0xCE, 0x83, 0xB1, 0xA4, 0x33, 0xAD,
    0x2B, 0x6B, 0x2B, 0x6B, 0xB5, 0xBD, 0xCE, 0x83, 0x8C, 0x7B, 0xF6, 0xCD, 0x6C, 0x73, 0x2B, 0x6B,
    0xD1, 0xA4, 0xF5, 0xCD, 0x97, 0xE6, 0x76, 0xDE, 0x97, 0xE6, 0x97, 0xE6, 0x97, 0xE6, 0xD5, 0xC5,
    0x2B, 0x6B, 0x90, 0x9C, 0x70, 0x9C, 0x70, 0x9C, 0x6D, 0x73, 0xAD, 0x7B, 0xF2, 0xAC, 0xF2, 0xA4,
    0xAD, 0x7B, 0x4B, 0x6B, 0xD6, 0xC5, 0x4C, 0x73, 0x2F, 0x8C, 0x53, 0xB5, 0x6C, 0x73, 0x98, 0xE6,
    0x98, 0xE6, 0x98, 0xE6, 0xB8, 0xE6, 0xF9, 0xE6, 0xF9, 0xE6, 0xF9, 0xE6, 0xF9, 0xE6, 0xD9, 0xE6,
    0xFF, 0xFF, 0xFF, 0xFF, 0xFF, 0xFF, 0xFF, 0xFF, 0x6E, 0x63, 0x27, 0x19, 0x98, 0x4A, 0xBC, 0x4A,
    0xBC, 0x4A, 0xBC, 0x4A, 0xBC, 0x4A, 0xBC, 0x4A, 0xBC, 0x4A, 0xDC, 0x4A, 0xDC, 0x4A, 0xDC, 0x4A,
    0xDC, 0x4A, 0xDC, 0x4A, 0xDC, 0x4A, 0xDC, 0x4A, 0xDC, 0x4A, 0xDC, 0x4A, 0xDC, 0x4A, 0xDC, 0x4A,
    0xDC, 0x4A, 0xDC, 0x4A, 0xDC, 0x52, 0xDC, 0x4A, 0xDC, 0x52, 0xDB, 0x52, 0xFF, 0xFF, 0xFF, 0xFF,
    0xFF, 0xFF, 0xFF, 0xFF, 0xFF, 0xFF, 0xFF, 0xFF, 0xFF, 0xFF, 0xFF, 0xFF, 0xFF, 0xFF, 0xFF, 0xFF,
    0xFF, 0xFF, 0xFF, 0xFF, 0xFF, 0xFF, 0xFF, 0xFF, 0xFF, 0xFF, 0xFF, 0xFF, 0xFF, 0xFF, 0xFF, 0xFF,
    0xDF, 0xFF, 0xFF, 0xFF, 0xFF, 0xFF, 0xFF, 0xFF, 0xFF, 0xFF, 0xFF, 0xFF, 0xFF, 0xFF, 0xFF, 0xFF,
    0xFF, 0xFF, 0xFF, 0xFF, 0xFF, 0xFF, 0xFF, 0xFF, 0xFF, 0xFF, 0xFF, 0xFF, 0xFF, 0xFF, 0xFF, 0xFF,
    0xFF, 0xFF, 0xFF, 0xFF, 0xFF, 0xFF, 0xFF, 0xFF, 0xFF, 0xFF, 0xFF, 0xFF, 0xFF, 0xFF, 0xFF, 0xFF,
    0xFF, 0xFF, 0xFF, 0xFF, 0xFF, 0xFF, 0xFF, 0xFF, 0xFF, 0xFF, 0xFF, 0xFF, 0xFF, 0xFF, 0xFF, 0xFF,
    0xFF, 0xFF, 0xFF, 0xFF, 0xFF, 0xFF, 0xFF, 0xFF, 0xFF, 0xFF, 0xFF, 0xFF, 0xFF, 0xFF, 0xFF, 0xFF,
    0xFF, 0xFF, 0xFF, 0xFF, 0xFF, 0xFF, 0xFF, 0xFF, 0xFF, 0xFF, 0xFF, 0xFF, 0xFF, 0xFF, 0xFF, 0xFF,
    0xFF, 0xFF, 0xFF, 0xFF, 0xFF, 0xFF, 0xFF, 0xFF, 0xFF, 0xFF, 0xFF, 0xFF, 0xFF, 0xFF, 0xFF, 0xFF,
    0xFF, 0xFF, 0xFF, 0xFF, 0xFF, 0xFF, 0xFF, 0xFF, 0xFF, 0xFF, 0xFF, 0xFF, 0xFF, 0xFF, 0xFF, 0xFF,
    0xFF, 0xFF, 0xFF, 0xFF, 0xFF, 0xFF, 0xFF, 0xFF, 0xFF, 0xFF, 0xFF, 0xFF, 0xFF, 0xFF, 0xFF, 0xFF,
    0xFF, 0xFF, 0xFF, 0xFF, 0xFF, 0xFF, 0xFF, 0xFF, 0xFF, 0xFF, 0xFF, 0xFF, 0xFF, 0xFF, 0xFF, 0xFF,
    0xFF, 0xFF, 0xFF, 0xFF, 0xFF, 0xFF, 0xFF, 0xFF, 0xFF, 0xFF, 0xFF, 0xFF, 0xFF, 0xFF, 0xFF, 0xFF,
    0xFF, 0xFF, 0xFF, 0xFF, 0xFF, 0xFF, 0xFF, 0xFF, 0xFF, 0xFF, 0xFF, 0xFF, 0xFF, 0xFF, 0xFF, 0xFF,
    0xFF, 0xFF, 0xFF, 0xFF, 0xFF, 0xFF, 0xFF, 0xFF, 0xFF, 0xFF, 0xFF, 0xFF, 0xFF, 0xFF, 0xFF, 0xFF,
    0xFF, 0xFF, 0xFF, 0xFF, 0xFF, 0xFF, 0xFF, 0xFF, 0xFF, 0xFF, 0xFF, 0xFF, 0xFF, 0xFF, 0xFF, 0xFF,
    0xFF, 0xFF, 0xFF, 0xFF, 0xFF, 0xFF, 0xFF, 0xFF, 0xFF, 0xFF, 0xFF, 0xFF, 0xFF, 0xFF, 0xFF, 0xFF,
    0xFF, 0xFF, 0xFF, 0xFF, 0xFF, 0xFF, 0xFF, 0xFF, 0xFF, 0xFF, 0xFF, 0xFF, 0xFF, 0xFF, 0xFF, 0xFF,
    0xFF, 0xFF, 0xFF, 0xFF, 0xFF, 0xFF, 0xFF, 0xFF, 0xFF, 0xFF, 0xFF, 0xFF, 0xFF, 0xFF, 0xFF, 0xFF,
    0xFF, 0xFF, 0xFF, 0xFF, 0xFF, 0xFF, 0xFF, 0xFF, 0xFF, 0xFF, 0xFF, 0xFF, 0xFF, 0xFF, 0xFF, 0xFF,
    0xFF, 0xFF, 0xFF, 0xFF, 0xFF, 0xFF, 0xFF, 0xFF, 0xFF, 0xFF, 0xFF, 0xFF, 0xFF, 0xFF, 0xFF, 0xFF,
    0xFF, 0xFF, 0xFF, 0xFF, 0xFF, 0xFF, 0xFF, 0xFF, 0xFF, 0xFF, 0xFF, 0xFF, 0xFF, 0xFF, 0xFF, 0xFF,
    0xFF, 0xFF, 0xFF, 0xFF, 0xFF, 0xFF, 0xFF, 0xFF, 0xFF, 0xFF, 0xFF, 0xFF, 0xFF, 0xFF, 0xFF, 0xFF,
    0xFF, 0xFF, 0xFF, 0xFF, 0xFF, 0xFF, 0xFF, 0xFF, 0xFF, 0xFF, 0xFF, 0xFF, 0xFF, 0xFF, 0xFF, 0xFF,
    0xFF, 0xFF, 0xFF, 0xFF, 0xFF, 0xFF, 0xFF, 0xFF, 0xFF, 0xFF, 0xFF, 0xFF, 0xFF, 0xFF, 0xFF, 0xFF,
    0xFF, 0xFF, 0xFF, 0xFF, 0xFF, 0xFF, 0x8B, 0x4A, 0xC8, 0x21, 0xFF, 0xFF, 0xFF, 0xFF, 0xFF, 0xFF,
    0xFF, 0xFF, 0x3B, 0xEF, 0xF9, 0xEE, 0xF9, 0xE6, 0xF9, 0xE6, 0xF9, 0xEE, 0xD9, 0xE6, 0xF9, 0xE6,
    0xFA, 0xEE, 0xF9, 0xE6, 0xFA, 0xE6, 0x90, 0x9C, 0x37, 0xCE, 0x98, 0xDE, 0x91, 0x9C, 0x0F, 0x8C,
    0x37, 0xCE, 0x0F, 0x8C, 0x2F, 0x8C, 0xB5, 0xBD, 0xD2, 0xA4, 0xAD, 0x7B, 0xAD, 0x7B, 0xF2, 0xA4,
    0xB5, 0xBD, 0xFA, 0xEE, 0xFA, 0xE6, 0xF9, 0xE6, 0xF9, 0xEE, 0x97, 0xDE, 0x98, 0xE6, 0x16, 0xCE,
    0x2F, 0x94, 0xF6, 0xCD, 0xEA, 0x6A, 0xA9, 0x5A, 0x74, 0xB5, 0x95, 0xBD, 0xEE, 0x83, 0xD2, 0xAC,
    0x13, 0xAD, 0x2B, 0x6B, 0x4C, 0x73, 0x36, 0xCE, 0xEE, 0x83, 0xCD, 0x83, 0x36, 0xCE, 0x6C, 0x73,
    0xD1, 0xA4, 0x2F, 0x8C, 0x12, 0xB5, 0x97, 0xE6, 0x76, 0xDE, 0x97, 0xE6, 0x97, 0xE6, 0x97, 0xE6,
    0x2E, 0x94, 0x36, 0xCE, 0x8D, 0x7B, 0xF2, 0xA4, 0x89, 0x5A, 0x50, 0x8C, 0x4C, 0x73, 0x6C, 0x73,
    0x53, 0xB5, 0x8C, 0x7B, 0xCD, 0x83, 0x36, 0xD6, 0xAD, 0x83, 0xB1, 0xA4, 0xD5, 0xCD, 0x4C, 0x73,
    0x98, 0xE6, 0x98, 0xDE, 0x98, 0xE6, 0xB8, 0xE6, 0xF9, 0xE6, 0xF9, 0xE6, 0xF9, 0xE6, 0xF9, 0xE6,
    0xD9, 0xE6, 0xFF, 0xFF, 0xFF, 0xFF, 0xFF, 0xFF, 0xFF, 0xFF, 0x6E, 0x63, 0x47, 0x19, 0x98, 0x4A,
    0xBC, 0x4A, 0xBC, 0x4A, 0xBC, 0x4A, 0xBC, 0x4A, 0xBC, 0x4A, 0xDC, 0x4A, 0xDC, 0x4A, 0xDC, 0x4A,
    0xDC, 0x4A, 0xDC, 0x4A, 0xDC, 0x4A, 0xDC, 0x4A, 0xDC, 0x4A, 0xDC, 0x4A, 0xDC, 0x4A, 0xDC, 0x4A,
    0xDC, 0x4A, 0xDC, 0x4A, 0xDC, 0x4A, 0xDC, 0x4A, 0xFC, 0x52, 0xDB, 0x4A, 0xFB, 0x52, 0xFF, 0xFF,
    0xFF, 0xFF, 0xFF, 0xFF, 0xFF, 0xFF, 0xFF, 0xFF, 0xFF, 0xFF, 0xFF, 0xFF, 0xFF, 0xFF, 0xFF, 0xFF,
    0xFF, 0xFF, 0xFF, 0xFF, 0xFF, 0xFF, 0xFF, 0xFF, 0xFF, 0xFF, 0xFF, 0xFF, 0xFF, 0xFF, 0xFF, 0xFF,
    0xFF, 0xFF, 0xFF, 0xFF, 0xFF, 0xFF, 0xFF, 0xFF, 0xFF, 0xFF, 0xFF, 0xFF, 0xFF, 0xFF, 0xDF, 0xD6,
    0x5D, 0x32, 0xFD, 0x29, 0xFD, 0x29, 0xFD, 0x29, 0xFD, 0x29, 0xFD, 0x29, 0xFD, 0x29, 0xFD, 0x29,
    0xFD, 0x29, 0xFD, 0x29, 0xFD, 0x29, 0xFD, 0x29, 0xFD, 0x29, 0xFD, 0x29, 0xFD, 0x29, 0xFD, 0x29,
    0xFD, 0x29, 0xFD, 0x29, 0xFD, 0x29, 0xFD, 0x29, 0xFD, 0x29, 0xFD, 0x29, 0xFD, 0x29, 0xFD, 0x29,
    0xFD, 0x29, 0xFD, 0x29, 0xFD, 0x29, 0xFD, 0x29, 0xFD, 0x29, 0xFD, 0x29, 0xFD, 0x29, 0xFD, 0x29,
    0xFD, 0x29, 0xFD, 0x29, 0xFD, 0x29, 0xFD, 0x29, 0xFD, 0x29, 0xFD, 0x29, 0xFD, 0x29, 0xFD, 0x29,
    0xBE, 0x42, 0xDF, 0xD6, 0xFF, 0xFF, 0xFF, 0xFF, 0xFF, 0xFF, 0xFF, 0xFF, 0xFF, 0xFF, 0xFF, 0xFF,
    0xFF, 0xFF, 0xFF, 0xFF, 0xFF, 0xFF, 0xFF, 0xFF, 0xFF, 0xFF, 0xFF, 0xFF, 0xFF, 0xFF, 0xFF, 0xFF,
    0xFF, 0xFF, 0xFF, 0xFF, 0xFF, 0xFF, 0xFF, 0xFF, 0xFF, 0xFF, 0xFF, 0xFF, 0xFF, 0xFF, 0xFF, 0xFF,
    0xFF, 0xFF, 0xFF, 0xFF, 0xFF, 0xFF, 0xFF, 0xFF, 0xFF, 0xFF, 0xFF, 0xFF, 0xFF, 0xFF, 0xFF, 0xFF,
    0xFF, 0xFF, 0xFF, 0xFF, 0xFF, 0xFF, 0xFF, 0xFF, 0xFF, 0xFF, 0xFF, 0xFF, 0xFF, 0xFF, 0xFF, 0xFF,
    0xFF, 0xFF, 0xFF, 0xFF, 0xFF, 0xFF, 0xFF, 0xFF, 0xFF, 0xFF, 0xFF, 0xFF, 0xFF, 0xFF, 0xFF, 0xFF,
    0xFF, 0xFF, 0xFF, 0xFF, 0xFF, 0xFF, 0xFF, 0xFF, 0xFF, 0xFF, 0xFF, 0xFF, 0xFF, 0xFF, 0xFF, 0xFF,
    0xFF, 0xFF, 0xFF, 0xFF, 0xFF, 0xFF, 0xFF, 0xFF, 0xFF, 0xFF, 0xFF, 0xFF, 0xFF, 0xFF, 0xFF, 0xFF,
    0xFF, 0xFF, 0xFF, 0xFF, 0xFF, 0xFF, 0xFF, 0xFF, 0xFF, 0xFF, 0xFF, 0xFF, 0xFF, 0xFF, 0xFF, 0xFF,
    0xFF, 0xFF, 0xFF, 0xFF, 0xFF, 0xFF, 0xFF, 0xFF, 0xFF, 0xFF, 0xFF, 0xFF, 0xFF, 0xFF, 0xFF, 0xFF,
    0xFF, 0xFF, 0xFF, 0xFF, 0xFF, 0xFF, 0xFF, 0xFF, 0xFF, 0xFF, 0xFF, 0xFF, 0xFF, 0xFF, 0xFF, 0xFF,
    0xFF, 0xFF, 0xFF, 0xFF, 0xFF, 0xFF, 0xFF, 0xFF, 0xFF, 0xFF, 0xFF, 0xFF, 0xFF, 0xFF, 0xFF, 0xFF,
    0xFF, 0xFF, 0xFF, 0xFF, 0xFF, 0xFF, 0xFF, 0xFF, 0xFF, 0xFF, 0xFF, 0xFF, 0xFF, 0xFF, 0xFF, 0xFF,
    0xFF, 0xFF, 0xFF, 0xFF, 0xFF, 0xFF, 0xFF, 0xFF, 0xFF, 0xFF, 0xFF, 0xFF, 0xFF, 0xFF, 0xFF, 0xFF,
    0xFF, 0xFF, 0xFF, 0xFF, 0xFF, 0xFF, 0xFF, 0xFF, 0xFF, 0xFF, 0xFF, 0xFF, 0xFF, 0xFF, 0xFF, 0xFF,
    0xFF, 0xFF, 0xFF, 0xFF, 0xFF, 0xFF, 0xFF, 0xFF, 0xFF, 0xFF, 0xFF, 0xFF, 0xFF, 0xFF, 0xFF, 0xFF,
    0xFF, 0xFF, 0xFF, 0xFF, 0xFF, 0xFF, 0xFF, 0xFF, 0xFF, 0xFF, 0xFF, 0xFF, 0xFF, 0xFF, 0xFF, 0xFF,
    0xFF, 0xFF, 0xFF, 0xFF, 0xFF, 0xFF, 0xFF, 0xFF, 0x8B, 0x4A, 0xC8, 0x21, 0xFF, 0xFF, 0xFF, 0xFF,
    0xFF, 0xFF, 0xFF, 0xFF, 0x3B, 0xEF, 0xF9, 0xEE, 0xF9, 0xE6, 0xF9, 0xE6, 0xF9, 0xEE, 0xD9, 0xE6,
    0xF9, 0xE6, 0xFA, 0xEE, 0xFA, 0xE6, 0xF9, 0xE6, 0x36, 0xCE, 0xD9, 0xDE, 0xD9, 0xE6, 0x37, 0xCE,
    0xD5, 0xC5, 0xF2, 0xA4, 0x99, 0xDE, 0x16, 0xCE, 0x77, 0xD6, 0x57, 0xD6, 0xD6, 0xC5, 0xD9, 0xE6,
    0x12, 0xAD, 0xF5, 0xC5, 0x19, 0xE7, 0xF9, 0xE6, 0xF9, 0xE6, 0xF9, 0xEE, 0x97, 0xDE, 0x97, 0xE6,
    0x98, 0xE6, 0x73, 0xBD, 0x90, 0x9C, 0x16, 0xD6, 0x94, 0xBD, 0xB0, 0xA4, 0x57, 0xD6, 0x12, 0xAD,
    0x16, 0xCE, 0x32, 0xAD, 0x74, 0xBD, 0x94, 0xBD, 0x97, 0xDE, 0xB4, 0xC5, 0x53, 0xB5, 0x2F, 0x94,
    0x6C, 0x7B, 0x73, 0xB5, 0xB1, 0xA4, 0x77, 0xDE, 0x97, 0xE6, 0x56, 0xDE, 0x98, 0xE6, 0x97, 0xE6,
    0x97, 0xDE, 0x36, 0xD6, 0xD1, 0xA4, 0x53, 0xBD, 0x57, 0xD6, 0x93, 0xBD, 0xD5, 0xC5, 0x36, 0xD6,
    0xD5, 0xC5, 0xD1, 0xA4, 0x94, 0xBD, 0x94, 0xC5, 0x77, 0xDE, 0xB4, 0xC5, 0xF5, 0xCD, 0x57, 0xDE,
    0x74, 0xBD, 0x98, 0xE6, 0x97, 0xE6, 0x98, 0xE6, 0xB8, 0xE6, 0xF9, 0xE6, 0xF9, 0xE6, 0xF9, 0xE6,
    0xF9, 0xE6, 0xD9, 0xE6, 0xFF, 0xFF, 0xFF, 0xFF, 0xFF, 0xFF, 0xFF, 0xFF, 0x6E, 0x5B, 0xAC, 0x39,
    0xBB, 0x4A, 0xBC, 0x4A, 0xBC, 0x4A, 0xBC, 0x4A, 0xBC, 0x4A, 0xDC, 0x4A, 0xDC, 0x4A, 0xDC, 0x4A,
    0xDC, 0x4A, 0xDC, 0x4A, 0xDC, 0x4A, 0xDC, 0x4A, 0xDC, 0x4A, 0xDC, 0x4A, 0xDC, 0x4A, 0xDC, 0x4A,
    0xDC, 0x4A, 0xDC, 0x4A, 0xDC, 0x4A, 0xFC, 0x52, 0xFC, 0x52, 0xFB, 0x52, 0xFB, 0x52, 0xFC, 0x52,
    0xFF, 0xFF, 0xFF, 0xFF, 0xFF, 0xFF, 0xFF, 0xFF, 0xFF, 0xFF, 0xFF, 0xFF, 0xFF, 0xFF, 0xFF, 0xFF,
    0xFF, 0xFF, 0xFF, 0xFF, 0xFF, 0xFF, 0xFF, 0xFF, 0xFF, 0xFF, 0xFF, 0xFF, 0xFF, 0xFF, 0xFF, 0xFF,
    0xFF, 0xFF, 0xFF, 0xFF, 0xFF, 0xFF, 0xFF, 0xFF, 0xFF, 0xFF, 0xFF, 0xFF, 0xFF, 0xFF, 0xFF, 0xFF,
    0xBE, 0x42, 0xFD, 0x29, 0xFD, 0x29, 0xFD, 0x29, 0xFD, 0x29, 0xFD, 0x29, 0xFD, 0x29, 0xFD, 0x29,
    0xFD, 0x29, 0xFD, 0x29, 0xFD, 0x29, 0xFD, 0x29, 0xFD, 0x29, 0xFD, 0x29, 0xFD, 0x29, 0xFD, 0x29,
    0xFD, 0x29, 0xFD, 0x29, 0xFD, 0x29, 0xFD, 0x29, 0xFD, 0x29, 0xFD, 0x29, 0xFD, 0x29, 0xFD, 0x29,
    0xFD, 0x29, 0xFD, 0x29, 0xFD, 0x29, 0xFD, 0x29, 0xFD, 0x29, 0xFD, 0x29, 0xFD, 0x29, 0xFD, 0x29,
    0xFD, 0x29, 0xFD, 0x29, 0xFD, 0x29, 0xFD, 0x29, 0xFD, 0x29, 0xFD, 0x29, 0xFD, 0x29, 0xFD, 0x29,
    0xFD, 0x29, 0xFD, 0x29, 0x5D, 0x32, 0xFF, 0xFF, 0xFF, 0xFF, 0xFF, 0xFF, 0xFF, 0xFF, 0xFF, 0xFF,
    0xFF, 0xFF, 0xFF, 0xFF, 0xFF, 0xFF, 0xFF, 0xFF, 0xFF, 0xFF, 0xFF, 0xFF, 0xFF, 0xFF, 0xFF, 0xFF,
    0xFF, 0xFF, 0xFF, 0xFF, 0xFF, 0xFF, 0xFF, 0xFF, 0xFF, 0xFF, 0xFF, 0xFF, 0xFF, 0xFF, 0xFF, 0xFF,
    0xFF, 0xFF, 0xFF, 0xFF, 0xFF, 0xFF, 0xFF, 0xFF, 0xFF, 0xFF, 0xFF, 0xFF, 0xFF, 0xFF, 0xFF, 0xFF,
    0xFF, 0xFF, 0xFF, 0xFF, 0xFF, 0xFF, 0xFF, 0xFF, 0xFF, 0xFF, 0xFF, 0xFF, 0xFF, 0xFF, 0xFF, 0xFF,
    0xFF, 0xFF, 0xFF, 0xFF, 0xFF, 0xFF, 0xFF, 0xFF, 0xFF, 0xFF, 0xFF, 0xFF, 0xFF, 0xFF, 0xFF, 0xFF,
    0xFF, 0xFF, 0xFF, 0xFF, 0xFF, 0xFF, 0xFF, 0xFF, 0xFF, 0xFF, 0xFF, 0xFF, 0xFF, 0xFF, 0xFF, 0xFF,
    0xFF, 0xFF, 0xFF, 0xFF, 0xFF, 0xFF, 0xFF, 0xFF, 0xFF, 0xFF, 0xFF, 0xFF, 0xFF, 0xFF, 0xFF, 0xFF,
    0xFF, 0xFF, 0xFF, 0xFF, 0xFF, 0xFF, 0xFF, 0xFF, 0xFF, 0xFF, 0xFF, 0xFF, 0xFF, 0xFF, 0xFF, 0xFF,
    0xFF, 0xFF, 0xFF, 0xFF, 0xFF, 0xFF, 0xFF, 0xFF, 0xFF, 0xFF, 0xFF, 0xFF, 0xFF, 0xFF, 0xFF, 0xFF,
    0xFF, 0xFF, 0xFF, 0xFF, 0xFF, 0xFF, 0xFF, 0xFF, 0xFF, 0xFF, 0xFF, 0xFF, 0xFF, 0xFF, 0xFF, 0xFF,
    0xFF, 0xFF, 0xFF, 0xFF, 0xFF, 0xFF, 0xFF, 0xFF, 0xFF, 0xFF, 0xFF, 0xFF, 0xFF, 0xFF, 0xFF, 0xFF,
    0xFF, 0xFF, 0xFF, 0xFF, 0xFF, 0xFF, 0xFF, 0xFF, 0xFF, 0xFF, 0xFF, 0xFF, 0xFF, 0xFF, 0xFF, 0xFF,
    0xFF, 0xFF, 0xFF, 0xFF, 0xFF, 0xFF, 0xFF, 0xFF, 0xFF, 0xFF, 0xFF, 0xFF, 0xFF, 0xFF, 0xFF, 0xFF,
    0xFF, 0xFF, 0xFF, 0xFF, 0xFF, 0xFF, 0xFF, 0xFF, 0xFF, 0xFF, 0xFF, 0xFF, 0xFF, 0xFF, 0xFF, 0xFF,
    0xFF, 0xFF, 0xFF, 0xFF, 0xFF, 0xFF, 0xFF, 0xFF, 0xFF, 0xFF, 0xFF, 0xFF, 0xFF, 0xFF, 0xFF, 0xFF,
    0xFF, 0xFF, 0xFF, 0xFF, 0xFF, 0xFF, 0xFF, 0xFF, 0xFF, 0xFF, 0xFF, 0xFF, 0xFF, 0xFF, 0xFF, 0xFF,
    0xFF, 0xFF, 0xFF, 0xFF, 0xFF, 0xFF, 0xFF, 0xFF, 0xFF, 0xFF, 0x6B, 0x4A, 0xA8, 0x21, 0xFF, 0xFF,
    0xFF, 0xFF, 0xFF, 0xFF, 0xFF, 0xFF, 0x3B, 0xEF, 0xF9, 0xEE, 0xF9, 0xE6, 0xF9, 0xE6, 0xF9, 0xEE,
    0xD9, 0xE6, 0xF9, 0xE6, 0xF9, 0xE6, 0xF9, 0xE6, 0xF9, 0xE6, 0xF9, 0xE6, 0xF9, 0xE6, 0xF9, 0xE6,
    0xF9, 0xE6, 0xF9, 0xE6, 0xFA, 0xE6, 0xF9, 0xE6, 0xF9, 0xE6, 0xF9, 0xE6, 0xF9, 0xE6, 0xF9, 0xE6,
    0xFA, 0xEE, 0xF9, 0xE6, 0xF9, 0xE6, 0xF9, 0xE6, 0xFA, 0xEE, 0xF9, 0xE6, 0x19, 0xE7, 0x97, 0xDE,
    0x97, 0xE6, 0x98, 0xDE, 0x98, 0xDE, 0x98, 0xDE, 0x98, 0xE6, 0x98, 0xE6, 0x97, 0xE6, 0x97, 0xDE,
    0x97, 0xE6, 0x98, 0xE6, 0x97, 0xDE, 0x97, 0xDE, 0x98, 0xDE, 0x97, 0xE6, 0x98, 0xE6, 0xB4, 0xC5,
    0xB0, 0xA4, 0x16, 0xCE, 0x97, 0xE6, 0x97, 0xE6, 0x97, 0xE6, 0x97, 0xE6, 0x76, 0xDE, 0x98, 0xE6,
    0x98, 0xE6, 0x98, 0xE6, 0x98, 0xE6, 0x98, 0xE6, 0x98, 0xE6, 0x98, 0xE6, 0x97, 0xE6, 0x97, 0xDE,
    0x97, 0xE6, 0x97, 0xDE, 0x97, 0xDE, 0x98, 0xE6, 0x98, 0xE6, 0x98, 0xE6, 0x98, 0xDE, 0x98, 0xDE,
    0x97, 0xDE, 0x98, 0xE6, 0x98, 0xE6, 0x97, 0xE6, 0x98, 0xE6, 0xB8, 0xE6, 0xF9, 0xE6, 0xF9, 0xE6,
    0xF9, 0xE6, 0xF9, 0xE6, 0xD9, 0xE6, 0xFF, 0xFF, 0xFF, 0xFF, 0xFF, 0xFF, 0xFF, 0xFF, 0x6E, 0x63,
    0x35, 0x42, 0xBC, 0x4A, 0xBC, 0x4A, 0xBC, 0x4A, 0xDC, 0x4A, 0xBC, 0x4A, 0xDC, 0x4A, 0xDC, 0x4A,
    0xDC, 0x4A, 0xDC, 0x4A, 0xDC, 0x4A, 0xDC, 0x4A, 0xDC, 0x4A, 0xDC, 0x4A, 0xDC, 0x4A, 0xDC, 0x4A,
    0xDC, 0x4A, 0xDC, 0x4A, 0xFC, 0x52, 0xFC, 0x52, 0xDB, 0x52, 0xFC, 0x52, 0xFC, 0x52, 0xFB, 0x52,
    0xFB, 0x52, 0xFF, 0xFF, 0xFF, 0xFF, 0xFF, 0xFF, 0xFF, 0xFF, 0xFF, 0xFF, 0xFF, 0xFF, 0xFF, 0xFF,
    0xFF, 0xFF, 0xFF, 0xFF, 0xFF, 0xFF, 0xFF, 0xFF, 0xFF, 0xFF, 0xFF, 0xFF, 0xFF, 0xFF, 0xFF, 0xFF,
    0xFF, 0xFF, 0xFF, 0xFF, 0xFF, 0xFF, 0xFF, 0xFF, 0xFF, 0xFF, 0xFF, 0xFF, 0xFF, 0xFF, 0xFF, 0xFF,
    0xFF, 0xFF, 0xFD, 0x29, 0xFD, 0x29, 0xFD, 0x29, 0xFD, 0x29, 0xFD, 0x29, 0xFD, 0x29, 0xFD, 0x29,
    0xFD, 0x29, 0xFD, 0x29, 0xFD, 0x29, 0xFD, 0x29, 0xFD, 0x29, 0xFD, 0x29, 0xFD, 0x29, 0xFD, 0x29,
    0xFD, 0x29, 0xFD, 0x29, 0xFD, 0x29, 0xFD, 0x29, 0xFD, 0x29, 0xFD, 0x29, 0xFD, 0x29, 0xFD, 0x29,
    0xFD, 0x29, 0xFD, 0x29, 0xFD, 0x29, 0xFD, 0x29, 0xFD, 0x29, 0xFD, 0x29, 0xFD, 0x29, 0xFD, 0x29,
    0xFD, 0x29, 0xFD, 0x29, 0xFD, 0x29, 0xFD, 0x29, 0xFD, 0x29, 0xFD, 0x29, 0xFD, 0x29, 0xFD, 0x29,
    0xFD, 0x29, 0xFD, 0x29, 0xFD, 0x29, 0xFD, 0x29, 0xFF, 0xFF, 0xFF, 0xFF, 0xFF, 0xFF, 0xFF, 0xFF,
    0xFF, 0xFF, 0xFF, 0xFF, 0xFF, 0xFF, 0xFF, 0xFF, 0xFF, 0xFF, 0xFF, 0xFF, 0xFF, 0xFF, 0xFF, 0xFF,
    0xFF, 0xFF, 0xFF, 0xFF, 0xFF, 0xFF, 0xFF, 0xFF, 0xFF, 0xFF, 0xFF, 0xFF, 0xFF, 0xFF, 0xFF, 0xFF,
    0xFF, 0xFF, 0xFF, 0xFF, 0xFF, 0xFF, 0xFF, 0xFF, 0xFF, 0xFF, 0xFF, 0xFF, 0xFF, 0xFF, 0xFF, 0xFF,
    0xFF, 0xFF, 0xFF, 0xFF, 0xFF, 0xFF, 0xFF, 0xFF, 0xFF, 0xFF, 0xFF, 0xFF, 0xFF, 0xFF, 0xFF, 0xFF,
    0xFF, 0xFF, 0xFF, 0xFF, 0xFF, 0xFF, 0xFF, 0xFF, 0xFF, 0xFF, 0xFF, 0xFF, 0xFF, 0xFF, 0xFF, 0xFF,
    0xFF, 0xFF, 0xFF, 0xFF, 0xFF, 0xFF, 0xFF, 0xFF, 0xFF, 0xFF, 0xFF, 0xFF, 0xFF, 0xFF, 0xFF, 0xFF,
    0xFF, 0xFF, 0xFF, 0xFF, 0xFF, 0xFF, 0xFF, 0xFF, 0xFF, 0xFF, 0xFF, 0xFF, 0xFF, 0xFF, 0xFF, 0xFF,
    0xFF, 0xFF, 0xFF, 0xFF, 0xFF, 0xFF, 0xFF, 0xFF, 0xFF, 0xFF, 0xFF, 0xFF, 0xFF, 0xFF, 0xFF, 0xFF,
    0xFF, 0xFF, 0xFF, 0xFF, 0xFF, 0xFF, 0xFF, 0xFF, 0xFF, 0xFF, 0xFF, 0xFF, 0xFF, 0xFF, 0xFF, 0xFF,
    0xFF, 0xFF, 0xFF, 0xFF, 0xFF, 0xFF, 0xFF, 0xFF, 0xFF, 0xFF, 0xFF, 0xFF, 0xFF, 0xFF, 0xFF, 0xFF,
    0xFF, 0xFF, 0xFF, 0xFF, 0xFF, 0xFF, 0xFF, 0xFF, 0xFF, 0xFF, 0xFF, 0xFF, 0xFF, 0xFF, 0xFF, 0xFF,
    0xFF, 0xFF, 0xFF, 0xFF, 0xFF, 0xFF, 0xFF, 0xFF, 0xFF, 0xFF, 0xFF, 0xFF, 0xFF, 0xFF, 0xFF, 0xFF,
    0xFF, 0xFF, 0xFF, 0xFF, 0xFF, 0xFF, 0xFF, 0xFF, 0xFF, 0xFF, 0xFF, 0xFF, 0xFF, 0xFF, 0xFF, 0xFF,
    0xFF, 0xFF, 0xFF, 0xFF, 0xFF, 0xFF, 0xFF, 0xFF, 0xFF, 0xFF, 0xFF, 0xFF, 0xFF, 0xFF, 0xFF, 0xFF,
    0xFF, 0xFF, 0xFF, 0xFF, 0xFF, 0xFF, 0xFF, 0xFF, 0xFF, 0xFF, 0xFF, 0xFF, 0xFF, 0xFF, 0xFF, 0xFF,
    0xFF, 0xFF, 0xFF, 0xFF, 0xFF, 0xFF, 0xFF, 0xFF, 0xFF, 0xFF, 0xFF, 0xFF, 0xFF, 0xFF, 0xFF, 0xFF,
    0xFF, 0xFF, 0xFF, 0xFF, 0xFF, 0xFF, 0xFF, 0xFF, 0xFF, 0xFF, 0xFF, 0xFF, 0x8B, 0x4A, 0xA8, 0x29,
    0xFF, 0xFF, 0xFF, 0xFF, 0xFF, 0xFF, 0xFF, 0xFF, 0x3B, 0xEF, 0xF9, 0xEE, 0xF9, 0xE6, 0xF9, 0xE6,
    0xF9, 0xEE, 0xD9, 0xE6, 0xF9, 0xE6, 0xF9, 0xE6, 0xF9, 0xE6, 0xF9, 0xE6, 0xF9, 0xE6, 0xF9, 0xE6,
    0xF9, 0xE6, 0xF9, 0xE6, 0xF9, 0xE6, 0xF9, 0xE6, 0xF9, 0xE6, 0xF9, 0xE6, 0xF9, 0xE6, 0xF9, 0xE6,
    0xF9, 0xE6, 0xF9, 0xE6, 0xF9, 0xE6, 0xF9, 0xE6, 0xF9, 0xE6, 0xF9, 0xEE, 0xF9, 0xE6, 0xF9, 0xE6,
    0x97, 0xDE, 0x97, 0xE6, 0x97, 0xE6, 0x97, 0xE6, 0x97, 0xE6, 0x97, 0xE6, 0x97, 0xE6, 0x97, 0xE6,
    0x97, 0xE6, 0x97, 0xE6, 0x97, 0xE6, 0x97, 0xE6, 0x97, 0xE6, 0x97, 0xE6, 0x97, 0xE6, 0x97, 0xE6,
    0x97, 0xE6, 0x97, 0xDE, 0x97, 0xE6, 0x97, 0xE6, 0x97, 0xE6, 0x97, 0xE6, 0x97, 0xE6, 0x76, 0xDE,
    0x97, 0xE6, 0x97, 0xE6, 0x97, 0xE6, 0x97, 0xE6, 0x97, 0xE6, 0x97, 0xE6, 0x97, 0xE6, 0x97, 0xE6,
    0x97, 0xE6, 0x97, 0xE6, 0x97, 0xE6, 0x97, 0xE6, 0x97, 0xE6, 0x97, 0xE6, 0x97, 0xE6, 0x97, 0xE6,
    0x97, 0xE6, 0x97, 0xE6, 0x97, 0xE6, 0x97, 0xE6, 0x97, 0xE6, 0x97, 0xE6, 0xB8, 0xE6, 0xF9, 0xE6,
    0xF9, 0xE6, 0xF9, 0xE6, 0xF9, 0xE6, 0xD9, 0xE6, 0xFF, 0xFF, 0xFF, 0xFF, 0xFF, 0xFF, 0xFF, 0xFF,
    0x6E, 0x63, 0x35, 0x3A, 0xBC, 0x4A, 0xDC, 0x4A, 0xDC, 0x4A, 0xDC, 0x4A, 0xDC, 0x4A, 0xDC, 0x4A,
    0xDC, 0x4A, 0xDC, 0x4A, 0xDC, 0x4A, 0xDC, 0x4A, 0xDC, 0x4A, 0xDC, 0x4A, 0xDC, 0x4A, 0xDC, 0x4A,
    0xDC, 0x4A, 0xDB, 0x4A, 0xFC, 0x52, 0xFC, 0x52, 0xFC, 0x52, 0xFC, 0x52, 0xFC, 0x52, 0xFC, 0x52,
    0xFB, 0x52, 0xFB, 0x52, 0xFF, 0xFF, 0xFF, 0xFF, 0xFF, 0xFF, 0xFF, 0xFF, 0xFF, 0xFF, 0xFF, 0xFF,
    0xFF, 0xFF, 0xFF, 0xFF, 0xFF, 0xFF, 0xFF, 0xFF, 0xFF, 0xFF, 0xFF, 0xFF, 0xFF, 0xFF, 0xFF, 0xFF,
    0xFF, 0xFF, 0xFF, 0xFF, 0xFF, 0xFF, 0xFF, 0xFF, 0xFF, 0xFF, 0xFF, 0xFF, 0xFF, 0xFF, 0xFF, 0xFF,
    0xFF, 0xFF, 0xFF, 0xFF, 0xFD, 0x29, 0xFD, 0x29, 0xFD, 0x29, 0xFD, 0x29, 0xFD, 0x29, 0xFD, 0x29,
    0xFD, 0x29, 0xFD, 0x29, 0xFD, 0x29, 0xFD, 0x29, 0xFD, 0x29, 0xFD, 0x29, 0xFD, 0x29, 0xFD, 0x29,
    0xFD, 0x29, 0xFD, 0x29, 0xFD, 0x29, 0xFD, 0x29, 0xFD, 0x29, 0xFD, 0x29, 0xFD, 0x29, 0xFD, 0x29,
    0xFD, 0x29, 0xFD, 0x29, 0xFD, 0x29, 0xFD, 0x29, 0xFD, 0x29, 0xFD, 0x29, 0xFD, 0x29, 0xFD, 0x29,
    0xFD, 0x29, 0xFD, 0x29, 0xFD, 0x29, 0xFD, 0x29, 0xFD, 0x29, 0xFD, 0x29, 0xFD, 0x29, 0xFD, 0x29,
    0xFD, 0x29, 0xFD, 0x29, 0xFD, 0x29, 0xFD, 0x29, 0xFD, 0x29, 0xFF, 0xFF, 0xFF, 0xFF, 0xFF, 0xFF,
    0xFF, 0xFF, 0xFF, 0xFF, 0xFF, 0xFF, 0xFF, 0xFF, 0xFF, 0xFF, 0xFF, 0xFF, 0xFF, 0xFF, 0xFF, 0xFF,
    0xFF, 0xFF, 0xFF, 0xFF, 0xFF, 0xFF, 0xFF, 0xFF, 0xFF, 0xFF, 0xFF, 0xFF, 0xFF, 0xFF, 0xFF, 0xFF,
    0xFF, 0xFF, 0xFF, 0xFF, 0xFF, 0xFF, 0xFF, 0xFF, 0xFF, 0xFF, 0xFF, 0xFF, 0xFF, 0xFF, 0xFF, 0xFF,
    0xFF, 0xFF, 0xFF, 0xFF, 0xFF, 0xFF, 0xFF, 0xFF, 0xFF, 0xFF, 0xFF, 0xFF, 0xFF, 0xFF, 0xFF, 0xFF,
    0xFF, 0xFF, 0xFF, 0xFF, 0xFF, 0xFF, 0xFF, 0xFF, 0xFF, 0xFF, 0xFF, 0xFF, 0xFF, 0xFF, 0xFF, 0xFF,
    0xFF, 0xFF, 0xFF, 0xFF, 0xFF, 0xFF, 0xFF, 0xFF, 0xFF, 0xFF, 0xFF, 0xFF, 0xFF, 0xFF, 0xFF, 0xFF,
    0xFF, 0xFF, 0xFF, 0xFF, 0xFF, 0xFF, 0xFF, 0xFF, 0xFF, 0xFF, 0xFF, 0xFF, 0xFF, 0xFF, 0xFF, 0xFF,
    0xFF, 0xFF, 0xFF, 0xFF, 0xFF, 0xFF, 0xFF, 0xFF, 0xFF, 0xFF, 0xFF, 0xFF, 0xFF, 0xFF, 0xFF, 0xFF,
    0xFF, 0xFF, 0xFF, 0xFF, 0xFF, 0xFF, 0xFF, 0xFF, 0xFF, 0xFF, 0xFF, 0xFF, 0xFF, 0xFF, 0xFF, 0xFF,
    0xFF, 0xFF, 0xFF, 0xFF, 0xFF, 0xFF, 0xFF, 0xFF, 0xFF, 0xFF, 0xFF, 0xFF, 0xFF, 0xFF, 0xFF, 0xFF,
    0xFF, 0xFF, 0xFF, 0xFF, 0xFF, 0xFF, 0xFF, 0xFF, 0xFF, 0xFF, 0xFF, 0xFF, 0xFF, 0xFF, 0xFF, 0xFF,
    0xFF, 0xFF, 0xFF, 0xFF, 0xFF, 0xFF, 0xFF, 0xFF, 0xFF, 0xFF, 0xFF, 0xFF, 0xFF, 0xFF, 0xFF, 0xFF,
    0xFF, 0xFF, 0xFF, 0xFF, 0xFF, 0xFF, 0xFF, 0xFF, 0xFF, 0xFF, 0xFF, 0xFF, 0xFF, 0xFF, 0xFF, 0xFF,
    0xFF, 0xFF, 0xFF, 0xFF, 0xFF, 0xFF, 0xFF, 0xFF, 0xFF, 0xFF, 0xFF, 0xFF, 0xFF, 0xFF, 0xFF, 0xFF,
    0xFF, 0xFF, 0xFF, 0xFF, 0xFF, 0xFF, 0xFF, 0xFF, 0xFF, 0xFF, 0xFF, 0xFF, 0xFF, 0xFF, 0xFF, 0xFF,
    0xFF, 0xFF, 0xFF, 0xFF, 0xFF, 0xFF, 0xFF, 0xFF, 0xFF, 0xFF, 0xFF, 0xFF, 0xFF, 0xFF, 0xFF, 0xFF,
    0xFF, 0xFF, 0xFF, 0xFF, 0xFF, 0xFF, 0xFF, 0xFF, 0xFF, 0xFF, 0xFF, 0xFF, 0xFF, 0xFF, 0x8B, 0x52,
    0xA9, 0x21, 0xFF, 0xFF, 0xFF, 0xFF, 0xFF, 0xFF, 0xFF, 0xFF, 0x3B, 0xEF, 0xF9, 0xEE, 0xF9, 0xE6,
    0xF9, 0xE6, 0xF9, 0xEE, 0xD9, 0xE6, 0xF9, 0xE6, 0xF9, 0xE6, 0xF9, 0xE6, 0xF9, 0xE6, 0xF9, 0xE6,
    0xF9, 0xE6, 0xF9, 0xE6, 0xF9, 0xE6, 0xF9, 0xE6, 0xF9, 0xE6, 0xF9, 0xE6, 0xF9, 0xE6, 0xF9, 0xE6,
    0xF9, 0xE6, 0xF9, 0xE6, 0xF9, 0xE6, 0xF9, 0xE6, 0xF9, 0xE6, 0xF9, 0xE6, 0xF9, 0xE6, 0xF9, 0xE6,
    0xF9, 0xEE, 0x98, 0xDE, 0x97, 0xDE, 0x97, 0xDE, 0x97, 0xDE, 0x97, 0xDE, 0x97, 0xDE, 0x97, 0xDE,
    0x97, 0xDE, 0x97, 0xDE, 0x97, 0xDE, 0x97, 0xDE, 0x97, 0xDE, 0x97, 0xDE, 0x97, 0xDE, 0x97, 0xDE,
    0x97, 0xDE, 0x97, 0xDE, 0x97, 0xDE, 0x97, 0xDE, 0x97, 0xDE, 0x97, 0xDE, 0x97, 0xDE, 0x97, 0xE6,
    0x77, 0xDE, 0x97, 0xE6, 0x97, 0xDE, 0x97, 0xDE, 0x97, 0xDE, 0x97, 0xDE, 0x97, 0xDE, 0x97, 0xDE,
    0x97, 0xDE, 0x97, 0xDE, 0x97, 0xDE, 0x97, 0xDE, 0x97, 0xDE, 0x97, 0xDE, 0x97, 0xDE, 0x97, 0xDE,
    0x97, 0xDE, 0x97, 0xDE, 0x97, 0xDE, 0x97, 0xE6, 0x97, 0xE6, 0x97, 0xDE, 0x97, 0xE6, 0xB8, 0xE6,
    0xF9, 0xE6, 0xF9, 0xE6, 0xF9, 0xE6, 0xF9, 0xE6, 0xD9, 0xE6, 0xFF, 0xFF, 0xFF, 0xFF, 0xFF, 0xFF,
    0xFF, 0xFF, 0x6E, 0x63, 0x34, 0x42, 0xDC, 0x4A, 0xDC, 0x4A, 0xDC, 0x4A, 0xDC, 0x4A, 0xDC, 0x4A,
    0xDC, 0x4A, 0xDC, 0x4A, 0xDC, 0x4A, 0xDC, 0x4A, 0xDC, 0x4A, 0xDC, 0x4A, 0xDC, 0x4A, 0xDC, 0x4A,
    0xDB, 0x4A, 0xDB, 0x4A, 0xFC, 0x52, 0xFC, 0x52, 0xFB, 0x52, 0xFB, 0x52, 0xFC, 0x52, 0xFB, 0x52,
    0xFB, 0x52, 0xFB, 0x52, 0xFB, 0x52, 0xFF, 0xFF, 0xFF, 0xFF, 0xFF, 0xFF, 0xFF, 0xFF, 0xFF, 0xFF,
    0xFF, 0xFF, 0xFF, 0xFF, 0xFF, 0xFF, 0xFF, 0xFF, 0xFF, 0xFF, 0xFF, 0xFF, 0xFF, 0xFF, 0xFF, 0xFF,
    0xFF, 0xFF, 0xFF, 0xFF, 0xFF, 0xFF, 0xFF, 0xFF, 0xFF, 0xFF, 0xFF, 0xFF, 0xFF, 0xFF, 0xFF, 0xFF,
    0xFF, 0xFF, 0xFF, 0xFF, 0xFF, 0xFF, 0xFD, 0x29, 0xFD, 0x29, 0xFD, 0x29, 0xFD, 0x29, 0xFD, 0x29,
    0xFD, 0x29, 0xFD, 0x29, 0xFD, 0x29, 0xFD, 0x29, 0xFD, 0x29, 0xBE, 0x42, 0x7F, 0xCE, 0x9F, 0xF7,
    0x9F, 0xF7, 0xBF, 0xAD, 0xFD, 0x29, 0xBE, 0x42, 0x7F, 0xCE, 0x9F, 0xF7, 0x9F, 0xF7, 0x1F, 0xBE,
    0x5D, 0x3A, 0xDE, 0x6B, 0x3F, 0xE7, 0xDE, 0x6B, 0xFD, 0x29, 0x1F, 0xBE, 0x3F, 0xE7, 0x3F, 0xE7,
    0xDF, 0xD6, 0xBF, 0xAD, 0xBE, 0x42, 0xFD, 0x29, 0xFD, 0x29, 0xFD, 0x29, 0xFD, 0x29, 0xFD, 0x29,
    0xFD, 0x29, 0xFD, 0x29, 0xFD, 0x29, 0xFD, 0x29, 0xFD, 0x29, 0xFD, 0x29, 0xFF, 0xFF, 0xFF, 0xFF,
    0xFF, 0xFF, 0xFF, 0xFF, 0xFF, 0xFF, 0xFF, 0xFF, 0xFF, 0xFF, 0xFF, 0xFF, 0xFF, 0xFF, 0xFF, 0xFF,
    0xFF, 0xFF, 0xFF, 0xFF, 0xFF, 0xFF, 0xFF, 0xFF, 0xFF, 0xFF, 0xFF, 0xFF, 0xFF, 0xFF, 0xFF, 0xFF,
    0xFF, 0xFF, 0xFF, 0xFF, 0xFF, 0xFF, 0xFF, 0xFF, 0xFF, 0xFF, 0xFF, 0xFF, 0xFF, 0xFF, 0xFF, 0xFF,
    0xFF, 0xFF, 0xFF, 0xFF, 0xFF, 0xFF, 0xFF, 0xFF, 0xFF, 0xFF, 0xFF, 0xFF, 0xFF, 0xFF, 0xFF, 0xFF,
    0xFF, 0xFF, 0xFF, 0xFF, 0xFF, 0xFF, 0xFF, 0xFF, 0xFF, 0xFF, 0xFF, 0xFF, 0xFF, 0xFF, 0xFF, 0xFF,
    0xFF, 0xFF, 0xFF, 0xFF, 0xFF, 0xFF, 0xFF, 0xFF, 0xFF, 0xFF, 0xFF, 0xFF, 0xFF, 0xFF, 0xFF, 0xFF,
    0xFF, 0xFF, 0xFF, 0xFF, 0xFF, 0xFF, 0xFF, 0xFF, 0xFF, 0xFF, 0xFF, 0xFF, 0xFF, 0xFF, 0xFF, 0xFF,
    0xFF, 0xFF, 0xFF, 0xFF, 0xFF, 0xFF, 0xFF, 0xFF, 0xFF, 0xFF, 0xFF, 0xFF, 0xFF, 0xFF, 0xFF, 0xFF,
    0xFF, 0xFF, 0xFF, 0xFF, 0xFF, 0xFF, 0xFF, 0xFF, 0xFF, 0xFF, 0xFF, 0xFF, 0xFF, 0xFF, 0xFF, 0xFF,
    0xFF, 0xFF, 0xFF, 0xFF, 0xFF, 0xFF, 0xFF, 0xFF, 0xFF, 0xFF, 0xFF, 0xFF, 0xFF, 0xFF, 0xFF, 0xFF,
    0xFF, 0xFF, 0xFF, 0xFF, 0xFF, 0xFF, 0xFF, 0xFF, 0xFF, 0xFF, 0xFF, 0xFF, 0xFF, 0xFF, 0xFF, 0xFF,
    0xFF, 0xFF, 0xFF, 0xFF, 0xFF, 0xFF, 0xFF, 0xFF, 0xFF, 0xFF, 0xFF, 0xFF, 0xFF, 0xFF, 0xFF, 0xFF,
    0xFF, 0xFF, 0xFF, 0xFF, 0xFF, 0xFF, 0xFF, 0xFF, 0xFF, 0xFF, 0xFF, 0xFF, 0xFF, 0xFF, 0xFF, 0xFF,
    0xFF, 0xFF, 0xFF, 0xFF, 0xFF, 0xFF, 0xFF, 0xFF, 0xFF, 0xFF, 0xFF, 0xFF, 0xFF, 0xFF, 0xFF, 0xFF,
    0xFF, 0xFF, 0xFF, 0xFF, 0xFF, 0xFF, 0xFF, 0xFF, 0xFF, 0xFF, 0xFF, 0xFF, 0xFF, 0xFF, 0xFF, 0xFF,
    0xFF, 0xFF, 0xFF, 0xFF, 0xFF, 0xFF, 0xFF, 0xFF, 0xFF, 0xFF, 0xFF, 0xFF, 0xFF, 0xFF, 0xFF, 0xFF,
    0xFF, 0xFF, 0xFF, 0xFF, 0xFF, 0xFF, 0xFF, 0xFF, 0xFF, 0xFF, 0xFF, 0xFF, 0xFF, 0xFF, 0xFF, 0xFF,
    0xD7, 0xC5, 0x09, 0x3A, 0xFF, 0xFF, 0xFF, 0xFF, 0xFF, 0xFF, 0xFF, 0xFF, 0x3B, 0xEF, 0xF9, 0xEE,
    0xF9, 0xE6, 0xF9, 0xE6, 0xF9, 0xEE, 0xD9, 0xE6, 0xF9, 0xE6, 0xF9, 0xE6, 0xF9, 0xE6, 0xF9, 0xE6,
    0xF9, 0xE6, 0xF9, 0xE6, 0xF9, 0xE6, 0xF9, 0xE6, 0xF9, 0xE6, 0xF9, 0xE6, 0xF9, 0xE6, 0xF9, 0xE6,
    0xF9, 0xE6, 0xF9, 0xE6, 0xF9, 0xE6, 0xF9, 0xE6, 0xF9, 0xE6, 0xF9, 0xE6, 0xF9, 0xE6, 0xF9, 0xE6,
    0xF9, 0xE6, 0xF9, 0xE6, 0xF9, 0xEE, 0xF9, 0xE6, 0xF9, 0xE6, 0xF9, 0xE6, 0xF9, 0xE6, 0xF9, 0xE6,
    0xF9, 0xE6, 0xF9, 0xE6, 0xF9, 0xE6, 0xF9, 0xE6, 0xF9, 0xE6, 0xF9, 0xE6, 0xF9, 0xE6, 0xF9, 0xE6,
    0xF9, 0xE6, 0xF9, 0xE6, 0xF9, 0xEE, 0xF9, 0xEE, 0xF9, 0xEE, 0xF9, 0xE6, 0xF9, 0xE6, 0xF9, 0xE6,
    0xF9, 0xEE, 0xF9, 0xEE, 0xF9, 0xEE, 0xF9, 0xEE, 0xF9, 0xEE, 0xF9, 0xEE, 0xF9, 0xEE, 0xF9, 0xE6,
    0xF9, 0xE6, 0xF9, 0xE6, 0xF9, 0xE6, 0xF9, 0xE6, 0xF9, 0xE6, 0xF9, 0xE6, 0xF9, 0xE6, 0xF9, 0xE6,
    0xF9, 0xE6, 0xF9, 0xE6, 0xF9, 0xE6, 0xF9, 0xE6, 0xF9, 0xEE, 0xF9, 0xEE, 0xF9, 0xEE, 0xF9, 0xEE,
    0xD9, 0xE6, 0xF9, 0xE6, 0xF9, 0xE6, 0xF9, 0xE6, 0xF9, 0xE6, 0xD9, 0xE6, 0xFF, 0xFF, 0xFF, 0xFF,
    0xFF, 0xFF, 0xFF, 0xFF, 0x6E, 0x63, 0x35, 0x42, 0xDC, 0x4A, 0xDC, 0x4A, 0xDC, 0x4A, 0xDC, 0x4A,
    0xDC, 0x4A, 0xDC, 0x4A, 0xDC, 0x4A, 0xDC, 0x4A, 0xDC, 0x4A, 0xDC, 0x4A, 0xDC, 0x4A, 0xDC, 0x4A,
    0xDC, 0x52, 0xFC, 0x52, 0xFC, 0x52, 0xFB, 0x52, 0xFC, 0x52, 0xFC, 0x52, 0xFB, 0x52, 0xFB, 0x52,
    0xFB, 0x52, 0xFB, 0x52, 0xFB, 0x52, 0xFB, 0x52, 0xFF, 0xFF, 0xFF, 0xFF, 0xFF, 0xFF, 0xFF, 0xFF,
    0xFF, 0xFF, 0xFF, 0xFF, 0xFF, 0xFF, 0xFF, 0xFF, 0xFF, 0xFF, 0xFF, 0xFF, 0xFF, 0xFF, 0xFF, 0xFF,
    0xFF, 0xFF, 0xFF, 0xFF, 0xFF, 0xFF, 0xFF, 0xFF, 0xFF, 0xFF, 0xFF, 0xFF, 0xFF, 0xFF, 0xFF, 0xFF,
    0xFF, 0xFF, 0xFF, 0xFF, 0xFF, 0xFF, 0xFF, 0xFF, 0xFD, 0x29, 0xFD, 0x29, 0xFD, 0x29, 0xFD, 0x29,
    0xFD, 0x29, 0xFD, 0x29, 0xFD, 0x29, 0xFD, 0x29, 0xFD, 0x29, 0xFD, 0x29, 0x7F, 0xCE, 0xFF, 0xFF,
    0x9E, 0x84, 0xFE, 0x94, 0xBF, 0xAD, 0xFD, 0x29, 0xBF, 0xAD, 0xFF, 0xFF, 0xFE, 0x94, 0xFE, 0x94,
    0x7F, 0xCE, 0xFD, 0x29, 0x3E, 0x7C, 0xFF, 0xFF, 0x3E, 0x7C, 0xFD, 0x29, 0x7F, 0xCE, 0xFF, 0xFF,
    0xFE, 0x94, 0xBF, 0xAD, 0x9F, 0xF7, 0x3F, 0xE7, 0xBE, 0x42, 0xFD, 0x29, 0xFD, 0x29, 0xFD, 0x29,
    0xFD, 0x29, 0xFD, 0x29, 0xFD, 0x29, 0xFD, 0x29, 0xFD, 0x29, 0xFD, 0x29, 0xFD, 0x29, 0xFF, 0xFF,
    0xFF, 0xFF, 0xFF, 0xFF, 0xFF, 0xFF, 0xFF, 0xFF, 0xFF, 0xFF, 0xFF, 0xFF, 0xFF, 0xFF, 0xFF, 0xFF,
    0xFF, 0xFF, 0xFF, 0xFF, 0xFF, 0xFF, 0xFF, 0xFF, 0xFF, 0xFF, 0xFF, 0xFF, 0xFF, 0xFF, 0xFF, 0xFF,
    0xFF, 0xFF, 0xFF, 0xFF, 0xFF, 0xFF, 0xFF, 0xFF, 0xFF, 0xFF, 0xFF, 0xFF, 0xFF, 0xFF, 0xFF, 0xFF,
    0xFF, 0xFF, 0xFF, 0xFF, 0xFF, 0xFF, 0xFF, 0xFF, 0xFF, 0xFF, 0xFF, 0xFF, 0xFF, 0xFF, 0xFF, 0xFF,
    0xFF, 0xFF, 0xFF, 0xFF, 0xFF, 0xFF, 0xFF, 0xFF, 0xFF, 0xFF, 0xFF, 0xFF, 0xFF, 0xFF, 0xFF, 0xFF,
    0xFF, 0xFF, 0xFF, 0xFF, 0xFF, 0xFF, 0xFF, 0xFF, 0xFF, 0xFF, 0xFF, 0xFF, 0xFF, 0xFF, 0xFF, 0xFF,
    0xFF, 0xFF, 0xFF, 0xFF, 0xFF, 0xFF, 0xFF, 0xFF, 0xFF, 0xFF, 0xFF, 0xFF, 0xFF, 0xFF, 0xFF, 0xFF,
    0xFF, 0xFF, 0xFF, 0xFF, 0xFF, 0xFF, 0xFF, 0xFF, 0xFF, 0xFF, 0xFF, 0xFF, 0xFF, 0xFF, 0xFF, 0xFF,
    0xFF, 0xFF, 0xFF, 0xFF, 0xFF, 0xFF, 0xFF, 0xFF, 0xFF, 0xFF, 0xFF, 0xFF, 0xFF, 0xFF, 0xFF, 0xFF,
    0xFF, 0xFF, 0xFF, 0xFF, 0xFF, 0xFF, 0xFF, 0xFF, 0xFF, 0xFF, 0xFF, 0xFF, 0xFF, 0xFF, 0xFF, 0xFF,
    0xFF, 0xFF, 0xFF, 0xFF, 0xFF, 0xFF, 0xFF, 0xFF, 0xFF, 0xFF, 0xFF, 0xFF, 0xFF, 0xFF, 0xFF, 0xFF,
    0xFF, 0xFF, 0xFF, 0xFF, 0xFF, 0xFF, 0xFF, 0xFF, 0xFF, 0xFF, 0xFF, 0xFF, 0xFF, 0xFF, 0xFF, 0xFF,
    0xFF, 0xFF, 0xFF, 0xFF, 0xFF, 0xFF, 0xFF, 0xFF, 0xFF, 0xFF, 0xFF, 0xFF, 0xFF, 0xFF, 0xFF, 0xFF,
    0xFF, 0xFF, 0xFF, 0xFF, 0xFF, 0xFF, 0xFF, 0xFF, 0xFF, 0xFF, 0xFF, 0xFF, 0xFF, 0xFF, 0xFF, 0xFF,
    0xFF, 0xFF, 0xFF, 0xFF, 0xFF, 0xFF, 0xFF, 0xFF, 0xFF, 0xFF, 0xFF, 0xFF, 0xFF, 0xFF, 0xFF, 0xFF,
    0xFF, 0xFF, 0xFF, 0xFF, 0xFF, 0xFF, 0xFF, 0xFF, 0xFF, 0xFF, 0xFF, 0xFF, 0xFF, 0xFF, 0xFF, 0xFF,
    0xFF, 0xFF, 0xFF, 0xFF, 0xFF, 0xFF, 0xFF, 0xFF, 0xFF, 0xFF, 0xFF, 0xFF, 0xFF, 0xFF, 0xFF, 0xFF,
    0xFF, 0xFF, 0xBE, 0xFF, 0x49, 0x4A, 0xFF, 0xFF, 0xFF, 0xFF, 0xFF, 0xFF, 0xFF, 0xFF, 0x3B, 0xEF,
    0xF9, 0xEE, 0xF9, 0xE6, 0xF9, 0xE6, 0xF9, 0xEE, 0xD9, 0xE6, 0xF9, 0xE6, 0xF9, 0xE6, 0xF9, 0xE6,
    0xF9, 0xE6, 0xF9, 0xE6, 0xF9, 0xE6, 0xF9, 0xE6, 0xF9, 0xE6, 0xF9, 0xE6, 0xF9, 0xE6, 0xF9, 0xE6,
    0xF9, 0xE6, 0xF9, 0xE6, 0xF9, 0xE6, 0xF9, 0xE6, 0xF9, 0xE6, 0xF9, 0xE6, 0xF9, 0xE6, 0xF9, 0xE6,
    0xF9, 0xE6, 0xF9, 0xE6, 0xF9, 0xE6, 0xF9, 0xE6, 0xF9, 0xE6, 0xF9, 0xE6, 0xF9, 0xE6, 0xF9, 0xE6,
    0xF9, 0xE6, 0xFA, 0xE6, 0xFA, 0xE6, 0xFA, 0xE6, 0xFA, 0xE6, 0xFA, 0xE6, 0xF9, 0xE6, 0xF9, 0xE6,
    0xF9, 0xE6, 0xF9, 0xE6, 0xFA, 0xE6, 0xFA, 0xE6, 0xF9, 0xEE, 0xFA, 0xE6, 0xFA, 0xE6, 0xFA, 0xE6,
    0xFA, 0xE6, 0xFA, 0xE6, 0xF9, 0xE6, 0xF9, 0xE6, 0xF9, 0xE6, 0xF9, 0xE6, 0xF9, 0xE6, 0xF9, 0xE6,
    0xF9, 0xE6, 0xF9, 0xE6, 0xF9, 0xE6, 0xF9, 0xE6, 0xF9, 0xE6, 0xF9, 0xE6, 0xF9, 0xE6, 0xF9, 0xE6,
    0xF9, 0xE6, 0xF9, 0xE6, 0xF9, 0xE6, 0xF9, 0xE6, 0xF9, 0xE6, 0xFA, 0xE6, 0xFA, 0xE6, 0xFA, 0xEE,
    0xF9, 0xE6, 0xD9, 0xE6, 0xF9, 0xE6, 0xF9, 0xE6, 0xF9, 0xE6, 0xF9, 0xE6, 0xB9, 0xE6, 0xFF, 0xFF,
    0xFF, 0xFF, 0xFF, 0xFF, 0xFF, 0xFF, 0x6E, 0x63, 0x35, 0x42, 0xDC, 0x4A, 0xDC, 0x4A, 0xDC, 0x4A,
    0xDC, 0x4A, 0xDC, 0x4A, 0xDC, 0x4A, 0xDC, 0x4A, 0xDC, 0x4A, 0xDC, 0x4A, 0xDC, 0x4A, 0xDC, 0x4A,
    0xFC, 0x52, 0xFC, 0x52, 0xDB, 0x52, 0xFC, 0x52, 0xFB, 0x52, 0xFC, 0x52, 0xFB, 0x52, 0xFB, 0x52,
    0xFB, 0x52, 0xFB, 0x52, 0xFB, 0x52, 0xFB, 0x52, 0xFB, 0x52, 0xFF, 0xFF, 0xFF, 0xFF, 0xFF, 0xFF,
    0xFF, 0xFF, 0xFF, 0xFF, 0xFF, 0xFF, 0xFF, 0xFF, 0xFF, 0xFF, 0xFF, 0xFF, 0xFF, 0xFF, 0xFF, 0xFF,
    0xFF, 0xFF, 0xFF, 0xFF, 0xFF, 0xFF, 0xFF, 0xFF, 0xFF, 0xFF, 0xFF, 0xFF, 0xFF, 0xFF, 0xFF, 0xFF,
    0xFF, 0xFF, 0xFF, 0xFF, 0xFF, 0xFF, 0xFF, 0xFF, 0xFF, 0xFF, 0xFD, 0x29, 0xFD, 0x29, 0xFD, 0x29,
    0xFD, 0x29, 0xFD, 0x29, 0xFD, 0x29, 0xFD, 0x29, 0xFD, 0x29, 0xFD, 0x29, 0xFD, 0x29, 0x3F, 0xE7,
    0xDF, 0xDE, 0x5D, 0x3A, 0xFD, 0x29, 0xFD, 0x29, 0xFD, 0x29, 0x7F, 0xCE, 0x9F, 0xF7, 0x5D, 0x3A,
    0xFD, 0x29, 0xFD, 0x29, 0xFD, 0x29, 0x3E, 0x7C, 0xFF, 0xFF, 0x3E, 0x7C, 0xFD, 0x29, 0x7F, 0xCE,
    0xFF, 0xFF, 0xFD, 0x29, 0xFD, 0x29, 0x7E, 0x5B, 0xFF, 0xFF, 0x5F, 0xA5, 0xFD, 0x29, 0xFD, 0x29,
    0xFD, 0x29, 0xFD, 0x29, 0xFD, 0x29, 0xFD, 0x29, 0xFD, 0x29, 0xFD, 0x29, 0xFD, 0x29, 0xFD, 0x29,
    0xFF, 0xFF, 0xFF, 0xFF, 0xFF, 0xFF, 0xFF, 0xFF, 0xFF, 0xFF, 0xFF, 0xFF, 0xFF, 0xFF, 0xFF, 0xFF,
    0xFF, 0xFF, 0xFF, 0xFF, 0xFF, 0xFF, 0xFF, 0xFF, 0xFF, 0xFF, 0xFF, 0xFF, 0xFF, 0xFF, 0xFF, 0xFF,
    0xFF, 0xFF, 0xFF, 0xFF, 0xFF, 0xFF, 0xFF, 0xFF, 0xFF, 0xFF, 0xFF, 0xFF, 0xFF, 0xFF, 0xFF, 0xFF,
    0xFF, 0xFF, 0xFF, 0xFF, 0xFF, 0xFF, 0xFF, 0xFF, 0xFF, 0xFF, 0xFF, 0xFF, 0xFF, 0xFF, 0xFF, 0xFF,
    0xFF, 0xFF, 0xFF, 0xFF, 0xFF, 0xFF, 0xFF, 0xFF, 0xFF, 0xFF, 0xFF, 0xFF, 0xFF, 0xFF, 0xFF, 0xFF,
    0xFF, 0xFF, 0xFF, 0xFF, 0xFF, 0xFF, 0xFF, 0xFF, 0xFF, 0xFF, 0xFF, 0xFF, 0xFF, 0xFF, 0xFF, 0xFF,
    0xFF, 0xFF, 0xFF, 0xFF, 0xFF, 0xFF, 0xFF, 0xFF, 0xFF, 0xFF, 0xFF, 0xFF, 0xFF, 0xFF, 0xFF, 0xFF,
    0xFF, 0xFF, 0xFF, 0xFF, 0xFF, 0xFF, 0xFF, 0xFF, 0xFF, 0xFF, 0xFF, 0xFF, 0xFF, 0xFF, 0xFF, 0xFF,
    0xFF, 0xFF, 0xFF, 0xFF, 0xFF, 0xFF, 0xFF, 0xFF, 0xFF, 0xFF, 0xFF, 0xFF, 0xFF, 0xFF, 0xFF, 0xFF,
    0xFF, 0xFF, 0xFF, 0xFF, 0xFF, 0xFF, 0xFF, 0xFF, 0xFF, 0xFF, 0xFF, 0xFF, 0xFF, 0xFF, 0xFF, 0xFF,
    0xFF, 0xFF, 0xFF, 0xFF, 0xFF, 0xFF, 0xFF, 0xFF, 0xFF, 0xFF, 0xFF, 0xFF, 0xFF, 0xFF, 0xFF, 0xFF,
    0xFF, 0xFF, 0xFF, 0xFF, 0xFF, 0xFF, 0xFF, 0xFF, 0xFF, 0xFF, 0xFF, 0xFF, 0xFF, 0xFF, 0xFF, 0xFF,
    0xFF, 0xFF, 0xFF, 0xFF, 0xFF, 0xFF, 0xFF, 0xFF, 0xFF, 0xFF, 0xFF, 0xFF, 0xFF, 0xFF, 0xFF, 0xFF,
    0xFF, 0xFF, 0xFF, 0xFF, 0xFF, 0xFF, 0xFF, 0xFF, 0xFF, 0xFF, 0xFF, 0xFF, 0xFF, 0xFF, 0xFF, 0xFF,
    0xFF, 0xFF, 0xFF, 0xFF, 0xFF, 0xFF, 0xFF, 0xFF, 0xFF, 0xFF, 0xFF, 0xFF, 0xFF, 0xFF, 0xFF, 0xFF,
    0xFF, 0xFF, 0xFF, 0xFF, 0xFF, 0xFF, 0xFF, 0xFF, 0xFF, 0xFF, 0xFF, 0xFF, 0xFF, 0xFF, 0xFF, 0xFF,
    0xFF, 0xFF, 0xFF, 0xFF, 0xFF, 0xFF, 0xFF, 0xFF, 0xFF, 0xFF, 0xFF, 0xFF, 0xFF, 0xFF, 0xFF, 0xFF,
    0xFF, 0xFF, 0xFF, 0xFF, 0xBE, 0xFF, 0x4A, 0x42, 0xFF, 0xFF, 0xFF, 0xFF, 0xFF, 0xFF, 0xFF, 0xFF,
    0x3B, 0xEF, 0xF9, 0xEE, 0xF9, 0xE6, 0xF9, 0xE6, 0xF9, 0xEE, 0xD9, 0xE6, 0xF9, 0xE6, 0xF9, 0xE6,
    0xF9, 0xE6, 0xF9, 0xE6, 0xF9, 0xE6, 0xF9, 0xE6, 0xF9, 0xE6, 0xF9, 0xE6, 0xF9, 0xE6, 0xF9, 0xE6,
    0xF9, 0xE6, 0xF9, 0xE6, 0xF9, 0xE6, 0xF9, 0xE6, 0xF9, 0xE6, 0xF9, 0xE6, 0xF9, 0xE6, 0xF9, 0xE6,
    0xF9, 0xE6, 0xF9, 0xE6, 0xF9, 0xE6, 0xF9, 0xE6, 0xF9, 0xE6, 0xF9, 0xE6, 0xF9, 0xE6, 0xF9, 0xE6,
    0xF9, 0xE6, 0xF9, 0xE6, 0xF9, 0xE6, 0xF9, 0xE6, 0xF9, 0xE6, 0xF9, 0xE6, 0xF9, 0xE6, 0xF9, 0xE6,
    0xF9, 0xE6, 0xF9, 0xE6, 0xF9, 0xE6, 0xF9, 0xE6, 0xF9, 0xE6, 0xF9, 0xE6, 0xF9, 0xE6, 0xF9, 0xE6,
    0xF9, 0xE6, 0xF9, 0xE6, 0xF9, 0xE6, 0xF9, 0xE6, 0xF9, 0xE6, 0xF9, 0xE6, 0xF9, 0xE6, 0xF9, 0xE6,
    0xF9, 0xE6, 0xF9, 0xE6, 0xF9, 0xE6, 0xF9, 0xE6, 0xF9, 0xE6, 0xF9, 0xE6, 0xF9, 0xE6, 0xF9, 0xE6,
    0xF9, 0xE6, 0xF9, 0xE6, 0xF9, 0xE6, 0xF9, 0xE6, 0xF9, 0xE6, 0xF9, 0xE6, 0xF9, 0xE6, 0xFA, 0xE6,
    0xFA, 0xE6, 0xF9, 0xE6, 0xD9, 0xE6, 0xF9, 0xE6, 0xF9, 0xE6, 0xF9, 0xE6, 0xF9, 0xE6, 0xB9, 0xE6,
    0xFF, 0xFF, 0xFF, 0xFF, 0xFF, 0xFF, 0xFF, 0xFF, 0x6E, 0x63, 0x35, 0x42, 0xDC, 0x4A, 0xDC, 0x4A,
    0xDC, 0x4A, 0xDC, 0x4A, 0xDC, 0x4A, 0xDC, 0x4A, 0xDC, 0x4A, 0xDC, 0x4A, 0xDC, 0x4A, 0xDB, 0x4A,
    0xFC, 0x52, 0xDB, 0x52, 0xFC, 0x52, 0xFB, 0x52, 0xFB, 0x52, 0xFB, 0x52, 0xFB, 0x52, 0xFB, 0x52,
    0xFC, 0x52, 0xFB, 0x52, 0xFB, 0x52, 0xFB, 0x52, 0xFB, 0x52, 0xFB, 0x52, 0xFF, 0xFF, 0xFF, 0xFF,
    0xFF, 0xFF, 0xFF, 0xFF, 0xFF, 0xFF, 0xFF, 0xFF, 0xFF, 0xFF, 0xFF, 0xFF, 0xFF, 0xFF, 0xFF, 0xFF,
    0xFF, 0xFF, 0xFF, 0xFF, 0xFF, 0xFF, 0xFF, 0xFF, 0xFF, 0xFF, 0xFF, 0xFF, 0xFF, 0xFF, 0xFF, 0xFF,
    0xFF, 0xFF, 0xFF, 0xFF, 0xFF, 0xFF, 0xFF, 0xFF, 0xFF, 0xFF, 0xFF, 0xFF, 0xFD, 0x29, 0xFD, 0x29,
    0xFD, 0x29, 0xFD, 0x29, 0xFD, 0x29, 0xFD, 0x29, 0xFD, 0x29, 0xFD, 0x29, 0xFD, 0x29, 0xFD, 0x29,
    0x9E, 0x84, 0xFF, 0xFF, 0x3F, 0xE7, 0x3E, 0x7C, 0xFD, 0x29, 0xFD, 0x29, 0x9E, 0x84, 0xFF, 0xFF,
    0x3F, 0xE7, 0x3E, 0x7C, 0xFD, 0x29, 0xFD, 0x29, 0x3E, 0x7C, 0xFF, 0xFF, 0x3E, 0x7C, 0xFD, 0x29,
    0x7F, 0xCE, 0xFF, 0xFF, 0xFD, 0x29, 0xFD, 0x29, 0xFD, 0x29, 0x9F, 0xF7, 0x7F, 0xCE, 0xFD, 0x29,
    0xFD, 0x29, 0xFD, 0x29, 0xFD, 0x29, 0xFD, 0x29, 0xFD, 0x29, 0xFD, 0x29, 0xFD, 0x29, 0xFD, 0x29,
    0xFD, 0x29, 0xFF, 0xFF, 0xFF, 0xFF, 0xFF, 0xFF, 0xFF, 0xFF, 0xFF, 0xFF, 0xFF, 0xFF, 0xFF, 0xFF,
    0xFF, 0xFF, 0xFF, 0xFF, 0xFF, 0xFF, 0xFF, 0xFF, 0xFF, 0xFF, 0xFF, 0xFF, 0xFF, 0xFF, 0xFF, 0xFF,
    0xFF, 0xFF, 0xFF, 0xFF, 0xFF, 0xFF, 0xFF, 0xFF, 0xFF, 0xFF, 0xFF, 0xFF, 0xFF, 0xFF, 0xFF, 0xFF,
    0xFF, 0xFF, 0xFF, 0xFF, 0xFF, 0xFF, 0xFF, 0xFF, 0xFF, 0xFF, 0xFF, 0xFF, 0xFF, 0xFF, 0xFF, 0xFF,
    0xFF, 0xFF, 0xFF, 0xFF, 0xFF, 0xFF, 0xFF, 0xFF, 0xFF, 0xFF, 0xFF, 0xFF, 0xFF, 0xFF, 0xFF, 0xFF,
    0xFF, 0xFF, 0xFF, 0xFF, 0xFF, 0xFF, 0xFF, 0xFF, 0xFF, 0xFF, 0xFF, 0xFF, 0xFF, 0xFF, 0xFF, 0xFF,
    0xFF, 0xFF, 0xFF, 0xFF, 0xFF, 0xFF, 0xFF, 0xFF, 0xFF, 0xFF, 0xFF, 0xFF, 0xFF, 0xFF, 0xFF, 0xFF,
    0xFF, 0xFF, 0xFF, 0xFF, 0xFF, 0xFF, 0xFF, 0xFF, 0xFF, 0xFF, 0xFF, 0xFF, 0xFF, 0xFF, 0xFF, 0xFF,
    0xFF, 0xFF, 0xFF, 0xFF, 0xFF, 0xFF, 0xFF, 0xFF, 0xFF, 0xFF, 0xFF, 0xFF, 0xFF, 0xFF, 0xFF, 0xFF,
    0xFF, 0xFF, 0xFF, 0xFF, 0xFF, 0xFF, 0xFF, 0xFF, 0xFF, 0xFF, 0xFF, 0xFF, 0xFF, 0xFF, 0xFF, 0xFF,
    0xFF, 0xFF, 0xFF, 0xFF, 0xFF, 0xFF, 0xFF, 0xFF, 0xFF, 0xFF, 0xFF, 0xFF, 0xFF, 0xFF, 0xFF, 0xFF,
    0xFF, 0xFF, 0xFF, 0xFF, 0xFF, 0xFF, 0xFF, 0xFF, 0xFF, 0xFF, 0xFF, 0xFF, 0xFF, 0xFF, 0xFF, 0xFF,
    0xFF, 0xFF, 0xFF, 0xFF, 0xFF, 0xFF, 0xFF, 0xFF, 0xFF, 0xFF, 0xFF, 0xFF, 0xFF, 0xFF, 0xFF, 0xFF,
    0xFF, 0xFF, 0xFF, 0xFF, 0xFF, 0xFF, 0xFF, 0xFF, 0xFF, 0xFF, 0xFF, 0xFF, 0xFF, 0xFF, 0xFF, 0xFF,
    0xFF, 0xFF, 0xFF, 0xFF, 0xFF, 0xFF, 0xFF, 0xFF, 0xFF, 0xFF, 0xFF, 0xFF, 0xFF, 0xFF, 0xFF, 0xFF,
    0xFF, 0xFF, 0xFF, 0xFF, 0xFF, 0xFF, 0xFF, 0xFF, 0xFF, 0xFF, 0xFF, 0xFF, 0xFF, 0xFF, 0xFF, 0xFF,
    0xFF, 0xFF, 0xFF, 0xFF, 0xFF, 0xFF, 0xFF, 0xFF, 0xFF, 0xFF, 0xFF, 0xFF, 0xFF, 0xFF, 0xFF, 0xFF,
    0xFF, 0xFF, 0xFF, 0xFF, 0xFF, 0xFF, 0xBE, 0xFF, 0x4A, 0x42, 0xFF, 0xFF, 0xFF, 0xFF, 0xFF, 0xFF,
    0xFF, 0xFF, 0x3B, 0xEF, 0xF9, 0xEE, 0xF9, 0xE6, 0xF9, 0xE6, 0xF9, 0xEE, 0xD9, 0xE6, 0xF9, 0xE6,
    0xF9, 0xE6, 0xF9, 0xE6, 0xF9, 0xE6, 0xF9, 0xE6, 0xF9, 0xE6, 0xF9, 0xE6, 0xF9, 0xE6, 0xF9, 0xE6,
    0xF9, 0xE6, 0xF9, 0xE6, 0xF9, 0xE6, 0xF9, 0xE6, 0xF9, 0xE6, 0xF9, 0xE6, 0xF9, 0xE6, 0xF9, 0xE6,
    0xF9, 0xE6, 0xF9, 0xE6, 0xF9, 0xE6, 0xF9, 0xE6, 0xF9, 0xE6, 0xF9, 0xE6, 0xF9, 0xE6, 0xF9, 0xE6,
    0xF9, 0xE6, 0xF9, 0xE6, 0xF9, 0xE6, 0xF9, 0xE6, 0xF9, 0xE6, 0xF9, 0xE6, 0xF9, 0xE6, 0xF9, 0xE6,
    0xF9, 0xE6, 0xF9, 0xE6, 0xF9, 0xE6, 0xF9, 0xE6, 0xF9, 0xE6, 0xF9, 0xE6, 0xF9, 0xE6, 0xF9, 0xE6,
    0xF9, 0xE6, 0xF9, 0xE6, 0xF9, 0xE6, 0xF9, 0xE6, 0xF9, 0xE6, 0xF9, 0xE6, 0xF9, 0xE6, 0xF9, 0xE6,
    0xF9, 0xE6, 0xF9, 0xE6, 0xF9, 0xE6, 0xF9, 0xE6, 0xF9, 0xE6, 0xF9, 0xE6, 0xF9, 0xE6, 0xF9, 0xE6,
    0xF9, 0xE6, 0xF9, 0xE6, 0xF9, 0xE6, 0xF9, 0xE6, 0xF9, 0xE6, 0xF9, 0xE6, 0xF9, 0xE6, 0xF9, 0xE6,
    0xFA, 0xE6, 0xFA, 0xE6, 0xF9, 0xE6, 0xD9, 0xE6, 0xF9, 0xE6, 0xF9, 0xE6, 0xF9, 0xE6, 0xF9, 0xE6,
    0xB9, 0xE6, 0xFF, 0xFF, 0xFF, 0xFF, 0xFF, 0xFF, 0xFF, 0xFF, 0x6E, 0x63, 0x35, 0x42, 0xDC, 0x4A,
    0xDC, 0x4A, 0xDC, 0x4A, 0xDC, 0x4A, 0xDC, 0x4A, 0xDB, 0x4A, 0xDC, 0x4A, 0xDC, 0x52, 0xDC, 0x52,
    0xFC, 0x52, 0xFC, 0x52, 0xFB, 0x52, 0xFB, 0x52, 0xFB, 0x52, 0xFB, 0x52, 0xFC, 0x52, 0xFB, 0x52,
    0xFB, 0x52, 0xFB, 0x52, 0xFB, 0x52, 0xFB, 0x52, 0xFB, 0x52, 0xFB, 0x52, 0x1B, 0x53, 0xFF, 0xFF,
    0xFF, 0xFF, 0xFF, 0xFF, 0xFF, 0xFF, 0xFF, 0xFF, 0xFF, 0xFF, 0xFF, 0xFF, 0xFF, 0xFF, 0xFF, 0xFF,
    0xFF, 0xFF, 0xFF, 0xFF, 0xFF, 0xFF, 0xFF, 0xFF, 0xFF, 0xFF, 0xFF, 0xFF, 0xFF, 0xFF, 0xFF, 0xFF,
    0xFF, 0xFF, 0xFF, 0xFF, 0xFF, 0xFF, 0xFF, 0xFF, 0xFF, 0xFF, 0xFF, 0xFF, 0xFF, 0xFF, 0xFD, 0x29,
    0xFD, 0x29, 0xFD, 0x29, 0xFD, 0x29, 0xFD, 0x29, 0xFD, 0x29, 0xFD, 0x29, 0xFD, 0x29, 0xFD, 0x29,
    0xFD, 0x29, 0xFD, 0x29, 0x3E, 0x7C, 0x3F, 0xE7, 0xFF, 0xFF, 0x7F, 0xCE, 0xFD, 0x29, 0xFD, 0x29,
    0x3E, 0x7C, 0x3F, 0xE7, 0xFF, 0xFF, 0xDF, 0xD6, 0xFD, 0x29, 0x3E, 0x7C, 0xFF, 0xFF, 0x3E, 0x7C,
    0xFD, 0x29, 0x7F, 0xCE, 0xFF, 0xFF, 0xFD, 0x29, 0xFD, 0x29, 0xFD, 0x29, 0x9F, 0xF7, 0x7F, 0xCE,
    0xFD, 0x29, 0xFD, 0x29, 0xFD, 0x29, 0xFD, 0x29, 0xFD, 0x29, 0xFD, 0x29, 0xFD, 0x29, 0xFD, 0x29,
    0xFD, 0x29, 0xFD, 0x29, 0xFF, 0xFF, 0xFF, 0xFF, 0xFF, 0xFF, 0xFF, 0xFF, 0xFF, 0xFF, 0xFF, 0xFF,
    0xFF, 0xFF, 0xFF, 0xFF, 0xFF, 0xFF, 0xFF, 0xFF, 0xFF, 0xFF, 0xFF, 0xFF, 0xFF, 0xFF, 0xFF, 0xFF,
    0xFF, 0xFF, 0xFF, 0xFF, 0xFF, 0xFF, 0xFF, 0xFF, 0xFF, 0xFF, 0xFF, 0xFF, 0xFF, 0xFF, 0xFF, 0xFF,
    0xFF, 0xFF, 0xFF, 0xFF, 0xFF, 0xFF, 0xFF, 0xFF, 0xFF, 0xFF, 0xFF, 0xFF, 0xFF, 0xFF, 0xFF, 0xFF,
    0xFF, 0xFF, 0xFF, 0xFF, 0xFF, 0xFF, 0xFF, 0xFF, 0xFF, 0xFF, 0xFF, 0xFF, 0xFF, 0xFF, 0xFF, 0xFF,
    0xFF, 0xFF, 0xFF, 0xFF, 0xFF, 0xFF, 0xFF, 0xFF, 0xFF, 0xFF, 0xFF, 0xFF, 0xFF, 0xFF, 0xFF, 0xFF,
    0xFF, 0xFF, 0xFF, 0xFF, 0xFF, 0xFF, 0xFF, 0xFF, 0xFF, 0xFF, 0xFF, 0xFF, 0xFF, 0xFF, 0xFF, 0xFF,
    0xFF, 0xFF, 0xFF, 0xFF, 0xFF, 0xFF, 0xFF, 0xFF, 0xFF, 0xFF, 0xFF, 0xFF, 0xFF, 0xFF, 0xFF, 0xFF,
    0xFF, 0xFF, 0xFF, 0xFF, 0xFF, 0xFF, 0xFF, 0xFF, 0xFF, 0xFF, 0xFF, 0xFF, 0xFF, 0xFF, 0xFF, 0xFF,
    0xFF, 0xFF, 0xFF, 0xFF, 0xFF, 0xFF, 0xFF, 0xFF, 0xFF, 0xFF, 0xFF, 0xFF, 0xFF, 0xFF, 0xFF, 0xFF,
    0xFF, 0xFF, 0xFF, 0xFF, 0xFF, 0xFF, 0xFF, 0xFF, 0xFF, 0xFF, 0xFF, 0xFF, 0xFF, 0xFF, 0xFF, 0xFF,
    0xFF, 0xFF, 0xFF, 0xFF, 0xFF, 0xFF, 0xFF, 0xFF, 0xFF, 0xFF, 0xFF, 0xFF, 0xFF, 0xFF, 0xFF, 0xFF,
    0xFF, 0xFF, 0xFF, 0xFF, 0xFF, 0xFF, 0xFF, 0xFF, 0xFF, 0xFF, 0xFF, 0xFF, 0xFF, 0xFF, 0xFF, 0xFF,
    0xFF, 0xFF, 0xFF, 0xFF, 0xFF, 0xFF, 0xFF, 0xFF, 0xFF, 0xFF, 0xFF, 0xFF, 0xFF, 0xFF, 0xFF, 0xFF,
    0xFF, 0xFF, 0xFF, 0xFF, 0xFF, 0xFF, 0xFF, 0xFF, 0xFF, 0xFF, 0xFF, 0xFF, 0xFF, 0xFF, 0xFF, 0xFF,
    0xFF, 0xFF, 0xFF, 0xFF, 0xFF, 0xFF, 0xFF, 0xFF, 0xFF, 0xFF, 0xFF, 0xFF, 0xFF, 0xFF, 0xFF, 0xFF,
    0xFF, 0xFF, 0xFF, 0xFF, 0xFF, 0xFF, 0xFF, 0xFF, 0xFF, 0xFF, 0xFF, 0xFF, 0xFF, 0xFF, 0xFF, 0xFF,
    0xFF, 0xFF, 0xFF, 0xFF, 0xFF, 0xFF, 0xFF, 0xFF, 0xBE, 0xFF, 0x4A, 0x42, 0xFF, 0xFF, 0xFF, 0xFF,
    0xFF, 0xFF, 0xFF, 0xFF, 0x3B, 0xEF, 0xF9, 0xEE, 0xF9, 0xE6, 0xF9, 0xE6, 0xF9, 0xEE, 0xD9, 0xE6,
    0xF9, 0xE6, 0xF9, 0xE6, 0xF9, 0xE6, 0xF9, 0xE6, 0xF9, 0xE6, 0xF9, 0xE6, 0xF9, 0xE6, 0xF9, 0xE6,
    0xF9, 0xE6, 0xF9, 0xE6, 0xF9, 0xE6, 0xF9, 0xE6, 0xF9, 0xE6, 0xF9, 0xE6, 0xF9, 0xE6, 0xF9, 0xE6,
    0xF9, 0xE6, 0xF9, 0xE6, 0xF9, 0xE6, 0xF9, 0xE6, 0xF9, 0xE6, 0xF9, 0xE6, 0xF9, 0xE6, 0xF9, 0xE6,
    0xF9, 0xE6, 0xF9, 0xE6, 0xF9, 0xE6, 0xF9, 0xE6, 0xF9, 0xE6, 0xF9, 0xE6, 0xF9, 0xE6, 0xF9, 0xE6,
    0xF9, 0xE6, 0xF9, 0xE6, 0xF9, 0xE6, 0xF9, 0xE6, 0xF9, 0xE6, 0xF9, 0xE6, 0xF9, 0xE6, 0xF9, 0xE6,
    0xF9, 0xE6, 0xF9, 0xE6, 0xF9, 0xE6, 0xF9, 0xE6, 0xF9, 0xE6, 0xF9, 0xE6, 0xF9, 0xE6, 0xF9, 0xE6,
    0xF9, 0xE6, 0xF9, 0xE6, 0xF9, 0xE6, 0xF9, 0xE6, 0xF9, 0xE6, 0xF9, 0xE6, 0xF9, 0xE6, 0xF9, 0xE6,
    0xF9, 0xE6, 0xF9, 0xE6, 0xF9, 0xE6, 0xF9, 0xE6, 0xF9, 0xE6, 0xF9, 0xE6, 0xF9, 0xE6, 0xF9, 0xE6,
    0xF9, 0xE6, 0xFA, 0xE6, 0xFA, 0xE6, 0xF9, 0xE6, 0xD9, 0xE6, 0xF9, 0xE6, 0xF9, 0xE6, 0xF9, 0xE6,
    0xF9, 0xE6, 0xB9, 0xE6, 0xFF, 0xFF, 0xFF, 0xFF, 0xFF, 0xFF, 0xFF, 0xFF, 0x6E, 0x63, 0x34, 0x42,
    0xDC, 0x4A, 0xDC, 0x4A, 0xDC, 0x4A, 0xDC, 0x4A, 0xDC, 0x4A, 0xDC, 0x4A, 0xDC, 0x4A, 0xFC, 0x52,
    0xFC, 0x52, 0xFC, 0x52, 0xFC, 0x52, 0xFC, 0x52, 0xFB, 0x52, 0xFB, 0x52, 0xFB, 0x52, 0xFB, 0x52,
    0xFB, 0x52, 0xFB, 0x52, 0xFB, 0x52, 0xFB, 0x52, 0xFB, 0x52, 0xFB, 0x52, 0x1B, 0x53, 0x1B, 0x53,
    0xFF, 0xFF, 0xFF, 0xFF, 0xFF, 0xFF, 0xFF, 0xFF, 0xFF, 0xFF, 0xFF, 0xFF, 0xFF, 0xFF, 0xFF, 0xFF,
    0xFF, 0xFF, 0xFF, 0xFF, 0xFF, 0xFF, 0xFF, 0xFF, 0xFF, 0xFF, 0xFF, 0xFF, 0xFF, 0xFF, 0xFF, 0xFF,
    0xFF, 0xFF, 0xFF, 0xFF, 0xFF, 0xFF, 0xFF, 0xFF, 0xFF, 0xFF, 0xFF, 0xFF, 0xFF, 0xFF, 0xFF, 0xFF,
    0xFD, 0x29, 0xFD, 0x29, 0xFD, 0x29, 0xFD, 0x29, 0xFD, 0x29, 0xFD, 0x29, 0xFD, 0x29, 0xFD, 0x29,
    0xFD, 0x29, 0xFD, 0x29, 0xFD, 0x29, 0xFD, 0x29, 0xFD, 0x29, 0xBF, 0xAD, 0xFF, 0xFF, 0xBE, 0x42,
    0xFD, 0x29, 0xFD, 0x29, 0xFD, 0x29, 0x5F, 0xA5, 0xFF, 0xFF, 0x1E, 0x53, 0x3E, 0x7C, 0xFF, 0xFF,
    0x3E, 0x7C, 0xFD, 0x29, 0x7F, 0xCE, 0xFF, 0xFF, 0xFD, 0x29, 0xFD, 0x29, 0x1E, 0x53, 0xFF, 0xFF,
    0xBF, 0xAD, 0xFD, 0x29, 0xFD, 0x29, 0xFD, 0x29, 0xFD, 0x29, 0xFD, 0x29, 0xFD, 0x29, 0xFD, 0x29,
    0xFD, 0x29, 0xFD, 0x29, 0xFD, 0x29, 0xFF, 0xFF, 0xFF, 0xFF, 0xFF, 0xFF, 0xFF, 0xFF, 0xFF, 0xFF,
    0xFF, 0xFF, 0xFF, 0xFF, 0xFF, 0xFF, 0xFF, 0xFF, 0xFF, 0xFF, 0xFF, 0xFF, 0xFF, 0xFF, 0xFF, 0xFF,
    0xFF, 0xFF, 0xFF, 0xFF, 0xFF, 0xFF, 0xFF, 0xFF, 0xFF, 0xFF, 0xFF, 0xFF, 0xFF, 0xFF, 0xFF, 0xFF,
    0xFF, 0xFF, 0xFF, 0xFF, 0xFF, 0xFF, 0xFF, 0xFF, 0xFF, 0xFF, 0xFF, 0xFF, 0xFF, 0xFF, 0xFF, 0xFF,
    0xFF, 0xFF, 0xFF, 0xFF, 0xFF, 0xFF, 0xFF, 0xFF, 0xFF, 0xFF, 0xFF, 0xFF, 0xFF, 0xFF, 0xFF, 0xFF,
    0xFF, 0xFF, 0xFF, 0xFF, 0xFF, 0xFF, 0xFF, 0xFF, 0xFF, 0xFF, 0xFF, 0xFF, 0xFF, 0xFF, 0xFF, 0xFF,
    0xFF, 0xFF, 0xFF, 0xFF, 0xFF, 0xFF, 0xFF, 0xFF, 0xFF, 0xFF, 0xFF, 0xFF, 0xFF, 0xFF, 0xFF, 0xFF,
    0xFF, 0xFF, 0xFF, 0xFF, 0xFF, 0xFF, 0xFF, 0xFF, 0xFF, 0xFF, 0xFF, 0xFF, 0xFF, 0xFF, 0xFF, 0xFF,
    0xFF, 0xFF, 0xFF, 0xFF, 0xFF, 0xFF, 0xFF, 0xFF, 0xFF, 0xFF, 0xFF, 0xFF, 0xFF, 0xFF, 0xFF, 0xFF,
    0xFF, 0xFF, 0xFF, 0xFF, 0xFF, 0xFF, 0xFF, 0xFF, 0xFF, 0xFF, 0xFF, 0xFF, 0xFF, 0xFF, 0xFF, 0xFF,
    0xFF, 0xFF, 0xFF, 0xFF, 0xFF, 0xFF, 0xFF, 0xFF, 0xFF, 0xFF, 0xFF, 0xFF, 0xFF, 0xFF, 0xFF, 0xFF,
    0xFF, 0xFF, 0xFF, 0xFF, 0xFF, 0xFF, 0xFF, 0xFF, 0xFF, 0xFF, 0xFF, 0xFF, 0xFF, 0xFF, 0xFF, 0xFF,
    0xFF, 0xFF, 0xFF, 0xFF, 0xFF, 0xFF, 0xFF, 0xFF, 0xFF, 0xFF, 0xFF, 0xFF, 0xFF, 0xFF, 0xFF, 0xFF,
    0xFF, 0xFF, 0xFF, 0xFF, 0xFF, 0xFF, 0xFF, 0xFF, 0xFF, 0xFF, 0xFF, 0xFF, 0xFF, 0xFF, 0xFF, 0xFF,
    0xFF, 0xFF, 0xFF, 0xFF, 0xFF, 0xFF, 0xFF, 0xFF, 0xFF, 0xFF, 0xFF, 0xFF, 0xFF, 0xFF, 0xFF, 0xFF,
    0xFF, 0xFF, 0xFF, 0xFF, 0xFF, 0xFF, 0xFF, 0xFF, 0xFF, 0xFF, 0xFF, 0xFF, 0xFF, 0xFF, 0xFF, 0xFF,
    0xFF, 0xFF, 0xFF, 0xFF, 0xFF, 0xFF, 0xFF, 0xFF, 0xFF, 0xFF, 0xFF, 0xFF, 0xFF, 0xFF, 0xFF, 0xFF,
    0xFF, 0xFF, 0xFF, 0xFF, 0xFF, 0xFF, 0xFF, 0xFF, 0xFF, 0xFF, 0xBE, 0xFF, 0x4A, 0x42, 0xFF, 0xFF,
    0xFF, 0xFF, 0xFF, 0xFF, 0xFF, 0xFF, 0x3B, 0xEF, 0xF9, 0xEE, 0xF9, 0xE6, 0xF9, 0xE6, 0xF9, 0xEE,
    0xD9, 0xE6, 0xF9, 0xE6, 0xF9, 0xE6, 0xF9, 0xE6, 0xF9, 0xE6, 0xF9, 0xE6, 0xF9, 0xE6, 0xF9, 0xE6,
    0xF9, 0xE6, 0xF9, 0xE6, 0xF9, 0xE6, 0xF9, 0xE6, 0xF9, 0xE6, 0xF9, 0xE6, 0xF9, 0xE6, 0xF9, 0xE6,
    0xF9, 0xE6, 0xF9, 0xE6, 0xF9, 0xE6, 0xF9, 0xE6, 0xF9, 0xE6, 0xF9, 0xE6, 0xF9, 0xE6, 0xF9, 0xE6,
    0xF9, 0xE6, 0xF9, 0xE6, 0xF9, 0xE6, 0xF9, 0xE6, 0xF9, 0xE6, 0xF9, 0xE6, 0xF9, 0xE6, 0xF9, 0xE6,
    0xF9, 0xE6, 0xF9, 0xE6, 0xF9, 0xE6, 0xF9, 0xE6, 0xF9, 0xE6, 0xF9, 0xE6, 0xF9, 0xE6, 0xF9, 0xE6,
    0xF9, 0xE6, 0xF9, 0xE6, 0xF9, 0xE6, 0xF9, 0xE6, 0xF9, 0xE6, 0xF9, 0xE6, 0xF9, 0xE6, 0xF9, 0xE6,
    0xF9, 0xE6, 0xF9, 0xE6, 0xF9, 0xE6, 0xF9, 0xE6, 0xF9, 0xE6, 0xF9, 0xE6, 0xF9, 0xE6, 0xF9, 0xE6,
    0xF9, 0xE6, 0xF9, 0xE6, 0xF9, 0xE6, 0xF9, 0xE6, 0xF9, 0xE6, 0xF9, 0xE6, 0xF9, 0xE6, 0xF9, 0xE6,
    0xF9, 0xE6, 0xF9, 0xE6, 0xFA, 0xE6, 0xFA, 0xE6, 0xF9, 0xE6, 0xD9, 0xE6, 0xF9, 0xE6, 0xF9, 0xE6,
    0xF9, 0xE6, 0xF9, 0xE6, 0xB9, 0xE6, 0xFF, 0xFF, 0xFF, 0xFF, 0xFF, 0xFF, 0xFF, 0xFF, 0x6E, 0x63,
    0x35, 0x42, 0xDC, 0x4A, 0xDC, 0x4A, 0xDC, 0x4A, 0xDC, 0x4A, 0xDC, 0x4A, 0xFC, 0x52, 0xDB, 0x52,
    0xFC, 0x52, 0xFB, 0x52, 0xFB, 0x52, 0xFB, 0x52, 0xFC, 0x52, 0xFB, 0x52, 0xFB, 0x52, 0xFB, 0x52,
    0xFB, 0x52, 0xFB, 0x52, 0xFB, 0x52, 0xFB, 0x52, 0x1B, 0x53, 0xFB, 0x52, 0x1B, 0x53, 0x1B, 0x53,
    0x1B, 0x53, 0xFF, 0xFF, 0xFF, 0xFF, 0xFF, 0xFF, 0xFF, 0xFF, 0xFF, 0xFF, 0xFF, 0xFF, 0xFF, 0xFF,
    0xFF, 0xFF, 0xFF, 0xFF, 0xFF, 0xFF, 0xFF, 0xFF, 0xFF, 0xFF, 0xFF, 0xFF, 0xFF, 0xFF, 0xFF, 0xFF,
    0xFF, 0xFF, 0xFF, 0xFF, 0xFF, 0xFF, 0xFF, 0xFF, 0xFF, 0xFF, 0xFF, 0xFF, 0xFF, 0xFF, 0xFF, 0xFF,
    0xFF, 0xFF, 0xFD, 0x29, 0xFD, 0x29, 0xFD, 0x29, 0xFD, 0x29, 0xFD, 0x29, 0xFD, 0x29, 0xFD, 0x29,
    0xFD, 0x29, 0xFD, 0x29, 0xFD, 0x29, 0x7F, 0xCE, 0x3E, 0x7C, 0xDE, 0x6B, 0x7F, 0xCE, 0xFF, 0xFF,
    0x5D, 0x3A, 0xBF, 0xAD, 0x3E, 0x7C, 0xDE, 0x6B, 0x1F, 0xBE, 0xFF, 0xFF, 0xBE, 0x42, 0x3E, 0x7C,
    0xFF, 0xFF, 0x3E, 0x7C, 0xFD, 0x29, 0x7F, 0xCE, 0xFF, 0xFF, 0x3E, 0x7C, 0xFE, 0x94, 0x3F, 0xE7,
    0x9F, 0xF7, 0xBE, 0x42, 0xFD, 0x29, 0xFD, 0x29, 0xFD, 0x29, 0xFD, 0x29, 0xFD, 0x29, 0xFD, 0x29,
    0xFD, 0x29, 0xFD, 0x29, 0xFD, 0x29, 0xFD, 0x29, 0xFF, 0xFF, 0xFF, 0xFF, 0xFF, 0xFF, 0xFF, 0xFF,
    0xFF, 0xFF, 0xFF, 0xFF, 0xFF, 0xFF, 0xFF, 0xFF, 0xFF, 0xFF, 0xFF, 0xFF, 0xFF, 0xFF, 0xFF, 0xFF,
    0xFF, 0xFF, 0xFF, 0xFF, 0xFF, 0xFF, 0xFF, 0xFF, 0xFF, 0xFF, 0xFF, 0xFF, 0xFF, 0xFF, 0xFF, 0xFF,
    0xFF, 0xFF, 0xFF, 0xFF, 0xFF, 0xFF, 0xFF, 0xFF, 0xFF, 0xFF, 0xFF, 0xFF, 0xFF, 0xFF, 0xFF, 0xFF,
    0xFF, 0xFF, 0xFF, 0xFF, 0xFF, 0xFF, 0xFF, 0xFF, 0xFF, 0xFF, 0xFF, 0xFF, 0xFF, 0xFF, 0xFF, 0xFF,
    0xFF, 0xFF, 0xFF, 0xFF, 0xFF, 0xFF, 0xFF, 0xFF, 0xFF, 0xFF, 0xFF, 0xFF, 0xFF, 0xFF, 0xFF, 0xFF,
    0xFF, 0xFF, 0xFF, 0xFF, 0xFF, 0xFF, 0xFF, 0xFF, 0xFF, 0xFF, 0xFF, 0xFF, 0xFF, 0xFF, 0xFF, 0xFF,
    0xFF, 0xFF, 0xFF, 0xFF, 0xFF, 0xFF, 0xFF, 0xFF, 0xFF, 0xFF, 0xFF, 0xFF, 0xFF, 0xFF, 0xFF, 0xFF,
    0xFF, 0xFF, 0xFF, 0xFF, 0xFF, 0xFF, 0xFF, 0xFF, 0xFF, 0xFF, 0xFF, 0xFF, 0xFF, 0xFF, 0xFF, 0xFF,
    0xFF, 0xFF, 0xFF, 0xFF, 0xFF, 0xFF, 0xFF, 0xFF, 0xFF, 0xFF, 0xFF, 0xFF, 0xFF, 0xFF, 0xFF, 0xFF,
    0xFF, 0xFF, 0xFF, 0xFF, 0xFF, 0xFF, 0xFF, 0xFF, 0xFF, 0xFF, 0xFF, 0xFF, 0xFF, 0xFF, 0xFF, 0xFF,
    0xFF, 0xFF, 0xFF, 0xFF, 0xFF, 0xFF, 0xFF, 0xFF, 0xFF, 0xFF, 0xFF, 0xFF, 0xFF, 0xFF, 0xFF, 0xFF,
    0xFF, 0xFF, 0xFF, 0xFF, 0xFF, 0xFF, 0xFF, 0xFF, 0xFF, 0xFF, 0xFF, 0xFF, 0xFF, 0xFF, 0xFF, 0xFF,
    0xFF, 0xFF, 0xFF, 0xFF, 0xFF, 0xFF, 0xFF, 0xFF, 0xFF, 0xFF, 0xFF, 0xFF, 0xFF, 0xFF, 0xFF, 0xFF,
    0xFF, 0xFF, 0xFF, 0xFF, 0xFF, 0xFF, 0xFF, 0xFF, 0xFF, 0xFF, 0xFF, 0xFF, 0xFF, 0xFF, 0xFF, 0xFF,
    0xFF, 0xFF, 0xFF, 0xFF, 0xFF, 0xFF, 0xFF, 0xFF, 0xFF, 0xFF, 0xFF, 0xFF, 0xFF, 0xFF, 0xFF, 0xFF,
    0xFF, 0xFF, 0xFF, 0xFF, 0xFF, 0xFF, 0xFF, 0xFF, 0xFF, 0xFF, 0xFF, 0xFF, 0xFF, 0xFF, 0xFF, 0xFF,
    0xFF, 0xFF, 0xFF, 0xFF, 0xFF, 0xFF, 0xFF, 0xFF, 0xFF, 0xFF, 0xFF, 0xFF, 0xBE, 0xFF, 0x4A, 0x42,
    0xFF, 0xFF, 0xFF, 0xFF, 0xFF, 0xFF, 0xFF, 0xFF, 0x3B, 0xEF, 0xF9, 0xEE, 0xF9, 0xE6, 0xF9, 0xE6,
    0xF9, 0xEE, 0xD9, 0xE6, 0xF9, 0xE6, 0xF9, 0xE6, 0xF9, 0xE6, 0xF9, 0xE6, 0xF9, 0xE6, 0xF9, 0xE6,
    0xF9, 0xE6, 0xF9, 0xE6, 0xF9, 0xE6, 0xF9, 0xE6, 0xF9, 0xE6, 0xF9, 0xE6, 0xF9, 0xE6, 0xF9, 0xE6,
    0xF9, 0xE6, 0xF9, 0xE6, 0xF9, 0xE6, 0xF9, 0xE6, 0xF9, 0xE6, 0xF9, 0xE6, 0xF9, 0xE6, 0xF9, 0xE6,
    0xF9, 0xE6, 0xF9, 0xE6, 0xF9, 0xE6, 0xF9, 0xE6, 0xF9, 0xE6, 0xF9, 0xE6, 0xF9, 0xE6, 0xF9, 0xE6,
    0xF9, 0xE6, 0xF9, 0xE6, 0xF9, 0xE6, 0xF9, 0xE6, 0xF9, 0xE6, 0xF9, 0xE6, 0xF9, 0xE6, 0xF9, 0xE6,
    0xF9, 0xE6, 0xF9, 0xE6, 0xF9, 0xE6, 0xF9, 0xE6, 0xF9, 0xE6, 0xF9, 0xE6, 0xF9, 0xE6, 0xF9, 0xE6,
    0xF9, 0xE6, 0xF9, 0xE6, 0xF9, 0xE6, 0xF9, 0xE6, 0xF9, 0xE6, 0xF9, 0xE6, 0xF9, 0xE6, 0xF9, 0xE6,
    0xF9, 0xE6, 0xF9, 0xE6, 0xF9, 0xE6, 0xF9, 0xE6, 0xF9, 0xE6, 0xF9, 0xE6, 0xF9, 0xE6, 0xF9, 0xE6,
    0xF9, 0xE6, 0xF9, 0xE6, 0xF9, 0xE6, 0xFA, 0xE6, 0xFA, 0xE6, 0xF9, 0xE6, 0xD9, 0xE6, 0xF9, 0xE6,
    0xF9, 0xE6, 0xF9, 0xE6, 0xF9, 0xE6, 0xB9, 0xE6, 0xFF, 0xFF, 0xFF, 0xFF, 0xFF, 0xFF, 0xFF, 0xFF,
    0x6E, 0x63, 0x54, 0x42, 0xDC, 0x4A, 0xDC, 0x4A, 0xDC, 0x4A, 0xDC, 0x4A, 0xFC, 0x52, 0xFC, 0x52,
    0xFC, 0x52, 0xFB, 0x52, 0xFB, 0x52, 0xFB, 0x52, 0xFB, 0x52, 0xFB, 0x52, 0xFB, 0x52, 0xFB, 0x52,
    0xFB, 0x52, 0xFB, 0x52, 0xFB, 0x52, 0xFB, 0x52, 0x1B, 0x53, 0x1B, 0x53, 0x1B, 0x53, 0x1B, 0x53,
    0x1B, 0x53, 0x1B, 0x53, 0xFF, 0xFF, 0xFF, 0xFF, 0xFF, 0xFF, 0xFF, 0xFF, 0xFF, 0xFF, 0xFF, 0xFF,
    0xFF, 0xFF, 0xFF, 0xFF, 0xFF, 0xFF, 0xFF, 0xFF, 0xFF, 0xFF, 0xFF, 0xFF, 0xFF, 0xFF, 0xFF, 0xFF,
    0xFF, 0xFF, 0xFF, 0xFF, 0xFF, 0xFF, 0xFF, 0xFF, 0xFF, 0xFF, 0xFF, 0xFF, 0xFF, 0xFF, 0xFF, 0xFF,
    0xFF, 0xFF, 0xFF, 0xFF, 0xFD, 0x29, 0xFD, 0x29, 0xFD, 0x29, 0xFD, 0x29, 0xFD, 0x29, 0xFD, 0x29,
    0xFD, 0x29, 0xFD, 0x29, 0xFD, 0x29, 0xFD, 0x29, 0xDF, 0xD6, 0xFF, 0xFF, 0xFF, 0xFF, 0x9F, 0xF7,
    0x9E, 0x84, 0xFD, 0x29, 0x7F, 0xCE, 0xFF, 0xFF, 0xFF, 0xFF, 0x9F, 0xF7, 0x9E, 0x84, 0xFD, 0x29,
    0x3E, 0x7C, 0xFF, 0xFF, 0x3E, 0x7C, 0xFD, 0x29, 0x7F, 0xCE, 0xFF, 0xFF, 0xFF, 0xFF, 0x9F, 0xF7,
    0x7F, 0xCE, 0x1E, 0x53, 0xFD, 0x29, 0xFD, 0x29, 0xFD, 0x29, 0xFD, 0x29, 0xFD, 0x29, 0xFD, 0x29,
    0xFD, 0x29, 0xFD, 0x29, 0xFD, 0x29, 0xFD, 0x29, 0xFD, 0x29, 0xFF, 0xFF, 0xFF, 0xFF, 0xFF, 0xFF,
    0xFF, 0xFF, 0xFF, 0xFF, 0xFF, 0xFF, 0xFF, 0xFF, 0xFF, 0xFF, 0xFF, 0xFF, 0xFF, 0xFF, 0xFF, 0xFF,
    0xFF, 0xFF, 0xFF, 0xFF, 0xFF, 0xFF, 0xFF, 0xFF, 0xFF, 0xFF, 0xFF, 0xFF, 0xFF, 0xFF, 0xFF, 0xFF,
    0xFF, 0xFF, 0xFF, 0xFF, 0xFF, 0xFF, 0xFF, 0xFF, 0xFF, 0xFF, 0xFF, 0xFF, 0xFF, 0xFF, 0xFF, 0xFF,
    0xFF, 0xFF, 0xFF, 0xFF, 0xFF, 0xFF, 0xFF, 0xFF, 0xFF, 0xFF, 0xFF, 0xFF, 0xFF, 0xFF, 0xFF, 0xFF,
    0xFF, 0xFF, 0xFF, 0xFF, 0xFF, 0xFF, 0xFF, 0xFF, 0xFF, 0xFF, 0xFF, 0xFF, 0xFF, 0xFF, 0xFF, 0xFF,
    0xFF, 0xFF, 0xFF, 0xFF, 0xFF, 0xFF, 0xFF, 0xFF, 0xFF, 0xFF, 0xFF, 0xFF, 0xFF, 0xFF, 0xFF, 0xFF,
    0xFF, 0xFF, 0xFF, 0xFF, 0xFF, 0xFF, 0xFF, 0xFF, 0xFF, 0xFF, 0xFF, 0xFF, 0xFF, 0xFF, 0xFF, 0xFF,
    0xFF, 0xFF, 0xFF, 0xFF, 0xFF, 0xFF, 0xFF, 0xFF, 0xFF, 0xFF, 0xFF, 0xFF, 0xFF, 0xFF, 0xFF, 0xFF,
    0xFF, 0xFF, 0xFF, 0xFF, 0xFF, 0xFF, 0xFF, 0xFF, 0xFF, 0xFF, 0xFF, 0xFF, 0xFF, 0xFF, 0xFF, 0xFF,
    0xFF, 0xFF, 0xFF, 0xFF, 0xFF, 0xFF, 0xFF, 0xFF, 0xFF, 0xFF, 0xFF, 0xFF, 0xFF, 0xFF, 0xFF, 0xFF,
    0xFF, 0xFF, 0xFF, 0xFF, 0xFF, 0xFF, 0xFF, 0xFF, 0xFF, 0xFF, 0xFF, 0xFF, 0xFF, 0xFF, 0xFF, 0xFF,
    0xFF, 0xFF, 0xFF, 0xFF, 0xFF, 0xFF, 0xFF, 0xFF, 0xFF, 0xFF, 0xFF, 0xFF, 0xFF, 0xFF, 0xFF, 0xFF,
    0xFF, 0xFF, 0xFF, 0xFF, 0xFF, 0xFF, 0xFF, 0xFF, 0xFF, 0xFF, 0xFF, 0xFF, 0xFF, 0xFF, 0xFF, 0xFF,
    0xFF, 0xFF, 0xFF, 0xFF, 0xFF, 0xFF, 0xFF, 0xFF, 0xFF, 0xFF, 0xFF, 0xFF, 0xFF, 0xFF, 0xFF, 0xFF,
    0xFF, 0xFF, 0xFF, 0xFF, 0xFF, 0xFF, 0xFF, 0xFF, 0xFF, 0xFF, 0xFF, 0xFF, 0xFF, 0xFF, 0xFF, 0xFF,
    0xFF, 0xFF, 0xFF, 0xFF, 0xFF, 0xFF, 0xFF, 0xFF, 0xFF, 0xFF, 0xFF, 0xFF, 0xFF, 0xFF, 0xFF, 0xFF,
    0xFF, 0xFF, 0xFF, 0xFF, 0xFF, 0xFF, 0xFF, 0xFF, 0xFF, 0xFF, 0xFF, 0xFF, 0xFF, 0xFF, 0xBE, 0xFF,
    0x4A, 0x42, 0xFF, 0xFF, 0xFF, 0xFF, 0xFF, 0xFF, 0xFF, 0xFF, 0x3B, 0xEF, 0xF9, 0xEE, 0xF9, 0xE6,
    0xF9, 0xE6, 0xF9, 0xEE, 0xD9, 0xE6, 0xF9, 0xE6, 0xF9, 0xE6, 0xFA, 0xE6, 0xFA, 0xE6, 0xFA, 0xE6,
    0xFA, 0xE6, 0xF9, 0xE6, 0xF9, 0xE6, 0xF9, 0xE6, 0xF9, 0xE6, 0xF9, 0xE6, 0xF9, 0xE6, 0xF9, 0xE6,
    0xF9, 0xE6, 0xF9, 0xE6, 0xF9, 0xE6, 0xF9, 0xE6, 0xF9, 0xE6, 0xF9, 0xE6, 0xF9, 0xE6, 0xF9, 0xE6,
    0xF9, 0xE6, 0xF9, 0xE6, 0xF9, 0xE6, 0xF9, 0xE6, 0xF9, 0xE6, 0xF9, 0xE6, 0xF9, 0xE6, 0xF9, 0xE6,
    0xF9, 0xE6, 0xF9, 0xE6, 0xF9, 0xE6, 0xF9, 0xE6, 0xF9, 0xE6, 0xF9, 0xE6, 0xF9, 0xE6, 0xF9, 0xE6,
    0xF9, 0xE6, 0xF9, 0xE6, 0xF9, 0xE6, 0xF9, 0xE6, 0xF9, 0xE6, 0xF9, 0xE6, 0xF9, 0xE6, 0xF9, 0xE6,
    0xF9, 0xE6, 0xF9, 0xE6, 0xF9, 0xE6, 0xF9, 0xE6, 0xF9, 0xE6, 0xF9, 0xE6, 0xF9, 0xE6, 0xF9, 0xE6,
    0xF9, 0xE6, 0xF9, 0xE6, 0xF9, 0xE6, 0xF9, 0xE6, 0xF9, 0xE6, 0xF9, 0xE6, 0xF9, 0xE6, 0xFA, 0xE6,
    0xFA, 0xE6, 0xFA, 0xE6, 0xFA, 0xE6, 0xF9, 0xE6, 0xFA, 0xE6, 0xFA, 0xE6, 0xF9, 0xE6, 0xD9, 0xE6,
    0xF9, 0xE6, 0xF9, 0xE6, 0xF9, 0xE6, 0xF9, 0xE6, 0xB9, 0xE6, 0xFF, 0xFF, 0xFF, 0xFF, 0xFF, 0xFF,
    0xFF, 0xFF, 0x6E, 0x63, 0x54, 0x42, 0xDC, 0x4A, 0xFC, 0x52, 0xDC, 0x52, 0xFC, 0x52, 0xFC, 0x52,
    0xFB, 0x52, 0xFC, 0x52, 0xFB, 0x52, 0xFB, 0x52, 0xFB, 0x52, 0xFB, 0x52, 0xFB, 0x52, 0xFB, 0x52,
    0xFB, 0x52, 0xFB, 0x52, 0xFB, 0x52, 0xFB, 0x52, 0xFB, 0x52, 0x1B, 0x53, 0x1B, 0x53, 0x1B, 0x53,
    0x1B, 0x53, 0x1B, 0x53, 0x1B, 0x53, 0xFF, 0xFF, 0xFF, 0xFF, 0xFF, 0xFF, 0xFF, 0xFF, 0xFF, 0xFF,
    0xFF, 0xFF, 0xFF, 0xFF, 0xFF, 0xFF, 0xFF, 0xFF, 0xFF, 0xFF, 0xFF, 0xFF, 0xFF, 0xFF, 0xFF, 0xFF,
    0xFF, 0xFF, 0xFF, 0xFF, 0xFF, 0xFF, 0xFF, 0xFF, 0xFF, 0xFF, 0xFF, 0xFF, 0xFF, 0xFF, 0xFF, 0xFF,
    0xFF, 0xFF, 0xFF, 0xFF, 0xFF, 0xFF, 0xFD, 0x29, 0xFD, 0x29, 0xFD, 0x29, 0xFD, 0x29, 0xFD, 0x29,
    0xFD, 0x29, 0xFD, 0x29, 0xFD, 0x29, 0xFD, 0x29, 0xFD, 0x29, 0xFD, 0x29, 0x5D, 0x3A, 0xBE, 0x42,
    0xFD, 0x29, 0xFD, 0x29, 0xFD, 0x29, 0xFD, 0x29, 0x5D, 0x3A, 0xBE, 0x42, 0xFD, 0x29, 0xFD, 0x29,
    0xFD, 0x29, 0xFD, 0x29, 0xFD, 0x29, 0xFD, 0x29, 0xFD, 0x29, 0xFD, 0x29, 0xFD, 0x29, 0xFD, 0x29,
    0xFD, 0x29, 0xFD, 0x29, 0xFD, 0x29, 0xFD, 0x29, 0xFD, 0x29, 0xFD, 0x29, 0xFD, 0x29, 0xFD, 0x29,
    0xFD, 0x29, 0xFD, 0x29, 0xFD, 0x29, 0xFD, 0x29, 0xFD, 0x29, 0xFD, 0x29, 0xFF, 0xFF, 0xFF, 0xFF,
    0xFF, 0xFF, 0xFF, 0xFF, 0xFF, 0xFF, 0xFF, 0xFF, 0xFF, 0xFF, 0xFF, 0xFF, 0xFF, 0xFF, 0xFF, 0xFF,
    0xFF, 0xFF, 0xFF, 0xFF, 0xFF, 0xFF, 0xFF, 0xFF, 0xFF, 0xFF, 0xFF, 0xFF, 0xFF, 0xFF, 0xFF, 0xFF,
    0xFF, 0xFF, 0xFF, 0xFF, 0xFF, 0xFF, 0xFF, 0xFF, 0xFF, 0xFF, 0xFF, 0xFF, 0xFF, 0xFF, 0xFF, 0xFF,
    0xFF, 0xFF, 0xFF, 0xFF, 0xFF, 0xFF, 0xFF, 0xFF, 0xFF, 0xFF, 0xFF, 0xFF, 0xFF, 0xFF, 0xFF, 0xFF,
    0xFF, 0xFF, 0xFF, 0xFF, 0xFF, 0xFF, 0xFF, 0xFF, 0xFF, 0xFF, 0xFF, 0xFF, 0xFF, 0xFF, 0xFF, 0xFF,
    0xFF, 0xFF, 0xFF, 0xFF, 0xFF, 0xFF, 0xFF, 0xFF, 0xFF, 0xFF, 0xFF, 0xFF, 0xFF, 0xFF, 0xFF, 0xFF,
    0xFF, 0xFF, 0xFF, 0xFF, 0xFF, 0xFF, 0xFF, 0xFF, 0xFF, 0xFF, 0xFF, 0xFF, 0xFF, 0xFF, 0xFF, 0xFF,
    0xFF, 0xFF, 0xFF, 0xFF, 0xFF, 0xFF, 0xFF, 0xFF, 0xFF, 0xFF, 0xFF, 0xFF, 0xFF, 0xFF, 0xFF, 0xFF,
    0xFF, 0xFF, 0xFF, 0xFF, 0xFF, 0xFF, 0xFF, 0xFF, 0xFF, 0xFF, 0xFF, 0xFF, 0xFF, 0xFF, 0xFF, 0xFF,
    0xFF, 0xFF, 0xFF, 0xFF, 0xFF, 0xFF, 0xFF, 0xFF, 0xFF, 0xFF, 0xFF, 0xFF, 0xFF, 0xFF, 0xFF, 0xFF,
    0xFF, 0xFF, 0xFF, 0xFF, 0xFF, 0xFF, 0xFF, 0xFF, 0xFF, 0xFF, 0xFF, 0xFF, 0xFF, 0xFF, 0xFF, 0xFF,
    0xFF, 0xFF, 0xFF, 0xFF, 0xFF, 0xFF, 0xFF, 0xFF, 0xFF, 0xFF, 0xFF, 0xFF, 0xFF, 0xFF, 0xFF, 0xFF,
    0xFF, 0xFF, 0xFF, 0xFF, 0xFF, 0xFF, 0xFF, 0xFF, 0xFF, 0xFF, 0xFF, 0xFF, 0xFF, 0xFF, 0xFF, 0xFF,
    0xFF, 0xFF, 0xFF, 0xFF, 0xFF, 0xFF, 0xFF, 0xFF, 0xFF, 0xFF, 0xFF, 0xFF, 0xFF, 0xFF, 0xFF, 0xFF,
    0xFF, 0xFF, 0xFF, 0xFF, 0xFF, 0xFF, 0xFF, 0xFF, 0xFF, 0xFF, 0xFF, 0xFF, 0xFF, 0xFF, 0xFF, 0xFF,
    0xFF, 0xFF, 0xFF, 0xFF, 0xFF, 0xFF, 0xFF, 0xFF, 0xFF, 0xFF, 0xFF, 0xFF, 0xFF, 0xFF, 0xFF, 0xFF,
    0xFF, 0xFF, 0xFF, 0xFF, 0xFF, 0xFF, 0xFF, 0xFF, 0xFF, 0xFF, 0xFF, 0xFF, 0xFF, 0xFF, 0xFF, 0xFF,
    0xBE, 0xFF, 0x4A, 0x42, 0xFF, 0xFF, 0xFF, 0xFF, 0xFF, 0xFF, 0xFF, 0xFF, 0x3B, 0xEF, 0xF9, 0xEE,
    0xF9, 0xE6, 0xF9, 0xE6, 0xF9, 0xEE, 0xD9, 0xE6, 0xF9, 0xE6, 0xF9, 0xE6, 0xF9, 0xE6, 0xF9, 0xE6,
    0xF9, 0xE6, 0xF9, 0xE6, 0xF9, 0xEE, 0xF9, 0xEE, 0xF9, 0xEE, 0xF9, 0xEE, 0xF9, 0xEE, 0xF9, 0xEE,
    0xF9, 0xEE, 0xF9, 0xEE, 0xF9, 0xEE, 0xF9, 0xEE, 0xF9, 0xEE, 0xF9, 0xEE, 0xF9, 0xEE, 0xF9, 0xEE,
    0xF9, 0xEE, 0xF9, 0xEE, 0xF9, 0xEE, 0xF9, 0xEE, 0xF9, 0xEE, 0xF9, 0xEE, 0xF9, 0xEE, 0xF9, 0xEE,
    0xF9, 0xEE, 0xF9, 0xEE, 0xF9, 0xEE, 0xF9, 0xEE, 0xF9, 0xEE, 0xF9, 0xEE, 0xF9, 0xEE, 0xF9, 0xEE,
    0xF9, 0xEE, 0xF9, 0xEE, 0xF9, 0xEE, 0xF9, 0xEE, 0xF9, 0xEE, 0xF9, 0xEE, 0xF9, 0xEE, 0xF9, 0xEE,
    0xF9, 0xEE, 0xF9, 0xEE, 0xF9, 0xEE, 0xF9, 0xEE, 0xF9, 0xEE, 0xF9, 0xEE, 0xF9, 0xEE, 0xF9, 0xEE,
    0xF9, 0xEE, 0xF9, 0xEE, 0xF9, 0xEE, 0xF9, 0xEE, 0xF9, 0xEE, 0xF9, 0xEE, 0xF9, 0xEE, 0xF9, 0xEE,
    0xFA, 0xEE, 0xFA, 0xEE, 0xF9, 0xE6, 0xF9, 0xE6, 0xF9, 0xE6, 0xF9, 0xE6, 0xF9, 0xE6, 0xF9, 0xE6,
    0xD9, 0xE6, 0xF9, 0xE6, 0xF9, 0xE6, 0xF9, 0xE6, 0xF9, 0xE6, 0xB9, 0xE6, 0xFF, 0xFF, 0xFF, 0xFF,
    0xFF, 0xFF, 0xFF, 0xFF, 0x6E, 0x63, 0x54, 0x42, 0xDC, 0x4A, 0xFC, 0x52, 0xFC, 0x52, 0xFC, 0x52,
    0xFB, 0x52, 0xFB, 0x52, 0xFB, 0x52, 0xFB, 0x52, 0xFB, 0x52, 0xFB, 0x52, 0xFB, 0x52, 0xFB, 0x52,
    0xFB, 0x52, 0xFB, 0x52, 0xFB, 0x52, 0xFB, 0x52, 0x1B, 0x53, 0x1B, 0x53, 0x1B, 0x53, 0x1B, 0x53,
    0x1B, 0x53, 0x1B, 0x53, 0x1B, 0x53, 0x1B, 0x53, 0xFF, 0xFF, 0xFF, 0xFF, 0xFF, 0xFF, 0xFF, 0xFF,
    0xFF, 0xFF, 0xFF, 0xFF, 0xFF, 0xFF, 0xFF, 0xFF, 0xFF, 0xFF, 0xFF, 0xFF, 0xFF, 0xFF, 0xFF, 0xFF,
    0xFF, 0xFF, 0xFF, 0xFF, 0xFF, 0xFF, 0xFF, 0xFF, 0xFF, 0xFF, 0xFF, 0xFF, 0xFF, 0xFF, 0xFF, 0xFF,
    0xFF, 0xFF, 0xFF, 0xFF, 0xFF, 0xFF, 0xFF, 0xFF, 0xFD, 0x29, 0xFD, 0x29, 0xFD, 0x29, 0xFD, 0x29,
    0xFD, 0x29, 0xFD, 0x29, 0xFD, 0x29, 0xFD, 0x29, 0xFD, 0x29, 0xFD, 0x29, 0xFD, 0x29, 0xFD, 0x29,
    0xFD, 0x29, 0xFD, 0x29, 0xFD, 0x29, 0xFD, 0x29, 0xFD, 0x29, 0xFD, 0x29, 0xFD, 0x29, 0xFD, 0x29,
    0xFD, 0x29, 0xFD, 0x29, 0xFD, 0x29, 0xFD, 0x29, 0xFD, 0x29, 0xFD, 0x29, 0xFD, 0x29, 0xFD, 0x29,
    0xFD, 0x29, 0xFD, 0x29, 0xFD, 0x29, 0xFD, 0x29, 0xFD, 0x29, 0xFD, 0x29, 0xFD, 0x29, 0xFD, 0x29,
    0xFD, 0x29, 0xFD, 0x29, 0xFD, 0x29, 0xFD, 0x29, 0xFD, 0x29, 0xFD, 0x29, 0xFD, 0x29, 0xFF, 0xFF,
    0xFF, 0xFF, 0xFF, 0xFF, 0xFF, 0xFF, 0xFF, 0xFF, 0xFF, 0xFF, 0xFF, 0xFF, 0xFF, 0xFF, 0xFF, 0xFF,
    0xFF, 0xFF, 0xFF, 0xFF, 0xFF, 0xFF, 0xFF, 0xFF, 0xFF, 0xFF, 0xFF, 0xFF, 0xFF, 0xFF, 0xFF, 0xFF,
    0xFF, 0xFF, 0xFF, 0xFF, 0xFF, 0xFF, 0xFF, 0xFF, 0xFF, 0xFF, 0xFF, 0xFF, 0xFF, 0xFF, 0xFF, 0xFF,
    0xFF, 0xFF, 0xFF, 0xFF, 0xFF, 0xFF, 0xFF, 0xFF, 0xFF, 0xFF, 0xFF, 0xFF, 0xFF, 0xFF, 0xFF, 0xFF,
    0xFF, 0xFF, 0xFF, 0xFF, 0xFF, 0xFF, 0xFF, 0xFF, 0xFF, 0xFF, 0xFF, 0xFF, 0xFF, 0xFF, 0xFF, 0xFF,
    0xFF, 0xFF, 0xFF, 0xFF, 0xFF, 0xFF, 0xFF, 0xFF, 0xFF, 0xFF, 0xFF, 0xFF, 0xFF, 0xFF, 0xFF, 0xFF,
    0xFF, 0xFF, 0xFF, 0xFF, 0xFF, 0xFF, 0xFF, 0xFF, 0xFF, 0xFF, 0xFF, 0xFF, 0xFF, 0xFF, 0xFF, 0xFF,
    0xFF, 0xFF, 0xFF, 0xFF, 0xFF, 0xFF, 0xFF, 0xFF, 0xFF, 0xFF, 0xFF, 0xFF, 0xFF, 0xFF, 0xFF, 0xFF,
    0xFF, 0xFF, 0xFF, 0xFF, 0xFF, 0xFF, 0xFF, 0xFF, 0xFF, 0xFF, 0xFF, 0xFF, 0xFF, 0xFF, 0xFF, 0xFF,
    0xFF, 0xFF, 0xFF, 0xFF, 0xFF, 0xFF, 0xFF, 0xFF, 0xFF, 0xFF, 0xFF, 0xFF, 0xFF, 0xFF, 0xFF, 0xFF,
    0xFF, 0xFF, 0xFF, 0xFF, 0xFF, 0xFF, 0xFF, 0xFF, 0xFF, 0xFF, 0xFF, 0xFF, 0xFF, 0xFF, 0xFF, 0xFF,
    0xFF, 0xFF, 0xFF, 0xFF, 0xFF, 0xFF, 0xFF, 0xFF, 0xFF, 0xFF, 0xFF, 0xFF, 0xFF, 0xFF, 0xFF, 0xFF,
    0xFF, 0xFF, 0xFF, 0xFF, 0xFF, 0xFF, 0xFF, 0xFF, 0xFF, 0xFF, 0xFF, 0xFF, 0xFF, 0xFF, 0xFF, 0xFF,
    0xFF, 0xFF, 0xFF, 0xFF, 0xFF, 0xFF, 0xFF, 0xFF, 0xFF, 0xFF, 0xFF, 0xFF, 0xFF, 0xFF, 0xFF, 0xFF,
    0xFF, 0xFF, 0xFF, 0xFF, 0xFF, 0xFF, 0xFF, 0xFF, 0xFF, 0xFF, 0xFF, 0xFF, 0xFF, 0xFF, 0xFF, 0xFF,
    0xFF, 0xFF, 0xFF, 0xFF, 0xFF, 0xFF, 0xFF, 0xFF, 0xFF, 0xFF, 0xFF, 0xFF, 0xFF, 0xFF, 0xFF, 0xFF,
    0xFF, 0xFF, 0xFF, 0xFF, 0xFF, 0xFF, 0xFF, 0xFF, 0xFF, 0xFF, 0xFF, 0xFF, 0xFF, 0xFF, 0xFF, 0xFF,
    0xFF, 0xFF, 0xBE, 0xFF, 0x4A, 0x42, 0xFF, 0xFF, 0xFF, 0xFF, 0xFF, 0xFF, 0xFF, 0xFF, 0x3B, 0xEF,
    0xF9, 0xEE, 0xF9, 0xE6, 0xF9, 0xE6, 0xF9, 0xEE, 0xD9, 0xE6, 0xF9, 0xE6, 0xF9, 0xE6, 0xF9, 0xE6,
    0xF9, 0xEE, 0xF9, 0xE6, 0xF9, 0xE6, 0xF9, 0xE6, 0xF9, 0xE6, 0xF9, 0xE6, 0xF9, 0xE6, 0xF9, 0xE6,
    0xF9, 0xE6, 0xF9, 0xE6, 0xF9, 0xE6, 0xF9, 0xE6, 0xF9, 0xE6, 0xF9, 0xE6, 0xF9, 0xE6, 0xF9, 0xE6,
    0xF9, 0xE6, 0xF9, 0xE6, 0xF9, 0xE6, 0xF9, 0xE6, 0xF9, 0xE6, 0xF9, 0xE6, 0xF9, 0xE6, 0xF9, 0xE6,
    0xF9, 0xE6, 0xF9, 0xE6, 0xF9, 0xE6, 0xF9, 0xE6, 0xF9, 0xE6, 0xF9, 0xE6, 0xF9, 0xE6, 0xF9, 0xE6,
    0xF9, 0xE6, 0xF9, 0xE6, 0xF9, 0xE6, 0xF9, 0xE6, 0xF9, 0xE6, 0xF9, 0xE6, 0xF9, 0xE6, 0xF9, 0xE6,
    0xF9, 0xE6, 0xF9, 0xE6, 0xF9, 0xE6, 0xF9, 0xE6, 0xF9, 0xE6, 0xF9, 0xE6, 0xF9, 0xE6, 0xF9, 0xE6,
    0xF9, 0xE6, 0xF9, 0xE6, 0xF9, 0xE6, 0xF9, 0xE6, 0xF9, 0xE6, 0xF9, 0xE6, 0xF9, 0xE6, 0xF9, 0xE6,
    0xF9, 0xE6, 0xF9, 0xE6, 0xF9, 0xE6, 0xF9, 0xE6, 0xF9, 0xE6, 0xF9, 0xE6, 0xF9, 0xE6, 0xFA, 0xE6,
    0xF9, 0xE6, 0xD9, 0xE6, 0xF9, 0xE6, 0xF9, 0xE6, 0xF9, 0xE6, 0xF9, 0xE6, 0xB9, 0xE6, 0xFF, 0xFF,
    0xFF, 0xFF, 0xFF, 0xFF, 0xFF, 0xFF, 0x6E, 0x63, 0x55, 0x42, 0xFC, 0x52, 0xFB, 0x52, 0xFC, 0x52,
    0xFB, 0x52, 0xFB, 0x52, 0xFB, 0x52, 0xFB, 0x52, 0xFB, 0x52, 0xFB, 0x52, 0xFB, 0x52, 0xFB, 0x52,
    0xFB, 0x52, 0xFB, 0x52, 0xFB, 0x52, 0xFB, 0x52, 0x1B, 0x53, 0x1B, 0x53, 0x1B, 0x53, 0x1B, 0x53,
    0x1B, 0x53, 0x1B, 0x53, 0x1B, 0x53, 0x1B, 0x53, 0x1B, 0x53, 0xFF, 0xFF, 0xFF, 0xFF, 0xFF, 0xFF,
    0xFF, 0xFF, 0xFF, 0xFF, 0xFF, 0xFF, 0xFF, 0xFF, 0xFF, 0xFF, 0xFF, 0xFF, 0xFF, 0xFF, 0xFF, 0xFF,
    0xFF, 0xFF, 0xFF, 0xFF, 0xFF, 0xFF, 0xFF, 0xFF, 0xFF, 0xFF, 0xFF, 0xFF, 0xFF, 0xFF, 0xFF, 0xFF,
    0xFF, 0xFF, 0xFF, 0xFF, 0xFF, 0xFF, 0xFF, 0xFF, 0xFF, 0xFF, 0x5D, 0x3A, 0xFD, 0x29, 0xFD, 0x29,
    0xFD, 0x29, 0xFD, 0x29, 0xFD, 0x29, 0xFD, 0x29, 0xFD, 0x29, 0xFD, 0x29, 0xFD, 0x29, 0xFD, 0x29,
    0xFD, 0x29, 0xFD, 0x29, 0xFD, 0x29, 0xFD, 0x29, 0xFD, 0x29, 0xFD, 0x29, 0xFD, 0x29, 0xFD, 0x29,
    0xFD, 0x29, 0xFD, 0x29, 0xFD, 0x29, 0xFD, 0x29, 0xFD, 0x29, 0xFD, 0x29, 0xFD, 0x29, 0xFD, 0x29,
    0xFD, 0x29, 0xFD, 0x29, 0xFD, 0x29, 0xFD, 0x29, 0xFD, 0x29, 0xFD, 0x29, 0xFD, 0x29, 0xFD, 0x29,
    0xFD, 0x29, 0xFD, 0x29, 0xFD, 0x29, 0xFD, 0x29, 0xFD, 0x29, 0xFD, 0x29, 0xFD, 0x29, 0x5D, 0x32,
    0xFF, 0xFF, 0xFF, 0xFF, 0xFF, 0xFF, 0xFF, 0xFF, 0xFF, 0xFF, 0xFF, 0xFF, 0xFF, 0xFF, 0xFF, 0xFF,
    0xFF, 0xFF, 0xFF, 0xFF, 0xFF, 0xFF, 0xFF, 0xFF, 0xFF, 0xFF, 0xFF, 0xFF, 0xFF, 0xFF, 0xFF, 0xFF,
    0xFF, 0xFF, 0xFF, 0xFF, 0xFF, 0xFF, 0xFF, 0xFF, 0xFF, 0xFF, 0xFF, 0xFF, 0xFF, 0xFF, 0xFF, 0xFF,
    0xFF, 0xFF, 0xFF, 0xFF, 0xFF, 0xFF, 0xFF, 0xFF, 0xFF, 0xFF, 0xFF, 0xFF, 0xFF, 0xFF, 0xFF, 0xFF,
    0xFF, 0xFF, 0xFF, 0xFF, 0xFF, 0xFF, 0xFF, 0xFF, 0xFF, 0xFF, 0xFF, 0xFF, 0xFF, 0xFF, 0xFF, 0xFF,
    0xFF, 0xFF, 0xFF, 0xFF, 0xFF, 0xFF, 0xFF, 0xFF, 0xFF, 0xFF, 0xFF, 0xFF, 0xFF, 0xFF, 0xFF, 0xFF,
    0xFF, 0xFF, 0xFF, 0xFF, 0xFF, 0xFF, 0xFF, 0xFF, 0xFF, 0xFF, 0xFF, 0xFF, 0xFF, 0xFF, 0xFF, 0xFF,
    0xFF, 0xFF, 0xFF, 0xFF, 0xFF, 0xFF, 0xFF, 0xFF, 0xFF, 0xFF, 0xFF, 0xFF, 0xFF, 0xFF, 0xFF, 0xFF,
    0xFF, 0xFF, 0xFF, 0xFF, 0xFF, 0xFF, 0xFF, 0xFF, 0xFF, 0xFF, 0xFF, 0xFF, 0xFF, 0xFF, 0xFF, 0xFF,
    0xFF, 0xFF, 0xFF, 0xFF, 0xFF, 0xFF, 0xFF, 0xFF, 0xFF, 0xFF, 0xFF, 0xFF, 0xFF, 0xFF, 0xFF, 0xFF,
    0xFF, 0xFF, 0xFF, 0xFF, 0xFF, 0xFF, 0xFF, 0xFF, 0xFF, 0xFF, 0xFF, 0xFF, 0xFF, 0xFF, 0xFF, 0xFF,
    0xFF, 0xFF, 0xFF, 0xFF, 0xFF, 0xFF, 0xFF, 0xFF, 0xFF, 0xFF, 0xFF, 0xFF, 0xFF, 0xFF, 0xFF, 0xFF,
    0xFF, 0xFF, 0xFF, 0xFF, 0xFF, 0xFF, 0xFF, 0xFF, 0xFF, 0xFF, 0xFF, 0xFF, 0xFF, 0xFF, 0xFF, 0xFF,
    0xFF, 0xFF, 0xFF, 0xFF, 0xFF, 0xFF, 0xFF, 0xFF, 0xFF, 0xFF, 0xFF, 0xFF, 0xFF, 0xFF, 0xFF, 0xFF,
    0xFF, 0xFF, 0xFF, 0xFF, 0xFF, 0xFF, 0xFF, 0xFF, 0xFF, 0xFF, 0xFF, 0xFF, 0xFF, 0xFF, 0xFF, 0xFF,
    0xFF, 0xFF, 0xFF, 0xFF, 0xFF, 0xFF, 0xFF, 0xFF, 0xFF, 0xFF, 0xFF, 0xFF, 0xFF, 0xFF, 0xFF, 0xFF,
    0xFF, 0xFF, 0xFF, 0xFF, 0xFF, 0xFF, 0xFF, 0xFF, 0xFF, 0xFF, 0xFF, 0xFF, 0xFF, 0xFF, 0xFF, 0xFF,
    0xFF, 0xFF, 0xFF, 0xFF, 0xBE, 0xFF, 0x4A, 0x42, 0xFF, 0xFF, 0xFF, 0xFF, 0xFF, 0xFF, 0xFF, 0xFF,
    0x3B, 0xEF, 0xF9, 0xEE, 0xF9, 0xE6, 0xF9, 0xE6, 0xF9, 0xEE, 0xD9, 0xE6, 0xF9, 0xE6, 0xF9, 0xE6,
    0xF9, 0xE6, 0xB8, 0xE6, 0x98, 0xDE, 0x98, 0xDE, 0x98, 0xDE, 0x98, 0xDE, 0x98, 0xDE, 0x98, 0xDE,
    0x98, 0xDE, 0x98, 0xDE, 0x98, 0xDE, 0x98, 0xDE, 0x98, 0xDE, 0x98, 0xDE, 0x98, 0xDE, 0x98, 0xDE,
    0x98, 0xDE, 0x98, 0xDE, 0x98, 0xDE, 0x98, 0xDE, 0x98, 0xDE, 0x98, 0xDE, 0x98, 0xDE, 0x98, 0xDE,
    0x98, 0xDE, 0x98, 0xDE, 0x98, 0xDE, 0x98, 0xDE, 0x98, 0xDE, 0x98, 0xDE, 0x98, 0xDE, 0x98, 0xDE,
    0x98, 0xDE, 0x98, 0xDE, 0x98, 0xDE, 0x98, 0xDE, 0x98, 0xDE, 0x98, 0xDE, 0x98, 0xDE, 0x98, 0xDE,
    0x98, 0xDE, 0x98, 0xDE, 0x98, 0xDE, 0x98, 0xDE, 0x98, 0xDE, 0x98, 0xDE, 0x98, 0xDE, 0x98, 0xDE,
    0x98, 0xDE, 0x98, 0xDE, 0x98, 0xDE, 0x98, 0xDE, 0x98, 0xDE, 0x98, 0xDE, 0x98, 0xDE, 0x98, 0xDE,
    0x98, 0xDE, 0x98, 0xDE, 0x98, 0xDE, 0x98, 0xDE, 0x98, 0xDE, 0x98, 0xDE, 0x98, 0xDE, 0xD9, 0xE6,
    0xF9, 0xEE, 0xF9, 0xE6, 0xD9, 0xE6, 0xF9, 0xE6, 0xF9, 0xE6, 0xF9, 0xE6, 0xF9, 0xE6, 0xB9, 0xE6,
    0xFF, 0xFF, 0xFF, 0xFF, 0xFF, 0xFF, 0xFF, 0xFF, 0x6E, 0x63, 0x55, 0x42, 0xFC, 0x52, 0xFB, 0x52,
    0xFC, 0x52, 0xFB, 0x52, 0xFB, 0x52, 0xFB, 0x52, 0xFB, 0x52, 0xFB, 0x52, 0xFB, 0x52, 0xFB, 0x52,
    0xFB, 0x52, 0xFB, 0x52, 0xFB, 0x52, 0xFB, 0x52, 0x1B, 0x53, 0x1B, 0x53, 0x1B, 0x53, 0x1B, 0x53,
    0x1B, 0x53, 0x1B, 0x53, 0x1B, 0x53, 0x1B, 0x53, 0x1B, 0x53, 0x1B, 0x53, 0xFF, 0xFF, 0xFF, 0xFF,
    0xFF, 0xFF, 0xFF, 0xFF, 0xFF, 0xFF, 0xFF, 0xFF, 0xFF, 0xFF, 0xFF, 0xFF, 0xFF, 0xFF, 0xFF, 0xFF,
    0xFF, 0xFF, 0xFF, 0xFF, 0xFF, 0xFF, 0xFF, 0xFF, 0xFF, 0xFF, 0xFF, 0xFF, 0xFF, 0xFF, 0xFF, 0xFF,
    0xFF, 0xFF, 0xFF, 0xFF, 0xFF, 0xFF, 0xFF, 0xFF, 0xFF, 0xFF, 0xFF, 0xFF, 0x5F, 0xA5, 0xFD, 0x29,
    0xFD, 0x29, 0xFD, 0x29, 0xFD, 0x29, 0xFD, 0x29, 0xFD, 0x29, 0xFD, 0x29, 0xFD, 0x29, 0xFD, 0x29,
    0xFD, 0x29, 0xFD, 0x29, 0xFD, 0x29, 0xFD, 0x29, 0xFD, 0x29, 0xFD, 0x29, 0xFD, 0x29, 0xFD, 0x29,
    0xFD, 0x29, 0xFD, 0x29, 0xFD, 0x29, 0xFD, 0x29, 0xFD, 0x29, 0xFD, 0x29, 0xFD, 0x29, 0xFD, 0x29,
    0xFD, 0x29, 0xFD, 0x29, 0xFD, 0x29, 0xFD, 0x29, 0xFD, 0x29, 0xFD, 0x29, 0xFD, 0x29, 0xFD, 0x29,
    0xFD, 0x29, 0xFD, 0x29, 0xFD, 0x29, 0xFD, 0x29, 0xFD, 0x29, 0xFD, 0x29, 0xFD, 0x29, 0xFD, 0x29,
    0xFE, 0x94, 0xFF, 0xFF, 0xFF, 0xFF, 0xFF, 0xFF, 0xFF, 0xFF, 0xFF, 0xFF, 0xFF, 0xFF, 0xFF, 0xFF,
    0xFF, 0xFF, 0xFF, 0xFF, 0xFF, 0xFF, 0xFF, 0xFF, 0xFF, 0xFF, 0xFF, 0xFF, 0xFF, 0xFF, 0xFF, 0xFF,
    0xFF, 0xFF, 0xFF, 0xFF, 0xFF, 0xFF, 0xFF, 0xFF, 0xFF, 0xFF, 0xFF, 0xFF, 0xFF, 0xFF, 0xFF, 0xFF,
    0xFF, 0xFF, 0xFF, 0xFF, 0xFF, 0xFF, 0xFF, 0xFF, 0xFF, 0xFF, 0xFF, 0xFF, 0xFF, 0xFF, 0xFF, 0xFF,
    0xFF, 0xFF, 0xFF, 0xFF, 0xFF, 0xFF, 0xFF, 0xFF, 0xFF, 0xFF, 0xFF, 0xFF, 0xFF, 0xFF, 0xFF, 0xFF,
    0xFF, 0xFF, 0xFF, 0xFF, 0xFF, 0xFF, 0xFF, 0xFF, 0xFF, 0xFF, 0xFF, 0xFF, 0xFF, 0xFF, 0xFF, 0xFF,
    0xFF, 0xFF, 0xFF, 0xFF, 0xFF, 0xFF, 0xFF, 0xFF, 0xFF, 0xFF, 0xFF, 0xFF, 0xFF, 0xFF, 0xFF, 0xFF,
    0xFF, 0xFF, 0xFF, 0xFF, 0xFF, 0xFF, 0xFF, 0xFF, 0xFF, 0xFF, 0xFF, 0xFF, 0xFF, 0xFF, 0xFF, 0xFF,
    0xFF, 0xFF, 0xFF, 0xFF, 0xFF, 0xFF, 0xFF, 0xFF, 0xFF, 0xFF, 0xFF, 0xFF, 0xFF, 0xFF, 0xFF, 0xFF,
    0xFF, 0xFF, 0xFF, 0xFF, 0xFF, 0xFF, 0xFF, 0xFF, 0xFF, 0xFF, 0xFF, 0xFF, 0xFF, 0xFF, 0xFF, 0xFF,
    0xFF, 0xFF, 0xFF, 0xFF, 0xFF, 0xFF, 0xFF, 0xFF, 0xFF, 0xFF, 0xFF, 0xFF, 0xFF, 0xFF, 0xFF, 0xFF,
    0xFF, 0xFF, 0xFF, 0xFF, 0xFF, 0xFF, 0xFF, 0xFF, 0xFF, 0xFF, 0xFF, 0xFF, 0xFF, 0xFF, 0xFF, 0xFF,
    0xFF, 0xFF, 0xFF, 0xFF, 0xFF, 0xFF, 0xFF, 0xFF, 0xFF, 0xFF, 0xFF, 0xFF, 0xFF, 0xFF, 0xFF, 0xFF,
    0xFF, 0xFF, 0xFF, 0xFF, 0xFF, 0xFF, 0xFF, 0xFF, 0xFF, 0xFF, 0xFF, 0xFF, 0xFF, 0xFF, 0xFF, 0xFF,
    0xFF, 0xFF, 0xFF, 0xFF, 0xFF, 0xFF, 0xFF, 0xFF, 0xFF, 0xFF, 0xFF, 0xFF, 0xFF, 0xFF, 0xFF, 0xFF,
    0xFF, 0xFF, 0xFF, 0xFF, 0xFF, 0xFF, 0xFF, 0xFF, 0xFF, 0xFF, 0xFF, 0xFF, 0xFF, 0xFF, 0xFF, 0xFF,
    0xFF, 0xFF, 0xFF, 0xFF, 0xFF, 0xFF, 0xFF, 0xFF, 0xFF, 0xFF, 0xFF, 0xFF, 0xFF, 0xFF, 0xFF, 0xFF,
    0xFF, 0xFF, 0xFF, 0xFF, 0xFF, 0xFF, 0xBE, 0xFF, 0x4A, 0x42, 0xFF, 0xFF, 0xFF, 0xFF, 0xFF, 0xFF,
    0xFF, 0xFF, 0x3B, 0xEF, 0xF9, 0xEE, 0xF9, 0xE6, 0xF9, 0xE6, 0xF9, 0xEE, 0xD9, 0xE6, 0xFA, 0xEE,
    0xF9, 0xE6, 0x98, 0xE6, 0x97, 0xE6, 0x97, 0xE6, 0x97, 0xE6, 0x97, 0xE6, 0x97, 0xE6, 0x97, 0xE6,
    0x97, 0xE6, 0x97, 0xE6, 0x97, 0xE6, 0x97, 0xE6, 0x97, 0xE6, 0x97, 0xE6, 0x97, 0xE6, 0x97, 0xE6,
    0x97, 0xE6, 0x97, 0xE6, 0x97, 0xE6, 0x97, 0xE6, 0x97, 0xE6, 0x97, 0xE6, 0x97, 0xE6, 0x97, 0xE6,
    0x97, 0xE6, 0x97, 0xE6, 0x97, 0xE6, 0x97, 0xE6, 0x97, 0xE6, 0x97, 0xE6, 0x97, 0xE6, 0x97, 0xE6,
    0x97, 0xE6, 0x97, 0xE6, 0x97, 0xE6, 0x97, 0xE6, 0x97, 0xE6, 0x97, 0xE6, 0x97, 0xE6, 0x97, 0xE6,
    0x97, 0xE6, 0x97, 0xE6, 0x97, 0xE6, 0x97, 0xE6, 0x97, 0xE6, 0x97, 0xE6, 0x97, 0xE6, 0x97, 0xE6,
    0x97, 0xE6, 0x97, 0xE6, 0x97, 0xE6, 0x97, 0xE6, 0x97, 0xE6, 0x97, 0xE6, 0x97, 0xE6, 0x97, 0xE6,
    0x97, 0xE6, 0x97, 0xE6, 0x97, 0xE6, 0x97, 0xE6, 0x97, 0xE6, 0x97, 0xE6, 0x97, 0xE6, 0x97, 0xDE,
    0x97, 0xE6, 0xD9, 0xE6, 0xF9, 0xE6, 0xD9, 0xE6, 0xF9, 0xE6, 0xF9, 0xE6, 0xF9, 0xE6, 0xF9, 0xE6,
    0xB9, 0xE6, 0xFF, 0xFF, 0xFF, 0xFF, 0xFF, 0xFF, 0xFF, 0xFF, 0x6E, 0x63, 0x55, 0x42, 0xFB, 0x52,
    0xFB, 0x52, 0xFC, 0x52, 0xFB, 0x52, 0xFB, 0x52, 0xFB, 0x52, 0xFB, 0x52, 0xFB, 0x52, 0xFB, 0x52,
    0xFB, 0x52, 0xFB, 0x52, 0x1B, 0x53, 0x1B, 0x53, 0x1B, 0x53, 0x1B, 0x53, 0x1B, 0x53, 0x1B, 0x53,
    0x1B, 0x53, 0x1B, 0x53, 0x1B, 0x53, 0x1B, 0x53, 0x1B, 0x53, 0x1B, 0x53, 0x1B, 0x53, 0xFF, 0xFF,
    0xFF, 0xFF, 0xFF, 0xFF, 0xFF, 0xFF, 0xFF, 0xFF, 0xFF, 0xFF, 0xFF, 0xFF, 0xFF, 0xFF, 0xFF, 0xFF,
    0xFF, 0xFF, 0xFF, 0xFF, 0xFF, 0xFF, 0xFF, 0xFF, 0xFF, 0xFF, 0xFF, 0xFF, 0xFF, 0xFF, 0xFF, 0xFF,
    0xFF, 0xFF, 0xFF, 0xFF, 0xFF, 0xFF, 0xFF, 0xFF, 0xFF, 0xFF, 0xFF, 0xFF, 0xFF, 0xFF, 0xFF, 0xFF,
    0x3F, 0xE7, 0x7F, 0xCE, 0x7F, 0xCE, 0x7F, 0xCE, 0x7F, 0xCE, 0x7F, 0xCE, 0x7F, 0xCE, 0x7F, 0xCE,
    0x7F, 0xCE, 0x7F, 0xCE, 0x7F, 0xCE, 0x7F, 0xCE, 0x7F, 0xCE, 0x7F, 0xCE, 0x7F, 0xCE, 0x7F, 0xCE,
    0x7F, 0xCE, 0x7F, 0xCE, 0x7F, 0xCE, 0x7F, 0xCE, 0x7F, 0xCE, 0x7F, 0xCE, 0x7F, 0xCE, 0x7F, 0xCE,
    0x7F, 0xCE, 0x7F, 0xCE, 0x7F, 0xCE, 0x7F, 0xCE, 0x7F, 0xCE, 0x7F, 0xCE, 0x7F, 0xCE, 0x7F, 0xCE,
    0x7F, 0xCE, 0x7F, 0xCE, 0x7F, 0xCE, 0x7F, 0xCE, 0x7F, 0xCE, 0x7F, 0xCE, 0x7F, 0xCE, 0x7F, 0xCE,
    0xDF, 0xD6, 0xFF, 0xFF, 0xFF, 0xFF, 0xFF, 0xFF, 0xFF, 0xFF, 0xFF, 0xFF, 0xFF, 0xFF, 0xFF, 0xFF,
    0xFF, 0xFF, 0xFF, 0xFF, 0xFF, 0xFF, 0xFF, 0xFF, 0xFF, 0xFF, 0xFF, 0xFF, 0xFF, 0xFF, 0xFF, 0xFF,
    0xFF, 0xFF, 0xFF, 0xFF, 0xFF, 0xFF, 0xFF, 0xFF, 0xFF, 0xFF, 0xFF, 0xFF, 0xFF, 0xFF, 0xFF, 0xFF,
    0xFF, 0xFF, 0xFF, 0xFF, 0xFF, 0xFF, 0xFF, 0xFF, 0xFF, 0xFF, 0xFF, 0xFF, 0xFF, 0xFF, 0xFF, 0xFF,
    0xFF, 0xFF, 0xFF, 0xFF, 0xFF, 0xFF, 0xFF, 0xFF, 0xFF, 0xFF, 0xFF, 0xFF, 0xFF, 0xFF, 0xFF, 0xFF,
    0xFF, 0xFF, 0xFF, 0xFF, 0xFF, 0xFF, 0xFF, 0xFF, 0xFF, 0xFF, 0xFF, 0xFF, 0xFF, 0xFF, 0xFF, 0xFF,
    0xFF, 0xFF, 0xFF, 0xFF, 0xFF, 0xFF, 0xFF, 0xFF, 0xFF, 0xFF, 0xFF, 0xFF, 0xFF, 0xFF, 0xFF, 0xFF,
    0xFF, 0xFF, 0xFF, 0xFF, 0xFF, 0xFF, 0xFF, 0xFF, 0xFF, 0xFF, 0xFF, 0xFF, 0xFF, 0xFF, 0xFF, 0xFF,
    0xFF, 0xFF, 0xFF, 0xFF, 0xFF, 0xFF, 0xFF, 0xFF, 0xFF, 0xFF, 0xFF, 0xFF, 0xFF, 0xFF, 0xFF, 0xFF,
    0xFF, 0xFF, 0xFF, 0xFF, 0xFF, 0xFF, 0xFF, 0xFF, 0xFF, 0xFF, 0xFF, 0xFF, 0xFF, 0xFF, 0xFF, 0xFF,
    0xFF, 0xFF, 0xFF, 0xFF, 0xFF, 0xFF, 0xFF, 0xFF, 0xFF, 0xFF, 0xFF, 0xFF, 0xFF, 0xFF, 0xFF, 0xFF,
    0xFF, 0xFF, 0xFF, 0xFF, 0xFF, 0xFF, 0xFF, 0xFF, 0xFF, 0xFF, 0xFF, 0xFF, 0xFF, 0xFF, 0xFF, 0xFF,
    0xFF, 0xFF, 0xFF, 0xFF, 0xFF, 0xFF, 0xFF, 0xFF, 0xFF, 0xFF, 0xFF, 0xFF, 0xFF, 0xFF, 0xFF, 0xFF,
    0xFF, 0xFF, 0xFF, 0xFF, 0xFF, 0xFF, 0xFF, 0xFF, 0xFF, 0xFF, 0xFF, 0xFF, 0xFF, 0xFF, 0xFF, 0xFF,
    0xFF, 0xFF, 0xFF, 0xFF, 0xFF, 0xFF, 0xFF, 0xFF, 0xFF, 0xFF, 0xFF, 0xFF, 0xFF, 0xFF, 0xFF, 0xFF,
    0xFF, 0xFF, 0xFF, 0xFF, 0xFF, 0xFF, 0xFF, 0xFF, 0xFF, 0xFF, 0xFF, 0xFF, 0xFF, 0xFF, 0xFF, 0xFF,
    0xFF, 0xFF, 0xFF, 0xFF, 0xFF, 0xFF, 0xFF, 0xFF, 0xFF, 0xFF, 0xFF, 0xFF, 0xFF, 0xFF, 0xFF, 0xFF,
    0xFF, 0xFF, 0xFF, 0xFF, 0xFF, 0xFF, 0xFF, 0xFF, 0xBE, 0xFF, 0x4A, 0x42, 0xFF, 0xFF, 0xFF, 0xFF,
    0xFF, 0xFF, 0xFF, 0xFF, 0x3B, 0xEF, 0xF9, 0xEE, 0xF9, 0xE6, 0xF9, 0xE6, 0xF9, 0xEE, 0xD9, 0xE6,
    0xFA, 0xEE, 0xD9, 0xE6, 0x97, 0xDE, 0x97, 0xE6, 0x97, 0xE6, 0x97, 0xE6, 0x97, 0xE6, 0x97, 0xE6,
    0x97, 0xE6, 0x97, 0xE6, 0x97, 0xE6, 0x97, 0xE6, 0x97, 0xE6, 0x97, 0xE6, 0x97, 0xE6, 0x97, 0xE6,
    0x97, 0xE6, 0x97, 0xE6, 0x97, 0xE6, 0x97, 0xE6, 0x97, 0xE6, 0x97, 0xE6, 0x97, 0xE6, 0x97, 0xE6,
    0x97, 0xE6, 0x97, 0xE6, 0x97, 0xE6, 0x97, 0xE6, 0x97, 0xE6, 0x97, 0xE6, 0x97, 0xE6, 0x97, 0xE6,
    0x97, 0xE6, 0x97, 0xE6, 0x97, 0xE6, 0x97, 0xE6, 0x97, 0xE6, 0x97, 0xE6, 0x97, 0xE6, 0x97, 0xE6,
    0x97, 0xE6, 0x97, 0xE6, 0x97, 0xE6, 0x97, 0xE6, 0x97, 0xE6, 0x97, 0xE6, 0x97, 0xE6, 0x97, 0xE6,
    0x97, 0xE6, 0x97, 0xE6, 0x97, 0xE6, 0x97, 0xE6, 0x97, 0xE6, 0x97, 0xE6, 0x97, 0xE6, 0x97, 0xE6,
    0x97, 0xE6, 0x97, 0xE6, 0x97, 0xE6, 0x97, 0xE6, 0x97, 0xE6, 0x97, 0xE6, 0x97, 0xE6, 0x97, 0xE6,
    0x98, 0xE6, 0x97, 0xE6, 0xB8, 0xE6, 0xF9, 0xEE, 0xD9, 0xE6, 0xF9, 0xE6, 0xF9, 0xE6, 0xF9, 0xE6,
    0xF9, 0xE6, 0xB9, 0xE6, 0xFF, 0xFF, 0xFF, 0xFF, 0xFF, 0xFF, 0xFF, 0xFF, 0x6E, 0x63, 0x55, 0x42,
    0xFB, 0x52, 0xFB, 0x52, 0xFB, 0x52, 0xFB, 0x52, 0xFB, 0x52, 0xFB, 0x52, 0xFB, 0x52, 0xFB, 0x52,
    0xFB, 0x52, 0xFB, 0x52, 0x1B, 0x53, 0x1B, 0x53, 0x1B, 0x53, 0x1B, 0x53, 0x1B, 0x53, 0x1B, 0x53,
    0x1B, 0x53, 0x1B, 0x53, 0x1B, 0x53, 0x1B, 0x53, 0x1B, 0x53, 0x1B, 0x53, 0x1B, 0x53, 0x1B, 0x5B,
    0xFF, 0xFF, 0xFF, 0xFF, 0xFF, 0xFF, 0xFF, 0xFF, 0xFF, 0xFF, 0xFF, 0xFF, 0xFF, 0xFF, 0xFF, 0xFF,
    0xFF, 0xFF, 0xFF, 0xFF, 0xFF, 0xFF, 0xFF, 0xFF, 0xFF, 0xFF, 0xFF, 0xFF, 0xFF, 0xFF, 0xFF, 0xFF,
    0xFF, 0xFF, 0xFF, 0xFF, 0xFF, 0xFF, 0xFF, 0xFF, 0xFF, 0xFF, 0xFF, 0xFF, 0xFF, 0xFF, 0xFF, 0xFF,
    0xFF, 0xFF, 0xFF, 0xFF, 0xFF, 0xFF, 0xFF, 0xFF, 0xFF, 0xFF, 0xFF, 0xFF, 0xFF, 0xFF, 0xFF, 0xFF,
    0xFF, 0xFF, 0xFF, 0xFF, 0xFF, 0xFF, 0xFF, 0xFF, 0xFF, 0xFF, 0xFF, 0xFF, 0xFF, 0xFF, 0xFF, 0xFF,
    0xFF, 0xFF, 0xFF, 0xFF, 0xFF, 0xFF, 0xFF, 0xFF, 0xFF, 0xFF, 0xFF, 0xFF, 0xFF, 0xFF, 0xFF, 0xFF,
    0xFF, 0xFF, 0xFF, 0xFF, 0xFF, 0xFF, 0xFF, 0xFF, 0xFF, 0xFF, 0xFF, 0xFF, 0xFF, 0xFF, 0xFF, 0xFF,
    0xFF, 0xFF, 0xFF, 0xFF, 0xFF, 0xFF, 0xFF, 0xFF, 0xFF, 0xFF, 0xFF, 0xFF, 0xFF, 0xFF, 0xFF, 0xFF,
    0xFF, 0xFF, 0xFF, 0xFF, 0xFF, 0xFF, 0xFF, 0xFF, 0xFF, 0xFF, 0xFF, 0xFF, 0xFF, 0xFF, 0xFF, 0xFF,
    0xFF, 0xFF, 0xFF, 0xFF, 0xFF, 0xFF, 0xFF, 0xFF, 0xFF, 0xFF, 0xFF, 0xFF, 0xFF, 0xFF, 0xFF, 0xFF,
    0xFF, 0xFF, 0xFF, 0xFF, 0xFF, 0xFF, 0xFF, 0xFF, 0xFF, 0xFF, 0xFF, 0xFF, 0xFF, 0xFF, 0xFF, 0xFF,
    0xFF, 0xFF, 0xFF, 0xFF, 0xFF, 0xFF, 0xFF, 0xFF, 0xFF, 0xFF, 0xFF, 0xFF, 0xFF, 0xFF, 0xFF, 0xFF,
    0xFF, 0xFF, 0xFF, 0xFF, 0xFF, 0xFF, 0xFF, 0xFF, 0xFF, 0xFF, 0xFF, 0xFF, 0xFF, 0xFF, 0xFF, 0xFF,
    0xFF, 0xFF, 0xFF, 0xFF, 0xFF, 0xFF, 0xFF, 0xFF, 0xFF, 0xFF, 0xFF, 0xFF, 0xFF, 0xFF, 0xFF, 0xFF,
    0xFF, 0xFF, 0xFF, 0xFF, 0xFF, 0xFF, 0xFF, 0xFF, 0xFF, 0xFF, 0xFF, 0xFF, 0xFF, 0xFF, 0xFF, 0xFF,
    0xFF, 0xFF, 0xFF, 0xFF, 0xFF, 0xFF, 0xFF, 0xFF, 0xFF, 0xFF, 0xFF, 0xFF, 0xFF, 0xFF, 0xFF, 0xFF,
    0xFF, 0xFF, 0xFF, 0xFF, 0xFF, 0xFF, 0xFF, 0xFF, 0xFF, 0xFF, 0xFF, 0xFF, 0xFF, 0xFF, 0xFF, 0xFF,
    0xFF, 0xFF, 0xFF, 0xFF, 0xFF, 0xFF, 0xFF, 0xFF, 0xFF, 0xFF, 0xFF, 0xFF, 0xFF, 0xFF, 0xFF, 0xFF,
    0xFF, 0xFF, 0xFF, 0xFF, 0xFF, 0xFF, 0xFF, 0xFF, 0xFF, 0xFF, 0xFF, 0xFF, 0xFF, 0xFF, 0xFF, 0xFF,
    0xFF, 0xFF, 0xFF, 0xFF, 0xFF, 0xFF, 0xFF, 0xFF, 0xFF, 0xFF, 0xFF, 0xFF, 0xFF, 0xFF, 0xFF, 0xFF,
    0xFF, 0xFF, 0xFF, 0xFF, 0xFF, 0xFF, 0xFF, 0xFF, 0xFF, 0xFF, 0xFF, 0xFF, 0xFF, 0xFF, 0xFF, 0xFF,
    0xFF, 0xFF, 0xFF, 0xFF, 0xFF, 0xFF, 0xFF, 0xFF, 0xFF, 0xFF, 0xFF, 0xFF, 0xFF, 0xFF, 0xFF, 0xFF,
    0xFF, 0xFF, 0xFF, 0xFF, 0xFF, 0xFF, 0xFF, 0xFF, 0xFF, 0xFF, 0xFF, 0xFF, 0xFF, 0xFF, 0xFF, 0xFF,
    0xFF, 0xFF, 0xFF, 0xFF, 0xFF, 0xFF, 0xFF, 0xFF, 0xFF, 0xFF, 0xFF, 0xFF, 0xFF, 0xFF, 0xFF, 0xFF,
    0xFF, 0xFF, 0xFF, 0xFF, 0xFF, 0xFF, 0xFF, 0xFF, 0xFF, 0xFF, 0xFF, 0xFF, 0xFF, 0xFF, 0xFF, 0xFF,
    0xFF, 0xFF, 0xFF, 0xFF, 0xFF, 0xFF, 0xFF, 0xFF, 0xFF, 0xFF, 0xBE, 0xFF, 0x4A, 0x42, 0xFF, 0xFF,
    0xFF, 0xFF, 0xFF, 0xFF, 0xFF, 0xFF, 0x3B, 0xEF, 0xF9, 0xEE, 0xF9, 0xE6, 0xF9, 0xE6, 0xF9, 0xEE,
    0xD9, 0xE6, 0xF9, 0xEE, 0xD9, 0xE6, 0x97, 0xDE, 0x97, 0xE6, 0x97, 0xE6, 0x97, 0xE6, 0x97, 0xE6,
    0x97, 0xE6, 0x97, 0xE6, 0x97, 0xE6, 0x97, 0xE6, 0x97, 0xE6, 0x97, 0xE6, 0x97, 0xE6, 0x97, 0xE6,
    0x97, 0xE6, 0x97, 0xE6, 0x97, 0xE6, 0x97, 0xE6, 0x97, 0xE6, 0x97, 0xE6, 0x97, 0xE6, 0x97, 0xE6,
    0x97, 0xE6, 0x97, 0xE6, 0x97, 0xE6, 0x97, 0xE6, 0x97, 0xE6, 0x97, 0xE6, 0x97, 0xE6, 0x97, 0xE6,
    0x97, 0xE6, 0x97, 0xE6, 0x97, 0xE6, 0x97, 0xE6, 0x97, 0xE6, 0x97, 0xE6, 0x97, 0xE6, 0x97, 0xE6,
    0x97, 0xE6, 0x97, 0xE6, 0x97, 0xE6, 0x97, 0xE6, 0x97, 0xE6, 0x97, 0xE6, 0x97, 0xE6, 0x97, 0xE6,
    0x97, 0xE6, 0x97, 0xE6, 0x97, 0xE6, 0x97, 0xE6, 0x97, 0xE6, 0x97, 0xE6, 0x97, 0xE6, 0x97, 0xE6,
    0x97, 0xE6, 0x97, 0xE6, 0x97, 0xE6, 0x97, 0xE6, 0x97, 0xE6, 0x97, 0xE6, 0x97, 0xE6, 0x97, 0xE6,
    0x97, 0xE6, 0x97, 0xDE, 0x97, 0xE6, 0xB8, 0xE6, 0xFA, 0xEE, 0xD9, 0xE6, 0xF9, 0xE6, 0xF9, 0xE6,
    0xF9, 0xE6, 0xF9, 0xE6, 0xB9, 0xE6, 0xFF, 0xFF, 0xFF, 0xFF, 0xFF, 0xFF, 0xFF, 0xFF, 0x6E, 0x63,
    0x55, 0x42, 0xFB, 0x52, 0xFB, 0x52, 0xFB, 0x52, 0xFB, 0x52, 0xFB, 0x52, 0xFB, 0x52, 0xFB, 0x52,
    0xFB, 0x52, 0x1B, 0x53, 0x1B, 0x53, 0x1B, 0x53, 0x1B, 0x53, 0x1B, 0x53, 0x1B, 0x53, 0x1B, 0x53,
    0x1B, 0x53, 0x1B, 0x53, 0x1B, 0x53, 0x1B, 0x53, 0x1B, 0x53, 0x1B, 0x5B, 0x1B, 0x5B, 0x1B, 0x5B,
    0x1B, 0x5B, 0xFF, 0xFF, 0xFF, 0xFF, 0xFF, 0xFF, 0xFF, 0xFF, 0xFF, 0xFF, 0xFF, 0xFF, 0xFF, 0xFF,
    0xFF, 0xFF, 0xFF, 0xFF, 0xFF, 0xFF, 0xFF, 0xFF, 0xFF, 0xFF, 0xFF, 0xFF, 0xFF, 0xFF, 0xFF, 0xFF,
    0xFF, 0xFF, 0xFF, 0xFF, 0xFF, 0xFF, 0xFF, 0xFF, 0xFF, 0xFF, 0xFF, 0xFF, 0xFF, 0xFF, 0xFF, 0xFF,
    0xFF, 0xFF, 0xFF, 0xFF, 0xFF, 0xFF, 0xFF, 0xFF, 0xFF, 0xFF, 0xFF, 0xFF, 0xFF, 0xFF, 0xFF, 0xFF,
    0xFF, 0xFF, 0xFF, 0xFF, 0xFF, 0xFF, 0xFF, 0xFF, 0xFF, 0xFF, 0xFF, 0xFF, 0xFF, 0xFF, 0xFF, 0xFF,
    0xFF, 0xFF, 0xFF, 0xFF, 0xFF, 0xFF, 0xFF, 0xFF, 0xFF, 0xFF, 0xFF, 0xFF, 0xFF, 0xFF, 0xFF, 0xFF,
    0xFF, 0xFF, 0xFF, 0xFF, 0xFF, 0xFF, 0xFF, 0xFF, 0xFF, 0xFF, 0xFF, 0xFF, 0xFF, 0xFF, 0xFF, 0xFF,
    0xFF, 0xFF, 0xFF, 0xFF, 0xFF, 0xFF, 0xFF, 0xFF, 0xFF, 0xFF, 0xFF, 0xFF, 0xFF, 0xFF, 0xFF, 0xFF,
    0xFF, 0xFF, 0xFF, 0xFF, 0xFF, 0xFF, 0xFF, 0xFF, 0xFF, 0xFF, 0xFF, 0xFF, 0xFF, 0xFF, 0xFF, 0xFF,
    0xFF, 0xFF, 0xFF, 0xFF, 0xFF, 0xFF, 0xFF, 0xFF, 0xFF, 0xFF, 0xFF, 0xFF, 0xFF, 0xFF, 0xFF, 0xFF,
    0xFF, 0xFF, 0xFF, 0xFF, 0xFF, 0xFF, 0xFF, 0xFF, 0xFF, 0xFF, 0xFF, 0xFF, 0xFF, 0xFF, 0xFF, 0xFF,
    0xFF, 0xFF, 0xFF, 0xFF, 0xFF, 0xFF, 0xFF, 0xFF, 0xFF, 0xFF, 0xFF, 0xFF, 0xFF, 0xFF, 0xFF, 0xFF,
    0xFF, 0xFF, 0xFF, 0xFF, 0xFF, 0xFF, 0xFF, 0xFF, 0xFF, 0xFF, 0xFF, 0xFF, 0xFF, 0xFF, 0xFF, 0xFF,
    0xFF, 0xFF, 0xFF, 0xFF, 0xFF, 0xFF, 0xFF, 0xFF, 0xFF, 0xFF, 0xFF, 0xFF, 0xFF, 0xFF, 0xFF, 0xFF,
    0xFF, 0xFF, 0xFF, 0xFF, 0xFF, 0xFF, 0xFF, 0xFF, 0xFF, 0xFF, 0xFF, 0xFF, 0xFF, 0xFF, 0xFF, 0xFF,
    0xFF, 0xFF, 0xFF, 0xFF, 0xFF, 0xFF, 0xFF, 0xFF, 0xFF, 0xFF, 0xFF, 0xFF, 0xFF, 0xFF, 0xFF, 0xFF,
    0xFF, 0xFF, 0xFF, 0xFF, 0xFF, 0xFF, 0xFF, 0xFF, 0xFF, 0xFF, 0xFF, 0xFF, 0xFF, 0xFF, 0xFF, 0xFF,
    0xFF, 0xFF, 0xFF, 0xFF, 0xFF, 0xFF, 0xFF, 0xFF, 0xFF, 0xFF, 0xFF, 0xFF, 0xFF, 0xFF, 0xFF, 0xFF,
    0xFF, 0xFF, 0xFF, 0xFF, 0xFF, 0xFF, 0xFF, 0xFF, 0xFF, 0xFF, 0xFF, 0xFF, 0xFF, 0xFF, 0xFF, 0xFF,
    0xFF, 0xFF, 0xFF, 0xFF, 0xFF, 0xFF, 0xFF, 0xFF, 0xFF, 0xFF, 0xFF, 0xFF, 0xFF, 0xFF, 0xFF, 0xFF,
    0xFF, 0xFF, 0xFF, 0xFF, 0xFF, 0xFF, 0xFF, 0xFF, 0xFF, 0xFF, 0xFF, 0xFF, 0xFF, 0xFF, 0xFF, 0xFF,
    0xFF, 0xFF, 0xFF, 0xFF, 0xFF, 0xFF, 0xFF, 0xFF, 0xFF, 0xFF, 0xFF, 0xFF, 0xFF, 0xFF, 0xFF, 0xFF,
    0xFF, 0xFF, 0xFF, 0xFF, 0xFF, 0xFF, 0xFF, 0xFF, 0xFF, 0xFF, 0xFF, 0xFF, 0xFF, 0xFF, 0xFF, 0xFF,
    0xFF, 0xFF, 0xFF, 0xFF, 0xFF, 0xFF, 0xFF, 0xFF, 0xFF, 0xFF, 0xFF, 0xFF, 0xFF, 0xFF, 0xFF, 0xFF,
    0xFF, 0xFF, 0xFF, 0xFF, 0xFF, 0xFF, 0xFF, 0xFF, 0xFF, 0xFF, 0xFF, 0xFF, 0xFF, 0xFF, 0xFF, 0xFF,
    0xFF, 0xFF, 0xFF, 0xFF, 0xFF, 0xFF, 0xFF, 0xFF, 0xFF, 0xFF, 0xFF, 0xFF, 0xBE, 0xFF, 0x4A, 0x42,
    0xFF, 0xFF, 0xFF, 0xFF, 0xFF, 0xFF, 0xFF, 0xFF, 0x3B, 0xEF, 0xF9, 0xEE, 0xF9, 0xE6, 0xF9, 0xE6,
    0xF9, 0xEE, 0xD9, 0xE6, 0xF9, 0xE6, 0xD9, 0xE6, 0x97, 0xDE, 0x97, 0xE6, 0x97, 0xE6, 0x97, 0xE6,
    0x97, 0xE6, 0x97, 0xE6, 0x97, 0xE6, 0x97, 0xE6, 0x97, 0xE6, 0x97, 0xE6, 0x97, 0xE6, 0x97, 0xE6,
    0x97, 0xE6, 0x97, 0xE6, 0x97, 0xE6, 0x97, 0xE6, 0x98, 0xE6, 0x98, 0xE6, 0x97, 0xE6, 0x97, 0xE6,
    0x97, 0xE6, 0x97, 0xE6, 0x97, 0xE6, 0x97, 0xE6, 0x97, 0xE6, 0x97, 0xE6, 0x97, 0xE6, 0x97, 0xE6,
    0x97, 0xE6, 0x97, 0xE6, 0x97, 0xE6, 0x97, 0xE6, 0x97, 0xE6, 0x97, 0xE6, 0x97, 0xE6, 0x97, 0xE6,
    0x97, 0xE6, 0x97, 0xE6, 0x97, 0xE6, 0x97, 0xE6, 0x97, 0xE6, 0x97, 0xE6, 0x97, 0xE6, 0x97, 0xE6,
    0x97, 0xE6, 0x97, 0xE6, 0x97, 0xE6, 0x97, 0xE6, 0x97, 0xE6, 0x97, 0xE6, 0x97, 0xE6, 0x97, 0xE6,
    0x97, 0xE6, 0x97, 0xE6, 0x97, 0xE6, 0x97, 0xE6, 0x97, 0xE6, 0x97, 0xE6, 0x97, 0xE6, 0x97, 0xE6,
    0x97, 0xE6, 0x97, 0xE6, 0x97, 0xDE, 0x97, 0xE6, 0xB8, 0xE6, 0xFA, 0xEE, 0xD9, 0xE6, 0xF9, 0xE6,
    0xF9, 0xE6, 0xF9, 0xE6, 0xF9, 0xE6, 0xB9, 0xE6, 0xFF, 0xFF, 0xFF, 0xFF, 0xFF, 0xFF, 0xFF, 0xFF,
    0x6E, 0x63, 0x55, 0x42, 0xFB, 0x52, 0xFB, 0x52, 0xFB, 0x52, 0xFB, 0x52, 0xFB, 0x52, 0xFB, 0x52,
    0xFB, 0x52, 0x1B, 0x53, 0x1B, 0x53, 0x1B, 0x53, 0x1B, 0x53, 0x1B, 0x53, 0x1B, 0x53, 0x1B, 0x53,
    0x1B, 0x53, 0x1B, 0x53, 0x1B, 0x53, 0x1B, 0x5B, 0x1B, 0x53, 0x1B, 0x53, 0x1B, 0x5B, 0x1B, 0x5B,
    0x1B, 0x5B, 0x1B, 0x5B, 0xFF, 0xFF, 0xFF, 0xFF, 0xFF, 0xFF, 0xFF, 0xFF, 0xFF, 0xFF, 0xFF, 0xFF,
    0xFF, 0xFF, 0xFF, 0xFF, 0xFF, 0xFF, 0xFF, 0xFF, 0xFF, 0xFF, 0xFF, 0xFF, 0xFF, 0xFF, 0xFF, 0xFF,
    0xFF, 0xFF, 0xFF, 0xFF, 0xFF, 0xFF, 0xFF, 0xFF, 0xFF, 0xFF, 0xFF, 0xFF, 0xFF, 0xFF, 0xFF, 0xFF,
    0xFF, 0xFF, 0xFF, 0xFF, 0xFF, 0xFF, 0xFF, 0xFF, 0xFF, 0xFF, 0xFF, 0xFF, 0xFF, 0xFF, 0xFF, 0xFF,
    0xFF, 0xFF, 0xFF, 0xFF, 0xFF, 0xFF, 0xFF, 0xFF, 0xFF, 0xFF, 0xFF, 0xFF, 0xFF, 0xFF, 0xFF, 0xFF,
    0xFF, 0xFF, 0xFF, 0xFF, 0xFF, 0xFF, 0xFF, 0xFF, 0xFF, 0xFF, 0xFF, 0xFF, 0xFF, 0xFF, 0xFF, 0xFF,
    0xFF, 0xFF, 0xFF, 0xFF, 0xFF, 0xFF, 0xFF, 0xFF, 0xFF, 0xFF, 0xFF, 0xFF, 0xFF, 0xFF, 0xFF, 0xFF,
    0xFF, 0xFF, 0xFF, 0xFF, 0xFF, 0xFF, 0xFF, 0xFF, 0xFF, 0xFF, 0xFF, 0xFF, 0xFF, 0xFF, 0xFF, 0xFF,
    0xFF, 0xFF, 0xFF, 0xFF, 0xFF, 0xFF, 0xFF, 0xFF, 0xFF, 0xFF, 0xFF, 0xFF, 0xFF, 0xFF, 0xFF, 0xFF,
    0xFF, 0xFF, 0xFF, 0xFF, 0xFF, 0xFF, 0xFF, 0xFF, 0xFF, 0xFF, 0xFF, 0xFF, 0xFF, 0xFF, 0xFF, 0xFF,
    0xFF, 0xFF, 0xFF, 0xFF, 0xFF, 0xFF, 0xFF, 0xFF, 0xFF, 0xFF, 0xFF, 0xFF, 0xFF, 0xFF, 0xFF, 0xFF,
    0xFF, 0xFF, 0xFF, 0xFF, 0xFF, 0xFF, 0xFF, 0xFF, 0xFF, 0xFF, 0xFF, 0xFF, 0xFF, 0xFF, 0xFF, 0xFF,
    0xFF, 0xFF, 0xFF, 0xFF, 0xFF, 0xFF, 0xFF, 0xFF, 0xFF, 0xFF, 0xFF, 0xFF, 0xFF, 0xFF, 0xFF, 0xFF,
    0xFF, 0xFF, 0xFF, 0xFF, 0xFF, 0xFF, 0xFF, 0xFF, 0xFF, 0xFF, 0xFF, 0xFF, 0xFF, 0xFF, 0xFF, 0xFF,
    0xFF, 0xFF, 0xFF, 0xFF, 0xFF, 0xFF, 0xFF, 0xFF, 0xFF, 0xFF, 0xFF, 0xFF, 0xFF, 0xFF, 0xFF, 0xFF,
    0xFF, 0xFF, 0xFF, 0xFF, 0xFF, 0xFF, 0xFF, 0xFF, 0xFF, 0xFF, 0xFF, 0xFF, 0xFF, 0xFF, 0xFF, 0xFF,
    0xFF, 0xFF, 0xFF, 0xFF, 0xFF, 0xFF, 0xFF, 0xFF, 0xFF, 0xFF, 0xFF, 0xFF, 0xFF, 0xFF, 0xFF, 0xFF,
    0xFF, 0xFF, 0xFF, 0xFF, 0xFF, 0xFF, 0xFF, 0xFF, 0xFF, 0xFF, 0xFF, 0xFF, 0xFF, 0xFF, 0xFF, 0xFF,
    0xFF, 0xFF, 0xFF, 0xFF, 0xFF, 0xFF, 0xFF, 0xFF, 0xFF, 0xFF, 0xFF, 0xFF, 0xFF, 0xFF, 0xFF, 0xFF,
    0xFF, 0xFF, 0xFF, 0xFF, 0xFF, 0xFF, 0xFF, 0xFF, 0xFF, 0xFF, 0xFF, 0xFF, 0xFF, 0xFF, 0xFF, 0xFF,
    0xFF, 0xFF, 0xFF, 0xFF, 0xFF, 0xFF, 0xFF, 0xFF, 0xFF, 0xFF, 0xFF, 0xFF, 0xFF, 0xFF, 0xFF, 0xFF,
    0xFF, 0xFF, 0xFF, 0xFF, 0xFF, 0xFF, 0xFF, 0xFF, 0xFF, 0xFF, 0xFF, 0xFF, 0xFF, 0xFF, 0xFF, 0xFF,
    0xFF, 0xFF, 0xFF, 0xFF, 0xFF, 0xFF, 0xFF, 0xFF, 0xFF, 0xFF, 0xFF, 0xFF, 0xFF, 0xFF, 0xFF, 0xFF,
    0xFF, 0xFF, 0xFF, 0xFF, 0xFF, 0xFF, 0xFF, 0xFF, 0xFF, 0xFF, 0xFF, 0xFF, 0xFF, 0xFF, 0xFF, 0xFF,
    0xFF, 0xFF, 0xFF, 0xFF, 0xFF, 0xFF, 0xFF, 0xFF, 0xFF, 0xFF, 0xFF, 0xFF, 0xFF, 0xFF, 0xFF, 0xFF,
    0xFF, 0xFF, 0xFF, 0xFF, 0xFF, 0xFF, 0xFF, 0xFF, 0xFF, 0xFF, 0xFF, 0xFF, 0xFF, 0xFF, 0xBE, 0xFF,
    0x4A, 0x42, 0xFF, 0xFF, 0xFF, 0xFF, 0xFF, 0xFF, 0xFF, 0xFF, 0x3B, 0xEF, 0xF9, 0xEE, 0xF9, 0xE6,
    0xF9, 0xE6, 0xF9, 0xEE, 0xD9, 0xE6, 0xF9, 0xE6, 0xD9, 0xE6, 0x97, 0xE6, 0x97, 0xE6, 0x97, 0xE6,
    0x98, 0xE6, 0x97, 0xE6, 0x98, 0xE6, 0x98, 0xDE, 0x98, 0xE6, 0x97, 0xE6, 0x98, 0xE6, 0x98, 0xE6,
    0x97, 0xDE, 0x97, 0xE6, 0x97, 0xE6, 0x97, 0xE6, 0x97, 0xDE, 0x98, 0xE6, 0x98, 0xE6, 0x97, 0xDE,
    0x97, 0xE6, 0x97, 0xE6, 0x98, 0xE6, 0x98, 0xE6, 0x97, 0xE6, 0x97, 0xE6, 0x97, 0xE6, 0x97, 0xE6,
    0x97, 0xE6, 0x97, 0xE6, 0x97, 0xE6, 0x97, 0xE6, 0x97, 0xE6, 0x97, 0xE6, 0x97, 0xE6, 0x97, 0xE6,
    0x97, 0xE6, 0x97, 0xE6, 0x97, 0xE6, 0x97, 0xE6, 0x97, 0xE6, 0x97, 0xE6, 0x97, 0xE6, 0x97, 0xE6,
    0x97, 0xE6, 0x97, 0xE6, 0x97, 0xE6, 0x97, 0xE6, 0x97, 0xE6, 0x97, 0xE6, 0x97, 0xE6, 0x97, 0xE6,
    0x97, 0xE6, 0x97, 0xE6, 0x97, 0xE6, 0x97, 0xE6, 0x97, 0xE6, 0x97, 0xE6, 0x97, 0xE6, 0x97, 0xE6,
    0x97, 0xE6, 0x97, 0xE6, 0x97, 0xE6, 0x98, 0xE6, 0x97, 0xE6, 0xB8, 0xE6, 0xF9, 0xEE, 0xD9, 0xE6,
    0xF9, 0xE6, 0xF9, 0xE6, 0xF9, 0xE6, 0xF9, 0xE6, 0xB9, 0xE6, 0xFF, 0xFF, 0xFF, 0xFF, 0xFF, 0xFF,
    0xFF, 0xFF, 0x6E, 0x63, 0x55, 0x42, 0xFB, 0x52, 0xFB, 0x52, 0xFB, 0x52, 0xFB, 0x52, 0xFB, 0x52,
    0xFB, 0x52, 0xFB, 0x52, 0xFB, 0x52, 0x1B, 0x53, 0x1B, 0x53, 0x1B, 0x53, 0x1B, 0x53, 0x1B, 0x53,
    0x1B, 0x53, 0x1B, 0x53, 0x1B, 0x53, 0x1B, 0x53, 0x1B, 0x5B, 0x1B, 0x5B, 0x1B, 0x5B, 0x1B, 0x5B,
    0x3B, 0x5B, 0x3B, 0x5B, 0x3B, 0x5B, 0xFF, 0xFF, 0xFF, 0xFF, 0xFF, 0xFF, 0xFF, 0xFF, 0xFF, 0xFF,
    0xFF, 0xFF, 0xFF, 0xFF, 0xFF, 0xFF, 0xFF, 0xFF, 0xFF, 0xFF, 0xFF, 0xFF, 0xFF, 0xFF, 0xFF, 0xFF,
    0xFF, 0xFF, 0xFF, 0xFF, 0xFF, 0xFF, 0xFF, 0xFF, 0xFF, 0xFF, 0xFF, 0xFF, 0xFF, 0xFF, 0xFF, 0xFF,
    0xFF, 0xFF, 0xFF, 0xFF, 0xFF, 0xFF, 0xFF, 0xFF, 0xFF, 0xFF, 0xFF, 0xFF, 0xFF, 0xFF, 0xFF, 0xFF,
    0xFF, 0xFF, 0xFF, 0xFF, 0xFF, 0xFF, 0xFF, 0xFF, 0xFF, 0xFF, 0xFF, 0xFF, 0xFF, 0xFF, 0xFF, 0xFF,
    0xFF, 0xFF, 0xFF, 0xFF, 0xFF, 0xFF, 0xFF, 0xFF, 0xFF, 0xFF, 0xFF, 0xFF, 0xFF, 0xFF, 0xFF, 0xFF,
    0xFF, 0xFF, 0xFF, 0xFF, 0xFF, 0xFF, 0xFF, 0xFF, 0xFF, 0xFF, 0xFF, 0xFF, 0xFF, 0xFF, 0xFF, 0xFF,
    0xFF, 0xFF, 0xFF, 0xFF, 0xFF, 0xFF, 0xFF, 0xFF, 0xFF, 0xFF, 0xFF, 0xFF, 0xFF, 0xFF, 0xFF, 0xFF,
    0xFF, 0xFF, 0xFF, 0xFF, 0xFF, 0xFF, 0xFF, 0xFF, 0xFF, 0xFF, 0xFF, 0xFF, 0xFF, 0xFF, 0xFF, 0xFF,
    0xFF, 0xFF, 0xFF, 0xFF, 0xFF, 0xFF, 0xFF, 0xFF, 0xFF, 0xFF, 0xFF, 0xFF, 0xFF, 0xFF, 0xFF, 0xFF,
    0xFF, 0xFF, 0xFF, 0xFF, 0xFF, 0xFF, 0xFF, 0xFF, 0xFF, 0xFF, 0xFF, 0xFF, 0xFF, 0xFF, 0xFF, 0xFF,
    0xFF, 0xFF, 0xFF, 0xFF, 0xFF, 0xFF, 0xFF, 0xFF, 0xFF, 0xFF, 0xFF, 0xFF, 0xFF, 0xFF, 0xFF, 0xFF,
    0xFF, 0xFF, 0xFF, 0xFF, 0xFF, 0xFF, 0xFF, 0xFF, 0xFF, 0xFF, 0xFF, 0xFF, 0xFF, 0xFF, 0xFF, 0xFF,
    0xFF, 0xFF, 0xFF, 0xFF, 0xFF, 0xFF, 0xFF, 0xFF, 0xFF, 0xFF, 0xFF, 0xFF, 0xFF, 0xFF, 0xFF, 0xFF,
    0xFF, 0xFF, 0xFF, 0xFF, 0xFF, 0xFF, 0xFF, 0xFF, 0xFF, 0xFF, 0xFF, 0xFF, 0xFF, 0xFF, 0xFF, 0xFF,
    0xFF, 0xFF, 0xFF, 0xFF, 0xFF, 0xFF, 0xFF, 0xFF, 0xFF, 0xFF, 0xFF, 0xFF, 0xFF, 0xFF, 0xFF, 0xFF,
    0xFF, 0xFF, 0xFF, 0xFF, 0xFF, 0xFF, 0xFF, 0xFF, 0xFF, 0xFF, 0xFF, 0xFF, 0xFF, 0xFF, 0xFF, 0xFF,
    0xFF, 0xFF, 0xFF, 0xFF, 0xFF, 0xFF, 0xFF, 0xFF, 0xFF, 0xFF, 0xFF, 0xFF, 0xFF, 0xFF, 0xFF, 0xFF,
    0xFF, 0xFF, 0xFF, 0xFF, 0xFF, 0xFF, 0xFF, 0xFF, 0xFF, 0xFF, 0xFF, 0xFF, 0xFF, 0xFF, 0xFF, 0xFF,
    0xFF, 0xFF, 0xFF, 0xFF, 0xFF, 0xFF, 0xFF, 0xFF, 0xFF, 0xFF, 0xFF, 0xFF, 0xFF, 0xFF, 0xFF, 0xFF,
    0xFF, 0xFF, 0xFF, 0xFF, 0xFF, 0xFF, 0xFF, 0xFF, 0xFF, 0xFF, 0xFF, 0xFF, 0xFF, 0xFF, 0xFF, 0xFF,
    0xFF, 0xFF, 0xFF, 0xFF, 0xFF, 0xFF, 0xFF, 0xFF, 0xFF, 0xFF, 0xFF, 0xFF, 0xFF, 0xFF, 0xFF, 0xFF,
    0xFF, 0xFF, 0xFF, 0xFF, 0xFF, 0xFF, 0xFF, 0xFF, 0xFF, 0xFF, 0xFF, 0xFF, 0xFF, 0xFF, 0xFF, 0xFF,
    0xFF, 0xFF, 0xFF, 0xFF, 0xFF, 0xFF, 0xFF, 0xFF, 0xFF, 0xFF, 0xFF, 0xFF, 0xFF, 0xFF, 0xFF, 0xFF,
    0xFF, 0xFF, 0xFF, 0xFF, 0xFF, 0xFF, 0xFF, 0xFF, 0xFF, 0xFF, 0xFF, 0xFF, 0xFF, 0xFF, 0xFF, 0xFF,
    0xFF, 0xFF, 0xFF, 0xFF, 0xFF, 0xFF, 0xFF, 0xFF, 0xFF, 0xFF, 0xFF, 0xFF, 0xFF, 0xFF, 0xFF, 0xFF,
    0xBE, 0xFF, 0x4A, 0x42, 0xFF, 0xFF, 0xFF, 0xFF, 0xFF, 0xFF, 0xFF, 0xFF, 0x3B, 0xEF, 0xF9, 0xEE,
    0xF9, 0xE6, 0xF9, 0xE6, 0xF9, 0xEE, 0xD9, 0xE6, 0xF9, 0xE6, 0xD9, 0xE6, 0x97, 0xE6, 0x97, 0xE6,
    0x97, 0xE6, 0x98, 0xE6, 0x97, 0xE6, 0xF6, 0xCD, 0xA9, 0x62, 0x91, 0x9C, 0x77, 0xDE, 0x97, 0xE6,
    0x98, 0xE6, 0x97, 0xE6, 0x98, 0xE6, 0x97, 0xE6, 0x98, 0xE6, 0x97, 0xE6, 0x97, 0xE6, 0x98, 0xE6,
    0x8C, 0x83, 0x98, 0xE6, 0x97, 0xE6, 0x97, 0xE6, 0x98, 0xE6, 0x98, 0xE6, 0x97, 0xE6, 0x97, 0xE6,
    0x97, 0xE6, 0x97, 0xE6, 0x97, 0xE6, 0x97, 0xE6, 0x97, 0xE6, 0x97, 0xE6, 0x97, 0xE6, 0x97, 0xE6,
    0x97, 0xE6, 0x97, 0xE6, 0x97, 0xE6, 0x97, 0xE6, 0x97, 0xE6, 0x97, 0xE6, 0x97, 0xE6, 0x97, 0xE6,
    0x97, 0xE6, 0x97, 0xE6, 0x97, 0xE6, 0x97, 0xE6, 0x97, 0xE6, 0x97, 0xE6, 0x97, 0xE6, 0x97, 0xE6,
    0x97, 0xE6, 0x97, 0xE6, 0x97, 0xE6, 0x97, 0xE6, 0x97, 0xE6, 0x97, 0xE6, 0x97, 0xE6, 0x97, 0xE6,
    0x97, 0xE6, 0x97, 0xE6, 0x97, 0xE6, 0x97, 0xE6, 0x98, 0xE6, 0x97, 0xE6, 0xB8, 0xE6, 0xF9, 0xEE,
    0xD9, 0xE6, 0xF9, 0xE6, 0xF9, 0xE6, 0xF9, 0xE6, 0xF9, 0xE6, 0xB9, 0xE6, 0xFF, 0xFF, 0xFF, 0xFF,
    0xFF, 0xFF, 0xFF, 0xFF, 0x6E, 0x63, 0x55, 0x42, 0xFB, 0x52, 0xFB, 0x52, 0xFB, 0x52, 0x1B, 0x53,
    0x1B, 0x53, 0x1B, 0x53, 0x1B, 0x53, 0x1B, 0x53, 0x1B, 0x53, 0x1B, 0x53, 0x1B, 0x53, 0x1B, 0x53,
    0x1B, 0x53, 0x1B, 0x53, 0x1B, 0x53, 0x1B, 0x53, 0x1B, 0x5B, 0x3B, 0x5B, 0x1B, 0x5B, 0x1B, 0x5B,
    0x3B, 0x5B, 0x3B, 0x5B, 0x3B, 0x5B, 0x3B, 0x5B, 0xFF, 0xFF, 0xFF, 0xFF, 0xFF, 0xFF, 0xFF, 0xFF,
    0xFF, 0xFF, 0xFF, 0xFF, 0xFF, 0xFF, 0xFF, 0xFF, 0xFF, 0xFF, 0xFF, 0xFF, 0xFF, 0xFF, 0xFF, 0xFF,
    0xFF, 0xFF, 0xFF, 0xFF, 0xFF, 0xFF, 0xFF, 0xFF, 0xFF, 0xFF, 0xFF, 0xFF, 0xFF, 0xFF, 0xFF, 0xFF,
    0xFF, 0xFF, 0xFF, 0xFF, 0xFF, 0xFF, 0xFF, 0xFF, 0xFF, 0xFF, 0xFF, 0xFF, 0xFF, 0xFF, 0xFF, 0xFF,
    0xFF, 0xFF, 0xFF, 0xFF, 0xFF, 0xFF, 0xFF, 0xFF, 0xFF, 0xFF, 0xFF, 0xFF, 0xFF, 0xFF, 0xFF, 0xFF,
    0xFF, 0xFF, 0xFF, 0xFF, 0xFF, 0xFF, 0xFF, 0xFF, 0xFF, 0xFF, 0xFF, 0xFF, 0xFF, 0xFF, 0xFF, 0xFF,
    0xFF, 0xFF, 0xFF, 0xFF, 0xFF, 0xFF, 0xFF, 0xFF, 0xFF, 0xFF, 0xFF, 0xFF, 0xFF, 0xFF, 0xFF, 0xFF,
    0xFF, 0xFF, 0xFF, 0xFF, 0xFF, 0xFF, 0xFF, 0xFF, 0xFF, 0xFF, 0xFF, 0xFF, 0xFF, 0xFF, 0xFF, 0xFF,
    0xFF, 0xFF, 0xFF, 0xFF, 0xFF, 0xFF, 0xFF, 0xFF, 0xFF, 0xFF, 0xFF, 0xFF, 0xFF, 0xFF, 0xFF, 0xFF,
    0xFF, 0xFF, 0xFF, 0xFF, 0xFF, 0xFF, 0xFF, 0xFF, 0xFF, 0xFF, 0xFF, 0xFF, 0xFF, 0xFF, 0xFF, 0xFF,
    0xFF, 0xFF, 0xFF, 0xFF, 0xFF, 0xFF, 0xFF, 0xFF, 0xFF, 0xFF, 0xFF, 0xFF, 0xFF, 0xFF, 0xFF, 0xFF,
    0xFF, 0xFF, 0xFF, 0xFF, 0xFF, 0xFF, 0xFF, 0xFF, 0xFF, 0xFF, 0xFF, 0xFF, 0xFF, 0xFF, 0xFF, 0xFF,
    0xFF, 0xFF, 0xFF, 0xFF, 0xFF, 0xFF, 0xFF, 0xFF, 0xFF, 0xFF, 0xFF, 0xFF, 0xFF, 0xFF, 0xFF, 0xFF,
    0xFF, 0xFF, 0xFF, 0xFF, 0xFF, 0xFF, 0xFF, 0xFF, 0xFF, 0xFF, 0xFF, 0xFF, 0xFF, 0xFF, 0xFF, 0xFF,
    0xFF, 0xFF, 0xFF, 0xFF, 0xFF, 0xFF, 0xFF, 0xFF, 0xFF, 0xFF, 0xFF, 0xFF, 0xFF, 0xFF, 0xFF, 0xFF,
    0xFF, 0xFF, 0xFF, 0xFF, 0xFF, 0xFF, 0xFF, 0xFF, 0xFF, 0xFF, 0xFF, 0xFF, 0xFF, 0xFF, 0xFF, 0xFF,
    0xFF, 0xFF, 0xFF, 0xFF, 0xFF, 0xFF, 0xFF, 0xFF, 0xFF, 0xFF, 0xFF, 0xFF, 0xFF, 0xFF, 0xFF, 0xFF,
    0xFF, 0xFF, 0xFF, 0xFF, 0xFF, 0xFF, 0xFF, 0xFF, 0xFF, 0xFF, 0xFF, 0xFF, 0xFF, 0xFF, 0xFF, 0xFF,
    0xFF, 0xFF, 0xFF, 0xFF, 0xFF, 0xFF, 0xFF, 0xFF, 0xFF, 0xFF, 0xFF, 0xFF, 0xFF, 0xFF, 0xFF, 0xFF,
    0xFF, 0xFF, 0xFF, 0xFF, 0xFF, 0xFF, 0xFF, 0xFF, 0xFF, 0xFF, 0xFF, 0xFF, 0xFF, 0xFF, 0xFF, 0xFF,
    0xFF, 0xFF, 0xFF, 0xFF, 0xFF, 0xFF, 0xFF, 0xFF, 0xFF, 0xFF, 0xFF, 0xFF, 0xFF, 0xFF, 0xFF, 0xFF,
    0xFF, 0xFF, 0xFF, 0xFF, 0xFF, 0xFF, 0xFF, 0xFF, 0xFF, 0xFF, 0xFF, 0xFF, 0xFF, 0xFF, 0xFF, 0xFF,
    0xFF, 0xFF, 0xFF, 0xFF, 0xFF, 0xFF, 0xFF, 0xFF, 0xFF, 0xFF, 0xFF, 0xFF, 0xFF, 0xFF, 0xFF, 0xFF,
    0xFF, 0xFF, 0xFF, 0xFF, 0xFF, 0xFF, 0xFF, 0xFF, 0xFF, 0xFF, 0xFF, 0xFF, 0xFF, 0xFF, 0xFF, 0xFF,
    0xFF, 0xFF, 0xFF, 0xFF, 0xFF, 0xFF, 0xFF, 0xFF, 0xFF, 0xFF, 0xFF, 0xFF, 0xFF, 0xFF, 0xFF, 0xFF,
    0xFF, 0xFF, 0xFF, 0xFF, 0xFF, 0xFF, 0xFF, 0xFF, 0xFF, 0xFF, 0xFF, 0xFF, 0xFF, 0xFF, 0xFF, 0xFF,
    0xFF, 0xFF, 0xBE, 0xFF, 0x4A, 0x42, 0xFF, 0xFF, 0xFF, 0xFF, 0xFF, 0xFF, 0xFF, 0xFF, 0x3B, 0xEF,
    0xF9, 0xEE, 0xF9, 0xE6, 0xF9, 0xE6, 0xF9, 0xEE, 0xD9, 0xE6, 0xF9, 0xE6, 0xD9, 0xE6, 0x97, 0xE6,
    0x97, 0xE6, 0x97, 0xE6, 0x97, 0xE6, 0x98, 0xE6, 0x07, 0x4A, 0x94, 0xBD, 0x89, 0x5A, 0x8C, 0x73,
    0x12, 0xAD, 0xAD, 0x7B, 0x90, 0x9C, 0xCA, 0x62, 0x33, 0xAD, 0xCA, 0x62, 0x2B, 0x73, 0x32, 0xAD,
    0xAD, 0x7B, 0xAD, 0x7B, 0xB5, 0xBD, 0xEA, 0x62, 0xB1, 0x9C, 0x0E, 0x8C, 0x4F, 0x94, 0x54, 0xB5,
    0xB0, 0xA4, 0x97, 0xE6, 0x97, 0xE6, 0x97, 0xE6, 0x97, 0xE6, 0x97, 0xE6, 0x97, 0xE6, 0x97, 0xE6,
    0x97, 0xE6, 0x97, 0xE6, 0x97, 0xE6, 0x97, 0xE6, 0x97, 0xE6, 0x97, 0xE6, 0x97, 0xE6, 0x97, 0xE6,
    0x97, 0xE6, 0x97, 0xE6, 0x97, 0xE6, 0x97, 0xE6, 0x97, 0xE6, 0x97, 0xE6, 0x97, 0xE6, 0x97, 0xE6,
    0x97, 0xE6, 0x97, 0xE6, 0x97, 0xE6, 0x97, 0xE6, 0x97, 0xE6, 0x97, 0xE6, 0x97, 0xE6, 0x97, 0xE6,
    0x97, 0xE6, 0x97, 0xE6, 0x97, 0xE6, 0x97, 0xE6, 0x97, 0xE6, 0x98, 0xE6, 0x97, 0xE6, 0xB8, 0xE6,
    0xF9, 0xEE, 0xD9, 0xE6, 0xF9, 0xE6, 0xF9, 0xE6, 0xF9, 0xE6, 0xF9, 0xE6, 0xB9, 0xE6, 0xFF, 0xFF,
    0xFF, 0xFF, 0xFF, 0xFF, 0xFF, 0xFF, 0x6E, 0x63, 0x75, 0x42, 0xFB, 0x52, 0x1B, 0x53, 0x1B, 0x53,
    0x1B, 0x53, 0x1B, 0x53, 0x1B, 0x53, 0x1B, 0x53, 0x1B, 0x53, 0x1B, 0x53, 0x1B, 0x53, 0x1B, 0x53,
    0x1B, 0x53, 0x1B, 0x53, 0x1B, 0x5B, 0x1B, 0x5B, 0x3B, 0x5B, 0x1B, 0x5B, 0x3B, 0x5B, 0x1B, 0x5B,
    0x3B, 0x5B, 0x3B, 0x5B, 0x3B, 0x5B, 0x3B, 0x5B, 0x3B, 0x5B, 0xFF, 0xFF, 0xFF, 0xFF, 0xFF, 0xFF,
    0xFF, 0xFF, 0xFF, 0xFF, 0xFF, 0xFF, 0xFF, 0xFF, 0xFF, 0xFF, 0xFF, 0xFF, 0xFF, 0xFF, 0xFF, 0xFF,
    0xFF, 0xFF, 0xFF, 0xFF, 0xFF, 0xFF, 0xFF, 0xFF, 0xFF, 0xFF, 0xFF, 0xFF, 0xFF, 0xFF, 0xFF, 0xFF,
    0xFF, 0xFF, 0xFF, 0xFF, 0xFF, 0xFF, 0xFF, 0xFF, 0xFF, 0xFF, 0xFF, 0xFF, 0xFF, 0xFF, 0xFF, 0xFF,
    0xFF, 0xFF, 0xFF, 0xFF, 0xFF, 0xFF, 0xFF, 0xFF, 0xFF, 0xFF, 0xFF, 0xFF, 0xFF, 0xFF, 0xFF, 0xFF,
    0xFF, 0xFF, 0xFF, 0xFF, 0xFF, 0xFF, 0xFF, 0xFF, 0xFF, 0xFF, 0xFF, 0xFF, 0xFF, 0xFF, 0xFF, 0xFF,
    0xFF, 0xFF, 0xFF, 0xFF, 0xFF, 0xFF, 0xFF, 0xFF, 0xFF, 0xFF, 0xFF, 0xFF, 0xFF, 0xFF, 0xFF, 0xFF,
    0xFF, 0xFF, 0xFF, 0xFF, 0xFF, 0xFF, 0xFF, 0xFF, 0xFF, 0xFF, 0xFF, 0xFF, 0xFF, 0xFF, 0xFF, 0xFF,
    0xFF, 0xFF, 0xFF, 0xFF, 0xFF, 0xFF, 0xFF, 0xFF, 0xFF, 0xFF, 0xFF, 0xFF, 0xFF, 0xFF, 0xFF, 0xFF,
    0xFF, 0xFF, 0xFF, 0xFF, 0xFF, 0xFF, 0xFF, 0xFF, 0xFF, 0xFF, 0xFF, 0xFF, 0xFF, 0xFF, 0xFF, 0xFF,
    0xFF, 0xFF, 0xFF, 0xFF, 0xFF, 0xFF, 0xFF, 0xFF, 0xFF, 0xFF, 0xFF, 0xFF, 0xFF, 0xFF, 0xFF, 0xFF,
    0xFF, 0xFF, 0xFF, 0xFF, 0xFF, 0xFF, 0xFF, 0xFF, 0xFF, 0xFF, 0xFF, 0xFF, 0xFF, 0xFF, 0xFF, 0xFF,
    0xFF, 0xFF, 0xFF, 0xFF, 0xFF, 0xFF, 0xFF, 0xFF, 0xFF, 0xFF, 0xFF, 0xFF, 0xFF, 0xFF, 0xFF, 0xFF,
    0xFF, 0xFF, 0xFF, 0xFF, 0xFF, 0xFF, 0xFF, 0xFF, 0xFF, 0xFF, 0xFF, 0xFF, 0xFF, 0xFF, 0xFF, 0xFF,
    0xFF, 0xFF, 0xFF, 0xFF, 0xFF, 0xFF, 0xFF, 0xFF, 0xFF, 0xFF, 0xFF, 0xFF, 0xFF, 0xFF, 0xFF, 0xFF,
    0xFF, 0xFF, 0xFF, 0xFF, 0xFF, 0xFF, 0xFF, 0xFF, 0xFF, 0xFF, 0xFF, 0xFF, 0xFF, 0xFF, 0xFF, 0xFF,
    0xFF, 0xFF, 0xFF, 0xFF, 0xFF, 0xFF, 0xFF, 0xFF, 0xFF, 0xFF, 0xFF, 0xFF, 0xFF, 0xFF, 0xFF, 0xFF,
    0xFF, 0xFF, 0xFF, 0xFF, 0xFF, 0xFF, 0xFF, 0xFF, 0xFF, 0xFF, 0xFF, 0xFF, 0xFF, 0xFF, 0xFF, 0xFF,
    0xFF, 0xFF, 0xFF, 0xFF, 0xFF, 0xFF, 0xFF, 0xFF, 0xFF, 0xFF, 0xFF, 0xFF, 0xFF, 0xFF, 0xFF, 0xFF,
    0xFF, 0xFF, 0xFF, 0xFF, 0xFF, 0xFF, 0xFF, 0xFF, 0xFF, 0xFF, 0xFF, 0xFF, 0xFF, 0xFF, 0xFF, 0xFF,
    0xFF, 0xFF, 0xFF, 0xFF, 0xFF, 0xFF, 0xFF, 0xFF, 0xFF, 0xFF, 0xFF, 0xFF, 0xFF, 0xFF, 0xFF, 0xFF,
    0xFF, 0xFF, 0xFF, 0xFF, 0xFF, 0xFF, 0xFF, 0xFF, 0xFF, 0xFF, 0xFF, 0xFF, 0xFF, 0xFF, 0xFF, 0xFF,
    0xFF, 0xFF, 0xFF, 0xFF, 0xFF, 0xFF, 0xFF, 0xFF, 0xFF, 0xFF, 0xFF, 0xFF, 0xFF, 0xFF, 0xFF, 0xFF,
    0xFF, 0xFF, 0xFF, 0xFF, 0xFF, 0xFF, 0xFF, 0xFF, 0xFF, 0xFF, 0xFF, 0xFF, 0xFF, 0xFF, 0xFF, 0xFF,
    0xFF, 0xFF, 0xFF, 0xFF, 0xFF, 0xFF, 0xFF, 0xFF, 0xFF, 0xFF, 0xFF, 0xFF, 0xFF, 0xFF, 0xFF, 0xFF,
    0xFF, 0xFF, 0xFF, 0xFF, 0xFF, 0xFF, 0xFF, 0xFF, 0xFF, 0xFF, 0xFF, 0xFF, 0xFF, 0xFF, 0xFF, 0xFF,
    0xFF, 0xFF, 0xFF, 0xFF, 0xBE, 0xFF, 0x4A, 0x42, 0xFF, 0xFF, 0xFF, 0xFF, 0xFF, 0xFF, 0xFF, 0xFF,
    0x3B, 0xEF, 0xF9, 0xEE, 0xF9, 0xE6, 0xF9, 0xE6, 0xF9, 0xEE, 0xD9, 0xE6, 0xF9, 0xE6, 0xD9, 0xE6,
    0x97, 0xE6, 0x97, 0xE6, 0x97, 0xE6, 0x97, 0xE6, 0x97, 0xDE, 0xE6, 0x41, 0x16, 0xCE, 0xEA, 0x62,
    0xAD, 0x7B, 0x27, 0x4A, 0xEA, 0x62, 0x44, 0x31, 0x48, 0x4A, 0x4C, 0x73, 0xCA, 0x62, 0xF2, 0xAC,
    0x07, 0x42, 0x0B, 0x6B, 0x27, 0x4A, 0xCB, 0x62, 0x28, 0x4A, 0xCA, 0x5A, 0xEA, 0x62, 0x07, 0x42,
    0x07, 0x42, 0x94, 0xBD, 0x98, 0xE6, 0x97, 0xE6, 0x97, 0xE6, 0x97, 0xE6, 0x97, 0xE6, 0x97, 0xE6,
    0x97, 0xE6, 0x97, 0xE6, 0x97, 0xE6, 0x97, 0xE6, 0x97, 0xE6, 0x97, 0xE6, 0x97, 0xE6, 0x97, 0xE6,
    0x97, 0xE6, 0x97, 0xE6, 0x97, 0xE6, 0x97, 0xE6, 0x97, 0xE6, 0x97, 0xE6, 0x97, 0xE6, 0x97, 0xE6,
    0x97, 0xE6, 0x97, 0xE6, 0x97, 0xE6, 0x97, 0xE6, 0x97, 0xE6, 0x97, 0xE6, 0x97, 0xE6, 0x97, 0xE6,
    0x97, 0xE6, 0x97, 0xE6, 0x97, 0xE6, 0x97, 0xE6, 0x97, 0xE6, 0x97, 0xE6, 0x98, 0xE6, 0x97, 0xE6,
    0xB8, 0xE6, 0xF9, 0xEE, 0xD9, 0xE6, 0xF9, 0xE6, 0xF9, 0xE6, 0xF9, 0xE6, 0xF9, 0xE6, 0xB9, 0xE6,
    0xFF, 0xFF, 0xFF, 0xFF, 0xFF, 0xFF, 0xFF, 0xFF, 0x6E, 0x63, 0x75, 0x42, 0xFB, 0x52, 0xFB, 0x52,
    0x1B, 0x53, 0x1B, 0x53, 0x1B, 0x53, 0x1B, 0x53, 0x1B, 0x53, 0x1B, 0x53, 0x1B, 0x53, 0x1B, 0x53,
    0x1B, 0x53, 0x1B, 0x53, 0x1B, 0x53, 0x1B, 0x5B, 0x1B, 0x5B, 0x3B, 0x5B, 0x3B, 0x5B, 0x3B, 0x5B,
    0x3B, 0x5B, 0x3B, 0x5B, 0x3B, 0x5B, 0x3B, 0x5B, 0x3B, 0x5B, 0x3B, 0x5B, 0xFF, 0xFF, 0xFF, 0xFF,
    0xFF, 0xFF, 0xFF, 0xFF, 0xFF, 0xFF, 0xFF, 0xFF, 0xFF, 0xFF, 0xFF, 0xFF, 0xFF, 0xFF, 0xFF, 0xFF,
    0xFF, 0xFF, 0xFF, 0xFF, 0xFF, 0xFF, 0xFF, 0xFF, 0xFF, 0xFF, 0xFF, 0xFF, 0xFF, 0xFF, 0xFF, 0xFF,
    0xFF, 0xFF, 0xFF, 0xFF, 0xFF, 0xFF, 0xFF, 0xFF, 0xFF, 0xFF, 0xFF, 0xFF, 0xFF, 0xFF, 0xFF, 0xFF,
    0xFF, 0xFF, 0xFF, 0xFF, 0xFF, 0xFF, 0xFF, 0xFF, 0xFF, 0xFF, 0xFF, 0xFF, 0xFF, 0xFF, 0xFF, 0xFF,
    0xFF, 0xFF, 0xFF, 0xFF, 0xFF, 0xFF, 0xFF, 0xFF, 0xFF, 0xFF, 0xFF, 0xFF, 0xFF, 0xFF, 0xFF, 0xFF,
    0xFF, 0xFF, 0xFF, 0xFF, 0xFF, 0xFF, 0xFF, 0xFF, 0xFF, 0xFF, 0xFF, 0xFF, 0xFF, 0xFF, 0xFF, 0xFF,
    0xFF, 0xFF, 0xFF, 0xFF, 0xFF, 0xFF, 0xFF, 0xFF, 0xFF, 0xFF, 0xFF, 0xFF, 0xFF, 0xFF, 0xFF, 0xFF,
    0xFF, 0xFF, 0xFF, 0xFF, 0xFF, 0xFF, 0xFF, 0xFF, 0xFF, 0xFF, 0xFF, 0xFF, 0xFF, 0xFF, 0xFF, 0xFF,
    0xFF, 0xFF, 0xFF, 0xFF, 0xFF, 0xFF, 0xFF, 0xFF, 0xFF, 0xFF, 0xFF, 0xFF, 0xFF, 0xFF, 0xFF, 0xFF,
    0xFF, 0xFF, 0xFF, 0xFF, 0xFF, 0xFF, 0xFF, 0xFF, 0xFF, 0xFF, 0xFF, 0xFF, 0xFF, 0xFF, 0xFF, 0xFF,
    0xFF, 0xFF, 0xFF, 0xFF, 0xFF, 0xFF, 0xFF, 0xFF, 0xFF, 0xFF, 0xFF, 0xFF, 0xFF, 0xFF, 0xFF, 0xFF,
    0xFF, 0xFF, 0xFF, 0xFF, 0xFF, 0xFF, 0xFF, 0xFF, 0xFF, 0xFF, 0xFF, 0xFF, 0xFF, 0xFF, 0xFF, 0xFF,
    0xFF, 0xFF, 0xFF, 0xFF, 0xFF, 0xFF, 0xFF, 0xFF, 0xFF, 0xFF, 0xFF, 0xFF, 0xFF, 0xFF, 0xFF, 0xFF,
    0xFF, 0xFF, 0xFF, 0xFF, 0xFF, 0xFF, 0xFF, 0xFF, 0xFF, 0xFF, 0xFF, 0xFF, 0xFF, 0xFF, 0xFF, 0xFF,
    0xFF, 0xFF, 0xFF, 0xFF, 0xFF, 0xFF, 0xFF, 0xFF, 0xFF, 0xFF, 0xFF, 0xFF, 0xFF, 0xFF, 0xFF, 0xFF,
    0xFF, 0xFF, 0xFF, 0xFF, 0xFF, 0xFF, 0xFF, 0xFF, 0xFF, 0xFF, 0xFF, 0xFF, 0xFF, 0xFF, 0xFF, 0xFF,
    0xFF, 0xFF, 0xFF, 0xFF, 0xFF, 0xFF, 0xFF, 0xFF, 0xFF, 0xFF, 0xFF, 0xFF, 0xFF, 0xFF, 0xFF, 0xFF,
    0xFF, 0xFF, 0xFF, 0xFF, 0xFF, 0xFF, 0xFF, 0xFF, 0xFF, 0xFF, 0xFF, 0xFF, 0xFF, 0xFF, 0xFF, 0xFF,
    0xFF, 0xFF, 0xFF, 0xFF, 0xFF, 0xFF, 0xFF, 0xFF, 0xFF, 0xFF, 0xFF, 0xFF, 0xFF, 0xFF, 0xFF, 0xFF,
    0xFF, 0xFF, 0xFF, 0xFF, 0xFF, 0xFF, 0xFF, 0xFF, 0xFF, 0xFF, 0xFF, 0xFF, 0xFF, 0xFF, 0xFF, 0xFF,
    0xFF, 0xFF, 0xFF, 0xFF, 0xFF, 0xFF, 0xFF, 0xFF, 0xFF, 0xFF, 0xFF, 0xFF, 0xFF, 0xFF, 0xFF, 0xFF,
    0xFF, 0xFF, 0xFF, 0xFF, 0xFF, 0xFF, 0xFF, 0xFF, 0xFF, 0xFF, 0xFF, 0xFF, 0xFF, 0xFF, 0xFF, 0xFF,
    0xFF, 0xFF, 0xFF, 0xFF, 0xFF, 0xFF, 0xFF, 0xFF, 0xFF, 0xFF, 0xFF, 0xFF, 0xFF, 0xFF, 0xFF, 0xFF,
    0xFF, 0xFF, 0xFF, 0xFF, 0xFF, 0xFF, 0xFF, 0xFF, 0xFF, 0xFF, 0xFF, 0xFF, 0xFF, 0xFF, 0xFF, 0xFF,
    0xFF, 0xFF, 0xFF, 0xFF, 0xFF, 0xFF, 0xFF, 0xFF, 0xFF, 0xFF, 0xFF, 0xFF, 0xFF, 0xFF, 0xFF, 0xFF,
    0xFF, 0xFF, 0xFF, 0xFF, 0xFF, 0xFF, 0xBE, 0xFF, 0x4A, 0x42, 0xFF, 0xFF, 0xFF, 0xFF, 0xFF, 0xFF,
    0xFF, 0xFF, 0x3B, 0xEF, 0xF9, 0xEE, 0xF9, 0xE6, 0xF9, 0xE6, 0xF9, 0xEE, 0xD9, 0xE6, 0xF9, 0xE6,
    0xD9, 0xE6, 0x97, 0xE6, 0x97, 0xE6, 0x97, 0xE6, 0x97, 0xE6, 0x98, 0xDE, 0x2F, 0x8C, 0xEA, 0x6A,
    0xC9, 0x62, 0x16, 0xCE, 0x27, 0x4A, 0x33, 0xB5, 0xEA, 0x6A, 0x2C, 0x73, 0x91, 0x9C, 0x8C, 0x7B,
    0x77, 0xD6, 0x27, 0x4A, 0x53, 0xB5, 0x88, 0x5A, 0x90, 0x9C, 0xEA, 0x62, 0x70, 0x9C, 0xCD, 0x83,
    0xEE, 0x83, 0xC6, 0x41, 0x78, 0xDE, 0x97, 0xE6, 0x97, 0xE6, 0x97, 0xE6, 0x97, 0xE6, 0x97, 0xE6,
    0x97, 0xE6, 0x97, 0xE6, 0x97, 0xE6, 0x97, 0xE6, 0x97, 0xE6, 0x97, 0xE6, 0x97, 0xE6, 0x97, 0xE6,
    0x97, 0xE6, 0x97, 0xE6, 0x97, 0xE6, 0x97, 0xE6, 0x97, 0xE6, 0x97, 0xE6, 0x97, 0xE6, 0x97, 0xE6,
    0x97, 0xE6, 0x97, 0xE6, 0x97, 0xE6, 0x97, 0xE6, 0x97, 0xE6, 0x97, 0xE6, 0x97, 0xE6, 0x97, 0xE6,
    0x97, 0xE6, 0x97, 0xE6, 0x97, 0xE6, 0x97, 0xE6, 0x97, 0xE6, 0x97, 0xE6, 0x97, 0xE6, 0x98, 0xE6,
    0x97, 0xE6, 0xB8, 0xE6, 0xF9, 0xEE, 0xD9, 0xE6, 0xF9, 0xE6, 0xF9, 0xE6, 0xF9, 0xE6, 0xF9, 0xE6,
    0xB9, 0xE6, 0xFF, 0xFF, 0xFF, 0xFF, 0xFF, 0xFF, 0xFF, 0xFF, 0x6E, 0x63, 0x74, 0x42, 0x1B, 0x53,
    0x1B, 0x53, 0x1B, 0x53, 0x1B, 0x53, 0x1B, 0x53, 0x1B, 0x53, 0x1B, 0x53, 0x1B, 0x53, 0x1B, 0x53,
    0x1B, 0x53, 0x1B, 0x53, 0x1B, 0x5B, 0x1B, 0x5B, 0x1B, 0x5B, 0x1B, 0x5B, 0x3B, 0x5B, 0x3B, 0x5B,
    0x3B, 0x5B, 0x3B, 0x5B, 0x3B, 0x5B, 0x3B, 0x5B, 0x3B, 0x5B, 0x3B, 0x5B, 0x3B, 0x5B, 0xFF, 0xFF,
    0xFF, 0xFF, 0xFF, 0xFF, 0xFF, 0xFF, 0xFF, 0xFF, 0xFF, 0xFF, 0xFF, 0xFF, 0xFF, 0xFF, 0xFF, 0xFF,
    0xFF, 0xFF, 0xFF, 0xFF, 0xFF, 0xFF, 0xFF, 0xFF, 0xFF, 0xFF, 0xFF, 0xFF, 0xFF, 0xFF, 0xFF, 0xFF,
    0xFF, 0xFF, 0xFF, 0xFF, 0xFF, 0xFF, 0xFF, 0xFF, 0xFF, 0xFF, 0xFF, 0xFF, 0xFF, 0xFF, 0xFF, 0xFF,
    0xFF, 0xFF, 0xFF, 0xFF, 0xFF, 0xFF, 0xFF, 0xFF, 0xFF, 0xFF, 0xFF, 0xFF, 0xFF, 0xFF, 0xFF, 0xFF,
    0xFF, 0xFF, 0xFF, 0xFF, 0xFF, 0xFF, 0xFF, 0xFF, 0xFF, 0xFF, 0xFF, 0xFF, 0xFF, 0xFF, 0xFF, 0xFF,
    0xFF, 0xFF, 0xFF, 0xFF, 0xFF, 0xFF, 0xFF, 0xFF, 0xFF, 0xFF, 0xFF, 0xFF, 0xFF, 0xFF, 0xFF, 0xFF,
    0xFF, 0xFF, 0xFF, 0xFF, 0xFF, 0xFF, 0xFF, 0xFF, 0xFF, 0xFF, 0xFF, 0xFF, 0xFF, 0xFF, 0xFF, 0xFF,
    0xFF, 0xFF, 0xFF, 0xFF, 0xFF, 0xFF, 0xFF, 0xFF, 0xFF, 0xFF, 0xFF, 0xFF, 0xFF, 0xFF, 0xFF, 0xFF,
    0xFF, 0xFF, 0xFF, 0xFF, 0xFF, 0xFF, 0xFF, 0xFF, 0xFF, 0xFF, 0xFF, 0xFF, 0xFF, 0xFF, 0xFF, 0xFF,
    0xFF, 0xFF, 0xFF, 0xFF, 0xFF, 0xFF, 0xFF, 0xFF, 0xFF, 0xFF, 0xFF, 0xFF, 0xFF, 0xFF, 0xFF, 0xFF,
    0xFF, 0xFF, 0xFF, 0xFF, 0xFF, 0xFF, 0xFF, 0xFF, 0xFF, 0xFF, 0xFF, 0xFF, 0xFF, 0xFF, 0xFF, 0xFF,
    0xFF, 0xFF, 0xFF, 0xFF, 0xFF, 0xFF, 0xFF, 0xFF, 0xFF, 0xFF, 0xFF, 0xFF, 0xFF, 0xFF, 0xFF, 0xFF,
    0xFF, 0xFF, 0xFF, 0xFF, 0xFF, 0xFF, 0xFF, 0xFF, 0xFF, 0xFF, 0xFF, 0xFF, 0xFF, 0xFF, 0xFF, 0xFF,
    0xFF, 0xFF, 0xFF, 0xFF, 0xFF, 0xFF, 0xFF, 0xFF, 0xFF, 0xFF, 0xFF, 0xFF, 0xFF, 0xFF, 0xFF, 0xFF,
    0xFF, 0xFF, 0xFF, 0xFF, 0xFF, 0xFF, 0xFF, 0xFF, 0xFF, 0xFF, 0xFF, 0xFF, 0xFF, 0xFF, 0xFF, 0xFF,
    0xFF, 0xFF, 0xFF, 0xFF, 0xFF, 0xFF, 0xFF, 0xFF, 0xFF, 0xFF, 0xFF, 0xFF, 0xFF, 0xFF, 0xFF, 0xFF,
    0xFF, 0xFF, 0xFF, 0xFF, 0xFF, 0xFF, 0xFF, 0xFF, 0xFF, 0xFF, 0xFF, 0xFF, 0xFF, 0xFF, 0xFF, 0xFF,
    0xFF, 0xFF, 0xFF, 0xFF, 0xFF, 0xFF, 0xFF, 0xFF, 0xFF, 0xFF, 0xFF, 0xFF, 0xFF, 0xFF, 0xFF, 0xFF,
    0xFF, 0xFF, 0xFF, 0xFF, 0xFF, 0xFF, 0xFF, 0xFF, 0xFF, 0xFF, 0xFF, 0xFF, 0xFF, 0xFF, 0xFF, 0xFF,
    0xFF, 0xFF, 0xFF, 0xFF, 0xFF, 0xFF, 0xFF, 0xFF, 0xFF, 0xFF, 0xFF, 0xFF, 0xFF, 0xFF, 0xFF, 0xFF,
    0xFF, 0xFF, 0xFF, 0xFF, 0xFF, 0xFF, 0xFF, 0xFF, 0xFF, 0xFF, 0xFF, 0xFF, 0xFF, 0xFF, 0xFF, 0xFF,
    0xFF, 0xFF, 0xFF, 0xFF, 0xFF, 0xFF, 0xFF, 0xFF, 0xFF, 0xFF, 0xFF, 0xFF, 0xFF, 0xFF, 0xFF, 0xFF,
    0xFF, 0xFF, 0xFF, 0xFF, 0xFF, 0xFF, 0xFF, 0xFF, 0xFF, 0xFF, 0xFF, 0xFF, 0xFF, 0xFF, 0xFF, 0xFF,
    0xFF, 0xFF, 0xFF, 0xFF, 0xFF, 0xFF, 0xFF, 0xFF, 0xFF, 0xFF, 0xFF, 0xFF, 0xFF, 0xFF, 0xFF, 0xFF,
    0xFF, 0xFF, 0xFF, 0xFF, 0xFF, 0xFF, 0xFF, 0xFF, 0xFF, 0xFF, 0xFF, 0xFF, 0xFF, 0xFF, 0xFF, 0xFF,
    0xFF, 0xFF, 0xFF, 0xFF, 0xFF, 0xFF, 0xFF, 0xFF, 0xBE, 0xFF, 0x4A, 0x42, 0xFF, 0xFF, 0xFF, 0xFF,
    0xFF, 0xFF, 0xFF, 0xFF, 0x3B, 0xEF, 0xF9, 0xEE, 0xF9, 0xE6, 0xF9, 0xE6, 0xF9, 0xEE, 0xD9, 0xE6,
    0xF9, 0xE6, 0xD9, 0xE6, 0x97, 0xE6, 0x97, 0xE6, 0x97, 0xE6, 0x97, 0xE6, 0x97, 0xE6, 0x98, 0xE6,
    0x77, 0xDE, 0x98, 0xDE, 0x97, 0xE6, 0x97, 0xDE, 0x98, 0xDE, 0x98, 0xDE, 0x98, 0xDE, 0x98, 0xE6,
    0x97, 0xDE, 0x97, 0xDE, 0x97, 0xDE, 0x98, 0xE6, 0x97, 0xDE, 0x98, 0xE6, 0x78, 0xDE, 0x98, 0xDE,
    0x97, 0xE6, 0x98, 0xDE, 0x98, 0xE6, 0x97, 0xE6, 0x98, 0xE6, 0x97, 0xE6, 0x97, 0xE6, 0x97, 0xE6,
    0x97, 0xE6, 0x97, 0xE6, 0x97, 0xE6, 0x97, 0xE6, 0x97, 0xE6, 0x97, 0xE6, 0x97, 0xE6, 0x97, 0xE6,
    0x97, 0xE6, 0x97, 0xE6, 0x97, 0xE6, 0x97, 0xE6, 0x97, 0xE6, 0x97, 0xE6, 0x97, 0xE6, 0x97, 0xE6,
    0x97, 0xE6, 0x97, 0xE6, 0x97, 0xE6, 0x97, 0xE6, 0x97, 0xE6, 0x97, 0xE6, 0x97, 0xE6, 0x97, 0xE6,
    0x97, 0xE6, 0x97, 0xE6, 0x97, 0xE6, 0x97, 0xE6, 0x97, 0xE6, 0x97, 0xE6, 0x97, 0xE6, 0x97, 0xE6,
    0x98, 0xE6, 0x97, 0xE6, 0xB8, 0xE6, 0xF9, 0xEE, 0xD9, 0xE6, 0xF9, 0xE6, 0xF9, 0xE6, 0xF9, 0xE6,
    0xF9, 0xE6, 0xB9, 0xE6, 0xFF, 0xFF, 0xFF, 0xFF, 0xFF, 0xFF, 0xFF, 0xFF, 0x6E, 0x63, 0x75, 0x42,
    0x1B, 0x53, 0x1B, 0x53, 0x1B, 0x53, 0x1B, 0x53, 0x1B, 0x53, 0x1B, 0x53, 0x1B, 0x53, 0x1B, 0x5B,
    0x1B, 0x53, 0x1B, 0x5B, 0x1B, 0x5B, 0x1B, 0x5B, 0x1B, 0x5B, 0x3B, 0x5B, 0x1B, 0x5B, 0x3B, 0x5B,
    0x3B, 0x5B, 0x3B, 0x5B, 0x3B, 0x5B, 0x3B, 0x5B, 0x3B, 0x5B, 0x3B, 0x5B, 0x3B, 0x5B, 0x3B, 0x5B,
    0xFF, 0xFF, 0xFF, 0xFF, 0xFF, 0xFF, 0xFF, 0xFF, 0xFF, 0xFF, 0xFF, 0xFF, 0xFF, 0xFF, 0xFF, 0xFF,
    0xFF, 0xFF, 0xFF, 0xFF, 0xFF, 0xFF, 0xFF, 0xFF, 0xFF, 0xFF, 0xFF, 0xFF, 0xFF, 0xFF, 0xFF, 0xFF,
    0xFF, 0xFF, 0xFF, 0xFF, 0xFF, 0xFF, 0xFF, 0xFF, 0xFF, 0xFF, 0xFF, 0xFF, 0xFF, 0xFF, 0xFF, 0xFF,
    0xFF, 0xFF, 0xFF, 0xFF, 0xFF, 0xFF, 0xFF, 0xFF, 0xFF, 0xFF, 0xFF, 0xFF, 0xFF, 0xFF, 0xFF, 0xFF,
    0xFF, 0xFF, 0xFF, 0xFF, 0xFF, 0xFF, 0xFF, 0xFF, 0xFF, 0xFF, 0xFF, 0xFF, 0xFF, 0xFF, 0xFF, 0xFF,
    0xFF, 0xFF, 0xFF, 0xFF, 0xFF, 0xFF, 0xFF, 0xFF, 0xFF, 0xFF, 0xFF, 0xFF, 0xFF, 0xFF, 0xFF, 0xFF,
    0xFF, 0xFF, 0xFF, 0xFF, 0xFF, 0xFF, 0xFF, 0xFF, 0xFF, 0xFF, 0xFF, 0xFF, 0xFF, 0xFF, 0xFF, 0xFF,
    0xFF, 0xFF, 0xFF, 0xFF, 0xFF, 0xFF, 0xFF, 0xFF, 0xFF, 0xFF, 0xFF, 0xFF, 0xFF, 0xFF, 0xFF, 0xFF,
    0xFF, 0xFF, 0xFF, 0xFF, 0xFF, 0xFF, 0xFF, 0xFF, 0xFF, 0xFF, 0xFF, 0xFF, 0xFF, 0xFF, 0xFF, 0xFF,
    0xFF, 0xFF, 0xFF, 0xFF, 0xFF, 0xFF, 0xFF, 0xFF, 0xFF, 0xFF, 0xFF, 0xFF, 0xFF, 0xFF, 0xFF, 0xFF,
    0xFF, 0xFF, 0xFF, 0xFF, 0xFF, 0xFF, 0xFF, 0xFF, 0xFF, 0xFF, 0xFF, 0xFF, 0xFF, 0xFF, 0xFF, 0xFF,
    0xFF, 0xFF, 0xFF, 0xFF, 0xFF, 0xFF, 0xFF, 0xFF, 0xFF, 0xFF, 0xFF, 0xFF, 0xFF, 0xFF, 0xFF, 0xFF,
    0xFF, 0xFF, 0xFF, 0xFF, 0xFF, 0xFF, 0xFF, 0xFF, 0xFF, 0xFF, 0xFF, 0xFF, 0xFF, 0xFF, 0xFF, 0xFF,
    0xFF, 0xFF, 0xFF, 0xFF, 0xFF, 0xFF, 0xFF, 0xFF, 0xFF, 0xFF, 0xFF, 0xFF, 0xFF, 0xFF, 0xFF, 0xFF,
    0xFF, 0xFF, 0xFF, 0xFF, 0xFF, 0xFF, 0xFF, 0xFF, 0xFF, 0xFF, 0xFF, 0xFF, 0xFF, 0xFF, 0xFF, 0xFF,
    0xFF, 0xFF, 0xFF, 0xFF, 0xFF, 0xFF, 0xFF, 0xFF, 0xFF, 0xFF, 0xFF, 0xFF, 0xFF, 0xFF, 0xFF, 0xFF,
    0xFF, 0xFF, 0xFF, 0xFF, 0xFF, 0xFF, 0xFF, 0xFF, 0xFF, 0xFF, 0xFF, 0xFF, 0xFF, 0xFF, 0xFF, 0xFF,
    0xFF, 0xFF, 0xFF, 0xFF, 0xFF, 0xFF, 0xFF, 0xFF, 0xFF, 0xFF, 0xFF, 0xFF, 0xFF, 0xFF, 0xFF, 0xFF,
    0xFF, 0xFF, 0xFF, 0xFF, 0xFF, 0xFF, 0xFF, 0xFF, 0xFF, 0xFF, 0xFF, 0xFF, 0xFF, 0xFF, 0xFF, 0xFF,
    0xFF, 0xFF, 0xFF, 0xFF, 0xFF, 0xFF, 0xFF, 0xFF, 0xFF, 0xFF, 0xFF, 0xFF, 0xFF, 0xFF, 0xFF, 0xFF,
    0xFF, 0xFF, 0xFF, 0xFF, 0xFF, 0xFF, 0xFF, 0xFF, 0xFF, 0xFF, 0xFF, 0xFF, 0xFF, 0xFF, 0xFF, 0xFF,
    0xFF, 0xFF, 0xFF, 0xFF, 0xFF, 0xFF, 0xFF, 0xFF, 0xFF, 0xFF, 0xFF, 0xFF, 0xFF, 0xFF, 0xFF, 0xFF,
    0xFF, 0xFF, 0xFF, 0xFF, 0xFF, 0xFF, 0xFF, 0xFF, 0xFF, 0xFF, 0xFF, 0xFF, 0xFF, 0xFF, 0xFF, 0xFF,
    0xFF, 0xFF, 0xFF, 0xFF, 0xFF, 0xFF, 0xFF, 0xFF, 0xFF, 0xFF, 0xFF, 0xFF, 0xFF, 0xFF, 0xFF, 0xFF,
    0xFF, 0xFF, 0xFF, 0xFF, 0xFF, 0xFF, 0xFF, 0xFF, 0xFF, 0xFF, 0xFF, 0xFF, 0xFF, 0xFF, 0xFF, 0xFF,
    0xFF, 0xFF, 0xFF, 0xFF, 0xFF, 0xFF, 0xFF, 0xFF, 0xFF, 0xFF, 0xBE, 0xFF, 0x4A, 0x42, 0xFF, 0xFF,
    0xFF, 0xFF, 0xFF, 0xFF, 0xFF, 0xFF, 0x3B, 0xEF, 0xF9, 0xEE, 0xF9, 0xE6, 0xF9, 0xE6, 0xF9, 0xEE,
    0xD9, 0xE6, 0xF9, 0xE6, 0xD9, 0xE6, 0x97, 0xE6, 0x97, 0xE6, 0x97, 0xE6, 0x97, 0xE6, 0x97, 0xE6,
    0x97, 0xE6, 0x98, 0xE6, 0x97, 0xE6, 0x97, 0xE6, 0x97, 0xE6, 0x97, 0xE6, 0x97, 0xE6, 0x97, 0xE6,
    0x97, 0xE6, 0x97, 0xE6, 0x97, 0xE6, 0x97, 0xE6, 0x97, 0xE6, 0x97, 0xE6, 0x97, 0xE6, 0x97, 0xE6,
    0x97, 0xE6, 0x97, 0xE6, 0x97, 0xE6, 0x97, 0xE6, 0x97, 0xE6, 0x97, 0xE6, 0x97, 0xE6, 0x97, 0xE6,
    0x97, 0xE6, 0x97, 0xE6, 0x97, 0xE6, 0x97, 0xE6, 0x97, 0xE6, 0x97, 0xE6, 0x97, 0xE6, 0x97, 0xE6,
    0x97, 0xE6, 0x97, 0xE6, 0x97, 0xE6, 0x97, 0xE6, 0x97, 0xE6, 0x97, 0xE6, 0x97, 0xE6, 0x97, 0xE6,
    0x97, 0xE6, 0x97, 0xE6, 0x97, 0xE6, 0x97, 0xE6, 0x97, 0xE6, 0x97, 0xE6, 0x97, 0xE6, 0x97, 0xE6,
    0x97, 0xE6, 0x97, 0xE6, 0x97, 0xE6, 0x97, 0xE6, 0x97, 0xE6, 0x97, 0xE6, 0x97, 0xE6, 0x97, 0xE6,
    0x97, 0xE6, 0x98, 0xE6, 0x97, 0xE6, 0xB8, 0xE6, 0xF9, 0xEE, 0xD9, 0xE6, 0xF9, 0xE6, 0xF9, 0xE6,
    0xF9, 0xE6, 0xF9, 0xE6, 0xB9, 0xE6, 0xFF, 0xFF, 0xFF, 0xFF, 0xFF, 0xFF, 0xFF, 0xFF, 0x6E, 0x63,
    0x74, 0x42, 0x1B, 0x53, 0x1B, 0x53, 0x1B, 0x53, 0x1B, 0x53, 0x1B, 0x53, 0x1B, 0x53, 0x1B, 0x53,
    0x1B, 0x53, 0x1B, 0x5B, 0x1B, 0x5B, 0x3B, 0x5B, 0x1B, 0x5B, 0x3B, 0x5B, 0x3B, 0x5B, 0x3B, 0x5B,
    0x3B, 0x5B, 0x3B, 0x5B, 0x3B, 0x5B, 0x3B, 0x5B, 0x3B, 0x5B, 0x3B, 0x5B, 0x3B, 0x5B, 0x3B, 0x5B,
    0x3B, 0x5B, 0xFF, 0xFF, 0xFF, 0xFF, 0xFF, 0xFF, 0xFF, 0xFF, 0xFF, 0xFF, 0xFF, 0xFF, 0xFF, 0xFF,
    0xFF, 0xFF, 0xFF, 0xFF, 0xFF, 0xFF, 0xFF, 0xFF, 0xFF, 0xFF, 0xFF, 0xFF, 0xFF, 0xFF, 0xFF, 0xFF,
    0xFF, 0xFF, 0xFF, 0xFF, 0xFF, 0xFF, 0xFF, 0xFF, 0xFF, 0xFF, 0xFF, 0xFF, 0xFF, 0xFF, 0xFF, 0xFF,
    0xFF, 0xFF, 0xFF, 0xFF, 0xFF, 0xFF, 0xFF, 0xFF, 0xFF, 0xFF, 0xFF, 0xFF, 0xFF, 0xFF, 0xFF, 0xFF,
    0xFF, 0xFF, 0xFF, 0xFF, 0xFF, 0xFF, 0xFF, 0xFF, 0xFF, 0xFF, 0xFF, 0xFF, 0xFF, 0xFF, 0xFF, 0xFF,
    0xFF, 0xFF, 0xFF, 0xFF, 0xFF, 0xFF, 0xFF, 0xFF, 0xFF, 0xFF, 0xFF, 0xFF, 0xFF, 0xFF, 0xFF, 0xFF,
    0xFF, 0xFF, 0xFF, 0xFF, 0xFF, 0xFF, 0xFF, 0xFF, 0xFF, 0xFF, 0xFF, 0xFF, 0xFF, 0xFF, 0xFF, 0xFF,
    0xFF, 0xFF, 0xFF, 0xFF, 0xFF, 0xFF, 0xFF, 0xFF, 0xFF, 0xFF, 0xFF, 0xFF, 0xFF, 0xFF, 0xFF, 0xFF,
    0xFF, 0xFF, 0xFF, 0xFF, 0xFF, 0xFF, 0xFF, 0xFF, 0xFF, 0xFF, 0xFF, 0xFF, 0xFF, 0xFF, 0xFF, 0xFF,
    0xFF, 0xFF, 0xFF, 0xFF, 0xFF, 0xFF, 0xFF, 0xFF, 0xFF, 0xFF, 0xFF, 0xFF, 0xFF, 0xFF, 0xFF, 0xFF,
    0xFF, 0xFF, 0xFF, 0xFF, 0xFF, 0xFF, 0xFF, 0xFF, 0xFF, 0xFF, 0xFF, 0xFF, 0xFF, 0xFF, 0xFF, 0xFF,
    0xFF, 0xFF, 0xFF, 0xFF, 0xFF, 0xFF, 0xFF, 0xFF, 0xFF, 0xFF, 0xFF, 0xFF, 0xFF, 0xFF, 0xFF, 0xFF,
    0xFF, 0xFF, 0xFF, 0xFF, 0xFF, 0xFF, 0xFF, 0xFF, 0xFF, 0xFF, 0xFF, 0xFF, 0xFF, 0xFF, 0xFF, 0xFF,
    0xFF, 0xFF, 0xFF, 0xFF, 0xFF, 0xFF, 0xFF, 0xFF, 0xFF, 0xFF, 0xFF, 0xFF, 0xFF, 0xFF, 0xFF, 0xFF,
    0xFF, 0xFF, 0xFF, 0xFF, 0xFF, 0xFF, 0xFF, 0xFF, 0xFF, 0xFF, 0xFF, 0xFF, 0xFF, 0xFF, 0xFF, 0xFF,
    0xFF, 0xFF, 0xFF, 0xFF, 0xFF, 0xFF, 0xFF, 0xFF, 0xFF, 0xFF, 0xFF, 0xFF, 0xFF, 0xFF, 0xFF, 0xFF,
    0xFF, 0xFF, 0xFF, 0xFF, 0xFF, 0xFF, 0xFF, 0xFF, 0xFF, 0xFF, 0xFF, 0xFF, 0xFF, 0xFF, 0xFF, 0xFF,
    0xFF, 0xFF, 0xFF, 0xFF, 0xFF, 0xFF, 0xFF, 0xFF, 0xFF, 0xFF, 0xFF, 0xFF, 0xFF, 0xFF, 0xFF, 0xFF,
    0xFF, 0xFF, 0xFF, 0xFF, 0xFF, 0xFF, 0xFF, 0xFF, 0xFF, 0xFF, 0xFF, 0xFF, 0xFF, 0xFF, 0xFF, 0xFF,
    0xFF, 0xFF, 0xFF, 0xFF, 0xFF, 0xFF, 0xFF, 0xFF, 0xFF, 0xFF, 0xFF, 0xFF, 0xFF, 0xFF, 0xFF, 0xFF,
    0xFF, 0xFF, 0xFF, 0xFF, 0xFF, 0xFF, 0xFF, 0xFF, 0xFF, 0xFF, 0xFF, 0xFF, 0xFF, 0xFF, 0xFF, 0xFF,
    0xFF, 0xFF, 0xFF, 0xFF, 0xFF, 0xFF, 0xFF, 0xFF, 0xFF, 0xFF, 0xFF, 0xFF, 0xFF, 0xFF, 0xFF, 0xFF,
    0xFF, 0xFF, 0xFF, 0xFF, 0xFF, 0xFF, 0xFF, 0xFF, 0xFF, 0xFF, 0xFF, 0xFF, 0xFF, 0xFF, 0xFF, 0xFF,
    0xFF, 0xFF, 0xFF, 0xFF, 0xFF, 0xFF, 0xFF, 0xFF, 0xFF, 0xFF, 0xFF, 0xFF, 0xFF, 0xFF, 0xFF, 0xFF,
    0xFF, 0xFF, 0xFF, 0xFF, 0xFF, 0xFF, 0xFF, 0xFF, 0xFF, 0xFF, 0xFF, 0xFF, 0xFF, 0xFF, 0xFF, 0xFF,
    0xFF, 0xFF, 0xFF, 0xFF, 0xFF, 0xFF, 0xFF, 0xFF, 0xFF, 0xFF, 0xFF, 0xFF, 0xBE, 0xFF, 0x4A, 0x42,
    0xFF, 0xFF, 0xFF, 0xFF, 0xFF, 0xFF, 0xFF, 0xFF, 0x3B, 0xEF, 0xF9, 0xEE, 0xF9, 0xE6, 0xF9, 0xE6,
    0xF9, 0xEE, 0xD9, 0xE6, 0xF9, 0xE6, 0xD9, 0xE6, 0x97, 0xE6, 0x97, 0xE6, 0x97, 0xE6, 0x97, 0xE6,
    0x98, 0xE6, 0x98, 0xE6, 0x98, 0xE6, 0x98, 0xE6, 0x98, 0xE6, 0x98, 0xE6, 0x98, 0xE6, 0x98, 0xE6,
    0x98, 0xE6, 0x98, 0xE6, 0x98, 0xE6, 0x98, 0xE6, 0x98, 0xE6, 0x98, 0xE6, 0x98, 0xE6, 0x98, 0xE6,
    0x98, 0xE6, 0x98, 0xE6, 0x98, 0xE6, 0x98, 0xE6, 0x98, 0xE6, 0x98, 0xE6, 0x97, 0xE6, 0x97, 0xE6,
    0x97, 0xE6, 0x97, 0xE6, 0x97, 0xE6, 0x97, 0xE6, 0x97, 0xE6, 0x97, 0xE6, 0x97, 0xE6, 0x97, 0xE6,
    0x97, 0xE6, 0x97, 0xE6, 0x97, 0xE6, 0x97, 0xE6, 0x97, 0xE6, 0x97, 0xE6, 0x97, 0xE6, 0x97, 0xE6,
    0x97, 0xE6, 0x97, 0xE6, 0x97, 0xE6, 0x97, 0xE6, 0x97, 0xE6, 0x97, 0xE6, 0x97, 0xE6, 0x97, 0xE6,
    0x97, 0xE6, 0x97, 0xE6, 0x97, 0xE6, 0x97, 0xE6, 0x97, 0xE6, 0x97, 0xE6, 0x97, 0xE6, 0x97, 0xE6,
    0x97, 0xE6, 0x97, 0xE6, 0x98, 0xE6, 0x97, 0xE6, 0xB8, 0xE6, 0xF9, 0xEE, 0xD9, 0xE6, 0xF9, 0xE6,
    0xF9, 0xE6, 0xF9, 0xE6, 0xF9, 0xE6, 0xB9, 0xE6, 0xFF, 0xFF, 0xFF, 0xFF, 0xFF, 0xFF, 0xFF, 0xFF,
    0x6E, 0x63, 0x74, 0x42, 0x1B, 0x53, 0x1B, 0x53, 0x1B, 0x53, 0x1B, 0x53, 0x1B, 0x53, 0x1B, 0x5B,
    0x1B, 0x53, 0x1B, 0x5B, 0x3B, 0x5B, 0x1B, 0x5B, 0x1B, 0x5B, 0x3B, 0x5B, 0x3B, 0x5B, 0x3B, 0x5B,
    0x3B, 0x5B, 0x3B, 0x5B, 0x3B, 0x5B, 0x3B, 0x5B, 0x3B, 0x5B, 0x3B, 0x5B, 0x3B, 0x5B, 0x3B, 0x5B,
    0x3B, 0x5B, 0x3B, 0x5B, 0xFF, 0xFF, 0xFF, 0xFF, 0xFF, 0xFF, 0xFF, 0xFF, 0xFF, 0xFF, 0xFF, 0xFF,
    0xFF, 0xFF, 0xFF, 0xFF, 0xFF, 0xFF, 0xFF, 0xFF, 0xFF, 0xFF, 0xFF, 0xFF, 0xFF, 0xFF, 0xFF, 0xFF,
    0xFF, 0xFF, 0xFF, 0xFF, 0xFF, 0xFF, 0xFF, 0xFF, 0xFF, 0xFF, 0xFF, 0xFF, 0xFF, 0xFF, 0xFF, 0xFF,
    0xFF, 0xFF, 0xFF, 0xFF, 0xFF, 0xFF, 0xFF, 0xFF, 0xFF, 0xFF, 0xFF, 0xFF, 0xFF, 0xFF, 0xFF, 0xFF,
    0xFF, 0xFF, 0xFF, 0xFF, 0xFF, 0xFF, 0xFF, 0xFF, 0xFF, 0xFF, 0xFF, 0xFF, 0xFF, 0xFF, 0xFF, 0xFF,
    0xFF, 0xFF, 0xFF, 0xFF, 0xFF, 0xFF, 0xFF, 0xFF, 0xFF, 0xFF, 0xFF, 0xFF, 0xFF, 0xFF, 0xFF, 0xFF,
    0xFF, 0xFF, 0xFF, 0xFF, 0xFF, 0xFF, 0xFF, 0xFF, 0xFF, 0xFF, 0xFF, 0xFF, 0xFF, 0xFF, 0xFF, 0xFF,
    0xFF, 0xFF, 0xFF, 0xFF, 0xFF, 0xFF, 0xFF, 0xFF, 0xFF, 0xFF, 0xFF, 0xFF, 0xFF, 0xFF, 0xFF, 0xFF,
    0xFF, 0xFF, 0xFF, 0xFF, 0xFF, 0xFF, 0xFF, 0xFF, 0xFF, 0xFF, 0xFF, 0xFF, 0xFF, 0xFF, 0xFF, 0xFF,
    0xFF, 0xFF, 0xFF, 0xFF, 0xFF, 0xFF, 0xFF, 0xFF, 0xFF, 0xFF, 0xFF, 0xFF, 0xFF, 0xFF, 0xFF, 0xFF,
    0xFF, 0xFF, 0xFF, 0xFF, 0xFF, 0xFF, 0xFF, 0xFF, 0xFF, 0xFF, 0xFF, 0xFF, 0xFF, 0xFF, 0xFF, 0xFF,
    0xFF, 0xFF, 0xFF, 0xFF, 0xFF, 0xFF, 0xFF, 0xFF, 0xFF, 0xFF, 0xFF, 0xFF, 0xFF, 0xFF, 0xFF, 0xFF,
    0xFF, 0xFF, 0xFF, 0xFF, 0xFF, 0xFF, 0xFF, 0xFF, 0xFF, 0xFF, 0xFF, 0xFF, 0xFF, 0xFF, 0xFF, 0xFF,
    0xFF, 0xFF, 0xFF, 0xFF, 0xFF, 0xFF, 0xFF, 0xFF, 0xFF, 0xFF, 0xFF, 0xFF, 0xFF, 0xFF, 0xFF, 0xFF,
    0xFF, 0xFF, 0xFF, 0xFF, 0xFF, 0xFF, 0xFF, 0xFF, 0xFF, 0xFF, 0xFF, 0xFF, 0xFF, 0xFF, 0xFF, 0xFF,
    0xFF, 0xFF, 0xFF, 0xFF, 0xFF, 0xFF, 0xFF, 0xFF, 0xFF, 0xFF, 0xFF, 0xFF, 0xFF, 0xFF, 0xFF, 0xFF,
    0xFF, 0xFF, 0xFF, 0xFF, 0xFF, 0xFF, 0xFF, 0xFF, 0xFF, 0xFF, 0xFF, 0xFF, 0xFF, 0xFF, 0xFF, 0xFF,
    0xFF, 0xFF, 0xFF, 0xFF, 0xFF, 0xFF, 0xFF, 0xFF, 0xFF, 0xFF, 0xFF, 0xFF, 0xFF, 0xFF, 0xFF, 0xFF,
    0xFF, 0xFF, 0xFF, 0xFF, 0xFF, 0xFF, 0xFF, 0xFF, 0xFF, 0xFF, 0xFF, 0xFF, 0xFF, 0xFF, 0xFF, 0xFF,
    0xFF, 0xFF, 0xFF, 0xFF, 0xFF, 0xFF, 0xFF, 0xFF, 0xFF, 0xFF, 0xFF, 0xFF, 0xFF, 0xFF, 0xFF, 0xFF,
    0xFF, 0xFF, 0xFF, 0xFF, 0xFF, 0xFF, 0xFF, 0xFF, 0xFF, 0xFF, 0xFF, 0xFF, 0xFF, 0xFF, 0xFF, 0xFF,
    0xFF, 0xFF, 0xFF, 0xFF, 0xFF, 0xFF, 0xFF, 0xFF, 0xFF, 0xFF, 0xFF, 0xFF, 0xFF, 0xFF, 0xFF, 0xFF,
    0xFF, 0xFF, 0xFF, 0xFF, 0xFF, 0xFF, 0xFF, 0xFF, 0xFF, 0xFF, 0xFF, 0xFF, 0xFF, 0xFF, 0xFF, 0xFF,
    0xFF, 0xFF, 0xFF, 0xFF, 0xFF, 0xFF, 0xFF, 0xFF, 0xFF, 0xFF, 0xFF, 0xFF, 0xFF, 0xFF, 0xFF, 0xFF,
    0xFF, 0xFF, 0xFF, 0xFF, 0xFF, 0xFF, 0xFF, 0xFF, 0xFF, 0xFF, 0xFF, 0xFF, 0xFF, 0xFF, 0xFF, 0xFF,
    0xFF, 0xFF, 0xFF, 0xFF, 0xFF, 0xFF, 0xFF, 0xFF, 0xFF, 0xFF, 0xFF, 0xFF, 0xFF, 0xFF, 0xBE, 0xFF,
    0x4A, 0x42, 0xFF, 0xFF, 0xFF, 0xFF, 0xFF, 0xFF, 0xFF, 0xFF, 0x3B, 0xEF, 0xF9, 0xEE, 0xF9, 0xE6,
    0xF9, 0xE6, 0xF9, 0xEE, 0xD9, 0xE6, 0xF9, 0xE6, 0xD9, 0xE6, 0x97, 0xE6, 0x97, 0xE6, 0x97, 0xE6,
    0x97, 0xE6, 0x97, 0xDE, 0x97, 0xDE, 0x97, 0xE6, 0x97, 0xE6, 0x97, 0xE6, 0x97, 0xDE, 0x97, 0xE6,
    0x97, 0xE6, 0x97, 0xE6, 0x97, 0xDE, 0x97, 0xDE, 0x97, 0xDE, 0x97, 0xDE, 0x97, 0xE6, 0x97, 0xE6,
    0x97, 0xE6, 0x97, 0xE6, 0x97, 0xE6, 0x97, 0xDE, 0x97, 0xDE, 0x97, 0xDE, 0x97, 0xE6, 0x97, 0xE6,
    0x97, 0xE6, 0x97, 0xE6, 0x97, 0xE6, 0x97, 0xE6, 0x97, 0xE6, 0x97, 0xE6, 0x97, 0xE6, 0x97, 0xE6,
    0x97, 0xE6, 0x97, 0xE6, 0x97, 0xE6, 0x97, 0xE6, 0x97, 0xE6, 0x97, 0xE6, 0x97, 0xE6, 0x97, 0xE6,
    0x97, 0xE6, 0x97, 0xE6, 0x97, 0xE6, 0x97, 0xE6, 0x97, 0xE6, 0x97, 0xE6, 0x97, 0xE6, 0x97, 0xE6,
    0x97, 0xE6, 0x97, 0xE6, 0x97, 0xE6, 0x97, 0xE6, 0x97, 0xE6, 0x97, 0xE6, 0x97, 0xE6, 0x97, 0xE6,
    0x97, 0xE6, 0x97, 0xE6, 0x97, 0xE6, 0x98, 0xE6, 0x97, 0xE6, 0xB8, 0xE6, 0xF9, 0xEE, 0xD9, 0xE6,
    0xF9, 0xE6, 0xF9, 0xE6, 0xF9, 0xE6, 0xF9, 0xE6, 0xB9, 0xE6, 0xFF, 0xFF, 0xFF, 0xFF, 0xFF, 0xFF,
    0xFF, 0xFF, 0x6E, 0x63, 0x74, 0x4A, 0x1B, 0x53, 0x1B, 0x53, 0x1B, 0x53, 0x1B, 0x53, 0x1B, 0x53,
    0x1B, 0x5B, 0x1B, 0x53, 0x1B, 0x5B, 0x3B, 0x5B, 0x3B, 0x5B, 0x3B, 0x5B, 0x3B, 0x5B, 0x3B, 0x5B,
    0x3B, 0x5B, 0x3B, 0x5B, 0x3B, 0x5B, 0x3B, 0x5B, 0x3B, 0x5B, 0x3B, 0x5B, 0x3B, 0x5B, 0x3B, 0x5B,
    0x3B, 0x5B, 0x3B, 0x5B, 0x5B, 0x5B, 0xFF, 0xFF, 0xFF, 0xFF, 0xFF, 0xFF, 0xFF, 0xFF, 0xFF, 0xFF,
    0xFF, 0xFF, 0xFF, 0xFF, 0xFF, 0xFF, 0xFF, 0xFF, 0xFF, 0xFF, 0xFF, 0xFF, 0xFF, 0xFF, 0xFF, 0xFF,
    0xFF, 0xFF, 0xFF, 0xFF, 0xFF, 0xFF, 0xFF, 0xFF, 0xFF, 0xFF, 0xFF, 0xFF, 0xFF, 0xFF, 0xFF, 0xFF,
    0xFF, 0xFF, 0xFF, 0xFF, 0xFF, 0xFF, 0xFF, 0xFF, 0xFF, 0xFF, 0xFF, 0xFF, 0xFF, 0xFF, 0xFF, 0xFF,
    0xFF, 0xFF, 0xFF, 0xFF, 0xFF, 0xFF, 0xFF, 0xFF, 0xFF, 0xFF, 0xFF, 0xFF, 0xFF, 0xFF, 0xFF, 0xFF,
    0xFF, 0xFF, 0xFF, 0xFF, 0xFF, 0xFF, 0xFF, 0xFF, 0xFF, 0xFF, 0xFF, 0xFF, 0xFF, 0xFF, 0xFF, 0xFF,
    0xFF, 0xFF, 0xFF, 0xFF, 0xFF, 0xFF, 0xFF, 0xFF, 0xFF, 0xFF, 0xFF, 0xFF, 0xFF, 0xFF, 0xFF, 0xFF,
    0xFF, 0xFF, 0xFF, 0xFF, 0xFF, 0xFF, 0xFF, 0xFF, 0xFF, 0xFF, 0xFF, 0xFF, 0xFF, 0xFF, 0xFF, 0xFF,
    0xFF, 0xFF, 0xFF, 0xFF, 0xFF, 0xFF, 0xFF, 0xFF, 0xFF, 0xFF, 0xFF, 0xFF, 0xFF, 0xFF, 0xFF, 0xFF,
    0xFF, 0xFF, 0xFF, 0xFF, 0xFF, 0xFF, 0xFF, 0xFF, 0xFF, 0xFF, 0xFF, 0xFF, 0xFF, 0xFF, 0xFF, 0xFF,
    0xFF, 0xFF, 0xFF, 0xFF, 0xFF, 0xFF, 0xFF, 0xFF, 0xFF, 0xFF, 0xFF, 0xFF, 0xFF, 0xFF, 0xFF, 0xFF,
    0xFF, 0xFF, 0xFF, 0xFF, 0xFF, 0xFF, 0xFF, 0xFF, 0xFF, 0xFF, 0xFF, 0xFF, 0xFF, 0xFF, 0xFF, 0xFF,
    0xFF, 0xFF, 0xFF, 0xFF, 0xFF, 0xFF, 0xFF, 0xFF, 0xFF, 0xFF, 0xFF, 0xFF, 0xFF, 0xFF, 0xFF, 0xFF,
    0xFF, 0xFF, 0xFF, 0xFF, 0xFF, 0xFF, 0xFF, 0xFF, 0xFF, 0xFF, 0xFF, 0xFF, 0xFF, 0xFF, 0xFF, 0xFF,
    0xFF, 0xFF, 0xFF, 0xFF, 0xFF, 0xFF, 0xFF, 0xFF, 0xFF, 0xFF, 0xFF, 0xFF, 0xFF, 0xFF, 0xFF, 0xFF,
    0xFF, 0xFF, 0xFF, 0xFF, 0xFF, 0xFF, 0xFF, 0xFF, 0xFF, 0xFF, 0xFF, 0xFF, 0xFF, 0xFF, 0xFF, 0xFF,
    0xFF, 0xFF, 0xFF, 0xFF, 0xFF, 0xFF, 0xFF, 0xFF, 0xFF, 0xFF, 0xFF, 0xFF, 0xFF, 0xFF, 0xFF, 0xFF,
    0xFF, 0xFF, 0xFF, 0xFF, 0xFF, 0xFF, 0xFF, 0xFF, 0xFF, 0xFF, 0xFF, 0xFF, 0xFF, 0xFF, 0xFF, 0xFF,
    0xFF, 0xFF, 0xFF, 0xFF, 0xFF, 0xFF, 0xFF, 0xFF, 0xFF, 0xFF, 0xFF, 0xFF, 0xFF, 0xFF, 0xFF, 0xFF,
    0xFF, 0xFF, 0xFF, 0xFF, 0xFF, 0xFF, 0xFF, 0xFF, 0xFF, 0xFF, 0xFF, 0xFF, 0xFF, 0xFF, 0xFF, 0xFF,
    0xFF, 0xFF, 0xFF, 0xFF, 0xFF, 0xFF, 0xFF, 0xFF, 0xFF, 0xFF, 0xFF, 0xFF, 0xFF, 0xFF, 0xFF, 0xFF,
    0xFF, 0xFF, 0xFF, 0xFF, 0xFF, 0xFF, 0xFF, 0xFF, 0xFF, 0xFF, 0xFF, 0xFF, 0xFF, 0xFF, 0xFF, 0xFF,
    0xFF, 0xFF, 0xFF, 0xFF, 0xFF, 0xFF, 0xFF, 0xFF, 0xFF, 0xFF, 0xFF, 0xFF, 0xFF, 0xFF, 0xFF, 0xFF,
    0xFF, 0xFF, 0xFF, 0xFF, 0xFF, 0xFF, 0xFF, 0xFF, 0xFF, 0xFF, 0xFF, 0xFF, 0xFF, 0xFF, 0xFF, 0xFF,
    0xFF, 0xFF, 0xFF, 0xFF, 0xFF, 0xFF, 0xFF, 0xFF, 0xFF, 0xFF, 0xFF, 0xFF, 0xFF, 0xFF, 0xFF, 0xFF,
    0xFF, 0xFF, 0xFF, 0xFF, 0xFF, 0xFF, 0xFF, 0xFF, 0xFF, 0xFF, 0xFF, 0xFF, 0xFF, 0xFF, 0xFF, 0xFF,
    0xBE, 0xFF, 0x4A, 0x42, 0xFF, 0xFF, 0xFF, 0xFF, 0xFF, 0xFF, 0xFF, 0xFF, 0x3B, 0xEF, 0xF9, 0xEE,
    0xF9, 0xE6, 0xF9, 0xE6, 0xF9, 0xEE, 0xD9, 0xE6, 0xF9, 0xE6, 0xD9, 0xE6, 0x97, 0xE6, 0x97, 0xE6,
    0x97, 0xE6, 0x97, 0xE6, 0x97, 0xE6, 0x97, 0xE6, 0x97, 0xE6, 0x97, 0xE6, 0x97, 0xE6, 0x97, 0xE6,
    0x97, 0xE6, 0x97, 0xE6, 0x97, 0xE6, 0x97, 0xE6, 0x97, 0xE6, 0x97, 0xE6, 0x97, 0xE6, 0x97, 0xE6,
    0x97, 0xE6, 0x97, 0xE6, 0x97, 0xE6, 0x97, 0xE6, 0x97, 0xDE, 0x97, 0xE6, 0x97, 0xE6, 0x98, 0xE6,
    0x97, 0xE6, 0x97, 0xE6, 0x98, 0xE6, 0x97, 0xE6, 0x97, 0xE6, 0x97, 0xE6, 0x97, 0xE6, 0x97, 0xE6,
    0x97, 0xE6, 0x98, 0xE6, 0x98, 0xE6, 0x98, 0xE6, 0x98, 0xE6, 0x98, 0xE6, 0x97, 0xE6, 0x97, 0xE6,
    0x97, 0xE6, 0x97, 0xE6, 0x97, 0xE6, 0x97, 0xE6, 0x97, 0xDE, 0x98, 0xE6, 0x98, 0xE6, 0x97, 0xE6,
    0x97, 0xE6, 0x97, 0xE6, 0x97, 0xE6, 0x97, 0xE6, 0x97, 0xE6, 0x97, 0xE6, 0x97, 0xE6, 0x97, 0xE6,
    0x97, 0xE6, 0x97, 0xE6, 0x97, 0xE6, 0x97, 0xE6, 0x98, 0xE6, 0x97, 0xE6, 0xB8, 0xE6, 0xF9, 0xEE,
    0xD9, 0xE6, 0xF9, 0xE6, 0xF9, 0xE6, 0xF9, 0xE6, 0xF9, 0xE6, 0xB9, 0xE6, 0xFF, 0xFF, 0xFF, 0xFF,
    0xFF, 0xFF, 0xFF, 0xFF, 0x6E, 0x63, 0x74, 0x4A, 0x1B, 0x53, 0x1B, 0x53, 0x1B, 0x5B, 0x1B, 0x5B,
    0x1B, 0x5B, 0x1B, 0x5B, 0x3B, 0x5B, 0x3B, 0x5B, 0x3B, 0x5B, 0x3B, 0x5B, 0x3B, 0x5B, 0x3B, 0x5B,
    0x3B, 0x5B, 0x3B, 0x5B, 0x3B, 0x5B, 0x3B, 0x5B, 0x3B, 0x5B, 0x3B, 0x5B, 0x3B, 0x5B, 0x3B, 0x5B,
    0x3B, 0x5B, 0x5B, 0x5B, 0x3B, 0x5B, 0x5B, 0x5B, 0xFF, 0xFF, 0xFF, 0xFF, 0xFF, 0xFF, 0xFF, 0xFF,
    0xFF, 0xFF, 0xFF, 0xFF, 0xFF, 0xFF, 0xFF, 0xFF, 0xFF, 0xFF, 0xFF, 0xFF, 0xFF, 0xFF, 0xFF, 0xFF,
    0xFF, 0xFF, 0xFF, 0xFF, 0xFF, 0xFF, 0xFF, 0xFF, 0xFF, 0xFF, 0xFF, 0xFF, 0xFF, 0xFF, 0xFF, 0xFF,
    0xFF, 0xFF, 0xFF, 0xFF, 0xFF, 0xFF, 0xFF, 0xFF, 0xFF, 0xFF, 0xFF, 0xFF, 0xFF, 0xFF, 0xFF, 0xFF,
    0xFF, 0xFF, 0xFF, 0xFF, 0xFF, 0xFF, 0xFF, 0xFF, 0xFF, 0xFF, 0xFF, 0xFF, 0xFF, 0xFF, 0xFF, 0xFF,
    0xFF, 0xFF, 0xFF, 0xFF, 0xFF, 0xFF, 0xFF, 0xFF, 0xFF, 0xFF, 0xFF, 0xFF, 0xFF, 0xFF, 0xFF, 0xFF,
    0xFF, 0xFF, 0xFF, 0xFF, 0xFF, 0xFF, 0xFF, 0xFF, 0xFF, 0xFF, 0xFF, 0xFF, 0xFF, 0xFF, 0xFF, 0xFF,
    0xFF, 0xFF, 0xFF, 0xFF, 0xFF, 0xFF, 0xFF, 0xFF, 0xFF, 0xFF, 0xFF, 0xFF, 0xFF, 0xFF, 0xFF, 0xFF,
    0xFF, 0xFF, 0xFF, 0xFF, 0xFF, 0xFF, 0xFF, 0xFF, 0xFF, 0xFF, 0xFF, 0xFF, 0xFF, 0xFF, 0xFF, 0xFF,
    0xFF, 0xFF, 0xFF, 0xFF, 0xFF, 0xFF, 0xFF, 0xFF, 0xFF, 0xFF, 0xFF, 0xFF, 0xFF, 0xFF, 0xFF, 0xFF,
    0xFF, 0xFF, 0xFF, 0xFF, 0xFF, 0xFF, 0xFF, 0xFF, 0xFF, 0xFF, 0xFF, 0xFF, 0xFF, 0xFF, 0xFF, 0xFF,
    0xFF, 0xFF, 0xFF, 0xFF, 0xFF, 0xFF, 0xFF, 0xFF, 0xFF, 0xFF, 0xFF, 0xFF, 0xFF, 0xFF, 0xFF, 0xFF,
    0xFF, 0xFF, 0xFF, 0xFF, 0xFF, 0xFF, 0xFF, 0xFF, 0xFF, 0xFF, 0xFF, 0xFF, 0xFF, 0xFF, 0xFF, 0xFF,
    0xFF, 0xFF, 0xFF, 0xFF, 0xFF, 0xFF, 0xFF, 0xFF, 0xFF, 0xFF, 0xFF, 0xFF, 0xFF, 0xFF, 0xFF, 0xFF,
    0xFF, 0xFF, 0xFF, 0xFF, 0xFF, 0xFF, 0xFF, 0xFF, 0xFF, 0xFF, 0xFF, 0xFF, 0xFF, 0xFF, 0xFF, 0xFF,
    0xFF, 0xFF, 0xFF, 0xFF, 0xFF, 0xFF, 0xFF, 0xFF, 0xFF, 0xFF, 0xFF, 0xFF, 0xFF, 0xFF, 0xFF, 0xFF,
    0xFF, 0xFF, 0xFF, 0xFF, 0xFF, 0xFF, 0xFF, 0xFF, 0xFF, 0xFF, 0xFF, 0xFF, 0xFF, 0xFF, 0xFF, 0xFF,
    0xFF, 0xFF, 0xFF, 0xFF, 0xFF, 0xFF, 0xFF, 0xFF, 0xFF, 0xFF, 0xFF, 0xFF, 0xFF, 0xFF, 0xFF, 0xFF,
    0xFF, 0xFF, 0xFF, 0xFF, 0xFF, 0xFF, 0xFF, 0xFF, 0xFF, 0xFF, 0xFF, 0xFF, 0xFF, 0xFF, 0xFF, 0xFF,
    0xFF, 0xFF, 0xFF, 0xFF, 0xFF, 0xFF, 0xFF, 0xFF, 0xFF, 0xFF, 0xFF, 0xFF, 0xFF, 0xFF, 0xFF, 0xFF,
    0xFF, 0xFF, 0xFF, 0xFF, 0xFF, 0xFF, 0xFF, 0xFF, 0xFF, 0xFF, 0xFF, 0xFF, 0xFF, 0xFF, 0xFF, 0xFF,
    0xFF, 0xFF, 0xFF, 0xFF, 0xFF, 0xFF, 0xFF, 0xFF, 0xFF, 0xFF, 0xFF, 0xFF, 0xFF, 0xFF, 0xFF, 0xFF,
    0xFF, 0xFF, 0xFF, 0xFF, 0xFF, 0xFF, 0xFF, 0xFF, 0xFF, 0xFF, 0xFF, 0xFF, 0xFF, 0xFF, 0xFF, 0xFF,
    0xFF, 0xFF, 0xFF, 0xFF, 0xFF, 0xFF, 0xFF, 0xFF, 0xFF, 0xFF, 0xFF, 0xFF, 0xFF, 0xFF, 0xFF, 0xFF,
    0xFF, 0xFF, 0xFF, 0xFF, 0xFF, 0xFF, 0xFF, 0xFF, 0xFF, 0xFF, 0xFF, 0xFF, 0xFF, 0xFF, 0xFF, 0xFF,
    0xFF, 0xFF, 0xFF, 0xFF, 0xFF, 0xFF, 0xFF, 0xFF, 0xFF, 0xFF, 0xFF, 0xFF, 0xFF, 0xFF, 0xFF, 0xFF,
    0xFF, 0xFF, 0xBE, 0xFF, 0x4A, 0x42, 0xFF, 0xFF, 0xFF, 0xFF, 0xFF, 0xFF, 0xFF, 0xFF, 0x3B, 0xEF,
    0xF9, 0xEE, 0xF9, 0xE6, 0xF9, 0xE6, 0xF9, 0xEE, 0xD9, 0xE6, 0xF9, 0xE6, 0xD9, 0xE6, 0x97, 0xE6,
    0x97, 0xE6, 0x97, 0xE6, 0x97, 0xE6, 0x97, 0xE6, 0x97, 0xE6, 0x97, 0xE6, 0x97, 0xE6, 0x97, 0xE6,
    0x97, 0xE6, 0x97, 0xE6, 0x97, 0xE6, 0x97, 0xE6, 0x97, 0xE6, 0x97, 0xE6, 0x97, 0xE6, 0x97, 0xE6,
    0x97, 0xE6, 0x97, 0xE6, 0x97, 0xE6, 0x97, 0xE6, 0x98, 0xE6, 0x97, 0xE6, 0x97, 0xE6, 0x98, 0xE6,
    0x97, 0xE6, 0x97, 0xE6, 0x97, 0xE6, 0x98, 0xE6, 0x97, 0xE6, 0x97, 0xE6, 0x98, 0xDE, 0x98, 0xE6,
    0x97, 0xE6, 0x97, 0xE6, 0x97, 0xE6, 0x97, 0xE6, 0x97, 0xE6, 0x97, 0xE6, 0x97, 0xE6, 0x98, 0xE6,
    0x97, 0xE6, 0x97, 0xE6, 0x98, 0xE6, 0x97, 0xE6, 0x98, 0xE6, 0x97, 0xDE, 0x98, 0xE6, 0x97, 0xE6,
    0x97, 0xE6, 0x97, 0xE6, 0x97, 0xE6, 0x97, 0xE6, 0x97, 0xE6, 0x97, 0xE6, 0x97, 0xE6, 0x97, 0xE6,
    0x97, 0xE6, 0x97, 0xE6, 0x97, 0xE6, 0x97, 0xE6, 0x97, 0xE6, 0x98, 0xE6, 0x97, 0xE6, 0xB8, 0xE6,
    0xF9, 0xEE, 0xD9, 0xE6, 0xF9, 0xE6, 0xF9, 0xE6, 0xF9, 0xE6, 0xF9, 0xE6, 0xB9, 0xE6, 0xFF, 0xFF,
    0xFF, 0xFF, 0xFF, 0xFF, 0xFF, 0xFF, 0x6E, 0x63, 0x74, 0x4A, 0x1B, 0x53, 0x1B, 0x53, 0x1B, 0x5B,
    0x1B, 0x5B, 0x1B, 0x5B, 0x3B, 0x5B, 0x3B, 0x5B, 0x3B, 0x5B, 0x3B, 0x5B, 0x3B, 0x5B, 0x3B, 0x5B,
    0x3B, 0x5B, 0x3B, 0x5B, 0x3B, 0x5B, 0x3B, 0x5B, 0x3B, 0x5B, 0x3B, 0x5B, 0x3B, 0x5B, 0x3B, 0x5B,
    0x3B, 0x5B, 0x3B, 0x5B, 0x5B, 0x5B, 0x5B, 0x5B, 0x5B, 0x5B, 0xFF, 0xFF, 0xFF, 0xFF, 0xFF, 0xFF,
    0xFF, 0xFF, 0xFF, 0xFF, 0xFF, 0xFF, 0xFF, 0xFF, 0xFF, 0xFF, 0xFF, 0xFF, 0xFF, 0xFF, 0xFF, 0xFF,
    0xFF, 0xFF, 0xFF, 0xFF, 0xFF, 0xFF, 0xFF, 0xFF, 0xFF, 0xFF, 0xFF, 0xFF, 0xFF, 0xFF, 0xFF, 0xFF,
    0xFF, 0xFF, 0xFF, 0xFF, 0xFF, 0xFF, 0xFF, 0xFF, 0xFF, 0xFF, 0xFF, 0xFF, 0xFF, 0xFF, 0xFF, 0xFF,
    0xFF, 0xFF, 0xFF, 0xFF, 0xFF, 0xFF, 0xFF, 0xFF, 0xFF, 0xFF, 0xFF, 0xFF, 0xFF, 0xFF, 0xFF, 0xFF,
    0xFF, 0xFF, 0xFF, 0xFF, 0xFF, 0xFF, 0xFF, 0xFF, 0xFF, 0xFF, 0xFF, 0xFF, 0xFF, 0xFF, 0xFF, 0xFF,
    0xFF, 0xFF, 0xFF, 0xFF, 0xFF, 0xFF, 0xFF, 0xFF, 0xFF, 0xFF, 0xFF, 0xFF, 0xFF, 0xFF, 0xFF, 0xFF,
    0xFF, 0xFF, 0xFF, 0xFF, 0xFF, 0xFF, 0xFF, 0xFF, 0xFF, 0xFF, 0xFF, 0xFF, 0xFF, 0xFF, 0xFF, 0xFF,
    0xFF, 0xFF, 0xFF, 0xFF, 0xFF, 0xFF, 0xFF, 0xFF, 0xFF, 0xFF, 0xFF, 0xFF, 0xFF, 0xFF, 0xFF, 0xFF,
    0xFF, 0xFF, 0xFF, 0xFF, 0xFF, 0xFF, 0xFF, 0xFF, 0xFF, 0xFF, 0xFF, 0xFF, 0xFF, 0xFF, 0xFF, 0xFF,
    0xFF, 0xFF, 0xFF, 0xFF, 0xFF, 0xFF, 0xFF, 0xFF, 0xFF, 0xFF, 0xFF, 0xFF, 0xFF, 0xFF, 0xFF, 0xFF,
    0xFF, 0xFF, 0xFF, 0xFF, 0xFF, 0xFF, 0xFF, 0xFF, 0xFF, 0xFF, 0xFF, 0xFF, 0xFF, 0xFF, 0xFF, 0xFF,
    0xFF, 0xFF, 0xFF, 0xFF, 0xFF, 0xFF, 0xFF, 0xFF, 0xFF, 0xFF, 0xFF, 0xFF, 0xFF, 0xFF, 0xFF, 0xFF,
    0xFF, 0xFF, 0xFF, 0xFF, 0xFF, 0xFF, 0xFF, 0xFF, 0xFF, 0xFF, 0xFF, 0xFF, 0xFF, 0xFF, 0xFF, 0xFF,
    0xFF, 0xFF, 0xFF, 0xFF, 0xFF, 0xFF, 0xFF, 0xFF, 0xFF, 0xFF, 0xFF, 0xFF, 0xFF, 0xFF, 0xFF, 0xFF,
    0xFF, 0xFF, 0xFF, 0xFF, 0xFF, 0xFF, 0xFF, 0xFF, 0xFF, 0xFF, 0xFF, 0xFF, 0xFF, 0xFF, 0xFF, 0xFF,
    0xFF, 0xFF, 0xFF, 0xFF, 0xFF, 0xFF, 0xFF, 0xFF, 0xFF, 0xFF, 0xFF, 0xFF, 0xFF, 0xFF, 0xFF, 0xFF,
    0xFF, 0xFF, 0xFF, 0xFF, 0xFF, 0xFF, 0xFF, 0xFF, 0xFF, 0xFF, 0xFF, 0xFF, 0xFF, 0xFF, 0xFF, 0xFF,
    0xFF, 0xFF, 0xFF, 0xFF, 0xFF, 0xFF, 0xFF, 0xFF, 0xFF, 0xFF, 0xFF, 0xFF, 0xFF, 0xFF, 0xFF, 0xFF,
    0xFF, 0xFF, 0xFF, 0xFF, 0xFF, 0xFF, 0xFF, 0xFF, 0xFF, 0xFF, 0xFF, 0xFF, 0xFF, 0xFF, 0xFF, 0xFF,
    0xFF, 0xFF, 0xFF, 0xFF, 0xFF, 0xFF, 0xFF, 0xFF, 0xFF, 0xFF, 0xFF, 0xFF, 0xFF, 0xFF, 0xFF, 0xFF,
    0xFF, 0xFF, 0xFF, 0xFF, 0xFF, 0xFF, 0xFF, 0xFF, 0xFF, 0xFF, 0xFF, 0xFF, 0xFF, 0xFF, 0xFF, 0xFF,
    0xFF, 0xFF, 0xFF, 0xFF, 0xFF, 0xFF, 0xFF, 0xFF, 0xFF, 0xFF, 0xFF, 0xFF, 0xFF, 0xFF, 0xFF, 0xFF,
    0xFF, 0xFF, 0xFF, 0xFF, 0xFF, 0xFF, 0xFF, 0xFF, 0xFF, 0xFF, 0xFF, 0xFF, 0xFF, 0xFF, 0xFF, 0xFF,
    0xFF, 0xFF, 0xFF, 0xFF, 0xFF, 0xFF, 0xFF, 0xFF, 0xFF, 0xFF, 0xFF, 0xFF, 0xFF, 0xFF, 0xFF, 0xFF,
    0xFF, 0xFF, 0xFF, 0xFF, 0xFF, 0xFF, 0xFF, 0xFF, 0xFF, 0xFF, 0xFF, 0xFF, 0xFF, 0xFF, 0xFF, 0xFF,
    0xFF, 0xFF, 0xFF, 0xFF, 0xBE, 0xFF, 0x0A, 0x3A, 0xFF, 0xFF, 0xFF, 0xFF, 0xFF, 0xFF, 0xFF, 0xFF,
    0x3B, 0xEF, 0xF9, 0xEE, 0xF9, 0xE6, 0xF9, 0xE6, 0xF9, 0xEE, 0xD9, 0xE6, 0xF9, 0xE6, 0xD9, 0xE6,
    0x97, 0xE6, 0x97, 0xE6, 0x97, 0xE6, 0x97, 0xE6, 0x97, 0xE6, 0x97, 0xE6, 0x97, 0xE6, 0x97, 0xE6,
    0x97, 0xE6, 0x97, 0xE6, 0x97, 0xE6, 0x97, 0xE6, 0x97, 0xE6, 0x97, 0xE6, 0x97, 0xE6, 0x97, 0xE6,
    0x97, 0xE6, 0x97, 0xE6, 0x97, 0xE6, 0x97, 0xE6, 0x97, 0xE6, 0x98, 0xE6, 0x94, 0xBD, 0x53, 0xB5,
    0x12, 0xAD, 0x36, 0xD6, 0x98, 0xDE, 0x98, 0xDE, 0x32, 0xB5, 0x77, 0xDE, 0x77, 0xDE, 0xF1, 0xA4,
    0x98, 0xE6, 0x97, 0xE6, 0x97, 0xE6, 0x53, 0xB5, 0xF1, 0xAC, 0x33, 0xB5, 0x36, 0xD6, 0x12, 0xAD,
    0xB4, 0xC5, 0xB4, 0xC5, 0x53, 0xB5, 0x94, 0xC5, 0x94, 0xBD, 0x16, 0xCE, 0x53, 0xB5, 0x77, 0xDE,
    0x97, 0xE6, 0x97, 0xE6, 0x97, 0xE6, 0x97, 0xE6, 0x97, 0xE6, 0x97, 0xE6, 0x97, 0xE6, 0x97, 0xE6,
    0x97, 0xE6, 0x97, 0xE6, 0x97, 0xE6, 0x97, 0xE6, 0x97, 0xE6, 0x97, 0xE6, 0x98, 0xE6, 0x97, 0xE6,
    0xB8, 0xE6, 0xF9, 0xEE, 0xD9, 0xE6, 0xF9, 0xE6, 0xF9, 0xE6, 0xF9, 0xE6, 0xF9, 0xE6, 0xB9, 0xE6,
    0xFF, 0xFF, 0xFF, 0xFF, 0xFF, 0xFF, 0xFF, 0xFF, 0x6E, 0x63, 0x74, 0x4A, 0x1B, 0x5B, 0x1B, 0x5B,
    0x1B, 0x5B, 0x1B, 0x5B, 0x1B, 0x5B, 0x1B, 0x5B, 0x3B, 0x5B, 0x3B, 0x5B, 0x3B, 0x5B, 0x3B, 0x5B,
    0x3B, 0x5B, 0x3B, 0x5B, 0x3B, 0x5B, 0x3B, 0x5B, 0x3B, 0x5B, 0x3B, 0x5B, 0x3B, 0x5B, 0x3B, 0x5B,
    0x3B, 0x5B, 0x3B, 0x5B, 0x3B, 0x5B, 0x5B, 0x5B, 0x5B, 0x5B, 0x5B, 0x5B, 0xFF, 0xFF, 0xFF, 0xFF,
    0xFF, 0xFF, 0xFF, 0xFF, 0xFF, 0xFF, 0xFF, 0xFF, 0xFF, 0xFF, 0xFF, 0xFF, 0xFF, 0xFF, 0xFF, 0xFF,
    0xFF, 0xFF, 0xFF, 0xFF, 0xFF, 0xFF, 0xFF, 0xFF, 0xFF, 0xFF, 0xFF, 0xFF, 0xFF, 0xFF, 0xFF, 0xFF,
    0xFF, 0xFF, 0xFF, 0xFF, 0xFF, 0xFF, 0xFF, 0xFF, 0xFF, 0xFF, 0xFF, 0xFF, 0xFF, 0xFF, 0xFF, 0xFF,
    0xFF, 0xFF, 0xFF, 0xFF, 0xFF, 0xFF, 0xFF, 0xFF, 0xFF, 0xFF, 0xFF, 0xFF, 0xFF, 0xFF, 0xFF, 0xFF,
    0xFF, 0xFF, 0xFF, 0xFF, 0xFF, 0xFF, 0xFF, 0xFF, 0xFF, 0xFF, 0xFF, 0xFF, 0xFF, 0xFF, 0xFF, 0xFF,
    0xFF, 0xFF, 0xFF, 0xFF, 0xFF, 0xFF, 0xFF, 0xFF, 0xFF, 0xFF, 0xFF, 0xFF, 0xFF, 0xFF, 0xFF, 0xFF,
    0xFF, 0xFF, 0xFF, 0xFF, 0xFF, 0xFF, 0xFF, 0xFF, 0xFF, 0xFF, 0xFF, 0xFF, 0xFF, 0xFF, 0xFF, 0xFF,
    0xFF, 0xFF, 0xFF, 0xFF, 0xFF, 0xFF, 0xFF, 0xFF, 0xFF, 0xFF, 0xFF, 0xFF, 0xFF, 0xFF, 0xFF, 0xFF,
    0xFF, 0xFF, 0xFF, 0xFF, 0xFF, 0xFF, 0xFF, 0xFF, 0xFF, 0xFF, 0xFF, 0xFF, 0xFF, 0xFF, 0xFF, 0xFF,
    0xFF, 0xFF, 0xFF, 0xFF, 0xFF, 0xFF, 0xFF, 0xFF, 0xFF, 0xFF, 0xFF, 0xFF, 0xFF, 0xFF, 0xFF, 0xFF,
    0xFF, 0xFF, 0xFF, 0xFF, 0xFF, 0xFF, 0xFF, 0xFF, 0xFF, 0xFF, 0xFF, 0xFF, 0xFF, 0xFF, 0xFF, 0xFF,
    0xFF, 0xFF, 0xFF, 0xFF, 0xFF, 0xFF, 0xFF, 0xFF, 0xFF, 0xFF, 0xFF, 0xFF, 0xFF, 0xFF, 0xFF, 0xFF,
    0xFF, 0xFF, 0xFF, 0xFF, 0xFF, 0xFF, 0xFF, 0xFF, 0xFF, 0xFF, 0xFF, 0xFF, 0xFF, 0xFF, 0xFF, 0xFF,
    0xFF, 0xFF, 0xFF, 0xFF, 0xFF, 0xFF, 0xFF, 0xFF, 0xFF, 0xFF, 0xFF, 0xFF, 0xFF, 0xFF, 0xFF, 0xFF,
    0xFF, 0xFF, 0xFF, 0xFF, 0xFF, 0xFF, 0xFF, 0xFF, 0xFF, 0xFF, 0xFF, 0xFF, 0xFF, 0xFF, 0xFF, 0xFF,
    0xFF, 0xFF, 0xFF, 0xFF, 0xFF, 0xFF, 0xFF, 0xFF, 0xFF, 0xFF, 0xFF, 0xFF, 0xFF, 0xFF, 0xFF, 0xFF,
    0xFF, 0xFF, 0xFF, 0xFF, 0xFF, 0xFF, 0xFF, 0xFF, 0xFF, 0xFF, 0xFF, 0xFF, 0xFF, 0xFF, 0xFF, 0xFF,
    0xFF, 0xFF, 0xFF, 0xFF, 0xFF, 0xFF, 0xFF, 0xFF, 0xFF, 0xFF, 0xFF, 0xFF, 0xFF, 0xFF, 0xFF, 0xFF,
    0xFF, 0xFF, 0xFF, 0xFF, 0xFF, 0xFF, 0xFF, 0xFF, 0xFF, 0xFF, 0xFF, 0xFF, 0xFF, 0xFF, 0xFF, 0xFF,
    0xFF, 0xFF, 0xFF, 0xFF, 0xFF, 0xFF, 0xFF, 0xFF, 0xFF, 0xFF, 0xFF, 0xFF, 0xFF, 0xFF, 0xFF, 0xFF,
    0xFF, 0xFF, 0xFF, 0xFF, 0xFF, 0xFF, 0xFF, 0xFF, 0xFF, 0xFF, 0xFF, 0xFF, 0xFF, 0xFF, 0xFF, 0xFF,
    0xFF, 0xFF, 0xFF, 0xFF, 0xFF, 0xFF, 0xFF, 0xFF, 0xFF, 0xFF, 0xFF, 0xFF, 0xFF, 0xFF, 0xFF, 0xFF,
    0xFF, 0xFF, 0xFF, 0xFF, 0xFF, 0xFF, 0xFF, 0xFF, 0xFF, 0xFF, 0xFF, 0xFF, 0xFF, 0xFF, 0xFF, 0xFF,
    0xFF, 0xFF, 0xFF, 0xFF, 0xFF, 0xFF, 0xFF, 0xFF, 0xFF, 0xFF, 0xFF, 0xFF, 0xFF, 0xFF, 0xFF, 0xFF,
    0xFF, 0xFF, 0xFF, 0xFF, 0xFF, 0xFF, 0xFF, 0xFF, 0xFF, 0xFF, 0xFF, 0xFF, 0xFF, 0xFF, 0xFF, 0xFF,
    0xFF, 0xFF, 0xFF, 0xFF, 0xFF, 0xFF, 0xBE, 0xFF, 0xC9, 0x31, 0xFF, 0xFF, 0xFF, 0xFF, 0xFF, 0xFF,
    0xFF, 0xFF, 0x3B, 0xEF, 0xF9, 0xEE, 0xF9, 0xE6, 0xF9, 0xE6, 0xF9, 0xEE, 0xD9, 0xE6, 0xF9, 0xE6,
    0xD9, 0xE6, 0x97, 0xE6, 0x97, 0xE6, 0x97, 0xE6, 0x97, 0xE6, 0x97, 0xE6, 0x97, 0xE6, 0x97, 0xE6,
    0x97, 0xE6, 0x97, 0xE6, 0x97, 0xE6, 0x97, 0xE6, 0x97, 0xE6, 0x97, 0xE6, 0x97, 0xE6, 0x97, 0xE6,
    0x97, 0xE6, 0x97, 0xE6, 0x97, 0xE6, 0x97, 0xE6, 0x97, 0xE6, 0x97, 0xE6, 0x97, 0xE6, 0x70, 0x9C,
    0x2B, 0x6B, 0xC6, 0x41, 0x70, 0x94, 0x6C, 0x73, 0xAD, 0x7B, 0xEA, 0x62, 0x4C, 0x73, 0xAD, 0x7B,
    0x4B, 0x73, 0x94, 0xBD, 0x97, 0xE6, 0x97, 0xE6, 0x0E, 0x8C, 0xCE, 0x83, 0xAD, 0x7B, 0x90, 0x9C,
    0x68, 0x5A, 0x37, 0xD6, 0x12, 0xAD, 0xB5, 0xC5, 0x70, 0x9C, 0x0E, 0x8C, 0xD1, 0xA4, 0x6C, 0x73,
    0x74, 0xBD, 0x98, 0xE6, 0x97, 0xE6, 0x97, 0xE6, 0x97, 0xE6, 0x97, 0xE6, 0x97, 0xE6, 0x97, 0xE6,
    0x97, 0xE6, 0x97, 0xE6, 0x97, 0xE6, 0x97, 0xE6, 0x97, 0xE6, 0x97, 0xE6, 0x97, 0xE6, 0x98, 0xE6,
    0x97, 0xE6, 0xB8, 0xE6, 0xF9, 0xEE, 0xD9, 0xE6, 0xF9, 0xE6, 0xF9, 0xE6, 0xF9, 0xE6, 0xF9, 0xE6,
    0xB9, 0xE6, 0xFF, 0xFF, 0xFF, 0xFF, 0xFF, 0xFF, 0xFF, 0xFF, 0x6E, 0x63, 0x74, 0x4A, 0x3B, 0x5B,
    0x1B, 0x5B, 0x1B, 0x5B, 0x1B, 0x5B, 0x3B, 0x5B, 0x3B, 0x5B, 0x3B, 0x5B, 0x3B, 0x5B, 0x3B, 0x5B,
    0x3B, 0x5B, 0x3B, 0x5B, 0x3B, 0x5B, 0x3B, 0x5B, 0x3B, 0x5B, 0x3B, 0x5B, 0x3B, 0x5B, 0x3B, 0x5B,
    0x3B, 0x5B, 0x3B, 0x5B, 0x5B, 0x5B, 0x5B, 0x5B, 0x5B, 0x5B, 0x5B, 0x5B, 0x5B, 0x5B, 0xFF, 0xFF,
    0xFF, 0xFF, 0xFF, 0xFF, 0xFF, 0xFF, 0xFF, 0xFF, 0xFF, 0xFF, 0xFF, 0xFF, 0xFF, 0xFF, 0xFF, 0xFF,
    0xFF, 0xFF, 0xFF, 0xFF, 0xFF, 0xFF, 0xFF, 0xFF, 0xFF, 0xFF, 0xFF, 0xFF, 0xFF, 0xFF, 0xFF, 0xFF,
    0xFF, 0xFF, 0xFF, 0xFF, 0xFF, 0xFF, 0xFF, 0xFF, 0xFF, 0xFF, 0xFF, 0xFF, 0xFF, 0xFF, 0xFF, 0xFF,
    0xFF, 0xFF, 0xFF, 0xFF, 0xFF, 0xFF, 0xFF, 0xFF, 0xFF, 0xFF, 0xFF, 0xFF, 0xFF, 0xFF, 0xFF, 0xFF,
    0xFF, 0xFF, 0xFF, 0xFF, 0xFF, 0xFF, 0xFF, 0xFF, 0xFF, 0xFF, 0xFF, 0xFF, 0xFF, 0xFF, 0xFF, 0xFF,
    0xFF, 0xFF, 0xFF, 0xFF, 0xFF, 0xFF, 0xFF, 0xFF, 0xFF, 0xFF, 0xFF, 0xFF, 0xFF, 0xFF, 0xFF, 0xFF,
    0xFF, 0xFF, 0xFF, 0xFF, 0xFF, 0xFF, 0xFF, 0xFF, 0xFF, 0xFF, 0xFF, 0xFF, 0xFF, 0xFF, 0xFF, 0xFF,
    0xFF, 0xFF, 0xFF, 0xFF, 0xFF, 0xFF, 0xFF, 0xFF, 0xFF, 0xFF, 0xFF, 0xFF, 0xFF, 0xFF, 0xFF, 0xFF,
    0xFF, 0xFF, 0xFF, 0xFF, 0xFF, 0xFF, 0xFF, 0xFF, 0xFF, 0xFF, 0xFF, 0xFF, 0xFF, 0xFF, 0xFF, 0xFF,
    0xFF, 0xFF, 0xFF, 0xFF, 0xFF, 0xFF, 0xFF, 0xFF, 0xFF, 0xFF, 0xFF, 0xFF, 0xFF, 0xFF, 0xFF, 0xFF,
    0xFF, 0xFF, 0xFF, 0xFF, 0xFF, 0xFF, 0xFF, 0xFF, 0xFF, 0xFF, 0xFF, 0xFF, 0xFF, 0xFF, 0xFF, 0xFF,
    0xFF, 0xFF, 0xFF, 0xFF, 0xFF, 0xFF, 0xFF, 0xFF, 0xFF, 0xFF, 0xFF, 0xFF, 0xFF, 0xFF, 0xFF, 0xFF,
    0xFF, 0xFF, 0xFF, 0xFF, 0xFF, 0xFF, 0xFF, 0xFF, 0xFF, 0xFF, 0xFF, 0xFF, 0xFF, 0xFF, 0xFF, 0xFF,
    0xFF, 0xFF, 0xFF, 0xFF, 0xFF, 0xFF, 0xFF, 0xFF, 0xFF, 0xFF, 0xFF, 0xFF, 0xFF, 0xFF, 0xFF, 0xFF,
    0xFF, 0xFF, 0xFF, 0xFF, 0xFF, 0xFF, 0xFF, 0xFF, 0xFF, 0xFF, 0xFF, 0xFF, 0xFF, 0xFF, 0xFF, 0xFF,
    0xFF, 0xFF, 0xFF, 0xFF, 0xFF, 0xFF, 0xFF, 0xFF, 0xFF, 0xFF, 0xFF, 0xFF, 0xFF, 0xFF, 0xFF, 0xFF,
    0xFF, 0xFF, 0xFF, 0xFF, 0xFF, 0xFF, 0xFF, 0xFF, 0xFF, 0xFF, 0xFF, 0xFF, 0xFF, 0xFF, 0xFF, 0xFF,
    0xFF, 0xFF, 0xFF, 0xFF, 0xFF, 0xFF, 0xFF, 0xFF, 0xFF, 0xFF, 0xFF, 0xFF, 0xFF, 0xFF, 0xFF, 0xFF,
    0xFF, 0xFF, 0xFF, 0xFF, 0xFF, 0xFF, 0xFF, 0xFF, 0xFF, 0xFF, 0xFF, 0xFF, 0xFF, 0xFF, 0xFF, 0xFF,
    0xFF, 0xFF, 0xFF, 0xFF, 0xFF, 0xFF, 0xFF, 0xFF, 0xFF, 0xFF, 0xFF, 0xFF, 0xFF, 0xFF, 0xFF, 0xFF,
    0xFF, 0xFF, 0xFF, 0xFF, 0xFF, 0xFF, 0xFF, 0xFF, 0xFF, 0xFF, 0xFF, 0xFF, 0xFF, 0xFF, 0xFF, 0xFF,
    0xFF, 0xFF, 0xFF, 0xFF, 0xFF, 0xFF, 0xFF, 0xFF, 0xFF, 0xFF, 0xFF, 0xFF, 0xFF, 0xFF, 0xFF, 0xFF,
    0xFF, 0xFF, 0xFF, 0xFF, 0xFF, 0xFF, 0xFF, 0xFF, 0xFF, 0xFF, 0xFF, 0xFF, 0xFF, 0xFF, 0xFF, 0xFF,
    0xFF, 0xFF, 0xFF, 0xFF, 0xFF, 0xFF, 0xFF, 0xFF, 0xFF, 0xFF, 0xFF, 0xFF, 0xFF, 0xFF, 0xFF, 0xFF,
    0xFF, 0xFF, 0xFF, 0xFF, 0xFF, 0xFF, 0xFF, 0xFF, 0xFF, 0xFF, 0xFF, 0xFF, 0xFF, 0xFF, 0xFF, 0xFF,
    0xFF, 0xFF, 0xFF, 0xFF, 0xFF, 0xFF, 0xFF, 0xFF, 0xBE, 0xFF, 0xC9, 0x31, 0xFF, 0xFF, 0xFF, 0xFF,
    0xFF, 0xFF, 0xFF, 0xFF, 0x3B, 0xEF, 0xF9, 0xEE, 0xF9, 0xE6, 0xF9, 0xE6, 0xF9, 0xEE, 0xD9, 0xE6,
    0xF9, 0xE6, 0xD9, 0xE6, 0x97, 0xE6, 0x97, 0xE6, 0x97, 0xE6, 0x97, 0xE6, 0x97, 0xE6, 0x97, 0xE6,
    0x97, 0xE6, 0x97, 0xE6, 0x97, 0xE6, 0x97, 0xE6, 0x97, 0xE6, 0x97, 0xE6, 0x97, 0xE6, 0x97, 0xE6,
    0x97, 0xE6, 0x97, 0xE6, 0x97, 0xE6, 0x97, 0xE6, 0x97, 0xE6, 0x97, 0xE6, 0x97, 0xE6, 0x97, 0xE6,
    0x90, 0x9C, 0x4B, 0x6B, 0x8C, 0x73, 0x4F, 0x94, 0x6C, 0x7B, 0x4C, 0x73, 0x4C, 0x73, 0x0B, 0x6B,
    0xEE, 0x83, 0x8C, 0x7B, 0x94, 0xBD, 0x97, 0xE6, 0x97, 0xE6, 0x4F, 0x94, 0x0E, 0x8C, 0xCD, 0x83,
    0x70, 0x94, 0x0E, 0x8C, 0x98, 0xDE, 0x12, 0xAD, 0xF2, 0xAC, 0xB1, 0xA4, 0x91, 0x9C, 0x90, 0x9C,
    0x0E, 0x8C, 0x12, 0xAD, 0x98, 0xDE, 0x97, 0xE6, 0x97, 0xE6, 0x97, 0xE6, 0x97, 0xE6, 0x97, 0xE6,
    0x97, 0xE6, 0x97, 0xE6, 0x97, 0xE6, 0x97, 0xE6, 0x97, 0xE6, 0x97, 0xE6, 0x97, 0xE6, 0x97, 0xE6,
    0x98, 0xE6, 0x97, 0xE6, 0xB8, 0xE6, 0xF9, 0xEE, 0xD9, 0xE6, 0xF9, 0xE6, 0xF9, 0xE6, 0xF9, 0xE6,
    0xF9, 0xE6, 0xB9, 0xE6, 0xFF, 0xFF, 0xFF, 0xFF, 0xFF, 0xFF, 0xFF, 0xFF, 0x6E, 0x63, 0x74, 0x4A,
    0x1B, 0x5B, 0x3B, 0x5B, 0x3B, 0x5B, 0x3B, 0x5B, 0x3B, 0x5B, 0x3B, 0x5B, 0x3B, 0x5B, 0x3B, 0x5B,
    0x3B, 0x5B, 0x3B, 0x5B, 0x3B, 0x5B, 0x3B, 0x5B, 0x3B, 0x5B, 0x3B, 0x5B, 0x3B, 0x5B, 0x3B, 0x5B,
    0x5B, 0x5B, 0x5B, 0x5B, 0x5B, 0x5B, 0x5B, 0x5B, 0x5B, 0x5B, 0x5B, 0x5B, 0x5B, 0x5B, 0x5B, 0x5B,
    0xFF, 0xFF, 0xFF, 0xFF, 0xFF, 0xFF, 0xFF, 0xFF, 0xFF, 0xFF, 0xFF, 0xFF, 0xFF, 0xFF, 0xFF, 0xFF,
    0xFF, 0xFF, 0xFF, 0xFF, 0xFF, 0xFF, 0xFF, 0xFF, 0xFF, 0xFF, 0xFF, 0xFF, 0xFF, 0xFF, 0xFF, 0xFF,
    0xFF, 0xFF, 0xFF, 0xFF, 0xFF, 0xFF, 0xFF, 0xFF, 0xFF, 0xFF, 0xFF, 0xFF, 0xFF, 0xFF, 0xFF, 0xFF,
    0xFF, 0xFF, 0xFF, 0xFF, 0xFF, 0xFF, 0xFF, 0xFF, 0xFF, 0xFF, 0xFF, 0xFF, 0xFF, 0xFF, 0xFF, 0xFF,
    0xFF, 0xFF, 0xFF, 0xFF, 0xFF, 0xFF, 0xFF, 0xFF, 0xFF, 0xFF, 0xFF, 0xFF, 0xFF, 0xFF, 0xFF, 0xFF,
    0xFF, 0xFF, 0xFF, 0xFF, 0xFF, 0xFF, 0xFF, 0xFF, 0xFF, 0xFF, 0xFF, 0xFF, 0xFF, 0xFF, 0xFF, 0xFF,
    0xFF, 0xFF, 0xFF, 0xFF, 0xFF, 0xFF, 0xFF, 0xFF, 0xFF, 0xFF, 0xFF, 0xFF, 0xFF, 0xFF, 0xFF, 0xFF,
    0xFF, 0xFF, 0xFF, 0xFF, 0xFF, 0xFF, 0xFF, 0xFF, 0xFF, 0xFF, 0xFF, 0xFF, 0xFF, 0xFF, 0xFF, 0xFF,
    0xFF, 0xFF, 0xFF, 0xFF, 0xFF, 0xFF, 0xFF, 0xFF, 0xFF, 0xFF, 0xFF, 0xFF, 0xFF, 0xFF, 0xFF, 0xFF,
    0xFF, 0xFF, 0xFF, 0xFF, 0xFF, 0xFF, 0xFF, 0xFF, 0xFF, 0xFF, 0xFF, 0xFF, 0xFF, 0xFF, 0xFF, 0xFF,
    0xFF, 0xFF, 0xFF, 0xFF, 0xFF, 0xFF, 0xFF, 0xFF, 0xFF, 0xFF, 0xFF, 0xFF, 0xFF, 0xFF, 0xFF, 0xFF,
    0xFF, 0xFF, 0xFF, 0xFF, 0xFF, 0xFF, 0xFF, 0xFF, 0xFF, 0xFF, 0xFF, 0xFF, 0xFF, 0xFF, 0xFF, 0xFF,
    0xFF, 0xFF, 0xFF, 0xFF, 0xFF, 0xFF, 0xFF, 0xFF, 0xFF, 0xFF, 0xFF, 0xFF, 0xFF, 0xFF, 0xFF, 0xFF,
    0xFF, 0xFF, 0xFF, 0xFF, 0xFF, 0xFF, 0xFF, 0xFF, 0xFF, 0xFF, 0xFF, 0xFF, 0xFF, 0xFF, 0xFF, 0xFF,
    0xFF, 0xFF, 0xFF, 0xFF, 0xFF, 0xFF, 0xFF, 0xFF, 0xFF, 0xFF, 0xFF, 0xFF, 0xFF, 0xFF, 0xFF, 0xFF,
    0xFF, 0xFF, 0xFF, 0xFF, 0xFF, 0xFF, 0xFF, 0xFF, 0xFF, 0xFF, 0xFF, 0xFF, 0xFF, 0xFF, 0xFF, 0xFF,
    0xFF, 0xFF, 0xFF, 0xFF, 0xFF, 0xFF, 0xFF, 0xFF, 0xFF, 0xFF, 0xFF, 0xFF, 0xFF, 0xFF, 0xFF, 0xFF,
    0xFF, 0xFF, 0xFF, 0xFF, 0xFF, 0xFF, 0xFF, 0xFF, 0xFF, 0xFF, 0xFF, 0xFF, 0xFF, 0xFF, 0xFF, 0xFF,
    0xFF, 0xFF, 0xFF, 0xFF, 0xFF, 0xFF, 0xFF, 0xFF, 0xFF, 0xFF, 0xFF, 0xFF, 0xFF, 0xFF, 0xFF, 0xFF,
    0xFF, 0xFF, 0xFF, 0xFF, 0xFF, 0xFF, 0xFF, 0xFF, 0xFF, 0xFF, 0xFF, 0xFF, 0xFF, 0xFF, 0xFF, 0xFF,
    0xFF, 0xFF, 0xFF, 0xFF, 0xFF, 0xFF, 0xFF, 0xFF, 0xFF, 0xFF, 0xFF, 0xFF, 0xFF, 0xFF, 0xFF, 0xFF,
    0xFF, 0xFF, 0xFF, 0xFF, 0xFF, 0xFF, 0xFF, 0xFF, 0xFF, 0xFF, 0xFF, 0xFF, 0xFF, 0xFF, 0xFF, 0xFF,
    0xFF, 0xFF, 0xFF, 0xFF, 0xFF, 0xFF, 0xFF, 0xFF, 0xFF, 0xFF, 0xFF, 0xFF, 0xFF, 0xFF, 0xFF, 0xFF,
    0xFF, 0xFF, 0xFF, 0xFF, 0xFF, 0xFF, 0xFF, 0xFF, 0xFF, 0xFF, 0xFF, 0xFF, 0xFF, 0xFF, 0xFF, 0xFF,
    0xFF, 0xFF, 0xFF, 0xFF, 0xFF, 0xFF, 0xFF, 0xFF, 0xFF, 0xFF, 0xFF, 0xFF, 0xFF, 0xFF, 0xFF, 0xFF,
    0xFF, 0xFF, 0xFF, 0xFF, 0xFF, 0xFF, 0xFF, 0xFF, 0xFF, 0xFF, 0xBE, 0xFF, 0xC9, 0x31, 0xFF, 0xFF,
    0xFF, 0xFF, 0xFF, 0xFF, 0xFF, 0xFF, 0x3B, 0xEF, 0xF9, 0xEE, 0xF9, 0xE6, 0xF9, 0xE6, 0xF9, 0xEE,
    0xD9, 0xE6, 0xF9, 0xE6, 0xD9, 0xE6, 0x97, 0xE6, 0x97, 0xE6, 0x97, 0xE6, 0x97, 0xE6, 0x97, 0xE6,
    0x97, 0xE6, 0x97, 0xE6, 0x97, 0xE6, 0x97, 0xE6, 0x97, 0xE6, 0x97, 0xE6, 0x97, 0xE6, 0x97, 0xE6,
    0x97, 0xE6, 0x97, 0xE6, 0x97, 0xE6, 0x97, 0xE6, 0x97, 0xE6, 0x97, 0xE6, 0x97, 0xE6, 0x97, 0xE6,
    0x97, 0xE6, 0x97, 0xE6, 0x98, 0xDE, 0x98, 0xDE, 0x98, 0xDE, 0x98, 0xE6, 0xB8, 0xE6, 0x98, 0xE6,
    0x98, 0xE6, 0xB8, 0xE6, 0xB8, 0xE6, 0x98, 0xE6, 0x97, 0xE6, 0x97, 0xE6, 0x98, 0xE6, 0x98, 0xE6,
    0x98, 0xDE, 0xB8, 0xE6, 0x97, 0xE6, 0x98, 0xE6, 0x98, 0xDE, 0x98, 0xE6, 0x98, 0xE6, 0x98, 0xE6,
    0x98, 0xE6, 0x98, 0xE6, 0x97, 0xDE, 0x98, 0xE6, 0x97, 0xE6, 0x97, 0xE6, 0x97, 0xE6, 0x97, 0xE6,
    0x97, 0xE6, 0x97, 0xE6, 0x97, 0xE6, 0x97, 0xE6, 0x97, 0xE6, 0x97, 0xE6, 0x97, 0xE6, 0x97, 0xE6,
    0x97, 0xE6, 0x98, 0xE6, 0x97, 0xE6, 0xB8, 0xE6, 0xF9, 0xEE, 0xD9, 0xE6, 0xF9, 0xE6, 0xF9, 0xE6,
    0xF9, 0xE6, 0xF9, 0xE6, 0xB9, 0xE6, 0xFF, 0xFF, 0xFF, 0xFF, 0xFF, 0xFF, 0xFF, 0xFF, 0x6E, 0x63,
    0x74, 0x4A, 0x1B, 0x5B, 0x3B, 0x5B, 0x3B, 0x5B, 0x3B, 0x5B, 0x3B, 0x5B, 0x3B, 0x5B, 0x3B, 0x5B,
    0x3B, 0x5B, 0x3B, 0x5B, 0x3B, 0x5B, 0x3B, 0x5B, 0x3B, 0x5B, 0x3B, 0x5B, 0x5B, 0x5B, 0x3B, 0x5B,
    0x5B, 0x5B, 0x5B, 0x5B, 0x5B, 0x5B, 0x5B, 0x5B, 0x5B, 0x5B, 0x5B, 0x5B, 0x5B, 0x5B, 0x5B, 0x63,
    0x5B, 0x5B, 0xFF, 0xFF, 0xFF, 0xFF, 0xFF, 0xFF, 0xFF, 0xFF, 0xFF, 0xFF, 0xFF, 0xFF, 0xFF, 0xFF,
    0xFF, 0xFF, 0xFF, 0xFF, 0xFF, 0xFF, 0xFF, 0xFF, 0xFF, 0xFF, 0xFF, 0xFF, 0xFF, 0xFF, 0xFF, 0xFF,
    0xFF, 0xFF, 0xFF, 0xFF, 0xFF, 0xFF, 0xFF, 0xFF, 0xFF, 0xFF, 0xFF, 0xFF, 0xFF, 0xFF, 0xFF, 0xFF,
    0xFF, 0xFF, 0xFF, 0xFF, 0xFF, 0xFF, 0xFF, 0xFF, 0xFF, 0xFF, 0xFF, 0xFF, 0xFF, 0xFF, 0xFF, 0xFF,
    0xFF, 0xFF, 0xFF, 0xFF, 0xFF, 0xFF, 0xFF, 0xFF, 0xFF, 0xFF, 0xFF, 0xFF, 0xFF, 0xFF, 0xFF, 0xFF,
    0xFF, 0xFF, 0xFF, 0xFF, 0xFF, 0xFF, 0xFF, 0xFF, 0xFF, 0xFF, 0xFF, 0xFF, 0xFF, 0xFF, 0xFF, 0xFF,
    0xFF, 0xFF, 0xFF, 0xFF, 0xFF, 0xFF, 0xFF, 0xFF, 0xFF, 0xFF, 0xFF, 0xFF, 0xFF, 0xFF, 0xFF, 0xFF,
    0xFF, 0xFF, 0xFF, 0xFF, 0xFF, 0xFF, 0xFF, 0xFF, 0xFF, 0xFF, 0xFF, 0xFF, 0xFF, 0xFF, 0xFF, 0xFF,
    0xFF, 0xFF, 0xFF, 0xFF, 0xFF, 0xFF, 0xFF, 0xFF, 0xFF, 0xFF, 0xFF, 0xFF, 0xFF, 0xFF, 0xFF, 0xFF,
    0xFF, 0xFF, 0xFF, 0xFF, 0xFF, 0xFF, 0xFF, 0xFF, 0xFF, 0xFF, 0xFF, 0xFF, 0xFF, 0xFF, 0xFF, 0xFF,
    0xFF, 0xFF, 0xFF, 0xFF, 0xFF, 0xFF, 0xFF, 0xFF, 0xFF, 0xFF, 0xFF, 0xFF, 0xFF, 0xFF, 0xFF, 0xFF,
    0xFF, 0xFF, 0xFF, 0xFF, 0xFF, 0xFF, 0xFF, 0xFF, 0xFF, 0xFF, 0xFF, 0xFF, 0xFF, 0xFF, 0xFF, 0xFF,
    0xFF, 0xFF, 0xFF, 0xFF, 0xFF, 0xFF, 0xFF, 0xFF, 0xFF, 0xFF, 0xFF, 0xFF, 0xFF, 0xFF, 0xFF, 0xFF,
    0xFF, 0xFF, 0xFF, 0xFF, 0xFF, 0xFF, 0xFF, 0xFF, 0xFF, 0xFF, 0xFF, 0xFF, 0xFF, 0xFF, 0xFF, 0xFF,
    0xFF, 0xFF, 0xFF, 0xFF, 0xFF, 0xFF, 0xFF, 0xFF, 0xFF, 0xFF, 0xFF, 0xFF, 0xFF, 0xFF, 0xFF, 0xFF,
    0xFF, 0xFF, 0xFF, 0xFF, 0xFF, 0xFF, 0xFF, 0xFF, 0xFF, 0xFF, 0xFF, 0xFF, 0xFF, 0xFF, 0xFF, 0xFF,
    0xFF, 0xFF, 0xFF, 0xFF, 0xFF, 0xFF, 0xFF, 0xFF, 0xFF, 0xFF, 0xFF, 0xFF, 0xFF, 0xFF, 0xFF, 0xFF,
    0xFF, 0xFF, 0xFF, 0xFF, 0xFF, 0xFF, 0xFF, 0xFF, 0xFF, 0xFF, 0xFF, 0xFF, 0xFF, 0xFF, 0xFF, 0xFF,
    0xFF, 0xFF, 0xFF, 0xFF, 0xFF, 0xFF, 0xFF, 0xFF, 0xFF, 0xFF, 0xFF, 0xFF, 0xFF, 0xFF, 0xFF, 0xFF,
    0xFF, 0xFF, 0xFF, 0xFF, 0xFF, 0xFF, 0xFF, 0xFF, 0xFF, 0xFF, 0xFF, 0xFF, 0xFF, 0xFF, 0xFF, 0xFF,
    0xFF, 0xFF, 0xFF, 0xFF, 0xFF, 0xFF, 0xFF, 0xFF, 0xFF, 0xFF, 0xFF, 0xFF, 0xFF, 0xFF, 0xFF, 0xFF,
    0xFF, 0xFF, 0xFF, 0xFF, 0xFF, 0xFF, 0xFF, 0xFF, 0xFF, 0xFF, 0xFF, 0xFF, 0xFF, 0xFF, 0xFF, 0xFF,
    0xFF, 0xFF, 0xFF, 0xFF, 0xFF, 0xFF, 0xFF, 0xFF, 0xFF, 0xFF, 0xFF, 0xFF, 0xFF, 0xFF, 0xFF, 0xFF,
    0xFF, 0xFF, 0xFF, 0xFF, 0xFF, 0xFF, 0xFF, 0xFF, 0xFF, 0xFF, 0xFF, 0xFF, 0xFF, 0xFF, 0xFF, 0xFF,
    0xFF, 0xFF, 0xFF, 0xFF, 0xFF, 0xFF, 0xFF, 0xFF, 0xFF, 0xFF, 0xFF, 0xFF, 0xFF, 0xFF, 0xFF, 0xFF,
    0xFF, 0xFF, 0xFF, 0xFF, 0xFF, 0xFF, 0xFF, 0xFF, 0xFF, 0xFF, 0xFF, 0xFF, 0xBE, 0xFF, 0xC9, 0x31,
    0xFF, 0xFF, 0xFF, 0xFF, 0xFF, 0xFF, 0xFF, 0xFF, 0x3B, 0xEF, 0xF9, 0xEE, 0xF9, 0xE6, 0xF9, 0xE6,
    0xF9, 0xEE, 0xD9, 0xE6, 0xF9, 0xE6, 0xD9, 0xE6, 0x97, 0xE6, 0x97, 0xE6, 0x97, 0xE6, 0x97, 0xE6,
    0x97, 0xE6, 0x97, 0xE6, 0x97, 0xE6, 0x97, 0xE6, 0x97, 0xE6, 0x97, 0xE6, 0x97, 0xE6, 0x97, 0xE6,
    0x97, 0xE6, 0x97, 0xE6, 0x97, 0xE6, 0x97, 0xE6, 0x97, 0xE6, 0x98, 0xE6, 0x97, 0xE6, 0x97, 0xE6,
    0x98, 0xE6, 0x98, 0xE6, 0x97, 0xE6, 0x98, 0xE6, 0x98, 0xDE, 0x97, 0xE6, 0x97, 0xE6, 0x97, 0xE6,
    0x97, 0xE6, 0x97, 0xE6, 0x97, 0xE6, 0x98, 0xE6, 0x97, 0xE6, 0x97, 0xE6, 0x98, 0xE6, 0x97, 0xE6,
    0x98, 0xE6, 0x97, 0xE6, 0x97, 0xE6, 0x97, 0xE6, 0x97, 0xE6, 0x97, 0xE6, 0x97, 0xE6, 0x97, 0xE6,
    0x97, 0xE6, 0x97, 0xE6, 0x98, 0xE6, 0x97, 0xE6, 0x97, 0xE6, 0x97, 0xE6, 0x97, 0xE6, 0x97, 0xE6,
    0x97, 0xE6, 0x97, 0xE6, 0x97, 0xE6, 0x97, 0xE6, 0x97, 0xE6, 0x97, 0xE6, 0x97, 0xE6, 0x97, 0xE6,
    0x97, 0xE6, 0x97, 0xE6, 0x98, 0xE6, 0x97, 0xE6, 0xB8, 0xE6, 0xF9, 0xEE, 0xD9, 0xE6, 0xF9, 0xE6,
    0xF9, 0xE6, 0xF9, 0xE6, 0xF9, 0xE6, 0xB9, 0xE6, 0xFF, 0xFF, 0xFF, 0xFF, 0xFF, 0xFF, 0xFF, 0xFF,
    0x6E, 0x63, 0x94, 0x4A, 0x3B, 0x5B, 0x3B, 0x5B, 0x3B, 0x5B, 0x3B, 0x5B, 0x3B, 0x5B, 0x3B, 0x5B,
    0x3B, 0x5B, 0x3B, 0x5B, 0x3B, 0x5B, 0x3B, 0x5B, 0x3B, 0x5B, 0x3B, 0x5B, 0x3B, 0x5B, 0x3B, 0x5B,
    0x5B, 0x5B, 0x5B, 0x5B, 0x5B, 0x5B, 0x5B, 0x5B, 0x5B, 0x5B, 0x5B, 0x5B, 0x5B, 0x63, 0x5B, 0x63,
    0x5B, 0x63, 0x5B, 0x63, 0xFF, 0xFF, 0xFF, 0xFF, 0xFF, 0xFF, 0xFF, 0xFF, 0xFF, 0xFF, 0xFF, 0xFF,
    0xFF, 0xFF, 0xFF, 0xFF, 0xFF, 0xFF, 0xFF, 0xFF, 0xFF, 0xFF, 0xFF, 0xFF, 0xFF, 0xFF, 0xFF, 0xFF,
    0xFF, 0xFF, 0xFF, 0xFF, 0xFF, 0xFF, 0xFF, 0xFF, 0xFF, 0xFF, 0xFF, 0xFF, 0xFF, 0xFF, 0xFF, 0xFF,
    0xFF, 0xFF, 0xFF, 0xFF, 0xFF, 0xFF, 0xFF, 0xFF, 0xFF, 0xFF, 0xFF, 0xFF, 0xFF, 0xFF, 0xFF, 0xFF,
    0xFF, 0xFF, 0xFF, 0xFF, 0xFF, 0xFF, 0xFF, 0xFF, 0xFF, 0xFF, 0xFF, 0xFF, 0xFF, 0xFF, 0xFF, 0xFF,
    0xFF, 0xFF, 0xFF, 0xFF, 0xFF, 0xFF, 0xFF, 0xFF, 0xFF, 0xFF, 0xFF, 0xFF, 0xFF, 0xFF, 0xFF, 0xFF,
    0xFF, 0xFF, 0xFF, 0xFF, 0xFF, 0xFF, 0xFF, 0xFF, 0xFF, 0xFF, 0xFF, 0xFF, 0xFF, 0xFF, 0xFF, 0xFF,
    0xFF, 0xFF, 0xFF, 0xFF, 0xFF, 0xFF, 0xFF, 0xFF, 0xFF, 0xFF, 0xFF, 0xFF, 0xFF, 0xFF, 0xFF, 0xFF,
    0xFF, 0xFF, 0xFF, 0xFF, 0xFF, 0xFF, 0xFF, 0xFF, 0xFF, 0xFF, 0xFF, 0xFF, 0xFF, 0xFF, 0xFF, 0xFF,
    0xFF, 0xFF, 0xFF, 0xFF, 0xFF, 0xFF, 0xFF, 0xFF, 0xFF, 0xFF, 0xFF, 0xFF, 0xFF, 0xFF, 0xFF, 0xFF,
    0xFF, 0xFF, 0xFF, 0xFF, 0xFF, 0xFF, 0xFF, 0xFF, 0xFF, 0xFF, 0xFF, 0xFF, 0xFF, 0xFF, 0xFF, 0xFF,
    0xFF, 0xFF, 0xFF, 0xFF, 0xFF, 0xFF, 0xFF, 0xFF, 0xFF, 0xFF, 0xFF, 0xFF, 0xFF, 0xFF, 0xFF, 0xFF,
    0xFF, 0xFF, 0xFF, 0xFF, 0xFF, 0xFF, 0xFF, 0xFF, 0xFF, 0xFF, 0xFF, 0xFF, 0xFF, 0xFF, 0xFF, 0xFF,
    0xFF, 0xFF, 0xFF, 0xFF, 0xFF, 0xFF, 0xFF, 0xFF, 0xFF, 0xFF, 0xFF, 0xFF, 0xFF, 0xFF, 0xFF, 0xFF,
    0xFF, 0xFF, 0xFF, 0xFF, 0xFF, 0xFF, 0xFF, 0xFF, 0xFF, 0xFF, 0xFF, 0xFF, 0xFF, 0xFF, 0xFF, 0xFF,
    0xFF, 0xFF, 0xFF, 0xFF, 0xFF, 0xFF, 0xFF, 0xFF, 0xFF, 0xFF, 0xFF, 0xFF, 0xFF, 0xFF, 0xFF, 0xFF,
    0xFF, 0xFF, 0xFF, 0xFF, 0xFF, 0xFF, 0xFF, 0xFF, 0xFF, 0xFF, 0xFF, 0xFF, 0xFF, 0xFF, 0xFF, 0xFF,
    0xFF, 0xFF, 0xFF, 0xFF, 0xFF, 0xFF, 0xFF, 0xFF, 0xFF, 0xFF, 0xFF, 0xFF, 0xFF, 0xFF, 0xFF, 0xFF,
    0xFF, 0xFF, 0xFF, 0xFF, 0xFF, 0xFF, 0xFF, 0xFF, 0xFF, 0xFF, 0xFF, 0xFF, 0xFF, 0xFF, 0xFF, 0xFF,
    0xFF, 0xFF, 0xFF, 0xFF, 0xFF, 0xFF, 0xFF, 0xFF, 0xFF, 0xFF, 0xFF, 0xFF, 0xFF, 0xFF, 0xFF, 0xFF,
    0xFF, 0xFF, 0xFF, 0xFF, 0xFF, 0xFF, 0xFF, 0xFF, 0xFF, 0xFF, 0xFF, 0xFF, 0xFF, 0xFF, 0xFF, 0xFF,
    0xFF, 0xFF, 0xFF, 0xFF, 0xFF, 0xFF, 0xFF, 0xFF, 0xFF, 0xFF, 0xFF, 0xFF, 0xFF, 0xFF, 0xFF, 0xFF,
    0xFF, 0xFF, 0xFF, 0xFF, 0xFF, 0xFF, 0xFF, 0xFF, 0xFF, 0xFF, 0xFF, 0xFF, 0xFF, 0xFF, 0xFF, 0xFF,
    0xFF, 0xFF, 0xFF, 0xFF, 0xFF, 0xFF, 0xFF, 0xFF, 0xFF, 0xFF, 0xFF, 0xFF, 0xFF, 0xFF, 0xFF, 0xFF,
    0xFF, 0xFF, 0xFF, 0xFF, 0xFF, 0xFF, 0xFF, 0xFF, 0xFF, 0xFF, 0xFF, 0xFF, 0xFF, 0xFF, 0xFF, 0xFF,
    0xFF, 0xFF, 0xFF, 0xFF, 0xFF, 0xFF, 0xFF, 0xFF, 0xFF, 0xFF, 0xFF, 0xFF, 0xFF, 0xFF, 0xBE, 0xFF,
    0xC9, 0x31, 0xFF, 0xFF, 0xFF, 0xFF, 0xFF, 0xFF, 0xFF, 0xFF, 0x3B, 0xEF, 0xF9, 0xEE, 0xF9, 0xE6,
    0xF9, 0xE6, 0xF9, 0xEE, 0xD9, 0xE6, 0xF9, 0xE6, 0xD9, 0xE6, 0x97, 0xE6, 0x97, 0xE6, 0x97, 0xE6,
    0x97, 0xE6, 0x97, 0xE6, 0x97, 0xE6, 0x97, 0xE6, 0x97, 0xE6, 0x97, 0xE6, 0x97, 0xE6, 0x97, 0xE6,
    0x97, 0xE6, 0x97, 0xE6, 0x97, 0xE6, 0x97, 0xE6, 0x97, 0xE6, 0x97, 0xE6, 0x98, 0xE6, 0x97, 0xE6,
    0x97, 0xE6, 0x98, 0xE6, 0x90, 0x9C, 0xF1, 0xAC, 0xB5, 0xC5, 0x16, 0xCE, 0x2E, 0x94, 0x90, 0xA4,
    0xF5, 0xCD, 0xF5, 0xCD, 0x36, 0xD6, 0xF6, 0xCD, 0x57, 0xD6, 0x56, 0xD6, 0x97, 0xE6, 0x97, 0xE6,
    0x94, 0xBD, 0xF1, 0xAC, 0x98, 0xDE, 0xF6, 0xCD, 0xF6, 0xCD, 0x57, 0xD6, 0xB4, 0xC5, 0xF5, 0xCD,
    0x36, 0xD6, 0x36, 0xD6, 0x53, 0xB5, 0x37, 0xD6, 0xF5, 0xCD, 0x97, 0xDE, 0x97, 0xE6, 0x97, 0xE6,
    0x97, 0xE6, 0x97, 0xE6, 0x97, 0xE6, 0x97, 0xE6, 0x97, 0xE6, 0x97, 0xE6, 0x97, 0xE6, 0x97, 0xE6,
    0x97, 0xE6, 0x97, 0xE6, 0x97, 0xE6, 0x98, 0xE6, 0x97, 0xE6, 0xB8, 0xE6, 0xF9, 0xEE, 0xD9, 0xE6,
    0xF9, 0xE6, 0xF9, 0xE6, 0xF9, 0xE6, 0xF9, 0xE6, 0xB9, 0xE6, 0xFF, 0xFF, 0xFF, 0xFF, 0xFF, 0xFF,
    0xFF, 0xFF, 0x6E, 0x63, 0x74, 0x4A, 0x3B, 0x5B, 0x3B, 0x5B, 0x3B, 0x5B, 0x3B, 0x5B, 0x3B, 0x5B,
    0x3B, 0x5B, 0x3B, 0x5B, 0x3B, 0x5B, 0x3B, 0x5B, 0x3B, 0x5B, 0x3B, 0x5B, 0x5B, 0x5B, 0x5B, 0x5B,
    0x5B, 0x5B, 0x5B, 0x5B, 0x5B, 0x5B, 0x5B, 0x5B, 0x5B, 0x5B, 0x5B, 0x5B, 0x5B, 0x5B, 0x5B, 0x63,
    0x5B, 0x63, 0x5B, 0x63, 0x5B, 0x63, 0xFF, 0xFF, 0xFF, 0xFF, 0xFF, 0xFF, 0xFF, 0xFF, 0xFF, 0xFF,
    0xFF, 0xFF, 0xFF, 0xFF, 0xFF, 0xFF, 0xFF, 0xFF, 0xFF, 0xFF, 0xFF, 0xFF, 0xFF, 0xFF, 0xFF, 0xFF,
    0xFF, 0xFF, 0xFF, 0xFF, 0xFF, 0xFF, 0xFF, 0xFF, 0xFF, 0xFF, 0xFF, 0xFF, 0xFF, 0xFF, 0xFF, 0xFF,
    0xFF, 0xFF, 0xFF, 0xFF, 0xFF, 0xFF, 0xFF, 0xFF, 0xFF, 0xFF, 0xFF, 0xFF, 0xFF, 0xFF, 0xFF, 0xFF,
    0xFF, 0xFF, 0xFF, 0xFF, 0xFF, 0xFF, 0xFF, 0xFF, 0xFF, 0xFF, 0xFF, 0xFF, 0xFF, 0xFF, 0xFF, 0xFF,
    0xFF, 0xFF, 0xFF, 0xFF, 0xFF, 0xFF, 0xFF, 0xFF, 0xFF, 0xFF, 0xFF, 0xFF, 0xFF, 0xFF, 0xFF, 0xFF,
    0xFF, 0xFF, 0xFF, 0xFF, 0xFF, 0xFF, 0xFF, 0xFF, 0xFF, 0xFF, 0xFF, 0xFF, 0xFF, 0xFF, 0xFF, 0xFF,
    0xFF, 0xFF, 0xFF, 0xFF, 0xFF, 0xFF, 0xFF, 0xFF, 0xFF, 0xFF, 0xFF, 0xFF, 0xFF, 0xFF, 0xFF, 0xFF,
    0xFF, 0xFF, 0xFF, 0xFF, 0xFF, 0xFF, 0xFF, 0xFF, 0xFF, 0xFF, 0xFF, 0xFF, 0xFF, 0xFF, 0xFF, 0xFF,
    0xFF, 0xFF, 0xFF, 0xFF, 0xFF, 0xFF, 0xFF, 0xFF, 0xFF, 0xFF, 0xFF, 0xFF, 0xFF, 0xFF, 0xFF, 0xFF,
    0xFF, 0xFF, 0xFF, 0xFF, 0xFF, 0xFF, 0xFF, 0xFF, 0xFF, 0xFF, 0xFF, 0xFF, 0xFF, 0xFF, 0xFF, 0xFF,
    0xFF, 0xFF, 0xFF, 0xFF, 0xFF, 0xFF, 0xFF, 0xFF, 0xFF, 0xFF, 0xFF, 0xFF, 0xFF, 0xFF, 0xFF, 0xFF,
    0xFF, 0xFF, 0xFF, 0xFF, 0xFF, 0xFF, 0xFF, 0xFF, 0xFF, 0xFF, 0xFF, 0xFF, 0xFF, 0xFF, 0xFF, 0xFF,
    0xFF, 0xFF, 0xFF, 0xFF, 0xFF, 0xFF, 0xFF, 0xFF, 0xFF, 0xFF, 0xFF, 0xFF, 0xFF, 0xFF, 0xFF, 0xFF,
    0xFF, 0xFF, 0xFF, 0xFF, 0xFF, 0xFF, 0xFF, 0xFF, 0xFF, 0xFF, 0xFF, 0xFF, 0xFF, 0xFF, 0xFF, 0xFF,
    0xFF, 0xFF, 0xFF, 0xFF, 0xFF, 0xFF, 0xFF, 0xFF, 0xFF, 0xFF, 0xFF, 0xFF, 0xFF, 0xFF, 0xFF, 0xFF,
    0xFF, 0xFF, 0xFF, 0xFF, 0xFF, 0xFF, 0xFF, 0xFF, 0xFF, 0xFF, 0xFF, 0xFF, 0xFF, 0xFF, 0xFF, 0xFF,
    0xFF, 0xFF, 0xFF, 0xFF, 0xFF, 0xFF, 0xFF, 0xFF, 0xFF, 0xFF, 0xFF, 0xFF, 0xFF, 0xFF, 0xFF, 0xFF,
    0xFF, 0xFF, 0xFF, 0xFF, 0xFF, 0xFF, 0xFF, 0xFF, 0xFF, 0xFF, 0xFF, 0xFF, 0xFF, 0xFF, 0xFF, 0xFF,
    0xFF, 0xFF, 0xFF, 0xFF, 0xFF, 0xFF, 0xFF, 0xFF, 0xFF, 0xFF, 0xFF, 0xFF, 0xFF, 0xFF, 0xFF, 0xFF,
    0xFF, 0xFF, 0xFF, 0xFF, 0xFF, 0xFF, 0xFF, 0xFF, 0xFF, 0xFF, 0xFF, 0xFF, 0xFF, 0xFF, 0xFF, 0xFF,
    0xFF, 0xFF, 0xFF, 0xFF, 0xFF, 0xFF, 0xFF, 0xFF, 0xFF, 0xFF, 0xFF, 0xFF, 0xFF, 0xFF, 0xFF, 0xFF,
    0xFF, 0xFF, 0xFF, 0xFF, 0xFF, 0xFF, 0xFF, 0xFF, 0xFF, 0xFF, 0xFF, 0xFF, 0xFF, 0xFF, 0xFF, 0xFF,
    0xFF, 0xFF, 0xFF, 0xFF, 0xFF, 0xFF, 0xFF, 0xFF, 0xFF, 0xFF, 0xFF, 0xFF, 0xFF, 0xFF, 0xFF, 0xFF,
    0xFF, 0xFF, 0xFF, 0xFF, 0xFF, 0xFF, 0xFF, 0xFF, 0xFF, 0xFF, 0xFF, 0xFF, 0xFF, 0xFF, 0xFF, 0xFF,
    0xFF, 0xFF, 0xFF, 0xFF, 0xFF, 0xFF, 0xFF, 0xFF, 0xFF, 0xFF, 0xFF, 0xFF, 0xFF, 0xFF, 0xFF, 0xFF,
    0xBE, 0xFF, 0xC9, 0x31, 0xFF, 0xFF, 0xFF, 0xFF, 0xFF, 0xFF, 0xFF, 0xFF, 0x3B, 0xEF, 0xF9, 0xEE,
    0xF9, 0xE6, 0xF9, 0xE6, 0xF9, 0xEE, 0xD9, 0xE6, 0xF9, 0xE6, 0xD9, 0xE6, 0x97, 0xE6, 0x97, 0xE6,
    0x97, 0xE6, 0x97, 0xE6, 0x97, 0xE6, 0x97, 0xE6, 0x97, 0xE6, 0x97, 0xE6, 0x97, 0xE6, 0x97, 0xE6,
    0x97, 0xE6, 0x97, 0xE6, 0x97, 0xE6, 0x97, 0xE6, 0x97, 0xE6, 0x97, 0xE6, 0x97, 0xE6, 0x98, 0xE6,
    0x97, 0xE6, 0x97, 0xE6, 0x98, 0xDE, 0xCD, 0x83, 0x2F, 0x8C, 0x4B, 0x6B, 0xAD, 0x7B, 0xEA, 0x62,
    0x4B, 0x6B, 0xEA, 0x62, 0xEA, 0x62, 0xEB, 0x62, 0x48, 0x52, 0x4C, 0x73, 0xD5, 0xC5, 0x97, 0xE6,
    0x97, 0xE6, 0x77, 0xDE, 0xF1, 0xAC, 0x98, 0xDE, 0xCD, 0x83, 0x0E, 0x8C, 0x4F, 0x94, 0x2F, 0x8C,
    0x8D, 0x7B, 0x6C, 0x73, 0x70, 0x94, 0x70, 0x94, 0x91, 0x9C, 0x6C, 0x73, 0x97, 0xDE, 0x97, 0xE6,
    0x97, 0xE6, 0x97, 0xE6, 0x97, 0xE6, 0x97, 0xE6, 0x97, 0xE6, 0x97, 0xE6, 0x97, 0xE6, 0x97, 0xE6,
    0x97, 0xE6, 0x97, 0xE6, 0x97, 0xE6, 0x97, 0xE6, 0x98, 0xE6, 0x97, 0xE6, 0xB8, 0xE6, 0xF9, 0xEE,
    0xD9, 0xE6, 0xF9, 0xE6, 0xF9, 0xE6, 0xF9, 0xE6, 0xF9, 0xE6, 0xB9, 0xE6, 0xFF, 0xFF, 0xFF, 0xFF,
    0xFF, 0xFF, 0xFF, 0xFF, 0x6E, 0x63, 0x94, 0x4A, 0x3B, 0x5B, 0x3B, 0x5B, 0x3B, 0x5B, 0x3B, 0x5B,
    0x3B, 0x5B, 0x3B, 0x5B, 0x3B, 0x5B, 0x3B, 0x5B, 0x3B, 0x5B, 0x5B, 0x5B, 0x5B, 0x5B, 0x5B, 0x5B,
    0x5B, 0x5B, 0x5B, 0x5B, 0x5B, 0x5B, 0x5B, 0x5B, 0x5B, 0x5B, 0x5B, 0x63, 0x5B, 0x63, 0x5B, 0x63,
    0x5B, 0x63, 0x5B, 0x63, 0x5B, 0x63, 0x5B, 0x63, 0xFF, 0xFF, 0xFF, 0xFF, 0xFF, 0xFF, 0xFF, 0xFF,
    0xFF, 0xFF, 0xFF, 0xFF, 0xFF, 0xFF, 0xFF, 0xFF, 0xFF, 0xFF, 0xFF, 0xFF, 0xFF, 0xFF, 0xFF, 0xFF,
    0xFF, 0xFF, 0xFF, 0xFF, 0xFF, 0xFF, 0xFF, 0xFF, 0xFF, 0xFF, 0xFF, 0xFF, 0xFF, 0xFF, 0xFF, 0xFF,
    0xFF, 0xFF, 0xFF, 0xFF, 0xFF, 0xFF, 0xFF, 0xFF, 0xFF, 0xFF, 0xFF, 0xFF, 0xFF, 0xFF, 0xFF, 0xFF,
    0xFF, 0xFF, 0xFF, 0xFF, 0xFF, 0xFF, 0xFF, 0xFF, 0xFF, 0xFF, 0xFF, 0xFF, 0xFF, 0xFF, 0xFF, 0xFF,
    0xFF, 0xFF, 0xFF, 0xFF, 0xFF, 0xFF, 0xFF, 0xFF, 0xFF, 0xFF, 0xFF, 0xFF, 0xFF, 0xFF, 0xFF, 0xFF,
    0xFF, 0xFF, 0xFF, 0xFF, 0xFF, 0xFF, 0xFF, 0xFF, 0xFF, 0xFF, 0xFF, 0xFF, 0xFF, 0xFF, 0xFF, 0xFF,
    0xFF, 0xFF, 0xFF, 0xFF, 0xFF, 0xFF, 0xFF, 0xFF, 0xFF, 0xFF, 0xFF, 0xFF, 0xFF, 0xFF, 0xFF, 0xFF,
    0xFF, 0xFF, 0xFF, 0xFF, 0xFF, 0xFF, 0xFF, 0xFF, 0xFF, 0xFF, 0xFF, 0xFF, 0xFF, 0xFF, 0xFF, 0xFF,
    0xFF, 0xFF, 0xFF, 0xFF, 0xFF, 0xFF, 0xFF, 0xFF, 0xFF, 0xFF, 0xFF, 0xFF, 0xFF, 0xFF, 0xFF, 0xFF,
    0xFF, 0xFF, 0xFF, 0xFF, 0xFF, 0xFF, 0xFF, 0xFF, 0xFF, 0xFF, 0xFF, 0xFF, 0xFF, 0xFF, 0xFF, 0xFF,
    0xFF, 0xFF, 0xFF, 0xFF, 0xFF, 0xFF, 0xFF, 0xFF, 0xFF, 0xFF, 0xFF, 0xFF, 0xFF, 0xFF, 0xFF, 0xFF,
    0xFF, 0xFF, 0xFF, 0xFF, 0xFF, 0xFF, 0xFF, 0xFF, 0xFF, 0xFF, 0xFF, 0xFF, 0xFF, 0xFF, 0xFF, 0xFF,
    0xFF, 0xFF, 0xFF, 0xFF, 0xFF, 0xFF, 0xFF, 0xFF, 0xFF, 0xFF, 0xFF, 0xFF, 0xFF, 0xFF, 0xFF, 0xFF,
    0xFF, 0xFF, 0xFF, 0xFF, 0xFF, 0xFF, 0xFF, 0xFF, 0xFF, 0xFF, 0xFF, 0xFF, 0xFF, 0xFF, 0xFF, 0xFF,
    0xFF, 0xFF, 0xFF, 0xFF, 0xFF, 0xFF, 0xFF, 0xFF, 0xFF, 0xFF, 0xFF, 0xFF, 0xFF, 0xFF, 0xFF, 0xFF,
    0xFF, 0xFF, 0xFF, 0xFF, 0xFF, 0xFF, 0xFF, 0xFF, 0xFF, 0xFF, 0xFF, 0xFF, 0xFF, 0xFF, 0xFF, 0xFF,
    0xFF, 0xFF, 0xFF, 0xFF, 0xFF, 0xFF, 0xFF, 0xFF, 0xFF, 0xFF, 0xFF, 0xFF, 0xFF, 0xFF, 0xFF, 0xFF,
    0xFF, 0xFF, 0xFF, 0xFF, 0xFF, 0xFF, 0xFF, 0xFF, 0xFF, 0xFF, 0xFF, 0xFF, 0xFF, 0xFF, 0xFF, 0xFF,
    0xFF, 0xFF, 0xFF, 0xFF, 0xFF, 0xFF, 0xFF, 0xFF, 0xFF, 0xFF, 0xFF, 0xFF, 0xFF, 0xFF, 0xFF, 0xFF,
    0xFF, 0xFF, 0xFF, 0xFF, 0xFF, 0xFF, 0xFF, 0xFF, 0xFF, 0xFF, 0xFF, 0xFF, 0xFF, 0xFF, 0xFF, 0xFF,
    0xFF, 0xFF, 0xFF, 0xFF, 0xFF, 0xFF, 0xFF, 0xFF, 0xFF, 0xFF, 0xFF, 0xFF, 0xFF, 0xFF, 0xFF, 0xFF,
    0xFF, 0xFF, 0xFF, 0xFF, 0xFF, 0xFF, 0xFF, 0xFF, 0xFF, 0xFF, 0xFF, 0xFF, 0xFF, 0xFF, 0xFF, 0xFF,
    0xFF, 0xFF, 0xFF, 0xFF, 0xFF, 0xFF, 0xFF, 0xFF, 0xFF, 0xFF, 0xFF, 0xFF, 0xFF, 0xFF, 0xFF, 0xFF,
    0xFF, 0xFF, 0xFF, 0xFF, 0xFF, 0xFF, 0xFF, 0xFF, 0xFF, 0xFF, 0xFF, 0xFF, 0xFF, 0xFF, 0xFF, 0xFF,
    0xFF, 0xFF, 0xFF, 0xFF, 0xFF, 0xFF, 0xFF, 0xFF, 0xFF, 0xFF, 0xFF, 0xFF, 0xFF, 0xFF, 0xFF, 0xFF,
    0xFF, 0xFF, 0xBE, 0xFF, 0xC9, 0x31, 0xFF, 0xFF, 0xFF, 0xFF, 0xFF, 0xFF, 0xFF, 0xFF, 0x3B, 0xEF,
    0xF9, 0xEE, 0xF9, 0xE6, 0xF9, 0xE6, 0xF9, 0xEE, 0xD9, 0xE6, 0xF9, 0xE6, 0xD9, 0xE6, 0x97, 0xE6,
    0x97, 0xE6, 0x97, 0xE6, 0x97, 0xE6, 0x97, 0xE6, 0x97, 0xE6, 0x97, 0xE6, 0x97, 0xE6, 0x97, 0xE6,
    0x97, 0xE6, 0x97, 0xE6, 0x97, 0xE6, 0x97, 0xE6, 0x97, 0xE6, 0x97, 0xE6, 0x97, 0xE6, 0x97, 0xE6,
    0x97, 0xE6, 0x97, 0xE6, 0x97, 0xE6, 0x98, 0xE6, 0xD1, 0xA4, 0x4F, 0x94, 0x8C, 0x7B, 0x4F, 0x94,
    0xB1, 0xA4, 0x90, 0x9C, 0x90, 0x9C, 0xD1, 0xA4, 0xB1, 0x9C, 0x90, 0x9C, 0x33, 0xB5, 0xB4, 0xC5,
    0x98, 0xE6, 0x97, 0xE6, 0x97, 0xDE, 0x94, 0xC5, 0x98, 0xE6, 0x53, 0xB5, 0x33, 0xB5, 0x73, 0xBD,
    0x12, 0xAD, 0x53, 0xB5, 0xD1, 0xA4, 0x4F, 0x94, 0x53, 0xB5, 0x53, 0xB5, 0x53, 0xB5, 0x77, 0xDE,
    0x97, 0xE6, 0x97, 0xE6, 0x97, 0xE6, 0x97, 0xE6, 0x97, 0xE6, 0x97, 0xE6, 0x97, 0xE6, 0x97, 0xE6,
    0x97, 0xE6, 0x97, 0xE6, 0x97, 0xE6, 0x97, 0xE6, 0x97, 0xE6, 0x98, 0xE6, 0x97, 0xE6, 0xB8, 0xE6,
    0xF9, 0xEE, 0xD9, 0xE6, 0xF9, 0xE6, 0xF9, 0xE6, 0xF9, 0xE6, 0xF9, 0xE6, 0xB9, 0xE6, 0xFF, 0xFF,
    0xFF, 0xFF, 0xFF, 0xFF, 0xFF, 0xFF, 0x6E, 0x63, 0x94, 0x4A, 0x3B, 0x5B, 0x3B, 0x5B, 0x3B, 0x5B,
    0x3B, 0x5B, 0x3B, 0x5B, 0x3B, 0x5B, 0x3B, 0x5B, 0x3B, 0x5B, 0x3B, 0x5B, 0x5B, 0x5B, 0x5B, 0x5B,
    0x5B, 0x5B, 0x5B, 0x5B, 0x5B, 0x5B, 0x5B, 0x5B, 0x5B, 0x5B, 0x5B, 0x63, 0x5B, 0x63, 0x5B, 0x63,
    0x5B, 0x63, 0x5B, 0x63, 0x5B, 0x63, 0x5B, 0x63, 0x7B, 0x63, 0xFF, 0xFF, 0xFF, 0xFF, 0xFF, 0xFF,
    0xFF, 0xFF, 0xFF, 0xFF, 0xFF, 0xFF, 0xFF, 0xFF, 0xFF, 0xFF, 0xFF, 0xFF, 0xFF, 0xFF, 0xFF, 0xFF,
    0xFF, 0xFF, 0xFF, 0xFF, 0xFF, 0xFF, 0xFF, 0xFF, 0xFF, 0xFF, 0xFF, 0xFF, 0xFF, 0xFF, 0xFF, 0xFF,
    0xFF, 0xFF, 0xFF, 0xFF, 0xFF, 0xFF, 0xFF, 0xFF, 0xFF, 0xFF, 0xFF, 0xFF, 0xFF, 0xFF, 0xFF, 0xFF,
    0xFF, 0xFF, 0xFF, 0xFF, 0xFF, 0xFF, 0xFF, 0xFF, 0xFF, 0xFF, 0xFF, 0xFF, 0xFF, 0xFF, 0xFF, 0xFF,
    0xFF, 0xFF, 0xFF, 0xFF, 0xFF, 0xFF, 0xFF, 0xFF, 0xFF, 0xFF, 0xFF, 0xFF, 0xFF, 0xFF, 0xFF, 0xFF,
    0xFF, 0xFF, 0xFF, 0xFF, 0xFF, 0xFF, 0xFF, 0xFF, 0xFF, 0xFF, 0xFF, 0xFF, 0xFF, 0xFF, 0xFF, 0xFF,
    0xFF, 0xFF, 0xFF, 0xFF, 0xFF, 0xFF, 0xFF, 0xFF, 0xFF, 0xFF, 0xFF, 0xFF, 0xFF, 0xFF, 0xFF, 0xFF,
    0xFF, 0xFF, 0xFF, 0xFF, 0xFF, 0xFF, 0xFF, 0xFF, 0xFF, 0xFF, 0xFF, 0xFF, 0xFF, 0xFF, 0xFF, 0xFF,
    0xFF, 0xFF, 0xFF, 0xFF, 0xFF, 0xFF, 0xFF, 0xFF, 0xFF, 0xFF, 0xFF, 0xFF, 0xFF, 0xFF, 0xFF, 0xFF,
    0xFF, 0xFF, 0xFF, 0xFF, 0xFF, 0xFF, 0xFF, 0xFF, 0xFF, 0xFF, 0xFF, 0xFF, 0xFF, 0xFF, 0xFF, 0xFF,
    0xFF, 0xFF, 0xFF, 0xFF, 0xFF, 0xFF, 0xFF, 0xFF, 0xFF, 0xFF, 0xFF, 0xFF, 0xFF, 0xFF, 0xFF, 0xFF,
    0xFF, 0xFF, 0xFF, 0xFF, 0xFF, 0xFF, 0xFF, 0xFF, 0xFF, 0xFF, 0xFF, 0xFF, 0xFF, 0xFF, 0xFF, 0xFF,
    0xFF, 0xFF, 0xFF, 0xFF, 0xFF, 0xFF, 0xFF, 0xFF, 0xFF, 0xFF, 0xFF, 0xFF, 0xFF, 0xFF, 0xFF, 0xFF,
    0xFF, 0xFF, 0xFF, 0xFF, 0xFF, 0xFF, 0xFF, 0xFF, 0xFF, 0xFF, 0xFF, 0xFF, 0xFF, 0xFF, 0xFF, 0xFF,
    0xFF, 0xFF, 0xFF, 0xFF, 0xFF, 0xFF, 0xFF, 0xFF, 0xFF, 0xFF, 0xFF, 0xFF, 0xFF, 0xFF, 0xFF, 0xFF,
    0xFF, 0xFF, 0xFF, 0xFF, 0xFF, 0xFF, 0xFF, 0xFF, 0xFF, 0xFF, 0xFF, 0xFF, 0xFF, 0xFF, 0xFF, 0xFF,
    0xFF, 0xFF, 0xFF, 0xFF, 0xFF, 0xFF, 0xFF, 0xFF, 0xFF, 0xFF, 0xFF, 0xFF, 0xFF, 0xFF, 0xFF, 0xFF,
    0xFF, 0xFF, 0xFF, 0xFF, 0xFF, 0xFF, 0xFF, 0xFF, 0xFF, 0xFF, 0xFF, 0xFF, 0xFF, 0xFF, 0xFF, 0xFF,
    0xFF, 0xFF, 0xFF, 0xFF, 0xFF, 0xFF, 0xFF, 0xFF, 0xFF, 0xFF, 0xFF, 0xFF, 0xFF, 0xFF, 0xFF, 0xFF,
    0xFF, 0xFF, 0xFF, 0xFF, 0xFF, 0xFF, 0xFF, 0xFF, 0xFF, 0xFF, 0xFF, 0xFF, 0xFF, 0xFF, 0xFF, 0xFF,
    0xFF, 0xFF, 0xFF, 0xFF, 0xFF, 0xFF, 0xFF, 0xFF, 0xFF, 0xFF, 0xFF, 0xFF, 0xFF, 0xFF, 0xFF, 0xFF,
    0xFF, 0xFF, 0xFF, 0xFF, 0xFF, 0xFF, 0xFF, 0xFF, 0xFF, 0xFF, 0xFF, 0xFF, 0xFF, 0xFF, 0xFF, 0xFF,
    0xFF, 0xFF, 0xFF, 0xFF, 0xFF, 0xFF, 0xFF, 0xFF, 0xFF, 0xFF, 0xFF, 0xFF, 0xFF, 0xFF, 0xFF, 0xFF,
    0xFF, 0xFF, 0xFF, 0xFF, 0xFF, 0xFF, 0xFF, 0xFF, 0xFF, 0xFF, 0xFF, 0xFF, 0xFF, 0xFF, 0xFF, 0xFF,
    0xFF, 0xFF, 0xFF, 0xFF, 0xFF, 0xFF, 0xFF, 0xFF, 0xFF, 0xFF, 0xFF, 0xFF, 0xFF, 0xFF, 0xFF, 0xFF,
    0xFF, 0xFF, 0xFF, 0xFF, 0xBE, 0xFF, 0xC9, 0x31, 0xFF, 0xFF, 0xFF, 0xFF, 0xFF, 0xFF, 0xFF, 0xFF,
    0x3B, 0xEF, 0xF9, 0xEE, 0xF9, 0xE6, 0xF9, 0xE6, 0xF9, 0xEE, 0xD9, 0xE6, 0xF9, 0xE6, 0xD9, 0xE6,
    0x97, 0xE6, 0x97, 0xE6, 0x97, 0xE6, 0x97, 0xE6, 0x97, 0xE6, 0x97, 0xE6, 0x97, 0xE6, 0x97, 0xE6,
    0x97, 0xE6, 0x97, 0xE6, 0x97, 0xE6, 0x97, 0xE6, 0x97, 0xE6, 0x97, 0xE6, 0x97, 0xE6, 0x97, 0xE6,
    0x97, 0xE6, 0x97, 0xE6, 0x97, 0xE6, 0x98, 0xE6, 0x97, 0xE6, 0x98, 0xE6, 0x98, 0xE6, 0xB4, 0xC5,
    0x98, 0xE6, 0x97, 0xE6, 0x98, 0xE6, 0x98, 0xE6, 0x98, 0xE6, 0x97, 0xE6, 0x97, 0xE6, 0x98, 0xE6,
    0x98, 0xDE, 0x97, 0xE6, 0x97, 0xE6, 0x97, 0xE6, 0x97, 0xE6, 0x97, 0xE6, 0x97, 0xE6, 0x98, 0xE6,
    0x97, 0xE6, 0x97, 0xDE, 0xB8, 0xE6, 0x98, 0xE6, 0x97, 0xE6, 0x98, 0xE6, 0x98, 0xE6, 0x97, 0xDE,
    0x97, 0xE6, 0x98, 0xDE, 0x98, 0xE6, 0x98, 0xE6, 0x98, 0xDE, 0x98, 0xDE, 0x98, 0xE6, 0x98, 0xE6,
    0x98, 0xE6, 0x98, 0xE6, 0x97, 0xE6, 0x97, 0xE6, 0x97, 0xE6, 0x97, 0xE6, 0x98, 0xE6, 0x97, 0xE6,
    0xB8, 0xE6, 0xF9, 0xEE, 0xD9, 0xE6, 0xF9, 0xE6, 0xF9, 0xE6, 0xF9, 0xE6, 0xF9, 0xE6, 0xB9, 0xE6,
    0xFF, 0xFF, 0xFF, 0xFF, 0xFF, 0xFF, 0xFF, 0xFF, 0x6E, 0x63, 0x94, 0x4A, 0x3B, 0x5B, 0x3B, 0x5B,
    0x3B, 0x5B, 0x3B, 0x5B, 0x3B, 0x5B, 0x3B, 0x5B, 0x3B, 0x5B, 0x5B, 0x5B, 0x5B, 0x5B, 0x5B, 0x5B,
    0x5B, 0x5B, 0x5B, 0x5B, 0x5B, 0x5B, 0x5B, 0x5B, 0x5B, 0x63, 0x5B, 0x5B, 0x5B, 0x63, 0x5B, 0x63,
    0x5B, 0x63, 0x5B, 0x63, 0x5B, 0x63, 0x7B, 0x63, 0x7B, 0x63, 0x7B, 0x63, 0xFF, 0xFF, 0xFF, 0xFF,
    0xFF, 0xFF, 0xFF, 0xFF, 0xFF, 0xFF, 0xFF, 0xFF, 0xFF, 0xFF, 0xFF, 0xFF, 0xFF, 0xFF, 0xFF, 0xFF,
    0xFF, 0xFF, 0xFF, 0xFF, 0xFF, 0xFF, 0xFF, 0xFF, 0xFF, 0xFF, 0xFF, 0xFF, 0xFF, 0xFF, 0xFF, 0xFF,
    0xFF, 0xFF, 0xFF, 0xFF, 0xFF, 0xFF, 0xFF, 0xFF, 0xFF, 0xFF, 0xFF, 0xFF, 0xFF, 0xFF, 0xFF, 0xFF,
    0xFF, 0xFF, 0xFF, 0xFF, 0xFF, 0xFF, 0xFF, 0xFF, 0xFF, 0xFF, 0xFF, 0xFF, 0xFF, 0xFF, 0xFF, 0xFF,
    0xFF, 0xFF, 0xFF, 0xFF, 0xFF, 0xFF, 0xFF, 0xFF, 0xFF, 0xFF, 0xFF, 0xFF, 0xFF, 0xFF, 0xFF, 0xFF,
    0xFF, 0xFF, 0xFF, 0xFF, 0xFF, 0xFF, 0xFF, 0xFF, 0xFF, 0xFF, 0xFF, 0xFF, 0xFF, 0xFF, 0xFF, 0xFF,
    0xFF, 0xFF, 0xFF, 0xFF, 0xFF, 0xFF, 0xFF, 0xFF, 0xFF, 0xFF, 0xFF, 0xFF, 0xFF, 0xFF, 0xFF, 0xFF,
    0xFF, 0xFF, 0xFF, 0xFF, 0xFF, 0xFF, 0xFF, 0xFF, 0xFF, 0xFF, 0xFF, 0xFF, 0xFF, 0xFF, 0xFF, 0xFF,
    0xFF, 0xFF, 0xFF, 0xFF, 0xFF, 0xFF, 0xFF, 0xFF, 0xFF, 0xFF, 0xFF, 0xFF, 0xFF, 0xFF, 0xFF, 0xFF,
    0xFF, 0xFF, 0xFF, 0xFF, 0xFF, 0xFF, 0xFF, 0xFF, 0xFF, 0xFF, 0xFF, 0xFF, 0xFF, 0xFF, 0xFF, 0xFF,
    0xFF, 0xFF, 0xFF, 0xFF, 0xFF, 0xFF, 0xFF, 0xFF, 0xFF, 0xFF, 0xFF, 0xFF, 0xFF, 0xFF, 0xFF, 0xFF,
    0xFF, 0xFF, 0xFF, 0xFF, 0xFF, 0xFF, 0xFF, 0xFF, 0xFF, 0xFF, 0xFF, 0xFF, 0xFF, 0xFF, 0xFF, 0xFF,
    0xFF, 0xFF, 0xFF, 0xFF, 0xFF, 0xFF, 0xFF, 0xFF, 0xFF, 0xFF, 0xFF, 0xFF, 0xFF, 0xFF, 0xFF, 0xFF,
    0xFF, 0xFF, 0xFF, 0xFF, 0xFF, 0xFF, 0xFF, 0xFF, 0xFF, 0xFF, 0xFF, 0xFF, 0xFF, 0xFF, 0xFF, 0xFF,
    0xFF, 0xFF, 0xFF, 0xFF, 0xFF, 0xFF, 0xFF, 0xFF, 0xFF, 0xFF, 0xFF, 0xFF, 0xFF, 0xFF, 0xFF, 0xFF,
    0xFF, 0xFF, 0xFF, 0xFF, 0xFF, 0xFF, 0xFF, 0xFF, 0xFF, 0xFF, 0xFF, 0xFF, 0xFF, 0xFF, 0xFF, 0xFF,
    0xFF, 0xFF, 0xFF, 0xFF, 0xFF, 0xFF, 0xFF, 0xFF, 0xFF, 0xFF, 0xFF, 0xFF, 0xFF, 0xFF, 0xFF, 0xFF,
    0xFF, 0xFF, 0xFF, 0xFF, 0xFF, 0xFF, 0xFF, 0xFF, 0xFF, 0xFF, 0xFF, 0xFF, 0xFF, 0xFF, 0xFF, 0xFF,
    0xFF, 0xFF, 0xFF, 0xFF, 0xFF, 0xFF, 0xFF, 0xFF, 0xFF, 0xFF, 0xFF, 0xFF, 0xFF, 0xFF, 0xFF, 0xFF,
    0xFF, 0xFF, 0xFF, 0xFF, 0xFF, 0xFF, 0xFF, 0xFF, 0xFF, 0xFF, 0xFF, 0xFF, 0xFF, 0xFF, 0xFF, 0xFF,
    0xFF, 0xFF, 0xFF, 0xFF, 0xFF, 0xFF, 0xFF, 0xFF, 0xFF, 0xFF, 0xFF, 0xFF, 0xFF, 0xFF, 0xFF, 0xFF,
    0xFF, 0xFF, 0xFF, 0xFF, 0xFF, 0xFF, 0xFF, 0xFF, 0xFF, 0xFF, 0xFF, 0xFF, 0xFF, 0xFF, 0xFF, 0xFF,
    0xFF, 0xFF, 0xFF, 0xFF, 0xFF, 0xFF, 0xFF, 0xFF, 0xFF, 0xFF, 0xFF, 0xFF, 0xFF, 0xFF, 0xFF, 0xFF,
    0xFF, 0xFF, 0xFF, 0xFF, 0xFF, 0xFF, 0xFF, 0xFF, 0xFF, 0xFF, 0xFF, 0xFF, 0xFF, 0xFF, 0xFF, 0xFF,
    0xFF, 0xFF, 0xFF, 0xFF, 0xFF, 0xFF, 0xFF, 0xFF, 0xFF, 0xFF, 0xFF, 0xFF, 0xFF, 0xFF, 0xFF, 0xFF,
    0xFF, 0xFF, 0xFF, 0xFF, 0xFF, 0xFF, 0xBE, 0xFF, 0xC9, 0x31, 0xFF, 0xFF, 0xFF, 0xFF, 0xFF, 0xFF,
    0xFF, 0xFF, 0x3B, 0xEF, 0xF9, 0xEE, 0xF9, 0xE6, 0xF9, 0xE6, 0xF9, 0xEE, 0xD9, 0xE6, 0xF9, 0xE6,
    0xD9, 0xE6, 0x97, 0xE6, 0x97, 0xE6, 0x97, 0xE6, 0x97, 0xE6, 0x97, 0xE6, 0x97, 0xE6, 0x97, 0xE6,
    0x97, 0xE6, 0x97, 0xE6, 0x97, 0xE6, 0x97, 0xE6, 0x97, 0xE6, 0x97, 0xE6, 0x97, 0xE6, 0x97, 0xE6,
    0x97, 0xE6, 0x97, 0xE6, 0x98, 0xE6, 0x98, 0xE6, 0x97, 0xE6, 0x97, 0xE6, 0x98, 0xE6, 0x97, 0xDE,
    0x97, 0xE6, 0x98, 0xE6, 0x97, 0xE6, 0x97, 0xE6, 0x97, 0xE6, 0x97, 0xE6, 0x97, 0xE6, 0x97, 0xE6,
    0x97, 0xE6, 0x97, 0xE6, 0x97, 0xE6, 0x98, 0xE6, 0x57, 0xDE, 0xF5, 0xCD, 0x97, 0xE6, 0x97, 0xE6,
    0x56, 0xDE, 0x77, 0xDE, 0x98, 0xE6, 0x98, 0xE6, 0x56, 0xDE, 0x97, 0xE6, 0x97, 0xE6, 0x98, 0xE6,
    0x97, 0xE6, 0x97, 0xE6, 0x97, 0xE6, 0x97, 0xE6, 0x97, 0xE6, 0x97, 0xE6, 0x97, 0xE6, 0x97, 0xE6,
    0x97, 0xE6, 0x97, 0xE6, 0x97, 0xE6, 0x97, 0xE6, 0x97, 0xE6, 0x97, 0xE6, 0x97, 0xE6, 0x98, 0xE6,
    0x97, 0xE6, 0xB8, 0xE6, 0xF9, 0xEE, 0xD9, 0xE6, 0xF9, 0xE6, 0xF9, 0xE6, 0xF9, 0xE6, 0xF9, 0xE6,
    0xB9, 0xE6, 0xFF, 0xFF, 0xFF, 0xFF, 0xFF, 0xFF, 0xFF, 0xFF, 0x6E, 0x63, 0x94, 0x4A, 0x3B, 0x5B,
    0x3B, 0x5B, 0x3B, 0x5B, 0x3B, 0x5B, 0x3B, 0x5B, 0x5B, 0x5B, 0x5B, 0x5B, 0x3B, 0x5B, 0x5B, 0x5B,
    0x5B, 0x5B, 0x5B, 0x5B, 0x5B, 0x5B, 0x5B, 0x5B, 0x5B, 0x63, 0x5B, 0x63, 0x5B, 0x63, 0x5B, 0x63,
    0x5B, 0x63, 0x5B, 0x63, 0x5B, 0x63, 0x5B, 0x63, 0x7B, 0x63, 0x7B, 0x63, 0x7B, 0x63, 0xFF, 0xFF,
    0xFF, 0xFF, 0xFF, 0xFF, 0xFF, 0xFF, 0xFF, 0xFF, 0xFF, 0xFF, 0xFF, 0xFF, 0xFF, 0xFF, 0xFF, 0xFF,
    0xFF, 0xFF, 0xFF, 0xFF, 0xFF, 0xFF, 0xFF, 0xFF, 0xFF, 0xFF, 0xFF, 0xFF, 0xFF, 0xFF, 0xFF, 0xFF,
    0xFF, 0xFF, 0xFF, 0xFF, 0xFF, 0xFF, 0xFF, 0xFF, 0xFF, 0xFF, 0xFF, 0xFF, 0xFF, 0xFF, 0xFF, 0xFF,
    0xFF, 0xFF, 0xFF, 0xFF, 0xFF, 0xFF, 0xFF, 0xFF, 0xFF, 0xFF, 0xFF, 0xFF, 0xFF, 0xFF, 0xFF, 0xFF,
    0xFF, 0xFF, 0xFF, 0xFF, 0xFF, 0xFF, 0xFF, 0xFF, 0xFF, 0xFF, 0xFF, 0xFF, 0xFF, 0xFF, 0xFF, 0xFF,
    0xFF, 0xFF, 0xFF, 0xFF, 0xFF, 0xFF, 0xFF, 0xFF, 0xFF, 0xFF, 0xFF, 0xFF, 0xFF, 0xFF, 0xFF, 0xFF,
    0xFF, 0xFF, 0xFF, 0xFF, 0xFF, 0xFF, 0xFF, 0xFF, 0xFF, 0xFF, 0xFF, 0xFF, 0xFF, 0xFF, 0xFF, 0xFF,
    0xFF, 0xFF, 0xFF, 0xFF, 0xFF, 0xFF, 0xFF, 0xFF, 0xFF, 0xFF, 0xFF, 0xFF, 0xFF, 0xFF, 0xFF, 0xFF,
    0xFF, 0xFF, 0xFF, 0xFF, 0xFF, 0xFF, 0xFF, 0xFF, 0xFF, 0xFF, 0xFF, 0xFF, 0xFF, 0xFF, 0xFF, 0xFF,
    0xFF, 0xFF, 0xFF, 0xFF, 0xFF, 0xFF, 0xFF, 0xFF, 0xFF, 0xFF, 0xFF, 0xFF, 0xFF, 0xFF, 0xFF, 0xFF,
    0xFF, 0xFF, 0xFF, 0xFF, 0xFF, 0xFF, 0xFF, 0xFF, 0xFF, 0xFF, 0xFF, 0xFF, 0xFF, 0xFF, 0xFF, 0xFF,
    0xFF, 0xFF, 0xFF, 0xFF, 0xFF, 0xFF, 0xFF, 0xFF, 0xFF, 0xFF, 0xFF, 0xFF, 0xFF, 0xFF, 0xFF, 0xFF,
    0xFF, 0xFF, 0xFF, 0xFF, 0xFF, 0xFF, 0xFF, 0xFF, 0xFF, 0xFF, 0xFF, 0xFF, 0xFF, 0xFF, 0xFF, 0xFF,
    0xFF, 0xFF, 0xFF, 0xFF, 0xFF, 0xFF, 0xFF, 0xFF, 0xFF, 0xFF, 0xFF, 0xFF, 0xFF, 0xFF, 0xFF, 0xFF,
    0xFF, 0xFF, 0xFF, 0xFF, 0xFF, 0xFF, 0xFF, 0xFF, 0xFF, 0xFF, 0xFF, 0xFF, 0xFF, 0xFF, 0xFF, 0xFF,
    0xFF, 0xFF, 0xFF, 0xFF, 0xFF, 0xFF, 0xFF, 0xFF, 0xFF, 0xFF, 0xFF, 0xFF, 0xFF, 0xFF, 0xFF, 0xFF,
    0xFF, 0xFF, 0xFF, 0xFF, 0xFF, 0xFF, 0xFF, 0xFF, 0xFF, 0xFF, 0xFF, 0xFF, 0xFF, 0xFF, 0xFF, 0xFF,
    0xFF, 0xFF, 0xFF, 0xFF, 0xFF, 0xFF, 0xFF, 0xFF, 0xFF, 0xFF, 0xFF, 0xFF, 0xFF, 0xFF, 0xFF, 0xFF,
    0xFF, 0xFF, 0xFF, 0xFF, 0xFF, 0xFF, 0xFF, 0xFF, 0xFF, 0xFF, 0xFF, 0xFF, 0xFF, 0xFF, 0xFF, 0xFF,
    0xFF, 0xFF, 0xFF, 0xFF, 0xFF, 0xFF, 0xFF, 0xFF, 0xFF, 0xFF, 0xFF, 0xFF, 0xFF, 0xFF, 0xFF, 0xFF,
    0xFF, 0xFF, 0xFF, 0xFF, 0xFF, 0xFF, 0xFF, 0xFF, 0xFF, 0xFF, 0xFF, 0xFF, 0xFF, 0xFF, 0xFF, 0xFF,
    0xFF, 0xFF, 0xFF, 0xFF, 0xFF, 0xFF, 0xFF, 0xFF, 0xFF, 0xFF, 0xFF, 0xFF, 0xFF, 0xFF, 0xFF, 0xFF,
    0xFF, 0xFF, 0xFF, 0xFF, 0xFF, 0xFF, 0xFF, 0xFF, 0xFF, 0xFF, 0xFF, 0xFF, 0xFF, 0xFF, 0xFF, 0xFF,
    0xFF, 0xFF, 0xFF, 0xFF, 0xFF, 0xFF, 0xFF, 0xFF, 0xFF, 0xFF, 0xFF, 0xFF, 0xFF, 0xFF, 0xFF, 0xFF,
    0xFF, 0xFF, 0xFF, 0xFF, 0xFF, 0xFF, 0xFF, 0xFF, 0xFF, 0xFF, 0xFF, 0xFF, 0xFF, 0xFF, 0xFF, 0xFF,
    0xFF, 0xFF, 0xFF, 0xFF, 0xFF, 0xFF, 0xFF, 0xFF, 0xBE, 0xFF, 0xC9, 0x31, 0xFF, 0xFF, 0xFF, 0xFF,
    0xFF, 0xFF, 0xFF, 0xFF, 0x3B, 0xEF, 0xF9, 0xEE, 0xF9, 0xE6, 0xF9, 0xE6, 0xF9, 0xEE, 0xD9, 0xE6,
    0xF9, 0xE6, 0xD9, 0xE6, 0x97, 0xE6, 0x97, 0xE6, 0x97, 0xE6, 0x97, 0xE6, 0x97, 0xE6, 0x97, 0xE6,
    0x97, 0xE6, 0x97, 0xE6, 0x97, 0xE6, 0x97, 0xE6, 0x97, 0xE6, 0x97, 0xE6, 0x97, 0xE6, 0x97, 0xE6,
    0x97, 0xE6, 0x97, 0xE6, 0x97, 0xE6, 0x98, 0xE6, 0x98, 0xE6, 0x98, 0xE6, 0x97, 0xE6, 0x97, 0xE6,
    0x97, 0xE6, 0x97, 0xE6, 0x97, 0xE6, 0x97, 0xE6, 0x97, 0xDE, 0x97, 0xE6, 0x97, 0xDE, 0x97, 0xE6,
    0x97, 0xE6, 0x97, 0xE6, 0x97, 0xE6, 0x97, 0xE6, 0x98, 0xE6, 0xEE, 0x8B, 0xF2, 0xA4, 0x94, 0xBD,
    0x94, 0xBD, 0x4F, 0x94, 0xD1, 0xA4, 0xF2, 0xAC, 0xD5, 0xC5, 0x0E, 0x8C, 0x98, 0xDE, 0xEE, 0x8B,
    0x73, 0xBD, 0xB4, 0xC5, 0x57, 0xD6, 0xF2, 0xAC, 0x94, 0xBD, 0x12, 0xAD, 0x94, 0xC5, 0x53, 0xB5,
    0xF2, 0xAC, 0x94, 0xC5, 0x33, 0xB5, 0xF5, 0xCD, 0x97, 0xE6, 0x97, 0xE6, 0x97, 0xE6, 0x97, 0xE6,
    0x98, 0xE6, 0x97, 0xE6, 0xB8, 0xE6, 0xF9, 0xEE, 0xD9, 0xE6, 0xF9, 0xE6, 0xF9, 0xE6, 0xF9, 0xE6,
    0xF9, 0xE6, 0xB9, 0xE6, 0xFF, 0xFF, 0xFF, 0xFF, 0xFF, 0xFF, 0xFF, 0xFF, 0x6E, 0x63, 0x94, 0x4A,
    0x3B, 0x5B, 0x3B, 0x5B, 0x3B, 0x5B, 0x5B, 0x5B, 0x3B, 0x5B, 0x5B, 0x5B, 0x5B, 0x5B, 0x5B, 0x5B,
    0x5B, 0x5B, 0x5B, 0x5B, 0x5B, 0x5B, 0x5B, 0x5B, 0x5B, 0x5B, 0x5B, 0x63, 0x5B, 0x63, 0x5B, 0x63,
    0x5B, 0x63, 0x5B, 0x63, 0x5B, 0x63, 0x7B, 0x63, 0x7B, 0x63, 0x7B, 0x63, 0x7B, 0x63, 0x7B, 0x63,
    0xFF, 0xFF, 0xFF, 0xFF, 0xFF, 0xFF, 0xFF, 0xFF, 0xFF, 0xFF, 0xFF, 0xFF, 0xFF, 0xFF, 0xFF, 0xFF,
    0xFF, 0xFF, 0xFF, 0xFF, 0xFF, 0xFF, 0xFF, 0xFF, 0xFF, 0xFF, 0xFF, 0xFF, 0xFF, 0xFF, 0xFF, 0xFF,
    0xFF, 0xFF, 0xFF, 0xFF, 0xFF, 0xFF, 0xFF, 0xFF, 0xFF, 0xFF, 0xFF, 0xFF, 0xFF, 0xFF, 0xFF, 0xFF,
    0xFF, 0xFF, 0xFF, 0xFF, 0xFF, 0xFF, 0xFF, 0xFF, 0xFF, 0xFF, 0xFF, 0xFF, 0xFF, 0xFF, 0xFF, 0xFF,
    0xFF, 0xFF, 0xFF, 0xFF, 0xFF, 0xFF, 0xFF, 0xFF, 0xFF, 0xFF, 0xFF, 0xFF, 0xFF, 0xFF, 0xFF, 0xFF,
    0xFF, 0xFF, 0xFF, 0xFF, 0xFF, 0xFF, 0xFF, 0xFF, 0xFF, 0xFF, 0xFF, 0xFF, 0xFF, 0xFF, 0xFF, 0xFF,
    0xFF, 0xFF, 0xFF, 0xFF, 0xFF, 0xFF, 0xFF, 0xFF, 0xFF, 0xFF, 0xFF, 0xFF, 0xFF, 0xFF, 0xFF, 0xFF,
    0xFF, 0xFF, 0xFF, 0xFF, 0xFF, 0xFF, 0xFF, 0xFF, 0xFF, 0xFF, 0xFF, 0xFF, 0xFF, 0xFF, 0xFF, 0xFF,
    0xFF, 0xFF, 0xFF, 0xFF, 0xFF, 0xFF, 0xFF, 0xFF, 0xFF, 0xFF, 0xFF, 0xFF, 0xFF, 0xFF, 0xFF, 0xFF,
    0xFF, 0xFF, 0xFF, 0xFF, 0xFF, 0xFF, 0xFF, 0xFF, 0xFF, 0xFF, 0xFF, 0xFF, 0xFF, 0xFF, 0xFF, 0xFF,
    0xFF, 0xFF, 0xFF, 0xFF, 0xFF, 0xFF, 0xFF, 0xFF, 0xFF, 0xFF, 0xFF, 0xFF, 0xFF, 0xFF, 0xFF, 0xFF,
    0xFF, 0xFF, 0xFF, 0xFF, 0xFF, 0xFF, 0xFF, 0xFF, 0xFF, 0xFF, 0xFF, 0xFF, 0xFF, 0xFF, 0xFF, 0xFF,
    0xFF, 0xFF, 0xFF, 0xFF, 0xFF, 0xFF, 0xFF, 0xFF, 0xFF, 0xFF, 0xFF, 0xFF, 0xFF, 0xFF, 0xFF, 0xFF,
    0xFF, 0xFF, 0xFF, 0xFF, 0xFF, 0xFF, 0xFF, 0xFF, 0xFF, 0xFF, 0xFF, 0xFF, 0xFF, 0xFF, 0xFF, 0xFF,
    0xFF, 0xFF, 0xFF, 0xFF, 0xFF, 0xFF, 0xFF, 0xFF, 0xFF, 0xFF, 0xFF, 0xFF, 0xFF, 0xFF, 0xFF, 0xFF,
    0xFF, 0xFF, 0xFF, 0xFF, 0xFF, 0xFF, 0xFF, 0xFF, 0xFF, 0xFF, 0xFF, 0xFF, 0xFF, 0xFF, 0xFF, 0xFF,
    0xFF, 0xFF, 0xFF, 0xFF, 0xFF, 0xFF, 0xFF, 0xFF, 0xFF, 0xFF, 0xFF, 0xFF, 0xFF, 0xFF, 0xFF, 0xFF,
    0xFF, 0xFF, 0xFF, 0xFF, 0xFF, 0xFF, 0xFF, 0xFF, 0xFF, 0xFF, 0xFF, 0xFF, 0xFF, 0xFF, 0xFF, 0xFF,
    0xFF, 0xFF, 0xFF, 0xFF, 0xFF, 0xFF, 0xFF, 0xFF, 0xFF, 0xFF, 0xFF, 0xFF, 0xFF, 0xFF, 0xFF, 0xFF,
    0xFF, 0xFF, 0xFF, 0xFF, 0xFF, 0xFF, 0xFF, 0xFF, 0xFF, 0xFF, 0xFF, 0xFF, 0xFF, 0xFF, 0xFF, 0xFF,
    0xFF, 0xFF, 0xFF, 0xFF, 0xFF, 0xFF, 0xFF, 0xFF, 0xFF, 0xFF, 0xFF, 0xFF, 0xFF, 0xFF, 0xFF, 0xFF,
    0xFF, 0xFF, 0xFF, 0xFF, 0xFF, 0xFF, 0xFF, 0xFF, 0xFF, 0xFF, 0xFF, 0xFF, 0xFF, 0xFF, 0xFF, 0xFF,
    0xFF, 0xFF, 0xFF, 0xFF, 0xFF, 0xFF, 0xFF, 0xFF, 0xFF, 0xFF, 0xFF, 0xFF, 0xFF, 0xFF, 0xFF, 0xFF,
    0xFF, 0xFF, 0xFF, 0xFF, 0xFF, 0xFF, 0xFF, 0xFF, 0xFF, 0xFF, 0xFF, 0xFF, 0xFF, 0xFF, 0xFF, 0xFF,
    0xFF, 0xFF, 0xFF, 0xFF, 0xFF, 0xFF, 0xFF, 0xFF, 0xFF, 0xFF, 0xFF, 0xFF, 0xFF, 0xFF, 0xFF, 0xFF,
    0xFF, 0xFF, 0xFF, 0xFF, 0xFF, 0xFF, 0xFF, 0xFF, 0xFF, 0xFF, 0xFF, 0xFF, 0x7C, 0x42, 0x7C, 0x42,
    0x9C, 0x42, 0x7C, 0x42, 0x9C, 0x42, 0x9C, 0x42, 0x9C, 0x42, 0x9C, 0x42, 0x9C, 0x42, 0x9C, 0x42,
    0x9C, 0x42, 0x9C, 0x42, 0x9C, 0x42, 0x9C, 0x42, 0x9C, 0x42, 0x9C, 0x42, 0x9C, 0x42, 0x9C, 0x42,
    0x9C, 0x42, 0xBC, 0x42, 0xBC, 0x4A, 0xBC, 0x42, 0xBC, 0x42, 0xBC, 0x4A, 0xBC, 0x4A, 0xBC, 0x4A,
    0xBC, 0x4A, 0xBC, 0x4A, 0xBC, 0x4A, 0xBC, 0x4A, 0xBC, 0x4A, 0xBC, 0x4A, 0xDC, 0x4A, 0xDC, 0x4A,
    0xBC, 0x4A, 0xDC, 0x4A, 0xDC, 0x4A, 0xDC, 0x4A, 0xDC, 0x4A, 0xDC, 0x4A, 0xDC, 0x4A, 0xDC, 0x4A,
    0xDC, 0x4A, 0xDC, 0x4A, 0xDC, 0x4A, 0xDC, 0x4A, 0xDC, 0x52, 0xDB, 0x4A, 0xFC, 0x52, 0xFC, 0x52,
    0xFB, 0x52, 0xFC, 0x52, 0xFB, 0x52, 0xFB, 0x52, 0xFB, 0x52, 0xFB, 0x52, 0xFB, 0x52, 0xFB, 0x52,
    0xFB, 0x52, 0xFB, 0x52, 0xFB, 0x52, 0xFB, 0x52, 0x1B, 0x53, 0x1B, 0x53, 0x1B, 0x53, 0x1B, 0x53,
    0x1B, 0x53, 0x1B, 0x53, 0x1B, 0x53, 0x1B, 0x53, 0x1B, 0x53, 0x1B, 0x53, 0x1B, 0x53, 0x1B, 0x53,
    0x1B, 0x5B, 0x1B, 0x53, 0x1B, 0x5B, 0x1B, 0x5B, 0x1B, 0x5B, 0x3B, 0x5B, 0x3B, 0x5B, 0x3B, 0x5B,
    0x3B, 0x5B, 0x3B, 0x5B, 0x3B, 0x5B, 0x3B, 0x5B, 0x3B, 0x5B, 0x3B, 0x5B, 0x3B, 0x5B, 0x3B, 0x5B,
    0x3B, 0x5B, 0x3B, 0x5B, 0x3B, 0x5B, 0x5B, 0x5B, 0x5B, 0x5B, 0x5B, 0x5B, 0x5B, 0x5B, 0x5B, 0x5B,
    0x5B, 0x5B, 0x5B, 0x5B, 0x5B, 0x63, 0x5B, 0x5B, 0x5B, 0x5B, 0x5B, 0x63, 0x5B, 0x63, 0x5B, 0x63,
    0x5B, 0x63, 0x5B, 0x63, 0x5B, 0x63, 0x7B, 0x63, 0x7B, 0x63, 0x7B, 0x63, 0x7B, 0x63, 0x7B, 0x63,
    0x7B, 0x63,
};

const lv_image_dsc_t ui_img_nerdaxe_portalscreen_png = {
    .header.magic  = LV_IMAGE_HEADER_MAGIC,
    .header.cf     = LV_COLOR_FORMAT_RGB565,
    .header.flags  = 0,
    .header.w      = 321,
    .header.h      = 169,
    .header.stride = 642,
    .data_size     = 108498,
    .data          = ui_img_nerdaxe_portalscreen_png_data,
};
