#include "lvgl.h"

#ifndef LV_ATTRIBUTE_MEM_ALIGN
    #define LV_ATTRIBUTE_MEM_ALIGN
#endif

/* Converted from miningscreen2.png (320x170 RGB → RGB565) */
/* Run: python3 .local/tools/png_to_lvgl.py --png miningscreen2.png --out ui_img_nerdaxe_miningscreen2_png.c --var ui_img_nerdaxe_miningscreen2_png */

const LV_ATTRIBUTE_MEM_ALIGN uint8_t ui_img_nerdaxe_miningscreen2_png_data[] = {
    0x04, 0x21, 0x04, 0x21, 0x04, 0x21, 0x04, 0x21, 0x04, 0x21, 0x04, 0x21, 0x04, 0x21, 0x04, 0x21,
    0x04, 0x21, 0xC7, 0x39, 0x9A, 0xD6, 0x7D, 0xEF, 0x7D, 0xEF, 0x7D, 0xEF, 0x7D, 0xEF, 0x7D, 0xEF,
    0x7D, 0xEF, 0x7D, 0xEF, 0x7D, 0xEF, 0x7D, 0xEF, 0x7D, 0xEF, 0x7D, 0xEF, 0x7D, 0xEF, 0x7D, 0xEF,
    0x7D, 0xEF, 0x7D, 0xEF, 0x7D, 0xEF, 0x7D, 0xEF, 0x9E, 0xF7, 0x9E, 0xF7, 0x9E, 0xF7, 0x9E, 0xF7,
    0x9E, 0xF7, 0x9E, 0xF7, 0x9E, 0xF7, 0x9E, 0xF7, 0x9E, 0xF7, 0x9E, 0xF7, 0x9E, 0xF7, 0x9E, 0xF7,
    0xBE, 0xF7, 0xBE, 0xF7, 0xBE, 0xF7, 0x9E, 0xF7, 0xBE, 0xF7, 0xBE, 0xF7, 0xBE, 0xF7, 0xBE, 0xF7,
    0xBE, 0xF7, 0xBE, 0xF7, 0xBE, 0xF7, 0xBE, 0xF7, 0xBE, 0xF7, 0xBE, 0xF7, 0xBE, 0xF7, 0xBE, 0xF7,
    0xBE, 0xF7, 0xBE, 0xF7, 0xBE, 0xF7, 0xBE, 0xF7, 0xBE, 0xF7, 0xBE, 0xF7, 0xBE, 0xF7, 0xBE, 0xF7,
    0xBE, 0xF7, 0xBE, 0xF7, 0xDF, 0xFF, 0xBE, 0xF7, 0xBE, 0xF7, 0xDF, 0xFF, 0xDF, 0xFF, 0xDF, 0xFF,
    0xDF, 0xFF, 0xDF, 0xFF, 0xDF, 0xFF, 0xDF, 0xFF, 0xDF, 0xFF, 0xDF, 0xFF, 0xDF, 0xFF, 0xDF, 0xFF,
    0xDF, 0xFF, 0xDF, 0xFF, 0xDF, 0xFF, 0x18, 0xC6, 0xC7, 0x39, 0x04, 0x21, 0x04, 0x21, 0x04, 0x21,
    0x04, 0x21, 0x04, 0x21, 0x04, 0x21, 0x04, 0x21, 0x04, 0x21, 0x04, 0x21, 0x04, 0x21, 0x04, 0x21,
    0x04, 0x21, 0x04, 0x21, 0x04, 0x21, 0x04, 0x21, 0x04, 0x21, 0x04, 0x21, 0x04, 0x21, 0x04, 0x21,
    0x04, 0x21, 0x04, 0x21, 0x04, 0x21, 0x04, 0x21, 0x04, 0x21, 0x04, 0x21, 0x04, 0x21, 0x04, 0x21,
    0x04, 0x21, 0x04, 0x21, 0x04, 0x21, 0x04, 0x21, 0x04, 0x21, 0x04, 0x21, 0x04, 0x21, 0x04, 0x21,
    0x04, 0x21, 0x04, 0x21, 0x04, 0x21, 0x04, 0x21, 0x04, 0x21, 0x04, 0x21, 0x04, 0x21, 0x04, 0x21,
    0x04, 0x21, 0x04, 0x21, 0x04, 0x21, 0x04, 0x21, 0x04, 0x21, 0x04, 0x21, 0x04, 0x21, 0x04, 0x21,
    0x04, 0x21, 0x04, 0x21, 0x04, 0x21, 0x04, 0x21, 0x04, 0x21, 0x04, 0x21, 0x04, 0x21, 0x04, 0x21,
    0x04, 0x21, 0x04, 0x21, 0x04, 0x21, 0x04, 0x21, 0x04, 0x21, 0x04, 0x21, 0x04, 0x21, 0x04, 0x21,
    0x04, 0x21, 0x04, 0x21, 0x04, 0x21, 0x04, 0x21, 0x04, 0x21, 0x04, 0x21, 0x04, 0x21, 0x04, 0x21,
    0x04, 0x21, 0x04, 0x21, 0x04, 0x21, 0x04, 0x21, 0x04, 0x21, 0x04, 0x21, 0x04, 0x21, 0x04, 0x21,
    0x04, 0x21, 0x04, 0x21, 0x04, 0x21, 0x04, 0x21, 0x04, 0x21, 0x04, 0x21, 0x04, 0x21, 0x04, 0x21,
    0x04, 0x21, 0x04, 0x21, 0x04, 0x21, 0x04, 0x21, 0x04, 0x21, 0x04, 0x21, 0x04, 0x21, 0x04, 0x21,
    0x04, 0x21, 0x04, 0x21, 0x04, 0x21, 0x04, 0x21, 0x04, 0x21, 0x04, 0x21, 0x04, 0x21, 0x04, 0x21,
    0x04, 0x21, 0x04, 0x21, 0x04, 0x21, 0x04, 0x21, 0x04, 0x21, 0x04, 0x21, 0x04, 0x21, 0x04, 0x21,
    0x04, 0x21, 0x04, 0x21, 0x04, 0x21, 0x04, 0x21, 0x04, 0x21, 0x04, 0x21, 0x04, 0x21, 0x04, 0x21,
    0x04, 0x21, 0x04, 0x21, 0x04, 0x21, 0x04, 0x21, 0x04, 0x21, 0x04, 0x21, 0x04, 0x21, 0x04, 0x21,
    0x04, 0x21, 0x04, 0x21, 0x04, 0x21, 0x04, 0x21, 0x04, 0x21, 0x04, 0x21, 0x04, 0x21, 0x04, 0x21,
    0x04, 0x21, 0x04, 0x21, 0x04, 0x21, 0x04, 0x21, 0x04, 0x21, 0x04, 0x21, 0x04, 0x21, 0x04, 0x21,
    0x04, 0x21, 0x04, 0x21, 0xE7, 0x39, 0x38, 0xC6, 0x9E, 0xF7, 0xFF, 0xFF, 0xFF, 0xFF, 0xFF, 0xFF,
    0xFF, 0xFF, 0xFF, 0xFF, 0xFF, 0xFF, 0xFF, 0xFF, 0xFF, 0xFF, 0xFF, 0xFF, 0xFF, 0xFF, 0xFF, 0xFF,
    0xFF, 0xFF, 0xFF, 0xFF, 0xFF, 0xFF, 0xFF, 0xFF, 0xFF, 0xFF, 0xFF, 0xFF, 0xFF, 0xFF, 0xFF, 0xFF,
    0xFF, 0xFF, 0xFF, 0xFF, 0xFF, 0xFF, 0xFF, 0xFF, 0xFF, 0xFF, 0xFF, 0xFF, 0xFF, 0xFF, 0xFF, 0xFF,
    0xFF, 0xFF, 0xFF, 0xFF, 0xFF, 0xFF, 0xFF, 0xFF, 0xFF, 0xFF, 0xFF, 0xFF, 0xFF, 0xFF, 0xFF, 0xFF,
    0xFF, 0xFF, 0xFF, 0xFF, 0xFF, 0xFF, 0xFF, 0xFF, 0xFF, 0xFF, 0xFF, 0xFF, 0xFF, 0xFF, 0xFF, 0xFF,
    0xFF, 0xFF, 0xFF, 0xFF, 0xFF, 0xFF, 0xFF, 0xFF, 0xFF, 0xFF, 0xFF, 0xFF, 0xFF, 0xFF, 0xFF, 0xFF,
    0xFF, 0xFF, 0xFF, 0xFF, 0xFF, 0xFF, 0xFF, 0xFF, 0xFF, 0xFF, 0xFF, 0xFF, 0xFF, 0xFF, 0xFF, 0xFF,
    0xFF, 0xFF, 0xFF, 0xFF, 0xFF, 0xFF, 0xFF, 0xFF, 0xFF, 0xFF, 0xFF, 0xFF, 0xFF, 0xFF, 0xFF, 0xFF,
    0xFF, 0xFF, 0xFF, 0xFF, 0xFF, 0xFF, 0xFF, 0xFF, 0xFF, 0xFF, 0xFF, 0xFF, 0x1C, 0xE7, 0xE7, 0x39,
    0x04, 0x21, 0x04, 0x21, 0x04, 0x21, 0x04, 0x21, 0x04, 0x21, 0x04, 0x21, 0x04, 0x21, 0x04, 0x21,
    0x04, 0x21, 0x04, 0x21, 0x04, 0x21, 0x04, 0x21, 0x04, 0x21, 0x04, 0x21, 0x04, 0x21, 0x04, 0x21,
    0x28, 0x42, 0xFB, 0xDE, 0x5D, 0xEF, 0x5D, 0xEF, 0x7D, 0xEF, 0x7D, 0xEF, 0x7D, 0xEF, 0x7D, 0xEF,
    0x7D, 0xEF, 0x7D, 0xEF, 0x7D, 0xEF, 0x7D, 0xEF, 0x7D, 0xEF, 0x7D, 0xEF, 0x7D, 0xEF, 0x7D, 0xEF,
    0x7D, 0xEF, 0x7D, 0xEF, 0x7D, 0xEF, 0x7D, 0xEF, 0x7D, 0xEF, 0x7D, 0xEF, 0x9E, 0xF7, 0x9E, 0xF7,
    0x9E, 0xF7, 0x9E, 0xF7, 0x9E, 0xF7, 0x9E, 0xF7, 0x9E, 0xF7, 0x9E, 0xF7, 0x9E, 0xF7, 0x9E, 0xF7,
    0x9E, 0xF7, 0x9E, 0xF7, 0x9E, 0xF7, 0x9E, 0xF7, 0xBE, 0xF7, 0xBE, 0xF7, 0xBE, 0xF7, 0xBE, 0xF7,
    0xBE, 0xF7, 0xBE, 0xF7, 0xBE, 0xF7, 0xBE, 0xF7, 0xBE, 0xF7, 0xBE, 0xF7, 0xBE, 0xF7, 0xBE, 0xF7,
    0xBE, 0xF7, 0xBE, 0xF7, 0xBE, 0xF7, 0xBE, 0xF7, 0xBE, 0xF7, 0xBE, 0xF7, 0xBE, 0xF7, 0xBE, 0xF7,
    0xBE, 0xF7, 0xBE, 0xF7, 0xBE, 0xF7, 0xBE, 0xF7, 0xDF, 0xFF, 0xBE, 0xF7, 0xDF, 0xFF, 0xDF, 0xFF,
    0xDF, 0xFF, 0xDF, 0xFF, 0xDF, 0xFF, 0xDF, 0xFF, 0xDF, 0xFF, 0xDF, 0xFF, 0xDF, 0xFF, 0xDF, 0xFF,
    0xDF, 0xFF, 0xDF, 0xFF, 0xDF, 0xFF, 0xDF, 0xFF, 0x7D, 0xEF, 0x2C, 0x63, 0x04, 0x21, 0x04, 0x21,
    0x04, 0x21, 0x04, 0x21, 0x04, 0x21, 0x04, 0x21, 0x04, 0x21, 0x04, 0x21, 0x04, 0x21, 0x04, 0x21,
    0x04, 0x21, 0x04, 0x21, 0x04, 0x21, 0x04, 0x21, 0x04, 0x21, 0x04, 0x21, 0x04, 0x21, 0x04, 0x21,
    0x04, 0x21, 0x04, 0x21, 0x04, 0x21, 0x04, 0x21, 0x04, 0x21, 0x04, 0x21, 0x04, 0x21, 0x04, 0x21,
    0x04, 0x21, 0x04, 0x21, 0x04, 0x21, 0x04, 0x21, 0x04, 0x21, 0x04, 0x21, 0x04, 0x21, 0x04, 0x21,
    0x04, 0x21, 0x04, 0x21, 0x04, 0x21, 0x04, 0x21, 0x04, 0x21, 0x04, 0x21, 0x04, 0x21, 0x04, 0x21,
    0x04, 0x21, 0x04, 0x21, 0x04, 0x21, 0x04, 0x21, 0x04, 0x21, 0x04, 0x21, 0x04, 0x21, 0x04, 0x21,
    0x04, 0x21, 0x04, 0x21, 0x04, 0x21, 0x04, 0x21, 0x04, 0x21, 0x04, 0x21, 0x04, 0x21, 0x04, 0x21,
    0x04, 0x21, 0x04, 0x21, 0x04, 0x21, 0x04, 0x21, 0x04, 0x21, 0x04, 0x21, 0x04, 0x21, 0x04, 0x21,
    0x04, 0x21, 0x04, 0x21, 0x04, 0x21, 0x04, 0x21, 0x04, 0x21, 0x04, 0x21, 0x04, 0x21, 0x04, 0x21,
    0x04, 0x21, 0x04, 0x21, 0x04, 0x21, 0x04, 0x21, 0x04, 0x21, 0x04, 0x21, 0x04, 0x21, 0x04, 0x21,
    0x04, 0x21, 0x04, 0x21, 0x04, 0x21, 0x04, 0x21, 0x04, 0x21, 0x04, 0x21, 0x04, 0x21, 0x04, 0x21,
    0x04, 0x21, 0x04, 0x21, 0x04, 0x21, 0x04, 0x21, 0x04, 0x21, 0x04, 0x21, 0x04, 0x21, 0x04, 0x21,
    0x04, 0x21, 0x04, 0x21, 0x04, 0x21, 0x04, 0x21, 0x04, 0x21, 0x04, 0x21, 0x04, 0x21, 0x04, 0x21,
    0x04, 0x21, 0x04, 0x21, 0x04, 0x21, 0x04, 0x21, 0x04, 0x21, 0x04, 0x21, 0x04, 0x21, 0x04, 0x21,
    0x04, 0x21, 0x04, 0x21, 0x04, 0x21, 0x04, 0x21, 0x04, 0x21, 0x04, 0x21, 0x04, 0x21, 0x04, 0x21,
    0x04, 0x21, 0x04, 0x21, 0x04, 0x21, 0x04, 0x21, 0x04, 0x21, 0x04, 0x21, 0x04, 0x21, 0x04, 0x21,
    0x04, 0x21, 0x04, 0x21, 0x04, 0x21, 0x04, 0x21, 0x04, 0x21, 0x04, 0x21, 0x04, 0x21, 0x04, 0x21,
    0x04, 0x21, 0x04, 0x21, 0x04, 0x21, 0x04, 0x21, 0x04, 0x21, 0x04, 0x21, 0x04, 0x21, 0x04, 0x21,
    0x04, 0x21, 0xCB, 0x5A, 0x9E, 0xF7, 0xFF, 0xFF, 0xFF, 0xFF, 0xFF, 0xFF, 0xFF, 0xFF, 0xFF, 0xFF,
    0xFF, 0xFF, 0xFF, 0xFF, 0xFF, 0xFF, 0xFF, 0xFF, 0xFF, 0xFF, 0xFF, 0xFF, 0xFF, 0xFF, 0xFF, 0xFF,
    0xFF, 0xFF, 0xFF, 0xFF, 0xFF, 0xFF, 0xFF, 0xFF, 0xFF, 0xFF, 0xFF, 0xFF, 0xFF, 0xFF, 0xFF, 0xFF,
    0xFF, 0xFF, 0xFF, 0xFF, 0xFF, 0xFF, 0xFF, 0xFF, 0xFF, 0xFF, 0xFF, 0xFF, 0xFF, 0xFF, 0xFF, 0xFF,
    0xFF, 0xFF, 0xFF, 0xFF, 0xFF, 0xFF, 0xFF, 0xFF, 0xFF, 0xFF, 0xFF, 0xFF, 0xFF, 0xFF, 0xFF, 0xFF,
    0xFF, 0xFF, 0xFF, 0xFF, 0xFF, 0xFF, 0xFF, 0xFF, 0xFF, 0xFF, 0xFF, 0xFF, 0xFF, 0xFF, 0xFF, 0xFF,
    0xFF, 0xFF, 0xFF, 0xFF, 0xFF, 0xFF, 0xFF, 0xFF, 0xFF, 0xFF, 0xFF, 0xFF, 0xFF, 0xFF, 0xFF, 0xFF,
    0xFF, 0xFF, 0xFF, 0xFF, 0xFF, 0xFF, 0xFF, 0xFF, 0xFF, 0xFF, 0xFF, 0xFF, 0xFF, 0xFF, 0xFF, 0xFF,
    0xFF, 0xFF, 0xFF, 0xFF, 0xFF, 0xFF, 0xFF, 0xFF, 0xFF, 0xFF, 0xFF, 0xFF, 0xFF, 0xFF, 0xFF, 0xFF,
    0xFF, 0xFF, 0xFF, 0xFF, 0xFF, 0xFF, 0xFF, 0xFF, 0xFF, 0xFF, 0xFF, 0xFF, 0xFF, 0xFF, 0xBA, 0xD6,
    0x65, 0x29, 0x04, 0x21, 0x04, 0x21, 0x04, 0x21, 0x04, 0x21, 0x04, 0x21, 0x04, 0x21, 0x04, 0x21,
    0x04, 0x21, 0x04, 0x21, 0x04, 0x21, 0x04, 0x21, 0x04, 0x21, 0x04, 0x21, 0x04, 0x21, 0x6D, 0x6B,
    0xFB, 0xDE, 0x5D, 0xEF, 0x5D, 0xEF, 0x5D, 0xEF, 0x5D, 0xEF, 0x7D, 0xEF, 0x7D, 0xEF, 0x7D, 0xEF,
    0x7D, 0xEF, 0x7D, 0xEF, 0x7D, 0xEF, 0x7D, 0xEF, 0x7D, 0xEF, 0x7D, 0xEF, 0x7D, 0xEF, 0x7D, 0xEF,
    0x7D, 0xEF, 0x7D, 0xEF, 0x7D, 0xEF, 0x7D, 0xEF, 0x7D, 0xEF, 0x7D, 0xEF, 0x7D, 0xEF, 0x9E, 0xF7,
    0x9E, 0xF7, 0x9E, 0xF7, 0x9E, 0xF7, 0x9E, 0xF7, 0x9E, 0xF7, 0x9E, 0xF7, 0x9E, 0xF7, 0x9E, 0xF7,
    0x9E, 0xF7, 0x9E, 0xF7, 0x9E, 0xF7, 0x9E, 0xF7, 0x9E, 0xF7, 0xBE, 0xF7, 0xBE, 0xF7, 0xBE, 0xF7,
    0xBE, 0xF7, 0xBE, 0xF7, 0xBE, 0xF7, 0xBE, 0xF7, 0xBE, 0xF7, 0xBE, 0xF7, 0xBE, 0xF7, 0xBE, 0xF7,
    0xBE, 0xF7, 0xBE, 0xF7, 0xBE, 0xF7, 0xBE, 0xF7, 0xBE, 0xF7, 0xBE, 0xF7, 0xBE, 0xF7, 0xBE, 0xF7,
    0xBE, 0xF7, 0xBE, 0xF7, 0xBE, 0xF7, 0xBE, 0xF7, 0xBE, 0xF7, 0xBE, 0xF7, 0xBE, 0xF7, 0xBE, 0xF7,
    0xDF, 0xFF, 0xDF, 0xFF, 0xDF, 0xFF, 0xDF, 0xFF, 0xDF, 0xFF, 0xDF, 0xFF, 0xDF, 0xFF, 0xDF, 0xFF,
    0xDF, 0xFF, 0xDF, 0xFF, 0xDF, 0xFF, 0xDF, 0xFF, 0xDF, 0xFF, 0xDF, 0xFF, 0x71, 0x8C, 0x04, 0x21,
    0x04, 0x21, 0x04, 0x21, 0x04, 0x21, 0x04, 0x21, 0x04, 0x21, 0x04, 0x21, 0x04, 0x21, 0x04, 0x21,
    0x04, 0x21, 0x04, 0x21, 0x04, 0x21, 0x04, 0x21, 0x04, 0x21, 0x04, 0x21, 0x04, 0x21, 0x04, 0x21,
    0x04, 0x21, 0x04, 0x21, 0x04, 0x21, 0x04, 0x21, 0x04, 0x21, 0x04, 0x21, 0x04, 0x21, 0x04, 0x21,
    0x04, 0x21, 0x04, 0x21, 0x04, 0x21, 0x04, 0x21, 0x04, 0x21, 0x04, 0x21, 0x04, 0x21, 0x04, 0x21,
    0x04, 0x21, 0x04, 0x21, 0x04, 0x21, 0x04, 0x21, 0x04, 0x21, 0x04, 0x21, 0x04, 0x21, 0x04, 0x21,
    0x04, 0x21, 0x04, 0x21, 0x04, 0x21, 0x04, 0x21, 0x04, 0x21, 0x04, 0x21, 0x04, 0x21, 0x04, 0x21,
    0x04, 0x21, 0x04, 0x21, 0x04, 0x21, 0x04, 0x21, 0x04, 0x21, 0x04, 0x21, 0x04, 0x21, 0x04, 0x21,
    0x04, 0x21, 0x04, 0x21, 0x04, 0x21, 0x04, 0x21, 0x04, 0x21, 0x04, 0x21, 0x04, 0x21, 0x04, 0x21,
    0x04, 0x21, 0x04, 0x21, 0x04, 0x21, 0x04, 0x21, 0x04, 0x21, 0x04, 0x21, 0x04, 0x21, 0x04, 0x21,
    0x04, 0x21, 0x04, 0x21, 0x04, 0x21, 0x04, 0x21, 0x04, 0x21, 0x04, 0x21, 0x04, 0x21, 0x04, 0x21,
    0x04, 0x21, 0x04, 0x21, 0x04, 0x21, 0x04, 0x21, 0x04, 0x21, 0x04, 0x21, 0x04, 0x21, 0x04, 0x21,
    0x04, 0x21, 0x04, 0x21, 0x04, 0x21, 0x04, 0x21, 0x04, 0x21, 0x04, 0x21, 0x04, 0x21, 0x04, 0x21,
    0x04, 0x21, 0x04, 0x21, 0x04, 0x21, 0x04, 0x21, 0x04, 0x21, 0x04, 0x21, 0x04, 0x21, 0x04, 0x21,
    0x04, 0x21, 0x04, 0x21, 0x04, 0x21, 0x04, 0x21, 0x04, 0x21, 0x04, 0x21, 0x04, 0x21, 0x04, 0x21,
    0x04, 0x21, 0x04, 0x21, 0x04, 0x21, 0x04, 0x21, 0x04, 0x21, 0x04, 0x21, 0x04, 0x21, 0x04, 0x21,
    0x04, 0x21, 0x04, 0x21, 0x04, 0x21, 0x04, 0x21, 0x04, 0x21, 0x04, 0x21, 0x04, 0x21, 0x04, 0x21,
    0x04, 0x21, 0x04, 0x21, 0x04, 0x21, 0x04, 0x21, 0x04, 0x21, 0x04, 0x21, 0x04, 0x21, 0x04, 0x21,
    0x04, 0x21, 0x04, 0x21, 0x04, 0x21, 0x04, 0x21, 0x04, 0x21, 0x04, 0x21, 0x04, 0x21, 0x04, 0x21,
    0x10, 0x84, 0xFF, 0xFF, 0xFF, 0xFF, 0xFF, 0xFF, 0xFF, 0xFF, 0xFF, 0xFF, 0xFF, 0xFF, 0xFF, 0xFF,
    0xFF, 0xFF, 0xFF, 0xFF, 0xFF, 0xFF, 0xFF, 0xFF, 0xFF, 0xFF, 0xFF, 0xFF, 0xFF, 0xFF, 0xFF, 0xFF,
    0xFF, 0xFF, 0xFF, 0xFF, 0xFF, 0xFF, 0xFF, 0xFF, 0xFF, 0xFF, 0xFF, 0xFF, 0xFF, 0xFF, 0xFF, 0xFF,
    0xFF, 0xFF, 0xFF, 0xFF, 0xFF, 0xFF, 0xFF, 0xFF, 0xFF, 0xFF, 0xFF, 0xFF, 0xFF, 0xFF, 0xFF, 0xFF,
    0xFF, 0xFF, 0xFF, 0xFF, 0xFF, 0xFF, 0xFF, 0xFF, 0xFF, 0xFF, 0xFF, 0xFF, 0xFF, 0xFF, 0xFF, 0xFF,
    0xFF, 0xFF, 0xFF, 0xFF, 0xFF, 0xFF, 0xFF, 0xFF, 0xFF, 0xFF, 0xFF, 0xFF, 0xFF, 0xFF, 0xFF, 0xFF,
    0xFF, 0xFF, 0xFF, 0xFF, 0xFF, 0xFF, 0xFF, 0xFF, 0xFF, 0xFF, 0xFF, 0xFF, 0xFF, 0xFF, 0xFF, 0xFF,
    0xFF, 0xFF, 0xFF, 0xFF, 0xFF, 0xFF, 0xFF, 0xFF, 0xFF, 0xFF, 0xFF, 0xFF, 0xFF, 0xFF, 0xFF, 0xFF,
    0xFF, 0xFF, 0xFF, 0xFF, 0xFF, 0xFF, 0xFF, 0xFF, 0xFF, 0xFF, 0xFF, 0xFF, 0xFF, 0xFF, 0xFF, 0xFF,
    0xFF, 0xFF, 0xFF, 0xFF, 0xFF, 0xFF, 0xFF, 0xFF, 0xFF, 0xFF, 0xFF, 0xFF, 0xFF, 0xFF, 0xFF, 0xFF,
    0x38, 0xC6, 0x04, 0x21, 0x04, 0x21, 0x04, 0x21, 0x04, 0x21, 0x04, 0x21, 0x04, 0x21, 0x04, 0x21,
    0x04, 0x21, 0x04, 0x21, 0x04, 0x21, 0x04, 0x21, 0x04, 0x21, 0x04, 0x21, 0xCF, 0x7B, 0x5D, 0xEF,
    0x5D, 0xEF, 0x5D, 0xEF, 0x5D, 0xEF, 0x5D, 0xEF, 0x5D, 0xEF, 0x5D, 0xEF, 0x5D, 0xEF, 0x5D, 0xEF,
    0x7D, 0xEF, 0x7D, 0xEF, 0x7D, 0xEF, 0x7D, 0xEF, 0x7D, 0xEF, 0x7D, 0xEF, 0x7D, 0xEF, 0x7D, 0xEF,
    0x7D, 0xEF, 0x7D, 0xEF, 0x7D, 0xEF, 0x7D, 0xEF, 0x7D, 0xEF, 0x9E, 0xF7, 0x7D, 0xEF, 0x9E, 0xF7,
    0x9E, 0xF7, 0x9E, 0xF7, 0x9E, 0xF7, 0x9E, 0xF7, 0x9E, 0xF7, 0x9E, 0xF7, 0x9E, 0xF7, 0x9E, 0xF7,
    0x9E, 0xF7, 0x9E, 0xF7, 0x9E, 0xF7, 0x9E, 0xF7, 0x9E, 0xF7, 0x9E, 0xF7, 0xBE, 0xF7, 0xBE, 0xF7,
    0xBE, 0xF7, 0xBE, 0xF7, 0xBE, 0xF7, 0xBE, 0xF7, 0xBE, 0xF7, 0xBE, 0xF7, 0xBE, 0xF7, 0xBE, 0xF7,
    0xBE, 0xF7, 0xBE, 0xF7, 0xBE, 0xF7, 0xBE, 0xF7, 0xBE, 0xF7, 0xBE, 0xF7, 0xBE, 0xF7, 0xBE, 0xF7,
    0xBE, 0xF7, 0xBE, 0xF7, 0xBE, 0xF7, 0xBE, 0xF7, 0xBE, 0xF7, 0xDF, 0xFF, 0xDF, 0xFF, 0xDF, 0xFF,
    0xDF, 0xFF, 0xDF, 0xFF, 0xDF, 0xFF, 0xDF, 0xFF, 0xDF, 0xFF, 0xDF, 0xFF, 0xDF, 0xFF, 0xDF, 0xFF,
    0xDF, 0xFF, 0xDF, 0xFF, 0xDF, 0xFF, 0xDF, 0xFF, 0xDF, 0xFF, 0xDF, 0xFF, 0xDF, 0xFF, 0x71, 0x8C,
    0x04, 0x21, 0x04, 0x21, 0x04, 0x21, 0x04, 0x21, 0x04, 0x21, 0x04, 0x21, 0x04, 0x21, 0x04, 0x21,
    0x04, 0x21, 0x04, 0x21, 0x04, 0x21, 0x04, 0x21, 0x04, 0x21, 0x04, 0x21, 0x04, 0x21, 0x04, 0x21,
    0x04, 0x21, 0x04, 0x21, 0x04, 0x21, 0x04, 0x21, 0x04, 0x21, 0x04, 0x21, 0x04, 0x21, 0x04, 0x21,
    0x04, 0x21, 0x04, 0x21, 0x04, 0x21, 0x04, 0x21, 0x04, 0x21, 0x04, 0x21, 0x04, 0x21, 0x04, 0x21,
    0x04, 0x21, 0x04, 0x21, 0x04, 0x21, 0x04, 0x21, 0x04, 0x21, 0x04, 0x21, 0x04, 0x21, 0x04, 0x21,
    0x04, 0x21, 0x04, 0x21, 0x04, 0x21, 0x04, 0x21, 0x04, 0x21, 0x04, 0x21, 0x04, 0x21, 0x04, 0x21,
    0x04, 0x21, 0x04, 0x21, 0x04, 0x21, 0x04, 0x21, 0x04, 0x21, 0x04, 0x21, 0x04, 0x21, 0x04, 0x21,
    0x04, 0x21, 0x04, 0x21, 0x04, 0x21, 0x04, 0x21, 0x04, 0x21, 0x04, 0x21, 0x04, 0x21, 0x04, 0x21,
    0x04, 0x21, 0x04, 0x21, 0x04, 0x21, 0x04, 0x21, 0x04, 0x21, 0x04, 0x21, 0x04, 0x21, 0x04, 0x21,
    0x04, 0x21, 0x04, 0x21, 0x04, 0x21, 0x04, 0x21, 0x04, 0x21, 0x04, 0x21, 0x04, 0x21, 0x04, 0x21,
    0x04, 0x21, 0x04, 0x21, 0x04, 0x21, 0x04, 0x21, 0x04, 0x21, 0x04, 0x21, 0x04, 0x21, 0x04, 0x21,
    0x04, 0x21, 0x04, 0x21, 0x04, 0x21, 0x04, 0x21, 0x04, 0x21, 0x04, 0x21, 0x04, 0x21, 0x04, 0x21,
    0x04, 0x21, 0x04, 0x21, 0x04, 0x21, 0x04, 0x21, 0x04, 0x21, 0x04, 0x21, 0xE7, 0x39, 0xAA, 0x52,
    0xC7, 0x39, 0x04, 0x21, 0x04, 0x21, 0x04, 0x21, 0x04, 0x21, 0x04, 0x21, 0x04, 0x21, 0x04, 0x21,
    0x04, 0x21, 0x04, 0x21, 0x04, 0x21, 0x04, 0x21, 0x04, 0x21, 0x04, 0x21, 0x04, 0x21, 0x04, 0x21,
    0x04, 0x21, 0x04, 0x21, 0x04, 0x21, 0x04, 0x21, 0x04, 0x21, 0x04, 0x21, 0x04, 0x21, 0x04, 0x21,
    0x04, 0x21, 0x04, 0x21, 0x04, 0x21, 0x04, 0x21, 0x04, 0x21, 0x04, 0x21, 0x04, 0x21, 0x04, 0x21,
    0x04, 0x21, 0x04, 0x21, 0x04, 0x21, 0x04, 0x21, 0x04, 0x21, 0x04, 0x21, 0x04, 0x21, 0x92, 0x94,
    0xFF, 0xFF, 0xFF, 0xFF, 0xFF, 0xFF, 0xFF, 0xFF, 0xFF, 0xFF, 0xFF, 0xFF, 0xFF, 0xFF, 0xFF, 0xFF,
    0xFF, 0xFF, 0xFF, 0xFF, 0xFF, 0xFF, 0xFF, 0xFF, 0xFF, 0xFF, 0xFF, 0xFF, 0xFF, 0xFF, 0xFF, 0xFF,
    0xFF, 0xFF, 0xFF, 0xFF, 0xFF, 0xFF, 0xFF, 0xFF, 0xFF, 0xFF, 0xFF, 0xFF, 0xFF, 0xFF, 0xFF, 0xFF,
    0xFF, 0xFF, 0xFF, 0xFF, 0xFF, 0xFF, 0xFF, 0xFF, 0xFF, 0xFF, 0xFF, 0xFF, 0xFF, 0xFF, 0xFF, 0xFF,
    0xFF, 0xFF, 0xFF, 0xFF, 0xFF, 0xFF, 0xFF, 0xFF, 0xFF, 0xFF, 0xFF, 0xFF, 0xFF, 0xFF, 0xFF, 0xFF,
    0xFF, 0xFF, 0xFF, 0xFF, 0xFF, 0xFF, 0xFF, 0xFF, 0xFF, 0xFF, 0xFF, 0xFF, 0xFF, 0xFF, 0xFF, 0xFF,
    0xFF, 0xFF, 0xFF, 0xFF, 0xFF, 0xFF, 0xFF, 0xFF, 0xFF, 0xFF, 0xFF, 0xFF, 0xFF, 0xFF, 0xFF, 0xFF,
    0xFF, 0xFF, 0xFF, 0xFF, 0xFF, 0xFF, 0xFF, 0xFF, 0xFF, 0xFF, 0xFF, 0xFF, 0xFF, 0xFF, 0xFF, 0xFF,
    0xFF, 0xFF, 0xFF, 0xFF, 0xFF, 0xFF, 0xFF, 0xFF, 0xFF, 0xFF, 0xFF, 0xFF, 0xFF, 0xFF, 0xFF, 0xFF,
    0xFF, 0xFF, 0xFF, 0xFF, 0xFF, 0xFF, 0xFF, 0xFF, 0xFF, 0xFF, 0xFF, 0xFF, 0xFF, 0xFF, 0xFF, 0xFF,
    0xFF, 0xFF, 0x75, 0xAD, 0x04, 0x21, 0x04, 0x21, 0x04, 0x21, 0x04, 0x21, 0x04, 0x21, 0x04, 0x21,
    0x04, 0x21, 0x04, 0x21, 0x04, 0x21, 0x04, 0x21, 0x04, 0x21, 0x30, 0x84, 0x5D, 0xEF, 0x5D, 0xEF,
    0x5D, 0xEF, 0x5D, 0xEF, 0x5D, 0xEF, 0x5D, 0xEF, 0x5D, 0xEF, 0x5D, 0xEF, 0x5D, 0xEF, 0x5D, 0xEF,
    0x5D, 0xEF, 0x7D, 0xEF, 0x5D, 0xEF, 0x7D, 0xEF, 0x7D, 0xEF, 0x7D, 0xEF, 0x7D, 0xEF, 0x7D, 0xEF,
    0x7D, 0xEF, 0x7D, 0xEF, 0x7D, 0xEF, 0x7D, 0xEF, 0x7D, 0xEF, 0x7D, 0xEF, 0x7D, 0xEF, 0x7D, 0xEF,
    0x7D, 0xEF, 0x7D, 0xEF, 0x9E, 0xF7, 0x9E, 0xF7, 0x9E, 0xF7, 0x9E, 0xF7, 0x9E, 0xF7, 0x9E, 0xF7,
    0x9E, 0xF7, 0x9E, 0xF7, 0x9E, 0xF7, 0x9E, 0xF7, 0x9E, 0xF7, 0x9E, 0xF7, 0xBE, 0xF7, 0xBE, 0xF7,
    0xBE, 0xF7, 0xBE, 0xF7, 0xBE, 0xF7, 0xBE, 0xF7, 0xBE, 0xF7, 0xBE, 0xF7, 0xBE, 0xF7, 0xBE, 0xF7,
    0xBE, 0xF7, 0xBE, 0xF7, 0xBE, 0xF7, 0xBE, 0xF7, 0xBE, 0xF7, 0xBE, 0xF7, 0xBE, 0xF7, 0xBE, 0xF7,
    0xBE, 0xF7, 0xBE, 0xF7, 0xBE, 0xF7, 0xBE, 0xF7, 0xBE, 0xF7, 0xBE, 0xF7, 0xBE, 0xF7, 0xDF, 0xFF,
    0xDF, 0xFF, 0xDF, 0xFF, 0xDF, 0xFF, 0xDF, 0xFF, 0xDF, 0xFF, 0xDF, 0xFF, 0xDF, 0xFF, 0xDF, 0xFF,
    0xDF, 0xFF, 0xDF, 0xFF, 0xDF, 0xFF, 0xDF, 0xFF, 0xDF, 0xFF, 0xDF, 0xFF, 0xDF, 0xFF, 0xDF, 0xFF,
    0xB6, 0xB5, 0x65, 0x29, 0x04, 0x21, 0x04, 0x21, 0x04, 0x21, 0x04, 0x21, 0x04, 0x21, 0x04, 0x21,
    0x04, 0x21, 0x04, 0x21, 0x04, 0x21, 0x04, 0x21, 0x04, 0x21, 0x04, 0x21, 0x04, 0x21, 0x04, 0x21,
    0x04, 0x21, 0x04, 0x21, 0x04, 0x21, 0x04, 0x21, 0x04, 0x21, 0x04, 0x21, 0x04, 0x21, 0x04, 0x21,
    0x04, 0x21, 0x04, 0x21, 0x04, 0x21, 0x04, 0x21, 0x04, 0x21, 0x04, 0x21, 0x04, 0x21, 0x04, 0x21,
    0x04, 0x21, 0x04, 0x21, 0x04, 0x21, 0x04, 0x21, 0x04, 0x21, 0x04, 0x21, 0x04, 0x21, 0x04, 0x21,
    0x04, 0x21, 0x04, 0x21, 0x04, 0x21, 0x04, 0x21, 0x04, 0x21, 0x04, 0x21, 0x04, 0x21, 0x04, 0x21,
    0x04, 0x21, 0x04, 0x21, 0x04, 0x21, 0x04, 0x21, 0x04, 0x21, 0x04, 0x21, 0x04, 0x21, 0x04, 0x21,
    0x04, 0x21, 0x04, 0x21, 0x04, 0x21, 0x04, 0x21, 0x04, 0x21, 0x04, 0x21, 0x04, 0x21, 0x04, 0x21,
    0x04, 0x21, 0x04, 0x21, 0x04, 0x21, 0x04, 0x21, 0x04, 0x21, 0x04, 0x21, 0x04, 0x21, 0x04, 0x21,
    0x04, 0x21, 0x04, 0x21, 0x04, 0x21, 0x04, 0x21, 0x04, 0x21, 0x04, 0x21, 0x04, 0x21, 0x04, 0x21,
    0x04, 0x21, 0x04, 0x21, 0x04, 0x21, 0x04, 0x21, 0x04, 0x21, 0x04, 0x21, 0x04, 0x21, 0x04, 0x21,
    0x04, 0x21, 0x04, 0x21, 0x04, 0x21, 0x04, 0x21, 0x04, 0x21, 0x04, 0x21, 0x04, 0x21, 0x04, 0x21,
    0x04, 0x21, 0x04, 0x21, 0x04, 0x21, 0xE7, 0x39, 0x10, 0x84, 0xBA, 0xD6, 0x7D, 0xEF, 0x18, 0xC6,
    0xD3, 0x9C, 0x8A, 0x52, 0x04, 0x21, 0x04, 0x21, 0x04, 0x21, 0x04, 0x21, 0x04, 0x21, 0x04, 0x21,
    0x04, 0x21, 0x04, 0x21, 0x04, 0x21, 0x04, 0x21, 0x2C, 0x63, 0x55, 0xAD, 0x1C, 0xE7, 0xFF, 0xFF,
    0xFF, 0xFF, 0xBA, 0xD6, 0xD7, 0xBD, 0xAE, 0x73, 0x04, 0x21, 0x04, 0x21, 0x04, 0x21, 0x04, 0x21,
    0x04, 0x21, 0x04, 0x21, 0x04, 0x21, 0x04, 0x21, 0x04, 0x21, 0x04, 0x21, 0x04, 0x21, 0x04, 0x21,
    0x04, 0x21, 0x04, 0x21, 0x04, 0x21, 0x04, 0x21, 0x04, 0x21, 0x04, 0x21, 0xF3, 0x9C, 0xFF, 0xFF,
    0xFF, 0xFF, 0xFF, 0xFF, 0xFF, 0xFF, 0xFF, 0xFF, 0xFF, 0xFF, 0xFF, 0xFF, 0xFF, 0xFF, 0xFF, 0xFF,
    0xFF, 0xFF, 0xFF, 0xFF, 0xFF, 0xFF, 0xFF, 0xFF, 0xFF, 0xFF, 0xFF, 0xFF, 0xFF, 0xFF, 0xFF, 0xFF,
    0xFF, 0xFF, 0xFF, 0xFF, 0xFF, 0xFF, 0xFF, 0xFF, 0xFF, 0xFF, 0xFF, 0xFF, 0xFF, 0xFF, 0xFF, 0xFF,
    0xFF, 0xFF, 0xFF, 0xFF, 0xFF, 0xFF, 0xFF, 0xFF, 0xFF, 0xFF, 0xFF, 0xFF, 0xFF, 0xFF, 0xFF, 0xFF,
    0xFF, 0xFF, 0xFF, 0xFF, 0xFF, 0xFF, 0xFF, 0xFF, 0xFF, 0xFF, 0xFF, 0xFF, 0xFF, 0xFF, 0xFF, 0xFF,
    0xFF, 0xFF, 0xFF, 0xFF, 0xFF, 0xFF, 0xFF, 0xFF, 0xFF, 0xFF, 0xFF, 0xFF, 0xFF, 0xFF, 0xFF, 0xFF,
    0xFF, 0xFF, 0xFF, 0xFF, 0xFF, 0xFF, 0xFF, 0xFF, 0xFF, 0xFF, 0xFF, 0xFF, 0xFF, 0xFF, 0xFF, 0xFF,
    0xFF, 0xFF, 0xFF, 0xFF, 0xFF, 0xFF, 0xFF, 0xFF, 0xFF, 0xFF, 0xFF, 0xFF, 0xFF, 0xFF, 0xFF, 0xFF,
    0xFF, 0xFF, 0xFF, 0xFF, 0xFF, 0xFF, 0xFF, 0xFF, 0xFF, 0xFF, 0xFF, 0xFF, 0xFF, 0xFF, 0xFF, 0xFF,
    0xFF, 0xFF, 0xFF, 0xFF, 0xFF, 0xFF, 0xFF, 0xFF, 0xFF, 0xFF, 0xFF, 0xFF, 0xFF, 0xFF, 0xFF, 0xFF,
    0xFF, 0xFF, 0xFF, 0xFF, 0x92, 0x94, 0x04, 0x21, 0x04, 0x21, 0x04, 0x21, 0x04, 0x21, 0x04, 0x21,
    0x04, 0x21, 0x04, 0x21, 0x04, 0x21, 0x04, 0x21, 0x30, 0x84, 0x5D, 0xEF, 0x5D, 0xEF, 0x5D, 0xEF,
    0x5D, 0xEF, 0x5D, 0xEF, 0x5D, 0xEF, 0x5D, 0xEF, 0x5D, 0xEF, 0x5D, 0xEF, 0x5D, 0xEF, 0x5D, 0xEF,
    0x5D, 0xEF, 0x5D, 0xEF, 0x5D, 0xEF, 0x5D, 0xEF, 0x7D, 0xEF, 0x7D, 0xEF, 0x7D, 0xEF, 0x7D, 0xEF,
    0x7D, 0xEF, 0x7D, 0xEF, 0x7D, 0xEF, 0x7D, 0xEF, 0x7D, 0xEF, 0x7D, 0xEF, 0x7D, 0xEF, 0x7D, 0xEF,
    0x7D, 0xEF, 0x7D, 0xEF, 0x7D, 0xEF, 0x7D, 0xEF, 0x9E, 0xF7, 0x9E, 0xF7, 0x9E, 0xF7, 0x9E, 0xF7,
    0x9E, 0xF7, 0x9E, 0xF7, 0x9E, 0xF7, 0x9E, 0xF7, 0x9E, 0xF7, 0x9E, 0xF7, 0x9E, 0xF7, 0x9E, 0xF7,
    0x9E, 0xF7, 0x9E, 0xF7, 0xBE, 0xF7, 0xBE, 0xF7, 0xBE, 0xF7, 0xBE, 0xF7, 0xBE, 0xF7, 0xBE, 0xF7,
    0xBE, 0xF7, 0xBE, 0xF7, 0xBE, 0xF7, 0xBE, 0xF7, 0xBE, 0xF7, 0xBE, 0xF7, 0xBE, 0xF7, 0xBE, 0xF7,
    0xBE, 0xF7, 0xBE, 0xF7, 0xBE, 0xF7, 0xBE, 0xF7, 0xBE, 0xF7, 0xBE, 0xF7, 0xBE, 0xF7, 0xBE, 0xF7,
    0xDF, 0xFF, 0xDF, 0xFF, 0xDF, 0xFF, 0xDF, 0xFF, 0xDF, 0xFF, 0xDF, 0xFF, 0xDF, 0xFF, 0xDF, 0xFF,
    0xDF, 0xFF, 0xDF, 0xFF, 0xDF, 0xFF, 0xDF, 0xFF, 0xDF, 0xFF, 0xDF, 0xFF, 0xDF, 0xFF, 0xDF, 0xFF,
    0xDF, 0xFF, 0xFB, 0xDE, 0xE7, 0x39, 0x04, 0x21, 0x04, 0x21, 0x04, 0x21, 0x04, 0x21, 0x04, 0x21,
    0x04, 0x21, 0x04, 0x21, 0x04, 0x21, 0x04, 0x21, 0x04, 0x21, 0x04, 0x21, 0x04, 0x21, 0x04, 0x21,
    0x04, 0x21, 0x04, 0x21, 0x04, 0x21, 0x04, 0x21, 0x04, 0x21, 0x04, 0x21, 0x04, 0x21, 0x04, 0x21,
    0x04, 0x21, 0x04, 0x21, 0x04, 0x21, 0x04, 0x21, 0x04, 0x21, 0x04, 0x21, 0x04, 0x21, 0x04, 0x21,
    0x04, 0x21, 0x04, 0x21, 0x04, 0x21, 0x04, 0x21, 0x04, 0x21, 0x04, 0x21, 0x04, 0x21, 0x04, 0x21,
    0x04, 0x21, 0x04, 0x21, 0x04, 0x21, 0x04, 0x21, 0x04, 0x21, 0x04, 0x21, 0x04, 0x21, 0x04, 0x21,
    0x04, 0x21, 0x04, 0x21, 0x04, 0x21, 0x04, 0x21, 0x04, 0x21, 0x04, 0x21, 0x04, 0x21, 0x04, 0x21,
    0x04, 0x21, 0x04, 0x21, 0x04, 0x21, 0x04, 0x21, 0x04, 0x21, 0x04, 0x21, 0x04, 0x21, 0x04, 0x21,
    0x04, 0x21, 0x04, 0x21, 0x04, 0x21, 0x04, 0x21, 0x04, 0x21, 0x04, 0x21, 0x04, 0x21, 0x04, 0x21,
    0x04, 0x21, 0x04, 0x21, 0x04, 0x21, 0x04, 0x21, 0x04, 0x21, 0x04, 0x21, 0x04, 0x21, 0x04, 0x21,
    0x04, 0x21, 0x04, 0x21, 0x04, 0x21, 0x04, 0x21, 0x04, 0x21, 0x04, 0x21, 0x04, 0x21, 0x04, 0x21,
    0x04, 0x21, 0x04, 0x21, 0x04, 0x21, 0x04, 0x21, 0x04, 0x21, 0x04, 0x21, 0x04, 0x21, 0x04, 0x21,
    0x04, 0x21, 0x04, 0x21, 0x65, 0x29, 0x59, 0xCE, 0x9E, 0xF7, 0xBA, 0xD6, 0x8A, 0x52, 0x24, 0x21,
    0x04, 0x21, 0x04, 0x21, 0x04, 0x21, 0x04, 0x21, 0x04, 0x21, 0x04, 0x21, 0x04, 0x21, 0x04, 0x21,
    0x04, 0x21, 0x04, 0x21, 0xCB, 0x5A, 0x1C, 0xE7, 0xFF, 0xFF, 0x9E, 0xF7, 0x75, 0xAD, 0x92, 0x94,
    0x92, 0x94, 0xD7, 0xBD, 0x1C, 0xE7, 0xFF, 0xFF, 0x1C, 0xE7, 0xAE, 0x73, 0x04, 0x21, 0x04, 0x21,
    0x04, 0x21, 0x04, 0x21, 0x04, 0x21, 0x04, 0x21, 0x04, 0x21, 0x04, 0x21, 0x04, 0x21, 0x04, 0x21,
    0x04, 0x21, 0x04, 0x21, 0x04, 0x21, 0x04, 0x21, 0x65, 0x29, 0x59, 0xCE, 0xFF, 0xFF, 0xFF, 0xFF,
    0xFF, 0xFF, 0xFF, 0xFF, 0xFF, 0xFF, 0xFF, 0xFF, 0xFF, 0xFF, 0xFF, 0xFF, 0xFF, 0xFF, 0xFF, 0xFF,
    0xFF, 0xFF, 0xFF, 0xFF, 0xFF, 0xFF, 0xFF, 0xFF, 0xFF, 0xFF, 0xFF, 0xFF, 0xDF, 0xFF, 0xDF, 0xFF,
    0xDF, 0xFF, 0xDF, 0xFF, 0xDF, 0xFF, 0xDF, 0xFF, 0xDF, 0xFF, 0xDF, 0xFF, 0xDF, 0xFF, 0xDF, 0xFF,
    0xDF, 0xFF, 0xDF, 0xFF, 0xDF, 0xFF, 0xDF, 0xFF, 0xDF, 0xFF, 0xDF, 0xFF, 0xDF, 0xFF, 0xDF, 0xFF,
    0xDF, 0xFF, 0xDF, 0xFF, 0xDF, 0xFF, 0xDF, 0xFF, 0xDF, 0xFF, 0xDF, 0xFF, 0xDF, 0xFF, 0xDF, 0xFF,
    0xDF, 0xFF, 0xDF, 0xFF, 0xDF, 0xFF, 0xDF, 0xFF, 0xDF, 0xFF, 0xDF, 0xFF, 0xDF, 0xFF, 0xDF, 0xFF,
    0xDF, 0xFF, 0xDF, 0xFF, 0xDF, 0xFF, 0xDF, 0xFF, 0xDF, 0xFF, 0xDF, 0xFF, 0xDF, 0xFF, 0xDF, 0xFF,
    0xDF, 0xFF, 0xDF, 0xFF, 0xDF, 0xFF, 0xDF, 0xFF, 0xDF, 0xFF, 0xDF, 0xFF, 0xDF, 0xFF, 0xDF, 0xFF,
    0xDF, 0xFF, 0xDF, 0xFF, 0xDF, 0xFF, 0xDF, 0xFF, 0xDF, 0xFF, 0xDF, 0xFF, 0xDF, 0xFF, 0xDF, 0xFF,
    0xDF, 0xFF, 0xDF, 0xFF, 0xDF, 0xFF, 0xFF, 0xFF, 0xFF, 0xFF, 0xFF, 0xFF, 0xDF, 0xFF, 0xFF, 0xFF,
    0xFF, 0xFF, 0xFF, 0xFF, 0xFF, 0xFF, 0x92, 0x94, 0x04, 0x21, 0x04, 0x21, 0x04, 0x21, 0x04, 0x21,
    0x04, 0x21, 0x04, 0x21, 0x04, 0x21, 0xF3, 0x9C, 0x5D, 0xEF, 0x5D, 0xEF, 0x3C, 0xE7, 0x5D, 0xEF,
    0x5D, 0xEF, 0x5D, 0xEF, 0x5D, 0xEF, 0x5D, 0xEF, 0x5D, 0xEF, 0x5D, 0xEF, 0x5D, 0xEF, 0x5D, 0xEF,
    0x5D, 0xEF, 0x5D, 0xEF, 0x5D, 0xEF, 0x5D, 0xEF, 0x5D, 0xEF, 0x7D, 0xEF, 0x7D, 0xEF, 0x7D, 0xEF,
    0x7D, 0xEF, 0x7D, 0xEF, 0x7D, 0xEF, 0x7D, 0xEF, 0x7D, 0xEF, 0x7D, 0xEF, 0x7D, 0xEF, 0x7D, 0xEF,
    0x7D, 0xEF, 0x7D, 0xEF, 0x7D, 0xEF, 0x9E, 0xF7, 0x9E, 0xF7, 0x9E, 0xF7, 0x7D, 0xEF, 0x9E, 0xF7,
    0x9E, 0xF7, 0x9E, 0xF7, 0x9E, 0xF7, 0x9E, 0xF7, 0x9E, 0xF7, 0x9E, 0xF7, 0x9E, 0xF7, 0x9E, 0xF7,
    0x9E, 0xF7, 0xBE, 0xF7, 0xBE, 0xF7, 0xBE, 0xF7, 0xBE, 0xF7, 0xBE, 0xF7, 0xBE, 0xF7, 0xBE, 0xF7,
    0xBE, 0xF7, 0xBE, 0xF7, 0xBE, 0xF7, 0xBE, 0xF7, 0xBE, 0xF7, 0xBE, 0xF7, 0xBE, 0xF7, 0xBE, 0xF7,
    0xBE, 0xF7, 0xBE, 0xF7, 0xBE, 0xF7, 0xBE, 0xF7, 0xBE, 0xF7, 0xBE, 0xF7, 0xBE, 0xF7, 0xBE, 0xF7,
    0xBE, 0xF7, 0xBE, 0xF7, 0xDF, 0xFF, 0xDF, 0xFF, 0xDF, 0xFF, 0xDF, 0xFF, 0xDF, 0xFF, 0xDF, 0xFF,
    0xDF, 0xFF, 0xDF, 0xFF, 0xDF, 0xFF, 0xDF, 0xFF, 0xDF, 0xFF, 0xDF, 0xFF, 0xDF, 0xFF, 0xDF, 0xFF,
    0xDF, 0xFF, 0xDF, 0xFF, 0xFB, 0xDE, 0xE7, 0x39, 0x04, 0x21, 0x04, 0x21, 0x04, 0x21, 0x04, 0x21,
    0x04, 0x21, 0x04, 0x21, 0x04, 0x21, 0x04, 0x21, 0x04, 0x21, 0x04, 0x21, 0x04, 0x21, 0x04, 0x21,
    0x04, 0x21, 0x04, 0x21, 0x04, 0x21, 0x04, 0x21, 0x04, 0x21, 0x04, 0x21, 0x04, 0x21, 0x04, 0x21,
    0x04, 0x21, 0x04, 0x21, 0x04, 0x21, 0x04, 0x21, 0x04, 0x21, 0x04, 0x21, 0x04, 0x21, 0x04, 0x21,
    0x04, 0x21, 0x04, 0x21, 0x04, 0x21, 0x04, 0x21, 0x04, 0x21, 0x04, 0x21, 0x04, 0x21, 0x04, 0x21,
    0x04, 0x21, 0x04, 0x21, 0x04, 0x21, 0x04, 0x21, 0x04, 0x21, 0x04, 0x21, 0x04, 0x21, 0x04, 0x21,
    0x04, 0x21, 0x04, 0x21, 0x04, 0x21, 0x04, 0x21, 0x04, 0x21, 0x04, 0x21, 0x04, 0x21, 0x04, 0x21,
    0x04, 0x21, 0x04, 0x21, 0x04, 0x21, 0x04, 0x21, 0x04, 0x21, 0x04, 0x21, 0x04, 0x21, 0x04, 0x21,
    0x04, 0x21, 0x04, 0x21, 0x04, 0x21, 0x04, 0x21, 0x04, 0x21, 0x04, 0x21, 0x04, 0x21, 0x04, 0x21,
    0x04, 0x21, 0x04, 0x21, 0x04, 0x21, 0x04, 0x21, 0x04, 0x21, 0x04, 0x21, 0x04, 0x21, 0x04, 0x21,
    0x04, 0x21, 0x04, 0x21, 0x04, 0x21, 0x04, 0x21, 0x04, 0x21, 0x04, 0x21, 0x04, 0x21, 0x04, 0x21,
    0x04, 0x21, 0x04, 0x21, 0x04, 0x21, 0x04, 0x21, 0x04, 0x21, 0x04, 0x21, 0x04, 0x21, 0x04, 0x21,
    0x04, 0x21, 0x04, 0x21, 0x8A, 0x52, 0x7D, 0xEF, 0x7D, 0xEF, 0x79, 0xCE, 0xE7, 0x39, 0x04, 0x21,
    0x04, 0x21, 0x04, 0x21, 0x04, 0x21, 0x04, 0x21, 0x04, 0x21, 0x04, 0x21, 0x04, 0x21, 0x04, 0x21,
    0x04, 0x21, 0x92, 0x94, 0xFF, 0xFF, 0x1C, 0xE7, 0xCB, 0x5A, 0x04, 0x21, 0x04, 0x21, 0x65, 0x29,
    0x65, 0x29, 0x04, 0x21, 0x04, 0x21, 0xAE, 0x73, 0x1C, 0xE7, 0xFF, 0xFF, 0x71, 0x8C, 0x04, 0x21,
    0x04, 0x21, 0x04, 0x21, 0x04, 0x21, 0x04, 0x21, 0x04, 0x21, 0x04, 0x21, 0x04, 0x21, 0x04, 0x21,
    0x04, 0x21, 0x04, 0x21, 0x04, 0x21, 0xE7, 0x39, 0x1C, 0xE7, 0xFF, 0xFF, 0xFF, 0xFF, 0xFF, 0xFF,
    0xFF, 0xFF, 0xFF, 0xFF, 0xFF, 0xFF, 0xFF, 0xFF, 0xFF, 0xFF, 0xFF, 0xFF, 0xFF, 0xFF, 0x1C, 0xE7,
    0x69, 0x4A, 0x24, 0x21, 0x24, 0x21, 0x24, 0x21, 0x24, 0x21, 0x24, 0x21, 0x24, 0x21, 0x24, 0x21,
    0x24, 0x21, 0x24, 0x21, 0x24, 0x21, 0x24, 0x21, 0x24, 0x21, 0x24, 0x21, 0x24, 0x21, 0x24, 0x21,
    0x24, 0x21, 0x24, 0x21, 0x24, 0x21, 0x24, 0x21, 0x24, 0x21, 0x24, 0x21, 0x24, 0x21, 0x24, 0x21,
    0x24, 0x21, 0x24, 0x21, 0x24, 0x21, 0x24, 0x21, 0x24, 0x21, 0x24, 0x21, 0x24, 0x21, 0x24, 0x21,
    0x24, 0x21, 0x24, 0x21, 0x24, 0x21, 0x24, 0x21, 0x24, 0x21, 0x24, 0x21, 0x24, 0x21, 0x24, 0x21,
    0x24, 0x21, 0x24, 0x21, 0x24, 0x21, 0x24, 0x21, 0x24, 0x21, 0x24, 0x21, 0x24, 0x21, 0x24, 0x21,
    0x24, 0x21, 0x24, 0x21, 0x24, 0x21, 0x24, 0x21, 0x24, 0x21, 0x24, 0x21, 0x24, 0x21, 0x24, 0x21,
    0x24, 0x21, 0x24, 0x21, 0x24, 0x21, 0x24, 0x21, 0x24, 0x21, 0x24, 0x21, 0x24, 0x21, 0x24, 0x21,
    0x24, 0x21, 0x24, 0x21, 0x08, 0x42, 0xFB, 0xDE, 0xDF, 0xFF, 0xDF, 0xFF, 0xDF, 0xFF, 0xDF, 0xFF,
    0xFF, 0xFF, 0xFF, 0xFF, 0xFF, 0xFF, 0xFF, 0xFF, 0x10, 0x84, 0x04, 0x21, 0x04, 0x21, 0x04, 0x21,
    0x04, 0x21, 0x65, 0x29, 0xB6, 0xB5, 0x3C, 0xE7, 0x3C, 0xE7, 0x3C, 0xE7, 0x5D, 0xEF, 0x5D, 0xEF,
    0x5D, 0xEF, 0x5D, 0xEF, 0x5D, 0xEF, 0x5D, 0xEF, 0x5D, 0xEF, 0x5D, 0xEF, 0x5D, 0xEF, 0x5D, 0xEF,
    0x5D, 0xEF, 0x5D, 0xEF, 0x5D, 0xEF, 0x5D, 0xEF, 0x5D, 0xEF, 0x5D, 0xEF, 0x7D, 0xEF, 0x5D, 0xEF,
    0x7D, 0xEF, 0x7D, 0xEF, 0x7D, 0xEF, 0x7D, 0xEF, 0x7D, 0xEF, 0x7D, 0xEF, 0x7D, 0xEF, 0x7D, 0xEF,
    0x7D, 0xEF, 0x7D, 0xEF, 0x7D, 0xEF, 0x7D, 0xEF, 0x7D, 0xEF, 0x9E, 0xF7, 0x9E, 0xF7, 0x9E, 0xF7,
    0x9E, 0xF7, 0x9E, 0xF7, 0x9E, 0xF7, 0x9E, 0xF7, 0x9E, 0xF7, 0x9E, 0xF7, 0x9E, 0xF7, 0x9E, 0xF7,
    0x9E, 0xF7, 0x9E, 0xF7, 0x9E, 0xF7, 0xBE, 0xF7, 0xBE, 0xF7, 0xBE, 0xF7, 0xBE, 0xF7, 0xBE, 0xF7,
    0xBE, 0xF7, 0xBE, 0xF7, 0xBE, 0xF7, 0xBE, 0xF7, 0xBE, 0xF7, 0xBE, 0xF7, 0xBE, 0xF7, 0xBE, 0xF7,
    0xBE, 0xF7, 0xBE, 0xF7, 0xBE, 0xF7, 0xBE, 0xF7, 0xBE, 0xF7, 0xBE, 0xF7, 0xBE, 0xF7, 0xBE, 0xF7,
    0xBE, 0xF7, 0xBE, 0xF7, 0xBE, 0xF7, 0xDF, 0xFF, 0xBE, 0xF7, 0xDF, 0xFF, 0xDF, 0xFF, 0xDF, 0xFF,
    0xDF, 0xFF, 0xDF, 0xFF, 0xDF, 0xFF, 0xDF, 0xFF, 0xDF, 0xFF, 0xDF, 0xFF, 0xDF, 0xFF, 0xDF, 0xFF,
    0xDF, 0xFF, 0xDF, 0xFF, 0xDF, 0xFF, 0x7D, 0xEF, 0x8E, 0x73, 0x04, 0x21, 0x04, 0x21, 0x04, 0x21,
    0x04, 0x21, 0x04, 0x21, 0x04, 0x21, 0x04, 0x21, 0x04, 0x21, 0x04, 0x21, 0x04, 0x21, 0x04, 0x21,
    0x04, 0x21, 0x04, 0x21, 0x04, 0x21, 0x04, 0x21, 0x04, 0x21, 0x04, 0x21, 0x04, 0x21, 0x04, 0x21,
    0x04, 0x21, 0x04, 0x21, 0x04, 0x21, 0x04, 0x21, 0x04, 0x21, 0x04, 0x21, 0x04, 0x21, 0x04, 0x21,
    0x04, 0x21, 0x04, 0x21, 0x04, 0x21, 0x04, 0x21, 0x04, 0x21, 0x04, 0x21, 0x04, 0x21, 0x04, 0x21,
    0x04, 0x21, 0x04, 0x21, 0x04, 0x21, 0x04, 0x21, 0x04, 0x21, 0x04, 0x21, 0x04, 0x21, 0x04, 0x21,
    0x04, 0x21, 0x04, 0x21, 0x04, 0x21, 0x04, 0x21, 0x04, 0x21, 0x04, 0x21, 0x04, 0x21, 0x04, 0x21,
    0x04, 0x21, 0x04, 0x21, 0x04, 0x21, 0x04, 0x21, 0x04, 0x21, 0x04, 0x21, 0x04, 0x21, 0x04, 0x21,
    0x04, 0x21, 0x04, 0x21, 0x04, 0x21, 0x04, 0x21, 0x04, 0x21, 0x04, 0x21, 0x04, 0x21, 0x04, 0x21,
    0x04, 0x21, 0x04, 0x21, 0x04, 0x21, 0x04, 0x21, 0x04, 0x21, 0x04, 0x21, 0x04, 0x21, 0x04, 0x21,
    0x04, 0x21, 0x04, 0x21, 0x04, 0x21, 0x04, 0x21, 0x04, 0x21, 0x04, 0x21, 0x04, 0x21, 0x04, 0x21,
    0x04, 0x21, 0x04, 0x21, 0x04, 0x21, 0x04, 0x21, 0x04, 0x21, 0x04, 0x21, 0x04, 0x21, 0x04, 0x21,
    0x04, 0x21, 0x04, 0x21, 0x14, 0xA5, 0xDB, 0xDE, 0x92, 0x94, 0x5D, 0xEF, 0x59, 0xCE, 0xA6, 0x31,
    0x04, 0x21, 0x04, 0x21, 0x04, 0x21, 0x04, 0x21, 0x04, 0x21, 0x04, 0x21, 0x04, 0x21, 0x04, 0x21,
    0x04, 0x21, 0x9E, 0xF7, 0x55, 0xAD, 0x65, 0x29, 0xE7, 0x39, 0xF3, 0x9C, 0x9E, 0xF7, 0xFF, 0xFF,
    0xFF, 0xFF, 0x1C, 0xE7, 0x55, 0xAD, 0xE7, 0x39, 0x04, 0x21, 0xF3, 0x9C, 0x9E, 0xF7, 0x04, 0x21,
    0x04, 0x21, 0x04, 0x21, 0x04, 0x21, 0x04, 0x21, 0x04, 0x21, 0x04, 0x21, 0x04, 0x21, 0x04, 0x21,
    0x04, 0x21, 0x04, 0x21, 0xE7, 0x39, 0x1C, 0xE7, 0xFF, 0xFF, 0xFF, 0xFF, 0xFF, 0xFF, 0xFF, 0xFF,
    0xFF, 0xFF, 0xFF, 0xFF, 0xFF, 0xFF, 0xFF, 0xFF, 0xFF, 0xFF, 0xFF, 0xFF, 0x1C, 0xE7, 0x08, 0x42,
    0x24, 0x21, 0x24, 0x21, 0x24, 0x21, 0x24, 0x21, 0x24, 0x21, 0x24, 0x21, 0x24, 0x21, 0x24, 0x21,
    0x24, 0x21, 0x24, 0x21, 0x24, 0x21, 0x24, 0x21, 0x24, 0x21, 0x24, 0x21, 0x24, 0x21, 0x24, 0x21,
    0x24, 0x21, 0x24, 0x21, 0x24, 0x21, 0x24, 0x21, 0x24, 0x21, 0x24, 0x21, 0x24, 0x21, 0x24, 0x21,
    0x24, 0x21, 0x24, 0x21, 0x24, 0x21, 0x24, 0x21, 0x24, 0x21, 0x24, 0x21, 0x24, 0x21, 0x24, 0x21,
    0x24, 0x21, 0x24, 0x21, 0x24, 0x21, 0x24, 0x21, 0x24, 0x21, 0x24, 0x21, 0x24, 0x21, 0x24, 0x21,
    0x24, 0x21, 0x24, 0x21, 0x24, 0x21, 0x24, 0x21, 0x24, 0x21, 0x24, 0x21, 0x24, 0x21, 0x24, 0x21,
    0x24, 0x21, 0x24, 0x21, 0x24, 0x21, 0x24, 0x21, 0x24, 0x21, 0x24, 0x21, 0x24, 0x21, 0x24, 0x21,
    0x24, 0x21, 0x24, 0x21, 0x24, 0x21, 0x24, 0x21, 0x24, 0x21, 0x24, 0x21, 0x24, 0x21, 0x24, 0x21,
    0x24, 0x21, 0x24, 0x21, 0x24, 0x21, 0x08, 0x42, 0x5D, 0xEF, 0xBE, 0xF7, 0xDF, 0xFF, 0xDF, 0xFF,
    0xDF, 0xFF, 0xFF, 0xFF, 0xFF, 0xFF, 0xFF, 0xFF, 0xFF, 0xFF, 0xAE, 0x73, 0x04, 0x21, 0x04, 0x21,
    0x65, 0x29, 0x18, 0xC6, 0x3C, 0xE7, 0x3C, 0xE7, 0x3C, 0xE7, 0x3C, 0xE7, 0x3C, 0xE7, 0x5D, 0xEF,
    0x5D, 0xEF, 0x5D, 0xEF, 0x5D, 0xEF, 0x5D, 0xEF, 0x5D, 0xEF, 0x5D, 0xEF, 0x5D, 0xEF, 0x5D, 0xEF,
    0x5D, 0xEF, 0x5D, 0xEF, 0x5D, 0xEF, 0x5D, 0xEF, 0x5D, 0xEF, 0x5D, 0xEF, 0x5D, 0xEF, 0x5D, 0xEF,
    0x7D, 0xEF, 0x7D, 0xEF, 0x7D, 0xEF, 0x7D, 0xEF, 0x7D, 0xEF, 0x7D, 0xEF, 0x7D, 0xEF, 0x7D, 0xEF,
    0x7D, 0xEF, 0x7D, 0xEF, 0x7D, 0xEF, 0x7D, 0xEF, 0x7D, 0xEF, 0x7D, 0xEF, 0x9E, 0xF7, 0x7D, 0xEF,
    0x9E, 0xF7, 0x9E, 0xF7, 0x9E, 0xF7, 0x9E, 0xF7, 0x9E, 0xF7, 0x9E, 0xF7, 0x9E, 0xF7, 0x9E, 0xF7,
    0x9E, 0xF7, 0x9E, 0xF7, 0x9E, 0xF7, 0x9E, 0xF7, 0x9E, 0xF7, 0xBE, 0xF7, 0xBE, 0xF7, 0xBE, 0xF7,
    0xBE, 0xF7, 0xBE, 0xF7, 0xBE, 0xF7, 0xBE, 0xF7, 0xBE, 0xF7, 0xBE, 0xF7, 0xBE, 0xF7, 0xBE, 0xF7,
    0xBE, 0xF7, 0xBE, 0xF7, 0xBE, 0xF7, 0xBE, 0xF7, 0xBE, 0xF7, 0xBE, 0xF7, 0xBE, 0xF7, 0xBE, 0xF7,
    0xBE, 0xF7, 0xBE, 0xF7, 0xBE, 0xF7, 0xBE, 0xF7, 0xBE, 0xF7, 0xDF, 0xFF, 0xBE, 0xF7, 0xDF, 0xFF,
    0xDF, 0xFF, 0xDF, 0xFF, 0xDF, 0xFF, 0xDF, 0xFF, 0xDF, 0xFF, 0xDF, 0xFF, 0xDF, 0xFF, 0xDF, 0xFF,
    0xDF, 0xFF, 0xDF, 0xFF, 0xDF, 0xFF, 0xDF, 0xFF, 0xDF, 0xFF, 0x71, 0x8C, 0x04, 0x21, 0x04, 0x21,
    0x04, 0x21, 0x04, 0x21, 0x04, 0x21, 0x04, 0x21, 0x04, 0x21, 0x04, 0x21, 0x04, 0x21, 0x04, 0x21,
    0x04, 0x21, 0x04, 0x21, 0x04, 0x21, 0x04, 0x21, 0x04, 0x21, 0x04, 0x21, 0x04, 0x21, 0x04, 0x21,
    0x04, 0x21, 0x04, 0x21, 0x04, 0x21, 0x04, 0x21, 0x04, 0x21, 0x04, 0x21, 0x04, 0x21, 0x04, 0x21,
    0x04, 0x21, 0x04, 0x21, 0x04, 0x21, 0x04, 0x21, 0x04, 0x21, 0x04, 0x21, 0x04, 0x21, 0x04, 0x21,
    0x04, 0x21, 0x04, 0x21, 0x04, 0x21, 0x04, 0x21, 0x04, 0x21, 0x04, 0x21, 0x04, 0x21, 0x04, 0x21,
    0x04, 0x21, 0x04, 0x21, 0x04, 0x21, 0x04, 0x21, 0x04, 0x21, 0x04, 0x21, 0x04, 0x21, 0x04, 0x21,
    0x04, 0x21, 0x04, 0x21, 0x04, 0x21, 0x04, 0x21, 0x04, 0x21, 0x04, 0x21, 0x04, 0x21, 0x04, 0x21,
    0x04, 0x21, 0x04, 0x21, 0x04, 0x21, 0x04, 0x21, 0x04, 0x21, 0x04, 0x21, 0x04, 0x21, 0x04, 0x21,
    0x04, 0x21, 0x04, 0x21, 0x04, 0x21, 0x04, 0x21, 0x04, 0x21, 0x04, 0x21, 0x04, 0x21, 0x04, 0x21,
    0x04, 0x21, 0x04, 0x21, 0x04, 0x21, 0x04, 0x21, 0x04, 0x21, 0x04, 0x21, 0x04, 0x21, 0x04, 0x21,
    0x04, 0x21, 0x04, 0x21, 0x04, 0x21, 0x04, 0x21, 0x04, 0x21, 0x04, 0x21, 0x04, 0x21, 0x04, 0x21,
    0x04, 0x21, 0x04, 0x21, 0x59, 0xCE, 0x30, 0x84, 0x04, 0x21, 0x71, 0x8C, 0x3C, 0xE7, 0xF7, 0xBD,
    0x86, 0x31, 0x04, 0x21, 0x04, 0x21, 0x04, 0x21, 0x04, 0x21, 0x04, 0x21, 0x04, 0x21, 0x04, 0x21,
    0x04, 0x21, 0x65, 0x29, 0x04, 0x21, 0xAE, 0x73, 0x9E, 0xF7, 0x9E, 0xF7, 0x75, 0xAD, 0x10, 0x84,
    0x10, 0x84, 0x75, 0xAD, 0xFF, 0xFF, 0xFF, 0xFF, 0xAE, 0x73, 0x04, 0x21, 0x65, 0x29, 0x04, 0x21,
    0x04, 0x21, 0x04, 0x21, 0x04, 0x21, 0x04, 0x21, 0x04, 0x21, 0x04, 0x21, 0x04, 0x21, 0x04, 0x21,
    0x04, 0x21, 0xCB, 0x5A, 0x9E, 0xF7, 0xFF, 0xFF, 0xFF, 0xFF, 0xFF, 0xFF, 0xFF, 0xFF, 0xFF, 0xFF,
    0xFF, 0xFF, 0xFF, 0xFF, 0xFF, 0xFF, 0xFF, 0xFF, 0xFF, 0xFF, 0xBA, 0xD6, 0x08, 0x42, 0x24, 0x21,
    0x24, 0x21, 0x24, 0x21, 0x24, 0x21, 0x24, 0x21, 0x24, 0x21, 0x24, 0x21, 0x24, 0x21, 0x24, 0x21,
    0x24, 0x21, 0x24, 0x21, 0x24, 0x21, 0x24, 0x21, 0x24, 0x21, 0x24, 0x21, 0x24, 0x21, 0x24, 0x21,
    0x24, 0x21, 0x24, 0x21, 0x24, 0x21, 0x24, 0x21, 0x24, 0x21, 0x24, 0x21, 0x24, 0x21, 0x24, 0x21,
    0x24, 0x21, 0x24, 0x21, 0x24, 0x21, 0x24, 0x21, 0x24, 0x21, 0x24, 0x21, 0x24, 0x21, 0x24, 0x21,
    0x24, 0x21, 0x24, 0x21, 0x24, 0x21, 0x24, 0x21, 0x24, 0x21, 0x24, 0x21, 0x24, 0x21, 0x24, 0x21,
    0x24, 0x21, 0x24, 0x21, 0x24, 0x21, 0x24, 0x21, 0x24, 0x21, 0x24, 0x21, 0x24, 0x21, 0x24, 0x21,
    0x24, 0x21, 0x24, 0x21, 0x24, 0x21, 0x24, 0x21, 0x24, 0x21, 0x24, 0x21, 0x24, 0x21, 0x24, 0x21,
    0x24, 0x21, 0x24, 0x21, 0x24, 0x21, 0x24, 0x21, 0x24, 0x21, 0x24, 0x21, 0x24, 0x21, 0x24, 0x21,
    0x24, 0x21, 0x24, 0x21, 0x24, 0x21, 0x24, 0x21, 0xCB, 0x5A, 0xBE, 0xF7, 0xBE, 0xF7, 0xBE, 0xF7,
    0xDF, 0xFF, 0xDF, 0xFF, 0xDF, 0xFF, 0xFF, 0xFF, 0xFF, 0xFF, 0x7D, 0xEF, 0x49, 0x4A, 0x04, 0x21,
    0xF3, 0x9C, 0x3C, 0xE7, 0x3C, 0xE7, 0x3C, 0xE7, 0x3C, 0xE7, 0x3C, 0xE7, 0x3C, 0xE7, 0x3C, 0xE7,
    0x3C, 0xE7, 0x3C, 0xE7, 0x5D, 0xEF, 0x5D, 0xEF, 0x5D, 0xEF, 0x5D, 0xEF, 0x5D, 0xEF, 0x5D, 0xEF,
    0x5D, 0xEF, 0x5D, 0xEF, 0x5D, 0xEF, 0x5D, 0xEF, 0x5D, 0xEF, 0x5D, 0xEF, 0x5D, 0xEF, 0x5D, 0xEF,
    0x5D, 0xEF, 0x5D, 0xEF, 0x5D, 0xEF, 0x5D, 0xEF, 0x7D, 0xEF, 0x7D, 0xEF, 0x7D, 0xEF, 0x7D, 0xEF,
    0x7D, 0xEF, 0x7D, 0xEF, 0x7D, 0xEF, 0x7D, 0xEF, 0x7D, 0xEF, 0x7D, 0xEF, 0x7D, 0xEF, 0x9E, 0xF7,
    0x7D, 0xEF, 0x9E, 0xF7, 0x9E, 0xF7, 0x9E, 0xF7, 0x9E, 0xF7, 0x9E, 0xF7, 0x9E, 0xF7, 0x9E, 0xF7,
    0x9E, 0xF7, 0x9E, 0xF7, 0x9E, 0xF7, 0x9E, 0xF7, 0x9E, 0xF7, 0xBE, 0xF7, 0xBE, 0xF7, 0xBE, 0xF7,
    0xBE, 0xF7, 0xBE, 0xF7, 0xBE, 0xF7, 0xBE, 0xF7, 0xBE, 0xF7, 0xBE, 0xF7, 0xBE, 0xF7, 0xBE, 0xF7,
    0xBE, 0xF7, 0xBE, 0xF7, 0xBE, 0xF7, 0xBE, 0xF7, 0xBE, 0xF7, 0xBE, 0xF7, 0xBE, 0xF7, 0xBE, 0xF7,
    0xBE, 0xF7, 0xBE, 0xF7, 0xBE, 0xF7, 0xDF, 0xFF, 0xBE, 0xF7, 0xDF, 0xFF, 0xBE, 0xF7, 0xDF, 0xFF,
    0xDF, 0xFF, 0xDF, 0xFF, 0xDF, 0xFF, 0xDF, 0xFF, 0xDF, 0xFF, 0xDF, 0xFF, 0xDF, 0xFF, 0xDF, 0xFF,
    0xDF, 0xFF, 0xDF, 0xFF, 0xDF, 0xFF, 0xDF, 0xFF, 0xDF, 0xFF, 0xDF, 0xFF, 0xD3, 0x9C, 0x04, 0x21,
    0x04, 0x21, 0x04, 0x21, 0x04, 0x21, 0x04, 0x21, 0x04, 0x21, 0x04, 0x21, 0x04, 0x21, 0x04, 0x21,
    0x04, 0x21, 0x04, 0x21, 0x04, 0x21, 0x04, 0x21, 0x04, 0x21, 0x04, 0x21, 0x04, 0x21, 0x04, 0x21,
    0x04, 0x21, 0x04, 0x21, 0x04, 0x21, 0x04, 0x21, 0x04, 0x21, 0x04, 0x21, 0x04, 0x21, 0x04, 0x21,
    0x04, 0x21, 0x04, 0x21, 0x04, 0x21, 0x04, 0x21, 0x04, 0x21, 0x04, 0x21, 0x04, 0x21, 0x04, 0x21,
    0x04, 0x21, 0x04, 0x21, 0x04, 0x21, 0x04, 0x21, 0x04, 0x21, 0x04, 0x21, 0x04, 0x21, 0x04, 0x21,
    0x04, 0x21, 0x04, 0x21, 0x04, 0x21, 0x04, 0x21, 0x04, 0x21, 0x04, 0x21, 0x04, 0x21, 0x04, 0x21,
    0x04, 0x21, 0x04, 0x21, 0x04, 0x21, 0x04, 0x21, 0x04, 0x21, 0x04, 0x21, 0x04, 0x21, 0x04, 0x21,
    0x04, 0x21, 0x04, 0x21, 0x04, 0x21, 0x04, 0x21, 0x04, 0x21, 0x04, 0x21, 0x04, 0x21, 0x04, 0x21,
    0x04, 0x21, 0x04, 0x21, 0x04, 0x21, 0x04, 0x21, 0x04, 0x21, 0x04, 0x21, 0x04, 0x21, 0x04, 0x21,
    0x04, 0x21, 0x04, 0x21, 0x04, 0x21, 0x04, 0x21, 0x04, 0x21, 0x04, 0x21, 0x04, 0x21, 0x04, 0x21,
    0x04, 0x21, 0x04, 0x21, 0x04, 0x21, 0x04, 0x21, 0x04, 0x21, 0x04, 0x21, 0x04, 0x21, 0x04, 0x21,
    0x04, 0x21, 0x04, 0x21, 0x59, 0xCE, 0x49, 0x4A, 0x04, 0x21, 0x04, 0x21, 0x51, 0x8C, 0x5D, 0xEF,
    0xF7, 0xBD, 0x45, 0x29, 0x04, 0x21, 0x04, 0x21, 0x04, 0x21, 0x04, 0x21, 0x04, 0x21, 0x04, 0x21,
    0x04, 0x21, 0x04, 0x21, 0x04, 0x21, 0x1C, 0xE7, 0xBA, 0xD6, 0xE7, 0x39, 0x04, 0x21, 0xE7, 0x39,
    0x49, 0x4A, 0x04, 0x21, 0xE7, 0x39, 0xBA, 0xD6, 0x1C, 0xE7, 0x04, 0x21, 0x04, 0x21, 0x04, 0x21,
    0x04, 0x21, 0x04, 0x21, 0x04, 0x21, 0x04, 0x21, 0x04, 0x21, 0x04, 0x21, 0x04, 0x21, 0x04, 0x21,
    0x10, 0x84, 0xFF, 0xFF, 0xFF, 0xFF, 0xFF, 0xFF, 0xFF, 0xFF, 0xFF, 0xFF, 0xFF, 0xFF, 0xFF, 0xFF,
    0xFF, 0xFF, 0xFF, 0xFF, 0xFF, 0xFF, 0xFF, 0xFF, 0xBA, 0xD6, 0xA6, 0x31, 0x24, 0x21, 0x24, 0x21,
    0x24, 0x21, 0x24, 0x21, 0x24, 0x21, 0x24, 0x21, 0x24, 0x21, 0x24, 0x21, 0x24, 0x21, 0x24, 0x21,
    0x24, 0x21, 0x24, 0x21, 0x24, 0x21, 0x24, 0x21, 0x24, 0x21, 0x24, 0x21, 0x24, 0x21, 0x24, 0x21,
    0x24, 0x21, 0x24, 0x21, 0x24, 0x21, 0x24, 0x21, 0x24, 0x21, 0x24, 0x21, 0x24, 0x21, 0x24, 0x21,
    0x24, 0x21, 0x24, 0x21, 0x24, 0x21, 0x24, 0x21, 0x24, 0x21, 0x24, 0x21, 0x24, 0x21, 0x24, 0x21,
    0x24, 0x21, 0x24, 0x21, 0x24, 0x21, 0x24, 0x21, 0x24, 0x21, 0x24, 0x21, 0x24, 0x21, 0x24, 0x21,
    0x24, 0x21, 0x24, 0x21, 0x24, 0x21, 0x24, 0x21, 0x24, 0x21, 0x24, 0x21, 0x24, 0x21, 0x24, 0x21,
    0x24, 0x21, 0x24, 0x21, 0x24, 0x21, 0x24, 0x21, 0x24, 0x21, 0x24, 0x21, 0x24, 0x21, 0x24, 0x21,
    0x24, 0x21, 0x24, 0x21, 0x24, 0x21, 0x24, 0x21, 0x24, 0x21, 0x24, 0x21, 0x24, 0x21, 0x24, 0x21,
    0x24, 0x21, 0x24, 0x21, 0x24, 0x21, 0x24, 0x21, 0x24, 0x21, 0xEF, 0x7B, 0x9E, 0xF7, 0xBE, 0xF7,
    0xBE, 0xF7, 0xDF, 0xFF, 0xDF, 0xFF, 0xDF, 0xFF, 0xFF, 0xFF, 0xFF, 0xFF, 0x9E, 0xF7, 0xE7, 0x39,
    0x79, 0xCE, 0x3C, 0xE7, 0x3C, 0xE7, 0x3C, 0xE7, 0x3C, 0xE7, 0x3C, 0xE7, 0x3C, 0xE7, 0x3C, 0xE7,
    0x3C, 0xE7, 0x3C, 0xE7, 0x5D, 0xEF, 0x5D, 0xEF, 0x5D, 0xEF, 0x5D, 0xEF, 0x5D, 0xEF, 0x5D, 0xEF,
    0x5D, 0xEF, 0x5D, 0xEF, 0x5D, 0xEF, 0x5D, 0xEF, 0x5D, 0xEF, 0x5D, 0xEF, 0x5D, 0xEF, 0x5D, 0xEF,
    0x5D, 0xEF, 0x5D, 0xEF, 0x7D, 0xEF, 0x7D, 0xEF, 0x7D, 0xEF, 0x7D, 0xEF, 0x7D, 0xEF, 0x7D, 0xEF,
    0x7D, 0xEF, 0x7D, 0xEF, 0x7D, 0xEF, 0x7D, 0xEF, 0x7D, 0xEF, 0x7D, 0xEF, 0x7D, 0xEF, 0x7D, 0xEF,
    0x7D, 0xEF, 0x7D, 0xEF, 0x9E, 0xF7, 0x9E, 0xF7, 0x9E, 0xF7, 0x9E, 0xF7, 0x9E, 0xF7, 0x9E, 0xF7,
    0x9E, 0xF7, 0x9E, 0xF7, 0x9E, 0xF7, 0x9E, 0xF7, 0x9E, 0xF7, 0x9E, 0xF7, 0x9E, 0xF7, 0x9E, 0xF7,
    0xBE, 0xF7, 0xBE, 0xF7, 0xBE, 0xF7, 0xBE, 0xF7, 0xBE, 0xF7, 0xBE, 0xF7, 0xBE, 0xF7, 0xBE, 0xF7,
    0xBE, 0xF7, 0xBE, 0xF7, 0xBE, 0xF7, 0xBE, 0xF7, 0xBE, 0xF7, 0xBE, 0xF7, 0xBE, 0xF7, 0xBE, 0xF7,
    0xBE, 0xF7, 0xBE, 0xF7, 0xBE, 0xF7, 0xBE, 0xF7, 0xBE, 0xF7, 0xBE, 0xF7, 0xBE, 0xF7, 0xDF, 0xFF,
    0xDF, 0xFF, 0xBE, 0xF7, 0xDF, 0xFF, 0xBE, 0xF7, 0xDF, 0xFF, 0xDF, 0xFF, 0xDF, 0xFF, 0xDF, 0xFF,
    0xDF, 0xFF, 0xDF, 0xFF, 0xDF, 0xFF, 0xDF, 0xFF, 0xDF, 0xFF, 0xDF, 0xFF, 0xDF, 0xFF, 0x38, 0xC6,
    0x65, 0x29, 0x04, 0x21, 0x04, 0x21, 0x04, 0x21, 0x04, 0x21, 0x04, 0x21, 0x04, 0x21, 0x04, 0x21,
    0x04, 0x21, 0x04, 0x21, 0x04, 0x21, 0x04, 0x21, 0x04, 0x21, 0x04, 0x21, 0x04, 0x21, 0x04, 0x21,
    0x04, 0x21, 0x04, 0x21, 0x04, 0x21, 0x04, 0x21, 0x04, 0x21, 0x04, 0x21, 0x04, 0x21, 0x04, 0x21,
    0x04, 0x21, 0x04, 0x21, 0x04, 0x21, 0x04, 0x21, 0x04, 0x21, 0x04, 0x21, 0x04, 0x21, 0x04, 0x21,
    0x04, 0x21, 0x04, 0x21, 0x04, 0x21, 0x04, 0x21, 0x04, 0x21, 0x04, 0x21, 0x04, 0x21, 0x04, 0x21,
    0x04, 0x21, 0x04, 0x21, 0x04, 0x21, 0x04, 0x21, 0x04, 0x21, 0x04, 0x21, 0x04, 0x21, 0x04, 0x21,
    0x04, 0x21, 0x04, 0x21, 0x04, 0x21, 0x04, 0x21, 0x04, 0x21, 0x04, 0x21, 0x04, 0x21, 0x04, 0x21,
    0x04, 0x21, 0x04, 0x21, 0x04, 0x21, 0x04, 0x21, 0x04, 0x21, 0x04, 0x21, 0x04, 0x21, 0x04, 0x21,
    0x04, 0x21, 0x04, 0x21, 0x04, 0x21, 0x04, 0x21, 0x04, 0x21, 0x04, 0x21, 0x04, 0x21, 0x04, 0x21,
    0x04, 0x21, 0x04, 0x21, 0x04, 0x21, 0x04, 0x21, 0x04, 0x21, 0x04, 0x21, 0x04, 0x21, 0x04, 0x21,
    0x04, 0x21, 0x04, 0x21, 0x04, 0x21, 0x04, 0x21, 0x04, 0x21, 0x04, 0x21, 0x04, 0x21, 0x04, 0x21,
    0x04, 0x21, 0x04, 0x21, 0x55, 0xAD, 0x24, 0x21, 0x04, 0x21, 0x04, 0x21, 0x45, 0x29, 0xF3, 0x9C,
    0x5D, 0xEF, 0x75, 0xAD, 0x86, 0x31, 0x04, 0x21, 0x04, 0x21, 0x04, 0x21, 0x04, 0x21, 0x04, 0x21,
    0x04, 0x21, 0x04, 0x21, 0x04, 0x21, 0x65, 0x29, 0x04, 0x21, 0xCB, 0x5A, 0x1C, 0xE7, 0xFF, 0xFF,
    0xFF, 0xFF, 0x1C, 0xE7, 0x2C, 0x63, 0x04, 0x21, 0x65, 0x29, 0x04, 0x21, 0x04, 0x21, 0x04, 0x21,
    0x04, 0x21, 0x04, 0x21, 0x04, 0x21, 0x04, 0x21, 0x04, 0x21, 0x04, 0x21, 0x04, 0x21, 0x92, 0x94,
    0xFF, 0xFF, 0xFF, 0xFF, 0xFF, 0xFF, 0xFF, 0xFF, 0xFF, 0xFF, 0xFF, 0xFF, 0xFF, 0xFF, 0xFF, 0xFF,
    0xFF, 0xFF, 0xFF, 0xFF, 0xFF, 0xFF, 0xBA, 0xD6, 0xA6, 0x31, 0x24, 0x21, 0x24, 0x21, 0x24, 0x21,
    0x24, 0x21, 0x24, 0x21, 0x24, 0x21, 0x24, 0x21, 0x24, 0x21, 0x24, 0x21, 0x24, 0x21, 0x24, 0x21,
    0x24, 0x21, 0x24, 0x21, 0x24, 0x21, 0x24, 0x21, 0x24, 0x21, 0x24, 0x21, 0x24, 0x21, 0x24, 0x21,
    0x24, 0x21, 0x24, 0x21, 0x24, 0x21, 0x24, 0x21, 0x24, 0x21, 0x24, 0x21, 0x24, 0x21, 0x24, 0x21,
    0x24, 0x21, 0x24, 0x21, 0x24, 0x21, 0x24, 0x21, 0x24, 0x21, 0x24, 0x21, 0x24, 0x21, 0x24, 0x21,
    0x24, 0x21, 0x24, 0x21, 0x24, 0x21, 0x24, 0x21, 0x24, 0x21, 0x24, 0x21, 0x24, 0x21, 0x24, 0x21,
    0x24, 0x21, 0x24, 0x21, 0x24, 0x21, 0x24, 0x21, 0x24, 0x21, 0x24, 0x21, 0x24, 0x21, 0x24, 0x21,
    0x24, 0x21, 0x24, 0x21, 0x24, 0x21, 0x24, 0x21, 0x24, 0x21, 0x24, 0x21, 0x24, 0x21, 0x24, 0x21,
    0x24, 0x21, 0x24, 0x21, 0x24, 0x21, 0x24, 0x21, 0x24, 0x21, 0x24, 0x21, 0x24, 0x21, 0x24, 0x21,
    0x24, 0x21, 0x24, 0x21, 0x24, 0x21, 0x24, 0x21, 0x24, 0x21, 0x24, 0x21, 0xD3, 0x9C, 0x9E, 0xEF,
    0x9E, 0xF7, 0xBE, 0xF7, 0xBE, 0xF7, 0xDF, 0xFF, 0xDF, 0xFF, 0xFF, 0xFF, 0xFF, 0xFF, 0x38, 0xC6,
    0x3C, 0xE7, 0x3C, 0xE7, 0x3C, 0xE7, 0x3C, 0xE7, 0x3C, 0xE7, 0x3C, 0xE7, 0x3C, 0xE7, 0x3C, 0xE7,
    0x3C, 0xE7, 0x3C, 0xE7, 0x3C, 0xE7, 0x3C, 0xE7, 0x5D, 0xEF, 0x3C, 0xE7, 0x5D, 0xEF, 0x5D, 0xEF,
    0x5D, 0xEF, 0x5D, 0xEF, 0x5D, 0xEF, 0x5D, 0xEF, 0x5D, 0xEF, 0x5D, 0xEF, 0x5D, 0xEF, 0x5D, 0xEF,
    0x5D, 0xEF, 0x5D, 0xEF, 0x5D, 0xEF, 0x5D, 0xEF, 0x5D, 0xEF, 0x7D, 0xEF, 0x7D, 0xEF, 0x7D, 0xEF,
    0x7D, 0xEF, 0x7D, 0xEF, 0x7D, 0xEF, 0x7D, 0xEF, 0x7D, 0xEF, 0x7D, 0xEF, 0x7D, 0xEF, 0x7D, 0xEF,
    0x7D, 0xEF, 0x7D, 0xEF, 0x7D, 0xEF, 0x9E, 0xF7, 0x7D, 0xEF, 0x9E, 0xF7, 0x9E, 0xF7, 0x9E, 0xF7,
    0x9E, 0xF7, 0x9E, 0xF7, 0x9E, 0xF7, 0x9E, 0xF7, 0x9E, 0xF7, 0x9E, 0xF7, 0x9E, 0xF7, 0x9E, 0xF7,
    0xBE, 0xF7, 0xBE, 0xF7, 0xBE, 0xF7, 0xBE, 0xF7, 0xBE, 0xF7, 0xBE, 0xF7, 0xBE, 0xF7, 0xBE, 0xF7,
    0xBE, 0xF7, 0xBE, 0xF7, 0xBE, 0xF7, 0xBE, 0xF7, 0xBE, 0xF7, 0xBE, 0xF7, 0xBE, 0xF7, 0xBE, 0xF7,
    0xBE, 0xF7, 0xBE, 0xF7, 0xBE, 0xF7, 0xBE, 0xF7, 0xBE, 0xF7, 0xDF, 0xFF, 0xBE, 0xF7, 0xBE, 0xF7,
    0xDF, 0xFF, 0xBE, 0xF7, 0xDF, 0xFF, 0xDF, 0xFF, 0xDF, 0xFF, 0xDF, 0xFF, 0xDF, 0xFF, 0xDF, 0xFF,
    0xDF, 0xFF, 0xDF, 0xFF, 0xDF, 0xFF, 0xDF, 0xFF, 0xDF, 0xFF, 0xDF, 0xFF, 0xDF, 0xFF, 0xDF, 0xFF,
    0xFB, 0xDE, 0xE7, 0x39, 0x04, 0x21, 0x04, 0x21, 0x04, 0x21, 0x04, 0x21, 0x04, 0x21, 0x04, 0x21,
    0x04, 0x21, 0x04, 0x21, 0x04, 0x21, 0x04, 0x21, 0x04, 0x21, 0x04, 0x21, 0x04, 0x21, 0x04, 0x21,
    0x04, 0x21, 0x04, 0x21, 0x04, 0x21, 0x04, 0x21, 0x04, 0x21, 0x04, 0x21, 0x04, 0x21, 0x04, 0x21,
    0x04, 0x21, 0x04, 0x21, 0x04, 0x21, 0x04, 0x21, 0x04, 0x21, 0x04, 0x21, 0x04, 0x21, 0x04, 0x21,
    0x04, 0x21, 0x04, 0x21, 0x04, 0x21, 0x04, 0x21, 0x04, 0x21, 0x04, 0x21, 0x04, 0x21, 0x04, 0x21,
    0x04, 0x21, 0x04, 0x21, 0x04, 0x21, 0x04, 0x21, 0x04, 0x21, 0x04, 0x21, 0x04, 0x21, 0x04, 0x21,
    0x04, 0x21, 0x04, 0x21, 0x04, 0x21, 0x04, 0x21, 0x04, 0x21, 0x04, 0x21, 0x04, 0x21, 0x04, 0x21,
    0x04, 0x21, 0x04, 0x21, 0x04, 0x21, 0x04, 0x21, 0x04, 0x21, 0x04, 0x21, 0x04, 0x21, 0x04, 0x21,
    0x04, 0x21, 0x04, 0x21, 0x04, 0x21, 0x04, 0x21, 0x04, 0x21, 0x04, 0x21, 0x04, 0x21, 0x04, 0x21,
    0x04, 0x21, 0x04, 0x21, 0x04, 0x21, 0x04, 0x21, 0x04, 0x21, 0x04, 0x21, 0x04, 0x21, 0x04, 0x21,
    0x04, 0x21, 0x04, 0x21, 0x04, 0x21, 0x04, 0x21, 0x04, 0x21, 0x04, 0x21, 0x04, 0x21, 0x04, 0x21,
    0x04, 0x21, 0x04, 0x21, 0xCB, 0x5A, 0x04, 0x21, 0x04, 0x21, 0x04, 0x21, 0x04, 0x21, 0x04, 0x21,
    0x14, 0xA5, 0x3C, 0xE7, 0x75, 0xAD, 0x65, 0x29, 0x04, 0x21, 0x04, 0x21, 0x04, 0x21, 0x04, 0x21,
    0x04, 0x21, 0x04, 0x21, 0x04, 0x21, 0x04, 0x21, 0x04, 0x21, 0xBA, 0xD6, 0xBA, 0xD6, 0xAE, 0x73,
    0x2C, 0x63, 0x1C, 0xE7, 0xBA, 0xD6, 0x04, 0x21, 0x04, 0x21, 0x04, 0x21, 0x04, 0x21, 0x04, 0x21,
    0x04, 0x21, 0x04, 0x21, 0x04, 0x21, 0x04, 0x21, 0x04, 0x21, 0x04, 0x21, 0xF3, 0x9C, 0xFF, 0xFF,
    0xFF, 0xFF, 0xFF, 0xFF, 0xFF, 0xFF, 0xFF, 0xFF, 0xFF, 0xFF, 0xFF, 0xFF, 0xFF, 0xFF, 0xFF, 0xFF,
    0xFF, 0xFF, 0xFF, 0xFF, 0x75, 0xAD, 0xA6, 0x31, 0x24, 0x21, 0x24, 0x21, 0x24, 0x21, 0x24, 0x21,
    0x24, 0x21, 0x24, 0x21, 0x24, 0x21, 0x24, 0x21, 0x24, 0x21, 0x24, 0x21, 0x24, 0x21, 0x24, 0x21,
    0x24, 0x21, 0x24, 0x21, 0x24, 0x21, 0x24, 0x21, 0x24, 0x21, 0x24, 0x21, 0x24, 0x21, 0x24, 0x21,
    0x24, 0x21, 0x24, 0x21, 0x24, 0x21, 0x24, 0x21, 0x24, 0x21, 0x24, 0x21, 0x24, 0x21, 0x24, 0x21,
    0x24, 0x21, 0x24, 0x21, 0x24, 0x21, 0x24, 0x21, 0x24, 0x21, 0x24, 0x21, 0x24, 0x21, 0x24, 0x21,
    0x24, 0x21, 0x24, 0x21, 0x24, 0x21, 0x24, 0x21, 0x24, 0x21, 0x24, 0x21, 0x24, 0x21, 0x24, 0x21,
    0x24, 0x21, 0x24, 0x21, 0x24, 0x21, 0x24, 0x21, 0x24, 0x21, 0x24, 0x21, 0x24, 0x21, 0x24, 0x21,
    0x24, 0x21, 0x24, 0x21, 0x24, 0x21, 0x24, 0x21, 0x24, 0x21, 0x24, 0x21, 0x24, 0x21, 0x24, 0x21,
    0x24, 0x21, 0x24, 0x21, 0x24, 0x21, 0x24, 0x21, 0x24, 0x21, 0x24, 0x21, 0x24, 0x21, 0x24, 0x21,
    0x24, 0x21, 0x24, 0x21, 0x24, 0x21, 0x24, 0x21, 0x24, 0x21, 0x24, 0x21, 0x24, 0x21, 0xF7, 0xBD,
    0x9E, 0xF7, 0x9E, 0xF7, 0xBE, 0xF7, 0xBE, 0xF7, 0xDF, 0xFF, 0xDF, 0xFF, 0xDF, 0xFF, 0x9E, 0xF7,
    0x3C, 0xE7, 0x3C, 0xE7, 0x3C, 0xE7, 0x3C, 0xE7, 0x3C, 0xE7, 0x3C, 0xE7, 0x3C, 0xE7, 0x3C, 0xE7,
    0x3C, 0xE7, 0x3C, 0xE7, 0x3C, 0xE7, 0x3C, 0xE7, 0x3C, 0xE7, 0x5D, 0xEF, 0x3C, 0xE7, 0x5D, 0xEF,
    0x5D, 0xEF, 0x5D, 0xEF, 0x5D, 0xEF, 0x5D, 0xEF, 0x5D, 0xEF, 0x5D, 0xEF, 0x5D, 0xEF, 0x5D, 0xEF,
    0x5D, 0xEF, 0x5D, 0xEF, 0x5D, 0xEF, 0x5D, 0xEF, 0x5D, 0xEF, 0x5D, 0xEF, 0x7D, 0xEF, 0x7D, 0xEF,
    0x7D, 0xEF, 0x7D, 0xEF, 0x7D, 0xEF, 0x7D, 0xEF, 0x7D, 0xEF, 0x7D, 0xEF, 0x7D, 0xEF, 0x7D, 0xEF,
    0x7D, 0xEF, 0x7D, 0xEF, 0x7D, 0xEF, 0x7D, 0xEF, 0x9E, 0xF7, 0x9E, 0xF7, 0x9E, 0xF7, 0x9E, 0xF7,
    0x9E, 0xF7, 0x9E, 0xF7, 0x9E, 0xF7, 0x9E, 0xF7, 0x9E, 0xF7, 0x9E, 0xF7, 0x9E, 0xF7, 0x9E, 0xF7,
    0x9E, 0xF7, 0x9E, 0xF7, 0xBE, 0xF7, 0x9E, 0xF7, 0xBE, 0xF7, 0xBE, 0xF7, 0xBE, 0xF7, 0xBE, 0xF7,
    0xBE, 0xF7, 0xBE, 0xF7, 0xBE, 0xF7, 0xBE, 0xF7, 0xBE, 0xF7, 0xBE, 0xF7, 0xBE, 0xF7, 0xBE, 0xF7,
    0xBE, 0xF7, 0xBE, 0xF7, 0xBE, 0xF7, 0xBE, 0xF7, 0xBE, 0xF7, 0xBE, 0xF7, 0xBE, 0xF7, 0xBE, 0xF7,
    0xDF, 0xFF, 0xBE, 0xF7, 0xDF, 0xFF, 0xDF, 0xFF, 0xDF, 0xFF, 0xDF, 0xFF, 0xDF, 0xFF, 0xDF, 0xFF,
    0xDF, 0xFF, 0xDF, 0xFF, 0xDF, 0xFF, 0xDF, 0xFF, 0xDF, 0xFF, 0xDF, 0xFF, 0xDF, 0xFF, 0xDF, 0xFF,
    0xDF, 0xFF, 0xFB, 0xDE, 0x49, 0x4A, 0x04, 0x21, 0x04, 0x21, 0x04, 0x21, 0x04, 0x21, 0x04, 0x21,
    0x04, 0x21, 0x04, 0x21, 0x04, 0x21, 0x04, 0x21, 0x04, 0x21, 0x04, 0x21, 0x04, 0x21, 0x04, 0x21,
    0x04, 0x21, 0x04, 0x21, 0x04, 0x21, 0x04, 0x21, 0x04, 0x21, 0x04, 0x21, 0x04, 0x21, 0x04, 0x21,
    0x04, 0x21, 0x04, 0x21, 0x04, 0x21, 0x04, 0x21, 0x04, 0x21, 0x04, 0x21, 0x04, 0x21, 0x04, 0x21,
    0x04, 0x21, 0x04, 0x21, 0x04, 0x21, 0x04, 0x21, 0x04, 0x21, 0x04, 0x21, 0x04, 0x21, 0x04, 0x21,
    0x04, 0x21, 0x04, 0x21, 0x04, 0x21, 0x04, 0x21, 0x04, 0x21, 0x04, 0x21, 0x04, 0x21, 0x04, 0x21,
    0x04, 0x21, 0x04, 0x21, 0x04, 0x21, 0x04, 0x21, 0x04, 0x21, 0x04, 0x21, 0x04, 0x21, 0x04, 0x21,
    0x04, 0x21, 0x04, 0x21, 0x04, 0x21, 0x04, 0x21, 0x04, 0x21, 0x04, 0x21, 0x04, 0x21, 0x04, 0x21,
    0x04, 0x21, 0x04, 0x21, 0x04, 0x21, 0x04, 0x21, 0x04, 0x21, 0x04, 0x21, 0x04, 0x21, 0x04, 0x21,
    0x04, 0x21, 0x04, 0x21, 0x04, 0x21, 0x04, 0x21, 0x04, 0x21, 0x04, 0x21, 0x04, 0x21, 0x04, 0x21,
    0x04, 0x21, 0x04, 0x21, 0x04, 0x21, 0x04, 0x21, 0x04, 0x21, 0x04, 0x21, 0x04, 0x21, 0x04, 0x21,
    0x04, 0x21, 0x04, 0x21, 0x04, 0x21, 0x04, 0x21, 0x04, 0x21, 0x04, 0x21, 0x04, 0x21, 0x04, 0x21,
    0x45, 0x29, 0x96, 0xB5, 0x3C, 0xE7, 0xD3, 0x9C, 0x24, 0x21, 0x04, 0x21, 0x04, 0x21, 0x04, 0x21,
    0x04, 0x21, 0x04, 0x21, 0x04, 0x21, 0x04, 0x21, 0x04, 0x21, 0x65, 0x29, 0x65, 0x29, 0xCB, 0x5A,
    0x49, 0x4A, 0x04, 0x21, 0x65, 0x29, 0x04, 0x21, 0x04, 0x21, 0x04, 0x21, 0x04, 0x21, 0x04, 0x21,
    0x04, 0x21, 0x04, 0x21, 0x04, 0x21, 0x04, 0x21, 0x65, 0x29, 0x59, 0xCE, 0xFF, 0xFF, 0xFF, 0xFF,
    0xFF, 0xFF, 0xFF, 0xFF, 0xFF, 0xFF, 0xFF, 0xFF, 0xFF, 0xFF, 0xFF, 0xFF, 0xFF, 0xFF, 0xFF, 0xFF,
    0xFF, 0xFF, 0x75, 0xAD, 0x24, 0x21, 0x24, 0x21, 0x24, 0x21, 0x24, 0x21, 0x24, 0x21, 0x24, 0x21,
    0x24, 0x21, 0x24, 0x21, 0x24, 0x21, 0x24, 0x21, 0x24, 0x21, 0x24, 0x21, 0x24, 0x21, 0x24, 0x21,
    0x24, 0x21, 0x24, 0x21, 0x24, 0x21, 0x24, 0x21, 0x24, 0x21, 0x24, 0x21, 0x24, 0x21, 0x24, 0x21,
    0x24, 0x21, 0x24, 0x21, 0x24, 0x21, 0x24, 0x21, 0x24, 0x21, 0x24, 0x21, 0x24, 0x21, 0x24, 0x21,
    0x24, 0x21, 0x24, 0x21, 0x24, 0x21, 0x24, 0x21, 0x24, 0x21, 0x24, 0x21, 0x24, 0x21, 0x24, 0x21,
    0x24, 0x21, 0x24, 0x21, 0x24, 0x21, 0x24, 0x21, 0x24, 0x21, 0x24, 0x21, 0x24, 0x21, 0x24, 0x21,
    0x24, 0x21, 0x24, 0x21, 0x24, 0x21, 0x24, 0x21, 0x24, 0x21, 0x24, 0x21, 0x24, 0x21, 0x24, 0x21,
    0x24, 0x21, 0x24, 0x21, 0x24, 0x21, 0x24, 0x21, 0x24, 0x21, 0x24, 0x21, 0x24, 0x21, 0x24, 0x21,
    0x24, 0x21, 0x24, 0x21, 0x24, 0x21, 0x24, 0x21, 0x24, 0x21, 0x24, 0x21, 0x24, 0x21, 0x24, 0x21,
    0x24, 0x21, 0x24, 0x21, 0x24, 0x21, 0x24, 0x21, 0x24, 0x21, 0x24, 0x21, 0x24, 0x21, 0x86, 0x31,
    0xBA, 0xD6, 0x9E, 0xEF, 0x9E, 0xF7, 0xBE, 0xF7, 0xBE, 0xF7, 0xDF, 0xFF, 0xDF, 0xFF, 0xFF, 0xFF,
    0x3C, 0xE7, 0x3C, 0xE7, 0x3C, 0xE7, 0x3C, 0xE7, 0x3C, 0xE7, 0x3C, 0xE7, 0x3C, 0xE7, 0x3C, 0xE7,
    0x3C, 0xE7, 0x3C, 0xE7, 0x3C, 0xE7, 0x3C, 0xE7, 0x3C, 0xE7, 0x3C, 0xE7, 0x3C, 0xE7, 0x3C, 0xE7,
    0x5D, 0xEF, 0x5D, 0xEF, 0x5D, 0xEF, 0x5D, 0xEF, 0x5D, 0xEF, 0x5D, 0xEF, 0x5D, 0xEF, 0x5D, 0xEF,
    0x5D, 0xEF, 0x5D, 0xEF, 0x5D, 0xEF, 0x5D, 0xEF, 0x5D, 0xEF, 0x5D, 0xEF, 0x5D, 0xEF, 0x7D, 0xEF,
    0x7D, 0xEF, 0x7D, 0xEF, 0x7D, 0xEF, 0x7D, 0xEF, 0x7D, 0xEF, 0x7D, 0xEF, 0x7D, 0xEF, 0x7D, 0xEF,
    0x7D, 0xEF, 0x7D, 0xEF, 0x7D, 0xEF, 0x7D, 0xEF, 0x7D, 0xEF, 0x9E, 0xF7, 0x9E, 0xF7, 0x9E, 0xF7,
    0x9E, 0xF7, 0x9E, 0xF7, 0x9E, 0xF7, 0x9E, 0xF7, 0x9E, 0xF7, 0x9E, 0xF7, 0x9E, 0xF7, 0x9E, 0xF7,
    0x9E, 0xF7, 0x9E, 0xF7, 0x9E, 0xF7, 0x9E, 0xF7, 0x9E, 0xF7, 0xBE, 0xF7, 0xBE, 0xF7, 0xBE, 0xF7,
    0xBE, 0xF7, 0xBE, 0xF7, 0xBE, 0xF7, 0xBE, 0xF7, 0xBE, 0xF7, 0xBE, 0xF7, 0xBE, 0xF7, 0xBE, 0xF7,
    0xBE, 0xF7, 0xBE, 0xF7, 0xBE, 0xF7, 0xBE, 0xF7, 0xBE, 0xF7, 0xBE, 0xF7, 0xBE, 0xF7, 0xBE, 0xF7,
    0xBE, 0xF7, 0xBE, 0xF7, 0xBE, 0xF7, 0xDF, 0xFF, 0xDF, 0xFF, 0xDF, 0xFF, 0xDF, 0xFF, 0xDF, 0xFF,
    0xDF, 0xFF, 0xDF, 0xFF, 0xDF, 0xFF, 0xDF, 0xFF, 0xDF, 0xFF, 0xDF, 0xFF, 0xDF, 0xFF, 0xDF, 0xFF,
    0xDF, 0xFF, 0xDF, 0xFF, 0xDF, 0xFF, 0x10, 0x84, 0x04, 0x21, 0x04, 0x21, 0x04, 0x21, 0x04, 0x21,
    0x04, 0x21, 0x04, 0x21, 0x04, 0x21, 0x04, 0x21, 0x04, 0x21, 0x04, 0x21, 0x04, 0x21, 0x04, 0x21,
    0x04, 0x21, 0x04, 0x21, 0x04, 0x21, 0x04, 0x21, 0x04, 0x21, 0x04, 0x21, 0x04, 0x21, 0x04, 0x21,
    0x04, 0x21, 0x04, 0x21, 0x04, 0x21, 0x04, 0x21, 0x04, 0x21, 0x04, 0x21, 0x04, 0x21, 0x04, 0x21,
    0x04, 0x21, 0x04, 0x21, 0x04, 0x21, 0x04, 0x21, 0x04, 0x21, 0x04, 0x21, 0x04, 0x21, 0x04, 0x21,
    0x04, 0x21, 0x04, 0x21, 0x04, 0x21, 0x04, 0x21, 0x04, 0x21, 0x04, 0x21, 0x04, 0x21, 0x04, 0x21,
    0x04, 0x21, 0x04, 0x21, 0x04, 0x21, 0x04, 0x21, 0x04, 0x21, 0x04, 0x21, 0x04, 0x21, 0x04, 0x21,
    0x04, 0x21, 0x04, 0x21, 0x04, 0x21, 0x04, 0x21, 0x04, 0x21, 0x04, 0x21, 0x04, 0x21, 0x04, 0x21,
    0x04, 0x21, 0x04, 0x21, 0x04, 0x21, 0x04, 0x21, 0x04, 0x21, 0x04, 0x21, 0x04, 0x21, 0x04, 0x21,
    0x04, 0x21, 0x04, 0x21, 0x04, 0x21, 0x04, 0x21, 0x04, 0x21, 0x04, 0x21, 0x04, 0x21, 0x04, 0x21,
    0x04, 0x21, 0x04, 0x21, 0x04, 0x21, 0x04, 0x21, 0x04, 0x21, 0x04, 0x21, 0x04, 0x21, 0x04, 0x21,
    0x04, 0x21, 0x04, 0x21, 0x04, 0x21, 0x04, 0x21, 0x04, 0x21, 0x04, 0x21, 0x04, 0x21, 0x04, 0x21,
    0x04, 0x21, 0x24, 0x21, 0x34, 0xA5, 0x3C, 0xE7, 0x92, 0x94, 0x04, 0x21, 0x04, 0x21, 0x04, 0x21,
    0x04, 0x21, 0x04, 0x21, 0x04, 0x21, 0x04, 0x21, 0x04, 0x21, 0x04, 0x21, 0x04, 0x21, 0xFF, 0xFF,
    0x9E, 0xF7, 0x04, 0x21, 0x04, 0x21, 0x04, 0x21, 0x04, 0x21, 0x04, 0x21, 0x04, 0x21, 0x04, 0x21,
    0x04, 0x21, 0x04, 0x21, 0x04, 0x21, 0xE7, 0x39, 0x1C, 0xE7, 0xFF, 0xFF, 0xFF, 0xFF, 0xFF, 0xFF,
    0xFF, 0xFF, 0xFF, 0xFF, 0xFF, 0xFF, 0xFF, 0xFF, 0xFF, 0xFF, 0xFF, 0xFF, 0xFF, 0xFF, 0xFF, 0xFF,
    0x75, 0xAD, 0x24, 0x21, 0x24, 0x21, 0x24, 0x21, 0x24, 0x21, 0x24, 0x21, 0x24, 0x21, 0x24, 0x21,
    0x24, 0x21, 0x24, 0x21, 0x24, 0x21, 0x24, 0x21, 0x24, 0x21, 0x24, 0x21, 0x24, 0x21, 0x24, 0x21,
    0x24, 0x21, 0x24, 0x21, 0x24, 0x21, 0x24, 0x21, 0x24, 0x21, 0x24, 0x21, 0x24, 0x21, 0x24, 0x21,
    0x24, 0x21, 0x24, 0x21, 0x24, 0x21, 0x24, 0x21, 0x24, 0x21, 0x24, 0x21, 0x24, 0x21, 0x24, 0x21,
    0x24, 0x21, 0x24, 0x21, 0x24, 0x21, 0x24, 0x21, 0x24, 0x21, 0x24, 0x21, 0x24, 0x21, 0x24, 0x21,
    0x24, 0x21, 0x24, 0x21, 0x24, 0x21, 0x24, 0x21, 0x24, 0x21, 0x24, 0x21, 0x24, 0x21, 0x24, 0x21,
    0x24, 0x21, 0x24, 0x21, 0x24, 0x21, 0x24, 0x21, 0x24, 0x21, 0x24, 0x21, 0x24, 0x21, 0x24, 0x21,
    0x24, 0x21, 0x24, 0x21, 0x24, 0x21, 0x24, 0x21, 0x24, 0x21, 0x24, 0x21, 0x24, 0x21, 0x24, 0x21,
    0x24, 0x21, 0x24, 0x21, 0x24, 0x21, 0x24, 0x21, 0x24, 0x21, 0x24, 0x21, 0x24, 0x21, 0x24, 0x21,
    0x24, 0x21, 0x24, 0x21, 0x24, 0x21, 0x24, 0x21, 0x24, 0x21, 0x24, 0x21, 0x24, 0x21, 0x24, 0x21,
    0xE7, 0x39, 0x1C, 0xE7, 0x9E, 0xEF, 0x9E, 0xF7, 0xBE, 0xF7, 0xDF, 0xFF, 0xDF, 0xFF, 0xFF, 0xFF,
    0x1C, 0xE7, 0x3C, 0xE7, 0x3C, 0xE7, 0x3C, 0xE7, 0x3C, 0xE7, 0x3C, 0xE7, 0x3C, 0xE7, 0x3C, 0xE7,
    0x3C, 0xE7, 0x3C, 0xE7, 0x3C, 0xE7, 0x3C, 0xE7, 0x3C, 0xE7, 0x3C, 0xE7, 0x3C, 0xE7, 0x3C, 0xE7,
    0x3C, 0xE7, 0x3C, 0xE7, 0x5D, 0xEF, 0x5D, 0xEF, 0x5D, 0xEF, 0x5D, 0xEF, 0x5D, 0xEF, 0x5D, 0xEF,
    0x5D, 0xEF, 0x5D, 0xEF, 0x5D, 0xEF, 0x5D, 0xEF, 0x5D, 0xEF, 0x5D, 0xEF, 0x5D, 0xEF, 0x5D, 0xEF,
    0x5D, 0xEF, 0x5D, 0xEF, 0x5D, 0xEF, 0x7D, 0xEF, 0x7D, 0xEF, 0x7D, 0xEF, 0x7D, 0xEF, 0x7D, 0xEF,
    0x7D, 0xEF, 0x7D, 0xEF, 0x7D, 0xEF, 0x7D, 0xEF, 0x7D, 0xEF, 0x7D, 0xEF, 0x9E, 0xF7, 0x9E, 0xF7,
    0x9E, 0xF7, 0x9E, 0xF7, 0x9E, 0xF7, 0x9E, 0xF7, 0x9E, 0xF7, 0x9E, 0xF7, 0x9E, 0xF7, 0x9E, 0xF7,
    0x9E, 0xF7, 0x9E, 0xF7, 0x9E, 0xF7, 0x9E, 0xF7, 0xBE, 0xF7, 0xBE, 0xF7, 0xBE, 0xF7, 0xBE, 0xF7,
    0xBE, 0xF7, 0xBE, 0xF7, 0xBE, 0xF7, 0xBE, 0xF7, 0xBE, 0xF7, 0xBE, 0xF7, 0xBE, 0xF7, 0xBE, 0xF7,
    0xBE, 0xF7, 0xBE, 0xF7, 0xBE, 0xF7, 0xBE, 0xF7, 0xBE, 0xF7, 0xBE, 0xF7, 0xBE, 0xF7, 0xBE, 0xF7,
    0xBE, 0xF7, 0xBE, 0xF7, 0xDF, 0xFF, 0xDF, 0xFF, 0xBE, 0xF7, 0xDF, 0xFF, 0xDF, 0xFF, 0xDF, 0xFF,
    0xDF, 0xFF, 0xDF, 0xFF, 0xDF, 0xFF, 0xDF, 0xFF, 0xDF, 0xFF, 0xDF, 0xFF, 0xDF, 0xFF, 0xDF, 0xFF,
    0xDF, 0xFF, 0xDF, 0xFF, 0xDF, 0xFF, 0xDF, 0xFF, 0x71, 0x8C, 0x04, 0x21, 0x04, 0x21, 0x04, 0x21,
    0x04, 0x21, 0x04, 0x21, 0x04, 0x21, 0x04, 0x21, 0x04, 0x21, 0x04, 0x21, 0x04, 0x21, 0x04, 0x21,
    0x04, 0x21, 0x04, 0x21, 0x04, 0x21, 0x04, 0x21, 0x04, 0x21, 0x04, 0x21, 0x04, 0x21, 0x04, 0x21,
    0x04, 0x21, 0x04, 0x21, 0x04, 0x21, 0x04, 0x21, 0x04, 0x21, 0x04, 0x21, 0x04, 0x21, 0x04, 0x21,
    0x04, 0x21, 0x04, 0x21, 0x04, 0x21, 0x04, 0x21, 0x04, 0x21, 0x04, 0x21, 0x04, 0x21, 0x04, 0x21,
    0x04, 0x21, 0x04, 0x21, 0x04, 0x21, 0x04, 0x21, 0x04, 0x21, 0x04, 0x21, 0x04, 0x21, 0x04, 0x21,
    0x04, 0x21, 0x04, 0x21, 0x04, 0x21, 0x04, 0x21, 0x04, 0x21, 0x04, 0x21, 0x04, 0x21, 0x04, 0x21,
    0x04, 0x21, 0x04, 0x21, 0x04, 0x21, 0x04, 0x21, 0x04, 0x21, 0x04, 0x21, 0x04, 0x21, 0x04, 0x21,
    0x04, 0x21, 0x04, 0x21, 0x04, 0x21, 0x04, 0x21, 0x04, 0x21, 0x04, 0x21, 0x04, 0x21, 0x04, 0x21,
    0x04, 0x21, 0x04, 0x21, 0x04, 0x21, 0x04, 0x21, 0x04, 0x21, 0x04, 0x21, 0x04, 0x21, 0x04, 0x21,
    0x04, 0x21, 0x04, 0x21, 0x04, 0x21, 0x04, 0x21, 0x04, 0x21, 0x04, 0x21, 0x04, 0x21, 0x04, 0x21,
    0x04, 0x21, 0x04, 0x21, 0x04, 0x21, 0x04, 0x21, 0x04, 0x21, 0x04, 0x21, 0x04, 0x21, 0x04, 0x21,
    0x04, 0x21, 0x04, 0x21, 0x86, 0x31, 0x34, 0xA5, 0xEF, 0x7B, 0x04, 0x21, 0x04, 0x21, 0x04, 0x21,
    0x04, 0x21, 0x04, 0x21, 0x04, 0x21, 0x04, 0x21, 0x04, 0x21, 0x04, 0x21, 0x04, 0x21, 0xAE, 0x73,
    0x10, 0x84, 0x04, 0x21, 0x04, 0x21, 0x04, 0x21, 0x04, 0x21, 0x04, 0x21, 0x04, 0x21, 0x04, 0x21,
    0x04, 0x21, 0x04, 0x21, 0xE7, 0x39, 0x1C, 0xE7, 0xFF, 0xFF, 0xFF, 0xFF, 0xFF, 0xFF, 0xFF, 0xFF,
    0xFF, 0xFF, 0xFF, 0xFF, 0xFF, 0xFF, 0xFF, 0xFF, 0xFF, 0xFF, 0xFF, 0xFF, 0xFF, 0xFF, 0x92, 0x94,
    0x24, 0x21, 0x24, 0x21, 0x24, 0x21, 0x24, 0x21, 0x24, 0x21, 0x24, 0x21, 0x24, 0x21, 0x24, 0x21,
    0x24, 0x21, 0x24, 0x21, 0x24, 0x21, 0x24, 0x21, 0x24, 0x21, 0x24, 0x21, 0x24, 0x21, 0x24, 0x21,
    0x24, 0x21, 0x24, 0x21, 0x24, 0x21, 0x24, 0x21, 0x24, 0x21, 0x24, 0x21, 0x24, 0x21, 0x24, 0x21,
    0x24, 0x21, 0x24, 0x21, 0x24, 0x21, 0x24, 0x21, 0x24, 0x21, 0x24, 0x21, 0x24, 0x21, 0x24, 0x21,
    0x24, 0x21, 0x24, 0x21, 0x24, 0x21, 0x24, 0x21, 0x24, 0x21, 0x24, 0x21, 0x24, 0x21, 0x24, 0x21,
    0x24, 0x21, 0x24, 0x21, 0x24, 0x21, 0x24, 0x21, 0x24, 0x21, 0x24, 0x21, 0x24, 0x21, 0x24, 0x21,
    0x24, 0x21, 0x24, 0x21, 0x24, 0x21, 0x24, 0x21, 0x24, 0x21, 0x24, 0x21, 0x24, 0x21, 0x24, 0x21,
    0x24, 0x21, 0x24, 0x21, 0x24, 0x21, 0x24, 0x21, 0x24, 0x21, 0x24, 0x21, 0x24, 0x21, 0x24, 0x21,
    0x24, 0x21, 0x24, 0x21, 0x24, 0x21, 0x24, 0x21, 0x24, 0x21, 0x24, 0x21, 0x24, 0x21, 0x24, 0x21,
    0x24, 0x21, 0x24, 0x21, 0x24, 0x21, 0x24, 0x21, 0x24, 0x21, 0x24, 0x21, 0x24, 0x21, 0x24, 0x21,
    0x24, 0x21, 0xAA, 0x52, 0x7D, 0xEF, 0x9E, 0xEF, 0x9E, 0xF7, 0xBE, 0xF7, 0xDF, 0xFF, 0xDF, 0xFF,
    0x1C, 0xE7, 0x1C, 0xE7, 0x1C, 0xE7, 0x3C, 0xE7, 0x3C, 0xE7, 0x3C, 0xE7, 0x3C, 0xE7, 0x3C, 0xE7,
    0x3C, 0xE7, 0x3C, 0xE7, 0x3C, 0xE7, 0x3C, 0xE7, 0x3C, 0xE7, 0x3C, 0xE7, 0x3C, 0xE7, 0x3C, 0xE7,
    0x3C, 0xE7, 0x3C, 0xE7, 0x3C, 0xE7, 0x5D, 0xEF, 0x5D, 0xEF, 0x3C, 0xE7, 0x5D, 0xEF, 0x5D, 0xEF,
    0x5D, 0xEF, 0x5D, 0xEF, 0x5D, 0xEF, 0x5D, 0xEF, 0x5D, 0xEF, 0x5D, 0xEF, 0x5D, 0xEF, 0x5D, 0xEF,
    0x5D, 0xEF, 0x5D, 0xEF, 0x5D, 0xEF, 0x7D, 0xEF, 0x7D, 0xEF, 0x7D, 0xEF, 0x7D, 0xEF, 0x7D, 0xEF,
    0x7D, 0xEF, 0x7D, 0xEF, 0x7D, 0xEF, 0x7D, 0xEF, 0x7D, 0xEF, 0x7D, 0xEF, 0x7D, 0xEF, 0x7D, 0xEF,
    0x7D, 0xEF, 0x9E, 0xF7, 0x9E, 0xF7, 0x9E, 0xF7, 0x9E, 0xF7, 0x9E, 0xF7, 0x9E, 0xF7, 0x9E, 0xF7,
    0x9E, 0xF7, 0x9E, 0xF7, 0x9E, 0xF7, 0x9E, 0xF7, 0x9E, 0xF7, 0xBE, 0xF7, 0xBE, 0xF7, 0xBE, 0xF7,
    0xBE, 0xF7, 0xBE, 0xF7, 0xBE, 0xF7, 0xBE, 0xF7, 0xBE, 0xF7, 0xBE, 0xF7, 0xBE, 0xF7, 0xBE, 0xF7,
    0xBE, 0xF7, 0xBE, 0xF7, 0xBE, 0xF7, 0xBE, 0xF7, 0xBE, 0xF7, 0xBE, 0xF7, 0xBE, 0xF7, 0xBE, 0xF7,
    0xBE, 0xF7, 0xBE, 0xF7, 0xDF, 0xFF, 0xDF, 0xFF, 0xDF, 0xFF, 0xDF, 0xFF, 0xDF, 0xFF, 0xBE, 0xF7,
    0xDF, 0xFF, 0xDF, 0xFF, 0xDF, 0xFF, 0xDF, 0xFF, 0xDF, 0xFF, 0xDF, 0xFF, 0xDF, 0xFF, 0xDF, 0xFF,
    0xDF, 0xFF, 0xDF, 0xFF, 0xDF, 0xFF, 0xDF, 0xFF, 0xDF, 0xFF, 0xD3, 0x9C, 0x04, 0x21, 0x04, 0x21,
    0x04, 0x21, 0x04, 0x21, 0x04, 0x21, 0x04, 0x21, 0x04, 0x21, 0x04, 0x21, 0x04, 0x21, 0x04, 0x21,
    0x04, 0x21, 0x04, 0x21, 0x04, 0x21, 0x04, 0x21, 0x04, 0x21, 0x04, 0x21, 0x04, 0x21, 0x04, 0x21,
    0x04, 0x21, 0x04, 0x21, 0x04, 0x21, 0x04, 0x21, 0x04, 0x21, 0x04, 0x21, 0x04, 0x21, 0x04, 0x21,
    0x04, 0x21, 0x04, 0x21, 0x04, 0x21, 0x04, 0x21, 0x04, 0x21, 0x04, 0x21, 0x04, 0x21, 0x04, 0x21,
    0x04, 0x21, 0x04, 0x21, 0x04, 0x21, 0x04, 0x21, 0x04, 0x21, 0x04, 0x21, 0x04, 0x21, 0x04, 0x21,
    0x04, 0x21, 0x04, 0x21, 0x04, 0x21, 0x04, 0x21, 0x04, 0x21, 0x04, 0x21, 0x04, 0x21, 0x04, 0x21,
    0x04, 0x21, 0x04, 0x21, 0x04, 0x21, 0x04, 0x21, 0x04, 0x21, 0x04, 0x21, 0x04, 0x21, 0x04, 0x21,
    0x04, 0x21, 0x04, 0x21, 0x04, 0x21, 0x04, 0x21, 0x04, 0x21, 0x04, 0x21, 0x04, 0x21, 0x04, 0x21,
    0x04, 0x21, 0x04, 0x21, 0x04, 0x21, 0x04, 0x21, 0x04, 0x21, 0x04, 0x21, 0x04, 0x21, 0x04, 0x21,
    0x04, 0x21, 0x04, 0x21, 0x04, 0x21, 0x04, 0x21, 0x04, 0x21, 0x04, 0x21, 0x04, 0x21, 0x04, 0x21,
    0x04, 0x21, 0x04, 0x21, 0x04, 0x21, 0x04, 0x21, 0x04, 0x21, 0x04, 0x21, 0x04, 0x21, 0x04, 0x21,
    0x04, 0x21, 0x04, 0x21, 0x04, 0x21, 0x04, 0x21, 0x04, 0x21, 0x04, 0x21, 0x04, 0x21, 0x04, 0x21,
    0x04, 0x21, 0x04, 0x21, 0x04, 0x21, 0x04, 0x21, 0x04, 0x21, 0x04, 0x21, 0x04, 0x21, 0x04, 0x21,
    0x04, 0x21, 0x04, 0x21, 0x04, 0x21, 0x04, 0x21, 0x04, 0x21, 0x04, 0x21, 0x04, 0x21, 0x04, 0x21,
    0x04, 0x21, 0xCB, 0x5A, 0x9E, 0xF7, 0xFF, 0xFF, 0xFF, 0xFF, 0xFF, 0xFF, 0xFF, 0xFF, 0xFF, 0xFF,
    0xFF, 0xFF, 0xFF, 0xFF, 0xFF, 0xFF, 0xFF, 0xFF, 0xFF, 0xFF, 0xFF, 0xFF, 0x92, 0x94, 0x24, 0x21,
    0x24, 0x21, 0x24, 0x21, 0x24, 0x21, 0x24, 0x21, 0x24, 0x21, 0x24, 0x21, 0x24, 0x21, 0x24, 0x21,
    0x24, 0x21, 0x24, 0x21, 0x24, 0x21, 0x24, 0x21, 0x24, 0x21, 0x24, 0x21, 0x24, 0x21, 0x24, 0x21,
    0x24, 0x21, 0x24, 0x21, 0x24, 0x21, 0x24, 0x21, 0x24, 0x21, 0x24, 0x21, 0x24, 0x21, 0x24, 0x21,
    0x24, 0x21, 0x24, 0x21, 0x24, 0x21, 0x24, 0x21, 0x24, 0x21, 0x24, 0x21, 0x24, 0x21, 0x24, 0x21,
    0x24, 0x21, 0x24, 0x21, 0x24, 0x21, 0x24, 0x21, 0x24, 0x21, 0x24, 0x21, 0x24, 0x21, 0x24, 0x21,
    0x24, 0x21, 0x24, 0x21, 0x24, 0x21, 0x24, 0x21, 0x24, 0x21, 0x24, 0x21, 0x24, 0x21, 0x24, 0x21,
    0x24, 0x21, 0x24, 0x21, 0x24, 0x21, 0x24, 0x21, 0x24, 0x21, 0x24, 0x21, 0x24, 0x21, 0x24, 0x21,
    0x24, 0x21, 0x24, 0x21, 0x24, 0x21, 0x24, 0x21, 0x24, 0x21, 0x24, 0x21, 0x24, 0x21, 0x24, 0x21,
    0x24, 0x21, 0x24, 0x21, 0x24, 0x21, 0x24, 0x21, 0x24, 0x21, 0x24, 0x21, 0x24, 0x21, 0x24, 0x21,
    0x24, 0x21, 0x24, 0x21, 0x24, 0x21, 0x24, 0x21, 0x24, 0x21, 0x24, 0x21, 0x24, 0x21, 0x24, 0x21,
    0x24, 0x21, 0x24, 0x21, 0xEF, 0x7B, 0x7D, 0xEF, 0x9E, 0xF7, 0x9E, 0xF7, 0xBE, 0xF7, 0xDF, 0xFF,
    0x1C, 0xE7, 0x1C, 0xE7, 0x1C, 0xE7, 0x3C, 0xE7, 0x3C, 0xE7, 0x3C, 0xE7, 0x3C, 0xE7, 0x3C, 0xE7,
    0x3C, 0xE7, 0x3C, 0xE7, 0x3C, 0xE7, 0x3C, 0xE7, 0x3C, 0xE7, 0x3C, 0xE7, 0x3C, 0xE7, 0x3C, 0xE7,
    0x3C, 0xE7, 0x3C, 0xE7, 0x3C, 0xE7, 0x3C, 0xE7, 0x3C, 0xE7, 0x3C, 0xE7, 0x5D, 0xEF, 0x5D, 0xEF,
    0x5D, 0xEF, 0x5D, 0xEF, 0x5D, 0xEF, 0x5D, 0xEF, 0x5D, 0xEF, 0x5D, 0xEF, 0x5D, 0xEF, 0x5D, 0xEF,
    0x5D, 0xEF, 0x5D, 0xEF, 0x5D, 0xEF, 0x5D, 0xEF, 0x7D, 0xEF, 0x7D, 0xEF, 0x7D, 0xEF, 0x7D, 0xEF,
    0x7D, 0xEF, 0x7D, 0xEF, 0x7D, 0xEF, 0x7D, 0xEF, 0x7D, 0xEF, 0x7D, 0xEF, 0x7D, 0xEF, 0x7D, 0xEF,
    0x9E, 0xF7, 0x9E, 0xF7, 0x9E, 0xF7, 0x9E, 0xF7, 0x9E, 0xF7, 0x9E, 0xF7, 0x9E, 0xF7, 0x9E, 0xF7,
    0x9E, 0xF7, 0x9E, 0xF7, 0x9E, 0xF7, 0x9E, 0xF7, 0x9E, 0xF7, 0x9E, 0xF7, 0x9E, 0xF7, 0xBE, 0xF7,
    0xBE, 0xF7, 0xBE, 0xF7, 0xBE, 0xF7, 0xBE, 0xF7, 0xBE, 0xF7, 0xBE, 0xF7, 0xBE, 0xF7, 0xBE, 0xF7,
    0xBE, 0xF7, 0xBE, 0xF7, 0xBE, 0xF7, 0xBE, 0xF7, 0xBE, 0xF7, 0xBE, 0xF7, 0xBE, 0xF7, 0xBE, 0xF7,
    0xBE, 0xF7, 0xBE, 0xF7, 0xBE, 0xF7, 0xBE, 0xF7, 0xDF, 0xFF, 0xBE, 0xF7, 0xDF, 0xFF, 0xDF, 0xFF,
    0xDF, 0xFF, 0xDF, 0xFF, 0xDF, 0xFF, 0xDF, 0xFF, 0xDF, 0xFF, 0xDF, 0xFF, 0xDF, 0xFF, 0xDF, 0xFF,
    0xDF, 0xFF, 0xDF, 0xFF, 0xDF, 0xFF, 0xDF, 0xFF, 0xDF, 0xFF, 0xDF, 0xFF, 0x9A, 0xD6, 0xE7, 0x39,
    0x04, 0x21, 0x04, 0x21, 0x04, 0x21, 0x04, 0x21, 0x04, 0x21, 0x04, 0x21, 0x04, 0x21, 0x04, 0x21,
    0x04, 0x21, 0x04, 0x21, 0x04, 0x21, 0x04, 0x21, 0x04, 0x21, 0x04, 0x21, 0x04, 0x21, 0x04, 0x21,
    0x04, 0x21, 0x04, 0x21, 0x04, 0x21, 0x04, 0x21, 0x04, 0x21, 0x04, 0x21, 0x04, 0x21, 0x04, 0x21,
    0x04, 0x21, 0x04, 0x21, 0x04, 0x21, 0x04, 0x21, 0x04, 0x21, 0x04, 0x21, 0x04, 0x21, 0x04, 0x21,
    0x04, 0x21, 0x04, 0x21, 0x04, 0x21, 0x04, 0x21, 0x04, 0x21, 0x04, 0x21, 0x04, 0x21, 0x04, 0x21,
    0x04, 0x21, 0x04, 0x21, 0x04, 0x21, 0x04, 0x21, 0x04, 0x21, 0x04, 0x21, 0x04, 0x21, 0x04, 0x21,
    0x04, 0x21, 0x04, 0x21, 0x04, 0x21, 0x04, 0x21, 0x04, 0x21, 0x04, 0x21, 0x04, 0x21, 0x04, 0x21,
    0x04, 0x21, 0x04, 0x21, 0x04, 0x21, 0x04, 0x21, 0x04, 0x21, 0x04, 0x21, 0x04, 0x21, 0x04, 0x21,
    0x04, 0x21, 0x04, 0x21, 0x04, 0x21, 0x04, 0x21, 0x04, 0x21, 0x04, 0x21, 0x04, 0x21, 0x04, 0x21,
    0x04, 0x21, 0x04, 0x21, 0x04, 0x21, 0x04, 0x21, 0x04, 0x21, 0x04, 0x21, 0x04, 0x21, 0x04, 0x21,
    0x04, 0x21, 0x04, 0x21, 0x04, 0x21, 0x04, 0x21, 0x04, 0x21, 0x04, 0x21, 0x04, 0x21, 0x04, 0x21,
    0x04, 0x21, 0x04, 0x21, 0x04, 0x21, 0x04, 0x21, 0x04, 0x21, 0x04, 0x21, 0x04, 0x21, 0x04, 0x21,
    0x04, 0x21, 0x04, 0x21, 0x04, 0x21, 0x04, 0x21, 0x04, 0x21, 0x04, 0x21, 0x04, 0x21, 0x04, 0x21,
    0x04, 0x21, 0x04, 0x21, 0x04, 0x21, 0x04, 0x21, 0x04, 0x21, 0x04, 0x21, 0x04, 0x21, 0x04, 0x21,
    0x10, 0x84, 0xFF, 0xFF, 0xFF, 0xFF, 0xFF, 0xFF, 0xFF, 0xFF, 0xFF, 0xFF, 0xFF, 0xFF, 0xFF, 0xFF,
    0xFF, 0xFF, 0xFF, 0xFF, 0xFF, 0xFF, 0xFF, 0xFF, 0xFF, 0xFF, 0x92, 0x94, 0x24, 0x21, 0x24, 0x21,
    0x24, 0x21, 0x24, 0x21, 0x24, 0x21, 0x24, 0x21, 0x24, 0x21, 0x24, 0x21, 0x24, 0x21, 0x24, 0x21,
    0x24, 0x21, 0x24, 0x21, 0x24, 0x21, 0x24, 0x21, 0x24, 0x21, 0x24, 0x21, 0x24, 0x21, 0x24, 0x21,
    0x24, 0x21, 0x24, 0x21, 0x24, 0x21, 0x24, 0x21, 0x24, 0x21, 0x24, 0x21, 0x24, 0x21, 0x24, 0x21,
    0x24, 0x21, 0x24, 0x21, 0x24, 0x21, 0x24, 0x21, 0x24, 0x21, 0x24, 0x21, 0x24, 0x21, 0x24, 0x21,
    0x24, 0x21, 0x24, 0x21, 0x24, 0x21, 0x24, 0x21, 0x24, 0x21, 0x24, 0x21, 0x24, 0x21, 0x24, 0x21,
    0x24, 0x21, 0x24, 0x21, 0x24, 0x21, 0x24, 0x21, 0x24, 0x21, 0x24, 0x21, 0x24, 0x21, 0x24, 0x21,
    0x24, 0x21, 0x24, 0x21, 0x24, 0x21, 0x24, 0x21, 0x24, 0x21, 0x24, 0x21, 0x24, 0x21, 0x24, 0x21,
    0x24, 0x21, 0x24, 0x21, 0x24, 0x21, 0x24, 0x21, 0x24, 0x21, 0x24, 0x21, 0x24, 0x21, 0x24, 0x21,
    0x24, 0x21, 0x24, 0x21, 0x24, 0x21, 0x24, 0x21, 0x24, 0x21, 0x24, 0x21, 0x24, 0x21, 0x24, 0x21,
    0x24, 0x21, 0x24, 0x21, 0x24, 0x21, 0x24, 0x21, 0x24, 0x21, 0x24, 0x21, 0x24, 0x21, 0x24, 0x21,
    0x24, 0x21, 0x24, 0x21, 0x24, 0x21, 0x5D, 0xEF, 0x7D, 0xEF, 0x9E, 0xF7, 0xBE, 0xF7, 0xDF, 0xFF,
    0x1C, 0xE7, 0x1C, 0xE7, 0x1C, 0xE7, 0x1C, 0xE7, 0x3C, 0xE7, 0x1C, 0xE7, 0x3C, 0xE7, 0x3C, 0xE7,
    0x3C, 0xE7, 0x3C, 0xE7, 0x3C, 0xE7, 0x3C, 0xE7, 0x3C, 0xE7, 0x3C, 0xE7, 0x3C, 0xE7, 0x3C, 0xE7,
    0x3C, 0xE7, 0x3C, 0xE7, 0x3C, 0xE7, 0x3C, 0xE7, 0x3C, 0xE7, 0x5D, 0xEF, 0x3C, 0xE7, 0x5D, 0xEF,
    0x5D, 0xEF, 0x5D, 0xEF, 0x5D, 0xEF, 0x5D, 0xEF, 0x5D, 0xEF, 0x5D, 0xEF, 0x5D, 0xEF, 0x5D, 0xEF,
    0x5D, 0xEF, 0x5D, 0xEF, 0x5D, 0xEF, 0x5D, 0xEF, 0x5D, 0xEF, 0x5D, 0xEF, 0x7D, 0xEF, 0x7D, 0xEF,
    0x7D, 0xEF, 0x7D, 0xEF, 0x7D, 0xEF, 0x7D, 0xEF, 0x7D, 0xEF, 0x7D, 0xEF, 0x7D, 0xEF, 0x7D, 0xEF,
    0x7D, 0xEF, 0x9E, 0xF7, 0x7D, 0xEF, 0x7D, 0xEF, 0x9E, 0xF7, 0x9E, 0xF7, 0x9E, 0xF7, 0x9E, 0xF7,
    0x9E, 0xF7, 0x9E, 0xF7, 0x9E, 0xF7, 0x9E, 0xF7, 0x9E, 0xF7, 0x9E, 0xF7, 0x9E, 0xF7, 0xBE, 0xF7,
    0xBE, 0xF7, 0xBE, 0xF7, 0xBE, 0xF7, 0xBE, 0xF7, 0xBE, 0xF7, 0xBE, 0xF7, 0xBE, 0xF7, 0xBE, 0xF7,
    0xBE, 0xF7, 0xBE, 0xF7, 0xBE, 0xF7, 0xBE, 0xF7, 0xBE, 0xF7, 0xBE, 0xF7, 0xBE, 0xF7, 0xBE, 0xF7,
    0xBE, 0xF7, 0xBE, 0xF7, 0xBE, 0xF7, 0xBE, 0xF7, 0xBE, 0xF7, 0xBE, 0xF7, 0xBE, 0xF7, 0xBE, 0xF7,
    0xDF, 0xFF, 0xDF, 0xFF, 0xDF, 0xFF, 0xDF, 0xFF, 0xDF, 0xFF, 0xDF, 0xFF, 0xDF, 0xFF, 0xDF, 0xFF,
    0xDF, 0xFF, 0xDF, 0xFF, 0xDF, 0xFF, 0xDF, 0xFF, 0xDF, 0xFF, 0xDF, 0xFF, 0xDF, 0xFF, 0xFB, 0xDE,
    0x55, 0xAD, 0x71, 0x8C, 0x71, 0x8C, 0x71, 0x8C, 0x71, 0x8C, 0x71, 0x8C, 0x71, 0x8C, 0x71, 0x8C,
    0x71, 0x8C, 0x71, 0x8C, 0x71, 0x8C, 0x71, 0x8C, 0x71, 0x8C, 0x71, 0x8C, 0x71, 0x8C, 0x71, 0x8C,
    0x71, 0x8C, 0x71, 0x8C, 0x71, 0x8C, 0x71, 0x8C, 0x71, 0x8C, 0x71, 0x8C, 0x71, 0x8C, 0x71, 0x8C,
    0x71, 0x8C, 0x71, 0x8C, 0x71, 0x8C, 0x71, 0x8C, 0x92, 0x94, 0x71, 0x8C, 0x71, 0x8C, 0x71, 0x8C,
    0x71, 0x8C, 0x92, 0x94, 0x92, 0x94, 0x71, 0x8C, 0x71, 0x8C, 0x92, 0x94, 0x71, 0x8C, 0x71, 0x8C,
    0x92, 0x94, 0x71, 0x8C, 0x71, 0x8C, 0x71, 0x8C, 0x71, 0x8C, 0x71, 0x8C, 0x71, 0x8C, 0x71, 0x8C,
    0x71, 0x8C, 0x71, 0x8C, 0x71, 0x8C, 0x71, 0x8C, 0x71, 0x8C, 0x92, 0x94, 0x71, 0x8C, 0x71, 0x8C,
    0x71, 0x8C, 0x92, 0x94, 0x71, 0x8C, 0x71, 0x8C, 0x71, 0x8C, 0x92, 0x94, 0x92, 0x94, 0x71, 0x8C,
    0x71, 0x8C, 0x71, 0x8C, 0x92, 0x94, 0x71, 0x8C, 0x71, 0x8C, 0x92, 0x94, 0x92, 0x94, 0x71, 0x8C,
    0x92, 0x94, 0x71, 0x8C, 0x71, 0x8C, 0x71, 0x8C, 0x92, 0x94, 0x71, 0x8C, 0x71, 0x8C, 0x71, 0x8C,
    0x92, 0x94, 0x71, 0x8C, 0x71, 0x8C, 0x71, 0x8C, 0x71, 0x8C, 0x71, 0x8C, 0x71, 0x8C, 0x71, 0x8C,
    0x71, 0x8C, 0x92, 0x94, 0x92, 0x94, 0x92, 0x94, 0x92, 0x94, 0x71, 0x8C, 0x92, 0x94, 0x71, 0x8C,
    0x92, 0x94, 0x71, 0x8C, 0x71, 0x8C, 0x92, 0x94, 0x71, 0x8C, 0x71, 0x8C, 0x71, 0x8C, 0x71, 0x8C,
    0x71, 0x8C, 0x71, 0x8C, 0x71, 0x8C, 0x71, 0x8C, 0x92, 0x94, 0x71, 0x8C, 0xF3, 0x9C, 0x59, 0xCE,
    0xFF, 0xFF, 0xFF, 0xFF, 0xFF, 0xFF, 0xFF, 0xFF, 0xFF, 0xFF, 0xFF, 0xFF, 0xFF, 0xFF, 0xFF, 0xFF,
    0xFF, 0xFF, 0xFF, 0xFF, 0xFF, 0xFF, 0xFF, 0xFF, 0x30, 0x84, 0x24, 0x21, 0x24, 0x21, 0x24, 0x21,
    0x24, 0x21, 0x24, 0x21, 0x24, 0x21, 0x24, 0x21, 0x24, 0x21, 0x24, 0x21, 0x24, 0x21, 0x24, 0x21,
    0x24, 0x21, 0x24, 0x21, 0x24, 0x21, 0x24, 0x21, 0x24, 0x21, 0x24, 0x21, 0x24, 0x21, 0x24, 0x21,
    0x24, 0x21, 0x24, 0x21, 0x24, 0x21, 0x24, 0x21, 0x24, 0x21, 0x24, 0x21, 0x24, 0x21, 0x24, 0x21,
    0x24, 0x21, 0x24, 0x21, 0x24, 0x21, 0x24, 0x21, 0x24, 0x21, 0x24, 0x21, 0x24, 0x21, 0x24, 0x21,
    0x24, 0x21, 0x24, 0x21, 0x24, 0x21, 0x24, 0x21, 0x24, 0x21, 0x24, 0x21, 0x24, 0x21, 0x24, 0x21,
    0x24, 0x21, 0x24, 0x21, 0x24, 0x21, 0x24, 0x21, 0x24, 0x21, 0x24, 0x21, 0x24, 0x21, 0x24, 0x21,
    0x24, 0x21, 0x24, 0x21, 0x24, 0x21, 0x24, 0x21, 0x24, 0x21, 0x24, 0x21, 0x24, 0x21, 0x24, 0x21,
    0x24, 0x21, 0x24, 0x21, 0x24, 0x21, 0x24, 0x21, 0x24, 0x21, 0x24, 0x21, 0x24, 0x21, 0x24, 0x21,
    0x24, 0x21, 0x24, 0x21, 0x24, 0x21, 0x24, 0x21, 0x24, 0x21, 0x24, 0x21, 0x24, 0x21, 0x24, 0x21,
    0x24, 0x21, 0x24, 0x21, 0x24, 0x21, 0x24, 0x21, 0x24, 0x21, 0x24, 0x21, 0x24, 0x21, 0x24, 0x21,
    0x24, 0x21, 0x24, 0x21, 0x24, 0x21, 0x5D, 0xEF, 0x7D, 0xEF, 0x7D, 0xEF, 0x9E, 0xF7, 0xBE, 0xF7,
    0x1C, 0xE7, 0x1C, 0xE7, 0x1C, 0xE7, 0x1C, 0xE7, 0x1C, 0xE7, 0x1C, 0xE7, 0x1C, 0xE7, 0x3C, 0xE7,
    0x3C, 0xE7, 0x3C, 0xE7, 0x3C, 0xE7, 0x3C, 0xE7, 0x3C, 0xE7, 0x3C, 0xE7, 0x3C, 0xE7, 0x3C, 0xE7,
    0x3C, 0xE7, 0x3C, 0xE7, 0x3C, 0xE7, 0x3C, 0xE7, 0x3C, 0xE7, 0x3C, 0xE7, 0x3C, 0xE7, 0x3C, 0xE7,
    0x3C, 0xE7, 0x5D, 0xEF, 0x5D, 0xEF, 0x5D, 0xEF, 0x5D, 0xEF, 0x5D, 0xEF, 0x5D, 0xEF, 0x5D, 0xEF,
    0x5D, 0xEF, 0x5D, 0xEF, 0x5D, 0xEF, 0x5D, 0xEF, 0x5D, 0xEF, 0x5D, 0xEF, 0x7D, 0xEF, 0x7D, 0xEF,
    0x7D, 0xEF, 0x7D, 0xEF, 0x7D, 0xEF, 0x7D, 0xEF, 0x7D, 0xEF, 0x7D, 0xEF, 0x7D, 0xEF, 0x7D, 0xEF,
    0x7D, 0xEF, 0x7D, 0xEF, 0x9E, 0xF7, 0x7D, 0xEF, 0x7D, 0xEF, 0x9E, 0xF7, 0x9E, 0xF7, 0x9E, 0xF7,
    0x9E, 0xF7, 0x9E, 0xF7, 0x9E, 0xF7, 0x9E, 0xF7, 0x9E, 0xF7, 0x9E, 0xF7, 0x9E, 0xF7, 0x9E, 0xF7,
    0x9E, 0xF7, 0xBE, 0xF7, 0xBE, 0xF7, 0xBE, 0xF7, 0xBE, 0xF7, 0xBE, 0xF7, 0xBE, 0xF7, 0xBE, 0xF7,
    0xBE, 0xF7, 0xBE, 0xF7, 0xBE, 0xF7, 0xBE, 0xF7, 0xBE, 0xF7, 0xBE, 0xF7, 0xBE, 0xF7, 0xBE, 0xF7,
    0xBE, 0xF7, 0xBE, 0xF7, 0xBE, 0xF7, 0xBE, 0xF7, 0xBE, 0xF7, 0xDF, 0xFF, 0xBE, 0xF7, 0xDF, 0xFF,
    0xDF, 0xFF, 0xDF, 0xFF, 0xDF, 0xFF, 0xDF, 0xFF, 0xDF, 0xFF, 0xDF, 0xFF, 0xDF, 0xFF, 0xDF, 0xFF,
    0xDF, 0xFF, 0xDF, 0xFF, 0xDF, 0xFF, 0xDF, 0xFF, 0xDF, 0xFF, 0xDF, 0xFF, 0xDF, 0xFF, 0xDF, 0xFF,
    0xDF, 0xFF, 0xDF, 0xFF, 0xDF, 0xFF, 0xDF, 0xFF, 0xDF, 0xFF, 0xDF, 0xFF, 0xDF, 0xFF, 0xDF, 0xFF,
    0xDF, 0xFF, 0xDF, 0xFF, 0xFF, 0xFF, 0xDF, 0xFF, 0xFF, 0xFF, 0xFF, 0xFF, 0xFF, 0xFF, 0xFF, 0xFF,
    0xFF, 0xFF, 0xFF, 0xFF, 0xFF, 0xFF, 0xFF, 0xFF, 0xFF, 0xFF, 0xFF, 0xFF, 0xFF, 0xFF, 0xFF, 0xFF,
    0xFF, 0xFF, 0xFF, 0xFF, 0xFF, 0xFF, 0xFF, 0xFF, 0xFF, 0xFF, 0xFF, 0xFF, 0xFF, 0xFF, 0xFF, 0xFF,
    0xFF, 0xFF, 0xFF, 0xFF, 0xFF, 0xFF, 0xFF, 0xFF, 0xFF, 0xFF, 0xFF, 0xFF, 0xFF, 0xFF, 0xFF, 0xFF,
    0xFF, 0xFF, 0xFF, 0xFF, 0xFF, 0xFF, 0xFF, 0xFF, 0xFF, 0xFF, 0xFF, 0xFF, 0xFF, 0xFF, 0xFF, 0xFF,
    0xFF, 0xFF, 0xFF, 0xFF, 0xFF, 0xFF, 0xFF, 0xFF, 0xFF, 0xFF, 0xFF, 0xFF, 0xFF, 0xFF, 0xFF, 0xFF,
    0xFF, 0xFF, 0xFF, 0xFF, 0xFF, 0xFF, 0xFF, 0xFF, 0xFF, 0xFF, 0xFF, 0xFF, 0xFF, 0xFF, 0xFF, 0xFF,
    0xFF, 0xFF, 0xFF, 0xFF, 0xFF, 0xFF, 0xFF, 0xFF, 0xFF, 0xFF, 0xFF, 0xFF, 0xFF, 0xFF, 0xFF, 0xFF,
    0xFF, 0xFF, 0xFF, 0xFF, 0xFF, 0xFF, 0xFF, 0xFF, 0xFF, 0xFF, 0xFF, 0xFF, 0xFF, 0xFF, 0xFF, 0xFF,
    0xFF, 0xFF, 0xFF, 0xFF, 0xFF, 0xFF, 0xFF, 0xFF, 0xFF, 0xFF, 0xFF, 0xFF, 0xFF, 0xFF, 0xFF, 0xFF,
    0xFF, 0xFF, 0xFF, 0xFF, 0xFF, 0xFF, 0xFF, 0xFF, 0xFF, 0xFF, 0xFF, 0xFF, 0xFF, 0xFF, 0xFF, 0xFF,
    0xFF, 0xFF, 0xFF, 0xFF, 0xFF, 0xFF, 0xFF, 0xFF, 0xFF, 0xFF, 0xFF, 0xFF, 0xFF, 0xFF, 0xFF, 0xFF,
    0xFF, 0xFF, 0xFF, 0xFF, 0xFF, 0xFF, 0xFF, 0xFF, 0xFF, 0xFF, 0xFF, 0xFF, 0xFF, 0xFF, 0xFF, 0xFF,
    0xFF, 0xFF, 0xFF, 0xFF, 0xFF, 0xFF, 0xFF, 0xFF, 0xFF, 0xFF, 0xFF, 0xFF, 0xFF, 0xFF, 0xFF, 0xFF,
    0xFF, 0xFF, 0xFF, 0xFF, 0xFF, 0xFF, 0xAE, 0x73, 0x24, 0x21, 0x24, 0x21, 0x24, 0x21, 0x24, 0x21,
    0x24, 0x21, 0x24, 0x21, 0x24, 0x21, 0x24, 0x21, 0x24, 0x21, 0x24, 0x21, 0x24, 0x21, 0x24, 0x21,
    0x24, 0x21, 0x24, 0x21, 0x24, 0x21, 0x24, 0x21, 0x24, 0x21, 0x24, 0x21, 0x24, 0x21, 0x24, 0x21,
    0x24, 0x21, 0x24, 0x21, 0x24, 0x21, 0x24, 0x21, 0x24, 0x21, 0x24, 0x21, 0x24, 0x21, 0x24, 0x21,
    0x24, 0x21, 0x24, 0x21, 0x24, 0x21, 0x24, 0x21, 0x24, 0x21, 0x24, 0x21, 0x24, 0x21, 0x24, 0x21,
    0x24, 0x21, 0x24, 0x21, 0x24, 0x21, 0x24, 0x21, 0x24, 0x21, 0x24, 0x21, 0x24, 0x21, 0x24, 0x21,
    0x24, 0x21, 0x24, 0x21, 0x24, 0x21, 0x24, 0x21, 0x24, 0x21, 0x24, 0x21, 0x24, 0x21, 0x24, 0x21,
    0x24, 0x21, 0x24, 0x21, 0x24, 0x21, 0x24, 0x21, 0x24, 0x21, 0x24, 0x21, 0x24, 0x21, 0x24, 0x21,
    0x24, 0x21, 0x24, 0x21, 0x24, 0x21, 0x24, 0x21, 0x24, 0x21, 0x24, 0x21, 0x24, 0x21, 0x24, 0x21,
    0x24, 0x21, 0x24, 0x21, 0x24, 0x21, 0x24, 0x21, 0x24, 0x21, 0x24, 0x21, 0x24, 0x21, 0x24, 0x21,
    0x24, 0x21, 0x24, 0x21, 0x24, 0x21, 0x24, 0x21, 0x24, 0x21, 0x24, 0x21, 0x24, 0x21, 0x24, 0x21,
    0x24, 0x21, 0x24, 0x21, 0x24, 0x21, 0x3C, 0xE7, 0x5D, 0xEF, 0x7D, 0xEF, 0x9E, 0xF7, 0xBE, 0xF7,
    0x1C, 0xE7, 0x1C, 0xE7, 0x1C, 0xE7, 0x1C, 0xE7, 0x1C, 0xE7, 0x1C, 0xE7, 0x1C, 0xE7, 0x1C, 0xE7,
    0x1C, 0xE7, 0x1C, 0xE7, 0x1C, 0xE7, 0x3C, 0xE7, 0x3C, 0xE7, 0x3C, 0xE7, 0x3C, 0xE7, 0x3C, 0xE7,
    0x3C, 0xE7, 0x3C, 0xE7, 0x3C, 0xE7, 0x3C, 0xE7, 0x3C, 0xE7, 0x3C, 0xE7, 0x3C, 0xE7, 0x3C, 0xE7,
    0x3C, 0xE7, 0x3C, 0xE7, 0x5D, 0xEF, 0x5D, 0xEF, 0x3C, 0xE7, 0x5D, 0xEF, 0x5D, 0xEF, 0x5D, 0xEF,
    0x5D, 0xEF, 0x5D, 0xEF, 0x5D, 0xEF, 0x5D, 0xEF, 0x5D, 0xEF, 0x5D, 0xEF, 0x5D, 0xEF, 0x7D, 0xEF,
    0x7D, 0xEF, 0x7D, 0xEF, 0x7D, 0xEF, 0x7D, 0xEF, 0x7D, 0xEF, 0x7D, 0xEF, 0x7D, 0xEF, 0x7D, 0xEF,
    0x7D, 0xEF, 0x7D, 0xEF, 0x7D, 0xEF, 0x7D, 0xEF, 0x7D, 0xEF, 0x7D, 0xEF, 0x9E, 0xF7, 0x9E, 0xF7,
    0x9E, 0xF7, 0x9E, 0xF7, 0x9E, 0xF7, 0x9E, 0xF7, 0x9E, 0xF7, 0x9E, 0xF7, 0x9E, 0xF7, 0x9E, 0xF7,
    0xBE, 0xF7, 0x9E, 0xF7, 0xBE, 0xF7, 0xBE, 0xF7, 0xBE, 0xF7, 0xBE, 0xF7, 0xBE, 0xF7, 0xBE, 0xF7,
    0xBE, 0xF7, 0xBE, 0xF7, 0xBE, 0xF7, 0xBE, 0xF7, 0xBE, 0xF7, 0xBE, 0xF7, 0xBE, 0xF7, 0xBE, 0xF7,
    0xBE, 0xF7, 0xBE, 0xF7, 0xBE, 0xF7, 0xBE, 0xF7, 0xBE, 0xF7, 0xBE, 0xF7, 0xBE, 0xF7, 0xBE, 0xF7,
    0xBE, 0xF7, 0xBE, 0xF7, 0xDF, 0xFF, 0xDF, 0xFF, 0xDF, 0xFF, 0xDF, 0xFF, 0xDF, 0xFF, 0xDF, 0xFF,
    0xDF, 0xFF, 0xDF, 0xFF, 0xDF, 0xFF, 0xDF, 0xFF, 0xDF, 0xFF, 0xDF, 0xFF, 0xDF, 0xFF, 0xDF, 0xFF,
    0xDF, 0xFF, 0xDF, 0xFF, 0xDF, 0xFF, 0xDF, 0xFF, 0xDF, 0xFF, 0xDF, 0xFF, 0xDF, 0xFF, 0xDF, 0xFF,
    0xFF, 0xFF, 0xDF, 0xFF, 0xDF, 0xFF, 0xFF, 0xFF, 0xDF, 0xFF, 0xFF, 0xFF, 0xFF, 0xFF, 0xFF, 0xFF,
    0xFF, 0xFF, 0xFF, 0xFF, 0xFF, 0xFF, 0xFF, 0xFF, 0xFF, 0xFF, 0xFF, 0xFF, 0xFF, 0xFF, 0xFF, 0xFF,
    0xFF, 0xFF, 0xFF, 0xFF, 0xFF, 0xFF, 0xFF, 0xFF, 0xFF, 0xFF, 0xFF, 0xFF, 0xFF, 0xFF, 0xFF, 0xFF,
    0xFF, 0xFF, 0xFF, 0xFF, 0xFF, 0xFF, 0xFF, 0xFF, 0xFF, 0xFF, 0xFF, 0xFF, 0xFF, 0xFF, 0xFF, 0xFF,
    0xFF, 0xFF, 0xFF, 0xFF, 0xFF, 0xFF, 0xFF, 0xFF, 0xFF, 0xFF, 0xFF, 0xFF, 0xFF, 0xFF, 0xFF, 0xFF,
    0xFF, 0xFF, 0xFF, 0xFF, 0xFF, 0xFF, 0xFF, 0xFF, 0xFF, 0xFF, 0xFF, 0xFF, 0xFF, 0xFF, 0xFF, 0xFF,
    0xFF, 0xFF, 0xFF, 0xFF, 0xFF, 0xFF, 0xFF, 0xFF, 0xFF, 0xFF, 0xFF, 0xFF, 0xFF, 0xFF, 0xFF, 0xFF,
    0xFF, 0xFF, 0xFF, 0xFF, 0xFF, 0xFF, 0xFF, 0xFF, 0xFF, 0xFF, 0xFF, 0xFF, 0xFF, 0xFF, 0xFF, 0xFF,
    0xFF, 0xFF, 0xFF, 0xFF, 0xFF, 0xFF, 0xFF, 0xFF, 0xFF, 0xFF, 0xFF, 0xFF, 0xFF, 0xFF, 0xFF, 0xFF,
    0xFF, 0xFF, 0xFF, 0xFF, 0xFF, 0xFF, 0xFF, 0xFF, 0xFF, 0xFF, 0xFF, 0xFF, 0xFF, 0xFF, 0xFF, 0xFF,
    0xFF, 0xFF, 0xFF, 0xFF, 0xFF, 0xFF, 0xFF, 0xFF, 0xFF, 0xFF, 0xFF, 0xFF, 0xFF, 0xFF, 0xFF, 0xFF,
    0xFF, 0xFF, 0xFF, 0xFF, 0xFF, 0xFF, 0xFF, 0xFF, 0xFF, 0xFF, 0xFF, 0xFF, 0xFF, 0xFF, 0xFF, 0xFF,
    0xFF, 0xFF, 0xFF, 0xFF, 0xFF, 0xFF, 0xFF, 0xFF, 0xFF, 0xFF, 0xFF, 0xFF, 0xFF, 0xFF, 0xFF, 0xFF,
    0xFF, 0xFF, 0xFF, 0xFF, 0xFF, 0xFF, 0xFF, 0xFF, 0xFF, 0xFF, 0xFF, 0xFF, 0xFF, 0xFF, 0xFF, 0xFF,
    0xFF, 0xFF, 0x9E, 0xF7, 0x69, 0x4A, 0x24, 0x21, 0x24, 0x21, 0x24, 0x21, 0x24, 0x21, 0x24, 0x21,
    0x24, 0x21, 0x24, 0x21, 0x24, 0x21, 0x24, 0x21, 0x24, 0x21, 0x24, 0x21, 0x24, 0x21, 0x24, 0x21,
    0x24, 0x21, 0x24, 0x21, 0x24, 0x21, 0x24, 0x21, 0x24, 0x21, 0x24, 0x21, 0x24, 0x21, 0x24, 0x21,
    0x24, 0x21, 0x24, 0x21, 0x24, 0x21, 0x24, 0x21, 0x24, 0x21, 0x24, 0x21, 0x24, 0x21, 0x24, 0x21,
    0x24, 0x21, 0x24, 0x21, 0x24, 0x21, 0x24, 0x21, 0x24, 0x21, 0x24, 0x21, 0x24, 0x21, 0x24, 0x21,
    0x24, 0x21, 0x24, 0x21, 0x24, 0x21, 0x24, 0x21, 0x24, 0x21, 0x24, 0x21, 0x24, 0x21, 0x24, 0x21,
    0x24, 0x21, 0x24, 0x21, 0x24, 0x21, 0x24, 0x21, 0x24, 0x21, 0x24, 0x21, 0x24, 0x21, 0x24, 0x21,
    0x24, 0x21, 0x24, 0x21, 0x24, 0x21, 0x24, 0x21, 0x24, 0x21, 0x24, 0x21, 0x24, 0x21, 0x24, 0x21,
    0x24, 0x21, 0x24, 0x21, 0x24, 0x21, 0x24, 0x21, 0x24, 0x21, 0x24, 0x21, 0x24, 0x21, 0x24, 0x21,
    0x24, 0x21, 0x24, 0x21, 0x24, 0x21, 0x24, 0x21, 0x24, 0x21, 0x24, 0x21, 0x24, 0x21, 0x24, 0x21,
    0x24, 0x21, 0x24, 0x21, 0x24, 0x21, 0x24, 0x21, 0x24, 0x21, 0x24, 0x21, 0x24, 0x21, 0x24, 0x21,
    0x24, 0x21, 0x24, 0x21, 0x24, 0x21, 0x1C, 0xE7, 0x5D, 0xE7, 0x5D, 0xEF, 0x9E, 0xEF, 0x9E, 0xF7,
    0x1C, 0xE7, 0x1C, 0xE7, 0x1C, 0xE7, 0x1C, 0xE7, 0x1C, 0xE7, 0x1C, 0xE7, 0x1C, 0xE7, 0x1C, 0xE7,
    0x1C, 0xE7, 0x3C, 0xE7, 0x1C, 0xE7, 0x1C, 0xE7, 0x3C, 0xE7, 0x3C, 0xE7, 0x3C, 0xE7, 0x3C, 0xE7,
    0x3C, 0xE7, 0x3C, 0xE7, 0x3C, 0xE7, 0x3C, 0xE7, 0x3C, 0xE7, 0x3C, 0xE7, 0x3C, 0xE7, 0x3C, 0xE7,
    0x3C, 0xE7, 0x3C, 0xE7, 0x3C, 0xE7, 0x3C, 0xE7, 0x5D, 0xEF, 0x5D, 0xEF, 0x5D, 0xEF, 0x5D, 0xEF,
    0x5D, 0xEF, 0x5D, 0xEF, 0x5D, 0xEF, 0x5D, 0xEF, 0x5D, 0xEF, 0x5D, 0xEF, 0x5D, 0xEF, 0x5D, 0xEF,
    0x5D, 0xEF, 0x7D, 0xEF, 0x5D, 0xEF, 0x7D, 0xEF, 0x7D, 0xEF, 0x7D, 0xEF, 0x7D, 0xEF, 0x7D, 0xEF,
    0x7D, 0xEF, 0x7D, 0xEF, 0x7D, 0xEF, 0x7D, 0xEF, 0x7D, 0xEF, 0x7D, 0xEF, 0x7D, 0xEF, 0x9E, 0xF7,
    0x9E, 0xF7, 0x9E, 0xF7, 0x9E, 0xF7, 0x9E, 0xF7, 0x9E, 0xF7, 0x9E, 0xF7, 0x9E, 0xF7, 0x9E, 0xF7,
    0x9E, 0xF7, 0x9E, 0xF7, 0x9E, 0xF7, 0x9E, 0xF7, 0xBE, 0xF7, 0xBE, 0xF7, 0xBE, 0xF7, 0xBE, 0xF7,
    0xBE, 0xF7, 0xBE, 0xF7, 0xBE, 0xF7, 0xBE, 0xF7, 0xBE, 0xF7, 0xBE, 0xF7, 0xBE, 0xF7, 0xBE, 0xF7,
    0xBE, 0xF7, 0xBE, 0xF7, 0xBE, 0xF7, 0xBE, 0xF7, 0xBE, 0xF7, 0xBE, 0xF7, 0xBE, 0xF7, 0xBE, 0xF7,
    0xBE, 0xF7, 0xDF, 0xFF, 0xDF, 0xFF, 0xBE, 0xF7, 0xDF, 0xFF, 0xDF, 0xFF, 0xDF, 0xFF, 0xDF, 0xFF,
    0xDF, 0xFF, 0xDF, 0xFF, 0xDF, 0xFF, 0xDF, 0xFF, 0xDF, 0xFF, 0xDF, 0xFF, 0xDF, 0xFF, 0xDF, 0xFF,
    0xDF, 0xFF, 0xDF, 0xFF, 0xDF, 0xFF, 0xDF, 0xFF, 0xDF, 0xFF, 0xDF, 0xFF, 0xDF, 0xFF, 0xDF, 0xFF,
    0xDF, 0xFF, 0xDF, 0xFF, 0xFF, 0xFF, 0xFF, 0xFF, 0xFF, 0xFF, 0xFF, 0xFF, 0xFF, 0xFF, 0xFF, 0xFF,
    0xFF, 0xFF, 0xFF, 0xFF, 0xFF, 0xFF, 0xFF, 0xFF, 0xFF, 0xFF, 0xFF, 0xFF, 0xFF, 0xFF, 0xFF, 0xFF,
    0xFF, 0xFF, 0xFF, 0xFF, 0xFF, 0xFF, 0xFF, 0xFF, 0xFF, 0xFF, 0xFF, 0xFF, 0xFF, 0xFF, 0xFF, 0xFF,
    0xFF, 0xFF, 0xFF, 0xFF, 0xFF, 0xFF, 0xFF, 0xFF, 0xFF, 0xFF, 0xFF, 0xFF, 0xFF, 0xFF, 0xFF, 0xFF,
    0xFF, 0xFF, 0xFF, 0xFF, 0xFF, 0xFF, 0xFF, 0xFF, 0xFF, 0xFF, 0xFF, 0xFF, 0xFF, 0xFF, 0xFF, 0xFF,
    0xFF, 0xFF, 0xFF, 0xFF, 0xFF, 0xFF, 0xFF, 0xFF, 0xFF, 0xFF, 0xFF, 0xFF, 0xFF, 0xFF, 0xFF, 0xFF,
    0xFF, 0xFF, 0xFF, 0xFF, 0xFF, 0xFF, 0xFF, 0xFF, 0xFF, 0xFF, 0xFF, 0xFF, 0xFF, 0xFF, 0xFF, 0xFF,
    0xFF, 0xFF, 0xFF, 0xFF, 0xFF, 0xFF, 0xFF, 0xFF, 0xFF, 0xFF, 0xFF, 0xFF, 0xFF, 0xFF, 0xFF, 0xFF,
    0xFF, 0xFF, 0xFF, 0xFF, 0xFF, 0xFF, 0xFF, 0xFF, 0xFF, 0xFF, 0xFF, 0xFF, 0xFF, 0xFF, 0xFF, 0xFF,
    0xFF, 0xFF, 0xFF, 0xFF, 0xFF, 0xFF, 0xFF, 0xFF, 0xFF, 0xFF, 0xFF, 0xFF, 0xFF, 0xFF, 0xFF, 0xFF,
    0xFF, 0xFF, 0xFF, 0xFF, 0xFF, 0xFF, 0xFF, 0xFF, 0xFF, 0xFF, 0xFF, 0xFF, 0xFF, 0xFF, 0xFF, 0xFF,
    0xFF, 0xFF, 0xFF, 0xFF, 0xFF, 0xFF, 0xFF, 0xFF, 0xFF, 0xFF, 0xFF, 0xFF, 0xFF, 0xFF, 0xFF, 0xFF,
    0xFF, 0xFF, 0xFF, 0xFF, 0xFF, 0xFF, 0xFF, 0xFF, 0xFF, 0xFF, 0xFF, 0xFF, 0xFF, 0xFF, 0xFF, 0xFF,
    0xFF, 0xFF, 0xFF, 0xFF, 0xFF, 0xFF, 0xFF, 0xFF, 0xFF, 0xFF, 0xFF, 0xFF, 0xFF, 0xFF, 0xFF, 0xFF,
    0x1C, 0xE7, 0x69, 0x4A, 0x24, 0x21, 0x24, 0x21, 0x24, 0x21, 0x24, 0x21, 0x24, 0x21, 0x24, 0x21,
    0x24, 0x21, 0x24, 0x21, 0x24, 0x21, 0x24, 0x21, 0x24, 0x21, 0x24, 0x21, 0x24, 0x21, 0x24, 0x21,
    0x24, 0x21, 0x24, 0x21, 0x24, 0x21, 0x24, 0x21, 0x24, 0x21, 0x24, 0x21, 0x24, 0x21, 0x24, 0x21,
    0x24, 0x21, 0x24, 0x21, 0x24, 0x21, 0x24, 0x21, 0x24, 0x21, 0x24, 0x21, 0x24, 0x21, 0x24, 0x21,
    0x24, 0x21, 0x24, 0x21, 0x24, 0x21, 0x24, 0x21, 0x24, 0x21, 0x24, 0x21, 0x24, 0x21, 0x24, 0x21,
    0x24, 0x21, 0x24, 0x21, 0x24, 0x21, 0x24, 0x21, 0x24, 0x21, 0x24, 0x21, 0x24, 0x21, 0x24, 0x21,
    0x24, 0x21, 0x24, 0x21, 0x24, 0x21, 0x24, 0x21, 0x24, 0x21, 0x24, 0x21, 0x24, 0x21, 0x24, 0x21,
    0x24, 0x21, 0x24, 0x21, 0x24, 0x21, 0x24, 0x21, 0x24, 0x21, 0x24, 0x21, 0x24, 0x21, 0x24, 0x21,
    0x24, 0x21, 0x24, 0x21, 0x24, 0x21, 0x24, 0x21, 0x24, 0x21, 0x24, 0x21, 0x24, 0x21, 0x24, 0x21,
    0x24, 0x21, 0x24, 0x21, 0x24, 0x21, 0x24, 0x21, 0x24, 0x21, 0x24, 0x21, 0x24, 0x21, 0x24, 0x21,
    0x24, 0x21, 0x24, 0x21, 0x24, 0x21, 0x24, 0x21, 0x24, 0x21, 0x24, 0x21, 0x24, 0x21, 0x24, 0x21,
    0x24, 0x21, 0x24, 0x21, 0x24, 0x21, 0x1C, 0xE7, 0x3C, 0xE7, 0x5D, 0xEF, 0x7D, 0xEF, 0x9E, 0xF7,
    0x1C, 0xE7, 0x1C, 0xE7, 0x1C, 0xE7, 0x1C, 0xE7, 0x1C, 0xE7, 0x1C, 0xE7, 0x1C, 0xE7, 0x1C, 0xE7,
    0x1C, 0xE7, 0x1C, 0xE7, 0x1C, 0xE7, 0x1C, 0xE7, 0x1C, 0xE7, 0x3C, 0xE7, 0x3C, 0xE7, 0x3C, 0xE7,
    0x3C, 0xE7, 0x3C, 0xE7, 0x3C, 0xE7, 0x3C, 0xE7, 0x3C, 0xE7, 0x3C, 0xE7, 0x3C, 0xE7, 0x3C, 0xE7,
    0x3C, 0xE7, 0x3C, 0xE7, 0x3C, 0xE7, 0x5D, 0xEF, 0x5D, 0xEF, 0x3C, 0xE7, 0x3C, 0xE7, 0x5D, 0xEF,
    0x5D, 0xEF, 0x5D, 0xEF, 0x5D, 0xEF, 0x5D, 0xEF, 0x5D, 0xEF, 0x5D, 0xEF, 0x5D, 0xEF, 0x5D, 0xEF,
    0x5D, 0xEF, 0x5D, 0xEF, 0x7D, 0xEF, 0x7D, 0xEF, 0x7D, 0xEF, 0x7D, 0xEF, 0x7D, 0xEF, 0x7D, 0xEF,
    0x7D, 0xEF, 0x7D, 0xEF, 0x7D, 0xEF, 0x7D, 0xEF, 0x7D, 0xEF, 0x7D, 0xEF, 0x7D, 0xEF, 0x7D, 0xEF,
    0x7D, 0xEF, 0x9E, 0xF7, 0x9E, 0xF7, 0x9E, 0xF7, 0x9E, 0xF7, 0x9E, 0xF7, 0x9E, 0xF7, 0x9E, 0xF7,
    0x9E, 0xF7, 0x9E, 0xF7, 0x9E, 0xF7, 0x9E, 0xF7, 0xBE, 0xF7, 0xBE, 0xF7, 0xBE, 0xF7, 0xBE, 0xF7,
    0xBE, 0xF7, 0xBE, 0xF7, 0xBE, 0xF7, 0xBE, 0xF7, 0xBE, 0xF7, 0xBE, 0xF7, 0xBE, 0xF7, 0xBE, 0xF7,
    0xBE, 0xF7, 0xBE, 0xF7, 0xBE, 0xF7, 0xBE, 0xF7, 0xBE, 0xF7, 0xBE, 0xF7, 0xBE, 0xF7, 0xBE, 0xF7,
    0xBE, 0xF7, 0xBE, 0xF7, 0xBE, 0xF7, 0xDF, 0xFF, 0xDF, 0xFF, 0xDF, 0xFF, 0xDF, 0xFF, 0xDF, 0xFF,
    0xDF, 0xFF, 0xDF, 0xFF, 0xDF, 0xFF, 0xDF, 0xFF, 0xDF, 0xFF, 0xDF, 0xFF, 0xDF, 0xFF, 0xDF, 0xFF,
    0xDF, 0xFF, 0xDF, 0xFF, 0xDF, 0xFF, 0xDF, 0xFF, 0xDF, 0xFF, 0xDF, 0xFF, 0xDF, 0xFF, 0xDF, 0xFF,
    0xDF, 0xFF, 0xDF, 0xFF, 0xDF, 0xFF, 0xDF, 0xFF, 0xFF, 0xFF, 0xDF, 0xFF, 0xFF, 0xFF, 0xFF, 0xFF,
    0xFF, 0xFF, 0xFF, 0xFF, 0xFF, 0xFF, 0xFF, 0xFF, 0xFF, 0xFF, 0xFF, 0xFF, 0xFF, 0xFF, 0xFF, 0xFF,
    0xFF, 0xFF, 0xFF, 0xFF, 0xFF, 0xFF, 0xFF, 0xFF, 0xFF, 0xFF, 0xFF, 0xFF, 0xFF, 0xFF, 0xFF, 0xFF,
    0xFF, 0xFF, 0xFF, 0xFF, 0xFF, 0xFF, 0xFF, 0xFF, 0xFF, 0xFF, 0xFF, 0xFF, 0xFF, 0xFF, 0xFF, 0xFF,
    0xFF, 0xFF, 0xFF, 0xFF, 0xFF, 0xFF, 0xFF, 0xFF, 0xFF, 0xFF, 0xFF, 0xFF, 0xFF, 0xFF, 0xFF, 0xFF,
    0xFF, 0xFF, 0xFF, 0xFF, 0xFF, 0xFF, 0xFF, 0xFF, 0xFF, 0xFF, 0xFF, 0xFF, 0xFF, 0xFF, 0xFF, 0xFF,
    0xFF, 0xFF, 0xFF, 0xFF, 0xFF, 0xFF, 0xFF, 0xFF, 0xFF, 0xFF, 0xFF, 0xFF, 0xFF, 0xFF, 0xFF, 0xFF,
    0xFF, 0xFF, 0xFF, 0xFF, 0xFF, 0xFF, 0xFF, 0xFF, 0xFF, 0xFF, 0xFF, 0xFF, 0xFF, 0xFF, 0xFF, 0xFF,
    0xFF, 0xFF, 0xFF, 0xFF, 0xFF, 0xFF, 0xFF, 0xFF, 0xFF, 0xFF, 0xFF, 0xFF, 0xFF, 0xFF, 0xFF, 0xFF,
    0xFF, 0xFF, 0xFF, 0xFF, 0xFF, 0xFF, 0xFF, 0xFF, 0xFF, 0xFF, 0xFF, 0xFF, 0xFF, 0xFF, 0xFF, 0xFF,
    0xFF, 0xFF, 0xFF, 0xFF, 0xFF, 0xFF, 0xFF, 0xFF, 0xFF, 0xFF, 0xFF, 0xFF, 0xFF, 0xFF, 0xFF, 0xFF,
    0xFF, 0xFF, 0xFF, 0xFF, 0xFF, 0xFF, 0xFF, 0xFF, 0xFF, 0xFF, 0xFF, 0xFF, 0xFF, 0xFF, 0xFF, 0xFF,
    0xFF, 0xFF, 0xFF, 0xFF, 0xFF, 0xFF, 0xFF, 0xFF, 0xFF, 0xFF, 0xFF, 0xFF, 0xFF, 0xFF, 0xFF, 0xFF,
    0xFF, 0xFF, 0xFF, 0xFF, 0xFF, 0xFF, 0xFF, 0xFF, 0xFF, 0xFF, 0xFF, 0xFF, 0xFF, 0xFF, 0x1C, 0xE7,
    0x08, 0x42, 0x24, 0x21, 0x24, 0x21, 0x24, 0x21, 0x24, 0x21, 0x24, 0x21, 0x24, 0x21, 0x24, 0x21,
    0x24, 0x21, 0x24, 0x21, 0x24, 0x21, 0x24, 0x21, 0x24, 0x21, 0x24, 0x21, 0x24, 0x21, 0x24, 0x21,
    0x24, 0x21, 0x24, 0x21, 0x24, 0x21, 0x24, 0x21, 0x24, 0x21, 0x24, 0x21, 0x24, 0x21, 0x24, 0x21,
    0x24, 0x21, 0x24, 0x21, 0x24, 0x21, 0x24, 0x21, 0x24, 0x21, 0x24, 0x21, 0x24, 0x21, 0x24, 0x21,
    0x24, 0x21, 0x24, 0x21, 0x24, 0x21, 0x24, 0x21, 0x24, 0x21, 0x24, 0x21, 0x24, 0x21, 0x24, 0x21,
    0x24, 0x21, 0x24, 0x21, 0x24, 0x21, 0x24, 0x21, 0x24, 0x21, 0x24, 0x21, 0x24, 0x21, 0x24, 0x21,
    0x24, 0x21, 0x24, 0x21, 0x24, 0x21, 0x24, 0x21, 0x24, 0x21, 0x24, 0x21, 0x24, 0x21, 0x24, 0x21,
    0x24, 0x21, 0x24, 0x21, 0x24, 0x21, 0x24, 0x21, 0x24, 0x21, 0x24, 0x21, 0x24, 0x21, 0x24, 0x21,
    0x24, 0x21, 0x24, 0x21, 0x24, 0x21, 0x24, 0x21, 0x24, 0x21, 0x24, 0x21, 0x24, 0x21, 0x24, 0x21,
    0x24, 0x21, 0x24, 0x21, 0x24, 0x21, 0x24, 0x21, 0x24, 0x21, 0x24, 0x21, 0x24, 0x21, 0x24, 0x21,
    0x24, 0x21, 0x24, 0x21, 0x24, 0x21, 0x24, 0x21, 0x24, 0x21, 0x24, 0x21, 0x24, 0x21, 0x24, 0x21,
    0x24, 0x21, 0x24, 0x21, 0x24, 0x21, 0x1C, 0xE7, 0x3C, 0xE7, 0x5D, 0xE7, 0x7D, 0xEF, 0x9E, 0xF7,
    0x1C, 0xE7, 0x1C, 0xE7, 0x1C, 0xE7, 0x1C, 0xE7, 0x1C, 0xE7, 0x1C, 0xE7, 0x1C, 0xE7, 0x1C, 0xE7,
    0x1C, 0xE7, 0x1C, 0xE7, 0x1C, 0xE7, 0x1C, 0xE7, 0x1C, 0xE7, 0x3C, 0xE7, 0x3C, 0xE7, 0x1C, 0xE7,
    0x3C, 0xE7, 0x3C, 0xE7, 0x3C, 0xE7, 0x3C, 0xE7, 0x3C, 0xE7, 0x3C, 0xE7, 0x3C, 0xE7, 0x3C, 0xE7,
    0x3C, 0xE7, 0x3C, 0xE7, 0x3C, 0xE7, 0x3C, 0xE7, 0x3C, 0xE7, 0x5D, 0xEF, 0x5D, 0xEF, 0x5D, 0xEF,
    0x5D, 0xEF, 0x5D, 0xEF, 0x5D, 0xEF, 0x5D, 0xEF, 0x5D, 0xEF, 0x5D, 0xEF, 0x5D, 0xEF, 0x5D, 0xEF,
    0x5D, 0xEF, 0x5D, 0xEF, 0x5D, 0xEF, 0x5D, 0xEF, 0x5D, 0xEF, 0x5D, 0xEF, 0x7D, 0xEF, 0x7D, 0xEF,
    0x7D, 0xEF, 0x7D, 0xEF, 0x7D, 0xEF, 0x7D, 0xEF, 0x7D, 0xEF, 0x7D, 0xEF, 0x7D, 0xEF, 0x7D, 0xEF,
    0x7D, 0xEF, 0x7D, 0xEF, 0x9E, 0xF7, 0x9E, 0xF7, 0x9E, 0xF7, 0x9E, 0xF7, 0x9E, 0xF7, 0x9E, 0xF7,
    0x9E, 0xF7, 0x9E, 0xF7, 0x9E, 0xF7, 0x9E, 0xF7, 0x9E, 0xF7, 0xBE, 0xF7, 0x9E, 0xF7, 0x9E, 0xF7,
    0xBE, 0xF7, 0xBE, 0xF7, 0xBE, 0xF7, 0xBE, 0xF7, 0xBE, 0xF7, 0xBE, 0xF7, 0xBE, 0xF7, 0xBE, 0xF7,
    0xBE, 0xF7, 0xBE, 0xF7, 0xBE, 0xF7, 0xBE, 0xF7, 0xBE, 0xF7, 0xBE, 0xF7, 0xBE, 0xF7, 0xBE, 0xF7,
    0xBE, 0xF7, 0xBE, 0xF7, 0xDF, 0xFF, 0xBE, 0xF7, 0xBE, 0xF7, 0xDF, 0xFF, 0xBE, 0xF7, 0xDF, 0xFF,
    0xDF, 0xFF, 0xDF, 0xFF, 0xDF, 0xFF, 0xDF, 0xFF, 0xDF, 0xFF, 0xDF, 0xFF, 0xDF, 0xFF, 0xDF, 0xFF,
    0xDF, 0xFF, 0xDF, 0xFF, 0xDF, 0xFF, 0xDF, 0xFF, 0xDF, 0xFF, 0xDF, 0xFF, 0xDF, 0xFF, 0xDF, 0xFF,
    0xDF, 0xFF, 0xDF, 0xFF, 0xDF, 0xFF, 0xDF, 0xFF, 0xFF, 0xFF, 0xFF, 0xFF, 0xDF, 0xFF, 0xFF, 0xFF,
    0xFF, 0xFF, 0xFF, 0xFF, 0xFF, 0xFF, 0xFF, 0xFF, 0xFF, 0xFF, 0xFF, 0xFF, 0xFF, 0xFF, 0xFF, 0xFF,
    0xFF, 0xFF, 0xFF, 0xFF, 0xFF, 0xFF, 0xFF, 0xFF, 0xFF, 0xFF, 0xFF, 0xFF, 0xFF, 0xFF, 0xFF, 0xFF,
    0xFF, 0xFF, 0xFF, 0xFF, 0xFF, 0xFF, 0xFF, 0xFF, 0xFF, 0xFF, 0xFF, 0xFF, 0xFF, 0xFF, 0xFF, 0xFF,
    0xFF, 0xFF, 0xFF, 0xFF, 0xFF, 0xFF, 0xFF, 0xFF, 0xFF, 0xFF, 0xFF, 0xFF, 0xFF, 0xFF, 0xFF, 0xFF,
    0xFF, 0xFF, 0xFF, 0xFF, 0xFF, 0xFF, 0xFF, 0xFF, 0xFF, 0xFF, 0xFF, 0xFF, 0xFF, 0xFF, 0xFF, 0xFF,
    0xFF, 0xFF, 0xFF, 0xFF, 0xFF, 0xFF, 0xFF, 0xFF, 0xFF, 0xFF, 0xFF, 0xFF, 0xFF, 0xFF, 0xFF, 0xFF,
    0xFF, 0xFF, 0xFF, 0xFF, 0xFF, 0xFF, 0xFF, 0xFF, 0xFF, 0xFF, 0xFF, 0xFF, 0xFF, 0xFF, 0xFF, 0xFF,
    0xFF, 0xFF, 0xFF, 0xFF, 0xFF, 0xFF, 0xFF, 0xFF, 0xFF, 0xFF, 0xFF, 0xFF, 0xFF, 0xFF, 0xFF, 0xFF,
    0xFF, 0xFF, 0xFF, 0xFF, 0xFF, 0xFF, 0xFF, 0xFF, 0xFF, 0xFF, 0xFF, 0xFF, 0xFF, 0xFF, 0xFF, 0xFF,
    0xFF, 0xFF, 0xFF, 0xFF, 0xFF, 0xFF, 0xFF, 0xFF, 0xFF, 0xFF, 0xFF, 0xFF, 0xFF, 0xFF, 0xFF, 0xFF,
    0xFF, 0xFF, 0xFF, 0xFF, 0xFF, 0xFF, 0xFF, 0xFF, 0xFF, 0xFF, 0xFF, 0xFF, 0xFF, 0xFF, 0xFF, 0xFF,
    0xFF, 0xFF, 0xFF, 0xFF, 0xFF, 0xFF, 0xFF, 0xFF, 0xFF, 0xFF, 0xFF, 0xFF, 0xFF, 0xFF, 0xFF, 0xFF,
    0xFF, 0xFF, 0xFF, 0xFF, 0xFF, 0xFF, 0xFF, 0xFF, 0xFF, 0xFF, 0xFF, 0xFF, 0xBA, 0xD6, 0x08, 0x42,
    0x24, 0x21, 0x24, 0x21, 0x24, 0x21, 0x24, 0x21, 0x24, 0x21, 0x24, 0x21, 0x24, 0x21, 0x24, 0x21,
    0x24, 0x21, 0x24, 0x21, 0x24, 0x21, 0x24, 0x21, 0x24, 0x21, 0x24, 0x21, 0x24, 0x21, 0x24, 0x21,
    0x24, 0x21, 0x24, 0x21, 0x24, 0x21, 0x24, 0x21, 0x24, 0x21, 0x24, 0x21, 0x24, 0x21, 0x24, 0x21,
    0x24, 0x21, 0x24, 0x21, 0x24, 0x21, 0x24, 0x21, 0x24, 0x21, 0x24, 0x21, 0x24, 0x21, 0x24, 0x21,
    0x24, 0x21, 0x24, 0x21, 0x24, 0x21, 0x24, 0x21, 0x24, 0x21, 0x24, 0x21, 0x24, 0x21, 0x24, 0x21,
    0x24, 0x21, 0x24, 0x21, 0x24, 0x21, 0x24, 0x21, 0x24, 0x21, 0x24, 0x21, 0x24, 0x21, 0x24, 0x21,
    0x24, 0x21, 0x24, 0x21, 0x24, 0x21, 0x24, 0x21, 0x24, 0x21, 0x24, 0x21, 0x24, 0x21, 0x24, 0x21,
    0x24, 0x21, 0x24, 0x21, 0x24, 0x21, 0x24, 0x21, 0x24, 0x21, 0x24, 0x21, 0x24, 0x21, 0x24, 0x21,
    0x24, 0x21, 0x24, 0x21, 0x24, 0x21, 0x24, 0x21, 0x24, 0x21, 0x24, 0x21, 0x24, 0x21, 0x24, 0x21,
    0x24, 0x21, 0x24, 0x21, 0x24, 0x21, 0x24, 0x21, 0x24, 0x21, 0x24, 0x21, 0x24, 0x21, 0x24, 0x21,
    0x24, 0x21, 0x24, 0x21, 0x24, 0x21, 0x24, 0x21, 0x24, 0x21, 0x24, 0x21, 0x24, 0x21, 0x24, 0x21,
    0x24, 0x21, 0x24, 0x21, 0x24, 0x21, 0x1C, 0xE7, 0x1C, 0xE7, 0x3C, 0xE7, 0x5D, 0xEF, 0x7D, 0xEF,
    0x1C, 0xE7, 0x1C, 0xE7, 0x1C, 0xE7, 0x1C, 0xE7, 0x1C, 0xE7, 0x1C, 0xE7, 0x1C, 0xE7, 0x1C, 0xE7,
    0x1C, 0xE7, 0x1C, 0xE7, 0x1C, 0xE7, 0x1C, 0xE7, 0x1C, 0xE7, 0x1C, 0xE7, 0x1C, 0xE7, 0x1C, 0xE7,
    0x3C, 0xE7, 0x1C, 0xE7, 0x3C, 0xE7, 0x3C, 0xE7, 0x3C, 0xE7, 0x3C, 0xE7, 0x3C, 0xE7, 0x3C, 0xE7,
    0x3C, 0xE7, 0x3C, 0xE7, 0x3C, 0xE7, 0x3C, 0xE7, 0x3C, 0xE7, 0x3C, 0xE7, 0x3C, 0xE7, 0x3C, 0xE7,
    0x5D, 0xEF, 0x5D, 0xEF, 0x5D, 0xEF, 0x5D, 0xEF, 0x5D, 0xEF, 0x5D, 0xEF, 0x5D, 0xEF, 0x5D, 0xEF,
    0x5D, 0xEF, 0x5D, 0xEF, 0x5D, 0xEF, 0x5D, 0xEF, 0x5D, 0xEF, 0x7D, 0xEF, 0x5D, 0xEF, 0x7D, 0xEF,
    0x7D, 0xEF, 0x7D, 0xEF, 0x7D, 0xEF, 0x7D, 0xEF, 0x7D, 0xEF, 0x7D, 0xEF, 0x7D, 0xEF, 0x7D, 0xEF,
    0x7D, 0xEF, 0x9E, 0xF7, 0x9E, 0xF7, 0x9E, 0xF7, 0x9E, 0xF7, 0x9E, 0xF7, 0x9E, 0xF7, 0x9E, 0xF7,
    0x9E, 0xF7, 0x9E, 0xF7, 0x9E, 0xF7, 0x9E, 0xF7, 0x9E, 0xF7, 0x9E, 0xF7, 0xBE, 0xF7, 0xBE, 0xF7,
    0xBE, 0xF7, 0xBE, 0xF7, 0xBE, 0xF7, 0xBE, 0xF7, 0xBE, 0xF7, 0xBE, 0xF7, 0xBE, 0xF7, 0xBE, 0xF7,
    0xBE, 0xF7, 0xBE, 0xF7, 0xBE, 0xF7, 0xBE, 0xF7, 0xBE, 0xF7, 0xBE, 0xF7, 0xBE, 0xF7, 0xBE, 0xF7,
    0xBE, 0xF7, 0xBE, 0xF7, 0xBE, 0xF7, 0xBE, 0xF7, 0xDF, 0xFF, 0xBE, 0xF7, 0xDF, 0xFF, 0xDF, 0xFF,
    0xDF, 0xFF, 0xDF, 0xFF, 0xDF, 0xFF, 0xDF, 0xFF, 0xDF, 0xFF, 0xDF, 0xFF, 0xDF, 0xFF, 0xDF, 0xFF,
    0xDF, 0xFF, 0xDF, 0xFF, 0xDF, 0xFF, 0xDF, 0xFF, 0xDF, 0xFF, 0xDF, 0xFF, 0xDF, 0xFF, 0xDF, 0xFF,
    0xDF, 0xFF, 0xDF, 0xFF, 0xDF, 0xFF, 0xDF, 0xFF, 0xDF, 0xFF, 0xDF, 0xFF, 0xFF, 0xFF, 0xFF, 0xFF,
    0xFF, 0xFF, 0xDF, 0xFF, 0xFF, 0xFF, 0xFF, 0xFF, 0xFF, 0xFF, 0xFF, 0xFF, 0xFF, 0xFF, 0xFF, 0xFF,
    0xFF, 0xFF, 0xFF, 0xFF, 0xFF, 0xFF, 0xFF, 0xFF, 0xFF, 0xFF, 0xFF, 0xFF, 0xFF, 0xFF, 0xFF, 0xFF,
    0xFF, 0xFF, 0xFF, 0xFF, 0xFF, 0xFF, 0xFF, 0xFF, 0xFF, 0xFF, 0xFF, 0xFF, 0xFF, 0xFF, 0xFF, 0xFF,
    0xFF, 0xFF, 0xFF, 0xFF, 0xFF, 0xFF, 0xFF, 0xFF, 0xFF, 0xFF, 0xFF, 0xFF, 0xFF, 0xFF, 0xFF, 0xFF,
    0xFF, 0xFF, 0xFF, 0xFF, 0xFF, 0xFF, 0xFF, 0xFF, 0xFF, 0xFF, 0xFF, 0xFF, 0xFF, 0xFF, 0xFF, 0xFF,
    0xFF, 0xFF, 0xFF, 0xFF, 0xFF, 0xFF, 0xFF, 0xFF, 0xFF, 0xFF, 0xFF, 0xFF, 0xFF, 0xFF, 0xFF, 0xFF,
    0xFF, 0xFF, 0xFF, 0xFF, 0xFF, 0xFF, 0xFF, 0xFF, 0xFF, 0xFF, 0xFF, 0xFF, 0xFF, 0xFF, 0xFF, 0xFF,
    0xFF, 0xFF, 0xFF, 0xFF, 0xFF, 0xFF, 0xFF, 0xFF, 0xFF, 0xFF, 0xFF, 0xFF, 0xFF, 0xFF, 0xFF, 0xFF,
    0xFF, 0xFF, 0xFF, 0xFF, 0xFF, 0xFF, 0xFF, 0xFF, 0xFF, 0xFF, 0xFF, 0xFF, 0xFF, 0xFF, 0xFF, 0xFF,
    0xFF, 0xFF, 0xFF, 0xFF, 0xFF, 0xFF, 0xFF, 0xFF, 0xFF, 0xFF, 0xFF, 0xFF, 0xFF, 0xFF, 0xFF, 0xFF,
    0xFF, 0xFF, 0xFF, 0xFF, 0xFF, 0xFF, 0xFF, 0xFF, 0xFF, 0xFF, 0xFF, 0xFF, 0xFF, 0xFF, 0xFF, 0xFF,
    0xFF, 0xFF, 0xFF, 0xFF, 0xFF, 0xFF, 0xFF, 0xFF, 0xFF, 0xFF, 0xFF, 0xFF, 0xFF, 0xFF, 0xFF, 0xFF,
    0xFF, 0xFF, 0xFF, 0xFF, 0xFF, 0xFF, 0xFF, 0xFF, 0xFF, 0xFF, 0xBA, 0xD6, 0xA6, 0x31, 0x24, 0x21,
    0x24, 0x21, 0x24, 0x21, 0x24, 0x21, 0x24, 0x21, 0x24, 0x21, 0x24, 0x21, 0x24, 0x21, 0x24, 0x21,
    0x24, 0x21, 0x24, 0x21, 0x24, 0x21, 0x24, 0x21, 0x24, 0x21, 0x24, 0x21, 0x24, 0x21, 0x24, 0x21,
    0x24, 0x21, 0x24, 0x21, 0x24, 0x21, 0x24, 0x21, 0x24, 0x21, 0x24, 0x21, 0x24, 0x21, 0x24, 0x21,
    0x24, 0x21, 0x24, 0x21, 0x24, 0x21, 0x24, 0x21, 0x24, 0x21, 0x24, 0x21, 0x24, 0x21, 0x24, 0x21,
    0x24, 0x21, 0x24, 0x21, 0x24, 0x21, 0x24, 0x21, 0x24, 0x21, 0x24, 0x21, 0x24, 0x21, 0x24, 0x21,
    0x24, 0x21, 0x24, 0x21, 0x24, 0x21, 0x24, 0x21, 0x24, 0x21, 0x24, 0x21, 0x24, 0x21, 0x24, 0x21,
    0x24, 0x21, 0x24, 0x21, 0x24, 0x21, 0x24, 0x21, 0x24, 0x21, 0x24, 0x21, 0x24, 0x21, 0x24, 0x21,
    0x24, 0x21, 0x24, 0x21, 0x24, 0x21, 0x24, 0x21, 0x24, 0x21, 0x24, 0x21, 0x24, 0x21, 0x24, 0x21,
    0x24, 0x21, 0x24, 0x21, 0x24, 0x21, 0x24, 0x21, 0x24, 0x21, 0x24, 0x21, 0x24, 0x21, 0x24, 0x21,
    0x24, 0x21, 0x24, 0x21, 0x24, 0x21, 0x24, 0x21, 0x24, 0x21, 0x24, 0x21, 0x24, 0x21, 0x24, 0x21,
    0x24, 0x21, 0x24, 0x21, 0x24, 0x21, 0x24, 0x21, 0x24, 0x21, 0x24, 0x21, 0x24, 0x21, 0x24, 0x21,
    0x24, 0x21, 0x24, 0x21, 0x24, 0x21, 0x1C, 0xDF, 0x3C, 0xE7, 0x5D, 0xE7, 0x5D, 0xEF, 0x9E, 0xF7,
    0xFB, 0xDE, 0x1C, 0xE7, 0x1C, 0xE7, 0x1C, 0xE7, 0x1C, 0xE7, 0x1C, 0xE7, 0x1C, 0xE7, 0x1C, 0xE7,
    0x1C, 0xE7, 0x1C, 0xE7, 0x1C, 0xE7, 0x1C, 0xE7, 0x1C, 0xE7, 0x1C, 0xE7, 0x1C, 0xE7, 0x1C, 0xE7,
    0x3C, 0xE7, 0x3C, 0xE7, 0x1C, 0xE7, 0x3C, 0xE7, 0x3C, 0xE7, 0x3C, 0xE7, 0x3C, 0xE7, 0x3C, 0xE7,
    0x3C, 0xE7, 0x3C, 0xE7, 0x3C, 0xE7, 0x3C, 0xE7, 0x3C, 0xE7, 0x3C, 0xE7, 0x3C, 0xE7, 0x3C, 0xE7,
    0x3C, 0xE7, 0x3C, 0xE7, 0x5D, 0xEF, 0x5D, 0xEF, 0x5D, 0xEF, 0x5D, 0xEF, 0x5D, 0xEF, 0x5D, 0xEF,
    0x5D, 0xEF, 0x5D, 0xEF, 0x5D, 0xEF, 0x5D, 0xEF, 0x5D, 0xEF, 0x5D, 0xEF, 0x5D, 0xEF, 0x7D, 0xEF,
    0x7D, 0xEF, 0x7D, 0xEF, 0x7D, 0xEF, 0x7D, 0xEF, 0x7D, 0xEF, 0x7D, 0xEF, 0x7D, 0xEF, 0x7D, 0xEF,
    0x7D, 0xEF, 0x7D, 0xEF, 0x7D, 0xEF, 0x9E, 0xF7, 0x9E, 0xF7, 0x9E, 0xF7, 0x9E, 0xF7, 0x9E, 0xF7,
    0x9E, 0xF7, 0x9E, 0xF7, 0x9E, 0xF7, 0x9E, 0xF7, 0x9E, 0xF7, 0x9E, 0xF7, 0x9E, 0xF7, 0x9E, 0xF7,
    0xBE, 0xF7, 0xBE, 0xF7, 0xBE, 0xF7, 0xBE, 0xF7, 0xBE, 0xF7, 0xBE, 0xF7, 0xBE, 0xF7, 0xBE, 0xF7,
    0xBE, 0xF7, 0xBE, 0xF7, 0xBE, 0xF7, 0xBE, 0xF7, 0xBE, 0xF7, 0xBE, 0xF7, 0xBE, 0xF7, 0xBE, 0xF7,
    0xBE, 0xF7, 0xBE, 0xF7, 0xBE, 0xF7, 0xBE, 0xF7, 0xDF, 0xFF, 0xBE, 0xF7, 0xDF, 0xFF, 0xDF, 0xFF,
    0xDF, 0xFF, 0xDF, 0xFF, 0xDF, 0xFF, 0xDF, 0xFF, 0xDF, 0xFF, 0xDF, 0xFF, 0xDF, 0xFF, 0xDF, 0xFF,
    0xDF, 0xFF, 0xDF, 0xFF, 0xDF, 0xFF, 0xDF, 0xFF, 0xDF, 0xFF, 0xDF, 0xFF, 0xDF, 0xFF, 0xDF, 0xFF,
    0xDF, 0xFF, 0xDF, 0xFF, 0xDF, 0xFF, 0xDF, 0xFF, 0xDF, 0xFF, 0xDF, 0xFF, 0xDF, 0xFF, 0xDF, 0xFF,
    0xFF, 0xFF, 0xFF, 0xFF, 0xDF, 0xFF, 0xFF, 0xFF, 0xFF, 0xFF, 0xFF, 0xFF, 0xFF, 0xFF, 0xFF, 0xFF,
    0xFF, 0xFF, 0xFF, 0xFF, 0xFF, 0xFF, 0xFF, 0xFF, 0xFF, 0xFF, 0xFF, 0xFF, 0xFF, 0xFF, 0xFF, 0xFF,
    0xFF, 0xFF, 0xFF, 0xFF, 0xFF, 0xFF, 0xFF, 0xFF, 0xFF, 0xFF, 0xFF, 0xFF, 0xFF, 0xFF, 0xFF, 0xFF,
    0xFF, 0xFF, 0xFF, 0xFF, 0xFF, 0xFF, 0xFF, 0xFF, 0xFF, 0xFF, 0xFF, 0xFF, 0xFF, 0xFF, 0xFF, 0xFF,
    0xFF, 0xFF, 0xFF, 0xFF, 0xFF, 0xFF, 0xFF, 0xFF, 0xFF, 0xFF, 0xFF, 0xFF, 0xFF, 0xFF, 0xFF, 0xFF,
    0xFF, 0xFF, 0xFF, 0xFF, 0xFF, 0xFF, 0xFF, 0xFF, 0xFF, 0xFF, 0xFF, 0xFF, 0xFF, 0xFF, 0xFF, 0xFF,
    0xFF, 0xFF, 0xFF, 0xFF, 0xFF, 0xFF, 0xFF, 0xFF, 0xFF, 0xFF, 0xFF, 0xFF, 0xFF, 0xFF, 0xFF, 0xFF,
    0xFF, 0xFF, 0xFF, 0xFF, 0xFF, 0xFF, 0xFF, 0xFF, 0xFF, 0xFF, 0xFF, 0xFF, 0xFF, 0xFF, 0xFF, 0xFF,
    0xFF, 0xFF, 0xFF, 0xFF, 0xFF, 0xFF, 0xFF, 0xFF, 0xFF, 0xFF, 0xFF, 0xFF, 0xFF, 0xFF, 0xFF, 0xFF,
    0xFF, 0xFF, 0xFF, 0xFF, 0xFF, 0xFF, 0xFF, 0xFF, 0xFF, 0xFF, 0xFF, 0xFF, 0xFF, 0xFF, 0xFF, 0xFF,
    0xFF, 0xFF, 0xFF, 0xFF, 0xFF, 0xFF, 0xFF, 0xFF, 0xFF, 0xFF, 0xFF, 0xFF, 0xFF, 0xFF, 0xFF, 0xFF,
    0xFF, 0xFF, 0xFF, 0xFF, 0xFF, 0xFF, 0xFF, 0xFF, 0xFF, 0xFF, 0xFF, 0xFF, 0xFF, 0xFF, 0xFF, 0xFF,
    0xFF, 0xFF, 0xFF, 0xFF, 0xFF, 0xFF, 0xFF, 0xFF, 0x75, 0xAD, 0x24, 0x21, 0x24, 0x21, 0x24, 0x21,
    0x24, 0x21, 0x24, 0x21, 0x24, 0x21, 0x24, 0x21, 0x24, 0x21, 0x24, 0x21, 0x24, 0x21, 0x24, 0x21,
    0x24, 0x21, 0x24, 0x21, 0x24, 0x21, 0x24, 0x21, 0x24, 0x21, 0x24, 0x21, 0x24, 0x21, 0x24, 0x21,
    0x24, 0x21, 0x24, 0x21, 0x24, 0x21, 0x24, 0x21, 0x24, 0x21, 0x24, 0x21, 0x24, 0x21, 0x24, 0x21,
    0x24, 0x21, 0x24, 0x21, 0x24, 0x21, 0x24, 0x21, 0x24, 0x21, 0x24, 0x21, 0x24, 0x21, 0x24, 0x21,
    0x24, 0x21, 0x24, 0x21, 0x24, 0x21, 0x24, 0x21, 0x24, 0x21, 0x24, 0x21, 0x24, 0x21, 0x24, 0x21,
    0x24, 0x21, 0x24, 0x21, 0x24, 0x21, 0x24, 0x21, 0x24, 0x21, 0x24, 0x21, 0x24, 0x21, 0x24, 0x21,
    0x24, 0x21, 0x24, 0x21, 0x24, 0x21, 0x24, 0x21, 0x24, 0x21, 0x24, 0x21, 0x24, 0x21, 0x24, 0x21,
    0x24, 0x21, 0x24, 0x21, 0x24, 0x21, 0x24, 0x21, 0x24, 0x21, 0x24, 0x21, 0x24, 0x21, 0x24, 0x21,
    0x24, 0x21, 0x24, 0x21, 0x24, 0x21, 0x24, 0x21, 0x24, 0x21, 0x24, 0x21, 0x24, 0x21, 0x24, 0x21,
    0x24, 0x21, 0x24, 0x21, 0x24, 0x21, 0x24, 0x21, 0x24, 0x21, 0x24, 0x21, 0x24, 0x21, 0x24, 0x21,
    0x24, 0x21, 0x24, 0x21, 0x24, 0x21, 0x24, 0x21, 0x24, 0x21, 0x24, 0x21, 0x24, 0x21, 0x24, 0x21,
    0x24, 0x21, 0x24, 0x21, 0x24, 0x21, 0x1C, 0xDF, 0x1C, 0xE7, 0x3C, 0xE7, 0x5D, 0xEF, 0x7D, 0xEF,
    0xFB, 0xDE, 0xFB, 0xDE, 0xFB, 0xDE, 0x1C, 0xE7, 0x1C, 0xE7, 0x1C, 0xE7, 0x1C, 0xE7, 0x1C, 0xE7,
    0x1C, 0xE7, 0x1C, 0xE7, 0x1C, 0xE7, 0x1C, 0xE7, 0x1C, 0xE7, 0x1C, 0xE7, 0x1C, 0xE7, 0x1C, 0xE7,
    0x1C, 0xE7, 0x1C, 0xE7, 0x1C, 0xE7, 0x3C, 0xE7, 0x3C, 0xE7, 0x3C, 0xE7, 0x3C, 0xE7, 0x3C, 0xE7,
    0x3C, 0xE7, 0x3C, 0xE7, 0x3C, 0xE7, 0x3C, 0xE7, 0x3C, 0xE7, 0x3C, 0xE7, 0x3C, 0xE7, 0x3C, 0xE7,
    0x3C, 0xE7, 0x3C, 0xE7, 0x3C, 0xE7, 0x3C, 0xE7, 0x5D, 0xEF, 0x5D, 0xEF, 0x5D, 0xEF, 0x5D, 0xEF,
    0x5D, 0xEF, 0x5D, 0xEF, 0x5D, 0xEF, 0x5D, 0xEF, 0x5D, 0xEF, 0x5D, 0xEF, 0x5D, 0xEF, 0x5D, 0xEF,
    0x5D, 0xEF, 0x7D, 0xEF, 0x7D, 0xEF, 0x7D, 0xEF, 0x7D, 0xEF, 0x7D, 0xEF, 0x7D, 0xEF, 0x7D, 0xEF,
    0x7D, 0xEF, 0x7D, 0xEF, 0x7D, 0xEF, 0x7D, 0xEF, 0x9E, 0xF7, 0x9E, 0xF7, 0x9E, 0xF7, 0x9E, 0xF7,
    0x9E, 0xF7, 0x9E, 0xF7, 0x9E, 0xF7, 0x9E, 0xF7, 0x9E, 0xF7, 0x9E, 0xF7, 0x9E, 0xF7, 0x9E, 0xF7,
    0x9E, 0xF7, 0x9E, 0xF7, 0xBE, 0xF7, 0xBE, 0xF7, 0xBE, 0xF7, 0xBE, 0xF7, 0xBE, 0xF7, 0xBE, 0xF7,
    0xBE, 0xF7, 0xBE, 0xF7, 0xBE, 0xF7, 0xBE, 0xF7, 0xBE, 0xF7, 0xBE, 0xF7, 0xBE, 0xF7, 0xBE, 0xF7,
    0xBE, 0xF7, 0xBE, 0xF7, 0xBE, 0xF7, 0xBE, 0xF7, 0xBE, 0xF7, 0xBE, 0xF7, 0xBE, 0xF7, 0xBE, 0xF7,
    0xBE, 0xF7, 0xDF, 0xFF, 0xDF, 0xFF, 0xDF, 0xFF, 0xDF, 0xFF, 0xDF, 0xFF, 0xDF, 0xFF, 0xDF, 0xFF,
    0xDF, 0xFF, 0xDF, 0xFF, 0xDF, 0xFF, 0xDF, 0xFF, 0xDF, 0xFF, 0xDF, 0xFF, 0xDF, 0xFF, 0xDF, 0xFF,
    0xDF, 0xFF, 0xDF, 0xFF, 0xDF, 0xFF, 0xDF, 0xFF, 0xDF, 0xFF, 0xDF, 0xFF, 0xDF, 0xFF, 0xDF, 0xFF,
    0xFF, 0xFF, 0xFF, 0xFF, 0xFF, 0xFF, 0xFF, 0xFF, 0xFF, 0xFF, 0xFF, 0xFF, 0xFF, 0xFF, 0xFF, 0xFF,
    0xFF, 0xFF, 0xFF, 0xFF, 0xFF, 0xFF, 0xFF, 0xFF, 0xFF, 0xFF, 0xFF, 0xFF, 0xFF, 0xFF, 0xFF, 0xFF,
    0xFF, 0xFF, 0xFF, 0xFF, 0xFF, 0xFF, 0xFF, 0xFF, 0xFF, 0xFF, 0xFF, 0xFF, 0xFF, 0xFF, 0xFF, 0xFF,
    0xFF, 0xFF, 0xFF, 0xFF, 0xFF, 0xFF, 0xFF, 0xFF, 0xFF, 0xFF, 0xFF, 0xFF, 0xFF, 0xFF, 0xFF, 0xFF,
    0xFF, 0xFF, 0xFF, 0xFF, 0xFF, 0xFF, 0xFF, 0xFF, 0xFF, 0xFF, 0xFF, 0xFF, 0xFF, 0xFF, 0xFF, 0xFF,
    0xFF, 0xFF, 0xFF, 0xFF, 0xFF, 0xFF, 0xFF, 0xFF, 0xFF, 0xFF, 0xFF, 0xFF, 0xFF, 0xFF, 0xFF, 0xFF,
    0xFF, 0xFF, 0xFF, 0xFF, 0xFF, 0xFF, 0xFF, 0xFF, 0xFF, 0xFF, 0xFF, 0xFF, 0xFF, 0xFF, 0xFF, 0xFF,
    0xFF, 0xFF, 0xFF, 0xFF, 0xFF, 0xFF, 0xFF, 0xFF, 0xFF, 0xFF, 0xFF, 0xFF, 0xFF, 0xFF, 0xFF, 0xFF,
    0xFF, 0xFF, 0xFF, 0xFF, 0xFF, 0xFF, 0xFF, 0xFF, 0xFF, 0xFF, 0xFF, 0xFF, 0xFF, 0xFF, 0xFF, 0xFF,
    0xFF, 0xFF, 0xFF, 0xFF, 0xFF, 0xFF, 0xFF, 0xFF, 0xFF, 0xFF, 0xFF, 0xFF, 0xFF, 0xFF, 0xFF, 0xFF,
    0xFF, 0xFF, 0xFF, 0xFF, 0xFF, 0xFF, 0xFF, 0xFF, 0xFF, 0xFF, 0xFF, 0xFF, 0xFF, 0xFF, 0xFF, 0xFF,
    0xFF, 0xFF, 0xFF, 0xFF, 0xFF, 0xFF, 0xFF, 0xFF, 0xFF, 0xFF, 0xFF, 0xFF, 0xFF, 0xFF, 0xFF, 0xFF,
    0xFF, 0xFF, 0xFF, 0xFF, 0xFF, 0xFF, 0xF3, 0x9C, 0x24, 0x21, 0x24, 0x21, 0x24, 0x21, 0x24, 0x21,
    0x24, 0x21, 0x24, 0x21, 0x24, 0x21, 0x24, 0x21, 0x24, 0x21, 0x24, 0x21, 0x24, 0x21, 0x24, 0x21,
    0x24, 0x21, 0x24, 0x21, 0x24, 0x21, 0x24, 0x21, 0x24, 0x21, 0x24, 0x21, 0x24, 0x21, 0x24, 0x21,
    0x24, 0x21, 0x24, 0x21, 0x24, 0x21, 0x24, 0x21, 0x24, 0x21, 0x24, 0x21, 0x24, 0x21, 0x24, 0x21,
    0x24, 0x21, 0x24, 0x21, 0x24, 0x21, 0x24, 0x21, 0x24, 0x21, 0x24, 0x21, 0x24, 0x21, 0x24, 0x21,
    0x24, 0x21, 0x24, 0x21, 0x24, 0x21, 0x24, 0x21, 0x24, 0x21, 0x24, 0x21, 0x24, 0x21, 0x24, 0x21,
    0x24, 0x21, 0x24, 0x21, 0x24, 0x21, 0x24, 0x21, 0x24, 0x21, 0x24, 0x21, 0x24, 0x21, 0x24, 0x21,
    0x24, 0x21, 0x24, 0x21, 0x24, 0x21, 0x24, 0x21, 0x24, 0x21, 0x24, 0x21, 0x24, 0x21, 0x24, 0x21,
    0x24, 0x21, 0x24, 0x21, 0x24, 0x21, 0x24, 0x21, 0x24, 0x21, 0x24, 0x21, 0x24, 0x21, 0x24, 0x21,
    0x24, 0x21, 0x24, 0x21, 0x24, 0x21, 0x24, 0x21, 0x24, 0x21, 0x24, 0x21, 0x24, 0x21, 0x24, 0x21,
    0x24, 0x21, 0x24, 0x21, 0x24, 0x21, 0x24, 0x21, 0x24, 0x21, 0x24, 0x21, 0x24, 0x21, 0x24, 0x21,
    0x24, 0x21, 0x24, 0x21, 0x24, 0x21, 0x24, 0x21, 0x24, 0x21, 0x24, 0x21, 0x24, 0x21, 0x24, 0x21,
    0x24, 0x21, 0x24, 0x21, 0x24, 0x21, 0xFB, 0xDE, 0x1C, 0xE7, 0x3C, 0xE7, 0x5D, 0xEF, 0x7D, 0xEF,
    0xFB, 0xDE, 0xFB, 0xDE, 0xFB, 0xDE, 0xFB, 0xDE, 0x1C, 0xE7, 0x1C, 0xE7, 0x1C, 0xE7, 0x1C, 0xE7,
    0x1C, 0xE7, 0x1C, 0xE7, 0x1C, 0xE7, 0x1C, 0xE7, 0x1C, 0xE7, 0x1C, 0xE7, 0x1C, 0xE7, 0x1C, 0xE7,
    0x1C, 0xE7, 0x1C, 0xE7, 0x1C, 0xE7, 0x1C, 0xE7, 0x1C, 0xE7, 0x1C, 0xE7, 0x3C, 0xE7, 0x3C, 0xE7,
    0x3C, 0xE7, 0x3C, 0xE7, 0x3C, 0xE7, 0x3C, 0xE7, 0x3C, 0xE7, 0x3C, 0xE7, 0x3C, 0xE7, 0x3C, 0xE7,
    0x3C, 0xE7, 0x3C, 0xE7, 0x3C, 0xE7, 0x3C, 0xE7, 0x5D, 0xEF, 0x5D, 0xEF, 0x5D, 0xEF, 0x5D, 0xEF,
    0x5D, 0xEF, 0x5D, 0xEF, 0x5D, 0xEF, 0x5D, 0xEF, 0x5D, 0xEF, 0x5D, 0xEF, 0x5D, 0xEF, 0x5D, 0xEF,
    0x5D, 0xEF, 0x5D, 0xEF, 0x7D, 0xEF, 0x7D, 0xEF, 0x7D, 0xEF, 0x7D, 0xEF, 0x7D, 0xEF, 0x7D, 0xEF,
    0x7D, 0xEF, 0x7D, 0xEF, 0x7D, 0xEF, 0x7D, 0xEF, 0x7D, 0xEF, 0x7D, 0xEF, 0x9E, 0xF7, 0x7D, 0xEF,
    0x9E, 0xF7, 0x9E, 0xF7, 0x9E, 0xF7, 0x9E, 0xF7, 0x9E, 0xF7, 0x9E, 0xF7, 0x9E, 0xF7, 0x9E, 0xF7,
    0x9E, 0xF7, 0x9E, 0xF7, 0x9E, 0xF7, 0xBE, 0xF7, 0xBE, 0xF7, 0xBE, 0xF7, 0xBE, 0xF7, 0xBE, 0xF7,
    0xBE, 0xF7, 0xBE, 0xF7, 0xBE, 0xF7, 0xBE, 0xF7, 0xBE, 0xF7, 0xBE, 0xF7, 0xBE, 0xF7, 0xBE, 0xF7,
    0xBE, 0xF7, 0xBE, 0xF7, 0xBE, 0xF7, 0xBE, 0xF7, 0xBE, 0xF7, 0xBE, 0xF7, 0xDF, 0xFF, 0xDF, 0xFF,
    0xBE, 0xF7, 0xBE, 0xF7, 0xDF, 0xFF, 0xBE, 0xF7, 0xDF, 0xFF, 0xDF, 0xFF, 0xDF, 0xFF, 0xDF, 0xFF,
    0xDF, 0xFF, 0xDF, 0xFF, 0xDF, 0xFF, 0xDF, 0xFF, 0xDF, 0xFF, 0xDF, 0xFF, 0xDF, 0xFF, 0xDF, 0xFF,
    0xDF, 0xFF, 0xDF, 0xFF, 0xDF, 0xFF, 0xDF, 0xFF, 0xDF, 0xFF, 0xDF, 0xFF, 0xDF, 0xFF, 0xDF, 0xFF,
    0xFF, 0xFF, 0xFF, 0xFF, 0xFF, 0xFF, 0xFF, 0xFF, 0xFF, 0xFF, 0xFF, 0xFF, 0xFF, 0xFF, 0xFF, 0xFF,
    0xFF, 0xFF, 0xFF, 0xFF, 0xFF, 0xFF, 0xFF, 0xFF, 0xFF, 0xFF, 0xFF, 0xFF, 0xFF, 0xFF, 0xFF, 0xFF,
    0xFF, 0xFF, 0xFF, 0xFF, 0xFF, 0xFF, 0xFF, 0xFF, 0xFF, 0xFF, 0xFF, 0xFF, 0xFF, 0xFF, 0xFF, 0xFF,
    0xFF, 0xFF, 0xFF, 0xFF, 0xFF, 0xFF, 0xFF, 0xFF, 0xFF, 0xFF, 0xFF, 0xFF, 0xFF, 0xFF, 0xFF, 0xFF,
    0xFF, 0xFF, 0xFF, 0xFF, 0xFF, 0xFF, 0xFF, 0xFF, 0xFF, 0xFF, 0xFF, 0xFF, 0xFF, 0xFF, 0xFF, 0xFF,
    0xFF, 0xFF, 0xFF, 0xFF, 0x1C, 0xE7, 0x92, 0x94, 0x92, 0x94, 0x92, 0x94, 0x92, 0x94, 0x92, 0x94,
    0x92, 0x94, 0x92, 0x94, 0x92, 0x94, 0x92, 0x94, 0x92, 0x94, 0x92, 0x94, 0x92, 0x94, 0x92, 0x94,
    0x92, 0x94, 0x92, 0x94, 0x92, 0x94, 0x92, 0x94, 0x92, 0x94, 0x92, 0x94, 0x92, 0x94, 0x92, 0x94,
    0x92, 0x94, 0x92, 0x94, 0x92, 0x94, 0x92, 0x94, 0x92, 0x94, 0x92, 0x94, 0x92, 0x94, 0x92, 0x94,
    0x92, 0x94, 0x92, 0x94, 0x92, 0x94, 0x92, 0x94, 0x92, 0x94, 0x92, 0x94, 0x92, 0x94, 0x92, 0x94,
    0x92, 0x94, 0x92, 0x94, 0x92, 0x94, 0x92, 0x94, 0x92, 0x94, 0x92, 0x94, 0x92, 0x94, 0x92, 0x94,
    0x92, 0x94, 0x92, 0x94, 0x92, 0x94, 0x92, 0x94, 0x92, 0x94, 0x92, 0x94, 0x92, 0x94, 0x92, 0x94,
    0x92, 0x94, 0x92, 0x94, 0xAE, 0x73, 0x24, 0x21, 0x24, 0x21, 0x24, 0x21, 0x24, 0x21, 0x24, 0x21,
    0x24, 0x21, 0x24, 0x21, 0x24, 0x21, 0x24, 0x21, 0x24, 0x21, 0x24, 0x21, 0x24, 0x21, 0x24, 0x21,
    0x24, 0x21, 0x24, 0x21, 0x24, 0x21, 0x24, 0x21, 0x24, 0x21, 0x24, 0x21, 0x24, 0x21, 0x24, 0x21,
    0x24, 0x21, 0x24, 0x21, 0x24, 0x21, 0x24, 0x21, 0x24, 0x21, 0x24, 0x21, 0x24, 0x21, 0x24, 0x21,
    0x24, 0x21, 0x24, 0x21, 0x24, 0x21, 0x24, 0x21, 0x24, 0x21, 0x24, 0x21, 0x24, 0x21, 0x24, 0x21,
    0x24, 0x21, 0x24, 0x21, 0x24, 0x21, 0x24, 0x21, 0x24, 0x21, 0x24, 0x21, 0x24, 0x21, 0x24, 0x21,
    0x24, 0x21, 0x24, 0x21, 0x24, 0x21, 0x24, 0x21, 0x24, 0x21, 0x24, 0x21, 0x24, 0x21, 0x24, 0x21,
    0x24, 0x21, 0x24, 0x21, 0x24, 0x21, 0x24, 0x21, 0x24, 0x21, 0x24, 0x21, 0x24, 0x21, 0x24, 0x21,
    0x24, 0x21, 0x24, 0x21, 0x24, 0x21, 0x24, 0x21, 0x24, 0x21, 0x24, 0x21, 0x24, 0x21, 0x24, 0x21,
    0x24, 0x21, 0x24, 0x21, 0x24, 0x21, 0x24, 0x21, 0x24, 0x21, 0x24, 0x21, 0x24, 0x21, 0x24, 0x21,
    0x24, 0x21, 0x24, 0x21, 0x24, 0x21, 0x24, 0x21, 0x24, 0x21, 0x24, 0x21, 0x24, 0x21, 0x24, 0x21,
    0x24, 0x21, 0x24, 0x21, 0x24, 0x21, 0x24, 0x21, 0x24, 0x21, 0x24, 0x21, 0x24, 0x21, 0x24, 0x21,
    0x24, 0x21, 0x24, 0x21, 0x24, 0x21, 0xFB, 0xDE, 0x1C, 0xE7, 0x3C, 0xE7, 0x5D, 0xEF, 0x7D, 0xEF,
    0xFB, 0xDE, 0xFB, 0xDE, 0xFB, 0xDE, 0xFB, 0xDE, 0x1C, 0xE7, 0xFB, 0xDE, 0xFB, 0xDE, 0x1C, 0xE7,
    0x1C, 0xE7, 0x1C, 0xE7, 0x1C, 0xE7, 0x1C, 0xE7, 0x1C, 0xE7, 0x1C, 0xE7, 0x1C, 0xE7, 0x1C, 0xE7,
    0x1C, 0xE7, 0x1C, 0xE7, 0x1C, 0xE7, 0x1C, 0xE7, 0x1C, 0xE7, 0x1C, 0xE7, 0x3C, 0xE7, 0x1C, 0xE7,
    0x3C, 0xE7, 0x3C, 0xE7, 0x3C, 0xE7, 0x3C, 0xE7, 0x3C, 0xE7, 0x3C, 0xE7, 0x3C, 0xE7, 0x3C, 0xE7,
    0x3C, 0xE7, 0x3C, 0xE7, 0x3C, 0xE7, 0x3C, 0xE7, 0x5D, 0xEF, 0x5D, 0xEF, 0x5D, 0xEF, 0x5D, 0xEF,
    0x5D, 0xEF, 0x5D, 0xEF, 0x5D, 0xEF, 0x5D, 0xEF, 0x5D, 0xEF, 0x5D, 0xEF, 0x5D, 0xEF, 0x5D, 0xEF,
    0x5D, 0xEF, 0x7D, 0xEF, 0x5D, 0xEF, 0x5D, 0xEF, 0x7D, 0xEF, 0x7D, 0xEF, 0x7D, 0xEF, 0x7D, 0xEF,
    0x7D, 0xEF, 0x7D, 0xEF, 0x7D, 0xEF, 0x7D, 0xEF, 0x7D, 0xEF, 0x7D, 0xEF, 0x7D, 0xEF, 0x9E, 0xF7,
    0x9E, 0xF7, 0x9E, 0xF7, 0x9E, 0xF7, 0x9E, 0xF7, 0x9E, 0xF7, 0x9E, 0xF7, 0x9E, 0xF7, 0x9E, 0xF7,
    0x9E, 0xF7, 0x9E, 0xF7, 0x9E, 0xF7, 0xBE, 0xF7, 0xBE, 0xF7, 0xBE, 0xF7, 0xBE, 0xF7, 0xBE, 0xF7,
    0xBE, 0xF7, 0xBE, 0xF7, 0xBE, 0xF7, 0xBE, 0xF7, 0xBE, 0xF7, 0xBE, 0xF7, 0xBE, 0xF7, 0xBE, 0xF7,
    0xBE, 0xF7, 0xBE, 0xF7, 0xBE, 0xF7, 0xBE, 0xF7, 0xBE, 0xF7, 0xBE, 0xF7, 0xBE, 0xF7, 0xBE, 0xF7,
    0xBE, 0xF7, 0xBE, 0xF7, 0xDF, 0xFF, 0xDF, 0xFF, 0xDF, 0xFF, 0xDF, 0xFF, 0xDF, 0xFF, 0xDF, 0xFF,
    0xDF, 0xFF, 0xDF, 0xFF, 0xDF, 0xFF, 0xDF, 0xFF, 0xDF, 0xFF, 0xDF, 0xFF, 0xDF, 0xFF, 0xDF, 0xFF,
    0xDF, 0xFF, 0xDF, 0xFF, 0xDF, 0xFF, 0xDF, 0xFF, 0xDF, 0xFF, 0xDF, 0xFF, 0xDF, 0xFF, 0xDF, 0xFF,
    0xDF, 0xFF, 0xFF, 0xFF, 0xFF, 0xFF, 0xDF, 0xFF, 0xFF, 0xFF, 0xFF, 0xFF, 0xFF, 0xFF, 0xFF, 0xFF,
    0xFF, 0xFF, 0xFF, 0xFF, 0xFF, 0xFF, 0xFF, 0xFF, 0xFF, 0xFF, 0xFF, 0xFF, 0xFF, 0xFF, 0xFF, 0xFF,
    0xFF, 0xFF, 0xFF, 0xFF, 0xFF, 0xFF, 0xFF, 0xFF, 0xFF, 0xFF, 0xFF, 0xFF, 0xFF, 0xFF, 0xFF, 0xFF,
    0xFF, 0xFF, 0xFF, 0xFF, 0xFF, 0xFF, 0xFF, 0xFF, 0xFF, 0xFF, 0xFF, 0xFF, 0xFF, 0xFF, 0xFF, 0xFF,
    0xFF, 0xFF, 0xFF, 0xFF, 0xFF, 0xFF, 0xFF, 0xFF, 0xFF, 0xFF, 0xFF, 0xFF, 0xFF, 0xFF, 0xFF, 0xFF,
    0xFF, 0xFF, 0x9E, 0xF7, 0x08, 0x42, 0x24, 0x21, 0x24, 0x21, 0x24, 0x21, 0x24, 0x21, 0x24, 0x21,
    0x24, 0x21, 0x24, 0x21, 0x24, 0x21, 0x24, 0x21, 0x24, 0x21, 0x24, 0x21, 0x24, 0x21, 0x24, 0x21,
    0x24, 0x21, 0x24, 0x21, 0x24, 0x21, 0x24, 0x21, 0x24, 0x21, 0x24, 0x21, 0x24, 0x21, 0x24, 0x21,
    0x24, 0x21, 0x24, 0x21, 0x24, 0x21, 0x24, 0x21, 0x24, 0x21, 0x24, 0x21, 0x24, 0x21, 0x24, 0x21,
    0x24, 0x21, 0x24, 0x21, 0x24, 0x21, 0x24, 0x21, 0x24, 0x21, 0x24, 0x21, 0x24, 0x21, 0x24, 0x21,
    0x24, 0x21, 0x24, 0x21, 0x24, 0x21, 0x24, 0x21, 0x24, 0x21, 0x24, 0x21, 0x24, 0x21, 0x24, 0x21,
    0x24, 0x21, 0x24, 0x21, 0x24, 0x21, 0x24, 0x21, 0x24, 0x21, 0x24, 0x21, 0x24, 0x21, 0x24, 0x21,
    0x24, 0x21, 0x24, 0x21, 0x24, 0x21, 0x24, 0x21, 0x24, 0x21, 0x24, 0x21, 0x24, 0x21, 0x24, 0x21,
    0x24, 0x21, 0x24, 0x21, 0x24, 0x21, 0x24, 0x21, 0x24, 0x21, 0x24, 0x21, 0x24, 0x21, 0x24, 0x21,
    0x24, 0x21, 0x24, 0x21, 0x24, 0x21, 0x24, 0x21, 0x24, 0x21, 0x24, 0x21, 0x24, 0x21, 0x24, 0x21,
    0x24, 0x21, 0x24, 0x21, 0x24, 0x21, 0x24, 0x21, 0x24, 0x21, 0x24, 0x21, 0x24, 0x21, 0x24, 0x21,
    0x24, 0x21, 0x24, 0x21, 0x24, 0x21, 0x24, 0x21, 0x24, 0x21, 0x24, 0x21, 0x24, 0x21, 0x24, 0x21,
    0x24, 0x21, 0x24, 0x21, 0x24, 0x21, 0x24, 0x21, 0x24, 0x21, 0x24, 0x21, 0x24, 0x21, 0x24, 0x21,
    0x24, 0x21, 0x24, 0x21, 0x24, 0x21, 0x24, 0x21, 0x24, 0x21, 0x24, 0x21, 0x24, 0x21, 0x24, 0x21,
    0x24, 0x21, 0x24, 0x21, 0x24, 0x21, 0x24, 0x21, 0x24, 0x21, 0x24, 0x21, 0x24, 0x21, 0x24, 0x21,
    0x24, 0x21, 0x24, 0x21, 0x24, 0x21, 0x24, 0x21, 0x24, 0x21, 0x24, 0x21, 0x24, 0x21, 0x24, 0x21,
    0x24, 0x21, 0x24, 0x21, 0x24, 0x21, 0x24, 0x21, 0x24, 0x21, 0x24, 0x21, 0x24, 0x21, 0x24, 0x21,
    0x24, 0x21, 0x24, 0x21, 0x24, 0x21, 0x24, 0x21, 0x24, 0x21, 0x24, 0x21, 0x24, 0x21, 0x24, 0x21,
    0x24, 0x21, 0x24, 0x21, 0x24, 0x21, 0x24, 0x21, 0x24, 0x21, 0x24, 0x21, 0x24, 0x21, 0x24, 0x21,
    0x24, 0x21, 0x24, 0x21, 0x24, 0x21, 0x1C, 0xDF, 0x1C, 0xE7, 0x3C, 0xE7, 0x5D, 0xEF, 0x7D, 0xEF,
    0xFB, 0xDE, 0xFB, 0xDE, 0xFB, 0xDE, 0xFB, 0xDE, 0xFB, 0xDE, 0xFB, 0xDE, 0xFB, 0xDE, 0xFB, 0xDE,
    0x1C, 0xE7, 0x1C, 0xE7, 0x1C, 0xE7, 0x1C, 0xE7, 0x1C, 0xE7, 0x1C, 0xE7, 0x1C, 0xE7, 0x1C, 0xE7,
    0x1C, 0xE7, 0x1C, 0xE7, 0x1C, 0xE7, 0x1C, 0xE7, 0x1C, 0xE7, 0x1C, 0xE7, 0x1C, 0xE7, 0x1C, 0xE7,
    0x3C, 0xE7, 0x3C, 0xE7, 0x3C, 0xE7, 0x3C, 0xE7, 0x3C, 0xE7, 0x3C, 0xE7, 0x3C, 0xE7, 0x3C, 0xE7,
    0x3C, 0xE7, 0x3C, 0xE7, 0x3C, 0xE7, 0x3C, 0xE7, 0x3C, 0xE7, 0x3C, 0xE7, 0x5D, 0xEF, 0x5D, 0xEF,
    0x5D, 0xEF, 0x5D, 0xEF, 0x5D, 0xEF, 0x5D, 0xEF, 0x5D, 0xEF, 0x5D, 0xEF, 0x5D, 0xEF, 0x5D, 0xEF,
    0x5D, 0xEF, 0x5D, 0xEF, 0x5D, 0xEF, 0x5D, 0xEF, 0x7D, 0xEF, 0x7D, 0xEF, 0x7D, 0xEF, 0x7D, 0xEF,
    0x7D, 0xEF, 0x7D, 0xEF, 0x7D, 0xEF, 0x7D, 0xEF, 0x7D, 0xEF, 0x7D, 0xEF, 0x7D, 0xEF, 0x7D, 0xEF,
    0x7D, 0xEF, 0x7D, 0xEF, 0x9E, 0xF7, 0x9E, 0xF7, 0x9E, 0xF7, 0x9E, 0xF7, 0x9E, 0xF7, 0x9E, 0xF7,
    0x9E, 0xF7, 0x9E, 0xF7, 0x9E, 0xF7, 0x9E, 0xF7, 0x9E, 0xF7, 0xBE, 0xF7, 0xBE, 0xF7, 0xBE, 0xF7,
    0xBE, 0xF7, 0xBE, 0xF7, 0xBE, 0xF7, 0xBE, 0xF7, 0xBE, 0xF7, 0xBE, 0xF7, 0xBE, 0xF7, 0xBE, 0xF7,
    0xBE, 0xF7, 0xBE, 0xF7, 0xBE, 0xF7, 0xBE, 0xF7, 0xBE, 0xF7, 0xBE, 0xF7, 0xBE, 0xF7, 0xDF, 0xFF,
    0xBE, 0xF7, 0xBE, 0xF7, 0xDF, 0xFF, 0xDF, 0xFF, 0xDF, 0xFF, 0xDF, 0xFF, 0xDF, 0xFF, 0xDF, 0xFF,
    0xDF, 0xFF, 0xDF, 0xFF, 0xDF, 0xFF, 0xDF, 0xFF, 0xDF, 0xFF, 0xDF, 0xFF, 0xDF, 0xFF, 0xDF, 0xFF,
    0xDF, 0xFF, 0xDF, 0xFF, 0xDF, 0xFF, 0xDF, 0xFF, 0xDF, 0xFF, 0xDF, 0xFF, 0xDF, 0xFF, 0xDF, 0xFF,
    0xFF, 0xFF, 0xFF, 0xFF, 0xDF, 0xFF, 0xFF, 0xFF, 0xFF, 0xFF, 0xDF, 0xFF, 0xFF, 0xFF, 0xFF, 0xFF,
    0xFF, 0xFF, 0xFF, 0xFF, 0xFF, 0xFF, 0xFF, 0xFF, 0xFF, 0xFF, 0xFF, 0xFF, 0xFF, 0xFF, 0xFF, 0xFF,
    0xFF, 0xFF, 0xFF, 0xFF, 0xFF, 0xFF, 0xFF, 0xFF, 0xFF, 0xFF, 0xFF, 0xFF, 0xFF, 0xFF, 0xFF, 0xFF,
    0xFF, 0xFF, 0xFF, 0xFF, 0xFF, 0xFF, 0xFF, 0xFF, 0xFF, 0xFF, 0xFF, 0xFF, 0xFF, 0xFF, 0xFF, 0xFF,
    0xFF, 0xFF, 0xFF, 0xFF, 0xFF, 0xFF, 0xFF, 0xFF, 0xFF, 0xFF, 0xFF, 0xFF, 0xFF, 0xFF, 0xFF, 0xFF,
    0xFF, 0xFF, 0x69, 0x4A, 0x24, 0x21, 0x24, 0x21, 0x24, 0x21, 0x24, 0x21, 0x24, 0x21, 0x24, 0x21,
    0x24, 0x21, 0x24, 0x21, 0x24, 0x21, 0x24, 0x21, 0x24, 0x21, 0x24, 0x21, 0x24, 0x21, 0x24, 0x21,
    0x24, 0x21, 0x24, 0x21, 0x24, 0x21, 0x24, 0x21, 0x24, 0x21, 0x24, 0x21, 0x24, 0x21, 0x24, 0x21,
    0x24, 0x21, 0x24, 0x21, 0x24, 0x21, 0x24, 0x21, 0x24, 0x21, 0x24, 0x21, 0x24, 0x21, 0x24, 0x21,
    0x24, 0x21, 0x24, 0x21, 0x24, 0x21, 0x24, 0x21, 0x24, 0x21, 0x24, 0x21, 0x24, 0x21, 0x24, 0x21,
    0x24, 0x21, 0x24, 0x21, 0x24, 0x21, 0x24, 0x21, 0x24, 0x21, 0x24, 0x21, 0x24, 0x21, 0x24, 0x21,
    0x24, 0x21, 0x24, 0x21, 0x24, 0x21, 0x24, 0x21, 0x24, 0x21, 0x24, 0x21, 0x24, 0x21, 0x24, 0x21,
    0x24, 0x21, 0x24, 0x21, 0x24, 0x21, 0x24, 0x21, 0x24, 0x21, 0x24, 0x21, 0x24, 0x21, 0x24, 0x21,
    0x24, 0x21, 0x24, 0x21, 0x24, 0x21, 0x24, 0x21, 0x24, 0x21, 0x24, 0x21, 0x24, 0x21, 0x24, 0x21,
    0x24, 0x21, 0x24, 0x21, 0x24, 0x21, 0x24, 0x21, 0x24, 0x21, 0x24, 0x21, 0x24, 0x21, 0x24, 0x21,
    0x24, 0x21, 0x24, 0x21, 0x24, 0x21, 0x24, 0x21, 0x24, 0x21, 0x24, 0x21, 0x24, 0x21, 0x24, 0x21,
    0x24, 0x21, 0x24, 0x21, 0x24, 0x21, 0x24, 0x21, 0x24, 0x21, 0x24, 0x21, 0x24, 0x21, 0x24, 0x21,
    0x24, 0x21, 0x24, 0x21, 0x24, 0x21, 0x24, 0x21, 0x24, 0x21, 0x24, 0x21, 0x24, 0x21, 0x24, 0x21,
    0x24, 0x21, 0x24, 0x21, 0x24, 0x21, 0x24, 0x21, 0x24, 0x21, 0x24, 0x21, 0x24, 0x21, 0x24, 0x21,
    0x24, 0x21, 0x24, 0x21, 0x24, 0x21, 0x24, 0x21, 0x24, 0x21, 0x24, 0x21, 0x24, 0x21, 0x24, 0x21,
    0x24, 0x21, 0x24, 0x21, 0x24, 0x21, 0x24, 0x21, 0x24, 0x21, 0x24, 0x21, 0x24, 0x21, 0x24, 0x21,
    0x24, 0x21, 0x24, 0x21, 0x24, 0x21, 0x24, 0x21, 0x24, 0x21, 0x24, 0x21, 0x24, 0x21, 0x24, 0x21,
    0x24, 0x21, 0x24, 0x21, 0x24, 0x21, 0x24, 0x21, 0x24, 0x21, 0x24, 0x21, 0x24, 0x21, 0x24, 0x21,
    0x24, 0x21, 0x24, 0x21, 0x24, 0x21, 0x24, 0x21, 0x24, 0x21, 0x24, 0x21, 0x24, 0x21, 0x24, 0x21,
    0x24, 0x21, 0x24, 0x21, 0x24, 0x21, 0x1C, 0xDF, 0x1C, 0xE7, 0x3C, 0xE7, 0x5D, 0xEF, 0x7D, 0xEF,
    0xFB, 0xDE, 0xFB, 0xDE, 0xFB, 0xDE, 0xFB, 0xDE, 0xFB, 0xDE, 0xFB, 0xDE, 0xFB, 0xDE, 0xFB, 0xDE,
    0xFB, 0xDE, 0x1C, 0xE7, 0xFB, 0xDE, 0xFB, 0xDE, 0x1C, 0xE7, 0x1C, 0xE7, 0x1C, 0xE7, 0x1C, 0xE7,
    0x1C, 0xE7, 0x1C, 0xE7, 0x1C, 0xE7, 0x1C, 0xE7, 0x1C, 0xE7, 0x1C, 0xE7, 0x1C, 0xE7, 0x1C, 0xE7,
    0x1C, 0xE7, 0x3C, 0xE7, 0x1C, 0xE7, 0x3C, 0xE7, 0x3C, 0xE7, 0x3C, 0xE7, 0x3C, 0xE7, 0x3C, 0xE7,
    0x3C, 0xE7, 0x3C, 0xE7, 0x3C, 0xE7, 0x3C, 0xE7, 0x3C, 0xE7, 0x3C, 0xE7, 0x3C, 0xE7, 0x5D, 0xEF,
    0x5D, 0xEF, 0x5D, 0xEF, 0x5D, 0xEF, 0x5D, 0xEF, 0x5D, 0xEF, 0x5D, 0xEF, 0x5D, 0xEF, 0x5D, 0xEF,
    0x5D, 0xEF, 0x5D, 0xEF, 0x5D, 0xEF, 0x5D, 0xEF, 0x7D, 0xEF, 0x7D, 0xEF, 0x7D, 0xEF, 0x7D, 0xEF,
    0x7D, 0xEF, 0x7D, 0xEF, 0x7D, 0xEF, 0x7D, 0xEF, 0x7D, 0xEF, 0x7D, 0xEF, 0x7D, 0xEF, 0x7D, 0xEF,
    0x7D, 0xEF, 0x9E, 0xF7, 0x9E, 0xF7, 0x9E, 0xF7, 0x9E, 0xF7, 0x9E, 0xF7, 0x9E, 0xF7, 0x9E, 0xF7,
    0x9E, 0xF7, 0x9E, 0xF7, 0x9E, 0xF7, 0x9E, 0xF7, 0x9E, 0xF7, 0xBE, 0xF7, 0xBE, 0xF7, 0xBE, 0xF7,
    0xBE, 0xF7, 0xBE, 0xF7, 0xBE, 0xF7, 0xBE, 0xF7, 0xBE, 0xF7, 0xBE, 0xF7, 0xBE, 0xF7, 0xBE, 0xF7,
    0xBE, 0xF7, 0xBE, 0xF7, 0xBE, 0xF7, 0xBE, 0xF7, 0xBE, 0xF7, 0xBE, 0xF7, 0xBE, 0xF7, 0xBE, 0xF7,
    0xBE, 0xF7, 0xBE, 0xF7, 0xBE, 0xF7, 0xDF, 0xFF, 0xDF, 0xFF, 0xDF, 0xFF, 0xDF, 0xFF, 0xDF, 0xFF,
    0xDF, 0xFF, 0xDF, 0xFF, 0xDF, 0xFF, 0xDF, 0xFF, 0xDF, 0xFF, 0xDF, 0xFF, 0xDF, 0xFF, 0xDF, 0xFF,
    0xDF, 0xFF, 0xDF, 0xFF, 0xDF, 0xFF, 0xDF, 0xFF, 0xDF, 0xFF, 0xDF, 0xFF, 0xDF, 0xFF, 0xDF, 0xFF,
    0xDF, 0xFF, 0xDF, 0xFF, 0xDF, 0xFF, 0xFF, 0xFF, 0xFF, 0xFF, 0xDF, 0xFF, 0xFF, 0xFF, 0xFF, 0xFF,
    0xFF, 0xFF, 0xFF, 0xFF, 0xFF, 0xFF, 0xFF, 0xFF, 0xFF, 0xFF, 0xFF, 0xFF, 0xFF, 0xFF, 0xFF, 0xFF,
    0xFF, 0xFF, 0xFF, 0xFF, 0xFF, 0xFF, 0xFF, 0xFF, 0xFF, 0xFF, 0xFF, 0xFF, 0xFF, 0xFF, 0xFF, 0xFF,
    0xFF, 0xFF, 0xFF, 0xFF, 0xFF, 0xFF, 0xFF, 0xFF, 0xFF, 0xFF, 0xFF, 0xFF, 0xFF, 0xFF, 0xFF, 0xFF,
    0xFF, 0xFF, 0xFF, 0xFF, 0xFF, 0xFF, 0xFF, 0xFF, 0xFF, 0xFF, 0xFF, 0xFF, 0xFF, 0xFF, 0xFF, 0xFF,
    0xAE, 0x73, 0x24, 0x21, 0x24, 0x21, 0x24, 0x21, 0x24, 0x21, 0x24, 0x21, 0x24, 0x21, 0x24, 0x21,
    0x24, 0x21, 0x24, 0x21, 0x24, 0x21, 0x24, 0x21, 0x24, 0x21, 0x24, 0x21, 0x24, 0x21, 0x24, 0x21,
    0x24, 0x21, 0x24, 0x21, 0x24, 0x21, 0x24, 0x21, 0x24, 0x21, 0x24, 0x21, 0x24, 0x21, 0x24, 0x21,
    0x24, 0x21, 0x24, 0x21, 0x24, 0x21, 0x24, 0x21, 0x24, 0x21, 0x24, 0x21, 0x24, 0x21, 0x24, 0x21,
    0x24, 0x21, 0x24, 0x21, 0x24, 0x21, 0x24, 0x21, 0x24, 0x21, 0x24, 0x21, 0x24, 0x21, 0x24, 0x21,
    0x24, 0x21, 0x24, 0x21, 0x24, 0x21, 0x24, 0x21, 0x24, 0x21, 0x24, 0x21, 0x24, 0x21, 0x24, 0x21,
    0x24, 0x21, 0x24, 0x21, 0x24, 0x21, 0x24, 0x21, 0x24, 0x21, 0x24, 0x21, 0x24, 0x21, 0x24, 0x21,
    0x24, 0x21, 0x24, 0x21, 0x24, 0x21, 0x24, 0x21, 0x24, 0x21, 0x24, 0x21, 0x24, 0x21, 0x24, 0x21,
    0x24, 0x21, 0x24, 0x21, 0x24, 0x21, 0x24, 0x21, 0x24, 0x21, 0x24, 0x21, 0x24, 0x21, 0x24, 0x21,
    0x24, 0x21, 0x24, 0x21, 0x24, 0x21, 0x24, 0x21, 0x24, 0x21, 0x24, 0x21, 0x24, 0x21, 0x24, 0x21,
    0x24, 0x21, 0x24, 0x21, 0x24, 0x21, 0x24, 0x21, 0x24, 0x21, 0x24, 0x21, 0x24, 0x21, 0x24, 0x21,
    0x24, 0x21, 0x24, 0x21, 0x24, 0x21, 0x24, 0x21, 0x24, 0x21, 0x24, 0x21, 0x24, 0x21, 0x24, 0x21,
    0x24, 0x21, 0x24, 0x21, 0x24, 0x21, 0x24, 0x21, 0x24, 0x21, 0x24, 0x21, 0x24, 0x21, 0x24, 0x21,
    0x24, 0x21, 0x24, 0x21, 0x24, 0x21, 0x24, 0x21, 0x24, 0x21, 0x24, 0x21, 0x24, 0x21, 0x24, 0x21,
    0x24, 0x21, 0x24, 0x21, 0x24, 0x21, 0x24, 0x21, 0x24, 0x21, 0x24, 0x21, 0x24, 0x21, 0x24, 0x21,
    0x24, 0x21, 0x24, 0x21, 0x24, 0x21, 0x24, 0x21, 0x24, 0x21, 0x24, 0x21, 0x24, 0x21, 0x24, 0x21,
    0x24, 0x21, 0x24, 0x21, 0x24, 0x21, 0x24, 0x21, 0x24, 0x21, 0x24, 0x21, 0x24, 0x21, 0x24, 0x21,
    0x24, 0x21, 0x24, 0x21, 0x24, 0x21, 0x24, 0x21, 0x24, 0x21, 0x24, 0x21, 0x24, 0x21, 0x24, 0x21,
    0x24, 0x21, 0x24, 0x21, 0x24, 0x21, 0x24, 0x21, 0x24, 0x21, 0x24, 0x21, 0x24, 0x21, 0x24, 0x21,
    0x24, 0x21, 0x24, 0x21, 0x24, 0x21, 0x1C, 0xDF, 0x1C, 0xE7, 0x3C, 0xE7, 0x5D, 0xEF, 0x7D, 0xEF,
    0xFB, 0xDE, 0xFB, 0xDE, 0xFB, 0xDE, 0xFB, 0xDE, 0xFB, 0xDE, 0xFB, 0xDE, 0xFB, 0xDE, 0xFB, 0xDE,
    0xFB, 0xDE, 0xFB, 0xDE, 0xFB, 0xDE, 0xFB, 0xDE, 0x1C, 0xE7, 0x1C, 0xE7, 0x1C, 0xE7, 0x1C, 0xE7,
    0x1C, 0xE7, 0x1C, 0xE7, 0x1C, 0xE7, 0x1C, 0xE7, 0x1C, 0xE7, 0x1C, 0xE7, 0x1C, 0xE7, 0x1C, 0xE7,
    0x1C, 0xE7, 0x1C, 0xE7, 0x3C, 0xE7, 0x3C, 0xE7, 0x3C, 0xE7, 0x3C, 0xE7, 0x3C, 0xE7, 0x3C, 0xE7,
    0x3C, 0xE7, 0x3C, 0xE7, 0x3C, 0xE7, 0x3C, 0xE7, 0x3C, 0xE7, 0x3C, 0xE7, 0x3C, 0xE7, 0x3C, 0xE7,
    0x3C, 0xE7, 0x5D, 0xEF, 0x5D, 0xEF, 0x5D, 0xEF, 0x5D, 0xEF, 0x5D, 0xEF, 0x5D, 0xEF, 0x5D, 0xEF,
    0x5D, 0xEF, 0x5D, 0xEF, 0x5D, 0xEF, 0x5D, 0xEF, 0x5D, 0xEF, 0x7D, 0xEF, 0x7D, 0xEF, 0x7D, 0xEF,
    0x7D, 0xEF, 0x7D, 0xEF, 0x7D, 0xEF, 0x7D, 0xEF, 0x7D, 0xEF, 0x7D, 0xEF, 0x7D, 0xEF, 0x7D, 0xEF,
    0x7D, 0xEF, 0x7D, 0xEF, 0x9E, 0xF7, 0x9E, 0xF7, 0x9E, 0xF7, 0x9E, 0xF7, 0x9E, 0xF7, 0x9E, 0xF7,
    0x9E, 0xF7, 0x9E, 0xF7, 0x9E, 0xF7, 0x9E, 0xF7, 0x9E, 0xF7, 0x9E, 0xF7, 0x9E, 0xF7, 0xBE, 0xF7,
    0xBE, 0xF7, 0xBE, 0xF7, 0xBE, 0xF7, 0xBE, 0xF7, 0xBE, 0xF7, 0xBE, 0xF7, 0xBE, 0xF7, 0xBE, 0xF7,
    0xBE, 0xF7, 0xBE, 0xF7, 0xBE, 0xF7, 0xBE, 0xF7, 0xBE, 0xF7, 0xBE, 0xF7, 0xBE, 0xF7, 0xBE, 0xF7,
    0xBE, 0xF7, 0xDF, 0xFF, 0xDF, 0xFF, 0xBE, 0xF7, 0xBE, 0xF7, 0xBE, 0xF7, 0xDF, 0xFF, 0xDF, 0xFF,
    0xDF, 0xFF, 0xDF, 0xFF, 0xDF, 0xFF, 0xDF, 0xFF, 0xDF, 0xFF, 0xDF, 0xFF, 0xDF, 0xFF, 0xDF, 0xFF,
    0xDF, 0xFF, 0xDF, 0xFF, 0xDF, 0xFF, 0xDF, 0xFF, 0xDF, 0xFF, 0xDF, 0xFF, 0xDF, 0xFF, 0xDF, 0xFF,
    0xDF, 0xFF, 0xDF, 0xFF, 0xDF, 0xFF, 0xDF, 0xFF, 0xDF, 0xFF, 0xFF, 0xFF, 0xFF, 0xFF, 0xFF, 0xFF,
    0xFF, 0xFF, 0xFF, 0xFF, 0xFF, 0xFF, 0xFF, 0xFF, 0xFF, 0xFF, 0xFF, 0xFF, 0xFF, 0xFF, 0xFF, 0xFF,
    0xFF, 0xFF, 0xFF, 0xFF, 0xFF, 0xFF, 0xFF, 0xFF, 0xFF, 0xFF, 0xFF, 0xFF, 0xFF, 0xFF, 0xFF, 0xFF,
    0xFF, 0xFF, 0xFF, 0xFF, 0xFF, 0xFF, 0xFF, 0xFF, 0xFF, 0xFF, 0xFF, 0xFF, 0xFF, 0xFF, 0xFF, 0xFF,
    0xFF, 0xFF, 0xFF, 0xFF, 0xFF, 0xFF, 0xFF, 0xFF, 0xFF, 0xFF, 0xFF, 0xFF, 0xFF, 0xFF, 0x92, 0x94,
    0x24, 0x21, 0x24, 0x21, 0x24, 0x21, 0x24, 0x21, 0x24, 0x21, 0x24, 0x21, 0x24, 0x21, 0x24, 0x21,
    0x24, 0x21, 0x24, 0x21, 0x24, 0x21, 0x24, 0x21, 0x24, 0x21, 0x24, 0x21, 0x24, 0x21, 0x24, 0x21,
    0x24, 0x21, 0x24, 0x21, 0x24, 0x21, 0x24, 0x21, 0x24, 0x21, 0x24, 0x21, 0x24, 0x21, 0x24, 0x21,
    0x24, 0x21, 0x24, 0x21, 0x24, 0x21, 0x24, 0x21, 0x24, 0x21, 0x24, 0x21, 0x24, 0x21, 0x24, 0x21,
    0x24, 0x21, 0x24, 0x21, 0x24, 0x21, 0x24, 0x21, 0x24, 0x21, 0x24, 0x21, 0x24, 0x21, 0x24, 0x21,
    0x24, 0x21, 0x24, 0x21, 0x24, 0x21, 0x24, 0x21, 0x24, 0x21, 0x24, 0x21, 0x24, 0x21, 0x24, 0x21,
    0x24, 0x21, 0x24, 0x21, 0x24, 0x21, 0x24, 0x21, 0x24, 0x21, 0x24, 0x21, 0x24, 0x21, 0x24, 0x21,
    0x24, 0x21, 0x24, 0x21, 0x24, 0x21, 0x24, 0x21, 0x24, 0x21, 0x24, 0x21, 0x24, 0x21, 0x24, 0x21,
    0x24, 0x21, 0x24, 0x21, 0x24, 0x21, 0x24, 0x21, 0x24, 0x21, 0x24, 0x21, 0x24, 0x21, 0x24, 0x21,
    0x24, 0x21, 0x24, 0x21, 0x24, 0x21, 0x24, 0x21, 0x24, 0x21, 0x24, 0x21, 0x24, 0x21, 0x24, 0x21,
    0x24, 0x21, 0x24, 0x21, 0x24, 0x21, 0x24, 0x21, 0x24, 0x21, 0x24, 0x21, 0x24, 0x21, 0x24, 0x21,
    0x24, 0x21, 0x24, 0x21, 0x24, 0x21, 0x24, 0x21, 0x24, 0x21, 0x24, 0x21, 0x24, 0x21, 0x24, 0x21,
    0x24, 0x21, 0x24, 0x21, 0x24, 0x21, 0x24, 0x21, 0x24, 0x21, 0x24, 0x21, 0x24, 0x21, 0x24, 0x21,
    0x24, 0x21, 0x24, 0x21, 0x24, 0x21, 0x24, 0x21, 0x24, 0x21, 0x24, 0x21, 0x24, 0x21, 0x24, 0x21,
    0x24, 0x21, 0x24, 0x21, 0x24, 0x21, 0x24, 0x21, 0x24, 0x21, 0x24, 0x21, 0x24, 0x21, 0x24, 0x21,
    0x24, 0x21, 0x24, 0x21, 0x24, 0x21, 0x24, 0x21, 0x24, 0x21, 0x24, 0x21, 0x24, 0x21, 0x24, 0x21,
    0x24, 0x21, 0x24, 0x21, 0x24, 0x21, 0x24, 0x21, 0x24, 0x21, 0x24, 0x21, 0x24, 0x21, 0x24, 0x21,
    0x24, 0x21, 0x24, 0x21, 0x24, 0x21, 0x24, 0x21, 0x24, 0x21, 0x24, 0x21, 0x24, 0x21, 0x24, 0x21,
    0x24, 0x21, 0x24, 0x21, 0x24, 0x21, 0x24, 0x21, 0x24, 0x21, 0x24, 0x21, 0x24, 0x21, 0x24, 0x21,
    0x24, 0x21, 0x24, 0x21, 0x24, 0x21, 0x1C, 0xDF, 0x1C, 0xE7, 0x3C, 0xE7, 0x5D, 0xEF, 0x7D, 0xEF,
    0xFB, 0xDE, 0xFB, 0xDE, 0xFB, 0xDE, 0xFB, 0xDE, 0xFB, 0xDE, 0xFB, 0xDE, 0xFB, 0xDE, 0xFB, 0xDE,
    0xFB, 0xDE, 0xFB, 0xDE, 0xFB, 0xDE, 0x1C, 0xE7, 0x1C, 0xE7, 0xFB, 0xDE, 0x1C, 0xE7, 0x1C, 0xE7,
    0x1C, 0xE7, 0x1C, 0xE7, 0x1C, 0xE7, 0x1C, 0xE7, 0x1C, 0xE7, 0x1C, 0xE7, 0x1C, 0xE7, 0x1C, 0xE7,
    0x1C, 0xE7, 0x1C, 0xE7, 0x1C, 0xE7, 0x3C, 0xE7, 0x3C, 0xE7, 0x3C, 0xE7, 0x3C, 0xE7, 0x3C, 0xE7,
    0x3C, 0xE7, 0x3C, 0xE7, 0x3C, 0xE7, 0x3C, 0xE7, 0x3C, 0xE7, 0x3C, 0xE7, 0x3C, 0xE7, 0x3C, 0xE7,
    0x3C, 0xE7, 0x3C, 0xE7, 0x5D, 0xEF, 0x5D, 0xEF, 0x5D, 0xEF, 0x5D, 0xEF, 0x5D, 0xEF, 0x5D, 0xEF,
    0x5D, 0xEF, 0x5D, 0xEF, 0x5D, 0xEF, 0x5D, 0xEF, 0x5D, 0xEF, 0x5D, 0xEF, 0x7D, 0xEF, 0x7D, 0xEF,
    0x5D, 0xEF, 0x7D, 0xEF, 0x7D, 0xEF, 0x7D, 0xEF, 0x7D, 0xEF, 0x7D, 0xEF, 0x7D, 0xEF, 0x7D, 0xEF,
    0x7D, 0xEF, 0x7D, 0xEF, 0x7D, 0xEF, 0x7D, 0xEF, 0x9E, 0xF7, 0x9E, 0xF7, 0x9E, 0xF7, 0x9E, 0xF7,
    0x9E, 0xF7, 0x9E, 0xF7, 0x9E, 0xF7, 0x9E, 0xF7, 0x9E, 0xF7, 0x9E, 0xF7, 0x9E, 0xF7, 0x9E, 0xF7,
    0xBE, 0xF7, 0xBE, 0xF7, 0xBE, 0xF7, 0xBE, 0xF7, 0xBE, 0xF7, 0xBE, 0xF7, 0xBE, 0xF7, 0xBE, 0xF7,
    0xBE, 0xF7, 0xBE, 0xF7, 0xBE, 0xF7, 0xBE, 0xF7, 0xBE, 0xF7, 0xBE, 0xF7, 0xBE, 0xF7, 0xBE, 0xF7,
    0xBE, 0xF7, 0xBE, 0xF7, 0xDF, 0xFF, 0xDF, 0xFF, 0xBE, 0xF7, 0xDF, 0xFF, 0xDF, 0xFF, 0xDF, 0xFF,
    0xDF, 0xFF, 0xDF, 0xFF, 0xDF, 0xFF, 0xDF, 0xFF, 0xDF, 0xFF, 0xDF, 0xFF, 0xDF, 0xFF, 0xDF, 0xFF,
    0xDF, 0xFF, 0xDF, 0xFF, 0xDF, 0xFF, 0xDF, 0xFF, 0xDF, 0xFF, 0xDF, 0xFF, 0xDF, 0xFF, 0xDF, 0xFF,
    0xDF, 0xFF, 0xDF, 0xFF, 0xDF, 0xFF, 0xDF, 0xFF, 0xDF, 0xFF, 0xDF, 0xFF, 0xDF, 0xFF, 0xFF, 0xFF,
    0xFF, 0xFF, 0xDF, 0xFF, 0xFF, 0xFF, 0xFF, 0xFF, 0xFF, 0xFF, 0xFF, 0xFF, 0xFF, 0xFF, 0xFF, 0xFF,
    0xFF, 0xFF, 0xFF, 0xFF, 0xFF, 0xFF, 0xFF, 0xFF, 0xFF, 0xFF, 0xFF, 0xFF, 0xFF, 0xFF, 0xFF, 0xFF,
    0xFF, 0xFF, 0xFF, 0xFF, 0xFF, 0xFF, 0xFF, 0xFF, 0xFF, 0xFF, 0xFF, 0xFF, 0xFF, 0xFF, 0xFF, 0xFF,
    0xFF, 0xFF, 0xFF, 0xFF, 0xFF, 0xFF, 0xFF, 0xFF, 0xFF, 0xFF, 0xFF, 0xFF, 0x92, 0x94, 0x24, 0x21,
    0x24, 0x21, 0x24, 0x21, 0x24, 0x21, 0x24, 0x21, 0x24, 0x21, 0x24, 0x21, 0x24, 0x21, 0x24, 0x21,
    0x24, 0x21, 0x24, 0x21, 0x24, 0x21, 0x24, 0x21, 0x24, 0x21, 0x24, 0x21, 0x24, 0x21, 0x24, 0x21,
    0x24, 0x21, 0x24, 0x21, 0x24, 0x21, 0x24, 0x21, 0x24, 0x21, 0x24, 0x21, 0x24, 0x21, 0x24, 0x21,
    0x24, 0x21, 0x24, 0x21, 0x24, 0x21, 0x24, 0x21, 0x24, 0x21, 0x24, 0x21, 0x24, 0x21, 0x24, 0x21,
    0x24, 0x21, 0x24, 0x21, 0x24, 0x21, 0x24, 0x21, 0x24, 0x21, 0x24, 0x21, 0x24, 0x21, 0x24, 0x21,
    0x24, 0x21, 0x24, 0x21, 0x24, 0x21, 0x24, 0x21, 0x24, 0x21, 0x24, 0x21, 0x24, 0x21, 0x24, 0x21,
    0x24, 0x21, 0x24, 0x21, 0x24, 0x21, 0x24, 0x21, 0x24, 0x21, 0x24, 0x21, 0x24, 0x21, 0x24, 0x21,
    0x24, 0x21, 0x24, 0x21, 0x24, 0x21, 0x24, 0x21, 0x24, 0x21, 0x24, 0x21, 0x24, 0x21, 0x24, 0x21,
    0x24, 0x21, 0x24, 0x21, 0x24, 0x21, 0x24, 0x21, 0x24, 0x21, 0x24, 0x21, 0x24, 0x21, 0x24, 0x21,
    0x24, 0x21, 0x24, 0x21, 0x24, 0x21, 0x24, 0x21, 0x24, 0x21, 0x24, 0x21, 0x24, 0x21, 0x24, 0x21,
    0x24, 0x21, 0x24, 0x21, 0x24, 0x21, 0x24, 0x21, 0x24, 0x21, 0x24, 0x21, 0x24, 0x21, 0x24, 0x21,
    0x24, 0x21, 0x24, 0x21, 0x24, 0x21, 0x24, 0x21, 0x24, 0x21, 0x24, 0x21, 0x24, 0x21, 0x24, 0x21,
    0x24, 0x21, 0x24, 0x21, 0x24, 0x21, 0x24, 0x21, 0x24, 0x21, 0x24, 0x21, 0x24, 0x21, 0x24, 0x21,
    0x24, 0x21, 0x24, 0x21, 0x24, 0x21, 0x24, 0x21, 0x24, 0x21, 0x24, 0x21, 0x24, 0x21, 0x24, 0x21,
    0x24, 0x21, 0x24, 0x21, 0x24, 0x21, 0x24, 0x21, 0x24, 0x21, 0x24, 0x21, 0x24, 0x21, 0x24, 0x21,
    0x24, 0x21, 0x24, 0x21, 0x24, 0x21, 0x24, 0x21, 0x24, 0x21, 0x24, 0x21, 0x24, 0x21, 0x24, 0x21,
    0x24, 0x21, 0x24, 0x21, 0x24, 0x21, 0x24, 0x21, 0x24, 0x21, 0x24, 0x21, 0x24, 0x21, 0x24, 0x21,
    0x24, 0x21, 0x24, 0x21, 0x24, 0x21, 0x24, 0x21, 0x24, 0x21, 0x24, 0x21, 0x24, 0x21, 0x24, 0x21,
    0x24, 0x21, 0x24, 0x21, 0x24, 0x21, 0x24, 0x21, 0x24, 0x21, 0x24, 0x21, 0x24, 0x21, 0x24, 0x21,
    0x24, 0x21, 0x24, 0x21, 0x24, 0x21, 0x1C, 0xDF, 0x1C, 0xE7, 0x3C, 0xE7, 0x5D, 0xEF, 0x7D, 0xEF,
    0xFB, 0xDE, 0xFB, 0xDE, 0xFB, 0xDE, 0xFB, 0xDE, 0xFB, 0xDE, 0xFB, 0xDE, 0xFB, 0xDE, 0xFB, 0xDE,
    0xFB, 0xDE, 0xFB, 0xDE, 0xFB, 0xDE, 0xFB, 0xDE, 0xFB, 0xDE, 0xFB, 0xDE, 0x1C, 0xE7, 0x1C, 0xE7,
    0xFB, 0xDE, 0x1C, 0xE7, 0x1C, 0xE7, 0x1C, 0xE7, 0x1C, 0xE7, 0x1C, 0xE7, 0x1C, 0xE7, 0x1C, 0xE7,
    0x1C, 0xE7, 0x1C, 0xE7, 0x1C, 0xE7, 0x1C, 0xE7, 0x1C, 0xE7, 0x1C, 0xE7, 0x3C, 0xE7, 0x3C, 0xE7,
    0x3C, 0xE7, 0x3C, 0xE7, 0x3C, 0xE7, 0x3C, 0xE7, 0x3C, 0xE7, 0x3C, 0xE7, 0x3C, 0xE7, 0x3C, 0xE7,
    0x3C, 0xE7, 0x3C, 0xE7, 0x5D, 0xEF, 0x3C, 0xE7, 0x5D, 0xEF, 0x3C, 0xE7, 0x5D, 0xEF, 0x5D, 0xEF,
    0x5D, 0xEF, 0x5D, 0xEF, 0x5D, 0xEF, 0x5D, 0xEF, 0x5D, 0xEF, 0x5D, 0xEF, 0x5D, 0xEF, 0x5D, 0xEF,
    0x7D, 0xEF, 0x5D, 0xEF, 0x7D, 0xEF, 0x7D, 0xEF, 0x7D, 0xEF, 0x7D, 0xEF, 0x7D, 0xEF, 0x7D, 0xEF,
    0x7D, 0xEF, 0x7D, 0xEF, 0x7D, 0xEF, 0x9E, 0xF7, 0x7D, 0xEF, 0x9E, 0xF7, 0x9E, 0xF7, 0x9E, 0xF7,
    0x9E, 0xF7, 0x9E, 0xF7, 0x9E, 0xF7, 0x9E, 0xF7, 0x9E, 0xF7, 0x9E, 0xF7, 0x9E, 0xF7, 0x9E, 0xF7,
    0xBE, 0xF7, 0xBE, 0xF7, 0xBE, 0xF7, 0xBE, 0xF7, 0xBE, 0xF7, 0xBE, 0xF7, 0xBE, 0xF7, 0xBE, 0xF7,
    0xBE, 0xF7, 0xBE, 0xF7, 0xBE, 0xF7, 0xBE, 0xF7, 0xBE, 0xF7, 0xBE, 0xF7, 0xBE, 0xF7, 0xBE, 0xF7,
    0xBE, 0xF7, 0xBE, 0xF7, 0xBE, 0xF7, 0xBE, 0xF7, 0xBE, 0xF7, 0xDF, 0xFF, 0xDF, 0xFF, 0xDF, 0xFF,
    0xDF, 0xFF, 0xDF, 0xFF, 0xDF, 0xFF, 0xDF, 0xFF, 0xDF, 0xFF, 0xDF, 0xFF, 0xDF, 0xFF, 0xDF, 0xFF,
    0xDF, 0xFF, 0xDF, 0xFF, 0xDF, 0xFF, 0xDF, 0xFF, 0xDF, 0xFF, 0xDF, 0xFF, 0xDF, 0xFF, 0xDF, 0xFF,
    0xDF, 0xFF, 0xDF, 0xFF, 0xDF, 0xFF, 0xDF, 0xFF, 0xDF, 0xFF, 0xDF, 0xFF, 0xDF, 0xFF, 0xDF, 0xFF,
    0xDF, 0xFF, 0xFF, 0xFF, 0xFF, 0xFF, 0xFF, 0xFF, 0xFF, 0xFF, 0xFF, 0xFF, 0xFF, 0xFF, 0xFF, 0xFF,
    0xFF, 0xFF, 0xFF, 0xFF, 0xFF, 0xFF, 0xFF, 0xFF, 0xFF, 0xFF, 0xFF, 0xFF, 0xFF, 0xFF, 0xFF, 0xFF,
    0xFF, 0xFF, 0xFF, 0xFF, 0xFF, 0xFF, 0xFF, 0xFF, 0xFF, 0xFF, 0xFF, 0xFF, 0xFF, 0xFF, 0xFF, 0xFF,
    0xFF, 0xFF, 0xFF, 0xFF, 0xFF, 0xFF, 0xFF, 0xFF, 0xFF, 0xFF, 0x75, 0xAD, 0x24, 0x21, 0x24, 0x21,
    0x24, 0x21, 0x24, 0x21, 0x24, 0x21, 0x24, 0x21, 0x24, 0x21, 0x24, 0x21, 0x24, 0x21, 0x24, 0x21,
    0x24, 0x21, 0x24, 0x21, 0x24, 0x21, 0x24, 0x21, 0x24, 0x21, 0x24, 0x21, 0x24, 0x21, 0x24, 0x21,
    0x08, 0x42, 0xAE, 0x73, 0xCF, 0x7B, 0x92, 0x94, 0xAE, 0x73, 0x4D, 0x6B, 0x69, 0x4A, 0x24, 0x21,
    0x24, 0x21, 0x24, 0x21, 0x24, 0x21, 0x24, 0x21, 0x24, 0x21, 0x24, 0x21, 0x24, 0x21, 0x24, 0x21,
    0x24, 0x21, 0x24, 0x21, 0x24, 0x21, 0x24, 0x21, 0x24, 0x21, 0x24, 0x21, 0x24, 0x21, 0x24, 0x21,
    0x24, 0x21, 0x24, 0x21, 0x24, 0x21, 0x24, 0x21, 0x24, 0x21, 0x24, 0x21, 0x24, 0x21, 0x24, 0x21,
    0x24, 0x21, 0x24, 0x21, 0x24, 0x21, 0x24, 0x21, 0x24, 0x21, 0x24, 0x21, 0x24, 0x21, 0x24, 0x21,
    0x24, 0x21, 0x24, 0x21, 0x24, 0x21, 0x24, 0x21, 0x24, 0x21, 0x24, 0x21, 0x24, 0x21, 0x24, 0x21,
    0x24, 0x21, 0x24, 0x21, 0x24, 0x21, 0x24, 0x21, 0x24, 0x21, 0x24, 0x21, 0x24, 0x21, 0x24, 0x21,
    0x24, 0x21, 0x24, 0x21, 0x24, 0x21, 0x24, 0x21, 0x24, 0x21, 0x24, 0x21, 0x24, 0x21, 0x24, 0x21,
    0x24, 0x21, 0x24, 0x21, 0x24, 0x21, 0x24, 0x21, 0x24, 0x21, 0x24, 0x21, 0x24, 0x21, 0x24, 0x21,
    0x24, 0x21, 0x24, 0x21, 0x24, 0x21, 0x24, 0x21, 0x24, 0x21, 0x24, 0x21, 0x24, 0x21, 0x24, 0x21,
    0x24, 0x21, 0x24, 0x21, 0x24, 0x21, 0x24, 0x21, 0x24, 0x21, 0x24, 0x21, 0x24, 0x21, 0x24, 0x21,
    0x24, 0x21, 0x24, 0x21, 0x24, 0x21, 0x24, 0x21, 0x24, 0x21, 0x24, 0x21, 0x24, 0x21, 0x24, 0x21,
    0x24, 0x21, 0x24, 0x21, 0x24, 0x21, 0x24, 0x21, 0x24, 0x21, 0x24, 0x21, 0x24, 0x21, 0x24, 0x21,
    0x24, 0x21, 0x24, 0x21, 0x24, 0x21, 0x24, 0x21, 0x24, 0x21, 0x24, 0x21, 0x24, 0x21, 0x24, 0x21,
    0x24, 0x21, 0x24, 0x21, 0x24, 0x21, 0x24, 0x21, 0x24, 0x21, 0x24, 0x21, 0x24, 0x21, 0x24, 0x21,
    0x24, 0x21, 0x24, 0x21, 0x24, 0x21, 0x24, 0x21, 0x24, 0x21, 0x24, 0x21, 0x24, 0x21, 0x24, 0x21,
    0x24, 0x21, 0x24, 0x21, 0x24, 0x21, 0x24, 0x21, 0x24, 0x21, 0x24, 0x21, 0x24, 0x21, 0x24, 0x21,
    0x24, 0x21, 0x24, 0x21, 0x24, 0x21, 0xFB, 0xDE, 0x1C, 0xE7, 0x3C, 0xE7, 0x5D, 0xEF, 0x7D, 0xEF,
    0xFB, 0xDE, 0xFB, 0xDE, 0xFB, 0xDE, 0xFB, 0xDE, 0xFB, 0xDE, 0xFB, 0xDE, 0xFB, 0xDE, 0xFB, 0xDE,
    0xFB, 0xDE, 0xFB, 0xDE, 0xFB, 0xDE, 0xFB, 0xDE, 0xFB, 0xDE, 0xFB, 0xDE, 0x1C, 0xE7, 0x1C, 0xE7,
    0x1C, 0xE7, 0x1C, 0xE7, 0x1C, 0xE7, 0x1C, 0xE7, 0x1C, 0xE7, 0x1C, 0xE7, 0x1C, 0xE7, 0x1C, 0xE7,
    0x1C, 0xE7, 0x1C, 0xE7, 0x1C, 0xE7, 0x1C, 0xE7, 0x1C, 0xE7, 0x1C, 0xE7, 0x1C, 0xE7, 0x1C, 0xE7,
    0x3C, 0xE7, 0x3C, 0xE7, 0x3C, 0xE7, 0x3C, 0xE7, 0x3C, 0xE7, 0x3C, 0xE7, 0x3C, 0xE7, 0x3C, 0xE7,
    0x3C, 0xE7, 0x3C, 0xE7, 0x3C, 0xE7, 0x3C, 0xE7, 0x5D, 0xEF, 0x5D, 0xEF, 0x5D, 0xEF, 0x5D, 0xEF,
    0x5D, 0xEF, 0x5D, 0xEF, 0x5D, 0xEF, 0x5D, 0xEF, 0x5D, 0xEF, 0x5D, 0xEF, 0x5D, 0xEF, 0x5D, 0xEF,
    0x5D, 0xEF, 0x5D, 0xEF, 0x7D, 0xEF, 0x7D, 0xEF, 0x7D, 0xEF, 0x7D, 0xEF, 0x7D, 0xEF, 0x7D, 0xEF,
    0x7D, 0xEF, 0x7D, 0xEF, 0x7D, 0xEF, 0x7D, 0xEF, 0x7D, 0xEF, 0x9E, 0xF7, 0x7D, 0xEF, 0x9E, 0xF7,
    0x9E, 0xF7, 0x9E, 0xF7, 0x9E, 0xF7, 0x9E, 0xF7, 0x9E, 0xF7, 0x9E, 0xF7, 0x9E, 0xF7, 0x9E, 0xF7,
    0xBE, 0xF7, 0x9E, 0xF7, 0xBE, 0xF7, 0xBE, 0xF7, 0xBE, 0xF7, 0xBE, 0xF7, 0xBE, 0xF7, 0xBE, 0xF7,
    0xBE, 0xF7, 0xBE, 0xF7, 0xBE, 0xF7, 0xBE, 0xF7, 0xBE, 0xF7, 0xBE, 0xF7, 0xBE, 0xF7, 0xBE, 0xF7,
    0xBE, 0xF7, 0xBE, 0xF7, 0xBE, 0xF7, 0xDF, 0xFF, 0xFF, 0xFF, 0xFF, 0xFF, 0xFF, 0xFF, 0xFF, 0xFF,
    0xFF, 0xFF, 0xFF, 0xFF, 0xFF, 0xFF, 0xFF, 0xFF, 0xDF, 0xFF, 0xDF, 0xFF, 0xDF, 0xFF, 0xDF, 0xFF,
    0xDF, 0xFF, 0xDF, 0xFF, 0xDF, 0xFF, 0xDF, 0xFF, 0xDF, 0xFF, 0xDF, 0xFF, 0xDF, 0xFF, 0xFF, 0xFF,
    0xFF, 0xFF, 0xFF, 0xFF, 0xFF, 0xFF, 0xFF, 0xFF, 0xFF, 0xFF, 0xDF, 0xFF, 0xDF, 0xFF, 0xDF, 0xFF,
    0xFF, 0xFF, 0xFF, 0xFF, 0xFF, 0xFF, 0xFF, 0xFF, 0xFF, 0xFF, 0xFF, 0xFF, 0xFF, 0xFF, 0xFF, 0xFF,
    0xFF, 0xFF, 0xFF, 0xFF, 0xFF, 0xFF, 0xFF, 0xFF, 0xFF, 0xFF, 0xFF, 0xFF, 0xFF, 0xFF, 0xFF, 0xFF,
    0xFF, 0xFF, 0xFF, 0xFF, 0xFF, 0xFF, 0xFF, 0xFF, 0xFF, 0xFF, 0xFF, 0xFF, 0xFF, 0xFF, 0xFF, 0xFF,
    0xFF, 0xFF, 0xFF, 0xFF, 0xFF, 0xFF, 0xFF, 0xFF, 0xBA, 0xD6, 0x24, 0x21, 0x24, 0x21, 0x24, 0x21,
    0x24, 0x21, 0x24, 0x21, 0x24, 0x21, 0x24, 0x21, 0x24, 0x21, 0x24, 0x21, 0x24, 0x21, 0x24, 0x21,
    0x24, 0x21, 0x24, 0x21, 0x24, 0x21, 0x24, 0x21, 0x86, 0x31, 0x4D, 0x6B, 0x59, 0xCE, 0x9E, 0xF7,
    0xFF, 0xFF, 0x3C, 0xE7, 0xBA, 0xD6, 0x59, 0xCE, 0x59, 0xCE, 0x3C, 0xE7, 0xFF, 0xFF, 0x9E, 0xF7,
    0xD7, 0xBD, 0xCF, 0x7B, 0x24, 0x21, 0x24, 0x21, 0x24, 0x21, 0x24, 0x21, 0x24, 0x21, 0x24, 0x21,
    0x24, 0x21, 0x24, 0x21, 0x24, 0x21, 0x24, 0x21, 0x24, 0x21, 0x24, 0x21, 0x24, 0x21, 0x24, 0x21,
    0x24, 0x21, 0x24, 0x21, 0x24, 0x21, 0x24, 0x21, 0x24, 0x21, 0x24, 0x21, 0x24, 0x21, 0x24, 0x21,
    0x24, 0x21, 0x24, 0x21, 0x24, 0x21, 0x24, 0x21, 0x24, 0x21, 0x24, 0x21, 0x24, 0x21, 0x24, 0x21,
    0x24, 0x21, 0x24, 0x21, 0x24, 0x21, 0x24, 0x21, 0x24, 0x21, 0x24, 0x21, 0x24, 0x21, 0x24, 0x21,
    0x24, 0x21, 0x24, 0x21, 0x24, 0x21, 0x24, 0x21, 0x24, 0x21, 0x24, 0x21, 0x24, 0x21, 0x24, 0x21,
    0x24, 0x21, 0x24, 0x21, 0x24, 0x21, 0x24, 0x21, 0x24, 0x21, 0x24, 0x21, 0x24, 0x21, 0x24, 0x21,
    0x24, 0x21, 0x24, 0x21, 0x24, 0x21, 0x24, 0x21, 0x24, 0x21, 0x24, 0x21, 0x24, 0x21, 0x24, 0x21,
    0x24, 0x21, 0x24, 0x21, 0x24, 0x21, 0x24, 0x21, 0x24, 0x21, 0x24, 0x21, 0x24, 0x21, 0x24, 0x21,
    0x24, 0x21, 0x24, 0x21, 0x24, 0x21, 0x24, 0x21, 0x24, 0x21, 0x24, 0x21, 0x24, 0x21, 0x24, 0x21,
    0x24, 0x21, 0x24, 0x21, 0x24, 0x21, 0x24, 0x21, 0x24, 0x21, 0x24, 0x21, 0x24, 0x21, 0x24, 0x21,
    0x24, 0x21, 0x24, 0x21, 0x24, 0x21, 0x24, 0x21, 0x24, 0x21, 0x24, 0x21, 0x24, 0x21, 0x24, 0x21,
    0x24, 0x21, 0x24, 0x21, 0x24, 0x21, 0x24, 0x21, 0x24, 0x21, 0x24, 0x21, 0x24, 0x21, 0x24, 0x21,
    0x24, 0x21, 0x24, 0x21, 0x24, 0x21, 0x24, 0x21, 0x24, 0x21, 0x24, 0x21, 0x24, 0x21, 0x24, 0x21,
    0x24, 0x21, 0x24, 0x21, 0x24, 0x21, 0x24, 0x21, 0x24, 0x21, 0x24, 0x21, 0x24, 0x21, 0x24, 0x21,
    0x24, 0x21, 0x24, 0x21, 0x24, 0x21, 0x24, 0x21, 0x24, 0x21, 0x24, 0x21, 0x24, 0x21, 0x24, 0x21,
    0x24, 0x21, 0x24, 0x21, 0x24, 0x21, 0x1C, 0xDF, 0x1C, 0xE7, 0x3C, 0xE7, 0x5D, 0xEF, 0x7D, 0xEF,
    0xFB, 0xDE, 0xFB, 0xDE, 0xDB, 0xDE, 0xFB, 0xDE, 0xFB, 0xDE, 0xFB, 0xDE, 0xFB, 0xDE, 0xFB, 0xDE,
    0xFB, 0xDE, 0xFB, 0xDE, 0xFB, 0xDE, 0xFB, 0xDE, 0xFB, 0xDE, 0xFB, 0xDE, 0xFB, 0xDE, 0xFB, 0xDE,
    0xFB, 0xDE, 0xFB, 0xDE, 0x1C, 0xE7, 0x1C, 0xE7, 0x1C, 0xE7, 0x1C, 0xE7, 0x1C, 0xE7, 0x1C, 0xE7,
    0x1C, 0xE7, 0x1C, 0xE7, 0x1C, 0xE7, 0x1C, 0xE7, 0x1C, 0xE7, 0x1C, 0xE7, 0x1C, 0xE7, 0x1C, 0xE7,
    0x3C, 0xE7, 0x3C, 0xE7, 0x3C, 0xE7, 0x3C, 0xE7, 0x3C, 0xE7, 0x3C, 0xE7, 0x3C, 0xE7, 0x3C, 0xE7,
    0x3C, 0xE7, 0x3C, 0xE7, 0x3C, 0xE7, 0x3C, 0xE7, 0x3C, 0xE7, 0x5D, 0xEF, 0x5D, 0xEF, 0x3C, 0xE7,
    0x5D, 0xEF, 0x5D, 0xEF, 0x5D, 0xEF, 0x5D, 0xEF, 0x5D, 0xEF, 0x5D, 0xEF, 0x5D, 0xEF, 0x5D, 0xEF,
    0x5D, 0xEF, 0x7D, 0xEF, 0x7D, 0xEF, 0x7D, 0xEF, 0x7D, 0xEF, 0x7D, 0xEF, 0x7D, 0xEF, 0x7D, 0xEF,
    0x7D, 0xEF, 0x7D, 0xEF, 0x7D, 0xEF, 0x7D, 0xEF, 0x7D, 0xEF, 0x7D, 0xEF, 0x7D, 0xEF, 0x9E, 0xF7,
    0x9E, 0xF7, 0x9E, 0xF7, 0x9E, 0xF7, 0x9E, 0xF7, 0x9E, 0xF7, 0x9E, 0xF7, 0x9E, 0xF7, 0x9E, 0xF7,
    0x9E, 0xF7, 0x9E, 0xF7, 0x9E, 0xF7, 0x9E, 0xF7, 0xBE, 0xF7, 0xBE, 0xF7, 0xBE, 0xF7, 0xBE, 0xF7,
    0xBE, 0xF7, 0xFF, 0xFF, 0xFF, 0xFF, 0xFF, 0xFF, 0xFF, 0xFF, 0xFF, 0xFF, 0xDF, 0xFF, 0xBE, 0xF7,
    0xBE, 0xF7, 0xDF, 0xFF, 0xDF, 0xFF, 0xFF, 0xFF, 0xFF, 0xFF, 0xFF, 0xFF, 0xFF, 0xFF, 0xFF, 0xFF,
    0xFF, 0xFF, 0xFF, 0xFF, 0xFF, 0xFF, 0xFF, 0xFF, 0xFF, 0xFF, 0xFF, 0xFF, 0xFF, 0xFF, 0xFF, 0xFF,
    0xDF, 0xFF, 0xDF, 0xFF, 0xDF, 0xFF, 0xDF, 0xFF, 0xDF, 0xFF, 0xDF, 0xFF, 0xFF, 0xFF, 0xFF, 0xFF,
    0xFF, 0xFF, 0xFF, 0xFF, 0xFF, 0xFF, 0xFF, 0xFF, 0xFF, 0xFF, 0xFF, 0xFF, 0xFF, 0xFF, 0xDF, 0xFF,
    0xFF, 0xFF, 0xFF, 0xFF, 0xFF, 0xFF, 0xFF, 0xFF, 0xFF, 0xFF, 0xFF, 0xFF, 0xFF, 0xFF, 0xFF, 0xFF,
    0xFF, 0xFF, 0xFF, 0xFF, 0xFF, 0xFF, 0xFF, 0xFF, 0xFF, 0xFF, 0xFF, 0xFF, 0xFF, 0xFF, 0xFF, 0xFF,
    0xFF, 0xFF, 0xFF, 0xFF, 0xFF, 0xFF, 0xFF, 0xFF, 0xFF, 0xFF, 0xFF, 0xFF, 0xFF, 0xFF, 0xFF, 0xFF,
    0xFF, 0xFF, 0xFF, 0xFF, 0xFF, 0xFF, 0x3C, 0xE7, 0xA6, 0x31, 0x24, 0x21, 0x24, 0x21, 0x24, 0x21,
    0x24, 0x21, 0x24, 0x21, 0x24, 0x21, 0x24, 0x21, 0x24, 0x21, 0x24, 0x21, 0x24, 0x21, 0x24, 0x21,
    0x24, 0x21, 0x24, 0x21, 0x24, 0x21, 0x92, 0x94, 0x9E, 0xF7, 0x9E, 0xF7, 0x14, 0xA5, 0xEB, 0x5A,
    0xA6, 0x31, 0x24, 0x21, 0x24, 0x21, 0x24, 0x21, 0x24, 0x21, 0x24, 0x21, 0xA6, 0x31, 0xEB, 0x5A,
    0x75, 0xAD, 0x3C, 0xE7, 0x3C, 0xE7, 0xAE, 0x73, 0x24, 0x21, 0x24, 0x21, 0x24, 0x21, 0x24, 0x21,
    0x24, 0x21, 0x24, 0x21, 0x24, 0x21, 0x24, 0x21, 0x24, 0x21, 0x24, 0x21, 0x24, 0x21, 0x24, 0x21,
    0x24, 0x21, 0x24, 0x21, 0x24, 0x21, 0x24, 0x21, 0x24, 0x21, 0x24, 0x21, 0x24, 0x21, 0x24, 0x21,
    0xCB, 0x5A, 0xAE, 0x73, 0xAE, 0x73, 0xAE, 0x73, 0xCF, 0x7B, 0xAE, 0x73, 0xAE, 0x73, 0xAE, 0x73,
    0xCF, 0x7B, 0xCF, 0x7B, 0xAE, 0x73, 0xAE, 0x73, 0xAE, 0x73, 0xCF, 0x7B, 0xAE, 0x73, 0xCF, 0x7B,
    0xAE, 0x73, 0xAE, 0x73, 0xAE, 0x73, 0xCF, 0x7B, 0xAE, 0x73, 0xAE, 0x73, 0xAE, 0x73, 0xAE, 0x73,
    0xCF, 0x7B, 0xCF, 0x7B, 0xAE, 0x73, 0xAE, 0x73, 0xAE, 0x73, 0xAE, 0x73, 0xAE, 0x73, 0xAE, 0x73,
    0xCF, 0x7B, 0xCF, 0x7B, 0xAE, 0x73, 0xCF, 0x7B, 0xAE, 0x73, 0xCF, 0x7B, 0xCF, 0x7B, 0xAE, 0x73,
    0xCF, 0x7B, 0xAE, 0x73, 0xAE, 0x73, 0xAE, 0x73, 0xAE, 0x73, 0xAE, 0x73, 0xAE, 0x73, 0xAE, 0x73,
    0xAE, 0x73, 0xAE, 0x73, 0xAE, 0x73, 0xCF, 0x7B, 0xAE, 0x73, 0xAE, 0x73, 0xAE, 0x73, 0xAE, 0x73,
    0xAE, 0x73, 0xAE, 0x73, 0xAE, 0x73, 0xAE, 0x73, 0xAE, 0x73, 0xAE, 0x73, 0xAE, 0x73, 0xAE, 0x73,
    0xCF, 0x7B, 0xAE, 0x73, 0xAE, 0x73, 0xCF, 0x7B, 0xCF, 0x7B, 0xAE, 0x73, 0xAE, 0x73, 0xCF, 0x7B,
    0xCF, 0x7B, 0xAE, 0x73, 0xCF, 0x7B, 0xAE, 0x73, 0xCF, 0x7B, 0xCF, 0x7B, 0xAE, 0x73, 0xAE, 0x73,
    0xAE, 0x73, 0xCF, 0x7B, 0xCF, 0x7B, 0xAE, 0x73, 0xAE, 0x73, 0xAE, 0x73, 0xCF, 0x7B, 0xAE, 0x73,
    0xAE, 0x73, 0xCF, 0x7B, 0xAE, 0x73, 0xAE, 0x73, 0xAE, 0x73, 0xAE, 0x73, 0xAE, 0x73, 0xAE, 0x73,
    0xAE, 0x73, 0xCF, 0x7B, 0xAE, 0x73, 0xAE, 0x73, 0xAE, 0x73, 0xAE, 0x73, 0xAE, 0x73, 0xAE, 0x73,
    0xAE, 0x73, 0xAE, 0x73, 0x86, 0x31, 0x1C, 0xDF, 0x1C, 0xE7, 0x3C, 0xE7, 0x5D, 0xEF, 0x7D, 0xEF,
    0xDB, 0xDE, 0xFB, 0xDE, 0xFB, 0xDE, 0xFB, 0xDE, 0xFB, 0xDE, 0xFB, 0xDE, 0xFB, 0xDE, 0xFB, 0xDE,
    0xFB, 0xDE, 0xFB, 0xDE, 0xFB, 0xDE, 0xFB, 0xDE, 0xFB, 0xDE, 0xFB, 0xDE, 0xFB, 0xDE, 0xFB, 0xDE,
    0xFB, 0xDE, 0xFB, 0xDE, 0xFB, 0xDE, 0x1C, 0xE7, 0x1C, 0xE7, 0x1C, 0xE7, 0x1C, 0xE7, 0x1C, 0xE7,
    0x1C, 0xE7, 0x1C, 0xE7, 0x1C, 0xE7, 0x1C, 0xE7, 0x1C, 0xE7, 0x1C, 0xE7, 0x1C, 0xE7, 0x1C, 0xE7,
    0x1C, 0xE7, 0x1C, 0xE7, 0x3C, 0xE7, 0x3C, 0xE7, 0x3C, 0xE7, 0x3C, 0xE7, 0x3C, 0xE7, 0x3C, 0xE7,
    0x3C, 0xE7, 0x3C, 0xE7, 0x3C, 0xE7, 0x3C, 0xE7, 0x3C, 0xE7, 0x3C, 0xE7, 0x3C, 0xE7, 0x5D, 0xEF,
    0x3C, 0xE7, 0x5D, 0xEF, 0x5D, 0xEF, 0x5D, 0xEF, 0x5D, 0xEF, 0x5D, 0xEF, 0x9E, 0xF7, 0xBE, 0xF7,
    0xFF, 0xFF, 0xFF, 0xFF, 0xFF, 0xFF, 0xFF, 0xFF, 0xBE, 0xF7, 0x7D, 0xEF, 0x7D, 0xEF, 0x7D, 0xEF,
    0x7D, 0xEF, 0x7D, 0xEF, 0x7D, 0xEF, 0x7D, 0xEF, 0x7D, 0xEF, 0x7D, 0xEF, 0x7D, 0xEF, 0x7D, 0xEF,
    0x9E, 0xF7, 0x7D, 0xEF, 0x9E, 0xF7, 0x9E, 0xF7, 0x9E, 0xF7, 0x9E, 0xF7, 0x9E, 0xF7, 0x9E, 0xF7,
    0x9E, 0xF7, 0x9E, 0xF7, 0x9E, 0xF7, 0x9E, 0xF7, 0xBE, 0xF7, 0xBE, 0xF7, 0xBE, 0xF7, 0xBE, 0xF7,
    0xFF, 0xFF, 0xFF, 0xFF, 0xFF, 0xFF, 0xFF, 0xFF, 0xFF, 0xFF, 0xFF, 0xFF, 0xFF, 0xFF, 0xFF, 0xFF,
    0xFF, 0xFF, 0xFF, 0xFF, 0xFF, 0xFF, 0xFF, 0xFF, 0xFF, 0xFF, 0xFF, 0xFF, 0xFF, 0xFF, 0xFF, 0xFF,
    0xFF, 0xFF, 0xFF, 0xFF, 0xFF, 0xFF, 0xFF, 0xFF, 0xFF, 0xFF, 0xFF, 0xFF, 0xFF, 0xFF, 0xFF, 0xFF,
    0xFF, 0xFF, 0xFF, 0xFF, 0xFF, 0xFF, 0xFF, 0xFF, 0xFF, 0xFF, 0xFF, 0xFF, 0xFF, 0xFF, 0xFF, 0xFF,
    0xFF, 0xFF, 0xFF, 0xFF, 0xFF, 0xFF, 0xFF, 0xFF, 0xFF, 0xFF, 0xFF, 0xFF, 0xFF, 0xFF, 0xFF, 0xFF,
    0xFF, 0xFF, 0xDF, 0xFF, 0xDF, 0xFF, 0xFF, 0xFF, 0xFF, 0xFF, 0xFF, 0xFF, 0xFF, 0xFF, 0xFF, 0xFF,
    0xFF, 0xFF, 0xFF, 0xFF, 0xFF, 0xFF, 0xFF, 0xFF, 0xFF, 0xFF, 0xFF, 0xFF, 0xFF, 0xFF, 0xFF, 0xFF,
    0xFF, 0xFF, 0xFF, 0xFF, 0xFF, 0xFF, 0xFF, 0xFF, 0xFF, 0xFF, 0xFF, 0xFF, 0xFF, 0xFF, 0xFF, 0xFF,
    0xFF, 0xFF, 0xFF, 0xFF, 0xFF, 0xFF, 0x08, 0x42, 0x24, 0x21, 0x24, 0x21, 0x24, 0x21, 0x24, 0x21,
    0x24, 0x21, 0x24, 0x21, 0x24, 0x21, 0x24, 0x21, 0x24, 0x21, 0x24, 0x21, 0x24, 0x21, 0x24, 0x21,
    0x24, 0x21, 0x69, 0x4A, 0x3C, 0xE7, 0x9E, 0xF7, 0x30, 0x84, 0xA6, 0x31, 0x24, 0x21, 0x24, 0x21,
    0x24, 0x21, 0x24, 0x21, 0x24, 0x21, 0x24, 0x21, 0x24, 0x21, 0x24, 0x21, 0x24, 0x21, 0x24, 0x21,
    0x24, 0x21, 0x24, 0x21, 0xAE, 0x73, 0x3C, 0xE7, 0x3C, 0xE7, 0x08, 0x42, 0x24, 0x21, 0x24, 0x21,
    0x24, 0x21, 0x24, 0x21, 0x24, 0x21, 0x24, 0x21, 0x24, 0x21, 0x24, 0x21, 0x24, 0x21, 0x24, 0x21,
    0x24, 0x21, 0x24, 0x21, 0x24, 0x21, 0x24, 0x21, 0x24, 0x21, 0x24, 0x21, 0x24, 0x21, 0xC7, 0x39,
    0xF7, 0xBD, 0x59, 0xCE, 0x59, 0xCE, 0x59, 0xCE, 0x59, 0xCE, 0x59, 0xCE, 0x59, 0xCE, 0x59, 0xCE,
    0x59, 0xCE, 0x59, 0xCE, 0x59, 0xCE, 0x59, 0xCE, 0x59, 0xCE, 0x59, 0xCE, 0x59, 0xCE, 0x59, 0xCE,
    0x59, 0xCE, 0x59, 0xCE, 0x59, 0xCE, 0x59, 0xCE, 0x59, 0xCE, 0x59, 0xCE, 0x59, 0xCE, 0x59, 0xCE,
    0x59, 0xCE, 0x59, 0xCE, 0x59, 0xCE, 0x59, 0xCE, 0x59, 0xCE, 0x59, 0xCE, 0x59, 0xCE, 0x59, 0xCE,
    0x59, 0xCE, 0x59, 0xCE, 0x59, 0xCE, 0x59, 0xCE, 0x59, 0xCE, 0x59, 0xCE, 0x59, 0xCE, 0x59, 0xCE,
    0x59, 0xCE, 0x59, 0xCE, 0x59, 0xCE, 0x59, 0xCE, 0x59, 0xCE, 0x59, 0xCE, 0x59, 0xCE, 0x59, 0xCE,
    0x59, 0xCE, 0x59, 0xCE, 0x59, 0xCE, 0x59, 0xCE, 0x59, 0xCE, 0x59, 0xCE, 0x59, 0xCE, 0x59, 0xCE,
    0x59, 0xCE, 0x59, 0xCE, 0x59, 0xCE, 0x59, 0xCE, 0x59, 0xCE, 0x59, 0xCE, 0x59, 0xCE, 0x59, 0xCE,
    0x59, 0xCE, 0x59, 0xCE, 0x59, 0xCE, 0x59, 0xCE, 0x59, 0xCE, 0x59, 0xCE, 0x59, 0xCE, 0x59, 0xCE,
    0x59, 0xCE, 0x59, 0xCE, 0x59, 0xCE, 0x59, 0xCE, 0x59, 0xCE, 0x59, 0xCE, 0x59, 0xCE, 0x59, 0xCE,
    0x59, 0xCE, 0x59, 0xCE, 0x59, 0xCE, 0x59, 0xCE, 0x59, 0xCE, 0x59, 0xCE, 0x59, 0xCE, 0x59, 0xCE,
    0x59, 0xCE, 0x59, 0xCE, 0x59, 0xCE, 0x59, 0xCE, 0x59, 0xCE, 0x59, 0xCE, 0x59, 0xCE, 0x59, 0xCE,
    0x59, 0xCE, 0x59, 0xCE, 0x59, 0xCE, 0x59, 0xCE, 0x59, 0xCE, 0x59, 0xCE, 0x59, 0xCE, 0x59, 0xCE,
    0x59, 0xCE, 0x59, 0xCE, 0xC7, 0x39, 0x1C, 0xDF, 0x1C, 0xE7, 0x3C, 0xE7, 0x5D, 0xEF, 0x7D, 0xEF,
    0xDB, 0xDE, 0xDB, 0xDE, 0xDB, 0xDE, 0xFB, 0xDE, 0xFB, 0xDE, 0xFB, 0xDE, 0xDB, 0xDE, 0xFB, 0xDE,
    0xFB, 0xDE, 0xFB, 0xDE, 0xFB, 0xDE, 0xFB, 0xDE, 0xFB, 0xDE, 0xFB, 0xDE, 0xFB, 0xDE, 0xFB, 0xDE,
    0xFB, 0xDE, 0xFB, 0xDE, 0xFB, 0xDE, 0xFB, 0xDE, 0xFB, 0xDE, 0x1C, 0xE7, 0x1C, 0xE7, 0x1C, 0xE7,
    0x1C, 0xE7, 0x3C, 0xE7, 0x9E, 0xF7, 0xDF, 0xFF, 0xDF, 0xFF, 0xDF, 0xFF, 0xDF, 0xFF, 0xDF, 0xFF,
    0xDF, 0xFF, 0xDF, 0xFF, 0xDF, 0xFF, 0xBE, 0xF7, 0xBE, 0xF7, 0x9E, 0xF7, 0x9E, 0xF7, 0x9E, 0xF7,
    0x7D, 0xEF, 0x7D, 0xEF, 0x7D, 0xEF, 0x7D, 0xEF, 0x7D, 0xEF, 0x5D, 0xEF, 0x5D, 0xEF, 0x5D, 0xEF,
    0x3C, 0xE7, 0x3C, 0xE7, 0x7D, 0xEF, 0x9E, 0xF7, 0xDF, 0xFF, 0xFF, 0xFF, 0xFF, 0xFF, 0xFF, 0xFF,
    0xFF, 0xFF, 0xFF, 0xFF, 0xFF, 0xFF, 0xFF, 0xFF, 0xFF, 0xFF, 0xFF, 0xFF, 0x7D, 0xEF, 0x7D, 0xEF,
    0x7D, 0xEF, 0x7D, 0xEF, 0x7D, 0xEF, 0x7D, 0xEF, 0x7D, 0xEF, 0x7D, 0xEF, 0x7D, 0xEF, 0x7D, 0xEF,
    0x9E, 0xF7, 0xBE, 0xF7, 0xDF, 0xFF, 0xDF, 0xFF, 0xDF, 0xFF, 0xBE, 0xF7, 0xBE, 0xF7, 0x9E, 0xF7,
    0x9E, 0xF7, 0x9E, 0xF7, 0x9E, 0xF7, 0x9E, 0xF7, 0x9E, 0xF7, 0xBE, 0xF7, 0xBE, 0xF7, 0xFF, 0xFF,
    0xFF, 0xFF, 0xFF, 0xFF, 0xFF, 0xFF, 0xDF, 0xFF, 0xFF, 0xFF, 0xFF, 0xFF, 0xFF, 0xFF, 0xFF, 0xFF,
    0xFF, 0xFF, 0xFF, 0xFF, 0xFF, 0xFF, 0xFF, 0xFF, 0xFF, 0xFF, 0xBF, 0xF7, 0xFF, 0xFF, 0xFF, 0xFF,
    0xFF, 0xFF, 0xFF, 0xFF, 0xFF, 0xFF, 0xFF, 0xFF, 0xFF, 0xFF, 0xBF, 0xF7, 0xFF, 0xFF, 0xFF, 0xFF,
    0xFF, 0xFF, 0xFF, 0xFF, 0xFF, 0xFF, 0xFF, 0xFF, 0xFF, 0xFF, 0xFF, 0xFF, 0xFF, 0xFF, 0xFF, 0xFF,
    0xFF, 0xFF, 0xDF, 0xFF, 0xFF, 0xFF, 0xFF, 0xFF, 0xFF, 0xFF, 0xFF, 0xFF, 0xFF, 0xFF, 0xFF, 0xFF,
    0xFF, 0xFF, 0xFF, 0xFF, 0xDF, 0xFF, 0xDF, 0xFF, 0xFF, 0xFF, 0xFF, 0xFF, 0xFF, 0xFF, 0xFF, 0xFF,
    0xFF, 0xFF, 0xFF, 0xFF, 0xFF, 0xFF, 0xFF, 0xFF, 0xFF, 0xFF, 0xFF, 0xFF, 0xFF, 0xFF, 0xFF, 0xFF,
    0xFF, 0xFF, 0xFF, 0xFF, 0xFF, 0xFF, 0xFF, 0xFF, 0xFF, 0xFF, 0xFF, 0xFF, 0xFF, 0xFF, 0xFF, 0xFF,
    0xFF, 0xFF, 0xFF, 0xFF, 0xFF, 0xFF, 0x24, 0x21, 0x24, 0x21, 0x24, 0x21, 0x24, 0x21, 0x24, 0x21,
    0x24, 0x21, 0x24, 0x21, 0x24, 0x21, 0x24, 0x21, 0x24, 0x21, 0x24, 0x21, 0x24, 0x21, 0x24, 0x21,
    0x30, 0x84, 0xFF, 0xFF, 0x14, 0xA5, 0xA6, 0x31, 0x24, 0x21, 0x24, 0x21, 0x24, 0x21, 0x24, 0x21,
    0x24, 0x21, 0x24, 0x21, 0x24, 0x21, 0x24, 0x21, 0x24, 0x21, 0x24, 0x21, 0x24, 0x21, 0x24, 0x21,
    0x24, 0x21, 0x24, 0x21, 0x24, 0x21, 0xA6, 0x31, 0x14, 0xA5, 0xFF, 0xFF, 0x30, 0x84, 0x24, 0x21,
    0x24, 0x21, 0x24, 0x21, 0x24, 0x21, 0x24, 0x21, 0x24, 0x21, 0x24, 0x21, 0x24, 0x21, 0x24, 0x21,
    0x24, 0x21, 0x24, 0x21, 0x24, 0x21, 0x24, 0x21, 0x24, 0x21, 0x24, 0x21, 0xC7, 0x39, 0xB6, 0xB5,
    0x59, 0xCE, 0x59, 0xCE, 0x59, 0xCE, 0x59, 0xCE, 0x59, 0xCE, 0x59, 0xCE, 0x59, 0xCE, 0x59, 0xCE,
    0x59, 0xCE, 0x59, 0xCE, 0x59, 0xCE, 0x59, 0xCE, 0x59, 0xCE, 0x59, 0xCE, 0x59, 0xCE, 0x59, 0xCE,
    0x59, 0xCE, 0x59, 0xCE, 0x59, 0xCE, 0x59, 0xCE, 0x59, 0xCE, 0x59, 0xCE, 0x59, 0xCE, 0x59, 0xCE,
    0x59, 0xCE, 0x59, 0xCE, 0x59, 0xCE, 0x59, 0xCE, 0x59, 0xCE, 0x59, 0xCE, 0x59, 0xCE, 0x59, 0xCE,
    0x59, 0xCE, 0x59, 0xCE, 0x59, 0xCE, 0x59, 0xCE, 0x59, 0xCE, 0x59, 0xCE, 0x59, 0xCE, 0x59, 0xCE,
    0x59, 0xCE, 0x59, 0xCE, 0x59, 0xCE, 0x59, 0xCE, 0x59, 0xCE, 0x59, 0xCE, 0x59, 0xCE, 0x59, 0xCE,
    0x59, 0xCE, 0x59, 0xCE, 0x59, 0xCE, 0x59, 0xCE, 0x59, 0xCE, 0x59, 0xCE, 0x59, 0xCE, 0x59, 0xCE,
    0x59, 0xCE, 0x59, 0xCE, 0x59, 0xCE, 0x59, 0xCE, 0x59, 0xCE, 0x59, 0xCE, 0x59, 0xCE, 0x59, 0xCE,
    0x59, 0xCE, 0x59, 0xCE, 0x59, 0xCE, 0x59, 0xCE, 0x59, 0xCE, 0x59, 0xCE, 0x59, 0xCE, 0x59, 0xCE,
    0x59, 0xCE, 0x59, 0xCE, 0x59, 0xCE, 0x59, 0xCE, 0x59, 0xCE, 0x59, 0xCE, 0x59, 0xCE, 0x59, 0xCE,
    0x59, 0xCE, 0x59, 0xCE, 0x59, 0xCE, 0x59, 0xCE, 0x59, 0xCE, 0x59, 0xCE, 0x59, 0xCE, 0x59, 0xCE,
    0x59, 0xCE, 0x59, 0xCE, 0x59, 0xCE, 0x59, 0xCE, 0x59, 0xCE, 0x59, 0xCE, 0x59, 0xCE, 0x59, 0xCE,
    0x59, 0xCE, 0x59, 0xCE, 0x59, 0xCE, 0x59, 0xCE, 0x59, 0xCE, 0x59, 0xCE, 0x59, 0xCE, 0x59, 0xCE,
    0x59, 0xCE, 0x59, 0xCE, 0xC7, 0x39, 0x1C, 0xDF, 0x1C, 0xE7, 0x3C, 0xE7, 0x5D, 0xEF, 0x7D, 0xEF,
    0xDB, 0xDE, 0xDB, 0xDE, 0xDB, 0xDE, 0xDB, 0xDE, 0xDB, 0xDE, 0xDB, 0xDE, 0xDB, 0xDE, 0xDB, 0xDE,
    0xFB, 0xDE, 0xFB, 0xDE, 0xFB, 0xDE, 0xFB, 0xDE, 0xFB, 0xDE, 0xFB, 0xDE, 0xFB, 0xDE, 0xFB, 0xDE,
    0xFB, 0xDE, 0xFB, 0xDE, 0xFB, 0xDE, 0xFB, 0xDE, 0xFB, 0xDE, 0xFB, 0xDE, 0xFB, 0xDE, 0xFB, 0xDE,
    0x3C, 0xE7, 0xDF, 0xFF, 0xFF, 0xFF, 0xFF, 0xFF, 0xFF, 0xFF, 0xFF, 0xFF, 0xFF, 0xFF, 0xFF, 0xFF,
    0xFF, 0xFF, 0xFF, 0xFF, 0xFF, 0xFF, 0xFF, 0xFF, 0xFF, 0xFF, 0xFF, 0xFF, 0xFF, 0xFF, 0xFF, 0xFF,
    0xFF, 0xFF, 0xFF, 0xFF, 0xFF, 0xFF, 0xFF, 0xFF, 0xFF, 0xFF, 0xFF, 0xFF, 0xFF, 0xFF, 0xFF, 0xFF,
    0xFF, 0xFF, 0xFF, 0xFF, 0xFF, 0xFF, 0xFF, 0xFF, 0xFF, 0xFF, 0xFF, 0xFF, 0xFF, 0xFF, 0xFF, 0xFF,
    0xFF, 0xFF, 0xFF, 0xFF, 0xFF, 0xFF, 0xFF, 0xFF, 0xFF, 0xFF, 0xFF, 0xFF, 0xFF, 0xFF, 0xBE, 0xF7,
    0x7D, 0xEF, 0x7D, 0xEF, 0x7D, 0xEF, 0x7D, 0xEF, 0x7D, 0xEF, 0x7D, 0xEF, 0xBE, 0xF7, 0xDF, 0xFF,
    0xFF, 0xFF, 0xFF, 0xFF, 0xFF, 0xFF, 0xFF, 0xFF, 0xFF, 0xFF, 0xFF, 0xFF, 0xFF, 0xFF, 0xFF, 0xFF,
    0xFF, 0xFF, 0xDF, 0xFF, 0xBE, 0xF7, 0x9E, 0xF7, 0xBE, 0xF7, 0xDF, 0xFF, 0xFF, 0xFF, 0xFF, 0xFF,
    0xFF, 0xFF, 0xFF, 0xFF, 0x3F, 0xAD, 0xFF, 0x49, 0x5F, 0x94, 0xFF, 0xDE, 0xFF, 0xFF, 0xFF, 0xFF,
    0xFF, 0xFF, 0xFF, 0xFF, 0xFF, 0xFF, 0xFF, 0xFF, 0xFF, 0xFF, 0x1F, 0x6B, 0xBF, 0x9C, 0xFF, 0xFF,
    0xFF, 0xFF, 0xFF, 0xFF, 0xFF, 0xFF, 0xFF, 0xFF, 0x3F, 0xCE, 0x7F, 0x5A, 0x1F, 0xE7, 0xFF, 0xFF,
    0xFF, 0xFF, 0xFF, 0xFF, 0xFF, 0xFF, 0xFF, 0xFF, 0xFF, 0xFF, 0xFF, 0xFF, 0xFF, 0xFF, 0xFF, 0xFF,
    0xBF, 0xBD, 0xFF, 0x49, 0x5F, 0x94, 0xFF, 0xDE, 0xFF, 0xFF, 0xFF, 0xFF, 0xFF, 0xFF, 0xFF, 0xFF,
    0xFF, 0xFF, 0xFF, 0xFF, 0xFF, 0xFF, 0xFF, 0xFF, 0xDF, 0xFF, 0xDF, 0xFF, 0xDF, 0xFF, 0xFF, 0xFF,
    0xFF, 0xFF, 0xFF, 0xFF, 0xFF, 0xFF, 0xFF, 0xFF, 0xFF, 0xFF, 0xFF, 0xFF, 0xFF, 0xFF, 0xFF, 0xFF,
    0xFF, 0xFF, 0xFF, 0xFF, 0xFF, 0xFF, 0xFF, 0xFF, 0xFF, 0xFF, 0xFF, 0xFF, 0xFF, 0xFF, 0xFF, 0xFF,
    0xFF, 0xFF, 0xFF, 0xFF, 0xFF, 0xFF, 0x24, 0x21, 0x24, 0x21, 0x24, 0x21, 0x24, 0x21, 0x24, 0x21,
    0x24, 0x21, 0x24, 0x21, 0x24, 0x21, 0x24, 0x21, 0x24, 0x21, 0x24, 0x21, 0x24, 0x21, 0x92, 0x94,
    0xFF, 0xFF, 0xAE, 0x73, 0x24, 0x21, 0x24, 0x21, 0x24, 0x21, 0x24, 0x21, 0x24, 0x21, 0x24, 0x21,
    0x24, 0x21, 0x24, 0x21, 0x24, 0x21, 0x24, 0x21, 0x24, 0x21, 0x24, 0x21, 0xCF, 0x7B, 0x59, 0xCE,
    0x3C, 0xE7, 0xBA, 0xD6, 0x30, 0x84, 0xA6, 0x31, 0x24, 0x21, 0x30, 0x84, 0xFF, 0xFF, 0x92, 0x94,
    0x24, 0x21, 0x24, 0x21, 0x24, 0x21, 0x24, 0x21, 0x24, 0x21, 0x24, 0x21, 0x24, 0x21, 0x24, 0x21,
    0x24, 0x21, 0x24, 0x21, 0x24, 0x21, 0x24, 0x21, 0x24, 0x21, 0x86, 0x31, 0xB6, 0xB5, 0x59, 0xCE,
    0x59, 0xCE, 0x59, 0xCE, 0x59, 0xCE, 0x59, 0xCE, 0x59, 0xCE, 0x59, 0xCE, 0x59, 0xCE, 0x59, 0xCE,
    0x59, 0xCE, 0x59, 0xCE, 0x59, 0xCE, 0x59, 0xCE, 0x59, 0xCE, 0x59, 0xCE, 0x59, 0xCE, 0x59, 0xCE,
    0x59, 0xCE, 0x59, 0xCE, 0x59, 0xCE, 0x59, 0xCE, 0x59, 0xCE, 0x59, 0xCE, 0x59, 0xCE, 0x59, 0xCE,
    0x59, 0xCE, 0x59, 0xCE, 0x59, 0xCE, 0x59, 0xCE, 0x59, 0xCE, 0x59, 0xCE, 0x59, 0xCE, 0x59, 0xCE,
    0x59, 0xCE, 0x59, 0xCE, 0x59, 0xCE, 0x59, 0xCE, 0x59, 0xCE, 0x59, 0xCE, 0x59, 0xCE, 0x59, 0xCE,
    0x59, 0xCE, 0x59, 0xCE, 0x59, 0xCE, 0x59, 0xCE, 0x59, 0xCE, 0x59, 0xCE, 0x59, 0xCE, 0x59, 0xCE,
    0x59, 0xCE, 0x59, 0xCE, 0x59, 0xCE, 0x59, 0xCE, 0x59, 0xCE, 0x59, 0xCE, 0x59, 0xCE, 0x59, 0xCE,
    0x59, 0xCE, 0x59, 0xCE, 0x59, 0xCE, 0x59, 0xCE, 0x59, 0xCE, 0x59, 0xCE, 0x59, 0xCE, 0x59, 0xCE,
    0x59, 0xCE, 0x59, 0xCE, 0x59, 0xCE, 0x59, 0xCE, 0x59, 0xCE, 0x59, 0xCE, 0x59, 0xCE, 0x59, 0xCE,
    0x59, 0xCE, 0x59, 0xCE, 0x59, 0xCE, 0x59, 0xCE, 0x59, 0xCE, 0x59, 0xCE, 0x59, 0xCE, 0x59, 0xCE,
    0x59, 0xCE, 0x59, 0xCE, 0x59, 0xCE, 0x59, 0xCE, 0x59, 0xCE, 0x59, 0xCE, 0x59, 0xCE, 0x59, 0xCE,
    0x59, 0xCE, 0x59, 0xCE, 0x59, 0xCE, 0x59, 0xCE, 0x59, 0xCE, 0x59, 0xCE, 0x59, 0xCE, 0x59, 0xCE,
    0x59, 0xCE, 0x59, 0xCE, 0x59, 0xCE, 0x59, 0xCE, 0x59, 0xCE, 0x59, 0xCE, 0x59, 0xCE, 0x59, 0xCE,
    0x59, 0xCE, 0x59, 0xCE, 0xC7, 0x39, 0x1C, 0xDF, 0x1C, 0xE7, 0x3C, 0xE7, 0x5D, 0xEF, 0x7D, 0xEF,
    0xDB, 0xDE, 0xDB, 0xDE, 0xDB, 0xDE, 0xDB, 0xDE, 0xDB, 0xDE, 0xDB, 0xDE, 0xDB, 0xDE, 0xDB, 0xDE,
    0xDB, 0xDE, 0xFB, 0xDE, 0xFB, 0xDE, 0xFB, 0xDE, 0xFB, 0xDE, 0xFB, 0xDE, 0xFB, 0xDE, 0xFB, 0xDE,
    0xFB, 0xDE, 0xFB, 0xDE, 0xFB, 0xDE, 0xFB, 0xDE, 0xFB, 0xDE, 0xFB, 0xDE, 0xFB, 0xDE, 0xFB, 0xDE,
    0x9E, 0xF7, 0xFF, 0xFF, 0xFF, 0xFF, 0xFF, 0xFF, 0xFF, 0xFF, 0xFF, 0xFF, 0xFF, 0xFF, 0xFF, 0xFF,
    0xFF, 0xFF, 0xFF, 0xFF, 0xFF, 0xFF, 0xFF, 0xFF, 0x1C, 0xDF, 0x18, 0xBE, 0x1C, 0xDF, 0xFF, 0xFF,
    0xFF, 0xFF, 0xFF, 0xFF, 0xFF, 0xFF, 0xFF, 0xFF, 0xFF, 0xFF, 0xFF, 0xFF, 0xFF, 0xFF, 0xFF, 0xFF,
    0xFF, 0xFF, 0xFF, 0xFF, 0xFF, 0xFF, 0xFF, 0xFF, 0x7D, 0xEF, 0x9A, 0xCE, 0x18, 0xBE, 0x18, 0xBE,
    0x18, 0xBE, 0x18, 0xBE, 0x7D, 0xEF, 0xFF, 0xFF, 0xFF, 0xFF, 0xFF, 0xFF, 0xFF, 0xFF, 0xFF, 0xFF,
    0xFF, 0xFF, 0xDF, 0xFF, 0xBE, 0xF7, 0xBE, 0xF7, 0xDF, 0xFF, 0xFF, 0xFF, 0xFF, 0xFF, 0xFF, 0xFF,
    0xFF, 0xFF, 0xFF, 0xFF, 0xFF, 0xFF, 0xFF, 0xFF, 0xFF, 0xFF, 0xFF, 0xFF, 0xFF, 0xFF, 0xFF, 0xFF,
    0xFF, 0xFF, 0xFF, 0xFF, 0xFF, 0xFF, 0xFF, 0xFF, 0xFF, 0xFF, 0xFF, 0xFF, 0xFF, 0xFF, 0xFF, 0xFF,
    0xFF, 0xFF, 0xDF, 0xFF, 0xBF, 0x41, 0x9F, 0x20, 0x9F, 0x20, 0xBF, 0x28, 0xDF, 0x62, 0xFF, 0xC5,
    0xFF, 0xFF, 0xFF, 0xFF, 0x7F, 0xEF, 0xFF, 0xFF, 0x3F, 0xAD, 0x9F, 0x20, 0x9F, 0x20, 0x7F, 0x7B,
    0x1F, 0xE7, 0xFF, 0xFF, 0xFF, 0xFF, 0xFF, 0xFF, 0x5F, 0x52, 0x9F, 0x20, 0x5F, 0x39, 0x5F, 0xB5,
    0xDF, 0xFF, 0xFF, 0xFF, 0xFF, 0xFF, 0xFF, 0xFF, 0xFF, 0xFF, 0xFF, 0xFF, 0xFF, 0xFF, 0xDF, 0xFF,
    0x1F, 0x4A, 0x9F, 0x20, 0x9F, 0x20, 0xBF, 0x28, 0xBF, 0x62, 0xFF, 0xC5, 0xFF, 0xFF, 0xFF, 0xFF,
    0x7F, 0xEF, 0xFF, 0xFF, 0xFF, 0xFF, 0xFF, 0xFF, 0xDF, 0xFF, 0xDF, 0xFF, 0xFF, 0xFF, 0xFF, 0xFF,
    0xFF, 0xFF, 0xFF, 0xFF, 0xFF, 0xFF, 0xFF, 0xFF, 0xFF, 0xFF, 0xFF, 0xFF, 0xFF, 0xFF, 0xFF, 0xFF,
    0xFF, 0xFF, 0xFF, 0xFF, 0xFF, 0xFF, 0xFF, 0xFF, 0xFF, 0xFF, 0xFF, 0xFF, 0xFF, 0xFF, 0xFF, 0xFF,
    0xFF, 0xFF, 0xFF, 0xFF, 0xFF, 0xFF, 0x24, 0x21, 0x24, 0x21, 0x24, 0x21, 0x24, 0x21, 0x24, 0x21,
    0x24, 0x21, 0x24, 0x21, 0x24, 0x21, 0x24, 0x21, 0x24, 0x21, 0x24, 0x21, 0x30, 0x84, 0xFF, 0xFF,
    0x69, 0x4A, 0x24, 0x21, 0x24, 0x21, 0x69, 0x4A, 0xEB, 0x5A, 0x24, 0x21, 0x24, 0x21, 0x24, 0x21,
    0x24, 0x21, 0x24, 0x21, 0x24, 0x21, 0x24, 0x21, 0x24, 0x21, 0x92, 0x94, 0xFF, 0xFF, 0xFF, 0xFF,
    0xFF, 0xFF, 0xFF, 0xFF, 0xFF, 0xFF, 0x3C, 0xE7, 0x69, 0x4A, 0x24, 0x21, 0x69, 0x4A, 0xFF, 0xFF,
    0x30, 0x84, 0x24, 0x21, 0x24, 0x21, 0x24, 0x21, 0x24, 0x21, 0x24, 0x21, 0x24, 0x21, 0x24, 0x21,
    0x24, 0x21, 0x24, 0x21, 0x24, 0x21, 0x24, 0x21, 0x24, 0x21, 0xB2, 0x94, 0x59, 0xCE, 0x59, 0xCE,
    0x59, 0xCE, 0x59, 0xCE, 0x59, 0xCE, 0x59, 0xCE, 0x59, 0xCE, 0x59, 0xCE, 0x59, 0xCE, 0x59, 0xCE,
    0x59, 0xCE, 0x59, 0xCE, 0x59, 0xCE, 0x59, 0xCE, 0x59, 0xCE, 0x59, 0xCE, 0x59, 0xCE, 0x59, 0xCE,
    0x59, 0xCE, 0x59, 0xCE, 0x59, 0xCE, 0x59, 0xCE, 0x59, 0xCE, 0x59, 0xCE, 0x59, 0xCE, 0x59, 0xCE,
    0x59, 0xCE, 0x59, 0xCE, 0x59, 0xCE, 0x59, 0xCE, 0x59, 0xCE, 0x59, 0xCE, 0x59, 0xCE, 0x59, 0xCE,
    0x59, 0xCE, 0x59, 0xCE, 0x59, 0xCE, 0x59, 0xCE, 0x59, 0xCE, 0x59, 0xCE, 0x59, 0xCE, 0x59, 0xCE,
    0x59, 0xCE, 0x59, 0xCE, 0x59, 0xCE, 0x59, 0xCE, 0x59, 0xCE, 0x59, 0xCE, 0x59, 0xCE, 0x59, 0xCE,
    0x59, 0xCE, 0x59, 0xCE, 0x59, 0xCE, 0x59, 0xCE, 0x59, 0xCE, 0x59, 0xCE, 0x59, 0xCE, 0x59, 0xCE,
    0x59, 0xCE, 0x59, 0xCE, 0x59, 0xCE, 0x59, 0xCE, 0x59, 0xCE, 0x59, 0xCE, 0x59, 0xCE, 0x59, 0xCE,
    0x59, 0xCE, 0x59, 0xCE, 0x59, 0xCE, 0x59, 0xCE, 0x59, 0xCE, 0x59, 0xCE, 0x59, 0xCE, 0x59, 0xCE,
    0x59, 0xCE, 0x59, 0xCE, 0x59, 0xCE, 0x59, 0xCE, 0x59, 0xCE, 0x59, 0xCE, 0x59, 0xCE, 0x59, 0xCE,
    0x59, 0xCE, 0x59, 0xCE, 0x59, 0xCE, 0x59, 0xCE, 0x59, 0xCE, 0x59, 0xCE, 0x59, 0xCE, 0x59, 0xCE,
    0x59, 0xCE, 0x59, 0xCE, 0x59, 0xCE, 0x59, 0xCE, 0x59, 0xCE, 0x59, 0xCE, 0x59, 0xCE, 0x59, 0xCE,
    0x59, 0xCE, 0x59, 0xCE, 0x59, 0xCE, 0x59, 0xCE, 0x59, 0xCE, 0x59, 0xCE, 0x59, 0xCE, 0x59, 0xCE,
    0x59, 0xCE, 0x59, 0xCE, 0xC7, 0x39, 0xFB, 0xDE, 0x1C, 0xE7, 0x3C, 0xE7, 0x5D, 0xEF, 0x7D, 0xEF,
    0xDB, 0xDE, 0xDB, 0xDE, 0xDB, 0xDE, 0xDB, 0xDE, 0xDB, 0xDE, 0xDB, 0xDE, 0xDB, 0xDE, 0xFB, 0xDE,
    0xDB, 0xDE, 0xFB, 0xDE, 0xFB, 0xDE, 0xFB, 0xDE, 0xFB, 0xDE, 0xFB, 0xDE, 0xFB, 0xDE, 0xFB, 0xDE,
    0xFB, 0xDE, 0xFB, 0xDE, 0xFB, 0xDE, 0xFB, 0xDE, 0xFB, 0xDE, 0xFB, 0xDE, 0xFB, 0xDE, 0xFB, 0xDE,
    0xBE, 0xF7, 0xFF, 0xFF, 0xFF, 0xFF, 0xFF, 0xFF, 0xFF, 0xFF, 0xFF, 0xFF, 0x9A, 0xCE, 0x1C, 0xDF,
    0xFF, 0xFF, 0xFF, 0xFF, 0xFB, 0xDE, 0x08, 0x42, 0x00, 0x00, 0x00, 0x00, 0x00, 0x00, 0x00, 0x00,
    0x04, 0x21, 0x08, 0x42, 0x8A, 0x52, 0x8E, 0x73, 0x92, 0x8C, 0x96, 0xAD, 0x9A, 0xCE, 0x7D, 0xEF,
    0xFF, 0xFF, 0xFF, 0xFF, 0xFF, 0xFF, 0x96, 0xAD, 0x82, 0x10, 0x00, 0x00, 0x00, 0x00, 0x00, 0x00,
    0x00, 0x00, 0x00, 0x00, 0x00, 0x00, 0x86, 0x31, 0x92, 0x94, 0x7D, 0xEF, 0xFF, 0xFF, 0xFF, 0xFF,
    0xFF, 0xFF, 0xFF, 0xFF, 0xFF, 0xFF, 0xFF, 0xFF, 0xFF, 0xFF, 0xFF, 0xFF, 0xFF, 0xFF, 0xFF, 0xFF,
    0xFF, 0xFF, 0xFF, 0xFF, 0xFF, 0xFF, 0xFF, 0xFF, 0xFF, 0xFF, 0xFF, 0xFF, 0xFF, 0xFF, 0xFF, 0xFF,
    0xFF, 0xFF, 0xFF, 0xFF, 0xFF, 0xFF, 0xFF, 0xFF, 0xFF, 0xFF, 0xFF, 0xFF, 0xFF, 0xFF, 0xFF, 0xFF,
    0xBF, 0xF7, 0xFF, 0x6A, 0x9F, 0x20, 0x9F, 0x20, 0x9F, 0x20, 0x9F, 0x20, 0x9F, 0x20, 0x9F, 0x20,
    0xDF, 0x49, 0x1F, 0x6B, 0x7F, 0xD6, 0x3F, 0xE7, 0x7F, 0x39, 0x9F, 0x20, 0x9F, 0x20, 0x9F, 0x20,
    0x3F, 0x39, 0x3F, 0xCE, 0xFF, 0xFF, 0x3F, 0x8C, 0x9F, 0x20, 0x9F, 0x20, 0x9F, 0x20, 0x9F, 0x20,
    0x3F, 0x73, 0xDF, 0xFF, 0xFF, 0xFF, 0xFF, 0xFF, 0xFF, 0xFF, 0xFF, 0xFF, 0xBF, 0xF7, 0x9F, 0x7B,
    0x9F, 0x20, 0x9F, 0x20, 0x9F, 0x20, 0x9F, 0x20, 0x9F, 0x20, 0x9F, 0x20, 0xBF, 0x41, 0xDF, 0x62,
    0x7F, 0xD6, 0xFF, 0xFF, 0xFF, 0xFF, 0xFF, 0xFF, 0xFF, 0xFF, 0xDF, 0xFF, 0xDF, 0xFF, 0xDF, 0xFF,
    0xFF, 0xFF, 0xFF, 0xFF, 0xFF, 0xFF, 0xFF, 0xFF, 0xFF, 0xFF, 0xFF, 0xFF, 0xFF, 0xFF, 0xFF, 0xFF,
    0xFF, 0xFF, 0xFF, 0xFF, 0xFF, 0xFF, 0xFF, 0xFF, 0xFF, 0xFF, 0xFF, 0xFF, 0xFF, 0xFF, 0xFF, 0xFF,
    0xFF, 0xFF, 0xFF, 0xFF, 0xFF, 0xFF, 0x24, 0x21, 0x24, 0x21, 0x24, 0x21, 0x24, 0x21, 0x24, 0x21,
    0x24, 0x21, 0x24, 0x21, 0x24, 0x21, 0x24, 0x21, 0x24, 0x21, 0x08, 0x42, 0xFF, 0xFF, 0x30, 0x84,
    0x24, 0x21, 0x69, 0x4A, 0x3C, 0xE7, 0xFF, 0xFF, 0xFF, 0xFF, 0x3C, 0xE7, 0x08, 0x42, 0x24, 0x21,
    0x24, 0x21, 0x24, 0x21, 0x24, 0x21, 0x24, 0x21, 0x30, 0x84, 0xFF, 0xFF, 0xFF, 0xFF, 0xFF, 0xFF,
    0xFF, 0xFF, 0xFF, 0xFF, 0xFF, 0xFF, 0xFF, 0xFF, 0x9E, 0xF7, 0x69, 0x4A, 0x24, 0x21, 0xAE, 0x73,
    0xFF, 0xFF, 0x8A, 0x52, 0x24, 0x21, 0x24, 0x21, 0x24, 0x21, 0x24, 0x21, 0x24, 0x21, 0x24, 0x21,
    0x24, 0x21, 0x24, 0x21, 0x24, 0x21, 0x24, 0x21, 0xCF, 0x7B, 0x59, 0xCE, 0x59, 0xCE, 0x59, 0xCE,
    0x59, 0xCE, 0x59, 0xCE, 0x59, 0xCE, 0x59, 0xCE, 0x59, 0xCE, 0x59, 0xCE, 0x59, 0xCE, 0x59, 0xCE,
    0x59, 0xCE, 0x59, 0xCE, 0x59, 0xCE, 0x59, 0xCE, 0x59, 0xCE, 0x59, 0xCE, 0x59, 0xCE, 0x59, 0xCE,
    0x59, 0xCE, 0x59, 0xCE, 0x59, 0xCE, 0x59, 0xCE, 0x59, 0xCE, 0x59, 0xCE, 0x59, 0xCE, 0x59, 0xCE,
    0x59, 0xCE, 0x59, 0xCE, 0x59, 0xCE, 0x59, 0xCE, 0x59, 0xCE, 0x59, 0xCE, 0x59, 0xCE, 0x59, 0xCE,
    0x59, 0xCE, 0x59, 0xCE, 0x59, 0xCE, 0x59, 0xCE, 0x59, 0xCE, 0x59, 0xCE, 0x59, 0xCE, 0x59, 0xCE,
    0x59, 0xCE, 0x59, 0xCE, 0x59, 0xCE, 0x59, 0xCE, 0x59, 0xCE, 0x59, 0xCE, 0x59, 0xCE, 0x59, 0xCE,
    0x59, 0xCE, 0x59, 0xCE, 0x59, 0xCE, 0x59, 0xCE, 0x59, 0xCE, 0x59, 0xCE, 0x59, 0xCE, 0x59, 0xCE,
    0x59, 0xCE, 0x59, 0xCE, 0x59, 0xCE, 0x59, 0xCE, 0x59, 0xCE, 0x59, 0xCE, 0x59, 0xCE, 0x59, 0xCE,
    0x59, 0xCE, 0x59, 0xCE, 0x59, 0xCE, 0x59, 0xCE, 0x59, 0xCE, 0x59, 0xCE, 0x59, 0xCE, 0x59, 0xCE,
    0x59, 0xCE, 0x59, 0xCE, 0x59, 0xCE, 0x59, 0xCE, 0x59, 0xCE, 0x59, 0xCE, 0x59, 0xCE, 0x59, 0xCE,
    0x59, 0xCE, 0x59, 0xCE, 0x59, 0xCE, 0x59, 0xCE, 0x59, 0xCE, 0x59, 0xCE, 0x59, 0xCE, 0x59, 0xCE,
    0x59, 0xCE, 0x59, 0xCE, 0x59, 0xCE, 0x59, 0xCE, 0x59, 0xCE, 0x59, 0xCE, 0x59, 0xCE, 0x59, 0xCE,
    0x59, 0xCE, 0x59, 0xCE, 0x59, 0xCE, 0x59, 0xCE, 0x59, 0xCE, 0x59, 0xCE, 0x59, 0xCE, 0x59, 0xCE,
    0x59, 0xCE, 0x59, 0xCE, 0xC7, 0x39, 0xFB, 0xDE, 0x1C, 0xE7, 0x3C, 0xE7, 0x5D, 0xEF, 0x7D, 0xEF,
    0xDB, 0xDE, 0xDB, 0xDE, 0xDB, 0xDE, 0xDB, 0xDE, 0xDB, 0xDE, 0xDB, 0xDE, 0xDB, 0xDE, 0xDB, 0xDE,
    0xDB, 0xDE, 0xDB, 0xDE, 0xFB, 0xDE, 0xFB, 0xDE, 0xFB, 0xDE, 0xFB, 0xDE, 0xFB, 0xDE, 0xFB, 0xDE,
    0xFB, 0xDE, 0xFB, 0xDE, 0xFB, 0xDE, 0xFB, 0xDE, 0xFB, 0xDE, 0xFB, 0xDE, 0xFB, 0xDE, 0xFB, 0xDE,
    0xBE, 0xF7, 0xFF, 0xFF, 0xFF, 0xFF, 0xFF, 0xFF, 0xFF, 0xFF, 0xFF, 0xFF, 0x08, 0x42, 0x00, 0x00,
    0x7D, 0xEF, 0xFF, 0xFF, 0x9A, 0xCE, 0x08, 0x42, 0x82, 0x10, 0x00, 0x00, 0x00, 0x00, 0x00, 0x00,
    0x00, 0x00, 0x00, 0x00, 0x00, 0x00, 0x00, 0x00, 0x00, 0x00, 0x00, 0x00, 0x00, 0x00, 0x00, 0x00,
    0x8A, 0x52, 0x7D, 0xEF, 0xFF, 0xFF, 0x0C, 0x5B, 0x00, 0x00, 0x00, 0x00, 0x00, 0x00, 0x82, 0x10,
    0x04, 0x21, 0x82, 0x10, 0x00, 0x00, 0x00, 0x00, 0x00, 0x00, 0x04, 0x21, 0x7D, 0xEF, 0xFF, 0xFF,
    0xFF, 0xFF, 0xFF, 0xFF, 0xFF, 0xFF, 0xFF, 0xFF, 0xFF, 0xFF, 0xFF, 0xFF, 0xFF, 0xFF, 0xFF, 0xFF,
    0x18, 0xBE, 0x92, 0x8C, 0x0C, 0x63, 0x0C, 0x63, 0x8E, 0x73, 0x14, 0x9D, 0xFF, 0xFF, 0xFF, 0xFF,
    0xFF, 0xFF, 0xFF, 0xFF, 0xFF, 0xFF, 0xFF, 0xFF, 0xFF, 0xFF, 0xFF, 0xFF, 0xBF, 0xFF, 0x3F, 0xCE,
    0x3F, 0x52, 0x1F, 0x6B, 0x5F, 0x52, 0x9F, 0x20, 0x9F, 0x20, 0x9F, 0x20, 0x9F, 0x20, 0x9F, 0x20,
    0xBF, 0x28, 0x1F, 0xC6, 0xFF, 0xFF, 0x1F, 0xE7, 0x9F, 0x41, 0x9F, 0x20, 0x9F, 0x20, 0x9F, 0x20,
    0xBF, 0x62, 0xFF, 0xFF, 0xFF, 0xFF, 0x5F, 0x94, 0xDF, 0x28, 0x9F, 0x20, 0x9F, 0x20, 0x9F, 0x20,
    0xBF, 0xBD, 0xFF, 0xFF, 0xFF, 0xFF, 0xFF, 0xFF, 0xBF, 0xFF, 0x5F, 0xCE, 0x3F, 0x52, 0xDF, 0x62,
    0x7F, 0x5A, 0x9F, 0x20, 0x9F, 0x20, 0x9F, 0x20, 0x9F, 0x20, 0x9F, 0x20, 0xBF, 0x28, 0xFF, 0xC5,
    0xFF, 0xFF, 0xFF, 0xFF, 0xFF, 0xFF, 0xFF, 0xFF, 0xFF, 0xFF, 0xDF, 0xFF, 0xDF, 0xFF, 0xDF, 0xFF,
    0xDF, 0xFF, 0xFF, 0xFF, 0xFF, 0xFF, 0xFF, 0xFF, 0xFF, 0xFF, 0xFF, 0xFF, 0xFF, 0xFF, 0xFF, 0xFF,
    0xFF, 0xFF, 0xFF, 0xFF, 0xFF, 0xFF, 0xFF, 0xFF, 0xFF, 0xFF, 0xFF, 0xFF, 0xFF, 0xFF, 0xFF, 0xFF,
    0xFF, 0xFF, 0xFF, 0xFF, 0xFF, 0xFF, 0x24, 0x21, 0x24, 0x21, 0x24, 0x21, 0x24, 0x21, 0x24, 0x21,
    0x24, 0x21, 0x24, 0x21, 0x24, 0x21, 0x24, 0x21, 0x45, 0x29, 0x3C, 0xE7, 0x14, 0xA5, 0x24, 0x21,
    0x69, 0x4A, 0x9E, 0xF7, 0xFF, 0xFF, 0xFF, 0xFF, 0xFF, 0xFF, 0xFF, 0xFF, 0x59, 0xCE, 0x24, 0x21,
    0x24, 0x21, 0x24, 0x21, 0x24, 0x21, 0x08, 0x42, 0x3C, 0xE7, 0xFF, 0xFF, 0xFF, 0xFF, 0xFF, 0xFF,
    0xFF, 0xFF, 0xFF, 0xFF, 0xFF, 0xFF, 0xFF, 0xFF, 0xFF, 0xFF, 0x3C, 0xE7, 0x45, 0x29, 0x24, 0x21,
    0x14, 0xA5, 0x3C, 0xE7, 0x24, 0x21, 0x24, 0x21, 0x24, 0x21, 0x24, 0x21, 0x24, 0x21, 0x24, 0x21,
    0x24, 0x21, 0x24, 0x21, 0x24, 0x21, 0x24, 0x21, 0x59, 0xCE, 0x59, 0xCE, 0x59, 0xCE, 0x59, 0xCE,
    0x59, 0xCE, 0x59, 0xCE, 0x59, 0xCE, 0x59, 0xCE, 0x59, 0xCE, 0x59, 0xCE, 0x59, 0xCE, 0x59, 0xCE,
    0x59, 0xCE, 0x59, 0xCE, 0x59, 0xCE, 0x59, 0xCE, 0x59, 0xCE, 0x59, 0xCE, 0x59, 0xCE, 0x59, 0xCE,
    0x59, 0xCE, 0x59, 0xCE, 0x59, 0xCE, 0x59, 0xCE, 0x59, 0xCE, 0x59, 0xCE, 0x59, 0xCE, 0x59, 0xCE,
    0x59, 0xCE, 0x59, 0xCE, 0x59, 0xCE, 0x59, 0xCE, 0x59, 0xCE, 0x59, 0xCE, 0x59, 0xCE, 0x59, 0xCE,
    0x59, 0xCE, 0x59, 0xCE, 0x59, 0xCE, 0x59, 0xCE, 0x59, 0xCE, 0x59, 0xCE, 0x59, 0xCE, 0x59, 0xCE,
    0x59, 0xCE, 0x59, 0xCE, 0x59, 0xCE, 0x59, 0xCE, 0x59, 0xCE, 0x59, 0xCE, 0x59, 0xCE, 0x59, 0xCE,
    0x59, 0xCE, 0x59, 0xCE, 0x59, 0xCE, 0x59, 0xCE, 0x59, 0xCE, 0x59, 0xCE, 0x59, 0xCE, 0x59, 0xCE,
    0x59, 0xCE, 0x59, 0xCE, 0x59, 0xCE, 0x59, 0xCE, 0x59, 0xCE, 0x59, 0xCE, 0x59, 0xCE, 0x59, 0xCE,
    0x59, 0xCE, 0x59, 0xCE, 0x59, 0xCE, 0x59, 0xCE, 0x59, 0xCE, 0x59, 0xCE, 0x59, 0xCE, 0x59, 0xCE,
    0x59, 0xCE, 0x59, 0xCE, 0x59, 0xCE, 0x59, 0xCE, 0x59, 0xCE, 0x59, 0xCE, 0x59, 0xCE, 0x59, 0xCE,
    0x59, 0xCE, 0x59, 0xCE, 0x59, 0xCE, 0x59, 0xCE, 0x59, 0xCE, 0x59, 0xCE, 0x59, 0xCE, 0x59, 0xCE,
    0x59, 0xCE, 0x59, 0xCE, 0x59, 0xCE, 0x59, 0xCE, 0x59, 0xCE, 0x59, 0xCE, 0x59, 0xCE, 0x59, 0xCE,
    0x59, 0xCE, 0x59, 0xCE, 0x59, 0xCE, 0x59, 0xCE, 0x59, 0xCE, 0x59, 0xCE, 0x59, 0xCE, 0x59, 0xCE,
    0x59, 0xCE, 0x59, 0xCE, 0xC7, 0x39, 0xFB, 0xDE, 0x1C, 0xE7, 0x3C, 0xE7, 0x5D, 0xEF, 0x7D, 0xEF,
    0xDB, 0xDE, 0xDB, 0xDE, 0xDB, 0xDE, 0xDB, 0xDE, 0xDB, 0xDE, 0xDB, 0xDE, 0xDB, 0xDE, 0xDB, 0xDE,
    0xDB, 0xDE, 0xDB, 0xDE, 0xDB, 0xDE, 0xDB, 0xDE, 0xDB, 0xDE, 0xFB, 0xDE, 0xFB, 0xDE, 0xFB, 0xDE,
    0xFB, 0xDE, 0xFB, 0xDE, 0xFB, 0xDE, 0xFB, 0xDE, 0xFB, 0xDE, 0xFB, 0xDE, 0xFB, 0xDE, 0xFB, 0xDE,
    0xDF, 0xFF, 0xFF, 0xFF, 0xFF, 0xFF, 0xFF, 0xFF, 0xFF, 0xFF, 0xFF, 0xFF, 0x0C, 0x5B, 0x00, 0x00,
    0x1C, 0xE7, 0xFF, 0xFF, 0xFF, 0xFF, 0xFF, 0xFF, 0x0C, 0x5B, 0x00, 0x00, 0x00, 0x00, 0x0C, 0x63,
    0x10, 0x7C, 0x0C, 0x63, 0x8A, 0x52, 0x08, 0x42, 0x86, 0x31, 0x04, 0x21, 0x00, 0x00, 0x00, 0x00,
    0x04, 0x21, 0xFF, 0xFF, 0xFF, 0xFF, 0x0C, 0x5B, 0x00, 0x00, 0x86, 0x31, 0x9A, 0xCE, 0xFF, 0xFF,
    0xFF, 0xFF, 0xFF, 0xFF, 0xFB, 0xDE, 0x10, 0x7C, 0x00, 0x00, 0x00, 0x00, 0x10, 0x7C, 0xFF, 0xFF,
    0xFF, 0xFF, 0xFF, 0xFF, 0xFF, 0xFF, 0xFF, 0xFF, 0xFF, 0xFF, 0xFF, 0xFF, 0x18, 0xBE, 0x04, 0x21,
    0x00, 0x00, 0x00, 0x00, 0x00, 0x00, 0x00, 0x00, 0x00, 0x00, 0x00, 0x00, 0x04, 0x21, 0x1C, 0xDF,
    0xFF, 0xFF, 0xFF, 0xFF, 0xFF, 0xFF, 0xFF, 0xFF, 0xFF, 0xFF, 0xDF, 0xDE, 0x5F, 0x39, 0xBF, 0x20,
    0x9F, 0x20, 0xFF, 0xA4, 0xFF, 0xFF, 0x9F, 0xD6, 0x5F, 0x94, 0x3F, 0x39, 0x9F, 0x20, 0x9F, 0x20,
    0xFF, 0x28, 0x7F, 0xF7, 0xFF, 0xFF, 0xFF, 0xFF, 0xBF, 0xF7, 0xDF, 0x28, 0x9F, 0x20, 0x9F, 0x20,
    0xDF, 0x62, 0xFF, 0xFF, 0xFF, 0xFF, 0xFF, 0xFF, 0x3F, 0x8C, 0x9F, 0x20, 0x9F, 0x20, 0x9F, 0x20,
    0xDF, 0xBD, 0xFF, 0xFF, 0xFF, 0xFF, 0xDF, 0xDE, 0x5F, 0x39, 0xBF, 0x20, 0x9F, 0x20, 0x9F, 0x9C,
    0xFF, 0xFF, 0x9F, 0xD6, 0x7F, 0x94, 0x3F, 0x31, 0x9F, 0x20, 0x9F, 0x20, 0xFF, 0x28, 0x7F, 0xEF,
    0xFF, 0xFF, 0xFF, 0xFF, 0xFF, 0xFF, 0xFF, 0xFF, 0xFF, 0xFF, 0xDF, 0xFF, 0xDF, 0xFF, 0xFF, 0xFF,
    0xDF, 0xFF, 0xFF, 0xFF, 0xFF, 0xFF, 0xFF, 0xFF, 0xFF, 0xFF, 0xFF, 0xFF, 0xFF, 0xFF, 0xFF, 0xFF,
    0xFF, 0xFF, 0xFF, 0xFF, 0xFF, 0xFF, 0xFF, 0xFF, 0xFF, 0xFF, 0xFF, 0xFF, 0xFF, 0xFF, 0xFF, 0xFF,
    0xFF, 0xFF, 0xFF, 0xFF, 0xFF, 0xFF, 0x24, 0x21, 0x24, 0x21, 0x24, 0x21, 0x24, 0x21, 0x24, 0x21,
    0x24, 0x21, 0x24, 0x21, 0x24, 0x21, 0x45, 0x29, 0xCF, 0x7B, 0x3C, 0xE7, 0xA6, 0x31, 0xA6, 0x31,
    0x3C, 0xE7, 0xFF, 0xFF, 0xFF, 0xFF, 0xFF, 0xFF, 0xFF, 0xFF, 0xFF, 0xFF, 0xFF, 0xFF, 0xA6, 0x31,
    0x24, 0x21, 0x24, 0x21, 0x45, 0x29, 0xCF, 0x7B, 0xFF, 0xFF, 0xFF, 0xFF, 0xFF, 0xFF, 0xFF, 0xFF,
    0xFF, 0xFF, 0xFF, 0xFF, 0xFF, 0xFF, 0xFF, 0xFF, 0xFF, 0xFF, 0xFF, 0xFF, 0x8A, 0x52, 0x45, 0x29,
    0xA6, 0x31, 0x9E, 0xF7, 0xB2, 0x94, 0x24, 0x21, 0x24, 0x21, 0x24, 0x21, 0x24, 0x21, 0x24, 0x21,
    0x24, 0x21, 0x24, 0x21, 0x24, 0x21, 0x24, 0x21, 0x59, 0xCE, 0x59, 0xCE, 0x59, 0xCE, 0x59, 0xCE,
    0x59, 0xCE, 0x59, 0xCE, 0x59, 0xCE, 0x59, 0xCE, 0x59, 0xCE, 0x59, 0xCE, 0x59, 0xCE, 0x59, 0xCE,
    0x59, 0xCE, 0x59, 0xCE, 0x59, 0xCE, 0x59, 0xCE, 0x59, 0xCE, 0x59, 0xCE, 0x59, 0xCE, 0x59, 0xCE,
    0x59, 0xCE, 0x59, 0xCE, 0x59, 0xCE, 0x59, 0xCE, 0x59, 0xCE, 0x59, 0xCE, 0x59, 0xCE, 0x59, 0xCE,
    0x59, 0xCE, 0x59, 0xCE, 0x59, 0xCE, 0x59, 0xCE, 0x59, 0xCE, 0x59, 0xCE, 0x59, 0xCE, 0x59, 0xCE,
    0x59, 0xCE, 0x59, 0xCE, 0x59, 0xCE, 0x59, 0xCE, 0x59, 0xCE, 0x59, 0xCE, 0x59, 0xCE, 0x59, 0xCE,
    0x59, 0xCE, 0x59, 0xCE, 0x59, 0xCE, 0x59, 0xCE, 0x59, 0xCE, 0x59, 0xCE, 0x59, 0xCE, 0x59, 0xCE,
    0x59, 0xCE, 0x59, 0xCE, 0x59, 0xCE, 0x59, 0xCE, 0x59, 0xCE, 0x59, 0xCE, 0x59, 0xCE, 0x59, 0xCE,
    0x59, 0xCE, 0x59, 0xCE, 0x59, 0xCE, 0x59, 0xCE, 0x59, 0xCE, 0x59, 0xCE, 0x59, 0xCE, 0x59, 0xCE,
    0x59, 0xCE, 0x59, 0xCE, 0x59, 0xCE, 0x59, 0xCE, 0x59, 0xCE, 0x59, 0xCE, 0x59, 0xCE, 0x59, 0xCE,
    0x59, 0xCE, 0x59, 0xCE, 0x59, 0xCE, 0x59, 0xCE, 0x59, 0xCE, 0x59, 0xCE, 0x59, 0xCE, 0x59, 0xCE,
    0x59, 0xCE, 0x59, 0xCE, 0x59, 0xCE, 0x59, 0xCE, 0x59, 0xCE, 0x59, 0xCE, 0x59, 0xCE, 0x59, 0xCE,
    0x59, 0xCE, 0x59, 0xCE, 0x59, 0xCE, 0x59, 0xCE, 0x59, 0xCE, 0x59, 0xCE, 0x59, 0xCE, 0x59, 0xCE,
    0x59, 0xCE, 0x59, 0xCE, 0x59, 0xCE, 0x59, 0xCE, 0x59, 0xCE, 0x59, 0xCE, 0x59, 0xCE, 0x59, 0xCE,
    0x59, 0xCE, 0x59, 0xCE, 0xC7, 0x39, 0x1C, 0xDF, 0x1C, 0xE7, 0x3C, 0xE7, 0x5D, 0xEF, 0x7D, 0xEF,
    0xDB, 0xDE, 0xDB, 0xDE, 0xDB, 0xDE, 0xDB, 0xDE, 0xDB, 0xDE, 0xDB, 0xDE, 0xDB, 0xDE, 0xDB, 0xDE,
    0xDB, 0xDE, 0xDB, 0xDE, 0xDB, 0xDE, 0xDB, 0xDE, 0xDB, 0xDE, 0xDB, 0xDE, 0xDB, 0xDE, 0xFB, 0xDE,
    0xFB, 0xDE, 0xFB, 0xDE, 0xFB, 0xDE, 0xFB, 0xDE, 0xFB, 0xDE, 0xFB, 0xDE, 0xFB, 0xDE, 0x7D, 0xEF,
    0xFF, 0xFF, 0xFF, 0xFF, 0xFF, 0xFF, 0xFF, 0xFF, 0xFF, 0xFF, 0xFF, 0xFF, 0x8E, 0x6B, 0x00, 0x00,
    0x18, 0xBE, 0xFF, 0xFF, 0xFF, 0xFF, 0xFF, 0xFF, 0x0C, 0x5B, 0x00, 0x00, 0x00, 0x00, 0x79, 0xCE,
    0xFF, 0xFF, 0xFF, 0xFF, 0xFF, 0xFF, 0xFF, 0xFF, 0xFF, 0xFF, 0xFF, 0xFF, 0xFF, 0xFF, 0xFF, 0xFF,
    0xFF, 0xFF, 0xFF, 0xFF, 0xFF, 0xFF, 0x8A, 0x52, 0x00, 0x00, 0x10, 0x7C, 0xFF, 0xFF, 0xFF, 0xFF,
    0xFF, 0xFF, 0xFF, 0xFF, 0xFF, 0xFF, 0xFF, 0xFF, 0x8E, 0x6B, 0x00, 0x00, 0x0C, 0x63, 0xFF, 0xFF,
    0xFF, 0xFF, 0xFF, 0xFF, 0xFF, 0xFF, 0xFF, 0xFF, 0xFF, 0xFF, 0xFB, 0xDE, 0x00, 0x00, 0x00, 0x00,
    0x00, 0x00, 0x08, 0x42, 0x8E, 0x6B, 0x10, 0x7C, 0x0C, 0x5B, 0x04, 0x21, 0x00, 0x00, 0x04, 0x21,
    0x7D, 0xEF, 0xFF, 0xFF, 0xFF, 0xFF, 0xFF, 0xFF, 0xFF, 0xFF, 0xDF, 0xA4, 0xBF, 0x28, 0x9F, 0x20,
    0x9F, 0x20, 0xFF, 0xA4, 0xFF, 0xFF, 0xFF, 0xFF, 0xFF, 0xFF, 0xFF, 0x6A, 0x9F, 0x20, 0x9F, 0x20,
    0xFF, 0x28, 0x7F, 0xF7, 0xFF, 0xFF, 0xFF, 0xFF, 0xFF, 0xFF, 0xFF, 0x28, 0x9F, 0x20, 0x9F, 0x20,
    0xDF, 0x6A, 0xFF, 0xFF, 0xFF, 0xFF, 0xFF, 0xFF, 0x7F, 0x9C, 0x9F, 0x20, 0x9F, 0x20, 0x9F, 0x20,
    0xDF, 0xC5, 0xFF, 0xFF, 0xFF, 0xFF, 0x9F, 0xD6, 0x9F, 0x20, 0x9F, 0x20, 0x9F, 0x20, 0x9F, 0x9C,
    0xFF, 0xFF, 0xFF, 0xFF, 0xFF, 0xFF, 0x9F, 0x7B, 0x9F, 0x20, 0x9F, 0x20, 0xBF, 0x28, 0x1F, 0xCE,
    0xFF, 0xFF, 0xFF, 0xFF, 0xFF, 0xFF, 0xFF, 0xFF, 0xDF, 0xFF, 0xDF, 0xFF, 0xDF, 0xFF, 0xDF, 0xFF,
    0xDF, 0xFF, 0xFF, 0xFF, 0xFF, 0xFF, 0xFF, 0xFF, 0xFF, 0xFF, 0xFF, 0xFF, 0xFF, 0xFF, 0xFF, 0xFF,
    0xFF, 0xFF, 0xFF, 0xFF, 0xFF, 0xFF, 0xFF, 0xFF, 0xFF, 0xFF, 0xFF, 0xFF, 0xFF, 0xFF, 0xFF, 0xFF,
    0xFF, 0xFF, 0xFF, 0xFF, 0xFF, 0xFF, 0x24, 0x21, 0x24, 0x21, 0x24, 0x21, 0x24, 0x21, 0x24, 0x21,
    0x24, 0x21, 0x24, 0x21, 0x24, 0x21, 0x45, 0x29, 0x3C, 0xE7, 0xAE, 0x73, 0x45, 0x29, 0xCF, 0x7B,
    0xFF, 0xFF, 0xFF, 0xFF, 0xFF, 0xFF, 0xFF, 0xFF, 0xFF, 0xFF, 0xFF, 0xFF, 0xFF, 0xFF, 0x28, 0x42,
    0x45, 0x29, 0x45, 0x29, 0x45, 0x29, 0x59, 0xCE, 0xFF, 0xFF, 0xFF, 0xFF, 0xFF, 0xFF, 0xFF, 0xFF,
    0xFF, 0xFF, 0xFF, 0xFF, 0xFF, 0xFF, 0xFF, 0xFF, 0xFF, 0xFF, 0xFF, 0xFF, 0x0C, 0x63, 0x45, 0x29,
    0x24, 0x21, 0x30, 0x84, 0x9E, 0xF7, 0xA6, 0x31, 0x24, 0x21, 0x24, 0x21, 0x24, 0x21, 0x24, 0x21,
    0x24, 0x21, 0x24, 0x21, 0x24, 0x21, 0x24, 0x21, 0x59, 0xCE, 0x59, 0xCE, 0x59, 0xCE, 0x59, 0xCE,
    0x59, 0xCE, 0x59, 0xCE, 0x59, 0xCE, 0x55, 0xAD, 0x45, 0x29, 0x04, 0x21, 0x04, 0x21, 0x04, 0x21,
    0x04, 0x21, 0x04, 0x21, 0x04, 0x21, 0x04, 0x21, 0x04, 0x21, 0x04, 0x21, 0x04, 0x21, 0x04, 0x21,
    0x04, 0x21, 0x04, 0x21, 0x04, 0x21, 0xA6, 0x31, 0x55, 0xAD, 0x59, 0xCE, 0x59, 0xCE, 0x59, 0xCE,
    0x59, 0xCE, 0x59, 0xCE, 0x59, 0xCE, 0x59, 0xCE, 0x59, 0xCE, 0x59, 0xCE, 0x59, 0xCE, 0x59, 0xCE,
    0x59, 0xCE, 0x59, 0xCE, 0x59, 0xCE, 0x59, 0xCE, 0x59, 0xCE, 0x59, 0xCE, 0x59, 0xCE, 0x59, 0xCE,
    0x59, 0xCE, 0x59, 0xCE, 0x59, 0xCE, 0x59, 0xCE, 0x59, 0xCE, 0x59, 0xCE, 0x59, 0xCE, 0x59, 0xCE,
    0x59, 0xCE, 0x59, 0xCE, 0x59, 0xCE, 0x59, 0xCE, 0x59, 0xCE, 0x59, 0xCE, 0x59, 0xCE, 0x59, 0xCE,
    0x59, 0xCE, 0x59, 0xCE, 0x59, 0xCE, 0x59, 0xCE, 0x59, 0xCE, 0x59, 0xCE, 0x59, 0xCE, 0x59, 0xCE,
    0x59, 0xCE, 0x59, 0xCE, 0x59, 0xCE, 0x59, 0xCE, 0x59, 0xCE, 0x59, 0xCE, 0x59, 0xCE, 0x59, 0xCE,
    0x59, 0xCE, 0x59, 0xCE, 0x59, 0xCE, 0x59, 0xCE, 0x59, 0xCE, 0x59, 0xCE, 0x59, 0xCE, 0x59, 0xCE,
    0x59, 0xCE, 0x59, 0xCE, 0x59, 0xCE, 0x59, 0xCE, 0x59, 0xCE, 0x59, 0xCE, 0x59, 0xCE, 0x59, 0xCE,
    0x59, 0xCE, 0x59, 0xCE, 0x59, 0xCE, 0x59, 0xCE, 0x59, 0xCE, 0x59, 0xCE, 0x59, 0xCE, 0x59, 0xCE,
    0x59, 0xCE, 0x59, 0xCE, 0x59, 0xCE, 0x59, 0xCE, 0x59, 0xCE, 0x59, 0xCE, 0x59, 0xCE, 0x59, 0xCE,
    0x59, 0xCE, 0x59, 0xCE, 0xC7, 0x39, 0xFB, 0xDE, 0x1C, 0xE7, 0x3C, 0xE7, 0x5D, 0xEF, 0x7D, 0xEF,
    0xDB, 0xDE, 0xDB, 0xDE, 0xDB, 0xDE, 0xDB, 0xDE, 0xDB, 0xDE, 0xDB, 0xDE, 0xDB, 0xDE, 0xDB, 0xDE,
    0xDB, 0xDE, 0xDB, 0xDE, 0xDB, 0xDE, 0xDB, 0xDE, 0xDB, 0xDE, 0xDB, 0xDE, 0xDB, 0xDE, 0x1C, 0xE7,
    0x7D, 0xEF, 0x9E, 0xF7, 0x9E, 0xF7, 0x3C, 0xE7, 0xFB, 0xDE, 0xFB, 0xDE, 0x7D, 0xEF, 0xFF, 0xFF,
    0xFF, 0xFF, 0xFF, 0xFF, 0xFF, 0xFF, 0xFF, 0xFF, 0xFF, 0xFF, 0xFF, 0xFF, 0x92, 0x8C, 0x00, 0x00,
    0x14, 0x9D, 0xFF, 0xFF, 0xFF, 0xFF, 0xFF, 0xFF, 0x10, 0x7C, 0x00, 0x00, 0x00, 0x00, 0xFF, 0xFF,
    0xFF, 0xFF, 0xFF, 0xFF, 0xFF, 0xFF, 0xFF, 0xFF, 0xFF, 0xFF, 0xFF, 0xFF, 0xFF, 0xFF, 0xFF, 0xFF,
    0xFF, 0xFF, 0xFF, 0xFF, 0xFF, 0xFF, 0x08, 0x42, 0x00, 0x00, 0x10, 0x7C, 0xFF, 0xFF, 0xFF, 0xFF,
    0xFF, 0xFF, 0xFF, 0xFF, 0xFF, 0xFF, 0xFF, 0xFF, 0x0C, 0x63, 0x00, 0x00, 0x8E, 0x6B, 0xFF, 0xFF,
    0xFF, 0xFF, 0xFF, 0xFF, 0xFF, 0xFF, 0xFF, 0xFF, 0xFF, 0xFF, 0xF3, 0x9C, 0x00, 0x00, 0x04, 0x21,
    0x18, 0xBE, 0xFF, 0xFF, 0xFF, 0xFF, 0xFF, 0xFF, 0xFF, 0xFF, 0xFB, 0xDE, 0x04, 0x21, 0x00, 0x00,
    0x10, 0x7C, 0xFF, 0xFF, 0xFF, 0xFF, 0xFF, 0xFF, 0xFF, 0xFF, 0xFF, 0xFF, 0x7F, 0xF7, 0xBF, 0x62,
    0x9F, 0x20, 0xDF, 0xA4, 0xFF, 0xFF, 0xFF, 0xFF, 0xFF, 0xFF, 0xFF, 0x6A, 0x9F, 0x20, 0x9F, 0x20,
    0xFF, 0x28, 0x7F, 0xF7, 0xFF, 0xFF, 0xFF, 0xFF, 0xFF, 0xFF, 0xFF, 0x28, 0x9F, 0x20, 0x9F, 0x20,
    0xFF, 0x6A, 0xFF, 0xFF, 0xFF, 0xFF, 0xFF, 0xFF, 0x7F, 0x9C, 0x9F, 0x20, 0x9F, 0x20, 0x9F, 0x20,
    0xFF, 0xC5, 0xFF, 0xFF, 0xFF, 0xFF, 0x9F, 0xD6, 0x9F, 0x20, 0x9F, 0x20, 0x9F, 0x20, 0x9F, 0x9C,
    0xFF, 0xFF, 0xFF, 0xFF, 0xFF, 0xFF, 0x5F, 0x73, 0x9F, 0x20, 0xDF, 0x83, 0x7F, 0xF7, 0xFF, 0xFF,
    0xFF, 0xFF, 0xFF, 0xFF, 0xFF, 0xFF, 0xFF, 0xFF, 0xDF, 0xFF, 0xDF, 0xFF, 0xDF, 0xFF, 0xFF, 0xFF,
    0xDF, 0xFF, 0xDF, 0xFF, 0xFF, 0xFF, 0xDF, 0xFF, 0xFF, 0xFF, 0xFF, 0xFF, 0xFF, 0xFF, 0xFF, 0xFF,
    0xFF, 0xFF, 0xFF, 0xFF, 0xFF, 0xFF, 0xFF, 0xFF, 0xFF, 0xFF, 0xFF, 0xFF, 0xFF, 0xFF, 0xFF, 0xFF,
    0xFF, 0xFF, 0xFF, 0xFF, 0xFF, 0xFF, 0x24, 0x21, 0x24, 0x21, 0x24, 0x21, 0x24, 0x21, 0x24, 0x21,
    0x24, 0x21, 0x24, 0x21, 0x45, 0x29, 0xCF, 0x7B, 0x3C, 0xE7, 0x24, 0x21, 0x45, 0x29, 0xBA, 0xD6,
    0xFF, 0xFF, 0xFF, 0xFF, 0xFF, 0xFF, 0xFF, 0xFF, 0xFF, 0xFF, 0xFF, 0xFF, 0xFF, 0xFF, 0x0C, 0x63,
    0x45, 0x29, 0x45, 0x29, 0x65, 0x29, 0x9E, 0xF7, 0xFF, 0xFF, 0xFF, 0xFF, 0xFF, 0xFF, 0xFF, 0xFF,
    0xFF, 0xFF, 0xFF, 0xFF, 0xFF, 0xFF, 0xFF, 0xFF, 0xFF, 0xFF, 0x3C, 0xE7, 0x86, 0x31, 0x65, 0x29,
    0x45, 0x29, 0xA6, 0x31, 0x9E, 0xF7, 0x6D, 0x6B, 0x45, 0x29, 0x24, 0x21, 0x24, 0x21, 0x24, 0x21,
    0x24, 0x21, 0x24, 0x21, 0x24, 0x21, 0x24, 0x21, 0x59, 0xCE, 0x59, 0xCE, 0x59, 0xCE, 0x59, 0xCE,
    0x59, 0xCE, 0x59, 0xCE, 0x59, 0xCE, 0xA6, 0x31, 0x04, 0x21, 0x04, 0x21, 0x04, 0x21, 0x04, 0x21,
    0x04, 0x21, 0x04, 0x21, 0x04, 0x21, 0x04, 0x21, 0x04, 0x21, 0x04, 0x21, 0x04, 0x21, 0x04, 0x21,
    0x04, 0x21, 0x04, 0x21, 0x04, 0x21, 0x04, 0x21, 0x45, 0x29, 0x59, 0xCE, 0x59, 0xCE, 0x59, 0xCE,
    0x59, 0xCE, 0x59, 0xCE, 0x59, 0xCE, 0x59, 0xCE, 0x59, 0xCE, 0x59, 0xCE, 0x59, 0xCE, 0x59, 0xCE,
    0x59, 0xCE, 0x59, 0xCE, 0x59, 0xCE, 0x59, 0xCE, 0x59, 0xCE, 0x59, 0xCE, 0x59, 0xCE, 0x59, 0xCE,
    0x59, 0xCE, 0x59, 0xCE, 0x59, 0xCE, 0x59, 0xCE, 0x59, 0xCE, 0x59, 0xCE, 0x59, 0xCE, 0x59, 0xCE,
    0x59, 0xCE, 0x59, 0xCE, 0x59, 0xCE, 0x59, 0xCE, 0x59, 0xCE, 0x59, 0xCE, 0x59, 0xCE, 0x59, 0xCE,
    0x59, 0xCE, 0x59, 0xCE, 0x59, 0xCE, 0x59, 0xCE, 0x59, 0xCE, 0x59, 0xCE, 0x59, 0xCE, 0x59, 0xCE,
    0x59, 0xCE, 0x59, 0xCE, 0x59, 0xCE, 0x59, 0xCE, 0x59, 0xCE, 0x59, 0xCE, 0x59, 0xCE, 0x59, 0xCE,
    0x59, 0xCE, 0x59, 0xCE, 0x59, 0xCE, 0x59, 0xCE, 0x59, 0xCE, 0x59, 0xCE, 0x59, 0xCE, 0x59, 0xCE,
    0x59, 0xCE, 0x59, 0xCE, 0x59, 0xCE, 0x59, 0xCE, 0x59, 0xCE, 0x59, 0xCE, 0x59, 0xCE, 0x59, 0xCE,
    0x59, 0xCE, 0x59, 0xCE, 0x59, 0xCE, 0x59, 0xCE, 0x59, 0xCE, 0x59, 0xCE, 0x59, 0xCE, 0x59, 0xCE,
    0x59, 0xCE, 0x59, 0xCE, 0x59, 0xCE, 0x59, 0xCE, 0x59, 0xCE, 0x59, 0xCE, 0x59, 0xCE, 0x59, 0xCE,
    0x59, 0xCE, 0x59, 0xCE, 0xC7, 0x39, 0xFB, 0xDE, 0x1C, 0xE7, 0x3C, 0xE7, 0x5D, 0xEF, 0x7D, 0xEF,
    0xDB, 0xDE, 0xDB, 0xDE, 0xDB, 0xDE, 0xDB, 0xDE, 0xDB, 0xDE, 0xDB, 0xDE, 0xDB, 0xDE, 0xDB, 0xDE,
    0xDB, 0xDE, 0xDB, 0xDE, 0xDB, 0xDE, 0xDB, 0xDE, 0xDB, 0xDE, 0xDB, 0xDE, 0x5D, 0xEF, 0xFF, 0xFF,
    0xFF, 0xFF, 0xFF, 0xFF, 0xFF, 0xFF, 0xFF, 0xFF, 0xFF, 0xFF, 0xFF, 0xFF, 0xFF, 0xFF, 0xFF, 0xFF,
    0xFF, 0xFF, 0xFF, 0xFF, 0xFF, 0xFF, 0xFF, 0xFF, 0xFF, 0xFF, 0xFF, 0xFF, 0x96, 0xAD, 0x00, 0x00,
    0x8E, 0x6B, 0xFF, 0xFF, 0xFF, 0xFF, 0xFF, 0xFF, 0x10, 0x7C, 0x00, 0x00, 0x00, 0x00, 0xFF, 0xFF,
    0xFF, 0xFF, 0xFF, 0xFF, 0xFF, 0xFF, 0xFF, 0xFF, 0xFF, 0xFF, 0xFF, 0xFF, 0xFF, 0xFF, 0xFF, 0xFF,
    0xFF, 0xFF, 0xFF, 0xFF, 0xFF, 0xFF, 0x0C, 0x5B, 0x00, 0x00, 0x10, 0x7C, 0xFF, 0xFF, 0xFF, 0xFF,
    0xFF, 0xFF, 0xFF, 0xFF, 0xFF, 0xFF, 0xFB, 0xDE, 0x00, 0x00, 0x04, 0x21, 0x1C, 0xDF, 0xFF, 0xFF,
    0xFF, 0xFF, 0xFF, 0xFF, 0xFF, 0xFF, 0xFF, 0xFF, 0xFF, 0xFF, 0xF3, 0x9C, 0x00, 0x00, 0x0C, 0x63,
    0xFF, 0xFF, 0xFF, 0xFF, 0xFF, 0xFF, 0xFF, 0xFF, 0xFF, 0xFF, 0xFF, 0xFF, 0x18, 0xBE, 0x00, 0x00,
    0x82, 0x10, 0xFF, 0xFF, 0xFF, 0xFF, 0xFF, 0xFF, 0xFF, 0xFF, 0xFF, 0xFF, 0xFF, 0xFF, 0x3F, 0xE7,
    0x7F, 0x41, 0x7F, 0x94, 0xFF, 0xFF, 0xFF, 0xFF, 0xFF, 0xFF, 0xFF, 0x6A, 0x9F, 0x20, 0x9F, 0x20,
    0xFF, 0x28, 0x7F, 0xF7, 0xFF, 0xFF, 0xFF, 0xFF, 0xFF, 0xFF, 0xFF, 0x28, 0x9F, 0x20, 0x9F, 0x20,
    0xFF, 0x6A, 0xFF, 0xFF, 0xFF, 0xFF, 0xFF, 0xFF, 0x7F, 0x9C, 0x9F, 0x20, 0x9F, 0x20, 0x9F, 0x20,
    0xFF, 0xC5, 0xFF, 0xFF, 0xFF, 0xFF, 0x9F, 0xD6, 0x9F, 0x20, 0x9F, 0x20, 0x9F, 0x20, 0x9F, 0x9C,
    0xFF, 0xFF, 0xFF, 0xFF, 0xFF, 0xFF, 0x1F, 0x52, 0x1F, 0x8C, 0xFF, 0xFF, 0xFF, 0xFF, 0xFF, 0xFF,
    0xFF, 0xFF, 0xFF, 0xFF, 0xFF, 0xFF, 0xDF, 0xFF, 0xDF, 0xFF, 0xDF, 0xFF, 0xDF, 0xFF, 0xDF, 0xFF,
    0xDF, 0xFF, 0xDF, 0xFF, 0xFF, 0xFF, 0xDF, 0xFF, 0xFF, 0xFF, 0xFF, 0xFF, 0xFF, 0xFF, 0xFF, 0xFF,
    0xFF, 0xFF, 0xFF, 0xFF, 0xFF, 0xFF, 0xFF, 0xFF, 0xFF, 0xFF, 0xFF, 0xFF, 0xFF, 0xFF, 0xFF, 0xFF,
    0xFF, 0xFF, 0xFF, 0xFF, 0xFF, 0xFF, 0x24, 0x21, 0x24, 0x21, 0x24, 0x21, 0x24, 0x21, 0x24, 0x21,
    0x24, 0x21, 0x45, 0x29, 0x45, 0x29, 0xF7, 0xBD, 0x75, 0xAD, 0x45, 0x29, 0x65, 0x29, 0x3C, 0xE7,
    0xFF, 0xFF, 0xFF, 0xFF, 0xFF, 0xFF, 0xFF, 0xFF, 0xFF, 0xFF, 0xFF, 0xFF, 0xFF, 0xFF, 0xD3, 0x9C,
    0x65, 0x29, 0x65, 0x29, 0xE7, 0x39, 0xFF, 0xFF, 0xFF, 0xFF, 0xFF, 0xFF, 0xFF, 0xFF, 0xFF, 0xFF,
    0xFF, 0xFF, 0xFF, 0xFF, 0xFF, 0xFF, 0xBE, 0xF7, 0x9A, 0xD6, 0xCB, 0x5A, 0xA6, 0x31, 0x65, 0x29,
    0x45, 0x29, 0x24, 0x21, 0x14, 0xA5, 0x59, 0xCE, 0x45, 0x29, 0x24, 0x21, 0x24, 0x21, 0x24, 0x21,
    0x24, 0x21, 0x24, 0x21, 0x24, 0x21, 0x24, 0x21, 0x59, 0xCE, 0x59, 0xCE, 0x59, 0xCE, 0x59, 0xCE,
    0x59, 0xCE, 0x59, 0xCE, 0x59, 0xCE, 0x04, 0x21, 0x04, 0x21, 0x04, 0x21, 0x04, 0x21, 0x04, 0x21,
    0x04, 0x21, 0x04, 0x21, 0x04, 0x21, 0x04, 0x21, 0x04, 0x21, 0x04, 0x21, 0x04, 0x21, 0x04, 0x21,
    0x04, 0x21, 0x04, 0x21, 0x04, 0x21, 0x04, 0x21, 0x04, 0x21, 0x59, 0xCE, 0x59, 0xCE, 0x59, 0xCE,
    0x59, 0xCE, 0x59, 0xCE, 0x59, 0xCE, 0x59, 0xCE, 0x59, 0xCE, 0x59, 0xCE, 0x59, 0xCE, 0x59, 0xCE,
    0x59, 0xCE, 0x59, 0xCE, 0x59, 0xCE, 0x59, 0xCE, 0x59, 0xCE, 0x59, 0xCE, 0x59, 0xCE, 0x59, 0xCE,
    0x59, 0xCE, 0x59, 0xCE, 0x59, 0xCE, 0x59, 0xCE, 0x59, 0xCE, 0x59, 0xCE, 0x59, 0xCE, 0x59, 0xCE,
    0x59, 0xCE, 0x59, 0xCE, 0x59, 0xCE, 0x59, 0xCE, 0x59, 0xCE, 0x59, 0xCE, 0x59, 0xCE, 0x59, 0xCE,
    0x59, 0xCE, 0x59, 0xCE, 0x59, 0xCE, 0x59, 0xCE, 0x59, 0xCE, 0x59, 0xCE, 0x59, 0xCE, 0x59, 0xCE,
    0x59, 0xCE, 0x59, 0xCE, 0x59, 0xCE, 0x59, 0xCE, 0x59, 0xCE, 0x59, 0xCE, 0x59, 0xCE, 0x59, 0xCE,
    0x59, 0xCE, 0x59, 0xCE, 0x59, 0xCE, 0x59, 0xCE, 0x59, 0xCE, 0x59, 0xCE, 0x59, 0xCE, 0x59, 0xCE,
    0x59, 0xCE, 0x59, 0xCE, 0x59, 0xCE, 0x59, 0xCE, 0x59, 0xCE, 0x59, 0xCE, 0x59, 0xCE, 0x59, 0xCE,
    0x59, 0xCE, 0x59, 0xCE, 0x59, 0xCE, 0x59, 0xCE, 0x59, 0xCE, 0x59, 0xCE, 0x59, 0xCE, 0x59, 0xCE,
    0x59, 0xCE, 0x59, 0xCE, 0x59, 0xCE, 0x59, 0xCE, 0x59, 0xCE, 0x59, 0xCE, 0x59, 0xCE, 0x59, 0xCE,
    0x59, 0xCE, 0x59, 0xCE, 0xC7, 0x39, 0x1C, 0xDF, 0x1C, 0xE7, 0x3C, 0xE7, 0x5D, 0xEF, 0x7D, 0xEF,
    0xBA, 0xD6, 0xBA, 0xD6, 0xDB, 0xDE, 0xDB, 0xDE, 0xDB, 0xDE, 0xDB, 0xDE, 0xDB, 0xDE, 0xDB, 0xDE,
    0xDB, 0xDE, 0xDB, 0xDE, 0xDB, 0xDE, 0xDB, 0xDE, 0xDB, 0xDE, 0xFB, 0xDE, 0xFF, 0xFF, 0xFF, 0xFF,
    0xFF, 0xFF, 0xFF, 0xFF, 0xFF, 0xFF, 0xFF, 0xFF, 0xFF, 0xFF, 0xFF, 0xFF, 0xFF, 0xFF, 0xFF, 0xFF,
    0xFF, 0xFF, 0xFF, 0xFF, 0xFF, 0xFF, 0xFF, 0xFF, 0xFF, 0xFF, 0xFF, 0xFF, 0xFB, 0xDE, 0x00, 0x00,
    0x86, 0x31, 0xFF, 0xFF, 0xFF, 0xFF, 0xFF, 0xFF, 0xF3, 0x9C, 0x00, 0x00, 0x04, 0x21, 0xFF, 0xFF,
    0xFF, 0xFF, 0xFF, 0xFF, 0xFF, 0xFF, 0xFF, 0xFF, 0xFF, 0xFF, 0xFF, 0xFF, 0xFF, 0xFF, 0xFF, 0xFF,
    0xFF, 0xFF, 0xFF, 0xFF, 0xFF, 0xFF, 0x0C, 0x5B, 0x00, 0x00, 0x14, 0x9D, 0xFF, 0xFF, 0xFF, 0xFF,
    0xFF, 0xFF, 0xFF, 0xFF, 0xFB, 0xDE, 0x04, 0x21, 0x82, 0x10, 0x9A, 0xCE, 0xFF, 0xFF, 0xFF, 0xFF,
    0xFF, 0xFF, 0xFF, 0xFF, 0xFF, 0xFF, 0xFF, 0xFF, 0xFF, 0xFF, 0x9A, 0xCE, 0x00, 0x00, 0x0C, 0x63,
    0xFF, 0xFF, 0xFF, 0xFF, 0xFF, 0xFF, 0xFF, 0xFF, 0xFF, 0xFF, 0xFF, 0xFF, 0xFF, 0xFF, 0x82, 0x10,
    0x00, 0x00, 0x79, 0xCE, 0xFF, 0xFF, 0xFF, 0xFF, 0xFF, 0xFF, 0xFF, 0xFF, 0xFF, 0xFF, 0xFF, 0xFF,
    0xFF, 0xDE, 0xFF, 0x6A, 0xFF, 0xFF, 0xFF, 0xFF, 0xFF, 0xFF, 0xFF, 0x6A, 0x9F, 0x20, 0x9F, 0x20,
    0xFF, 0x28, 0x7F, 0xEF, 0xFF, 0xFF, 0xFF, 0xFF, 0xFF, 0xFF, 0xFF, 0x28, 0x9F, 0x20, 0x9F, 0x20,
    0x1F, 0x6B, 0xFF, 0xFF, 0xFF, 0xFF, 0xFF, 0xFF, 0x7F, 0x9C, 0x9F, 0x20, 0x9F, 0x20, 0x9F, 0x20,
    0xFF, 0xC5, 0xFF, 0xFF, 0xFF, 0xFF, 0x9F, 0xD6, 0x9F, 0x20, 0x9F, 0x20, 0x9F, 0x20, 0x9F, 0x9C,
    0xFF, 0xFF, 0xFF, 0xFF, 0x7F, 0xB5, 0x5F, 0x73, 0xFF, 0xFF, 0xFF, 0xFF, 0xFF, 0xFF, 0xFF, 0xFF,
    0xFF, 0xFF, 0xFF, 0xFF, 0xFF, 0xFF, 0xDF, 0xFF, 0xDF, 0xFF, 0xDF, 0xFF, 0xDF, 0xFF, 0xDF, 0xFF,
    0xDF, 0xFF, 0xDF, 0xFF, 0xDF, 0xFF, 0xFF, 0xFF, 0xFF, 0xFF, 0xFF, 0xFF, 0xFF, 0xFF, 0xFF, 0xFF,
    0xFF, 0xFF, 0xFF, 0xFF, 0xFF, 0xFF, 0xFF, 0xFF, 0xFF, 0xFF, 0xFF, 0xFF, 0xFF, 0xFF, 0xFF, 0xFF,
    0xFF, 0xFF, 0xFF, 0xFF, 0xFF, 0xFF, 0x24, 0x21, 0x24, 0x21, 0x24, 0x21, 0x24, 0x21, 0x24, 0x21,
    0x24, 0x21, 0x45, 0x29, 0x65, 0x29, 0x9E, 0xF7, 0xEB, 0x5A, 0x45, 0x29, 0x86, 0x31, 0x79, 0xCE,
    0xFF, 0xFF, 0xFF, 0xFF, 0xFF, 0xFF, 0xFF, 0xFF, 0xFF, 0xFF, 0xFF, 0xFF, 0xFF, 0xFF, 0xFF, 0xFF,
    0xAA, 0x52, 0x0C, 0x63, 0x96, 0xB5, 0xFF, 0xFF, 0xFF, 0xFF, 0xFF, 0xFF, 0xFF, 0xFF, 0xBE, 0xF7,
    0x75, 0xAD, 0x6D, 0x6B, 0xCB, 0x5A, 0xAA, 0x52, 0x69, 0x4A, 0x08, 0x42, 0xC7, 0x39, 0x65, 0x29,
    0x45, 0x29, 0x24, 0x21, 0xEB, 0x5A, 0x9E, 0xF7, 0x65, 0x29, 0x45, 0x29, 0x24, 0x21, 0x24, 0x21,
    0x24, 0x21, 0x24, 0x21, 0x24, 0x21, 0x24, 0x21, 0x59, 0xCE, 0x59, 0xCE, 0x59, 0xCE, 0x59, 0xCE,
    0x59, 0xCE, 0x59, 0xCE, 0x59, 0xCE, 0x04, 0x21, 0x04, 0x21, 0x04, 0x21, 0x04, 0x21, 0x04, 0x21,
    0x04, 0x21, 0x04, 0x21, 0x04, 0x21, 0x04, 0x21, 0x04, 0x21, 0x04, 0x21, 0x04, 0x21, 0x04, 0x21,
    0x04, 0x21, 0x04, 0x21, 0x04, 0x21, 0x04, 0x21, 0x04, 0x21, 0x59, 0xCE, 0x59, 0xCE, 0x59, 0xCE,
    0x59, 0xCE, 0x59, 0xCE, 0x59, 0xCE, 0x59, 0xCE, 0x59, 0xCE, 0x59, 0xCE, 0x59, 0xCE, 0x59, 0xCE,
    0x59, 0xCE, 0x59, 0xCE, 0x59, 0xCE, 0x59, 0xCE, 0x59, 0xCE, 0x59, 0xCE, 0x59, 0xCE, 0x59, 0xCE,
    0x59, 0xCE, 0x59, 0xCE, 0x59, 0xCE, 0x59, 0xCE, 0x59, 0xCE, 0x59, 0xCE, 0x59, 0xCE, 0x59, 0xCE,
    0x59, 0xCE, 0x59, 0xCE, 0x59, 0xCE, 0x59, 0xCE, 0x59, 0xCE, 0x59, 0xCE, 0x59, 0xCE, 0x59, 0xCE,
    0x59, 0xCE, 0x59, 0xCE, 0x59, 0xCE, 0x59, 0xCE, 0x59, 0xCE, 0x59, 0xCE, 0x59, 0xCE, 0x59, 0xCE,
    0x59, 0xCE, 0x59, 0xCE, 0x59, 0xCE, 0x59, 0xCE, 0x59, 0xCE, 0x59, 0xCE, 0x59, 0xCE, 0x59, 0xCE,
    0x59, 0xCE, 0x59, 0xCE, 0x59, 0xCE, 0x59, 0xCE, 0x59, 0xCE, 0x59, 0xCE, 0x59, 0xCE, 0x59, 0xCE,
    0x59, 0xCE, 0x59, 0xCE, 0x59, 0xCE, 0x59, 0xCE, 0x59, 0xCE, 0x59, 0xCE, 0x59, 0xCE, 0x59, 0xCE,
    0x59, 0xCE, 0x59, 0xCE, 0x59, 0xCE, 0x59, 0xCE, 0x59, 0xCE, 0x59, 0xCE, 0x59, 0xCE, 0x59, 0xCE,
    0x59, 0xCE, 0x59, 0xCE, 0x59, 0xCE, 0x59, 0xCE, 0x59, 0xCE, 0x59, 0xCE, 0x59, 0xCE, 0x59, 0xCE,
    0x59, 0xCE, 0x59, 0xCE, 0xC7, 0x39, 0x1C, 0xDF, 0x1C, 0xE7, 0x3C, 0xE7, 0x5D, 0xEF, 0x7D, 0xEF,
    0xBA, 0xD6, 0xBA, 0xD6, 0xBA, 0xD6, 0xBA, 0xD6, 0xDB, 0xDE, 0xDB, 0xDE, 0xDB, 0xDE, 0xDB, 0xDE,
    0xDB, 0xDE, 0xDB, 0xDE, 0xDB, 0xDE, 0xDB, 0xDE, 0xDB, 0xDE, 0x7D, 0xEF, 0xFF, 0xFF, 0xFF, 0xFF,
    0xFF, 0xFF, 0xFF, 0xFF, 0x8A, 0x52, 0x86, 0x31, 0x08, 0x42, 0x14, 0x9D, 0xFF, 0xFF, 0xFF, 0xFF,
    0xFF, 0xFF, 0xFF, 0xFF, 0xFF, 0xFF, 0xFF, 0xFF, 0xFF, 0xFF, 0xFF, 0xFF, 0xFF, 0xFF, 0x82, 0x10,
    0x82, 0x10, 0xFF, 0xFF, 0xFF, 0xFF, 0xFF, 0xFF, 0xF3, 0x9C, 0x00, 0x00, 0x82, 0x10, 0xFF, 0xFF,
    0xFF, 0xFF, 0xFF, 0xFF, 0xFF, 0xFF, 0xFF, 0xFF, 0xFF, 0xFF, 0xFF, 0xFF, 0xFF, 0xFF, 0xFF, 0xFF,
    0xFF, 0xFF, 0xFF, 0xFF, 0xFF, 0xFF, 0x10, 0x7C, 0x00, 0x00, 0x14, 0x9D, 0xFF, 0xFF, 0xFF, 0xFF,
    0xFF, 0xFF, 0xFB, 0xDE, 0x04, 0x21, 0x04, 0x21, 0x9A, 0xCE, 0xFF, 0xFF, 0xFF, 0xFF, 0xFF, 0xFF,
    0xFF, 0xFF, 0xFF, 0xFF, 0xFF, 0xFF, 0xFF, 0xFF, 0xFF, 0xFF, 0x7D, 0xEF, 0x00, 0x00, 0x8A, 0x4A,
    0xFF, 0xFF, 0xFF, 0xFF, 0xFF, 0xFF, 0xFF, 0xFF, 0xFF, 0xFF, 0xFF, 0xFF, 0xFF, 0xFF, 0x86, 0x31,
    0x00, 0x00, 0x14, 0x9D, 0xFF, 0xFF, 0xFF, 0xFF, 0xFF, 0xFF, 0xFF, 0xFF, 0xFF, 0xFF, 0xFF, 0xFF,
    0xFF, 0xFF, 0x9F, 0xF7, 0x5F, 0xEF, 0xFF, 0xFF, 0xFF, 0xFF, 0xFF, 0x6A, 0x9F, 0x20, 0x9F, 0x20,
    0xFF, 0x28, 0x7F, 0xF7, 0xFF, 0xFF, 0xFF, 0xFF, 0xFF, 0xFF, 0xFF, 0x28, 0x9F, 0x20, 0x9F, 0x20,
    0x1F, 0x31, 0x7F, 0x7B, 0xDF, 0xDE, 0xFF, 0xFF, 0x7F, 0x94, 0x9F, 0x20, 0x7F, 0x39, 0x9F, 0xBD,
    0xBF, 0xF7, 0xFF, 0xFF, 0xFF, 0xFF, 0x9F, 0xD6, 0x9F, 0x20, 0x9F, 0x20, 0x9F, 0x20, 0x9F, 0x9C,
    0xFF, 0xFF, 0x7F, 0xEF, 0xBF, 0x62, 0x9F, 0xF7, 0xFF, 0xFF, 0xFF, 0xFF, 0xFF, 0xFF, 0xFF, 0xFF,
    0xFF, 0xFF, 0xFF, 0xFF, 0xDF, 0xFF, 0xDF, 0xFF, 0xDF, 0xFF, 0xDF, 0xFF, 0xDF, 0xFF, 0xDF, 0xFF,
    0xDF, 0xFF, 0xDF, 0xFF, 0xDF, 0xFF, 0xFF, 0xFF, 0xFF, 0xFF, 0xFF, 0xFF, 0xFF, 0xFF, 0xFF, 0xFF,
    0xFF, 0xFF, 0xFF, 0xFF, 0xFF, 0xFF, 0xFF, 0xFF, 0xFF, 0xFF, 0xFF, 0xFF, 0xFF, 0xFF, 0xFF, 0xFF,
    0xFF, 0xFF, 0xFF, 0xFF, 0xFF, 0xFF, 0x24, 0x21, 0x24, 0x21, 0x24, 0x21, 0x24, 0x21, 0x24, 0x21,
    0x24, 0x21, 0x45, 0x29, 0xAA, 0x52, 0xFF, 0xFF, 0xA6, 0x31, 0x45, 0x29, 0x86, 0x31, 0x6D, 0x6B,
    0xFF, 0xFF, 0xFF, 0xFF, 0xFF, 0xFF, 0xFF, 0xFF, 0xFF, 0xFF, 0xFF, 0xFF, 0xFF, 0xFF, 0xFF, 0xFF,
    0x9E, 0xF7, 0xFF, 0xFF, 0xFF, 0xFF, 0xFF, 0xFF, 0xFF, 0xFF, 0xFF, 0xFF, 0xFF, 0xFF, 0xCF, 0x7B,
    0xCB, 0x5A, 0xCB, 0x5A, 0xCB, 0x5A, 0x8A, 0x52, 0x49, 0x4A, 0x08, 0x42, 0xA6, 0x31, 0x65, 0x29,
    0x45, 0x29, 0x24, 0x21, 0xA6, 0x31, 0xFF, 0xFF, 0x49, 0x4A, 0x45, 0x29, 0x24, 0x21, 0x24, 0x21,
    0x24, 0x21, 0x24, 0x21, 0x24, 0x21, 0x24, 0x21, 0x59, 0xCE, 0x59, 0xCE, 0x59, 0xCE, 0x59, 0xCE,
    0x59, 0xCE, 0x59, 0xCE, 0x59, 0xCE, 0x04, 0x21, 0x04, 0x21, 0x04, 0x21, 0x04, 0x21, 0x04, 0x21,
    0x04, 0x21, 0x04, 0x21, 0x04, 0x21, 0x04, 0x21, 0x04, 0x21, 0x04, 0x21, 0x04, 0x21, 0x2C, 0x63,
    0xE7, 0x39, 0x04, 0x21, 0x04, 0x21, 0x04, 0x21, 0x04, 0x21, 0x59, 0xCE, 0x59, 0xCE, 0x59, 0xCE,
    0x59, 0xCE, 0x59, 0xCE, 0x59, 0xCE, 0x59, 0xCE, 0x59, 0xCE, 0x59, 0xCE, 0x59, 0xCE, 0x59, 0xCE,
    0x59, 0xCE, 0x59, 0xCE, 0x59, 0xCE, 0x59, 0xCE, 0x59, 0xCE, 0x59, 0xCE, 0x59, 0xCE, 0x59, 0xCE,
    0x59, 0xCE, 0x59, 0xCE, 0x59, 0xCE, 0x59, 0xCE, 0x59, 0xCE, 0x59, 0xCE, 0x59, 0xCE, 0x59, 0xCE,
    0x59, 0xCE, 0x59, 0xCE, 0x59, 0xCE, 0x59, 0xCE, 0x59, 0xCE, 0x59, 0xCE, 0x59, 0xCE, 0x59, 0xCE,
    0x59, 0xCE, 0x59, 0xCE, 0x59, 0xCE, 0x59, 0xCE, 0x59, 0xCE, 0x59, 0xCE, 0x59, 0xCE, 0x59, 0xCE,
    0x59, 0xCE, 0x59, 0xCE, 0x59, 0xCE, 0x59, 0xCE, 0x59, 0xCE, 0x59, 0xCE, 0x59, 0xCE, 0x59, 0xCE,
    0x59, 0xCE, 0x59, 0xCE, 0x59, 0xCE, 0x59, 0xCE, 0x59, 0xCE, 0x59, 0xCE, 0x59, 0xCE, 0x59, 0xCE,
    0x59, 0xCE, 0x59, 0xCE, 0x59, 0xCE, 0x59, 0xCE, 0x59, 0xCE, 0x59, 0xCE, 0x59, 0xCE, 0x59, 0xCE,
    0x59, 0xCE, 0x59, 0xCE, 0x59, 0xCE, 0x59, 0xCE, 0x59, 0xCE, 0x59, 0xCE, 0x59, 0xCE, 0x59, 0xCE,
    0x59, 0xCE, 0x59, 0xCE, 0x59, 0xCE, 0x59, 0xCE, 0x59, 0xCE, 0x59, 0xCE, 0x59, 0xCE, 0x59, 0xCE,
    0x59, 0xCE, 0x59, 0xCE, 0xC7, 0x39, 0x1C, 0xDF, 0x1C, 0xE7, 0x3C, 0xE7, 0x5D, 0xEF, 0x7D, 0xEF,
    0xBA, 0xD6, 0xBA, 0xD6, 0xBA, 0xD6, 0xBA, 0xD6, 0xBA, 0xD6, 0xDB, 0xDE, 0xDB, 0xDE, 0xBA, 0xD6,
    0xDB, 0xDE, 0xDB, 0xDE, 0xDB, 0xDE, 0xDB, 0xDE, 0xDB, 0xDE, 0x9E, 0xF7, 0xFF, 0xFF, 0xFF, 0xFF,
    0xFF, 0xFF, 0x9A, 0xCE, 0x00, 0x00, 0x00, 0x00, 0x00, 0x00, 0x00, 0x00, 0x04, 0x21, 0x14, 0x9D,
    0xFF, 0xFF, 0xFF, 0xFF, 0xFF, 0xFF, 0xFF, 0xFF, 0xFF, 0xFF, 0xFF, 0xFF, 0xFF, 0xFF, 0x86, 0x31,
    0x00, 0x00, 0x79, 0xCE, 0xFF, 0xFF, 0xFF, 0xFF, 0x18, 0xBE, 0x00, 0x00, 0x00, 0x00, 0x1C, 0xE7,
    0xFF, 0xFF, 0x1C, 0xDF, 0x1C, 0xDF, 0x1C, 0xDF, 0x1C, 0xDF, 0x7D, 0xEF, 0xFF, 0xFF, 0xFF, 0xFF,
    0xFF, 0xFF, 0xFF, 0xFF, 0xFF, 0xFF, 0x92, 0x8C, 0x00, 0x00, 0x8E, 0x6B, 0xFF, 0xFF, 0xFF, 0xFF,
    0x92, 0x94, 0x82, 0x10, 0x8A, 0x52, 0x7D, 0xEF, 0xFF, 0xFF, 0xFF, 0xFF, 0xFF, 0xFF, 0xFF, 0xFF,
    0xFF, 0xFF, 0xFF, 0xFF, 0xFF, 0xFF, 0xFF, 0xFF, 0xFF, 0xFF, 0xFF, 0xFF, 0x86, 0x31, 0x86, 0x31,
    0xFF, 0xFF, 0xFF, 0xFF, 0xFF, 0xFF, 0xFF, 0xFF, 0xFF, 0xFF, 0xFF, 0xFF, 0xFF, 0xFF, 0x08, 0x42,
    0x00, 0x00, 0x14, 0x9D, 0xFF, 0xFF, 0xFF, 0xFF, 0xFF, 0xFF, 0xFF, 0xFF, 0xFF, 0xFF, 0xFF, 0xFF,
    0xFF, 0xFF, 0xFF, 0xFF, 0xFF, 0xFF, 0x3F, 0xCE, 0xBF, 0x83, 0x9F, 0x41, 0x9F, 0x20, 0x9F, 0x20,
    0xBF, 0x28, 0xFF, 0xDE, 0xFF, 0xFF, 0xFF, 0xFF, 0xDF, 0xC5, 0xDF, 0x28, 0x9F, 0x20, 0x9F, 0x20,
    0x9F, 0x20, 0x9F, 0x20, 0x9F, 0x20, 0xDF, 0x49, 0x5F, 0x5A, 0xFF, 0x6A, 0xBF, 0xF7, 0xFF, 0xFF,
    0xFF, 0xFF, 0xFF, 0xFF, 0xFF, 0xFF, 0x1F, 0xC6, 0x9F, 0x20, 0x9F, 0x20, 0x9F, 0x20, 0x9F, 0x9C,
    0x9F, 0xD6, 0x7F, 0x5A, 0x1F, 0xE7, 0xFF, 0xFF, 0xFF, 0xFF, 0xFF, 0xFF, 0xFF, 0xFF, 0xFF, 0xFF,
    0xFF, 0xFF, 0xFF, 0xFF, 0xDF, 0xFF, 0xDF, 0xFF, 0xDF, 0xFF, 0xDF, 0xFF, 0xDF, 0xFF, 0xDF, 0xFF,
    0xDF, 0xFF, 0xDF, 0xFF, 0xDF, 0xFF, 0xFF, 0xFF, 0xFF, 0xFF, 0xFF, 0xFF, 0xFF, 0xFF, 0xFF, 0xFF,
    0xFF, 0xFF, 0xFF, 0xFF, 0xFF, 0xFF, 0xFF, 0xFF, 0xFF, 0xFF, 0xFF, 0xFF, 0xFF, 0xFF, 0xFF, 0xFF,
    0xFF, 0xFF, 0xFF, 0xFF, 0xFF, 0xFF, 0x24, 0x21, 0x24, 0x21, 0x24, 0x21, 0x24, 0x21, 0x24, 0x21,
    0x45, 0x29, 0x65, 0x29, 0x8E, 0x73, 0x3C, 0xE7, 0x45, 0x29, 0x65, 0x29, 0xA6, 0x31, 0x08, 0x42,
    0x34, 0xA5, 0xFF, 0xFF, 0xFF, 0xFF, 0xFF, 0xFF, 0xFF, 0xFF, 0xFF, 0xFF, 0xFF, 0xFF, 0xFF, 0xFF,
    0xFF, 0xFF, 0xFF, 0xFF, 0xFF, 0xFF, 0xFF, 0xFF, 0xFF, 0xFF, 0xFF, 0xFF, 0xFF, 0xFF, 0x10, 0x84,
    0xAA, 0x52, 0xAA, 0x52, 0x8A, 0x52, 0x69, 0x4A, 0x28, 0x42, 0xE7, 0x39, 0xA6, 0x31, 0x65, 0x29,
    0x45, 0x29, 0x24, 0x21, 0x24, 0x21, 0x3C, 0xE7, 0xEF, 0x7B, 0x65, 0x29, 0x45, 0x29, 0x24, 0x21,
    0x24, 0x21, 0x24, 0x21, 0x24, 0x21, 0x24, 0x21, 0x59, 0xCE, 0x59, 0xCE, 0x59, 0xCE, 0x59, 0xCE,
    0x59, 0xCE, 0x59, 0xCE, 0x59, 0xCE, 0x04, 0x21, 0x04, 0x21, 0x04, 0x21, 0xE7, 0x39, 0x1C, 0xE7,
    0x10, 0x84, 0x04, 0x21, 0x04, 0x21, 0x04, 0x21, 0xBA, 0xD6, 0x75, 0xAD, 0xCB, 0x5A, 0xFF, 0xFF,
    0x92, 0x94, 0x04, 0x21, 0x04, 0x21, 0x04, 0x21, 0x04, 0x21, 0x59, 0xCE, 0x59, 0xCE, 0x59, 0xCE,
    0x59, 0xCE, 0x59, 0xCE, 0x59, 0xCE, 0x59, 0xCE, 0x59, 0xCE, 0x59, 0xCE, 0x59, 0xCE, 0x59, 0xCE,
    0x59, 0xCE, 0x59, 0xCE, 0x59, 0xCE, 0x59, 0xCE, 0x59, 0xCE, 0x59, 0xCE, 0x59, 0xCE, 0x59, 0xCE,
    0x59, 0xCE, 0x59, 0xCE, 0x59, 0xCE, 0x59, 0xCE, 0x59, 0xCE, 0x59, 0xCE, 0x59, 0xCE, 0x59, 0xCE,
    0x59, 0xCE, 0x59, 0xCE, 0x59, 0xCE, 0x59, 0xCE, 0x59, 0xCE, 0x59, 0xCE, 0x59, 0xCE, 0x59, 0xCE,
    0x59, 0xCE, 0x59, 0xCE, 0x59, 0xCE, 0x59, 0xCE, 0x59, 0xCE, 0x59, 0xCE, 0x59, 0xCE, 0x59, 0xCE,
    0x59, 0xCE, 0x59, 0xCE, 0x59, 0xCE, 0x59, 0xCE, 0x59, 0xCE, 0x59, 0xCE, 0x59, 0xCE, 0x59, 0xCE,
    0x59, 0xCE, 0x59, 0xCE, 0x59, 0xCE, 0x59, 0xCE, 0x59, 0xCE, 0x59, 0xCE, 0x59, 0xCE, 0x59, 0xCE,
    0x59, 0xCE, 0x59, 0xCE, 0x59, 0xCE, 0x59, 0xCE, 0x59, 0xCE, 0x59, 0xCE, 0x59, 0xCE, 0x59, 0xCE,
    0x59, 0xCE, 0x59, 0xCE, 0x59, 0xCE, 0x59, 0xCE, 0x59, 0xCE, 0x59, 0xCE, 0x59, 0xCE, 0x59, 0xCE,
    0x59, 0xCE, 0x59, 0xCE, 0x59, 0xCE, 0x59, 0xCE, 0x59, 0xCE, 0x59, 0xCE, 0x59, 0xCE, 0x59, 0xCE,
    0x59, 0xCE, 0x59, 0xCE, 0xC7, 0x39, 0x1C, 0xDF, 0x1C, 0xE7, 0x3C, 0xE7, 0x5D, 0xEF, 0x7D, 0xEF,
    0xBA, 0xD6, 0xBA, 0xD6, 0xBA, 0xD6, 0xBA, 0xD6, 0xBA, 0xD6, 0xBA, 0xD6, 0xBA, 0xD6, 0xBA, 0xD6,
    0xBA, 0xD6, 0xDB, 0xDE, 0xDB, 0xDE, 0xDB, 0xDE, 0xDB, 0xDE, 0x9E, 0xF7, 0xFF, 0xFF, 0xFF, 0xFF,
    0xFF, 0xFF, 0x18, 0xBE, 0x00, 0x00, 0x00, 0x00, 0x00, 0x00, 0x00, 0x00, 0x00, 0x00, 0x00, 0x00,
    0x10, 0x84, 0xFF, 0xFF, 0xFF, 0xFF, 0xFF, 0xFF, 0xFF, 0xFF, 0xFF, 0xFF, 0xFF, 0xFF, 0x0C, 0x5B,
    0x00, 0x00, 0x14, 0x9D, 0xFF, 0xFF, 0xFF, 0xFF, 0xFB, 0xDE, 0x00, 0x00, 0x00, 0x00, 0x08, 0x42,
    0x82, 0x10, 0x00, 0x00, 0x00, 0x00, 0x00, 0x00, 0x00, 0x00, 0x00, 0x00, 0x8E, 0x73, 0xFF, 0xFF,
    0xFF, 0xFF, 0xFF, 0xFF, 0xFF, 0xFF, 0x96, 0xAD, 0x00, 0x00, 0x82, 0x10, 0x8E, 0x73, 0x82, 0x10,
    0x00, 0x00, 0x10, 0x7C, 0xFF, 0xFF, 0xFF, 0xFF, 0xFF, 0xFF, 0xFF, 0xFF, 0xFF, 0xFF, 0xFF, 0xFF,
    0xFF, 0xFF, 0xFF, 0xFF, 0xFF, 0xFF, 0xFF, 0xFF, 0xFF, 0xFF, 0xFF, 0xFF, 0x8E, 0x6B, 0x82, 0x10,
    0xFF, 0xFF, 0xFF, 0xFF, 0xFF, 0xFF, 0xFF, 0xFF, 0xFF, 0xFF, 0xFF, 0xFF, 0xFF, 0xFF, 0x08, 0x42,
    0x00, 0x00, 0x14, 0x9D, 0xFF, 0xFF, 0xFF, 0xFF, 0xFF, 0xFF, 0xFF, 0xFF, 0xFF, 0xFF, 0xFF, 0xFF,
    0xFF, 0xFF, 0xBF, 0xFF, 0xFF, 0x8B, 0x9F, 0x7B, 0x1F, 0xE7, 0xBF, 0x62, 0x9F, 0x20, 0x9F, 0x20,
    0x9F, 0x20, 0xDF, 0x83, 0xFF, 0xFF, 0xDF, 0xDE, 0x1F, 0x6B, 0x9F, 0x41, 0x9F, 0x20, 0x9F, 0x20,
    0x9F, 0x20, 0x9F, 0x20, 0x9F, 0x20, 0x9F, 0x20, 0x9F, 0x20, 0xFF, 0x28, 0x7F, 0x7B, 0x9F, 0xD6,
    0xDF, 0xDE, 0x3F, 0xEF, 0xDF, 0xFF, 0x5F, 0x5A, 0x9F, 0x20, 0x9F, 0x20, 0x9F, 0x20, 0x3F, 0x52,
    0x1F, 0x8C, 0x5F, 0xEF, 0xFF, 0xFF, 0xFF, 0xFF, 0xFF, 0xFF, 0xFF, 0xFF, 0xFF, 0xFF, 0xFF, 0xFF,
    0xFF, 0xFF, 0xFF, 0xFF, 0xDF, 0xFF, 0xDF, 0xFF, 0xDF, 0xFF, 0xDF, 0xFF, 0xDF, 0xFF, 0xDF, 0xFF,
    0xDF, 0xFF, 0xDF, 0xFF, 0xDF, 0xFF, 0xDF, 0xFF, 0xDF, 0xFF, 0xDF, 0xFF, 0xFF, 0xFF, 0xFF, 0xFF,
    0xFF, 0xFF, 0xFF, 0xFF, 0xFF, 0xFF, 0xFF, 0xFF, 0xFF, 0xFF, 0xFF, 0xFF, 0xFF, 0xFF, 0xFF, 0xFF,
    0xFF, 0xFF, 0xFF, 0xFF, 0xFF, 0xFF, 0x24, 0x21, 0x24, 0x21, 0x24, 0x21, 0x24, 0x21, 0x24, 0x21,
    0x45, 0x29, 0x65, 0x29, 0x10, 0x84, 0x59, 0xCE, 0x45, 0x29, 0x65, 0x29, 0xA6, 0x31, 0x08, 0x42,
    0x69, 0x4A, 0xB2, 0x94, 0x5D, 0xEF, 0xFF, 0xFF, 0xFF, 0xFF, 0xFF, 0xFF, 0xFF, 0xFF, 0xFF, 0xFF,
    0xFF, 0xFF, 0xFF, 0xFF, 0x75, 0xAD, 0x0C, 0x63, 0x96, 0xB5, 0xFF, 0xFF, 0xFF, 0xFF, 0xF7, 0xBD,
    0xCB, 0x5A, 0x69, 0x4A, 0x28, 0x42, 0x08, 0x42, 0xE7, 0x39, 0xA6, 0x31, 0x86, 0x31, 0x45, 0x29,
    0x45, 0x29, 0x24, 0x21, 0x24, 0x21, 0xBA, 0xD6, 0x10, 0x84, 0x65, 0x29, 0x45, 0x29, 0x24, 0x21,
    0x24, 0x21, 0x24, 0x21, 0x24, 0x21, 0x24, 0x21, 0x59, 0xCE, 0x59, 0xCE, 0x59, 0xCE, 0x59, 0xCE,
    0x59, 0xCE, 0x59, 0xCE, 0x59, 0xCE, 0x04, 0x21, 0x04, 0x21, 0x04, 0x21, 0x04, 0x21, 0x38, 0xC6,
    0x1C, 0xE7, 0x04, 0x21, 0x04, 0x21, 0xCB, 0x5A, 0xFF, 0xFF, 0xAE, 0x73, 0x04, 0x21, 0xCB, 0x5A,
    0x65, 0x29, 0x04, 0x21, 0x04, 0x21, 0x04, 0x21, 0x04, 0x21, 0x59, 0xCE, 0x59, 0xCE, 0x59, 0xCE,
    0x59, 0xCE, 0x59, 0xCE, 0x59, 0xCE, 0x59, 0xCE, 0x59, 0xCE, 0x59, 0xCE, 0x59, 0xCE, 0x59, 0xCE,
    0x59, 0xCE, 0x59, 0xCE, 0x59, 0xCE, 0x59, 0xCE, 0x59, 0xCE, 0x59, 0xCE, 0x59, 0xCE, 0x59, 0xCE,
    0x59, 0xCE, 0x59, 0xCE, 0x59, 0xCE, 0x59, 0xCE, 0x59, 0xCE, 0x59, 0xCE, 0x59, 0xCE, 0x59, 0xCE,
    0x59, 0xCE, 0x59, 0xCE, 0x59, 0xCE, 0x59, 0xCE, 0x59, 0xCE, 0x59, 0xCE, 0x59, 0xCE, 0x59, 0xCE,
    0x59, 0xCE, 0x59, 0xCE, 0x59, 0xCE, 0x59, 0xCE, 0x59, 0xCE, 0x59, 0xCE, 0x59, 0xCE, 0x59, 0xCE,
    0x59, 0xCE, 0x59, 0xCE, 0x59, 0xCE, 0x59, 0xCE, 0x59, 0xCE, 0x59, 0xCE, 0x59, 0xCE, 0x59, 0xCE,
    0x59, 0xCE, 0x59, 0xCE, 0x59, 0xCE, 0x59, 0xCE, 0x59, 0xCE, 0x59, 0xCE, 0x59, 0xCE, 0x59, 0xCE,
    0x59, 0xCE, 0x59, 0xCE, 0x59, 0xCE, 0x59, 0xCE, 0x59, 0xCE, 0x59, 0xCE, 0x59, 0xCE, 0x59, 0xCE,
    0x59, 0xCE, 0x59, 0xCE, 0x59, 0xCE, 0x59, 0xCE, 0x59, 0xCE, 0x59, 0xCE, 0x59, 0xCE, 0x59, 0xCE,
    0x59, 0xCE, 0x59, 0xCE, 0x59, 0xCE, 0x59, 0xCE, 0x59, 0xCE, 0x59, 0xCE, 0x59, 0xCE, 0x59, 0xCE,
    0x59, 0xCE, 0x59, 0xCE, 0xC7, 0x39, 0x1C, 0xDF, 0x1C, 0xE7, 0x3C, 0xE7, 0x5D, 0xEF, 0x7D, 0xEF,
    0xBA, 0xD6, 0xBA, 0xD6, 0xBA, 0xD6, 0xBA, 0xD6, 0xBA, 0xD6, 0xBA, 0xD6, 0xBA, 0xD6, 0xBA, 0xD6,
    0xBA, 0xD6, 0xBA, 0xD6, 0xDB, 0xDE, 0xDB, 0xDE, 0xDB, 0xDE, 0x9E, 0xF7, 0xFF, 0xFF, 0xFF, 0xFF,
    0xFF, 0xFF, 0xF3, 0x9C, 0x00, 0x00, 0x00, 0x00, 0x1C, 0xDF, 0x96, 0xAD, 0x08, 0x42, 0x00, 0x00,
    0x00, 0x00, 0x0C, 0x63, 0xFF, 0xFF, 0xFF, 0xFF, 0xFF, 0xFF, 0xFF, 0xFF, 0xFF, 0xFF, 0x8E, 0x6B,
    0x00, 0x00, 0x8E, 0x6B, 0xFF, 0xFF, 0xFF, 0xFF, 0x7D, 0xEF, 0x00, 0x00, 0x00, 0x00, 0x00, 0x00,
    0x00, 0x00, 0x00, 0x00, 0x00, 0x00, 0x00, 0x00, 0x00, 0x00, 0x00, 0x00, 0x00, 0x00, 0x1C, 0xE7,
    0xFF, 0xFF, 0xFF, 0xFF, 0xFF, 0xFF, 0xFB, 0xDE, 0x00, 0x00, 0x00, 0x00, 0x00, 0x00, 0x00, 0x00,
    0x04, 0x21, 0xFF, 0xFF, 0xFF, 0xFF, 0xFF, 0xFF, 0xFF, 0xFF, 0xFF, 0xFF, 0xFF, 0xFF, 0xFF, 0xFF,
    0xFF, 0xFF, 0xFF, 0xFF, 0xFF, 0xFF, 0xFF, 0xFF, 0xFF, 0xFF, 0xFF, 0xFF, 0xF3, 0x9C, 0x00, 0x00,
    0x1C, 0xE7, 0xFF, 0xFF, 0xFF, 0xFF, 0xFF, 0xFF, 0xFF, 0xFF, 0xFF, 0xFF, 0xFF, 0xFF, 0x86, 0x31,
    0x00, 0x00, 0x18, 0xBE, 0xFF, 0xFF, 0xFF, 0xFF, 0xFF, 0xFF, 0xFF, 0xFF, 0xFF, 0xFF, 0xFF, 0xFF,
    0xBF, 0xF7, 0x3F, 0x52, 0x9F, 0x9C, 0xFF, 0xFF, 0xFF, 0xFF, 0xFF, 0x6A, 0x9F, 0x20, 0x9F, 0x20,
    0xBF, 0x28, 0x3F, 0xE7, 0xFF, 0xFF, 0x9F, 0xF7, 0xFF, 0xFF, 0xFF, 0xFF, 0x9F, 0xD6, 0xDF, 0x49,
    0x9F, 0x20, 0x9F, 0x20, 0x9F, 0x20, 0x9F, 0x20, 0x9F, 0x20, 0x9F, 0x20, 0x9F, 0x20, 0x9F, 0x20,
    0x9F, 0x7B, 0xFF, 0xFF, 0xFF, 0xFF, 0xDF, 0xC5, 0x9F, 0x20, 0x9F, 0x20, 0x9F, 0x20, 0x9F, 0x9C,
    0xFF, 0xFF, 0xFF, 0xFF, 0xFF, 0xFF, 0xFF, 0xFF, 0xFF, 0xFF, 0xFF, 0xFF, 0xFF, 0xFF, 0xFF, 0xFF,
    0xFF, 0xFF, 0xFF, 0xFF, 0xDF, 0xFF, 0xDF, 0xFF, 0xDF, 0xFF, 0xDF, 0xFF, 0xDF, 0xFF, 0xDF, 0xFF,
    0xDF, 0xFF, 0xDF, 0xFF, 0xDF, 0xFF, 0xDF, 0xFF, 0xDF, 0xFF, 0xFF, 0xFF, 0xDF, 0xFF, 0xDF, 0xFF,
    0xFF, 0xFF, 0xFF, 0xFF, 0xFF, 0xFF, 0xFF, 0xFF, 0xFF, 0xFF, 0xFF, 0xFF, 0xFF, 0xFF, 0xFF, 0xFF,
    0xFF, 0xFF, 0xFF, 0xFF, 0xFF, 0xFF, 0x24, 0x21, 0x24, 0x21, 0x24, 0x21, 0x24, 0x21, 0x24, 0x21,
    0x45, 0x29, 0x86, 0x31, 0xD3, 0x9C, 0x59, 0xCE, 0x45, 0x29, 0x65, 0x29, 0xA6, 0x31, 0x08, 0x42,
    0x49, 0x4A, 0x8A, 0x52, 0xAA, 0x52, 0xD3, 0x9C, 0x79, 0xCE, 0xBE, 0xF7, 0xFF, 0xFF, 0xFF, 0xFF,
    0xFF, 0xFF, 0xFF, 0xFF, 0x0C, 0x63, 0x69, 0x4A, 0x4D, 0x6B, 0xFF, 0xFF, 0xFF, 0xFF, 0xFF, 0xFF,
    0xFF, 0xFF, 0xBE, 0xF7, 0x9A, 0xD6, 0x30, 0x84, 0x69, 0x4A, 0x86, 0x31, 0x65, 0x29, 0x45, 0x29,
    0x24, 0x21, 0x24, 0x21, 0x24, 0x21, 0x59, 0xCE, 0xD3, 0x9C, 0x86, 0x31, 0x45, 0x29, 0x24, 0x21,
    0x24, 0x21, 0x24, 0x21, 0x24, 0x21, 0x24, 0x21, 0x59, 0xCE, 0x59, 0xCE, 0x59, 0xCE, 0x59, 0xCE,
    0x59, 0xCE, 0x59, 0xCE, 0x59, 0xCE, 0x04, 0x21, 0x04, 0x21, 0x04, 0x21, 0x04, 0x21, 0x92, 0x94,
    0xFF, 0xFF, 0xE7, 0x39, 0x04, 0x21, 0xF3, 0x9C, 0xFF, 0xFF, 0xE7, 0x39, 0xCB, 0x5A, 0xFF, 0xFF,
    0xAE, 0x73, 0x04, 0x21, 0x04, 0x21, 0x04, 0x21, 0x04, 0x21, 0x59, 0xCE, 0x59, 0xCE, 0x59, 0xCE,
    0x59, 0xCE, 0x59, 0xCE, 0x59, 0xCE, 0x59, 0xCE, 0x59, 0xCE, 0x59, 0xCE, 0x59, 0xCE, 0x59, 0xCE,
    0x59, 0xCE, 0x59, 0xCE, 0x59, 0xCE, 0x59, 0xCE, 0x59, 0xCE, 0x59, 0xCE, 0x59, 0xCE, 0x59, 0xCE,
    0x59, 0xCE, 0x59, 0xCE, 0x59, 0xCE, 0x59, 0xCE, 0x59, 0xCE, 0x59, 0xCE, 0x59, 0xCE, 0x59, 0xCE,
    0x59, 0xCE, 0x59, 0xCE, 0x59, 0xCE, 0x59, 0xCE, 0x59, 0xCE, 0x59, 0xCE, 0x59, 0xCE, 0x59, 0xCE,
    0x59, 0xCE, 0x59, 0xCE, 0x59, 0xCE, 0x59, 0xCE, 0x59, 0xCE, 0x59, 0xCE, 0x59, 0xCE, 0x59, 0xCE,
    0x59, 0xCE, 0x59, 0xCE, 0x59, 0xCE, 0x59, 0xCE, 0x59, 0xCE, 0x59, 0xCE, 0x59, 0xCE, 0x59, 0xCE,
    0x59, 0xCE, 0x59, 0xCE, 0x59, 0xCE, 0x59, 0xCE, 0x59, 0xCE, 0x59, 0xCE, 0x59, 0xCE, 0x59, 0xCE,
    0x59, 0xCE, 0x59, 0xCE, 0x59, 0xCE, 0x59, 0xCE, 0x59, 0xCE, 0x59, 0xCE, 0x59, 0xCE, 0x59, 0xCE,
    0x59, 0xCE, 0x59, 0xCE, 0x59, 0xCE, 0x59, 0xCE, 0x59, 0xCE, 0x59, 0xCE, 0x59, 0xCE, 0x59, 0xCE,
    0x59, 0xCE, 0x59, 0xCE, 0x59, 0xCE, 0x59, 0xCE, 0x59, 0xCE, 0x59, 0xCE, 0x59, 0xCE, 0x59, 0xCE,
    0x59, 0xCE, 0x59, 0xCE, 0xC7, 0x39, 0xFB, 0xDE, 0x1C, 0xE7, 0x3C, 0xE7, 0x5D, 0xEF, 0x7D, 0xEF,
    0xBA, 0xD6, 0xBA, 0xD6, 0xBA, 0xD6, 0xBA, 0xD6, 0xBA, 0xD6, 0xBA, 0xD6, 0xBA, 0xD6, 0xBA, 0xD6,
    0xBA, 0xD6, 0xBA, 0xD6, 0xDB, 0xDE, 0xDB, 0xDE, 0xDB, 0xDE, 0x9E, 0xF7, 0xFF, 0xFF, 0xFF, 0xFF,
    0xFF, 0xFF, 0xF3, 0x9C, 0x00, 0x00, 0x00, 0x00, 0x1C, 0xE7, 0xFF, 0xFF, 0xFF, 0xFF, 0x14, 0x9D,
    0x82, 0x10, 0x00, 0x00, 0x0C, 0x63, 0x7D, 0xEF, 0xFF, 0xFF, 0xFF, 0xFF, 0xFF, 0xFF, 0x10, 0x7C,
    0x00, 0x00, 0x08, 0x42, 0xFF, 0xFF, 0xFF, 0xFF, 0xFF, 0xFF, 0x82, 0x10, 0x00, 0x00, 0x00, 0x00,
    0x86, 0x31, 0x18, 0xBE, 0xFF, 0xFF, 0xFF, 0xFF, 0xFB, 0xDE, 0x14, 0x9D, 0x92, 0x8C, 0xFF, 0xFF,
    0xFF, 0xFF, 0xFF, 0xFF, 0xFF, 0xFF, 0xFF, 0xFF, 0x82, 0x10, 0x00, 0x00, 0x00, 0x00, 0x00, 0x00,
    0x86, 0x31, 0x9A, 0xCE, 0xFF, 0xFF, 0xFF, 0xFF, 0xFF, 0xFF, 0xFF, 0xFF, 0xFF, 0xFF, 0xFF, 0xFF,
    0xFF, 0xFF, 0xFF, 0xFF, 0xFF, 0xFF, 0xFF, 0xFF, 0xFF, 0xFF, 0xFF, 0xFF, 0x7D, 0xEF, 0x00, 0x00,
    0x92, 0x8C, 0xFF, 0xFF, 0xFF, 0xFF, 0xFF, 0xFF, 0xFF, 0xFF, 0xFF, 0xFF, 0xFF, 0xFF, 0x82, 0x10,
    0x00, 0x00, 0x79, 0xCE, 0xFF, 0xFF, 0xFF, 0xFF, 0xFF, 0xFF, 0xFF, 0xFF, 0xDF, 0xFF, 0xFF, 0xC5,
    0x9F, 0x41, 0x7F, 0x39, 0xDF, 0xFF, 0xFF, 0xFF, 0xFF, 0xFF, 0xFF, 0x6A, 0x9F, 0x20, 0x9F, 0x20,
    0xFF, 0x28, 0x7F, 0xF7, 0xFF, 0xFF, 0xFF, 0xFF, 0xFF, 0xFF, 0x5F, 0xEF, 0x5F, 0x94, 0x9F, 0x20,
    0x1F, 0xAD, 0xDF, 0xA4, 0x1F, 0x52, 0xBF, 0x20, 0x9F, 0x20, 0x9F, 0x20, 0x9F, 0x20, 0x3F, 0x52,
    0xFF, 0xFF, 0xFF, 0xFF, 0xFF, 0xFF, 0x9F, 0xD6, 0x9F, 0x20, 0x9F, 0x20, 0x9F, 0x20, 0x9F, 0x9C,
    0xFF, 0xFF, 0xFF, 0xFF, 0xFF, 0xFF, 0xFF, 0xFF, 0xFF, 0xFF, 0xFF, 0xFF, 0xFF, 0xFF, 0xDF, 0xFF,
    0xFF, 0xFF, 0xFF, 0xFF, 0xFF, 0xFF, 0xDF, 0xFF, 0xDF, 0xFF, 0xDF, 0xFF, 0xDF, 0xFF, 0xDF, 0xFF,
    0xDF, 0xFF, 0xDF, 0xFF, 0xDF, 0xFF, 0xDF, 0xFF, 0xDF, 0xFF, 0xFF, 0xFF, 0xFF, 0xFF, 0xFF, 0xFF,
    0xFF, 0xFF, 0xFF, 0xFF, 0xFF, 0xFF, 0xFF, 0xFF, 0xFF, 0xFF, 0xFF, 0xFF, 0xFF, 0xFF, 0xFF, 0xFF,
    0xFF, 0xFF, 0xFF, 0xFF, 0xFF, 0xFF, 0x24, 0x21, 0x24, 0x21, 0x24, 0x21, 0x24, 0x21, 0x24, 0x21,
    0x45, 0x29, 0x86, 0x31, 0x10, 0x84, 0xBA, 0xD6, 0x24, 0x21, 0x45, 0x29, 0x86, 0x31, 0xC7, 0x39,
    0x28, 0x42, 0x69, 0x4A, 0xAA, 0x52, 0xAA, 0x52, 0xCB, 0x5A, 0xCB, 0x5A, 0xAA, 0x52, 0xB6, 0xB5,
    0xFF, 0xFF, 0xFF, 0xFF, 0x96, 0xB5, 0x2C, 0x63, 0xB6, 0xB5, 0xFF, 0xFF, 0xFF, 0xFF, 0xFF, 0xFF,
    0xFF, 0xFF, 0xFF, 0xFF, 0xFF, 0xFF, 0xFF, 0xFF, 0x3C, 0xE7, 0xB2, 0x94, 0x45, 0x29, 0x24, 0x21,
    0x24, 0x21, 0x24, 0x21, 0x24, 0x21, 0x59, 0xCE, 0x10, 0x84, 0x86, 0x31, 0x45, 0x29, 0x24, 0x21,
    0x24, 0x21, 0x24, 0x21, 0x24, 0x21, 0x24, 0x21, 0x59, 0xCE, 0x59, 0xCE, 0x59, 0xCE, 0x59, 0xCE,
    0x59, 0xCE, 0x59, 0xCE, 0x59, 0xCE, 0x04, 0x21, 0x04, 0x21, 0x04, 0x21, 0x04, 0x21, 0x65, 0x29,
    0xFF, 0xFF, 0x71, 0x8C, 0x04, 0x21, 0x1C, 0xE7, 0x38, 0xC6, 0x04, 0x21, 0xCB, 0x5A, 0xFF, 0xFF,
    0xAE, 0x73, 0x04, 0x21, 0x04, 0x21, 0x04, 0x21, 0x04, 0x21, 0x59, 0xCE, 0x59, 0xCE, 0x59, 0xCE,
    0x59, 0xCE, 0x59, 0xCE, 0x59, 0xCE, 0x59, 0xCE, 0x59, 0xCE, 0x59, 0xCE, 0x59, 0xCE, 0x59, 0xCE,
    0x59, 0xCE, 0x59, 0xCE, 0x59, 0xCE, 0x59, 0xCE, 0x59, 0xCE, 0x59, 0xCE, 0x59, 0xCE, 0x59, 0xCE,
    0x59, 0xCE, 0x59, 0xCE, 0x59, 0xCE, 0x59, 0xCE, 0x59, 0xCE, 0x59, 0xCE, 0x59, 0xCE, 0x59, 0xCE,
    0x59, 0xCE, 0x59, 0xCE, 0x59, 0xCE, 0x59, 0xCE, 0x59, 0xCE, 0x59, 0xCE, 0x59, 0xCE, 0x59, 0xCE,
    0x59, 0xCE, 0x59, 0xCE, 0x59, 0xCE, 0x59, 0xCE, 0x59, 0xCE, 0x59, 0xCE, 0x59, 0xCE, 0x59, 0xCE,
    0x59, 0xCE, 0x59, 0xCE, 0x59, 0xCE, 0x59, 0xCE, 0x59, 0xCE, 0x59, 0xCE, 0x59, 0xCE, 0x59, 0xCE,
    0x59, 0xCE, 0x59, 0xCE, 0x59, 0xCE, 0x59, 0xCE, 0x59, 0xCE, 0x59, 0xCE, 0x59, 0xCE, 0x59, 0xCE,
    0x59, 0xCE, 0x59, 0xCE, 0x59, 0xCE, 0x59, 0xCE, 0x59, 0xCE, 0x59, 0xCE, 0x59, 0xCE, 0x59, 0xCE,
    0x59, 0xCE, 0x59, 0xCE, 0x59, 0xCE, 0x59, 0xCE, 0x59, 0xCE, 0x59, 0xCE, 0x59, 0xCE, 0x59, 0xCE,
    0x59, 0xCE, 0x59, 0xCE, 0x59, 0xCE, 0x59, 0xCE, 0x59, 0xCE, 0x59, 0xCE, 0x59, 0xCE, 0x59, 0xCE,
    0x59, 0xCE, 0x59, 0xCE, 0xC7, 0x39, 0x1C, 0xDF, 0x1C, 0xE7, 0x3C, 0xE7, 0x5D, 0xEF, 0x7D, 0xEF,
    0xBA, 0xD6, 0xBA, 0xD6, 0xBA, 0xD6, 0xBA, 0xD6, 0xBA, 0xD6, 0xBA, 0xD6, 0xBA, 0xD6, 0xBA, 0xD6,
    0xBA, 0xD6, 0xBA, 0xD6, 0xBA, 0xD6, 0xDB, 0xDE, 0xDB, 0xDE, 0x9E, 0xF7, 0xFF, 0xFF, 0xFF, 0xFF,
    0xFF, 0xFF, 0xF3, 0x9C, 0x00, 0x00, 0x00, 0x00, 0x79, 0xCE, 0xFF, 0xFF, 0xFF, 0xFF, 0xFF, 0xFF,
    0xFB, 0xDE, 0x04, 0x21, 0x00, 0x00, 0x86, 0x31, 0x1C, 0xDF, 0xFF, 0xFF, 0xFF, 0xFF, 0xF3, 0x9C,
    0x00, 0x00, 0x82, 0x10, 0xFF, 0xFF, 0xFF, 0xFF, 0xFF, 0xFF, 0x86, 0x31, 0x00, 0x00, 0x00, 0x00,
    0x79, 0xCE, 0xFF, 0xFF, 0xFF, 0xFF, 0xFF, 0xFF, 0xFF, 0xFF, 0xFF, 0xFF, 0xFF, 0xFF, 0xFF, 0xFF,
    0xFF, 0xFF, 0xFF, 0xFF, 0xFF, 0xFF, 0xFF, 0xFF, 0x86, 0x31, 0x00, 0x00, 0x00, 0x00, 0x00, 0x00,
    0x00, 0x00, 0x00, 0x00, 0x04, 0x21, 0x8E, 0x73, 0x1C, 0xDF, 0xFF, 0xFF, 0xFF, 0xFF, 0xFF, 0xFF,
    0xFF, 0xFF, 0xFF, 0xFF, 0xFF, 0xFF, 0xFF, 0xFF, 0xFF, 0xFF, 0xFF, 0xFF, 0xFF, 0xFF, 0x04, 0x21,
    0x08, 0x42, 0xFF, 0xFF, 0xFF, 0xFF, 0xFF, 0xFF, 0xFF, 0xFF, 0xFF, 0xFF, 0x9A, 0xCE, 0x00, 0x00,
    0x82, 0x10, 0xFF, 0xFF, 0xFF, 0xFF, 0xFF, 0xFF, 0xDF, 0xFF, 0x3F, 0x8C, 0xFF, 0x49, 0x9F, 0x20,
    0x9F, 0x20, 0x3F, 0x8C, 0xFF, 0xFF, 0xFF, 0xFF, 0xFF, 0xFF, 0xFF, 0x6A, 0x9F, 0x20, 0x9F, 0x20,
    0xFF, 0x28, 0x7F, 0xF7, 0xFF, 0xFF, 0xFF, 0xFF, 0x5F, 0xAD, 0xFF, 0x30, 0x9F, 0x20, 0x9F, 0x20,
    0xFF, 0xC5, 0xFF, 0xFF, 0xFF, 0xFF, 0x9F, 0xD6, 0x5F, 0x39, 0x9F, 0x20, 0x9F, 0x20, 0x3F, 0x52,
    0xFF, 0xFF, 0xFF, 0xFF, 0xFF, 0xFF, 0x9F, 0xD6, 0x9F, 0x20, 0x9F, 0x20, 0x9F, 0x20, 0x9F, 0x9C,
    0xFF, 0xFF, 0xFF, 0xFF, 0xFF, 0xFF, 0xFF, 0xFF, 0xFF, 0xFF, 0xFF, 0xFF, 0x3F, 0xCE, 0x3F, 0xAD,
    0xFF, 0xFF, 0xFF, 0xFF, 0xFF, 0xFF, 0xDF, 0xFF, 0xDF, 0xFF, 0xDF, 0xFF, 0xDF, 0xFF, 0xDF, 0xFF,
    0xDF, 0xFF, 0xDF, 0xFF, 0xDF, 0xFF, 0xDF, 0xFF, 0xDF, 0xFF, 0xDF, 0xFF, 0xFF, 0xFF, 0xDF, 0xFF,
    0xFF, 0xFF, 0xFF, 0xFF, 0xFF, 0xFF, 0xFF, 0xFF, 0xFF, 0xFF, 0xFF, 0xFF, 0xFF, 0xFF, 0xFF, 0xFF,
    0xFF, 0xFF, 0xFF, 0xFF, 0xFF, 0xFF, 0x24, 0x21, 0x24, 0x21, 0x24, 0x21, 0x24, 0x21, 0x45, 0x29,
    0x45, 0x29, 0x86, 0x31, 0x30, 0x84, 0x3C, 0xE7, 0x24, 0x21, 0x45, 0x29, 0x65, 0x29, 0xA6, 0x31,
    0xE7, 0x39, 0x28, 0x42, 0x69, 0x4A, 0x8A, 0x52, 0xAA, 0x52, 0xAA, 0x52, 0xAA, 0x52, 0x4D, 0x6B,
    0xBE, 0xF7, 0xFF, 0xFF, 0xFF, 0xFF, 0xFF, 0xFF, 0xFF, 0xFF, 0xFF, 0xFF, 0xFF, 0xFF, 0xFF, 0xFF,
    0xFF, 0xFF, 0xFF, 0xFF, 0xFF, 0xFF, 0xFF, 0xFF, 0xFF, 0xFF, 0xFF, 0xFF, 0x92, 0x94, 0x24, 0x21,
    0x24, 0x21, 0x24, 0x21, 0x24, 0x21, 0x3C, 0xE7, 0xCF, 0x7B, 0x86, 0x31, 0x45, 0x29, 0x24, 0x21,
    0x24, 0x21, 0x24, 0x21, 0x24, 0x21, 0x24, 0x21, 0x59, 0xCE, 0x59, 0xCE, 0x59, 0xCE, 0x59, 0xCE,
    0x59, 0xCE, 0x59, 0xCE, 0x59, 0xCE, 0x04, 0x21, 0x04, 0x21, 0x04, 0x21, 0x04, 0x21, 0x04, 0x21,
    0x38, 0xC6, 0x38, 0xC6, 0x49, 0x4A, 0xFF, 0xFF, 0xAE, 0x73, 0x04, 0x21, 0xCB, 0x5A, 0xFF, 0xFF,
    0xAE, 0x73, 0x04, 0x21, 0x04, 0x21, 0x04, 0x21, 0x04, 0x21, 0x59, 0xCE, 0x59, 0xCE, 0x59, 0xCE,
    0x59, 0xCE, 0x59, 0xCE, 0x59, 0xCE, 0x59, 0xCE, 0x59, 0xCE, 0x59, 0xCE, 0x59, 0xCE, 0x59, 0xCE,
    0x59, 0xCE, 0x59, 0xCE, 0x59, 0xCE, 0x59, 0xCE, 0x59, 0xCE, 0x59, 0xCE, 0x59, 0xCE, 0x59, 0xCE,
    0x59, 0xCE, 0x59, 0xCE, 0x59, 0xCE, 0x59, 0xCE, 0x59, 0xCE, 0x59, 0xCE, 0x59, 0xCE, 0x59, 0xCE,
    0x59, 0xCE, 0x59, 0xCE, 0x59, 0xCE, 0x59, 0xCE, 0x59, 0xCE, 0x59, 0xCE, 0x59, 0xCE, 0x59, 0xCE,
    0x59, 0xCE, 0x59, 0xCE, 0x59, 0xCE, 0x59, 0xCE, 0x59, 0xCE, 0x59, 0xCE, 0x59, 0xCE, 0x59, 0xCE,
    0x59, 0xCE, 0x59, 0xCE, 0x59, 0xCE, 0x59, 0xCE, 0x59, 0xCE, 0x59, 0xCE, 0x59, 0xCE, 0x59, 0xCE,
    0x59, 0xCE, 0x59, 0xCE, 0x59, 0xCE, 0x59, 0xCE, 0x59, 0xCE, 0x59, 0xCE, 0x59, 0xCE, 0x59, 0xCE,
    0x59, 0xCE, 0x59, 0xCE, 0x59, 0xCE, 0x59, 0xCE, 0x59, 0xCE, 0x59, 0xCE, 0x59, 0xCE, 0x59, 0xCE,
    0x59, 0xCE, 0x59, 0xCE, 0x59, 0xCE, 0x59, 0xCE, 0x59, 0xCE, 0x59, 0xCE, 0x59, 0xCE, 0x59, 0xCE,
    0x59, 0xCE, 0x59, 0xCE, 0x59, 0xCE, 0x59, 0xCE, 0x59, 0xCE, 0x59, 0xCE, 0x59, 0xCE, 0x59, 0xCE,
    0x59, 0xCE, 0x59, 0xCE, 0xC7, 0x39, 0x1C, 0xDF, 0x1C, 0xE7, 0x3C, 0xE7, 0x5D, 0xEF, 0x7D, 0xEF,
    0xBA, 0xD6, 0xBA, 0xD6, 0xBA, 0xD6, 0xBA, 0xD6, 0xBA, 0xD6, 0xBA, 0xD6, 0xBA, 0xD6, 0xBA, 0xD6,
    0xBA, 0xD6, 0xBA, 0xD6, 0xBA, 0xD6, 0xDB, 0xDE, 0xDB, 0xDE, 0x9E, 0xF7, 0xFF, 0xFF, 0xFF, 0xFF,
    0xFF, 0xFF, 0x9A, 0xCE, 0x00, 0x00, 0x00, 0x00, 0x14, 0x9D, 0xFF, 0xFF, 0xFF, 0xFF, 0xFF, 0xFF,
    0xFF, 0xFF, 0xFB, 0xDE, 0x04, 0x21, 0x00, 0x00, 0x04, 0x21, 0x1C, 0xDF, 0xFF, 0xFF, 0x10, 0x7C,
    0x00, 0x00, 0x00, 0x00, 0x7D, 0xEF, 0xFF, 0xFF, 0xFF, 0xFF, 0x0C, 0x5B, 0x00, 0x00, 0x00, 0x00,
    0x1C, 0xE7, 0xFF, 0xFF, 0xFF, 0xFF, 0xFF, 0xFF, 0xFF, 0xFF, 0xFF, 0xFF, 0xFF, 0xFF, 0xFF, 0xFF,
    0xFF, 0xFF, 0xFF, 0xFF, 0xFF, 0xFF, 0xFF, 0xFF, 0x8E, 0x6B, 0x00, 0x00, 0x00, 0x00, 0x00, 0x00,
    0x00, 0x00, 0x00, 0x00, 0x00, 0x00, 0x00, 0x00, 0x00, 0x00, 0x08, 0x42, 0x96, 0xAD, 0xFF, 0xFF,
    0xFF, 0xFF, 0xFF, 0xFF, 0xFF, 0xFF, 0xFF, 0xFF, 0xFF, 0xFF, 0xFF, 0xFF, 0xFF, 0xFF, 0x8E, 0x6B,
    0x00, 0x00, 0x7D, 0xEF, 0xFF, 0xFF, 0xFF, 0xFF, 0xFF, 0xFF, 0xFF, 0xFF, 0x0C, 0x63, 0x00, 0x00,
    0x8A, 0x4A, 0xFF, 0xFF, 0xFF, 0xFF, 0xFF, 0xFF, 0xFF, 0xFF, 0xBF, 0x9C, 0x9F, 0x20, 0x9F, 0x20,
    0x9F, 0x20, 0x9F, 0x9C, 0xFF, 0xFF, 0xFF, 0xFF, 0xFF, 0xFF, 0xFF, 0x6A, 0x9F, 0x20, 0x9F, 0x20,
    0xFF, 0x28, 0x7F, 0xF7, 0xFF, 0xFF, 0xFF, 0xFF, 0xDF, 0xA4, 0x9F, 0x20, 0x9F, 0x20, 0x9F, 0x20,
    0xFF, 0xC5, 0xFF, 0xFF, 0xFF, 0xFF, 0xFF, 0xFF, 0xDF, 0x49, 0x9F, 0x20, 0x9F, 0x20, 0x3F, 0x52,
    0xFF, 0xFF, 0xFF, 0xFF, 0xFF, 0xFF, 0x9F, 0xD6, 0x9F, 0x20, 0x9F, 0x20, 0x9F, 0x20, 0x9F, 0x9C,
    0xFF, 0xFF, 0xFF, 0xFF, 0xFF, 0xFF, 0xFF, 0xFF, 0xFF, 0xFF, 0xFF, 0xE6, 0x9F, 0x41, 0xFF, 0xE6,
    0xFF, 0xFF, 0xFF, 0xFF, 0xFF, 0xFF, 0xFF, 0xFF, 0xDF, 0xFF, 0xDF, 0xFF, 0xDF, 0xFF, 0xDF, 0xFF,
    0xDF, 0xFF, 0xDF, 0xFF, 0xDF, 0xFF, 0xDF, 0xFF, 0xDF, 0xFF, 0xDF, 0xFF, 0xDF, 0xFF, 0xFF, 0xFF,
    0xDF, 0xFF, 0xFF, 0xFF, 0xDF, 0xFF, 0xFF, 0xFF, 0xFF, 0xFF, 0xFF, 0xFF, 0xFF, 0xFF, 0xFF, 0xFF,
    0xFF, 0xFF, 0xFF, 0xFF, 0xFF, 0xFF, 0x24, 0x21, 0x24, 0x21, 0x24, 0x21, 0x24, 0x21, 0x45, 0x29,
    0x65, 0x29, 0xA6, 0x31, 0xAA, 0x52, 0xFF, 0xFF, 0x86, 0x31, 0x24, 0x21, 0x45, 0x29, 0x65, 0x29,
    0xA6, 0x31, 0xE7, 0x39, 0x08, 0x42, 0x49, 0x4A, 0x69, 0x4A, 0x8A, 0x52, 0x8A, 0x52, 0xAE, 0x73,
    0xBE, 0xF7, 0xFF, 0xFF, 0xFF, 0xFF, 0xFF, 0xFF, 0xFF, 0xFF, 0xFF, 0xFF, 0xBE, 0xF7, 0xFF, 0xFF,
    0xFF, 0xFF, 0xFF, 0xFF, 0xFF, 0xFF, 0xFF, 0xFF, 0xFF, 0xFF, 0xFF, 0xFF, 0xFF, 0xFF, 0xCF, 0x7B,
    0x24, 0x21, 0x24, 0x21, 0xA6, 0x31, 0xFF, 0xFF, 0x0C, 0x63, 0x86, 0x31, 0x65, 0x29, 0x24, 0x21,
    0x24, 0x21, 0x24, 0x21, 0x24, 0x21, 0x24, 0x21, 0x59, 0xCE, 0x59, 0xCE, 0x59, 0xCE, 0x59, 0xCE,
    0x59, 0xCE, 0x59, 0xCE, 0x59, 0xCE, 0x04, 0x21, 0x04, 0x21, 0x04, 0x21, 0x04, 0x21, 0x04, 0x21,
    0x10, 0x84, 0xFF, 0xFF, 0x92, 0x94, 0xFF, 0xFF, 0xE7, 0x39, 0x04, 0x21, 0xCB, 0x5A, 0xFF, 0xFF,
    0xAE, 0x73, 0x04, 0x21, 0x04, 0x21, 0x04, 0x21, 0x04, 0x21, 0x59, 0xCE, 0x59, 0xCE, 0x59, 0xCE,
    0x59, 0xCE, 0x59, 0xCE, 0x59, 0xCE, 0x59, 0xCE, 0x59, 0xCE, 0x59, 0xCE, 0x59, 0xCE, 0x59, 0xCE,
    0x59, 0xCE, 0x59, 0xCE, 0x59, 0xCE, 0x59, 0xCE, 0x59, 0xCE, 0x59, 0xCE, 0x59, 0xCE, 0x59, 0xCE,
    0x59, 0xCE, 0x59, 0xCE, 0x59, 0xCE, 0x59, 0xCE, 0x59, 0xCE, 0x59, 0xCE, 0x59, 0xCE, 0x59, 0xCE,
    0x59, 0xCE, 0x59, 0xCE, 0x59, 0xCE, 0x59, 0xCE, 0x59, 0xCE, 0x59, 0xCE, 0x59, 0xCE, 0x59, 0xCE,
    0x59, 0xCE, 0x59, 0xCE, 0x59, 0xCE, 0x59, 0xCE, 0x59, 0xCE, 0x59, 0xCE, 0x59, 0xCE, 0x59, 0xCE,
    0x59, 0xCE, 0x59, 0xCE, 0x59, 0xCE, 0x59, 0xCE, 0x59, 0xCE, 0x59, 0xCE, 0x59, 0xCE, 0x59, 0xCE,
    0x59, 0xCE, 0x59, 0xCE, 0x59, 0xCE, 0x59, 0xCE, 0x59, 0xCE, 0x59, 0xCE, 0x59, 0xCE, 0x59, 0xCE,
    0x59, 0xCE, 0x59, 0xCE, 0x59, 0xCE, 0x59, 0xCE, 0x59, 0xCE, 0x59, 0xCE, 0x59, 0xCE, 0x59, 0xCE,
    0x59, 0xCE, 0x59, 0xCE, 0x59, 0xCE, 0x59, 0xCE, 0x59, 0xCE, 0x59, 0xCE, 0x59, 0xCE, 0x59, 0xCE,
    0x59, 0xCE, 0x59, 0xCE, 0x59, 0xCE, 0x59, 0xCE, 0x59, 0xCE, 0x59, 0xCE, 0x59, 0xCE, 0x59, 0xCE,
    0x59, 0xCE, 0x59, 0xCE, 0xC7, 0x39, 0xFB, 0xDE, 0x1C, 0xE7, 0x3C, 0xE7, 0x5D, 0xEF, 0x7D, 0xEF,
    0xBA, 0xD6, 0xBA, 0xD6, 0xBA, 0xD6, 0xBA, 0xD6, 0xBA, 0xD6, 0xBA, 0xD6, 0xBA, 0xD6, 0xBA, 0xD6,
    0xBA, 0xD6, 0xBA, 0xD6, 0xBA, 0xD6, 0xDB, 0xDE, 0xDB, 0xDE, 0x5D, 0xEF, 0xFF, 0xFF, 0xFF, 0xFF,
    0xFF, 0xFF, 0x7D, 0xEF, 0x00, 0x00, 0x00, 0x00, 0x8E, 0x6B, 0xFF, 0xFF, 0xFF, 0xFF, 0xFF, 0xFF,
    0xFF, 0xFF, 0xFF, 0xFF, 0xFB, 0xDE, 0x04, 0x21, 0x00, 0x00, 0x00, 0x00, 0x0C, 0x63, 0x0C, 0x63,
    0x00, 0x00, 0x00, 0x00, 0x1C, 0xE7, 0xFF, 0xFF, 0xFF, 0xFF, 0x92, 0x8C, 0x00, 0x00, 0x00, 0x00,
    0x79, 0xCE, 0xFF, 0xFF, 0xFF, 0xFF, 0xFF, 0xFF, 0xFF, 0xFF, 0xFF, 0xFF, 0xFF, 0xFF, 0xFF, 0xFF,
    0xFF, 0xFF, 0xFF, 0xFF, 0xFF, 0xFF, 0xFF, 0xFF, 0x96, 0xAD, 0x00, 0x00, 0x00, 0x00, 0x04, 0x21,
    0x18, 0xBE, 0x96, 0xAD, 0x0C, 0x5B, 0x04, 0x21, 0x00, 0x00, 0x00, 0x00, 0x00, 0x00, 0x04, 0x21,
    0x14, 0x9D, 0xFF, 0xFF, 0xFF, 0xFF, 0xFF, 0xFF, 0xFF, 0xFF, 0xFF, 0xFF, 0xFF, 0xFF, 0x18, 0xBE,
    0x00, 0x00, 0x10, 0x7C, 0xFF, 0xFF, 0xFF, 0xFF, 0xFF, 0xFF, 0xFB, 0xDE, 0x00, 0x00, 0x00, 0x00,
    0x14, 0x9D, 0xFF, 0xFF, 0xFF, 0xFF, 0xFF, 0xFF, 0xFF, 0xFF, 0x7F, 0xD6, 0x9F, 0x20, 0x9F, 0x20,
    0x9F, 0x20, 0x9F, 0x9C, 0xFF, 0xFF, 0xFF, 0xFF, 0xFF, 0xFF, 0xFF, 0x6A, 0x9F, 0x20, 0x9F, 0x20,
    0xFF, 0x28, 0x7F, 0xF7, 0xFF, 0xFF, 0xFF, 0xFF, 0xDF, 0xA4, 0x9F, 0x20, 0x9F, 0x20, 0x9F, 0x20,
    0xFF, 0xC5, 0xFF, 0xFF, 0xFF, 0xFF, 0xFF, 0xFF, 0xDF, 0x49, 0x9F, 0x20, 0x9F, 0x20, 0x3F, 0x52,
    0xFF, 0xFF, 0xFF, 0xFF, 0xFF, 0xFF, 0x9F, 0xD6, 0x9F, 0x20, 0x9F, 0x20, 0x9F, 0x20, 0x9F, 0x9C,
    0xFF, 0xFF, 0xFF, 0xFF, 0xFF, 0xFF, 0xFF, 0xFF, 0xDF, 0xFF, 0xFF, 0x49, 0xFF, 0x28, 0x7F, 0xEF,
    0xFF, 0xFF, 0xFF, 0xFF, 0xFF, 0xFF, 0xFF, 0xFF, 0xDF, 0xFF, 0xDF, 0xFF, 0xDF, 0xFF, 0xDF, 0xFF,
    0xDF, 0xFF, 0xDF, 0xFF, 0xDF, 0xFF, 0xDF, 0xFF, 0xDF, 0xFF, 0xDF, 0xFF, 0xDF, 0xFF, 0xDF, 0xFF,
    0xFF, 0xFF, 0xDF, 0xFF, 0xFF, 0xFF, 0xDF, 0xFF, 0xFF, 0xFF, 0xFF, 0xFF, 0xFF, 0xFF, 0xFF, 0xFF,
    0xFF, 0xFF, 0xFF, 0xFF, 0xFF, 0xFF, 0x24, 0x21, 0x24, 0x21, 0x24, 0x21, 0x24, 0x21, 0x45, 0x29,
    0x65, 0x29, 0xA6, 0x31, 0xE7, 0x39, 0xBE, 0xF7, 0xEB, 0x5A, 0x24, 0x21, 0x24, 0x21, 0x45, 0x29,
    0x65, 0x29, 0x86, 0x31, 0xC7, 0x39, 0xE7, 0x39, 0xCB, 0x5A, 0x4D, 0x6B, 0x34, 0xA5, 0xFF, 0xFF,
    0xFF, 0xFF, 0xFF, 0xFF, 0xFF, 0xFF, 0xFF, 0xFF, 0xF7, 0xBD, 0x2C, 0x63, 0x8E, 0x73, 0xBE, 0xF7,
    0xFF, 0xFF, 0xFF, 0xFF, 0xFF, 0xFF, 0xFF, 0xFF, 0xFF, 0xFF, 0xFF, 0xFF, 0xFF, 0xFF, 0x59, 0xCE,
    0x45, 0x29, 0x24, 0x21, 0xEB, 0x5A, 0x9E, 0xF7, 0xE7, 0x39, 0xA6, 0x31, 0x65, 0x29, 0x45, 0x29,
    0x24, 0x21, 0x24, 0x21, 0x24, 0x21, 0x24, 0x21, 0x59, 0xCE, 0x59, 0xCE, 0x59, 0xCE, 0x59, 0xCE,
    0x59, 0xCE, 0x59, 0xCE, 0x59, 0xCE, 0x04, 0x21, 0x04, 0x21, 0x04, 0x21, 0x04, 0x21, 0x04, 0x21,
    0x65, 0x29, 0xFF, 0xFF, 0x9E, 0xF7, 0x38, 0xC6, 0x04, 0x21, 0x04, 0x21, 0xCB, 0x5A, 0xFF, 0xFF,
    0xAE, 0x73, 0x04, 0x21, 0x04, 0x21, 0x04, 0x21, 0x04, 0x21, 0x59, 0xCE, 0x59, 0xCE, 0x59, 0xCE,
    0x59, 0xCE, 0x59, 0xCE, 0x59, 0xCE, 0x59, 0xCE, 0x59, 0xCE, 0x59, 0xCE, 0x59, 0xCE, 0x59, 0xCE,
    0x59, 0xCE, 0x59, 0xCE, 0x59, 0xCE, 0x59, 0xCE, 0x59, 0xCE, 0x59, 0xCE, 0x59, 0xCE, 0x59, 0xCE,
    0x59, 0xCE, 0x59, 0xCE, 0x59, 0xCE, 0x59, 0xCE, 0x59, 0xCE, 0x59, 0xCE, 0x59, 0xCE, 0x59, 0xCE,
    0x59, 0xCE, 0x59, 0xCE, 0x59, 0xCE, 0x59, 0xCE, 0x59, 0xCE, 0x59, 0xCE, 0x59, 0xCE, 0x59, 0xCE,
    0x59, 0xCE, 0x59, 0xCE, 0x59, 0xCE, 0x59, 0xCE, 0x59, 0xCE, 0x59, 0xCE, 0x59, 0xCE, 0x59, 0xCE,
    0x59, 0xCE, 0x59, 0xCE, 0x59, 0xCE, 0x59, 0xCE, 0x59, 0xCE, 0x59, 0xCE, 0x59, 0xCE, 0x59, 0xCE,
    0x59, 0xCE, 0x59, 0xCE, 0x59, 0xCE, 0x59, 0xCE, 0x59, 0xCE, 0x59, 0xCE, 0x59, 0xCE, 0x59, 0xCE,
    0x59, 0xCE, 0x59, 0xCE, 0x59, 0xCE, 0x59, 0xCE, 0x59, 0xCE, 0x59, 0xCE, 0x59, 0xCE, 0x59, 0xCE,
    0x59, 0xCE, 0x59, 0xCE, 0x59, 0xCE, 0x59, 0xCE, 0x59, 0xCE, 0x59, 0xCE, 0x59, 0xCE, 0x59, 0xCE,
    0x59, 0xCE, 0x59, 0xCE, 0x59, 0xCE, 0x59, 0xCE, 0x59, 0xCE, 0x59, 0xCE, 0x59, 0xCE, 0x59, 0xCE,
    0x59, 0xCE, 0x59, 0xCE, 0xC7, 0x39, 0xFB, 0xDE, 0x1C, 0xE7, 0x3C, 0xE7, 0x5D, 0xEF, 0x7D, 0xEF,
    0xBA, 0xD6, 0xBA, 0xD6, 0xBA, 0xD6, 0xBA, 0xD6, 0xBA, 0xD6, 0xBA, 0xD6, 0xBA, 0xD6, 0xBA, 0xD6,
    0xBA, 0xD6, 0xBA, 0xD6, 0xBA, 0xD6, 0xDB, 0xDE, 0xDB, 0xDE, 0x3C, 0xE7, 0xFF, 0xFF, 0xFF, 0xFF,
    0xFF, 0xFF, 0xFF, 0xFF, 0x04, 0x21, 0x00, 0x00, 0x8A, 0x4A, 0xFF, 0xFF, 0xFF, 0xFF, 0xFF, 0xFF,
    0xFF, 0xFF, 0xFF, 0xFF, 0xFF, 0xFF, 0xFB, 0xDE, 0x04, 0x21, 0x00, 0x00, 0x00, 0x00, 0x00, 0x00,
    0x00, 0x00, 0x00, 0x00, 0x1C, 0xE7, 0xFF, 0xFF, 0xFF, 0xFF, 0x18, 0xBE, 0x00, 0x00, 0x00, 0x00,
    0x14, 0x9D, 0xFF, 0xFF, 0xFF, 0xFF, 0xFF, 0xFF, 0xFF, 0xFF, 0xFF, 0xFF, 0xFF, 0xFF, 0x7D, 0xEF,
    0x10, 0x84, 0x86, 0x31, 0x79, 0xCE, 0xFF, 0xFF, 0x7D, 0xEF, 0x00, 0x00, 0x00, 0x00, 0x00, 0x00,
    0x18, 0xBE, 0xFF, 0xFF, 0xFF, 0xFF, 0xFF, 0xFF, 0x14, 0x9D, 0x04, 0x21, 0x00, 0x00, 0x00, 0x00,
    0x00, 0x00, 0x04, 0x21, 0x14, 0x9D, 0xFF, 0xFF, 0xFF, 0xFF, 0xFF, 0xFF, 0xFF, 0xFF, 0x7D, 0xEF,
    0x82, 0x10, 0x82, 0x10, 0x1C, 0xDF, 0xFF, 0xFF, 0xFF, 0xFF, 0x0C, 0x63, 0x00, 0x00, 0x00, 0x00,
    0x7D, 0xEF, 0xFF, 0xFF, 0xFF, 0xFF, 0xFF, 0xFF, 0xFF, 0xFF, 0x9F, 0xD6, 0x9F, 0x20, 0x9F, 0x20,
    0x9F, 0x20, 0x9F, 0x9C, 0xFF, 0xFF, 0xFF, 0xFF, 0xFF, 0xFF, 0xFF, 0x6A, 0x9F, 0x20, 0x9F, 0x20,
    0xFF, 0x28, 0x7F, 0xEF, 0xFF, 0xFF, 0xFF, 0xFF, 0xDF, 0xA4, 0x9F, 0x20, 0x9F, 0x20, 0x9F, 0x20,
    0xFF, 0xC5, 0xFF, 0xFF, 0xFF, 0xFF, 0xFF, 0xFF, 0xDF, 0x49, 0x9F, 0x20, 0x9F, 0x20, 0x3F, 0x52,
    0xFF, 0xFF, 0xFF, 0xFF, 0xFF, 0xFF, 0x9F, 0xD6, 0x9F, 0x20, 0x9F, 0x20, 0x9F, 0x20, 0x9F, 0x9C,
    0xFF, 0xFF, 0xFF, 0xFF, 0xDF, 0xFF, 0xBF, 0x9C, 0xDF, 0x49, 0x9F, 0x20, 0xFF, 0x28, 0x7F, 0xF7,
    0xFF, 0xFF, 0xFF, 0xFF, 0xFF, 0xFF, 0xFF, 0xFF, 0xDF, 0xFF, 0xDF, 0xFF, 0xDF, 0xFF, 0xDF, 0xFF,
    0xDF, 0xFF, 0xDF, 0xFF, 0xDF, 0xFF, 0xDF, 0xFF, 0xDF, 0xFF, 0xDF, 0xFF, 0xDF, 0xFF, 0xDF, 0xFF,
    0xDF, 0xFF, 0xDF, 0xFF, 0xFF, 0xFF, 0xFF, 0xFF, 0xFF, 0xFF, 0xFF, 0xFF, 0xFF, 0xFF, 0xFF, 0xFF,
    0xFF, 0xFF, 0xFF, 0xFF, 0xFF, 0xFF, 0x24, 0x21, 0x24, 0x21, 0x24, 0x21, 0x24, 0x21, 0x45, 0x29,
    0x65, 0x29, 0xA6, 0x31, 0xE7, 0x39, 0x9A, 0xD6, 0x14, 0xA5, 0x24, 0x21, 0x24, 0x21, 0x24, 0x21,
    0x45, 0x29, 0x28, 0x42, 0x79, 0xCE, 0xFF, 0xFF, 0xFF, 0xFF, 0xFF, 0xFF, 0xFF, 0xFF, 0xFF, 0xFF,
    0xFF, 0xFF, 0xFF, 0xFF, 0xFF, 0xFF, 0xFF, 0xFF, 0xCB, 0x5A, 0x8A, 0x52, 0x8A, 0x52, 0x55, 0xAD,
    0xFF, 0xFF, 0xFF, 0xFF, 0xFF, 0xFF, 0xFF, 0xFF, 0xFF, 0xFF, 0xFF, 0xFF, 0xFF, 0xFF, 0x3C, 0xE7,
    0x45, 0x29, 0x45, 0x29, 0x75, 0xAD, 0x38, 0xC6, 0xE7, 0x39, 0x86, 0x31, 0x65, 0x29, 0x45, 0x29,
    0x24, 0x21, 0x24, 0x21, 0x24, 0x21, 0x24, 0x21, 0x59, 0xCE, 0x59, 0xCE, 0x59, 0xCE, 0x59, 0xCE,
    0x59, 0xCE, 0x59, 0xCE, 0x59, 0xCE, 0x04, 0x21, 0x04, 0x21, 0x04, 0x21, 0x04, 0x21, 0x04, 0x21,
    0x04, 0x21, 0x38, 0xC6, 0xFF, 0xFF, 0xAE, 0x73, 0x04, 0x21, 0x04, 0x21, 0xCB, 0x5A, 0xFF, 0xFF,
    0xAE, 0x73, 0x04, 0x21, 0x04, 0x21, 0x04, 0x21, 0x04, 0x21, 0x59, 0xCE, 0x59, 0xCE, 0x59, 0xCE,
    0x59, 0xCE, 0x59, 0xCE, 0x59, 0xCE, 0x59, 0xCE, 0x59, 0xCE, 0x59, 0xCE, 0x59, 0xCE, 0x59, 0xCE,
    0x59, 0xCE, 0x59, 0xCE, 0x59, 0xCE, 0x59, 0xCE, 0x59, 0xCE, 0x59, 0xCE, 0x59, 0xCE, 0x59, 0xCE,
    0x59, 0xCE, 0x59, 0xCE, 0x59, 0xCE, 0x59, 0xCE, 0x59, 0xCE, 0x59, 0xCE, 0x59, 0xCE, 0x59, 0xCE,
    0x59, 0xCE, 0x59, 0xCE, 0x59, 0xCE, 0x59, 0xCE, 0x59, 0xCE, 0x59, 0xCE, 0x59, 0xCE, 0x59, 0xCE,
    0x59, 0xCE, 0x59, 0xCE, 0x59, 0xCE, 0x59, 0xCE, 0x59, 0xCE, 0x59, 0xCE, 0x59, 0xCE, 0x59, 0xCE,
    0x59, 0xCE, 0x59, 0xCE, 0x59, 0xCE, 0x59, 0xCE, 0x59, 0xCE, 0x59, 0xCE, 0x59, 0xCE, 0x59, 0xCE,
    0x59, 0xCE, 0x59, 0xCE, 0x59, 0xCE, 0x59, 0xCE, 0x59, 0xCE, 0x59, 0xCE, 0x59, 0xCE, 0x59, 0xCE,
    0x59, 0xCE, 0x59, 0xCE, 0x59, 0xCE, 0x59, 0xCE, 0x59, 0xCE, 0x59, 0xCE, 0x59, 0xCE, 0x59, 0xCE,
    0x59, 0xCE, 0x59, 0xCE, 0x59, 0xCE, 0x59, 0xCE, 0x59, 0xCE, 0x59, 0xCE, 0x59, 0xCE, 0x59, 0xCE,
    0x59, 0xCE, 0x59, 0xCE, 0x59, 0xCE, 0x59, 0xCE, 0x59, 0xCE, 0x59, 0xCE, 0x59, 0xCE, 0x59, 0xCE,
    0x59, 0xCE, 0x59, 0xCE, 0xC7, 0x39, 0xFB, 0xDE, 0x1C, 0xE7, 0x3C, 0xE7, 0x5D, 0xEF, 0x7D, 0xEF,
    0xBA, 0xD6, 0xBA, 0xD6, 0xBA, 0xD6, 0xBA, 0xD6, 0xBA, 0xD6, 0xBA, 0xD6, 0xBA, 0xD6, 0xBA, 0xD6,
    0xBA, 0xD6, 0xBA, 0xD6, 0xBA, 0xD6, 0xDB, 0xDE, 0xDB, 0xDE, 0xFB, 0xDE, 0xFF, 0xFF, 0xFF, 0xFF,
    0xFF, 0xFF, 0xFF, 0xFF, 0x8A, 0x52, 0x00, 0x00, 0x04, 0x21, 0xFF, 0xFF, 0xFF, 0xFF, 0xFF, 0xFF,
    0xFF, 0xFF, 0xFF, 0xFF, 0xFF, 0xFF, 0xFF, 0xFF, 0xFB, 0xDE, 0x0C, 0x5B, 0x00, 0x00, 0x00, 0x00,
    0x00, 0x00, 0x00, 0x00, 0x1C, 0xE7, 0xFF, 0xFF, 0xFF, 0xFF, 0x7D, 0xEF, 0x00, 0x00, 0x00, 0x00,
    0x8E, 0x6B, 0xFF, 0xFF, 0xFF, 0xFF, 0xFF, 0xFF, 0xFF, 0xFF, 0x7D, 0xEF, 0x8E, 0x73, 0x00, 0x00,
    0x00, 0x00, 0x82, 0x10, 0x1C, 0xDF, 0xFF, 0xFF, 0xFF, 0xFF, 0x08, 0x42, 0x00, 0x00, 0x00, 0x00,
    0x8E, 0x6B, 0xFF, 0xFF, 0xFF, 0xFF, 0xFF, 0xFF, 0xFF, 0xFF, 0xFF, 0xFF, 0x14, 0x9D, 0x04, 0x21,
    0x00, 0x00, 0x00, 0x00, 0x00, 0x00, 0x04, 0x21, 0x7D, 0xEF, 0xFF, 0xFF, 0xFF, 0xFF, 0xFF, 0xFF,
    0x08, 0x42, 0x00, 0x00, 0x86, 0x31, 0x7D, 0xEF, 0x14, 0x9D, 0x00, 0x00, 0x00, 0x00, 0x0C, 0x63,
    0xFF, 0xFF, 0xFF, 0xFF, 0xFF, 0xFF, 0xFF, 0xFF, 0xFF, 0xFF, 0x9F, 0xD6, 0x9F, 0x20, 0x9F, 0x20,
    0x9F, 0x20, 0x9F, 0x9C, 0xFF, 0xFF, 0xFF, 0xFF, 0xFF, 0xFF, 0xFF, 0x6A, 0x9F, 0x20, 0x9F, 0x20,
    0xFF, 0x28, 0x7F, 0xF7, 0xFF, 0xFF, 0xFF, 0xFF, 0xDF, 0xA4, 0x9F, 0x20, 0x9F, 0x20, 0x9F, 0x20,
    0xFF, 0xC5, 0xFF, 0xFF, 0xFF, 0xFF, 0xFF, 0xFF, 0xDF, 0x49, 0x9F, 0x20, 0x9F, 0x20, 0x3F, 0x52,
    0xFF, 0xFF, 0xFF, 0xFF, 0xFF, 0xFF, 0x9F, 0xD6, 0x9F, 0x20, 0x9F, 0x20, 0x9F, 0x20, 0x9F, 0x9C,
    0xFF, 0xFF, 0xFF, 0xFF, 0xFF, 0xFF, 0x5F, 0x73, 0x9F, 0x20, 0x9F, 0x20, 0xFF, 0x28, 0x7F, 0xF7,
    0xFF, 0xFF, 0xFF, 0xFF, 0xFF, 0xFF, 0xFF, 0xFF, 0xDF, 0xFF, 0xDF, 0xFF, 0xDF, 0xFF, 0xDF, 0xFF,
    0xDF, 0xFF, 0xDF, 0xFF, 0xDF, 0xFF, 0xDF, 0xFF, 0xDF, 0xFF, 0xDF, 0xFF, 0xDF, 0xFF, 0xDF, 0xFF,
    0xDF, 0xFF, 0xDF, 0xFF, 0xFF, 0xFF, 0xFF, 0xFF, 0xFF, 0xFF, 0xFF, 0xFF, 0xFF, 0xFF, 0xDF, 0xFF,
    0xFF, 0xFF, 0xFF, 0xFF, 0xFF, 0xFF, 0x24, 0x21, 0x24, 0x21, 0x24, 0x21, 0x24, 0x21, 0x45, 0x29,
    0x65, 0x29, 0x86, 0x31, 0xE7, 0x39, 0x10, 0x84, 0x9E, 0xF7, 0xA6, 0x31, 0x24, 0x21, 0x24, 0x21,
    0x45, 0x29, 0x3C, 0xE7, 0xFF, 0xFF, 0xFF, 0xFF, 0xFF, 0xFF, 0xFF, 0xFF, 0xFF, 0xFF, 0xFF, 0xFF,
    0xFF, 0xFF, 0xFF, 0xFF, 0xFF, 0xFF, 0xBE, 0xF7, 0x8A, 0x52, 0x8A, 0x52, 0x8A, 0x52, 0xAE, 0x73,
    0xFF, 0xFF, 0xFF, 0xFF, 0xFF, 0xFF, 0xFF, 0xFF, 0xFF, 0xFF, 0xFF, 0xFF, 0xFF, 0xFF, 0xDB, 0xDE,
    0x65, 0x29, 0x45, 0x29, 0x3C, 0xE7, 0x71, 0x8C, 0xE7, 0x39, 0x86, 0x31, 0x65, 0x29, 0x24, 0x21,
    0x24, 0x21, 0x24, 0x21, 0x24, 0x21, 0x24, 0x21, 0x59, 0xCE, 0x59, 0xCE, 0x59, 0xCE, 0x59, 0xCE,
    0x59, 0xCE, 0x59, 0xCE, 0x59, 0xCE, 0x04, 0x21, 0x04, 0x21, 0x04, 0x21, 0x04, 0x21, 0x04, 0x21,
    0x04, 0x21, 0x04, 0x21, 0x04, 0x21, 0x04, 0x21, 0x04, 0x21, 0x04, 0x21, 0x04, 0x21, 0x04, 0x21,
    0x04, 0x21, 0x04, 0x21, 0x04, 0x21, 0x04, 0x21, 0x04, 0x21, 0x59, 0xCE, 0x59, 0xCE, 0x59, 0xCE,
    0x59, 0xCE, 0x59, 0xCE, 0x59, 0xCE, 0x59, 0xCE, 0x59, 0xCE, 0x59, 0xCE, 0x59, 0xCE, 0x59, 0xCE,
    0x59, 0xCE, 0x59, 0xCE, 0x59, 0xCE, 0x59, 0xCE, 0x59, 0xCE, 0x59, 0xCE, 0x59, 0xCE, 0x59, 0xCE,
    0x59, 0xCE, 0x59, 0xCE, 0x59, 0xCE, 0x59, 0xCE, 0x59, 0xCE, 0x59, 0xCE, 0x59, 0xCE, 0x59, 0xCE,
    0x59, 0xCE, 0x59, 0xCE, 0x59, 0xCE, 0x59, 0xCE, 0x59, 0xCE, 0x59, 0xCE, 0x59, 0xCE, 0x59, 0xCE,
    0x59, 0xCE, 0x59, 0xCE, 0x59, 0xCE, 0x59, 0xCE, 0x59, 0xCE, 0x59, 0xCE, 0x59, 0xCE, 0x59, 0xCE,
    0x59, 0xCE, 0x59, 0xCE, 0x59, 0xCE, 0x59, 0xCE, 0x59, 0xCE, 0x59, 0xCE, 0x59, 0xCE, 0x59, 0xCE,
    0x59, 0xCE, 0x59, 0xCE, 0x59, 0xCE, 0x59, 0xCE, 0x59, 0xCE, 0x59, 0xCE, 0x59, 0xCE, 0x59, 0xCE,
    0x59, 0xCE, 0x59, 0xCE, 0x59, 0xCE, 0x59, 0xCE, 0x59, 0xCE, 0x59, 0xCE, 0x59, 0xCE, 0x59, 0xCE,
    0x59, 0xCE, 0x59, 0xCE, 0x59, 0xCE, 0x59, 0xCE, 0x59, 0xCE, 0x59, 0xCE, 0x59, 0xCE, 0x59, 0xCE,
    0x59, 0xCE, 0x59, 0xCE, 0x59, 0xCE, 0x59, 0xCE, 0x59, 0xCE, 0x59, 0xCE, 0x59, 0xCE, 0x59, 0xCE,
    0x59, 0xCE, 0x59, 0xCE, 0xC7, 0x39, 0xFB, 0xDE, 0x1C, 0xE7, 0x3C, 0xE7, 0x5D, 0xEF, 0x7D, 0xEF,
    0xBA, 0xD6, 0xBA, 0xD6, 0xBA, 0xD6, 0xBA, 0xD6, 0xBA, 0xD6, 0xBA, 0xD6, 0xBA, 0xD6, 0xBA, 0xD6,
    0xBA, 0xD6, 0xBA, 0xD6, 0xBA, 0xD6, 0xBA, 0xD6, 0xDB, 0xDE, 0xDB, 0xDE, 0xDF, 0xFF, 0xFF, 0xFF,
    0xFF, 0xFF, 0xFF, 0xFF, 0x8E, 0x6B, 0x00, 0x00, 0x00, 0x00, 0x7D, 0xEF, 0xFF, 0xFF, 0xFF, 0xFF,
    0xFF, 0xFF, 0xFF, 0xFF, 0xFF, 0xFF, 0xFF, 0xFF, 0xFF, 0xFF, 0xFF, 0xFF, 0x14, 0x9D, 0x86, 0x31,
    0x00, 0x00, 0x04, 0x21, 0xFF, 0xFF, 0xFF, 0xFF, 0xFF, 0xFF, 0xFF, 0xFF, 0x08, 0x42, 0x00, 0x00,
    0x08, 0x42, 0xFF, 0xFF, 0xFF, 0xFF, 0xFF, 0xFF, 0x9A, 0xCE, 0x04, 0x21, 0x00, 0x00, 0x00, 0x00,
    0x04, 0x21, 0x9A, 0xCE, 0xFF, 0xFF, 0xFF, 0xFF, 0xFF, 0xFF, 0x96, 0xAD, 0x00, 0x00, 0x00, 0x00,
    0x82, 0x10, 0xFF, 0xFF, 0xFF, 0xFF, 0xFF, 0xFF, 0xFF, 0xFF, 0xFF, 0xFF, 0xFF, 0xFF, 0xFF, 0xFF,
    0x14, 0x9D, 0x08, 0x42, 0x00, 0x00, 0x00, 0x00, 0x14, 0x9D, 0xFF, 0xFF, 0xFF, 0xFF, 0xFF, 0xFF,
    0x92, 0x8C, 0x00, 0x00, 0x00, 0x00, 0x04, 0x21, 0x04, 0x21, 0x00, 0x00, 0x00, 0x00, 0x1C, 0xDF,
    0xFF, 0xFF, 0xFF, 0xFF, 0xFF, 0xFF, 0xFF, 0xFF, 0xFF, 0xFF, 0x9F, 0xD6, 0x9F, 0x20, 0x9F, 0x20,
    0x9F, 0x20, 0xFF, 0x49, 0x1F, 0xAD, 0x3F, 0xEF, 0xFF, 0xFF, 0xFF, 0x6A, 0x9F, 0x20, 0x9F, 0x20,
    0xFF, 0x28, 0x7F, 0xEF, 0xFF, 0xFF, 0xFF, 0xFF, 0xDF, 0xA4, 0x9F, 0x20, 0x9F, 0x20, 0x9F, 0x20,
    0xFF, 0xC5, 0xFF, 0xFF, 0xFF, 0xFF, 0xFF, 0xFF, 0xDF, 0x49, 0x9F, 0x20, 0x9F, 0x20, 0x3F, 0x52,
    0xFF, 0xFF, 0xFF, 0xFF, 0xFF, 0xFF, 0x9F, 0xD6, 0x9F, 0x20, 0x9F, 0x20, 0x9F, 0x20, 0x3F, 0x52,
    0x1F, 0xA5, 0x7F, 0xEF, 0xFF, 0xFF, 0x9F, 0x7B, 0x9F, 0x20, 0x9F, 0x20, 0x1F, 0x31, 0x9F, 0xF7,
    0xFF, 0xFF, 0xFF, 0xFF, 0xFF, 0xFF, 0xFF, 0xFF, 0xDF, 0xFF, 0xDF, 0xFF, 0xDF, 0xFF, 0xDF, 0xFF,
    0xDF, 0xFF, 0xDF, 0xFF, 0xDF, 0xFF, 0xDF, 0xFF, 0xDF, 0xFF, 0xDF, 0xFF, 0xDF, 0xFF, 0xDF, 0xFF,
    0xDF, 0xFF, 0xDF, 0xFF, 0xDF, 0xFF, 0xDF, 0xFF, 0xFF, 0xFF, 0xFF, 0xFF, 0xFF, 0xFF, 0xFF, 0xFF,
    0xFF, 0xFF, 0xFF, 0xFF, 0xFF, 0xFF, 0x24, 0x21, 0x24, 0x21, 0x24, 0x21, 0x24, 0x21, 0x24, 0x21,
    0x45, 0x29, 0x86, 0x31, 0xE7, 0x39, 0xAA, 0x52, 0xBE, 0xF7, 0x30, 0x84, 0x24, 0x21, 0x45, 0x29,
    0xEB, 0x5A, 0xFF, 0xFF, 0xFF, 0xFF, 0xFF, 0xFF, 0xFF, 0xFF, 0xFF, 0xFF, 0xFF, 0xFF, 0xFF, 0xFF,
    0xFF, 0xFF, 0xFF, 0xFF, 0xFF, 0xFF, 0x9A, 0xD6, 0x69, 0x4A, 0x69, 0x4A, 0x69, 0x4A, 0x4D, 0x6B,
    0xFF, 0xFF, 0xFF, 0xFF, 0xFF, 0xFF, 0xFF, 0xFF, 0xFF, 0xFF, 0xFF, 0xFF, 0xFF, 0xFF, 0x92, 0x94,
    0x86, 0x31, 0xCF, 0x7B, 0x5D, 0xEF, 0x49, 0x4A, 0xC7, 0x39, 0x86, 0x31, 0x45, 0x29, 0x24, 0x21,
    0x24, 0x21, 0x24, 0x21, 0x24, 0x21, 0x24, 0x21, 0x59, 0xCE, 0x59, 0xCE, 0x59, 0xCE, 0x59, 0xCE,
    0x59, 0xCE, 0x59, 0xCE, 0x59, 0xCE, 0x04, 0x21, 0x04, 0x21, 0x04, 0x21, 0x04, 0x21, 0x04, 0x21,
    0x04, 0x21, 0x04, 0x21, 0x04, 0x21, 0x04, 0x21, 0x04, 0x21, 0x04, 0x21, 0x04, 0x21, 0x04, 0x21,
    0x04, 0x21, 0x04, 0x21, 0x04, 0x21, 0x04, 0x21, 0x04, 0x21, 0x59, 0xCE, 0x59, 0xCE, 0x59, 0xCE,
    0x59, 0xCE, 0x59, 0xCE, 0x59, 0xCE, 0x59, 0xCE, 0x59, 0xCE, 0x59, 0xCE, 0x59, 0xCE, 0x59, 0xCE,
    0x59, 0xCE, 0x59, 0xCE, 0x59, 0xCE, 0x59, 0xCE, 0x59, 0xCE, 0x59, 0xCE, 0x59, 0xCE, 0x59, 0xCE,
    0x59, 0xCE, 0x59, 0xCE, 0x59, 0xCE, 0x59, 0xCE, 0x59, 0xCE, 0x59, 0xCE, 0x59, 0xCE, 0x59, 0xCE,
    0x59, 0xCE, 0x59, 0xCE, 0x59, 0xCE, 0x59, 0xCE, 0x59, 0xCE, 0x59, 0xCE, 0x59, 0xCE, 0x59, 0xCE,
    0x59, 0xCE, 0x59, 0xCE, 0x59, 0xCE, 0x59, 0xCE, 0x59, 0xCE, 0x59, 0xCE, 0x59, 0xCE, 0x59, 0xCE,
    0x59, 0xCE, 0x59, 0xCE, 0x59, 0xCE, 0x59, 0xCE, 0x59, 0xCE, 0x59, 0xCE, 0x59, 0xCE, 0x59, 0xCE,
    0x59, 0xCE, 0x59, 0xCE, 0x59, 0xCE, 0x59, 0xCE, 0x59, 0xCE, 0x59, 0xCE, 0x59, 0xCE, 0x59, 0xCE,
    0x59, 0xCE, 0x59, 0xCE, 0x59, 0xCE, 0x59, 0xCE, 0x59, 0xCE, 0x59, 0xCE, 0x59, 0xCE, 0x59, 0xCE,
    0x59, 0xCE, 0x59, 0xCE, 0x59, 0xCE, 0x59, 0xCE, 0x59, 0xCE, 0x59, 0xCE, 0x59, 0xCE, 0x59, 0xCE,
    0x59, 0xCE, 0x59, 0xCE, 0x59, 0xCE, 0x59, 0xCE, 0x59, 0xCE, 0x59, 0xCE, 0x59, 0xCE, 0x59, 0xCE,
    0x59, 0xCE, 0x59, 0xCE, 0xC7, 0x39, 0x1C, 0xDF, 0x1C, 0xE7, 0x3C, 0xE7, 0x5D, 0xEF, 0x7D, 0xEF,
    0xBA, 0xD6, 0xBA, 0xD6, 0xBA, 0xD6, 0xBA, 0xD6, 0xBA, 0xD6, 0xBA, 0xD6, 0xBA, 0xD6, 0xBA, 0xD6,
    0xBA, 0xD6, 0xBA, 0xD6, 0xBA, 0xD6, 0xBA, 0xD6, 0xDB, 0xDE, 0xDB, 0xDE, 0xBE, 0xF7, 0xFF, 0xFF,
    0xFF, 0xFF, 0xFF, 0xFF, 0x96, 0xAD, 0x00, 0x00, 0x00, 0x00, 0x79, 0xCE, 0xFF, 0xFF, 0xFF, 0xFF,
    0xFF, 0xFF, 0xFF, 0xFF, 0xFF, 0xFF, 0xFF, 0xFF, 0xFF, 0xFF, 0xFF, 0xFF, 0xFF, 0xFF, 0xFF, 0xFF,
    0xFF, 0xFF, 0x7D, 0xEF, 0xFF, 0xFF, 0xFF, 0xFF, 0xFF, 0xFF, 0xFF, 0xFF, 0x10, 0x7C, 0x00, 0x00,
    0x00, 0x00, 0x18, 0xBE, 0xFF, 0xFF, 0x92, 0x94, 0x00, 0x00, 0x00, 0x00, 0x00, 0x00, 0x08, 0x42,
    0x1C, 0xDF, 0xFF, 0xFF, 0xFF, 0xFF, 0xFF, 0xFF, 0xFF, 0xFF, 0xFF, 0xFF, 0x04, 0x21, 0x00, 0x00,
    0x00, 0x00, 0x1C, 0xE7, 0xFF, 0xFF, 0xFF, 0xFF, 0xFF, 0xFF, 0xFF, 0xFF, 0xFF, 0xFF, 0xFF, 0xFF,
    0xFF, 0xFF, 0xFF, 0xFF, 0xFF, 0xFF, 0x7D, 0xEF, 0xFF, 0xFF, 0xFF, 0xFF, 0xFF, 0xFF, 0xFF, 0xFF,
    0x7D, 0xEF, 0x82, 0x10, 0x00, 0x00, 0x00, 0x00, 0x00, 0x00, 0x00, 0x00, 0x10, 0x7C, 0xFF, 0xFF,
    0xFF, 0xFF, 0xFF, 0xFF, 0xFF, 0xFF, 0xFF, 0xFF, 0xFF, 0xFF, 0x9F, 0xB5, 0x9F, 0x20, 0x9F, 0x20,
    0x9F, 0x20, 0x9F, 0x20, 0x9F, 0x20, 0xFF, 0x28, 0x7F, 0x7B, 0xFF, 0x49, 0x9F, 0x20, 0x9F, 0x20,
    0xBF, 0x28, 0xFF, 0x83, 0xBF, 0xBD, 0xFF, 0xFF, 0xDF, 0xA4, 0x9F, 0x20, 0x9F, 0x20, 0x9F, 0x20,
    0xDF, 0x6A, 0x1F, 0xAD, 0xBF, 0xFF, 0xFF, 0xFF, 0xDF, 0x49, 0x9F, 0x20, 0x9F, 0x20, 0xFF, 0x28,
    0x9F, 0x9C, 0x5F, 0xCE, 0xFF, 0xFF, 0xBF, 0xBD, 0x9F, 0x20, 0x9F, 0x20, 0x9F, 0x20, 0x9F, 0x20,
    0x9F, 0x20, 0x1F, 0x31, 0xBF, 0x83, 0xBF, 0x62, 0xFF, 0x49, 0xFF, 0xC5, 0xDF, 0xFF, 0xFF, 0xFF,
    0xFF, 0xFF, 0xFF, 0xFF, 0xFF, 0xFF, 0xDF, 0xFF, 0xDF, 0xFF, 0xDF, 0xFF, 0xDF, 0xFF, 0xDF, 0xFF,
    0xDF, 0xFF, 0xDF, 0xFF, 0xDF, 0xFF, 0xDF, 0xFF, 0xDF, 0xFF, 0xDF, 0xFF, 0xDF, 0xFF, 0xDF, 0xFF,
    0xDF, 0xFF, 0xDF, 0xFF, 0xFF, 0xFF, 0xDF, 0xFF, 0xFF, 0xFF, 0xFF, 0xFF, 0xFF, 0xFF, 0xFF, 0xFF,
    0xFF, 0xFF, 0xFF, 0xFF, 0xFF, 0xFF, 0x24, 0x21, 0x24, 0x21, 0x24, 0x21, 0x24, 0x21, 0x24, 0x21,
    0x45, 0x29, 0x65, 0x29, 0xC7, 0x39, 0x28, 0x42, 0x34, 0xA5, 0x9E, 0xF7, 0xA6, 0x31, 0x45, 0x29,
    0x8A, 0x52, 0xFF, 0xFF, 0xFF, 0xFF, 0xFF, 0xFF, 0xFF, 0xFF, 0xFF, 0xFF, 0xFF, 0xFF, 0xFF, 0xFF,
    0xFF, 0xFF, 0xFF, 0xFF, 0xFF, 0xFF, 0x92, 0x94, 0x49, 0x4A, 0x28, 0x42, 0x49, 0x4A, 0x69, 0x4A,
    0xBE, 0xF7, 0xFF, 0xFF, 0xFF, 0xFF, 0xFF, 0xFF, 0xFF, 0xFF, 0xFF, 0xFF, 0x5D, 0xEF, 0x69, 0x4A,
    0x08, 0x42, 0x3C, 0xE7, 0x92, 0x94, 0x28, 0x42, 0xC7, 0x39, 0x86, 0x31, 0x45, 0x29, 0x24, 0x21,
    0x24, 0x21, 0x24, 0x21, 0x24, 0x21, 0x24, 0x21, 0x59, 0xCE, 0x59, 0xCE, 0x59, 0xCE, 0x59, 0xCE,
    0x59, 0xCE, 0x59, 0xCE, 0x59, 0xCE, 0x04, 0x21, 0x04, 0x21, 0x04, 0x21, 0x04, 0x21, 0x04, 0x21,
    0x04, 0x21, 0x04, 0x21, 0x04, 0x21, 0x04, 0x21, 0x04, 0x21, 0x04, 0x21, 0x04, 0x21, 0x04, 0x21,
    0x04, 0x21, 0x04, 0x21, 0x04, 0x21, 0x04, 0x21, 0x04, 0x21, 0x59, 0xCE, 0x59, 0xCE, 0x59, 0xCE,
    0x59, 0xCE, 0x59, 0xCE, 0x59, 0xCE, 0x59, 0xCE, 0x59, 0xCE, 0x59, 0xCE, 0x59, 0xCE, 0x59, 0xCE,
    0x59, 0xCE, 0x59, 0xCE, 0x59, 0xCE, 0x59, 0xCE, 0x59, 0xCE, 0x59, 0xCE, 0x59, 0xCE, 0x59, 0xCE,
    0x59, 0xCE, 0x59, 0xCE, 0x59, 0xCE, 0x59, 0xCE, 0x59, 0xCE, 0x59, 0xCE, 0x59, 0xCE, 0x59, 0xCE,
    0x59, 0xCE, 0x59, 0xCE, 0x59, 0xCE, 0x59, 0xCE, 0x59, 0xCE, 0x59, 0xCE, 0x59, 0xCE, 0x59, 0xCE,
    0x59, 0xCE, 0x59, 0xCE, 0x59, 0xCE, 0x59, 0xCE, 0x59, 0xCE, 0x59, 0xCE, 0x59, 0xCE, 0x59, 0xCE,
    0x59, 0xCE, 0x59, 0xCE, 0x59, 0xCE, 0x59, 0xCE, 0x59, 0xCE, 0x59, 0xCE, 0x59, 0xCE, 0x59, 0xCE,
    0x59, 0xCE, 0x59, 0xCE, 0x59, 0xCE, 0x59, 0xCE, 0x59, 0xCE, 0x59, 0xCE, 0x59, 0xCE, 0x59, 0xCE,
    0x59, 0xCE, 0x59, 0xCE, 0x59, 0xCE, 0x59, 0xCE, 0x59, 0xCE, 0x59, 0xCE, 0x59, 0xCE, 0x59, 0xCE,
    0x59, 0xCE, 0x59, 0xCE, 0x59, 0xCE, 0x59, 0xCE, 0x59, 0xCE, 0x59, 0xCE, 0x59, 0xCE, 0x59, 0xCE,
    0x59, 0xCE, 0x59, 0xCE, 0x59, 0xCE, 0x59, 0xCE, 0x59, 0xCE, 0x59, 0xCE, 0x59, 0xCE, 0x59, 0xCE,
    0x59, 0xCE, 0x59, 0xCE, 0xC7, 0x39, 0x1C, 0xDF, 0x1C, 0xE7, 0x3C, 0xE7, 0x5D, 0xEF, 0x7D, 0xEF,
    0xBA, 0xD6, 0xBA, 0xD6, 0xBA, 0xD6, 0xBA, 0xD6, 0xBA, 0xD6, 0xBA, 0xD6, 0xBA, 0xD6, 0xBA, 0xD6,
    0xBA, 0xD6, 0xBA, 0xD6, 0xBA, 0xD6, 0xBA, 0xD6, 0xDB, 0xDE, 0xDB, 0xDE, 0x5D, 0xEF, 0xFF, 0xFF,
    0xFF, 0xFF, 0xFF, 0xFF, 0x7D, 0xEF, 0x00, 0x00, 0x00, 0x00, 0x18, 0xBE, 0xFF, 0xFF, 0xFF, 0xFF,
    0xFF, 0xFF, 0xFF, 0xFF, 0xFF, 0xFF, 0xFF, 0xFF, 0xFF, 0xFF, 0xFF, 0xFF, 0xFF, 0xFF, 0xFF, 0xFF,
    0xFF, 0xFF, 0xFF, 0xFF, 0xFF, 0xFF, 0xFF, 0xFF, 0xFF, 0xFF, 0xFF, 0xFF, 0x7D, 0xEF, 0x82, 0x10,
    0x00, 0x00, 0x00, 0x00, 0x04, 0x21, 0x00, 0x00, 0x00, 0x00, 0x82, 0x10, 0x92, 0x8C, 0xFF, 0xFF,
    0xFF, 0xFF, 0xFF, 0xFF, 0xFF, 0xFF, 0xFF, 0xFF, 0xFF, 0xFF, 0xFF, 0xFF, 0x14, 0x9D, 0x00, 0x00,
    0x00, 0x00, 0x18, 0xBE, 0xFF, 0xFF, 0xFF, 0xFF, 0xFF, 0xFF, 0xFF, 0xFF, 0xFF, 0xFF, 0xFF, 0xFF,
    0xFF, 0xFF, 0xFF, 0xFF, 0xFF, 0xFF, 0xFF, 0xFF, 0xFF, 0xFF, 0xFF, 0xFF, 0xFF, 0xFF, 0xFF, 0xFF,
    0xFF, 0xFF, 0x08, 0x42, 0x00, 0x00, 0x00, 0x00, 0x00, 0x00, 0x86, 0x31, 0xFF, 0xFF, 0xFF, 0xFF,
    0xFF, 0xFF, 0xFF, 0xFF, 0xFF, 0xFF, 0xFF, 0xFF, 0x1F, 0xC6, 0x5F, 0x5A, 0xDF, 0x28, 0x9F, 0x20,
    0x9F, 0x20, 0x9F, 0x20, 0x9F, 0x20, 0x9F, 0x20, 0x9F, 0x20, 0x5F, 0x39, 0x9F, 0x20, 0x9F, 0x20,
    0x9F, 0x20, 0xDF, 0x6A, 0x9F, 0xF7, 0xFF, 0xFF, 0xDF, 0xA4, 0x9F, 0x20, 0x9F, 0x20, 0x9F, 0x20,
    0x7F, 0x39, 0xDF, 0xDE, 0xFF, 0xFF, 0xFF, 0xFF, 0x1F, 0x52, 0x9F, 0x20, 0x9F, 0x20, 0x9F, 0x20,
    0x1F, 0x8C, 0xFF, 0xFF, 0x3F, 0xCE, 0x5F, 0x52, 0xDF, 0x28, 0x9F, 0x20, 0x9F, 0x20, 0x9F, 0x20,
    0x9F, 0x20, 0x9F, 0x20, 0x9F, 0x20, 0xDF, 0x83, 0xFF, 0xFF, 0xFF, 0xFF, 0xFF, 0xFF, 0xFF, 0xFF,
    0xFF, 0xFF, 0xFF, 0xFF, 0xDF, 0xFF, 0xDF, 0xFF, 0xDF, 0xFF, 0xDF, 0xFF, 0xDF, 0xFF, 0xDF, 0xFF,
    0xDF, 0xFF, 0xDF, 0xFF, 0xDF, 0xFF, 0xDF, 0xFF, 0xDF, 0xFF, 0xDF, 0xFF, 0xDF, 0xFF, 0xDF, 0xFF,
    0xDF, 0xFF, 0xDF, 0xFF, 0xDF, 0xFF, 0xDF, 0xFF, 0xDF, 0xFF, 0xFF, 0xFF, 0xFF, 0xFF, 0xFF, 0xFF,
    0xFF, 0xFF, 0xFF, 0xFF, 0xFF, 0xFF, 0x24, 0x21, 0x24, 0x21, 0x24, 0x21, 0x24, 0x21, 0x24, 0x21,
    0x45, 0x29, 0x65, 0x29, 0xA6, 0x31, 0x08, 0x42, 0x69, 0x4A, 0x5D, 0xEF, 0x14, 0xA5, 0x45, 0x29,
    0x86, 0x31, 0x3C, 0xE7, 0xFF, 0xFF, 0xFF, 0xFF, 0xFF, 0xFF, 0xFF, 0xFF, 0xFF, 0xFF, 0xFF, 0xFF,
    0xFF, 0xFF, 0xFF, 0xFF, 0x5D, 0xEF, 0x0C, 0x63, 0x28, 0x42, 0x08, 0x42, 0x08, 0x42, 0x28, 0x42,
    0x9A, 0xD6, 0xFF, 0xFF, 0xFF, 0xFF, 0xFF, 0xFF, 0xFF, 0xFF, 0xBE, 0xF7, 0x6D, 0x6B, 0x08, 0x42,
    0x34, 0xA5, 0x5D, 0xEF, 0x69, 0x4A, 0x08, 0x42, 0xA6, 0x31, 0x65, 0x29, 0x45, 0x29, 0x24, 0x21,
    0x24, 0x21, 0x24, 0x21, 0x24, 0x21, 0x24, 0x21, 0x59, 0xCE, 0x59, 0xCE, 0x59, 0xCE, 0x59, 0xCE,
    0x59, 0xCE, 0x59, 0xCE, 0x59, 0xCE, 0x45, 0x29, 0x04, 0x21, 0x04, 0x21, 0x04, 0x21, 0x04, 0x21,
    0x04, 0x21, 0x04, 0x21, 0x04, 0x21, 0x04, 0x21, 0x04, 0x21, 0x04, 0x21, 0x04, 0x21, 0x04, 0x21,
    0x04, 0x21, 0x04, 0x21, 0x04, 0x21, 0x04, 0x21, 0xA6, 0x31, 0x59, 0xCE, 0x59, 0xCE, 0x59, 0xCE,
    0x59, 0xCE, 0x59, 0xCE, 0x59, 0xCE, 0x59, 0xCE, 0x59, 0xCE, 0x59, 0xCE, 0x59, 0xCE, 0x59, 0xCE,
    0x59, 0xCE, 0x59, 0xCE, 0x59, 0xCE, 0x59, 0xCE, 0x59, 0xCE, 0x59, 0xCE, 0x59, 0xCE, 0x59, 0xCE,
    0x59, 0xCE, 0x59, 0xCE, 0x59, 0xCE, 0x59, 0xCE, 0x59, 0xCE, 0x59, 0xCE, 0x59, 0xCE, 0x59, 0xCE,
    0x59, 0xCE, 0x59, 0xCE, 0x59, 0xCE, 0x59, 0xCE, 0x59, 0xCE, 0x59, 0xCE, 0x59, 0xCE, 0x59, 0xCE,
    0x59, 0xCE, 0x59, 0xCE, 0x59, 0xCE, 0x59, 0xCE, 0x59, 0xCE, 0x59, 0xCE, 0x59, 0xCE, 0x59, 0xCE,
    0x59, 0xCE, 0x59, 0xCE, 0x59, 0xCE, 0x59, 0xCE, 0x59, 0xCE, 0x59, 0xCE, 0x59, 0xCE, 0x59, 0xCE,
    0x59, 0xCE, 0x59, 0xCE, 0x59, 0xCE, 0x59, 0xCE, 0x59, 0xCE, 0x59, 0xCE, 0x59, 0xCE, 0x59, 0xCE,
    0x59, 0xCE, 0x59, 0xCE, 0x59, 0xCE, 0x59, 0xCE, 0x59, 0xCE, 0x59, 0xCE, 0x59, 0xCE, 0x59, 0xCE,
    0x59, 0xCE, 0x59, 0xCE, 0x59, 0xCE, 0x59, 0xCE, 0x59, 0xCE, 0x59, 0xCE, 0x59, 0xCE, 0x59, 0xCE,
    0x59, 0xCE, 0x59, 0xCE, 0x59, 0xCE, 0x59, 0xCE, 0x59, 0xCE, 0x59, 0xCE, 0x59, 0xCE, 0x59, 0xCE,
    0x59, 0xCE, 0x59, 0xCE, 0xC7, 0x39, 0xFB, 0xDE, 0x1C, 0xE7, 0x3C, 0xE7, 0x5D, 0xEF, 0x7D, 0xEF,
    0xBA, 0xD6, 0xBA, 0xD6, 0xBA, 0xD6, 0xBA, 0xD6, 0xBA, 0xD6, 0xBA, 0xD6, 0xBA, 0xD6, 0xBA, 0xD6,
    0xBA, 0xD6, 0xBA, 0xD6, 0xBA, 0xD6, 0xBA, 0xD6, 0xDB, 0xDE, 0xDB, 0xDE, 0x3C, 0xE7, 0xFF, 0xFF,
    0xFF, 0xFF, 0xFF, 0xFF, 0xFF, 0xFF, 0x04, 0x21, 0x00, 0x00, 0x18, 0xBE, 0xFF, 0xFF, 0xFF, 0xFF,
    0xFF, 0xFF, 0xFF, 0xFF, 0xFF, 0xFF, 0xFF, 0xFF, 0xFF, 0xFF, 0xFF, 0xFF, 0xFF, 0xFF, 0xFF, 0xFF,
    0xFF, 0xFF, 0xFF, 0xFF, 0xFF, 0xFF, 0xFF, 0xFF, 0xFF, 0xFF, 0xFF, 0xFF, 0xFF, 0xFF, 0x10, 0x7C,
    0x00, 0x00, 0x00, 0x00, 0x00, 0x00, 0x00, 0x00, 0x08, 0x42, 0x1C, 0xDF, 0xFF, 0xFF, 0xFF, 0xFF,
    0xFF, 0xFF, 0xFF, 0xFF, 0xFF, 0xFF, 0xFF, 0xFF, 0xFF, 0xFF, 0xFF, 0xFF, 0xFF, 0xFF, 0x0C, 0x5B,
    0x00, 0x00, 0x18, 0xBE, 0xFF, 0xFF, 0xFF, 0xFF, 0xFF, 0xFF, 0xFF, 0xFF, 0xFF, 0xFF, 0xFF, 0xFF,
    0xFF, 0xFF, 0xFF, 0xFF, 0xFF, 0xFF, 0xFF, 0xFF, 0xFF, 0xFF, 0xFF, 0xFF, 0xFF, 0xFF, 0xFF, 0xFF,
    0xFF, 0xFF, 0x18, 0xBE, 0x00, 0x00, 0x00, 0x00, 0x8E, 0x6B, 0x7D, 0xEF, 0xFF, 0xFF, 0xFF, 0xFF,
    0xFF, 0xFF, 0xFF, 0xFF, 0xFF, 0xFF, 0xFF, 0xFF, 0x1F, 0xE7, 0xFF, 0xFF, 0x5F, 0xEF, 0x7F, 0x94,
    0xBF, 0x41, 0x9F, 0x20, 0x9F, 0x20, 0x9F, 0x20, 0xFF, 0x6A, 0x1F, 0xE7, 0xBF, 0x41, 0x9F, 0x20,
    0xFF, 0x49, 0x5F, 0xEF, 0xFF, 0xFF, 0xFF, 0xFF, 0xBF, 0xF7, 0x7F, 0x5A, 0x9F, 0x20, 0x3F, 0x31,
    0xDF, 0xDE, 0xFF, 0xFF, 0xFF, 0xFF, 0xFF, 0xFF, 0xBF, 0xBD, 0x9F, 0x20, 0x9F, 0x20, 0xBF, 0x83,
    0xDF, 0xFF, 0xFF, 0xFF, 0x1F, 0xE7, 0xFF, 0xFF, 0x3F, 0xEF, 0x7F, 0x94, 0x9F, 0x41, 0x9F, 0x20,
    0x9F, 0x20, 0x9F, 0x20, 0xBF, 0x62, 0xDF, 0xFF, 0xFF, 0xFF, 0xFF, 0xFF, 0xFF, 0xFF, 0xFF, 0xFF,
    0xFF, 0xFF, 0xDF, 0xFF, 0xDF, 0xFF, 0xDF, 0xFF, 0xDF, 0xFF, 0xDF, 0xFF, 0xDF, 0xFF, 0xDF, 0xFF,
    0xDF, 0xFF, 0xDF, 0xFF, 0xDF, 0xFF, 0xDF, 0xFF, 0xDF, 0xFF, 0xDF, 0xFF, 0xDF, 0xFF, 0xDF, 0xFF,
    0xDF, 0xFF, 0xDF, 0xFF, 0xDF, 0xFF, 0xDF, 0xFF, 0xDF, 0xFF, 0xDF, 0xFF, 0xFF, 0xFF, 0xFF, 0xFF,
    0xFF, 0xFF, 0xFF, 0xFF, 0xFF, 0xFF, 0x24, 0x21, 0x24, 0x21, 0x24, 0x21, 0x24, 0x21, 0x24, 0x21,
    0x45, 0x29, 0x65, 0x29, 0xA6, 0x31, 0xE7, 0x39, 0x49, 0x4A, 0x8E, 0x73, 0xFF, 0xFF, 0xCF, 0x7B,
    0xA6, 0x31, 0x0C, 0x63, 0x9E, 0xF7, 0xFF, 0xFF, 0xFF, 0xFF, 0xFF, 0xFF, 0xFF, 0xFF, 0xFF, 0xFF,
    0xFF, 0xFF, 0xFF, 0xFF, 0xF3, 0x9C, 0x28, 0x42, 0xE7, 0x39, 0xC7, 0x39, 0xC7, 0x39, 0x08, 0x42,
    0x0C, 0x63, 0x5D, 0xEF, 0xFF, 0xFF, 0xFF, 0xFF, 0x5D, 0xEF, 0x8E, 0x73, 0x69, 0x4A, 0xB2, 0x94,
    0xFF, 0xFF, 0x6D, 0x6B, 0x49, 0x4A, 0xE7, 0x39, 0x86, 0x31, 0x65, 0x29, 0x24, 0x21, 0x24, 0x21,
    0x24, 0x21, 0x24, 0x21, 0x24, 0x21, 0x24, 0x21, 0x59, 0xCE, 0x59, 0xCE, 0x59, 0xCE, 0x59, 0xCE,
    0x59, 0xCE, 0x59, 0xCE, 0x59, 0xCE, 0x55, 0xAD, 0xA6, 0x31, 0x04, 0x21, 0x04, 0x21, 0x04, 0x21,
    0x04, 0x21, 0x04, 0x21, 0x04, 0x21, 0x04, 0x21, 0x04, 0x21, 0x04, 0x21, 0x04, 0x21, 0x04, 0x21,
    0x04, 0x21, 0x04, 0x21, 0x04, 0x21, 0x45, 0x29, 0x55, 0xAD, 0x59, 0xCE, 0x59, 0xCE, 0x59, 0xCE,
    0x59, 0xCE, 0x59, 0xCE, 0x59, 0xCE, 0x59, 0xCE, 0x59, 0xCE, 0x59, 0xCE, 0x59, 0xCE, 0x59, 0xCE,
    0x59, 0xCE, 0x59, 0xCE, 0x59, 0xCE, 0x59, 0xCE, 0x59, 0xCE, 0x59, 0xCE, 0x59, 0xCE, 0x59, 0xCE,
    0x59, 0xCE, 0x59, 0xCE, 0x59, 0xCE, 0x59, 0xCE, 0x59, 0xCE, 0x59, 0xCE, 0x59, 0xCE, 0x59, 0xCE,
    0x59, 0xCE, 0x59, 0xCE, 0x59, 0xCE, 0x59, 0xCE, 0x59, 0xCE, 0x59, 0xCE, 0x59, 0xCE, 0x59, 0xCE,
    0x59, 0xCE, 0x59, 0xCE, 0x59, 0xCE, 0x59, 0xCE, 0x59, 0xCE, 0x59, 0xCE, 0x59, 0xCE, 0x59, 0xCE,
    0x59, 0xCE, 0x59, 0xCE, 0x59, 0xCE, 0x59, 0xCE, 0x59, 0xCE, 0x59, 0xCE, 0x59, 0xCE, 0x59, 0xCE,
    0x59, 0xCE, 0x59, 0xCE, 0x59, 0xCE, 0x59, 0xCE, 0x59, 0xCE, 0x59, 0xCE, 0x59, 0xCE, 0x59, 0xCE,
    0x59, 0xCE, 0x59, 0xCE, 0x59, 0xCE, 0x59, 0xCE, 0x59, 0xCE, 0x59, 0xCE, 0x59, 0xCE, 0x59, 0xCE,
    0x59, 0xCE, 0x59, 0xCE, 0x59, 0xCE, 0x59, 0xCE, 0x59, 0xCE, 0x59, 0xCE, 0x59, 0xCE, 0x59, 0xCE,
    0x59, 0xCE, 0x59, 0xCE, 0x59, 0xCE, 0x59, 0xCE, 0x59, 0xCE, 0x59, 0xCE, 0x59, 0xCE, 0x59, 0xCE,
    0x59, 0xCE, 0x59, 0xCE, 0xC7, 0x39, 0x1C, 0xDF, 0x1C, 0xE7, 0x3C, 0xE7, 0x5D, 0xEF, 0x7D, 0xEF,
    0xBA, 0xD6, 0xBA, 0xD6, 0xBA, 0xD6, 0xBA, 0xD6, 0xBA, 0xD6, 0xBA, 0xD6, 0xBA, 0xD6, 0xBA, 0xD6,
    0xBA, 0xD6, 0xBA, 0xD6, 0xBA, 0xD6, 0xBA, 0xD6, 0xBA, 0xD6, 0xDB, 0xDE, 0xFB, 0xDE, 0xFF, 0xFF,
    0xFF, 0xFF, 0xFF, 0xFF, 0xFF, 0xFF, 0xFB, 0xDE, 0x9A, 0xCE, 0xFF, 0xFF, 0xFF, 0xFF, 0xFF, 0xFF,
    0xFF, 0xFF, 0xFF, 0xFF, 0xFF, 0xFF, 0xFF, 0xFF, 0xFF, 0xFF, 0xFF, 0xFF, 0xFF, 0xFF, 0xFF, 0xFF,
    0xFF, 0xFF, 0xFF, 0xFF, 0xFF, 0xFF, 0xFF, 0xFF, 0xFF, 0xFF, 0xFF, 0xFF, 0xFF, 0xFF, 0xFF, 0xFF,
    0x8E, 0x6B, 0x86, 0x31, 0x8E, 0x6B, 0x18, 0xBE, 0xFF, 0xFF, 0xFF, 0xFF, 0xFF, 0xFF, 0xFF, 0xFF,
    0xFF, 0xFF, 0xFF, 0xFF, 0xFF, 0xFF, 0xFF, 0xFF, 0xFF, 0xFF, 0xFF, 0xFF, 0xFF, 0xFF, 0xFF, 0xFF,
    0x10, 0x7C, 0x1C, 0xDF, 0xFF, 0xFF, 0xFF, 0xFF, 0xFF, 0xFF, 0xFF, 0xFF, 0xFF, 0xFF, 0xFF, 0xFF,
    0xFF, 0xFF, 0xFF, 0xFF, 0xFF, 0xFF, 0xFF, 0xFF, 0xFF, 0xFF, 0xFF, 0xFF, 0xFF, 0xFF, 0xFF, 0xFF,
    0xFF, 0xFF, 0xFF, 0xFF, 0x18, 0xBE, 0x7D, 0xEF, 0xFF, 0xFF, 0xFF, 0xFF, 0xFF, 0xFF, 0xFF, 0xFF,
    0xFF, 0xFF, 0xFF, 0xFF, 0xFF, 0xFF, 0xFF, 0xFF, 0xFF, 0xFF, 0xFF, 0xFF, 0xFF, 0xFF, 0xFF, 0xFF,
    0xDF, 0xFF, 0x3F, 0xCE, 0x5F, 0x73, 0x3F, 0x31, 0x5F, 0xEF, 0xFF, 0xFF, 0x1F, 0xE7, 0xFF, 0x49,
    0x3F, 0xEF, 0xFF, 0xFF, 0xFF, 0xFF, 0xFF, 0xFF, 0xFF, 0xFF, 0x3F, 0xEF, 0x3F, 0x73, 0x9F, 0xBD,
    0xFF, 0xFF, 0xFF, 0xFF, 0xFF, 0xFF, 0xFF, 0xFF, 0xFF, 0xFF, 0x3F, 0xCE, 0x3F, 0x52, 0x9F, 0xF7,
    0xFF, 0xFF, 0xFF, 0xFF, 0xFF, 0xFF, 0xFF, 0xFF, 0xFF, 0xFF, 0xFF, 0xFF, 0xBF, 0xF7, 0x1F, 0xC6,
    0x7F, 0x7B, 0xFF, 0x28, 0xBF, 0xDE, 0xFF, 0xFF, 0xFF, 0xFF, 0xFF, 0xFF, 0xFF, 0xFF, 0xFF, 0xFF,
    0xDF, 0xFF, 0xDF, 0xFF, 0xBE, 0xF7, 0xDF, 0xFF, 0xDF, 0xFF, 0xDF, 0xFF, 0xDF, 0xFF, 0xDF, 0xFF,
    0xDF, 0xFF, 0xDF, 0xFF, 0xDF, 0xFF, 0xDF, 0xFF, 0xDF, 0xFF, 0xDF, 0xFF, 0xDF, 0xFF, 0xDF, 0xFF,
    0xDF, 0xFF, 0xDF, 0xFF, 0xDF, 0xFF, 0xDF, 0xFF, 0xDF, 0xFF, 0xDF, 0xFF, 0xDF, 0xFF, 0xFF, 0xFF,
    0xDF, 0xFF, 0xFF, 0xFF, 0xFF, 0xFF, 0x24, 0x21, 0x24, 0x21, 0x24, 0x21, 0x24, 0x21, 0x24, 0x21,
    0x24, 0x21, 0x45, 0x29, 0x86, 0x31, 0xC7, 0x39, 0x28, 0x42, 0x69, 0x4A, 0x14, 0xA5, 0xFF, 0xFF,
    0xEB, 0x5A, 0x08, 0x42, 0x6D, 0x6B, 0x5D, 0xEF, 0xFF, 0xFF, 0xFF, 0xFF, 0xFF, 0xFF, 0xFF, 0xFF,
    0xFF, 0xFF, 0x55, 0xAD, 0x69, 0x4A, 0x08, 0x42, 0xC7, 0x39, 0xA6, 0x31, 0xA6, 0x31, 0xE7, 0x39,
    0x49, 0x4A, 0x8A, 0x52, 0x10, 0x84, 0xCF, 0x7B, 0xCB, 0x5A, 0x8A, 0x52, 0x4D, 0x6B, 0xFF, 0xFF,
    0x34, 0xA5, 0x8A, 0x52, 0x28, 0x42, 0xC7, 0x39, 0x86, 0x31, 0x45, 0x29, 0x24, 0x21, 0x24, 0x21,
    0x24, 0x21, 0x24, 0x21, 0x24, 0x21, 0x24, 0x21, 0x59, 0xCE, 0x59, 0xCE, 0x59, 0xCE, 0x59, 0xCE,
    0x59, 0xCE, 0x59, 0xCE, 0x59, 0xCE, 0x59, 0xCE, 0x59, 0xCE, 0x59, 0xCE, 0x59, 0xCE, 0x59, 0xCE,
    0x59, 0xCE, 0x59, 0xCE, 0x59, 0xCE, 0x59, 0xCE, 0x59, 0xCE, 0x59, 0xCE, 0x59, 0xCE, 0x59, 0xCE,
    0x59, 0xCE, 0x59, 0xCE, 0x59, 0xCE, 0x59, 0xCE, 0x59, 0xCE, 0x59, 0xCE, 0x59, 0xCE, 0x59, 0xCE,
    0x59, 0xCE, 0x59, 0xCE, 0x59, 0xCE, 0x59, 0xCE, 0x59, 0xCE, 0x59, 0xCE, 0x59, 0xCE, 0x59, 0xCE,
    0x59, 0xCE, 0x59, 0xCE, 0x59, 0xCE, 0x59, 0xCE, 0x59, 0xCE, 0x59, 0xCE, 0x59, 0xCE, 0x59, 0xCE,
    0x59, 0xCE, 0x59, 0xCE, 0x59, 0xCE, 0x59, 0xCE, 0x59, 0xCE, 0x59, 0xCE, 0x59, 0xCE, 0x59, 0xCE,
    0x59, 0xCE, 0x59, 0xCE, 0x59, 0xCE, 0x59, 0xCE, 0x59, 0xCE, 0x59, 0xCE, 0x59, 0xCE, 0x59, 0xCE,
    0x59, 0xCE, 0x59, 0xCE, 0x59, 0xCE, 0x59, 0xCE, 0x59, 0xCE, 0x59, 0xCE, 0x59, 0xCE, 0x59, 0xCE,
    0x59, 0xCE, 0x59, 0xCE, 0x59, 0xCE, 0x59, 0xCE, 0x59, 0xCE, 0x59, 0xCE, 0x59, 0xCE, 0x59, 0xCE,
    0x59, 0xCE, 0x59, 0xCE, 0x59, 0xCE, 0x59, 0xCE, 0x59, 0xCE, 0x59, 0xCE, 0x59, 0xCE, 0x59, 0xCE,
    0x59, 0xCE, 0x59, 0xCE, 0x59, 0xCE, 0x59, 0xCE, 0x59, 0xCE, 0x59, 0xCE, 0x59, 0xCE, 0x59, 0xCE,
    0x59, 0xCE, 0x59, 0xCE, 0x59, 0xCE, 0x59, 0xCE, 0x59, 0xCE, 0x59, 0xCE, 0x59, 0xCE, 0x59, 0xCE,
    0x59, 0xCE, 0x59, 0xCE, 0x59, 0xCE, 0x59, 0xCE, 0x59, 0xCE, 0x59, 0xCE, 0x59, 0xCE, 0x59, 0xCE,
    0x59, 0xCE, 0x59, 0xCE, 0xC7, 0x39, 0x1C, 0xDF, 0x1C, 0xE7, 0x3C, 0xE7, 0x5D, 0xEF, 0x7D, 0xEF,
    0xBA, 0xD6, 0xBA, 0xD6, 0xBA, 0xD6, 0xBA, 0xD6, 0xBA, 0xD6, 0xBA, 0xD6, 0xBA, 0xD6, 0xBA, 0xD6,
    0xBA, 0xD6, 0xBA, 0xD6, 0xBA, 0xD6, 0xBA, 0xD6, 0xBA, 0xD6, 0xDB, 0xDE, 0xDB, 0xDE, 0xFF, 0xFF,
    0xFF, 0xFF, 0xFF, 0xFF, 0xFF, 0xFF, 0xFF, 0xFF, 0xFF, 0xFF, 0xFF, 0xFF, 0xFF, 0xFF, 0xFF, 0xFF,
    0xFF, 0xFF, 0xFF, 0xFF, 0xFF, 0xFF, 0xFF, 0xFF, 0xFF, 0xFF, 0xFF, 0xFF, 0xFF, 0xFF, 0xFF, 0xFF,
    0xFF, 0xFF, 0xFF, 0xFF, 0xFF, 0xFF, 0xFF, 0xFF, 0xFF, 0xFF, 0xFF, 0xFF, 0xFF, 0xFF, 0xFF, 0xFF,
    0xFF, 0xFF, 0xFF, 0xFF, 0xFF, 0xFF, 0xFF, 0xFF, 0xFF, 0xFF, 0xFF, 0xFF, 0xFF, 0xFF, 0xFF, 0xFF,
    0xFF, 0xFF, 0xFF, 0xFF, 0xFF, 0xFF, 0xFF, 0xFF, 0xFF, 0xFF, 0xFF, 0xFF, 0xFF, 0xFF, 0xFF, 0xFF,
    0xFF, 0xFF, 0xFF, 0xFF, 0xFF, 0xFF, 0xFF, 0xFF, 0xFF, 0xFF, 0xFF, 0xFF, 0xFF, 0xFF, 0xFF, 0xFF,
    0xFF, 0xFF, 0xFF, 0xFF, 0xFF, 0xFF, 0xFF, 0xFF, 0xFF, 0xFF, 0xFF, 0xFF, 0xFF, 0xFF, 0xFF, 0xFF,
    0xFF, 0xFF, 0xFF, 0xFF, 0xFF, 0xFF, 0xFF, 0xFF, 0xFF, 0xFF, 0xFF, 0xFF, 0xFF, 0xFF, 0xFF, 0xFF,
    0xFF, 0xFF, 0xFF, 0xFF, 0xFF, 0xFF, 0xFF, 0xFF, 0xFF, 0xFF, 0xFF, 0xFF, 0xFF, 0xFF, 0xFF, 0xFF,
    0xFF, 0xFF, 0xFF, 0xFF, 0xFF, 0xFF, 0xBF, 0xF7, 0xFF, 0xFF, 0xFF, 0xFF, 0xFF, 0xFF, 0xDF, 0xFF,
    0xFF, 0xFF, 0xFF, 0xFF, 0xFF, 0xFF, 0xFF, 0xFF, 0xFF, 0xFF, 0xFF, 0xFF, 0xBF, 0xF7, 0xFF, 0xFF,
    0xFF, 0xFF, 0xFF, 0xFF, 0xFF, 0xFF, 0xFF, 0xFF, 0xFF, 0xFF, 0xFF, 0xFF, 0xBF, 0xF7, 0xFF, 0xFF,
    0xFF, 0xFF, 0xFF, 0xFF, 0xFF, 0xFF, 0xFF, 0xFF, 0xFF, 0xFF, 0xFF, 0xFF, 0xFF, 0xFF, 0xFF, 0xFF,
    0xFF, 0xFF, 0x7F, 0xF7, 0xFF, 0xFF, 0xFF, 0xFF, 0xFF, 0xFF, 0xFF, 0xFF, 0xFF, 0xFF, 0xFF, 0xFF,
    0xDF, 0xFF, 0xDF, 0xFF, 0xDF, 0xFF, 0xDF, 0xFF, 0xDF, 0xFF, 0xDF, 0xFF, 0xBE, 0xF7, 0xDF, 0xFF,
    0xDF, 0xFF, 0xDF, 0xFF, 0xDF, 0xFF, 0xDF, 0xFF, 0xDF, 0xFF, 0xDF, 0xFF, 0xDF, 0xFF, 0xDF, 0xFF,
    0xDF, 0xFF, 0xDF, 0xFF, 0xDF, 0xFF, 0xDF, 0xFF, 0xDF, 0xFF, 0xDF, 0xFF, 0xDF, 0xFF, 0xFF, 0xFF,
    0xFF, 0xFF, 0xFF, 0xFF, 0xDF, 0xFF, 0x24, 0x21, 0x24, 0x21, 0x24, 0x21, 0x24, 0x21, 0x24, 0x21,
    0x24, 0x21, 0x45, 0x29, 0x65, 0x29, 0xA6, 0x31, 0xE7, 0x39, 0x49, 0x4A, 0xAA, 0x52, 0x75, 0xAD,
    0xFF, 0xFF, 0xB2, 0x94, 0x69, 0x4A, 0x0C, 0x63, 0x14, 0xA5, 0x1C, 0xE7, 0x5D, 0xEF, 0xBA, 0xD6,
    0xB2, 0x94, 0x8A, 0x52, 0x49, 0x4A, 0xE7, 0x39, 0xA6, 0x31, 0x86, 0x31, 0x86, 0x31, 0xC7, 0x39,
    0x08, 0x42, 0x69, 0x4A, 0x8A, 0x52, 0xAA, 0x52, 0x8A, 0x52, 0x92, 0x94, 0xFF, 0xFF, 0x96, 0xB5,
    0xCB, 0x5A, 0x69, 0x4A, 0x08, 0x42, 0xA6, 0x31, 0x65, 0x29, 0x45, 0x29, 0x24, 0x21, 0x24, 0x21,
    0x24, 0x21, 0x24, 0x21, 0x24, 0x21, 0x24, 0x21, 0x59, 0xCE, 0x59, 0xCE, 0x59, 0xCE, 0x59, 0xCE,
    0x59, 0xCE, 0x59, 0xCE, 0x59, 0xCE, 0x59, 0xCE, 0x59, 0xCE, 0x59, 0xCE, 0x59, 0xCE, 0x59, 0xCE,
    0x59, 0xCE, 0x59, 0xCE, 0x59, 0xCE, 0x59, 0xCE, 0x59, 0xCE, 0x59, 0xCE, 0x59, 0xCE, 0x59, 0xCE,
    0x59, 0xCE, 0x59, 0xCE, 0x59, 0xCE, 0x59, 0xCE, 0x59, 0xCE, 0x59, 0xCE, 0x59, 0xCE, 0x59, 0xCE,
    0x59, 0xCE, 0x59, 0xCE, 0x59, 0xCE, 0x59, 0xCE, 0x59, 0xCE, 0x59, 0xCE, 0x59, 0xCE, 0x59, 0xCE,
    0x59, 0xCE, 0x59, 0xCE, 0x59, 0xCE, 0x59, 0xCE, 0x59, 0xCE, 0x59, 0xCE, 0x59, 0xCE, 0x59, 0xCE,
    0x59, 0xCE, 0x59, 0xCE, 0x59, 0xCE, 0x59, 0xCE, 0x59, 0xCE, 0x59, 0xCE, 0x59, 0xCE, 0x59, 0xCE,
    0x59, 0xCE, 0x59, 0xCE, 0x59, 0xCE, 0x59, 0xCE, 0x59, 0xCE, 0x59, 0xCE, 0x59, 0xCE, 0x59, 0xCE,
    0x59, 0xCE, 0x59, 0xCE, 0x59, 0xCE, 0x59, 0xCE, 0x59, 0xCE, 0x59, 0xCE, 0x59, 0xCE, 0x59, 0xCE,
    0x59, 0xCE, 0x59, 0xCE, 0x59, 0xCE, 0x59, 0xCE, 0x59, 0xCE, 0x59, 0xCE, 0x59, 0xCE, 0x59, 0xCE,
    0x59, 0xCE, 0x59, 0xCE, 0x59, 0xCE, 0x59, 0xCE, 0x59, 0xCE, 0x59, 0xCE, 0x59, 0xCE, 0x59, 0xCE,
    0x59, 0xCE, 0x59, 0xCE, 0x59, 0xCE, 0x59, 0xCE, 0x59, 0xCE, 0x59, 0xCE, 0x59, 0xCE, 0x59, 0xCE,
    0x59, 0xCE, 0x59, 0xCE, 0x59, 0xCE, 0x59, 0xCE, 0x59, 0xCE, 0x59, 0xCE, 0x59, 0xCE, 0x59, 0xCE,
    0x59, 0xCE, 0x59, 0xCE, 0x59, 0xCE, 0x59, 0xCE, 0x59, 0xCE, 0x59, 0xCE, 0x59, 0xCE, 0x59, 0xCE,
    0x59, 0xCE, 0x59, 0xCE, 0xC7, 0x39, 0xFB, 0xDE, 0x1C, 0xE7, 0x3C, 0xE7, 0x5D, 0xEF, 0x7D, 0xEF,
    0xBA, 0xD6, 0xBA, 0xD6, 0xBA, 0xD6, 0xBA, 0xD6, 0xBA, 0xD6, 0xBA, 0xD6, 0xBA, 0xD6, 0xBA, 0xD6,
    0xBA, 0xD6, 0xBA, 0xD6, 0xBA, 0xD6, 0xBA, 0xD6, 0xBA, 0xD6, 0xDB, 0xDE, 0xDB, 0xDE, 0x5D, 0xEF,
    0xFF, 0xFF, 0xFF, 0xFF, 0xFF, 0xFF, 0xFF, 0xFF, 0xFF, 0xFF, 0xFF, 0xFF, 0xFF, 0xFF, 0xFF, 0xFF,
    0xFF, 0xFF, 0xDF, 0xFF, 0x7D, 0xEF, 0x1C, 0xE7, 0x1C, 0xE7, 0x1C, 0xE7, 0x5D, 0xEF, 0xBE, 0xF7,
    0xFF, 0xFF, 0xFF, 0xFF, 0xFF, 0xFF, 0xFF, 0xFF, 0xFF, 0xFF, 0xFF, 0xFF, 0xFF, 0xFF, 0xFF, 0xFF,
    0xFF, 0xFF, 0xFF, 0xFF, 0xFF, 0xFF, 0xFF, 0xFF, 0xFF, 0xFF, 0xFF, 0xFF, 0xFF, 0xFF, 0xFF, 0xFF,
    0xFF, 0xFF, 0xFF, 0xFF, 0xFF, 0xFF, 0xFF, 0xFF, 0xFF, 0xFF, 0xFF, 0xFF, 0xFF, 0xFF, 0xFF, 0xFF,
    0xFF, 0xFF, 0xFF, 0xFF, 0xFF, 0xFF, 0xFF, 0xFF, 0xFF, 0xFF, 0x9E, 0xF7, 0x7D, 0xEF, 0x7D, 0xEF,
    0xBE, 0xF7, 0xDF, 0xFF, 0xFF, 0xFF, 0xFF, 0xFF, 0xFF, 0xFF, 0xFF, 0xFF, 0xFF, 0xFF, 0xFF, 0xFF,
    0xFF, 0xFF, 0xFF, 0xFF, 0xFF, 0xFF, 0xFF, 0xFF, 0xFF, 0xFF, 0xFF, 0xFF, 0xFF, 0xFF, 0xFF, 0xFF,
    0xFF, 0xFF, 0xFF, 0xFF, 0xFF, 0xFF, 0xFF, 0xFF, 0xFF, 0xFF, 0xFF, 0xFF, 0xFF, 0xFF, 0xFF, 0xFF,
    0xFF, 0xFF, 0xFF, 0xFF, 0xFF, 0xFF, 0xFF, 0xFF, 0xFF, 0xFF, 0xFF, 0xFF, 0xFF, 0xFF, 0xFF, 0xFF,
    0xFF, 0xFF, 0xFF, 0xFF, 0xFF, 0xFF, 0xFF, 0xFF, 0xFF, 0xFF, 0xFF, 0xFF, 0xFF, 0xFF, 0xFF, 0xFF,
    0xFF, 0xFF, 0xFF, 0xFF, 0xFF, 0xFF, 0xFF, 0xFF, 0xFF, 0xFF, 0xFF, 0xFF, 0xFF, 0xFF, 0xFF, 0xFF,
    0xFF, 0xFF, 0xFF, 0xFF, 0xFF, 0xFF, 0xFF, 0xFF, 0xFF, 0xFF, 0xFF, 0xFF, 0xFF, 0xFF, 0xFF, 0xFF,
    0xFF, 0xFF, 0xFF, 0xFF, 0xFF, 0xFF, 0xFF, 0xFF, 0xFF, 0xFF, 0xFF, 0xFF, 0xDF, 0xFF, 0xDF, 0xFF,
    0xDF, 0xFF, 0xDF, 0xFF, 0xDF, 0xFF, 0xDF, 0xFF, 0xDF, 0xFF, 0xBE, 0xF7, 0xDF, 0xFF, 0xDF, 0xFF,
    0xDF, 0xFF, 0xDF, 0xFF, 0xDF, 0xFF, 0xDF, 0xFF, 0xDF, 0xFF, 0xDF, 0xFF, 0xDF, 0xFF, 0xDF, 0xFF,
    0xDF, 0xFF, 0xDF, 0xFF, 0xDF, 0xFF, 0xDF, 0xFF, 0xDF, 0xFF, 0xDF, 0xFF, 0xDF, 0xFF, 0xDF, 0xFF,
    0xDF, 0xFF, 0xFF, 0xFF, 0xFF, 0xFF, 0x24, 0x21, 0x24, 0x21, 0x24, 0x21, 0x24, 0x21, 0x24, 0x21,
    0x24, 0x21, 0x24, 0x21, 0x45, 0x29, 0x86, 0x31, 0xC7, 0x39, 0x28, 0x42, 0x69, 0x4A, 0xCB, 0x5A,
    0x34, 0xA5, 0xFF, 0xFF, 0x96, 0xB5, 0xEB, 0x5A, 0xAA, 0x52, 0xCB, 0x5A, 0xCB, 0x5A, 0xCB, 0x5A,
    0xAA, 0x52, 0x69, 0x4A, 0x28, 0x42, 0xC7, 0x39, 0x86, 0x31, 0x65, 0x29, 0x65, 0x29, 0xA6, 0x31,
    0xE7, 0x39, 0x28, 0x42, 0x49, 0x4A, 0xCB, 0x5A, 0x96, 0xB5, 0xFF, 0xFF, 0x55, 0xAD, 0xEB, 0x5A,
    0x8A, 0x52, 0x28, 0x42, 0xC7, 0x39, 0x86, 0x31, 0x45, 0x29, 0x45, 0x29, 0x24, 0x21, 0x24, 0x21,
    0x24, 0x21, 0x24, 0x21, 0x24, 0x21, 0x24, 0x21, 0x59, 0xCE, 0x59, 0xCE, 0x59, 0xCE, 0x59, 0xCE,
    0x59, 0xCE, 0x59, 0xCE, 0x59, 0xCE, 0x59, 0xCE, 0x59, 0xCE, 0x59, 0xCE, 0x59, 0xCE, 0x59, 0xCE,
    0x59, 0xCE, 0x59, 0xCE, 0x59, 0xCE, 0x59, 0xCE, 0x59, 0xCE, 0x59, 0xCE, 0x59, 0xCE, 0x59, 0xCE,
    0x59, 0xCE, 0x59, 0xCE, 0x59, 0xCE, 0x59, 0xCE, 0x59, 0xCE, 0x59, 0xCE, 0x59, 0xCE, 0x59, 0xCE,
    0x59, 0xCE, 0x59, 0xCE, 0x59, 0xCE, 0x59, 0xCE, 0x59, 0xCE, 0x59, 0xCE, 0x59, 0xCE, 0x59, 0xCE,
    0x59, 0xCE, 0x59, 0xCE, 0x59, 0xCE, 0x59, 0xCE, 0x59, 0xCE, 0x59, 0xCE, 0x59, 0xCE, 0x59, 0xCE,
    0x59, 0xCE, 0x59, 0xCE, 0x59, 0xCE, 0x59, 0xCE, 0x59, 0xCE, 0x59, 0xCE, 0x59, 0xCE, 0x59, 0xCE,
    0x59, 0xCE, 0x59, 0xCE, 0x59, 0xCE, 0x59, 0xCE, 0x59, 0xCE, 0x59, 0xCE, 0x59, 0xCE, 0x59, 0xCE,
    0x59, 0xCE, 0x59, 0xCE, 0x59, 0xCE, 0x59, 0xCE, 0x59, 0xCE, 0x59, 0xCE, 0x59, 0xCE, 0x59, 0xCE,
    0x59, 0xCE, 0x59, 0xCE, 0x59, 0xCE, 0x59, 0xCE, 0x59, 0xCE, 0x59, 0xCE, 0x59, 0xCE, 0x59, 0xCE,
    0x59, 0xCE, 0x59, 0xCE, 0x59, 0xCE, 0x59, 0xCE, 0x59, 0xCE, 0x59, 0xCE, 0x59, 0xCE, 0x59, 0xCE,
    0x59, 0xCE, 0x59, 0xCE, 0x59, 0xCE, 0x59, 0xCE, 0x59, 0xCE, 0x59, 0xCE, 0x59, 0xCE, 0x59, 0xCE,
    0x59, 0xCE, 0x59, 0xCE, 0x59, 0xCE, 0x59, 0xCE, 0x59, 0xCE, 0x59, 0xCE, 0x59, 0xCE, 0x59, 0xCE,
    0x59, 0xCE, 0x59, 0xCE, 0x59, 0xCE, 0x59, 0xCE, 0x59, 0xCE, 0x59, 0xCE, 0x59, 0xCE, 0x59, 0xCE,
    0x59, 0xCE, 0x59, 0xCE, 0xC7, 0x39, 0x1C, 0xDF, 0x1C, 0xE7, 0x3C, 0xE7, 0x5D, 0xEF, 0x7D, 0xEF,
    0xBA, 0xD6, 0xBA, 0xD6, 0xBA, 0xD6, 0xBA, 0xD6, 0xBA, 0xD6, 0xBA, 0xD6, 0xBA, 0xD6, 0xBA, 0xD6,
    0xBA, 0xD6, 0xBA, 0xD6, 0xBA, 0xD6, 0xBA, 0xD6, 0xBA, 0xD6, 0xDB, 0xDE, 0xDB, 0xDE, 0xDB, 0xDE,
    0x7D, 0xEF, 0xFF, 0xFF, 0xFF, 0xFF, 0xFF, 0xFF, 0xFF, 0xFF, 0xFF, 0xFF, 0xFF, 0xFF, 0xBE, 0xF7,
    0x3C, 0xE7, 0x1C, 0xE7, 0x1C, 0xE7, 0x1C, 0xE7, 0x1C, 0xE7, 0x1C, 0xE7, 0x1C, 0xE7, 0x1C, 0xE7,
    0x1C, 0xE7, 0x3C, 0xE7, 0x7D, 0xEF, 0xDF, 0xFF, 0xFF, 0xFF, 0xFF, 0xFF, 0xFF, 0xFF, 0xFF, 0xFF,
    0xFF, 0xFF, 0xFF, 0xFF, 0xFF, 0xFF, 0xFF, 0xFF, 0xFF, 0xFF, 0xFF, 0xFF, 0xFF, 0xFF, 0xFF, 0xFF,
    0xFF, 0xFF, 0xFF, 0xFF, 0xFF, 0xFF, 0xFF, 0xFF, 0xFF, 0xFF, 0xFF, 0xFF, 0xFF, 0xFF, 0xFF, 0xFF,
    0xFF, 0xFF, 0xFF, 0xFF, 0xFF, 0xFF, 0xFF, 0xFF, 0x5D, 0xEF, 0x5D, 0xEF, 0x5D, 0xEF, 0x5D, 0xEF,
    0x5D, 0xEF, 0x5D, 0xEF, 0x7D, 0xEF, 0x9E, 0xF7, 0xDF, 0xFF, 0xFF, 0xFF, 0xFF, 0xFF, 0xFF, 0xFF,
    0xFF, 0xFF, 0xFF, 0xFF, 0xFF, 0xFF, 0xFF, 0xFF, 0xFF, 0xFF, 0xFF, 0xFF, 0xFF, 0xFF, 0xFF, 0xFF,
    0xFF, 0xFF, 0xFF, 0xFF, 0xFF, 0xFF, 0xFF, 0xFF, 0xFF, 0xFF, 0xFF, 0xFF, 0xFF, 0xFF, 0xFF, 0xFF,
    0xFF, 0xFF, 0xFF, 0xFF, 0xFF, 0xFF, 0xFF, 0xFF, 0xFF, 0xFF, 0xFF, 0xFF, 0xFF, 0xFF, 0xFF, 0xFF,
    0xFF, 0xFF, 0xFF, 0xFF, 0xFF, 0xFF, 0xFF, 0xFF, 0xFF, 0xFF, 0xFF, 0xFF, 0xFF, 0xFF, 0xFF, 0xFF,
    0xFF, 0xFF, 0xFF, 0xFF, 0xFF, 0xFF, 0xFF, 0xFF, 0xFF, 0xFF, 0xFF, 0xFF, 0xFF, 0xFF, 0xFF, 0xFF,
    0xFF, 0xFF, 0xFF, 0xFF, 0xFF, 0xFF, 0xFF, 0xFF, 0xFF, 0xFF, 0xFF, 0xFF, 0xFF, 0xFF, 0xFF, 0xFF,
    0xFF, 0xFF, 0xFF, 0xFF, 0xFF, 0xFF, 0xFF, 0xFF, 0xFF, 0xFF, 0xDF, 0xFF, 0xDF, 0xFF, 0xDF, 0xFF,
    0xDF, 0xFF, 0xDF, 0xFF, 0xDF, 0xFF, 0xDF, 0xFF, 0xDF, 0xFF, 0xBE, 0xF7, 0xDF, 0xFF, 0xDF, 0xFF,
    0xBE, 0xF7, 0xDF, 0xFF, 0xDF, 0xFF, 0xDF, 0xFF, 0xDF, 0xFF, 0xDF, 0xFF, 0xDF, 0xFF, 0xDF, 0xFF,
    0xDF, 0xFF, 0xDF, 0xFF, 0xDF, 0xFF, 0xDF, 0xFF, 0xDF, 0xFF, 0xDF, 0xFF, 0xDF, 0xFF, 0xDF, 0xFF,
    0xDF, 0xFF, 0xFF, 0xFF, 0xFF, 0xFF, 0x24, 0x21, 0x24, 0x21, 0x24, 0x21, 0x24, 0x21, 0x24, 0x21,
    0x24, 0x21, 0x24, 0x21, 0x45, 0x29, 0x65, 0x29, 0xA6, 0x31, 0xE7, 0x39, 0x49, 0x4A, 0xAA, 0x52,
    0xEB, 0x5A, 0xCF, 0x7B, 0x7D, 0xEF, 0x5D, 0xEF, 0x92, 0x94, 0xAA, 0x52, 0xAA, 0x52, 0x8A, 0x52,
    0x69, 0x4A, 0x28, 0x42, 0xE7, 0x39, 0xA6, 0x31, 0x65, 0x29, 0x45, 0x29, 0x45, 0x29, 0x65, 0x29,
    0xA6, 0x31, 0x49, 0x4A, 0xB2, 0x94, 0xBE, 0xF7, 0x7D, 0xEF, 0x10, 0x84, 0x0C, 0x63, 0xAA, 0x52,
    0x49, 0x4A, 0xE7, 0x39, 0x86, 0x31, 0x65, 0x29, 0x45, 0x29, 0x24, 0x21, 0x24, 0x21, 0x24, 0x21,
    0x24, 0x21, 0x24, 0x21, 0x24, 0x21, 0x24, 0x21, 0x59, 0xCE, 0x59, 0xCE, 0x59, 0xCE, 0x59, 0xCE,
    0x59, 0xCE, 0x59, 0xCE, 0x59, 0xCE, 0x59, 0xCE, 0x59, 0xCE, 0x59, 0xCE, 0x59, 0xCE, 0x59, 0xCE,
    0x59, 0xCE, 0x59, 0xCE, 0x59, 0xCE, 0x59, 0xCE, 0x59, 0xCE, 0x59, 0xCE, 0x59, 0xCE, 0x59, 0xCE,
    0x59, 0xCE, 0x59, 0xCE, 0x59, 0xCE, 0x59, 0xCE, 0x59, 0xCE, 0x59, 0xCE, 0x59, 0xCE, 0x59, 0xCE,
    0x59, 0xCE, 0x59, 0xCE, 0x59, 0xCE, 0x59, 0xCE, 0x59, 0xCE, 0x59, 0xCE, 0x59, 0xCE, 0x59, 0xCE,
    0x59, 0xCE, 0x59, 0xCE, 0x59, 0xCE, 0x59, 0xCE, 0x59, 0xCE, 0x59, 0xCE, 0x59, 0xCE, 0x59, 0xCE,
    0x59, 0xCE, 0x59, 0xCE, 0x59, 0xCE, 0x59, 0xCE, 0x59, 0xCE, 0x59, 0xCE, 0x59, 0xCE, 0x59, 0xCE,
    0x59, 0xCE, 0x59, 0xCE, 0x59, 0xCE, 0x59, 0xCE, 0x59, 0xCE, 0x59, 0xCE, 0x59, 0xCE, 0x59, 0xCE,
    0x59, 0xCE, 0x59, 0xCE, 0x59, 0xCE, 0x59, 0xCE, 0x59, 0xCE, 0x59, 0xCE, 0x59, 0xCE, 0x59, 0xCE,
    0x59, 0xCE, 0x59, 0xCE, 0x59, 0xCE, 0x59, 0xCE, 0x59, 0xCE, 0x59, 0xCE, 0x59, 0xCE, 0x59, 0xCE,
    0x59, 0xCE, 0x59, 0xCE, 0x59, 0xCE, 0x59, 0xCE, 0x59, 0xCE, 0x59, 0xCE, 0x59, 0xCE, 0x59, 0xCE,
    0x59, 0xCE, 0x59, 0xCE, 0x59, 0xCE, 0x59, 0xCE, 0x59, 0xCE, 0x59, 0xCE, 0x59, 0xCE, 0x59, 0xCE,
    0x59, 0xCE, 0x59, 0xCE, 0x59, 0xCE, 0x59, 0xCE, 0x59, 0xCE, 0x59, 0xCE, 0x59, 0xCE, 0x59, 0xCE,
    0x59, 0xCE, 0x59, 0xCE, 0x59, 0xCE, 0x59, 0xCE, 0x59, 0xCE, 0x59, 0xCE, 0x59, 0xCE, 0x59, 0xCE,
    0x59, 0xCE, 0x59, 0xCE, 0xC7, 0x39, 0x1C, 0xDF, 0x1C, 0xE7, 0x3C, 0xE7, 0x5D, 0xEF, 0x7D, 0xEF,
    0xBA, 0xD6, 0xBA, 0xD6, 0xBA, 0xD6, 0xBA, 0xD6, 0xBA, 0xD6, 0xBA, 0xD6, 0xBA, 0xD6, 0xBA, 0xD6,
    0xBA, 0xD6, 0xBA, 0xD6, 0xBA, 0xD6, 0xBA, 0xD6, 0xBA, 0xD6, 0xBA, 0xD6, 0xDB, 0xDE, 0xDB, 0xDE,
    0xFB, 0xDE, 0x5D, 0xEF, 0xBE, 0xF7, 0xDF, 0xFF, 0xDF, 0xFF, 0x9E, 0xF7, 0x3C, 0xE7, 0xFB, 0xDE,
    0xFB, 0xDE, 0xFB, 0xDE, 0xFB, 0xDE, 0xFB, 0xDE, 0xFB, 0xDE, 0x1C, 0xE7, 0xFB, 0xDE, 0x1C, 0xE7,
    0x1C, 0xE7, 0x1C, 0xE7, 0x1C, 0xE7, 0x1C, 0xE7, 0x7D, 0xEF, 0xFF, 0xFF, 0xFF, 0xFF, 0xFF, 0xFF,
    0xFF, 0xFF, 0xFF, 0xFF, 0xFF, 0xFF, 0xFF, 0xFF, 0xFF, 0xFF, 0xFF, 0xFF, 0xFF, 0xFF, 0xFF, 0xFF,
    0xFF, 0xFF, 0xBE, 0xF7, 0x7D, 0xEF, 0x3C, 0xE7, 0x3C, 0xE7, 0x5D, 0xEF, 0x7D, 0xEF, 0xBE, 0xF7,
    0xDF, 0xFF, 0xFF, 0xFF, 0xDF, 0xFF, 0x7D, 0xEF, 0x5D, 0xEF, 0x5D, 0xEF, 0x5D, 0xEF, 0x5D, 0xEF,
    0x5D, 0xEF, 0x5D, 0xEF, 0x5D, 0xEF, 0x5D, 0xEF, 0x5D, 0xEF, 0x7D, 0xEF, 0xFF, 0xFF, 0xFF, 0xFF,
    0xFF, 0xFF, 0xFF, 0xFF, 0xFF, 0xFF, 0xFF, 0xFF, 0xFF, 0xFF, 0xFF, 0xFF, 0xFF, 0xFF, 0xFF, 0xFF,
    0xFF, 0xFF, 0xFF, 0xFF, 0xFF, 0xFF, 0xDF, 0xFF, 0xBE, 0xF7, 0x9E, 0xF7, 0x7D, 0xEF, 0x7D, 0xEF,
    0x9E, 0xF7, 0xBE, 0xF7, 0xDF, 0xFF, 0xFF, 0xFF, 0xFF, 0xFF, 0xFF, 0xFF, 0xFF, 0xFF, 0xDF, 0xFF,
    0xBE, 0xF7, 0xBE, 0xF7, 0x9E, 0xF7, 0x9E, 0xF7, 0xBE, 0xF7, 0xBE, 0xF7, 0xBE, 0xF7, 0xDF, 0xFF,
    0xFF, 0xFF, 0xFF, 0xFF, 0xFF, 0xFF, 0xFF, 0xFF, 0xFF, 0xFF, 0xDF, 0xFF, 0xDF, 0xFF, 0xDF, 0xFF,
    0xBE, 0xF7, 0xBE, 0xF7, 0xBE, 0xF7, 0xBE, 0xF7, 0xBE, 0xF7, 0xBE, 0xF7, 0xDF, 0xFF, 0xFF, 0xFF,
    0xFF, 0xFF, 0xFF, 0xFF, 0xFF, 0xFF, 0xFF, 0xFF, 0xDF, 0xFF, 0xBE, 0xF7, 0xDF, 0xFF, 0xDF, 0xFF,
    0xDF, 0xFF, 0xDF, 0xFF, 0xDF, 0xFF, 0xDF, 0xFF, 0xDF, 0xFF, 0xBE, 0xF7, 0xBE, 0xF7, 0xDF, 0xFF,
    0xDF, 0xFF, 0xDF, 0xFF, 0xDF, 0xFF, 0xDF, 0xFF, 0xDF, 0xFF, 0xDF, 0xFF, 0xDF, 0xFF, 0xDF, 0xFF,
    0xDF, 0xFF, 0xDF, 0xFF, 0xDF, 0xFF, 0xDF, 0xFF, 0xDF, 0xFF, 0xDF, 0xFF, 0xDF, 0xFF, 0xDF, 0xFF,
    0xDF, 0xFF, 0xDF, 0xFF, 0xDF, 0xFF, 0x24, 0x21, 0x24, 0x21, 0x24, 0x21, 0x24, 0x21, 0x24, 0x21,
    0x24, 0x21, 0x24, 0x21, 0x24, 0x21, 0x45, 0x29, 0x65, 0x29, 0xA6, 0x31, 0xE7, 0x39, 0x49, 0x4A,
    0xAA, 0x52, 0x0C, 0x63, 0x4D, 0x6B, 0x34, 0xA5, 0x7D, 0xEF, 0x5D, 0xEF, 0xF7, 0xBD, 0xCF, 0x7B,
    0x8A, 0x52, 0xE7, 0x39, 0xA6, 0x31, 0x65, 0x29, 0x45, 0x29, 0x45, 0x29, 0xA6, 0x31, 0x0C, 0x63,
    0x34, 0xA5, 0x9E, 0xF7, 0xBE, 0xF7, 0x96, 0xB5, 0x2C, 0x63, 0xEB, 0x5A, 0xAA, 0x52, 0x49, 0x4A,
    0x08, 0x42, 0xA6, 0x31, 0x65, 0x29, 0x45, 0x29, 0x24, 0x21, 0x24, 0x21, 0x24, 0x21, 0x24, 0x21,
    0x24, 0x21, 0x24, 0x21, 0x24, 0x21, 0x24, 0x21, 0x59, 0xCE, 0x59, 0xCE, 0x59, 0xCE, 0x59, 0xCE,
    0x59, 0xCE, 0x59, 0xCE, 0x59, 0xCE, 0xB6, 0xB5, 0xAA, 0x52, 0x49, 0x4A, 0x49, 0x4A, 0x49, 0x4A,
    0x49, 0x4A, 0x49, 0x4A, 0x49, 0x4A, 0x49, 0x4A, 0x49, 0x4A, 0x49, 0x4A, 0x49, 0x4A, 0x49, 0x4A,
    0x49, 0x4A, 0x49, 0x4A, 0x49, 0x4A, 0xEB, 0x5A, 0x96, 0xB5, 0x59, 0xCE, 0x59, 0xCE, 0x59, 0xCE,
    0x59, 0xCE, 0x59, 0xCE, 0x59, 0xCE, 0x59, 0xCE, 0x59, 0xCE, 0x59, 0xCE, 0x59, 0xCE, 0x59, 0xCE,
    0x59, 0xCE, 0x59, 0xCE, 0x59, 0xCE, 0x59, 0xCE, 0x59, 0xCE, 0x59, 0xCE, 0x59, 0xCE, 0x59, 0xCE,
    0x59, 0xCE, 0x59, 0xCE, 0x59, 0xCE, 0x59, 0xCE, 0x59, 0xCE, 0x59, 0xCE, 0x59, 0xCE, 0x59, 0xCE,
    0x59, 0xCE, 0x59, 0xCE, 0x59, 0xCE, 0x59, 0xCE, 0x59, 0xCE, 0x59, 0xCE, 0x59, 0xCE, 0x59, 0xCE,
    0x59, 0xCE, 0x59, 0xCE, 0x59, 0xCE, 0x59, 0xCE, 0x59, 0xCE, 0x59, 0xCE, 0x59, 0xCE, 0x59, 0xCE,
    0x59, 0xCE, 0x59, 0xCE, 0x59, 0xCE, 0x59, 0xCE, 0x59, 0xCE, 0x59, 0xCE, 0x59, 0xCE, 0x59, 0xCE,
    0x59, 0xCE, 0x59, 0xCE, 0x59, 0xCE, 0x59, 0xCE, 0x59, 0xCE, 0x59, 0xCE, 0x59, 0xCE, 0x59, 0xCE,
    0x59, 0xCE, 0x59, 0xCE, 0x59, 0xCE, 0x59, 0xCE, 0x59, 0xCE, 0x59, 0xCE, 0x59, 0xCE, 0x59, 0xCE,
    0x59, 0xCE, 0x59, 0xCE, 0x59, 0xCE, 0x59, 0xCE, 0x59, 0xCE, 0x59, 0xCE, 0x59, 0xCE, 0x59, 0xCE,
    0x59, 0xCE, 0x59, 0xCE, 0x59, 0xCE, 0x59, 0xCE, 0x59, 0xCE, 0x59, 0xCE, 0x59, 0xCE, 0x59, 0xCE,
    0x59, 0xCE, 0x59, 0xCE, 0xC7, 0x39, 0xFB, 0xDE, 0x1C, 0xE7, 0x3C, 0xE7, 0x5D, 0xEF, 0x7D, 0xEF,
    0xBA, 0xD6, 0xBA, 0xD6, 0xBA, 0xD6, 0xBA, 0xD6, 0xBA, 0xD6, 0xBA, 0xD6, 0xBA, 0xD6, 0xBA, 0xD6,
    0xBA, 0xD6, 0xBA, 0xD6, 0xBA, 0xD6, 0xBA, 0xD6, 0xBA, 0xD6, 0xBA, 0xD6, 0xDB, 0xDE, 0xDB, 0xDE,
    0xFB, 0xDE, 0xFB, 0xDE, 0xFB, 0xDE, 0xFB, 0xDE, 0xFB, 0xDE, 0xFB, 0xDE, 0xFB, 0xDE, 0xFB, 0xDE,
    0xFB, 0xDE, 0xFB, 0xDE, 0xFB, 0xDE, 0xFB, 0xDE, 0xFB, 0xDE, 0xFB, 0xDE, 0xFB, 0xDE, 0xFB, 0xDE,
    0xFB, 0xDE, 0x1C, 0xE7, 0x1C, 0xE7, 0x1C, 0xE7, 0x1C, 0xE7, 0x1C, 0xE7, 0x9E, 0xF7, 0xFF, 0xFF,
    0xFF, 0xFF, 0xFF, 0xFF, 0xFF, 0xFF, 0xFF, 0xFF, 0xFF, 0xFF, 0xFF, 0xFF, 0xDF, 0xFF, 0x9E, 0xF7,
    0x3C, 0xE7, 0x3C, 0xE7, 0x3C, 0xE7, 0x3C, 0xE7, 0x3C, 0xE7, 0x3C, 0xE7, 0x3C, 0xE7, 0x3C, 0xE7,
    0x3C, 0xE7, 0x3C, 0xE7, 0x3C, 0xE7, 0x3C, 0xE7, 0x5D, 0xEF, 0x3C, 0xE7, 0x3C, 0xE7, 0x5D, 0xEF,
    0x5D, 0xEF, 0x5D, 0xEF, 0x5D, 0xEF, 0x5D, 0xEF, 0x5D, 0xEF, 0x5D, 0xEF, 0x5D, 0xEF, 0xBE, 0xF7,
    0xFF, 0xFF, 0xFF, 0xFF, 0xFF, 0xFF, 0xFF, 0xFF, 0xFF, 0xFF, 0xFF, 0xFF, 0xFF, 0xFF, 0xDF, 0xFF,
    0x9E, 0xF7, 0x7D, 0xEF, 0x7D, 0xEF, 0x7D, 0xEF, 0x7D, 0xEF, 0x7D, 0xEF, 0x7D, 0xEF, 0x7D, 0xEF,
    0x7D, 0xEF, 0x9E, 0xF7, 0x9E, 0xF7, 0x7D, 0xEF, 0x9E, 0xF7, 0x9E, 0xF7, 0x9E, 0xF7, 0x9E, 0xF7,
    0x9E, 0xF7, 0x9E, 0xF7, 0x9E, 0xF7, 0x9E, 0xF7, 0x9E, 0xF7, 0x9E, 0xF7, 0x9E, 0xF7, 0x9E, 0xF7,
    0x9E, 0xF7, 0xBE, 0xF7, 0xBE, 0xF7, 0xBE, 0xF7, 0xBE, 0xF7, 0xBE, 0xF7, 0xBE, 0xF7, 0xBE, 0xF7,
    0xBE, 0xF7, 0xBE, 0xF7, 0xBE, 0xF7, 0xBE, 0xF7, 0xBE, 0xF7, 0xBE, 0xF7, 0xBE, 0xF7, 0xBE, 0xF7,
    0xBE, 0xF7, 0xBE, 0xF7, 0xBE, 0xF7, 0xDF, 0xFF, 0xBE, 0xF7, 0xDF, 0xFF, 0xDF, 0xFF, 0xBE, 0xF7,
    0xBE, 0xF7, 0xBE, 0xF7, 0xBE, 0xF7, 0xDF, 0xFF, 0xBE, 0xF7, 0xDF, 0xFF, 0xDF, 0xFF, 0xDF, 0xFF,
    0xDF, 0xFF, 0xDF, 0xFF, 0xDF, 0xFF, 0xDF, 0xFF, 0xDF, 0xFF, 0xDF, 0xFF, 0xDF, 0xFF, 0xDF, 0xFF,
    0xDF, 0xFF, 0xDF, 0xFF, 0xDF, 0xFF, 0xDF, 0xFF, 0xDF, 0xFF, 0xDF, 0xFF, 0xDF, 0xFF, 0xDF, 0xFF,
    0xDF, 0xFF, 0xDF, 0xFF, 0xFF, 0xFF, 0x24, 0x21, 0x24, 0x21, 0x24, 0x21, 0x24, 0x21, 0x24, 0x21,
    0x24, 0x21, 0x24, 0x21, 0x24, 0x21, 0x45, 0x29, 0x45, 0x29, 0x86, 0x31, 0xC7, 0x39, 0x08, 0x42,
    0x49, 0x4A, 0xAA, 0x52, 0xEB, 0x5A, 0x2C, 0x63, 0x6D, 0x6B, 0x34, 0xA5, 0x9A, 0xD6, 0xBE, 0xF7,
    0xFF, 0xFF, 0x3C, 0xE7, 0x79, 0xCE, 0x59, 0xCE, 0xBA, 0xD6, 0x3C, 0xE7, 0xFF, 0xFF, 0xBE, 0xF7,
    0xBA, 0xD6, 0x92, 0x94, 0x4D, 0x6B, 0xEB, 0x5A, 0xCB, 0x5A, 0xAA, 0x52, 0x49, 0x4A, 0x08, 0x42,
    0xC7, 0x39, 0x86, 0x31, 0x45, 0x29, 0x45, 0x29, 0x24, 0x21, 0x24, 0x21, 0x24, 0x21, 0x24, 0x21,
    0x24, 0x21, 0x24, 0x21, 0x24, 0x21, 0x24, 0x21, 0x59, 0xCE, 0x59, 0xCE, 0x59, 0xCE, 0x59, 0xCE,
    0x59, 0xCE, 0x59, 0xCE, 0x59, 0xCE, 0x08, 0x42, 0x04, 0x21, 0x04, 0x21, 0x04, 0x21, 0x04, 0x21,
    0x04, 0x21, 0x04, 0x21, 0x04, 0x21, 0x04, 0x21, 0x04, 0x21, 0x04, 0x21, 0x04, 0x21, 0x04, 0x21,
    0x04, 0x21, 0x04, 0x21, 0x04, 0x21, 0x04, 0x21, 0x49, 0x4A, 0x59, 0xCE, 0x59, 0xCE, 0x59, 0xCE,
    0x59, 0xCE, 0x59, 0xCE, 0x59, 0xCE, 0x59, 0xCE, 0x59, 0xCE, 0x59, 0xCE, 0x59, 0xCE, 0x59, 0xCE,
    0x59, 0xCE, 0x59, 0xCE, 0x59, 0xCE, 0x59, 0xCE, 0x59, 0xCE, 0x59, 0xCE, 0x59, 0xCE, 0x59, 0xCE,
    0x59, 0xCE, 0x59, 0xCE, 0x59, 0xCE, 0x59, 0xCE, 0x59, 0xCE, 0x59, 0xCE, 0x59, 0xCE, 0x59, 0xCE,
    0x59, 0xCE, 0x59, 0xCE, 0x59, 0xCE, 0x59, 0xCE, 0x59, 0xCE, 0x59, 0xCE, 0x59, 0xCE, 0x59, 0xCE,
    0x59, 0xCE, 0x59, 0xCE, 0x59, 0xCE, 0x59, 0xCE, 0x59, 0xCE, 0x59, 0xCE, 0x59, 0xCE, 0x59, 0xCE,
    0x59, 0xCE, 0x59, 0xCE, 0x59, 0xCE, 0x59, 0xCE, 0x59, 0xCE, 0x59, 0xCE, 0x59, 0xCE, 0x59, 0xCE,
    0x59, 0xCE, 0x59, 0xCE, 0x59, 0xCE, 0x59, 0xCE, 0x59, 0xCE, 0x59, 0xCE, 0x59, 0xCE, 0x59, 0xCE,
    0x59, 0xCE, 0x59, 0xCE, 0x59, 0xCE, 0x59, 0xCE, 0x59, 0xCE, 0x59, 0xCE, 0x59, 0xCE, 0x59, 0xCE,
    0x59, 0xCE, 0x59, 0xCE, 0x59, 0xCE, 0x59, 0xCE, 0x59, 0xCE, 0x59, 0xCE, 0x59, 0xCE, 0x59, 0xCE,
    0x59, 0xCE, 0x59, 0xCE, 0x59, 0xCE, 0x59, 0xCE, 0x59, 0xCE, 0x59, 0xCE, 0x59, 0xCE, 0x59, 0xCE,
    0x59, 0xCE, 0x59, 0xCE, 0xC7, 0x39, 0x1C, 0xDF, 0x1C, 0xE7, 0x3C, 0xE7, 0x5D, 0xEF, 0x7D, 0xEF,
    0xBA, 0xD6, 0xBA, 0xD6, 0xBA, 0xD6, 0xBA, 0xD6, 0xBA, 0xD6, 0xBA, 0xD6, 0xBA, 0xD6, 0xBA, 0xD6,
    0xBA, 0xD6, 0xBA, 0xD6, 0xBA, 0xD6, 0xBA, 0xD6, 0xBA, 0xD6, 0xBA, 0xD6, 0xDB, 0xDE, 0xDB, 0xDE,
    0xDB, 0xDE, 0xFB, 0xDE, 0xFB, 0xDE, 0xFB, 0xDE, 0xFB, 0xDE, 0xFB, 0xDE, 0xFB, 0xDE, 0xFB, 0xDE,
    0xFB, 0xDE, 0xFB, 0xDE, 0xFB, 0xDE, 0xFB, 0xDE, 0xFB, 0xDE, 0xFB, 0xDE, 0xFB, 0xDE, 0xFB, 0xDE,
    0xFB, 0xDE, 0xFB, 0xDE, 0x1C, 0xE7, 0x1C, 0xE7, 0x1C, 0xE7, 0x1C, 0xE7, 0x1C, 0xE7, 0x3C, 0xE7,
    0xBE, 0xF7, 0xFF, 0xFF, 0xFF, 0xFF, 0xDF, 0xFF, 0x9E, 0xF7, 0x3C, 0xE7, 0x3C, 0xE7, 0x3C, 0xE7,
    0x3C, 0xE7, 0x3C, 0xE7, 0x3C, 0xE7, 0x3C, 0xE7, 0x3C, 0xE7, 0x3C, 0xE7, 0x3C, 0xE7, 0x3C, 0xE7,
    0x3C, 0xE7, 0x3C, 0xE7, 0x3C, 0xE7, 0x3C, 0xE7, 0x3C, 0xE7, 0x3C, 0xE7, 0x3C, 0xE7, 0x3C, 0xE7,
    0x3C, 0xE7, 0x3C, 0xE7, 0x5D, 0xEF, 0x5D, 0xEF, 0x5D, 0xEF, 0x5D, 0xEF, 0x5D, 0xEF, 0x5D, 0xEF,
    0x7D, 0xEF, 0xDF, 0xFF, 0xFF, 0xFF, 0xFF, 0xFF, 0xDF, 0xFF, 0xBE, 0xF7, 0x7D, 0xEF, 0x7D, 0xEF,
    0x7D, 0xEF, 0x7D, 0xEF, 0x7D, 0xEF, 0x7D, 0xEF, 0x7D, 0xEF, 0x7D, 0xEF, 0x7D, 0xEF, 0x7D, 0xEF,
    0x7D, 0xEF, 0x9E, 0xF7, 0x7D, 0xEF, 0x9E, 0xF7, 0x7D, 0xEF, 0x9E, 0xF7, 0x9E, 0xF7, 0x9E, 0xF7,
    0x9E, 0xF7, 0x9E, 0xF7, 0x9E, 0xF7, 0x9E, 0xF7, 0x9E, 0xF7, 0x9E, 0xF7, 0x9E, 0xF7, 0x9E, 0xF7,
    0x9E, 0xF7, 0xBE, 0xF7, 0xBE, 0xF7, 0xBE, 0xF7, 0xBE, 0xF7, 0xBE, 0xF7, 0xBE, 0xF7, 0xBE, 0xF7,
    0xBE, 0xF7, 0xBE, 0xF7, 0xBE, 0xF7, 0xBE, 0xF7, 0xBE, 0xF7, 0xBE, 0xF7, 0xBE, 0xF7, 0xBE, 0xF7,
    0xBE, 0xF7, 0xBE, 0xF7, 0xBE, 0xF7, 0xBE, 0xF7, 0xDF, 0xFF, 0xDF, 0xFF, 0xDF, 0xFF, 0xBE, 0xF7,
    0xBE, 0xF7, 0xBE, 0xF7, 0xBE, 0xF7, 0xBE, 0xF7, 0xDF, 0xFF, 0xBE, 0xF7, 0xBE, 0xF7, 0xBE, 0xF7,
    0xDF, 0xFF, 0xDF, 0xFF, 0xDF, 0xFF, 0xDF, 0xFF, 0xDF, 0xFF, 0xDF, 0xFF, 0xDF, 0xFF, 0xDF, 0xFF,
    0xDF, 0xFF, 0xDF, 0xFF, 0xDF, 0xFF, 0xDF, 0xFF, 0xDF, 0xFF, 0xDF, 0xFF, 0xDF, 0xFF, 0xDF, 0xFF,
    0xDF, 0xFF, 0xDF, 0xFF, 0xDF, 0xFF, 0x24, 0x21, 0x24, 0x21, 0x24, 0x21, 0x24, 0x21, 0x24, 0x21,
    0x24, 0x21, 0x24, 0x21, 0x24, 0x21, 0x24, 0x21, 0x45, 0x29, 0x45, 0x29, 0x65, 0x29, 0xA6, 0x31,
    0xE7, 0x39, 0x49, 0x4A, 0x8A, 0x52, 0xCB, 0x5A, 0x0C, 0x63, 0x0C, 0x63, 0x2C, 0x63, 0x2C, 0x63,
    0x10, 0x84, 0x92, 0x94, 0xD3, 0x9C, 0x75, 0xAD, 0xD3, 0x9C, 0xD3, 0x9C, 0x6D, 0x6B, 0xCB, 0x5A,
    0xCB, 0x5A, 0xCB, 0x5A, 0xCB, 0x5A, 0xAA, 0x52, 0x8A, 0x52, 0x28, 0x42, 0xE7, 0x39, 0xC7, 0x39,
    0x86, 0x31, 0x65, 0x29, 0x45, 0x29, 0x24, 0x21, 0x24, 0x21, 0x24, 0x21, 0x24, 0x21, 0x24, 0x21,
    0x24, 0x21, 0x24, 0x21, 0x24, 0x21, 0x24, 0x21, 0x59, 0xCE, 0x59, 0xCE, 0x59, 0xCE, 0x59, 0xCE,
    0x59, 0xCE, 0x59, 0xCE, 0x59, 0xCE, 0x04, 0x21, 0x04, 0x21, 0x04, 0x21, 0x04, 0x21, 0x04, 0x21,
    0x04, 0x21, 0x04, 0x21, 0x04, 0x21, 0x04, 0x21, 0x04, 0x21, 0x04, 0x21, 0x04, 0x21, 0x04, 0x21,
    0x04, 0x21, 0x04, 0x21, 0x04, 0x21, 0x04, 0x21, 0x04, 0x21, 0x59, 0xCE, 0x59, 0xCE, 0x59, 0xCE,
    0x59, 0xCE, 0x59, 0xCE, 0x59, 0xCE, 0x59, 0xCE, 0x59, 0xCE, 0x59, 0xCE, 0x59, 0xCE, 0x59, 0xCE,
    0x59, 0xCE, 0x59, 0xCE, 0x59, 0xCE, 0x59, 0xCE, 0x59, 0xCE, 0x59, 0xCE, 0x59, 0xCE, 0x59, 0xCE,
    0x59, 0xCE, 0x59, 0xCE, 0x59, 0xCE, 0x59, 0xCE, 0x59, 0xCE, 0x59, 0xCE, 0x59, 0xCE, 0x59, 0xCE,
    0x59, 0xCE, 0x59, 0xCE, 0x59, 0xCE, 0x59, 0xCE, 0x59, 0xCE, 0x59, 0xCE, 0x59, 0xCE, 0x59, 0xCE,
    0x59, 0xCE, 0x59, 0xCE, 0x59, 0xCE, 0x59, 0xCE, 0x59, 0xCE, 0x59, 0xCE, 0x59, 0xCE, 0x59, 0xCE,
    0x59, 0xCE, 0x59, 0xCE, 0x59, 0xCE, 0x59, 0xCE, 0x59, 0xCE, 0x59, 0xCE, 0x59, 0xCE, 0x59, 0xCE,
    0x59, 0xCE, 0x59, 0xCE, 0x59, 0xCE, 0x59, 0xCE, 0x59, 0xCE, 0x59, 0xCE, 0x59, 0xCE, 0x59, 0xCE,
    0x59, 0xCE, 0x59, 0xCE, 0x59, 0xCE, 0x59, 0xCE, 0x59, 0xCE, 0x59, 0xCE, 0x59, 0xCE, 0x59, 0xCE,
    0x59, 0xCE, 0x59, 0xCE, 0x59, 0xCE, 0x59, 0xCE, 0x59, 0xCE, 0x59, 0xCE, 0x59, 0xCE, 0x59, 0xCE,
    0x59, 0xCE, 0x59, 0xCE, 0x59, 0xCE, 0x59, 0xCE, 0x59, 0xCE, 0x59, 0xCE, 0x59, 0xCE, 0x59, 0xCE,
    0x59, 0xCE, 0x59, 0xCE, 0xC7, 0x39, 0x1C, 0xDF, 0x1C, 0xE7, 0x3C, 0xE7, 0x5D, 0xEF, 0x7D, 0xEF,
    0xBA, 0xD6, 0xBA, 0xD6, 0xBA, 0xD6, 0xBA, 0xD6, 0xBA, 0xD6, 0xBA, 0xD6, 0xBA, 0xD6, 0xBA, 0xD6,
    0xBA, 0xD6, 0xBA, 0xD6, 0xBA, 0xD6, 0xBA, 0xD6, 0xBA, 0xD6, 0xBA, 0xD6, 0xBA, 0xD6, 0xDB, 0xDE,
    0xDB, 0xDE, 0xDB, 0xDE, 0xFB, 0xDE, 0xFB, 0xDE, 0xFB, 0xDE, 0xFB, 0xDE, 0xFB, 0xDE, 0xFB, 0xDE,
    0xFB, 0xDE, 0xDB, 0xDE, 0xDB, 0xDE, 0xDB, 0xDE, 0xDB, 0xDE, 0xDB, 0xDE, 0xDB, 0xDE, 0xFB, 0xDE,
    0xFB, 0xDE, 0xFB, 0xDE, 0xFB, 0xDE, 0xFB, 0xDE, 0x1C, 0xE7, 0x1C, 0xE7, 0x1C, 0xE7, 0x1C, 0xE7,
    0x1C, 0xE7, 0x1C, 0xE7, 0x1C, 0xE7, 0x1C, 0xE7, 0x1C, 0xE7, 0x1C, 0xE7, 0x1C, 0xE7, 0x1C, 0xE7,
    0x1C, 0xE7, 0x1C, 0xE7, 0x3C, 0xE7, 0x3C, 0xE7, 0x3C, 0xE7, 0x3C, 0xE7, 0x3C, 0xE7, 0x3C, 0xE7,
    0x3C, 0xE7, 0x3C, 0xE7, 0x3C, 0xE7, 0x3C, 0xE7, 0x3C, 0xE7, 0x3C, 0xE7, 0x3C, 0xE7, 0x3C, 0xE7,
    0x3C, 0xE7, 0x3C, 0xE7, 0x3C, 0xE7, 0x3C, 0xE7, 0x3C, 0xE7, 0x5D, 0xEF, 0x5D, 0xEF, 0x5D, 0xEF,
    0x5D, 0xEF, 0x5D, 0xEF, 0x5D, 0xEF, 0x5D, 0xEF, 0x5D, 0xEF, 0x7D, 0xEF, 0x7D, 0xEF, 0x7D, 0xEF,
    0x7D, 0xEF, 0x7D, 0xEF, 0x7D, 0xEF, 0x7D, 0xEF, 0x7D, 0xEF, 0x7D, 0xEF, 0x7D, 0xEF, 0x7D, 0xEF,
    0x7D, 0xEF, 0x7D, 0xEF, 0x7D, 0xEF, 0x7D, 0xEF, 0x9E, 0xF7, 0x9E, 0xF7, 0x9E, 0xF7, 0x9E, 0xF7,
    0x9E, 0xF7, 0x9E, 0xF7, 0x9E, 0xF7, 0x9E, 0xF7, 0x9E, 0xF7, 0x9E, 0xF7, 0x9E, 0xF7, 0x9E, 0xF7,
    0x9E, 0xF7, 0x9E, 0xF7, 0x9E, 0xF7, 0xBE, 0xF7, 0x9E, 0xF7, 0xBE, 0xF7, 0xBE, 0xF7, 0xBE, 0xF7,
    0xBE, 0xF7, 0xBE, 0xF7, 0xBE, 0xF7, 0xBE, 0xF7, 0xBE, 0xF7, 0xBE, 0xF7, 0xBE, 0xF7, 0xBE, 0xF7,
    0xBE, 0xF7, 0xBE, 0xF7, 0xBE, 0xF7, 0xBE, 0xF7, 0xBE, 0xF7, 0xBE, 0xF7, 0xBE, 0xF7, 0xBE, 0xF7,
    0xBE, 0xF7, 0xBE, 0xF7, 0xBE, 0xF7, 0xBE, 0xF7, 0xBE, 0xF7, 0xDF, 0xFF, 0xDF, 0xFF, 0xDF, 0xFF,
    0xDF, 0xFF, 0xDF, 0xFF, 0xDF, 0xFF, 0xDF, 0xFF, 0xDF, 0xFF, 0xDF, 0xFF, 0xDF, 0xFF, 0xDF, 0xFF,
    0xDF, 0xFF, 0xDF, 0xFF, 0xDF, 0xFF, 0xDF, 0xFF, 0xDF, 0xFF, 0xDF, 0xFF, 0xDF, 0xFF, 0xDF, 0xFF,
    0xDF, 0xFF, 0xDF, 0xFF, 0xDF, 0xFF, 0x24, 0x21, 0x24, 0x21, 0x24, 0x21, 0x24, 0x21, 0x24, 0x21,
    0x24, 0x21, 0x24, 0x21, 0x24, 0x21, 0x24, 0x21, 0x24, 0x21, 0x45, 0x29, 0x45, 0x29, 0x86, 0x31,
    0xA6, 0x31, 0xE7, 0x39, 0x28, 0x42, 0x49, 0x4A, 0x8A, 0x52, 0xCB, 0x5A, 0xCB, 0x5A, 0xEB, 0x5A,
    0xEB, 0x5A, 0xEB, 0x5A, 0xCB, 0x5A, 0xCB, 0x5A, 0xCB, 0x5A, 0xCB, 0x5A, 0xCB, 0x5A, 0xAA, 0x52,
    0xAA, 0x52, 0x8A, 0x52, 0x69, 0x4A, 0x49, 0x4A, 0x08, 0x42, 0xE7, 0x39, 0xA6, 0x31, 0x86, 0x31,
    0x45, 0x29, 0x45, 0x29, 0x24, 0x21, 0x24, 0x21, 0x24, 0x21, 0x24, 0x21, 0x24, 0x21, 0x24, 0x21,
    0x24, 0x21, 0x24, 0x21, 0x24, 0x21, 0x24, 0x21, 0x59, 0xCE, 0x59, 0xCE, 0x59, 0xCE, 0x59, 0xCE,
    0x59, 0xCE, 0x59, 0xCE, 0x59, 0xCE, 0x04, 0x21, 0x04, 0x21, 0x04, 0x21, 0x04, 0x21, 0x04, 0x21,
    0x04, 0x21, 0x04, 0x21, 0x04, 0x21, 0x04, 0x21, 0x04, 0x21, 0x04, 0x21, 0x04, 0x21, 0x04, 0x21,
    0x04, 0x21, 0x04, 0x21, 0x04, 0x21, 0x04, 0x21, 0x04, 0x21, 0x59, 0xCE, 0x59, 0xCE, 0x59, 0xCE,
    0x59, 0xCE, 0x59, 0xCE, 0x59, 0xCE, 0x59, 0xCE, 0x59, 0xCE, 0x59, 0xCE, 0x59, 0xCE, 0x59, 0xCE,
    0x59, 0xCE, 0x59, 0xCE, 0x59, 0xCE, 0x59, 0xCE, 0x59, 0xCE, 0x59, 0xCE, 0x59, 0xCE, 0x59, 0xCE,
    0x59, 0xCE, 0x59, 0xCE, 0x59, 0xCE, 0x59, 0xCE, 0x59, 0xCE, 0x59, 0xCE, 0x59, 0xCE, 0x59, 0xCE,
    0x59, 0xCE, 0x59, 0xCE, 0x59, 0xCE, 0x59, 0xCE, 0x59, 0xCE, 0x59, 0xCE, 0x59, 0xCE, 0x59, 0xCE,
    0x59, 0xCE, 0x59, 0xCE, 0x59, 0xCE, 0x59, 0xCE, 0x59, 0xCE, 0x59, 0xCE, 0x59, 0xCE, 0x59, 0xCE,
    0x59, 0xCE, 0x59, 0xCE, 0x59, 0xCE, 0x59, 0xCE, 0x59, 0xCE, 0x59, 0xCE, 0x59, 0xCE, 0x59, 0xCE,
    0x59, 0xCE, 0x59, 0xCE, 0x59, 0xCE, 0x59, 0xCE, 0x59, 0xCE, 0x59, 0xCE, 0x59, 0xCE, 0x59, 0xCE,
    0x59, 0xCE, 0x59, 0xCE, 0x59, 0xCE, 0x59, 0xCE, 0x59, 0xCE, 0x59, 0xCE, 0x59, 0xCE, 0x59, 0xCE,
    0x59, 0xCE, 0x59, 0xCE, 0x59, 0xCE, 0x59, 0xCE, 0x59, 0xCE, 0x59, 0xCE, 0x59, 0xCE, 0x59, 0xCE,
    0x59, 0xCE, 0x59, 0xCE, 0x59, 0xCE, 0x59, 0xCE, 0x59, 0xCE, 0x59, 0xCE, 0x59, 0xCE, 0x59, 0xCE,
    0x59, 0xCE, 0x59, 0xCE, 0xC7, 0x39, 0x1C, 0xDF, 0x1C, 0xE7, 0x3C, 0xE7, 0x5D, 0xEF, 0x7D, 0xEF,
    0xBA, 0xD6, 0xBA, 0xD6, 0xBA, 0xD6, 0xBA, 0xD6, 0xBA, 0xD6, 0xBA, 0xD6, 0xBA, 0xD6, 0xBA, 0xD6,
    0xBA, 0xD6, 0xBA, 0xD6, 0xBA, 0xD6, 0xBA, 0xD6, 0xBA, 0xD6, 0xBA, 0xD6, 0xBA, 0xD6, 0xDB, 0xDE,
    0xDB, 0xDE, 0xDB, 0xDE, 0xDB, 0xDE, 0xDB, 0xDE, 0xDB, 0xDE, 0xDB, 0xDE, 0xDB, 0xDE, 0xDB, 0xDE,
    0xDB, 0xDE, 0xDB, 0xDE, 0xDB, 0xDE, 0xDB, 0xDE, 0xDB, 0xDE, 0xDB, 0xDE, 0xDB, 0xDE, 0xDB, 0xDE,
    0xDB, 0xDE, 0xFB, 0xDE, 0xFB, 0xDE, 0xFB, 0xDE, 0xFB, 0xDE, 0xFB, 0xDE, 0xFB, 0xDE, 0x1C, 0xE7,
    0x1C, 0xE7, 0x1C, 0xE7, 0x1C, 0xE7, 0x1C, 0xE7, 0x1C, 0xE7, 0x1C, 0xE7, 0x1C, 0xE7, 0x1C, 0xE7,
    0x1C, 0xE7, 0x1C, 0xE7, 0x1C, 0xE7, 0x1C, 0xE7, 0x1C, 0xE7, 0x1C, 0xE7, 0x1C, 0xE7, 0x1C, 0xE7,
    0x1C, 0xE7, 0x1C, 0xE7, 0x3C, 0xE7, 0x3C, 0xE7, 0x1C, 0xE7, 0x1C, 0xE7, 0x1C, 0xE7, 0x1C, 0xE7,
    0x3C, 0xE7, 0x3C, 0xE7, 0x3C, 0xE7, 0x3C, 0xE7, 0x3C, 0xE7, 0x5D, 0xEF, 0x5D, 0xEF, 0x5D, 0xEF,
    0x5D, 0xEF, 0x5D, 0xEF, 0x5D, 0xEF, 0x5D, 0xEF, 0x5D, 0xEF, 0x5D, 0xEF, 0x5D, 0xEF, 0x5D, 0xEF,
    0x7D, 0xEF, 0x7D, 0xEF, 0x7D, 0xEF, 0x7D, 0xEF, 0x7D, 0xEF, 0x7D, 0xEF, 0x7D, 0xEF, 0x7D, 0xEF,
    0x7D, 0xEF, 0x7D, 0xEF, 0x7D, 0xEF, 0x7D, 0xEF, 0x7D, 0xEF, 0x7D, 0xEF, 0x7D, 0xEF, 0x9E, 0xF7,
    0x7D, 0xEF, 0x9E, 0xF7, 0x9E, 0xF7, 0x9E, 0xF7, 0x9E, 0xF7, 0x9E, 0xF7, 0x9E, 0xF7, 0x9E, 0xF7,
    0x9E, 0xF7, 0x9E, 0xF7, 0x9E, 0xF7, 0xBE, 0xF7, 0x9E, 0xF7, 0xBE, 0xF7, 0xBE, 0xF7, 0xBE, 0xF7,
    0xBE, 0xF7, 0xBE, 0xF7, 0xBE, 0xF7, 0xBE, 0xF7, 0xBE, 0xF7, 0xBE, 0xF7, 0xBE, 0xF7, 0xBE, 0xF7,
    0xBE, 0xF7, 0xBE, 0xF7, 0xBE, 0xF7, 0xBE, 0xF7, 0xBE, 0xF7, 0xBE, 0xF7, 0xBE, 0xF7, 0xBE, 0xF7,
    0xBE, 0xF7, 0xBE, 0xF7, 0xBE, 0xF7, 0xBE, 0xF7, 0xBE, 0xF7, 0xDF, 0xFF, 0xDF, 0xFF, 0xDF, 0xFF,
    0xDF, 0xFF, 0xDF, 0xFF, 0xDF, 0xFF, 0xDF, 0xFF, 0xDF, 0xFF, 0xDF, 0xFF, 0xDF, 0xFF, 0xDF, 0xFF,
    0xDF, 0xFF, 0xDF, 0xFF, 0xDF, 0xFF, 0xDF, 0xFF, 0xDF, 0xFF, 0xDF, 0xFF, 0xDF, 0xFF, 0xDF, 0xFF,
    0xDF, 0xFF, 0xDF, 0xFF, 0xDF, 0xFF, 0x24, 0x21, 0x24, 0x21, 0x24, 0x21, 0x24, 0x21, 0x24, 0x21,
    0x24, 0x21, 0x24, 0x21, 0x24, 0x21, 0x24, 0x21, 0x24, 0x21, 0x24, 0x21, 0x45, 0x29, 0x45, 0x29,
    0x65, 0x29, 0x86, 0x31, 0xC7, 0x39, 0xE7, 0x39, 0x28, 0x42, 0x49, 0x4A, 0x69, 0x4A, 0x8A, 0x52,
    0x8A, 0x52, 0x8A, 0x52, 0xAA, 0x52, 0xAA, 0x52, 0xAA, 0x52, 0x8A, 0x52, 0x8A, 0x52, 0x69, 0x4A,
    0x69, 0x4A, 0x49, 0x4A, 0x28, 0x42, 0xE7, 0x39, 0xC7, 0x39, 0x86, 0x31, 0x65, 0x29, 0x45, 0x29,
    0x45, 0x29, 0x24, 0x21, 0x24, 0x21, 0x24, 0x21, 0x24, 0x21, 0x24, 0x21, 0x24, 0x21, 0x24, 0x21,
    0x24, 0x21, 0x24, 0x21, 0x24, 0x21, 0x24, 0x21, 0x59, 0xCE, 0x59, 0xCE, 0x59, 0xCE, 0x59, 0xCE,
    0x59, 0xCE, 0x59, 0xCE, 0x59, 0xCE, 0x04, 0x21, 0x04, 0x21, 0x04, 0x21, 0x04, 0x21, 0x04, 0x21,
    0x04, 0x21, 0x04, 0x21, 0x04, 0x21, 0x04, 0x21, 0x04, 0x21, 0x04, 0x21, 0x04, 0x21, 0x04, 0x21,
    0x04, 0x21, 0x04, 0x21, 0x04, 0x21, 0x04, 0x21, 0x04, 0x21, 0x59, 0xCE, 0x59, 0xCE, 0x59, 0xCE,
    0x59, 0xCE, 0x59, 0xCE, 0x59, 0xCE, 0x59, 0xCE, 0x59, 0xCE, 0x59, 0xCE, 0x59, 0xCE, 0x59, 0xCE,
    0x59, 0xCE, 0x59, 0xCE, 0x59, 0xCE, 0x59, 0xCE, 0x59, 0xCE, 0x59, 0xCE, 0x59, 0xCE, 0x59, 0xCE,
    0x59, 0xCE, 0x59, 0xCE, 0x59, 0xCE, 0x59, 0xCE, 0x59, 0xCE, 0x59, 0xCE, 0x59, 0xCE, 0x59, 0xCE,
    0x59, 0xCE, 0x59, 0xCE, 0x59, 0xCE, 0x59, 0xCE, 0x59, 0xCE, 0x59, 0xCE, 0x59, 0xCE, 0x59, 0xCE,
    0x59, 0xCE, 0x59, 0xCE, 0x59, 0xCE, 0x59, 0xCE, 0x59, 0xCE, 0x59, 0xCE, 0x59, 0xCE, 0x59, 0xCE,
    0x59, 0xCE, 0x59, 0xCE, 0x59, 0xCE, 0x59, 0xCE, 0x59, 0xCE, 0x59, 0xCE, 0x59, 0xCE, 0x59, 0xCE,
    0x59, 0xCE, 0x59, 0xCE, 0x59, 0xCE, 0x59, 0xCE, 0x59, 0xCE, 0x59, 0xCE, 0x59, 0xCE, 0x59, 0xCE,
    0x59, 0xCE, 0x59, 0xCE, 0x59, 0xCE, 0x59, 0xCE, 0x59, 0xCE, 0x59, 0xCE, 0x59, 0xCE, 0x59, 0xCE,
    0x59, 0xCE, 0x59, 0xCE, 0x59, 0xCE, 0x59, 0xCE, 0x59, 0xCE, 0x59, 0xCE, 0x59, 0xCE, 0x59, 0xCE,
    0x59, 0xCE, 0x59, 0xCE, 0x59, 0xCE, 0x59, 0xCE, 0x59, 0xCE, 0x59, 0xCE, 0x59, 0xCE, 0x59, 0xCE,
    0x59, 0xCE, 0x59, 0xCE, 0xC7, 0x39, 0x1C, 0xE7, 0x1C, 0xE7, 0x3C, 0xE7, 0x5D, 0xEF, 0x7D, 0xEF,
    0xBA, 0xD6, 0xBA, 0xD6, 0xBA, 0xD6, 0xBA, 0xD6, 0xBA, 0xD6, 0xBA, 0xD6, 0xBA, 0xD6, 0xBA, 0xD6,
    0xBA, 0xD6, 0xBA, 0xD6, 0xBA, 0xD6, 0xBA, 0xD6, 0xBA, 0xD6, 0xBA, 0xD6, 0xBA, 0xD6, 0xBA, 0xD6,
    0xDB, 0xDE, 0xDB, 0xDE, 0xDB, 0xDE, 0xDB, 0xDE, 0xDB, 0xDE, 0xDB, 0xDE, 0xDB, 0xDE, 0xDB, 0xDE,
    0xDB, 0xDE, 0xDB, 0xDE, 0xBA, 0xD6, 0xBA, 0xD6, 0xBA, 0xD6, 0xBA, 0xD6, 0xDB, 0xDE, 0xDB, 0xDE,
    0xDB, 0xDE, 0xDB, 0xDE, 0xDB, 0xDE, 0xDB, 0xDE, 0xFB, 0xDE, 0xFB, 0xDE, 0xFB, 0xDE, 0xFB, 0xDE,
    0xFB, 0xDE, 0x1C, 0xE7, 0x1C, 0xE7, 0x1C, 0xE7, 0x1C, 0xE7, 0x1C, 0xE7, 0x1C, 0xE7, 0x1C, 0xE7,
    0x1C, 0xE7, 0x1C, 0xE7, 0x1C, 0xE7, 0x1C, 0xE7, 0x1C, 0xE7, 0x1C, 0xE7, 0x1C, 0xE7, 0x1C, 0xE7,
    0x1C, 0xE7, 0x1C, 0xE7, 0x1C, 0xE7, 0x1C, 0xE7, 0x1C, 0xE7, 0x1C, 0xE7, 0x1C, 0xE7, 0x1C, 0xE7,
    0x1C, 0xE7, 0x1C, 0xE7, 0x3C, 0xE7, 0x3C, 0xE7, 0x3C, 0xE7, 0x3C, 0xE7, 0x3C, 0xE7, 0x5D, 0xEF,
    0x5D, 0xEF, 0x5D, 0xEF, 0x5D, 0xEF, 0x5D, 0xEF, 0x5D, 0xEF, 0x5D, 0xEF, 0x5D, 0xEF, 0x5D, 0xEF,
    0x5D, 0xEF, 0x5D, 0xEF, 0x5D, 0xEF, 0x5D, 0xEF, 0x5D, 0xEF, 0x5D, 0xEF, 0x5D, 0xEF, 0x7D, 0xEF,
    0x7D, 0xEF, 0x7D, 0xEF, 0x7D, 0xEF, 0x7D, 0xEF, 0x7D, 0xEF, 0x7D, 0xEF, 0x7D, 0xEF, 0x7D, 0xEF,
    0x7D, 0xEF, 0x7D, 0xEF, 0x7D, 0xEF, 0x9E, 0xF7, 0x9E, 0xF7, 0x9E, 0xF7, 0x9E, 0xF7, 0x9E, 0xF7,
    0x9E, 0xF7, 0x9E, 0xF7, 0x9E, 0xF7, 0x9E, 0xF7, 0x9E, 0xF7, 0x9E, 0xF7, 0xBE, 0xF7, 0xBE, 0xF7,
    0xBE, 0xF7, 0xBE, 0xF7, 0xBE, 0xF7, 0xBE, 0xF7, 0xBE, 0xF7, 0xBE, 0xF7, 0xBE, 0xF7, 0xBE, 0xF7,
    0xBE, 0xF7, 0xBE, 0xF7, 0xBE, 0xF7, 0xBE, 0xF7, 0xBE, 0xF7, 0xBE, 0xF7, 0xBE, 0xF7, 0xBE, 0xF7,
    0xBE, 0xF7, 0xBE, 0xF7, 0xBE, 0xF7, 0xBE, 0xF7, 0xBE, 0xF7, 0xBE, 0xF7, 0xBE, 0xF7, 0xDF, 0xFF,
    0xDF, 0xFF, 0xDF, 0xFF, 0xDF, 0xFF, 0xDF, 0xFF, 0xDF, 0xFF, 0xDF, 0xFF, 0xDF, 0xFF, 0xDF, 0xFF,
    0xDF, 0xFF, 0xDF, 0xFF, 0xDF, 0xFF, 0xDF, 0xFF, 0xDF, 0xFF, 0xDF, 0xFF, 0xDF, 0xFF, 0xDF, 0xFF,
    0xDF, 0xFF, 0xDF, 0xFF, 0xDF, 0xFF, 0x24, 0x21, 0x24, 0x21, 0x24, 0x21, 0x24, 0x21, 0x24, 0x21,
    0x24, 0x21, 0x24, 0x21, 0x24, 0x21, 0x24, 0x21, 0x24, 0x21, 0x24, 0x21, 0x24, 0x21, 0x45, 0x29,
    0x45, 0x29, 0x65, 0x29, 0x86, 0x31, 0xA6, 0x31, 0xC7, 0x39, 0xE7, 0x39, 0x08, 0x42, 0x28, 0x42,
    0x28, 0x42, 0x49, 0x4A, 0x49, 0x4A, 0x49, 0x4A, 0x49, 0x4A, 0x49, 0x4A, 0x49, 0x4A, 0x28, 0x42,
    0x08, 0x42, 0xE7, 0x39, 0xC7, 0x39, 0xA6, 0x31, 0x86, 0x31, 0x65, 0x29, 0x45, 0x29, 0x45, 0x29,
    0x24, 0x21, 0x24, 0x21, 0x24, 0x21, 0x24, 0x21, 0x24, 0x21, 0x24, 0x21, 0x24, 0x21, 0x24, 0x21,
    0x24, 0x21, 0x24, 0x21, 0x24, 0x21, 0x24, 0x21, 0x59, 0xCE, 0x59, 0xCE, 0x59, 0xCE, 0x59, 0xCE,
    0x59, 0xCE, 0x59, 0xCE, 0x59, 0xCE, 0x04, 0x21, 0x04, 0x21, 0xCB, 0x5A, 0x55, 0xAD, 0x49, 0x4A,
    0x04, 0x21, 0x04, 0x21, 0x04, 0x21, 0x55, 0xAD, 0xAE, 0x73, 0x04, 0x21, 0x04, 0x21, 0x04, 0x21,
    0x04, 0x21, 0x04, 0x21, 0x04, 0x21, 0x04, 0x21, 0x04, 0x21, 0x59, 0xCE, 0x59, 0xCE, 0x59, 0xCE,
    0x59, 0xCE, 0x59, 0xCE, 0x59, 0xCE, 0x59, 0xCE, 0x59, 0xCE, 0x59, 0xCE, 0x59, 0xCE, 0x59, 0xCE,
    0x59, 0xCE, 0x59, 0xCE, 0x59, 0xCE, 0x59, 0xCE, 0x59, 0xCE, 0x59, 0xCE, 0x59, 0xCE, 0x59, 0xCE,
    0x59, 0xCE, 0x59, 0xCE, 0x59, 0xCE, 0x59, 0xCE, 0x59, 0xCE, 0x59, 0xCE, 0x59, 0xCE, 0x59, 0xCE,
    0x59, 0xCE, 0x59, 0xCE, 0x59, 0xCE, 0x59, 0xCE, 0x59, 0xCE, 0x59, 0xCE, 0x59, 0xCE, 0x59, 0xCE,
    0x59, 0xCE, 0x59, 0xCE, 0x59, 0xCE, 0x59, 0xCE, 0x59, 0xCE, 0x59, 0xCE, 0x59, 0xCE, 0x59, 0xCE,
    0x59, 0xCE, 0x59, 0xCE, 0x59, 0xCE, 0x59, 0xCE, 0x59, 0xCE, 0x59, 0xCE, 0x59, 0xCE, 0x59, 0xCE,
    0x59, 0xCE, 0x59, 0xCE, 0x59, 0xCE, 0x59, 0xCE, 0x59, 0xCE, 0x59, 0xCE, 0x59, 0xCE, 0x59, 0xCE,
    0x59, 0xCE, 0x59, 0xCE, 0x59, 0xCE, 0x59, 0xCE, 0x59, 0xCE, 0x59, 0xCE, 0x59, 0xCE, 0x59, 0xCE,
    0x59, 0xCE, 0x59, 0xCE, 0x59, 0xCE, 0x59, 0xCE, 0x59, 0xCE, 0x59, 0xCE, 0x59, 0xCE, 0x59, 0xCE,
    0x59, 0xCE, 0x59, 0xCE, 0x59, 0xCE, 0x59, 0xCE, 0x59, 0xCE, 0x59, 0xCE, 0x59, 0xCE, 0x59, 0xCE,
    0x59, 0xCE, 0x59, 0xCE, 0xC7, 0x39, 0x1C, 0xDF, 0x1C, 0xE7, 0x3C, 0xE7, 0x5D, 0xEF, 0x7D, 0xEF,
    0xBA, 0xD6, 0xBA, 0xD6, 0xBA, 0xD6, 0xBA, 0xD6, 0xBA, 0xD6, 0xBA, 0xD6, 0xBA, 0xD6, 0xBA, 0xD6,
    0xBA, 0xD6, 0xBA, 0xD6, 0xBA, 0xD6, 0xBA, 0xD6, 0xBA, 0xD6, 0xBA, 0xD6, 0xBA, 0xD6, 0xBA, 0xD6,
    0xBA, 0xD6, 0xDB, 0xDE, 0xDB, 0xDE, 0xDB, 0xDE, 0xDB, 0xDE, 0xDB, 0xDE, 0xDB, 0xDE, 0xBA, 0xD6,
    0xBA, 0xD6, 0xBA, 0xD6, 0xBA, 0xD6, 0xBA, 0xD6, 0xBA, 0xD6, 0xBA, 0xD6, 0xBA, 0xD6, 0xBA, 0xD6,
    0xBA, 0xD6, 0xDB, 0xDE, 0xDB, 0xDE, 0xDB, 0xDE, 0xDB, 0xDE, 0xDB, 0xDE, 0xFB, 0xDE, 0xFB, 0xDE,
    0xFB, 0xDE, 0xFB, 0xDE, 0xFB, 0xDE, 0xFB, 0xDE, 0xFB, 0xDE, 0xFB, 0xDE, 0xFB, 0xDE, 0xFB, 0xDE,
    0xFB, 0xDE, 0xFB, 0xDE, 0xFB, 0xDE, 0xFB, 0xDE, 0xFB, 0xDE, 0xFB, 0xDE, 0x1C, 0xE7, 0x1C, 0xE7,
    0x1C, 0xE7, 0x1C, 0xE7, 0x1C, 0xE7, 0x1C, 0xE7, 0x1C, 0xE7, 0x1C, 0xE7, 0x1C, 0xE7, 0x1C, 0xE7,
    0x1C, 0xE7, 0x1C, 0xE7, 0x1C, 0xE7, 0x1C, 0xE7, 0x3C, 0xE7, 0x3C, 0xE7, 0x3C, 0xE7, 0x3C, 0xE7,
    0x3C, 0xE7, 0x5D, 0xEF, 0x5D, 0xEF, 0x5D, 0xEF, 0x5D, 0xEF, 0x5D, 0xEF, 0x5D, 0xEF, 0x5D, 0xEF,
    0x5D, 0xEF, 0x5D, 0xEF, 0x5D, 0xEF, 0x5D, 0xEF, 0x5D, 0xEF, 0x5D, 0xEF, 0x5D, 0xEF, 0x5D, 0xEF,
    0x5D, 0xEF, 0x7D, 0xEF, 0x7D, 0xEF, 0x7D, 0xEF, 0x7D, 0xEF, 0x7D, 0xEF, 0x7D, 0xEF, 0x7D, 0xEF,
    0x7D, 0xEF, 0x7D, 0xEF, 0x7D, 0xEF, 0x7D, 0xEF, 0x7D, 0xEF, 0x9E, 0xF7, 0x7D, 0xEF, 0x9E, 0xF7,
    0x9E, 0xF7, 0x9E, 0xF7, 0x9E, 0xF7, 0x9E, 0xF7, 0x9E, 0xF7, 0x9E, 0xF7, 0x9E, 0xF7, 0x9E, 0xF7,
    0x9E, 0xF7, 0xBE, 0xF7, 0x9E, 0xF7, 0x9E, 0xF7, 0xBE, 0xF7, 0xBE, 0xF7, 0xBE, 0xF7, 0xBE, 0xF7,
    0xBE, 0xF7, 0xBE, 0xF7, 0xBE, 0xF7, 0xBE, 0xF7, 0xBE, 0xF7, 0xBE, 0xF7, 0xBE, 0xF7, 0xBE, 0xF7,
    0xBE, 0xF7, 0xBE, 0xF7, 0xBE, 0xF7, 0xBE, 0xF7, 0xBE, 0xF7, 0xBE, 0xF7, 0xDF, 0xFF, 0xBE, 0xF7,
    0xDF, 0xFF, 0xBE, 0xF7, 0xBE, 0xF7, 0xDF, 0xFF, 0xDF, 0xFF, 0xDF, 0xFF, 0xDF, 0xFF, 0xDF, 0xFF,
    0xDF, 0xFF, 0xDF, 0xFF, 0xDF, 0xFF, 0xDF, 0xFF, 0xDF, 0xFF, 0xDF, 0xFF, 0xDF, 0xFF, 0xDF, 0xFF,
    0xDF, 0xFF, 0xDF, 0xFF, 0xDF, 0xFF, 0x24, 0x21, 0x24, 0x21, 0x24, 0x21, 0x24, 0x21, 0x24, 0x21,
    0x24, 0x21, 0x24, 0x21, 0x24, 0x21, 0x24, 0x21, 0x24, 0x21, 0x24, 0x21, 0x24, 0x21, 0x24, 0x21,
    0x24, 0x21, 0x45, 0x29, 0x45, 0x29, 0x65, 0x29, 0x86, 0x31, 0x86, 0x31, 0xA6, 0x31, 0xC7, 0x39,
    0xC7, 0x39, 0xE7, 0x39, 0xE7, 0x39, 0xE7, 0x39, 0xE7, 0x39, 0xE7, 0x39, 0xC7, 0x39, 0xC7, 0x39,
    0xC7, 0x39, 0xA6, 0x31, 0x65, 0x29, 0x65, 0x29, 0x45, 0x29, 0x45, 0x29, 0x24, 0x21, 0x24, 0x21,
    0x24, 0x21, 0x24, 0x21, 0x24, 0x21, 0x24, 0x21, 0x24, 0x21, 0x24, 0x21, 0x24, 0x21, 0x24, 0x21,
    0x24, 0x21, 0x24, 0x21, 0x24, 0x21, 0x24, 0x21, 0x59, 0xCE, 0x59, 0xCE, 0x59, 0xCE, 0x59, 0xCE,
    0x59, 0xCE, 0x59, 0xCE, 0x59, 0xCE, 0x04, 0x21, 0x04, 0x21, 0x65, 0x29, 0x9E, 0xF7, 0x75, 0xAD,
    0x04, 0x21, 0x04, 0x21, 0x2C, 0x63, 0xFF, 0xFF, 0xAE, 0x73, 0x04, 0x21, 0x04, 0x21, 0x04, 0x21,
    0x04, 0x21, 0x04, 0x21, 0x04, 0x21, 0x04, 0x21, 0x04, 0x21, 0x59, 0xCE, 0x59, 0xCE, 0x59, 0xCE,
    0x59, 0xCE, 0x59, 0xCE, 0x59, 0xCE, 0x59, 0xCE, 0x59, 0xCE, 0x59, 0xCE, 0x59, 0xCE, 0x59, 0xCE,
    0x59, 0xCE, 0x59, 0xCE, 0x59, 0xCE, 0x59, 0xCE, 0x59, 0xCE, 0x59, 0xCE, 0x59, 0xCE, 0x59, 0xCE,
    0x59, 0xCE, 0x59, 0xCE, 0x59, 0xCE, 0x59, 0xCE, 0x59, 0xCE, 0x59, 0xCE, 0x59, 0xCE, 0x59, 0xCE,
    0x59, 0xCE, 0x59, 0xCE, 0x59, 0xCE, 0x59, 0xCE, 0x59, 0xCE, 0x59, 0xCE, 0x59, 0xCE, 0x59, 0xCE,
    0x59, 0xCE, 0x59, 0xCE, 0x59, 0xCE, 0x59, 0xCE, 0x59, 0xCE, 0x59, 0xCE, 0x59, 0xCE, 0x59, 0xCE,
    0x59, 0xCE, 0x59, 0xCE, 0x59, 0xCE, 0x59, 0xCE, 0x59, 0xCE, 0x59, 0xCE, 0x59, 0xCE, 0x59, 0xCE,
    0x59, 0xCE, 0x59, 0xCE, 0x59, 0xCE, 0x59, 0xCE, 0x59, 0xCE, 0x59, 0xCE, 0x59, 0xCE, 0x59, 0xCE,
    0x59, 0xCE, 0x59, 0xCE, 0x59, 0xCE, 0x59, 0xCE, 0x59, 0xCE, 0x59, 0xCE, 0x59, 0xCE, 0x59, 0xCE,
    0x59, 0xCE, 0x59, 0xCE, 0x59, 0xCE, 0x59, 0xCE, 0x59, 0xCE, 0x59, 0xCE, 0x59, 0xCE, 0x59, 0xCE,
    0x59, 0xCE, 0x59, 0xCE, 0x59, 0xCE, 0x59, 0xCE, 0x59, 0xCE, 0x59, 0xCE, 0x59, 0xCE, 0x59, 0xCE,
    0x59, 0xCE, 0x59, 0xCE, 0xC7, 0x39, 0xFB, 0xDE, 0x1C, 0xE7, 0x3C, 0xE7, 0x5D, 0xEF, 0x7D, 0xEF,
    0xBA, 0xD6, 0xBA, 0xD6, 0xBA, 0xD6, 0xBA, 0xD6, 0xBA, 0xD6, 0xBA, 0xD6, 0xBA, 0xD6, 0xBA, 0xD6,
    0xBA, 0xD6, 0xBA, 0xD6, 0xBA, 0xD6, 0xBA, 0xD6, 0xBA, 0xD6, 0xBA, 0xD6, 0xBA, 0xD6, 0xBA, 0xD6,
    0xBA, 0xD6, 0xBA, 0xD6, 0xBA, 0xD6, 0xBA, 0xD6, 0xBA, 0xD6, 0xBA, 0xD6, 0xBA, 0xD6, 0xBA, 0xD6,
    0xBA, 0xD6, 0xBA, 0xD6, 0xBA, 0xD6, 0xBA, 0xD6, 0xBA, 0xD6, 0xBA, 0xD6, 0xBA, 0xD6, 0xBA, 0xD6,
    0xBA, 0xD6, 0xBA, 0xD6, 0xBA, 0xD6, 0xDB, 0xDE, 0xDB, 0xDE, 0xDB, 0xDE, 0xDB, 0xDE, 0xFB, 0xDE,
    0xFB, 0xDE, 0xFB, 0xDE, 0xFB, 0xDE, 0xFB, 0xDE, 0xFB, 0xDE, 0xFB, 0xDE, 0xFB, 0xDE, 0xFB, 0xDE,
    0xFB, 0xDE, 0xFB, 0xDE, 0xFB, 0xDE, 0xFB, 0xDE, 0xFB, 0xDE, 0xFB, 0xDE, 0xFB, 0xDE, 0xFB, 0xDE,
    0xFB, 0xDE, 0x1C, 0xE7, 0x1C, 0xE7, 0xFB, 0xDE, 0xFB, 0xDE, 0x1C, 0xE7, 0x1C, 0xE7, 0x1C, 0xE7,
    0x1C, 0xE7, 0x1C, 0xE7, 0x1C, 0xE7, 0x1C, 0xE7, 0x1C, 0xE7, 0x3C, 0xE7, 0x3C, 0xE7, 0x3C, 0xE7,
    0x3C, 0xE7, 0x3C, 0xE7, 0x3C, 0xE7, 0x3C, 0xE7, 0x3C, 0xE7, 0x5D, 0xEF, 0x5D, 0xEF, 0x3C, 0xE7,
    0x5D, 0xEF, 0x5D, 0xEF, 0x5D, 0xEF, 0x5D, 0xEF, 0x5D, 0xEF, 0x5D, 0xEF, 0x5D, 0xEF, 0x5D, 0xEF,
    0x5D, 0xEF, 0x5D, 0xEF, 0x5D, 0xEF, 0x5D, 0xEF, 0x7D, 0xEF, 0x7D, 0xEF, 0x7D, 0xEF, 0x7D, 0xEF,
    0x7D, 0xEF, 0x7D, 0xEF, 0x7D, 0xEF, 0x7D, 0xEF, 0x7D, 0xEF, 0x7D, 0xEF, 0x7D, 0xEF, 0x7D, 0xEF,
    0x7D, 0xEF, 0x9E, 0xF7, 0x9E, 0xF7, 0x9E, 0xF7, 0x9E, 0xF7, 0x9E, 0xF7, 0x9E, 0xF7, 0x9E, 0xF7,
    0x9E, 0xF7, 0x9E, 0xF7, 0x9E, 0xF7, 0x9E, 0xF7, 0xBE, 0xF7, 0xBE, 0xF7, 0xBE, 0xF7, 0xBE, 0xF7,
    0xBE, 0xF7, 0xBE, 0xF7, 0xBE, 0xF7, 0xBE, 0xF7, 0xBE, 0xF7, 0xBE, 0xF7, 0xBE, 0xF7, 0xBE, 0xF7,
    0xBE, 0xF7, 0xBE, 0xF7, 0xBE, 0xF7, 0xBE, 0xF7, 0xBE, 0xF7, 0xBE, 0xF7, 0xBE, 0xF7, 0xBE, 0xF7,
    0xBE, 0xF7, 0xDF, 0xFF, 0xDF, 0xFF, 0xDF, 0xFF, 0xDF, 0xFF, 0xDF, 0xFF, 0xDF, 0xFF, 0xDF, 0xFF,
    0xDF, 0xFF, 0xDF, 0xFF, 0xDF, 0xFF, 0xDF, 0xFF, 0xDF, 0xFF, 0xDF, 0xFF, 0xDF, 0xFF, 0xDF, 0xFF,
    0xDF, 0xFF, 0xDF, 0xFF, 0xDF, 0xFF, 0x24, 0x21, 0x24, 0x21, 0x24, 0x21, 0x24, 0x21, 0x24, 0x21,
    0x24, 0x21, 0x24, 0x21, 0x24, 0x21, 0x24, 0x21, 0x24, 0x21, 0x24, 0x21, 0x24, 0x21, 0x24, 0x21,
    0x24, 0x21, 0x24, 0x21, 0x24, 0x21, 0x45, 0x29, 0x45, 0x29, 0x65, 0x29, 0x65, 0x29, 0x86, 0x31,
    0x86, 0x31, 0x86, 0x31, 0x86, 0x31, 0x86, 0x31, 0x86, 0x31, 0x86, 0x31, 0x86, 0x31, 0x86, 0x31,
    0x65, 0x29, 0x65, 0x29, 0x45, 0x29, 0x45, 0x29, 0x24, 0x21, 0x24, 0x21, 0x24, 0x21, 0x24, 0x21,
    0x24, 0x21, 0x24, 0x21, 0x24, 0x21, 0x24, 0x21, 0x24, 0x21, 0x24, 0x21, 0x24, 0x21, 0x24, 0x21,
    0x24, 0x21, 0x24, 0x21, 0x24, 0x21, 0x24, 0x21, 0x59, 0xCE, 0x59, 0xCE, 0x59, 0xCE, 0x59, 0xCE,
    0x59, 0xCE, 0x59, 0xCE, 0x59, 0xCE, 0x04, 0x21, 0x04, 0x21, 0x04, 0x21, 0x38, 0xC6, 0x9E, 0xF7,
    0x04, 0x21, 0x04, 0x21, 0x55, 0xAD, 0xFF, 0xFF, 0x65, 0x29, 0x04, 0x21, 0x10, 0x84, 0x1C, 0xE7,
    0x1C, 0xE7, 0xD7, 0xBD, 0x04, 0x21, 0x04, 0x21, 0x04, 0x21, 0x59, 0xCE, 0x59, 0xCE, 0x59, 0xCE,
    0x59, 0xCE, 0x59, 0xCE, 0x59, 0xCE, 0x59, 0xCE, 0x59, 0xCE, 0x59, 0xCE, 0x59, 0xCE, 0x59, 0xCE,
    0x59, 0xCE, 0x59, 0xCE, 0x59, 0xCE, 0x59, 0xCE, 0x59, 0xCE, 0x59, 0xCE, 0x59, 0xCE, 0x59, 0xCE,
    0x59, 0xCE, 0x59, 0xCE, 0x59, 0xCE, 0x59, 0xCE, 0x59, 0xCE, 0x59, 0xCE, 0x59, 0xCE, 0x59, 0xCE,
    0x59, 0xCE, 0x59, 0xCE, 0x59, 0xCE, 0x59, 0xCE, 0x59, 0xCE, 0x59, 0xCE, 0x59, 0xCE, 0x59, 0xCE,
    0x59, 0xCE, 0x59, 0xCE, 0x59, 0xCE, 0x59, 0xCE, 0x59, 0xCE, 0x59, 0xCE, 0x59, 0xCE, 0x59, 0xCE,
    0x59, 0xCE, 0x59, 0xCE, 0x59, 0xCE, 0x59, 0xCE, 0x59, 0xCE, 0x59, 0xCE, 0x59, 0xCE, 0x59, 0xCE,
    0x59, 0xCE, 0x59, 0xCE, 0x59, 0xCE, 0x59, 0xCE, 0x59, 0xCE, 0x59, 0xCE, 0x59, 0xCE, 0x59, 0xCE,
    0x59, 0xCE, 0x59, 0xCE, 0x59, 0xCE, 0x59, 0xCE, 0x59, 0xCE, 0x59, 0xCE, 0x59, 0xCE, 0x59, 0xCE,
    0x59, 0xCE, 0x59, 0xCE, 0x59, 0xCE, 0x59, 0xCE, 0x59, 0xCE, 0x59, 0xCE, 0x59, 0xCE, 0x59, 0xCE,
    0x59, 0xCE, 0x59, 0xCE, 0x59, 0xCE, 0x59, 0xCE, 0x59, 0xCE, 0x59, 0xCE, 0x59, 0xCE, 0x59, 0xCE,
    0x59, 0xCE, 0x59, 0xCE, 0xC7, 0x39, 0xFB, 0xDE, 0x1C, 0xE7, 0x3C, 0xE7, 0x5D, 0xEF, 0x7D, 0xEF,
    0xBA, 0xD6, 0xBA, 0xD6, 0xBA, 0xD6, 0xBA, 0xD6, 0xBA, 0xD6, 0xBA, 0xD6, 0xBA, 0xD6, 0xBA, 0xD6,
    0xBA, 0xD6, 0xBA, 0xD6, 0xBA, 0xD6, 0xBA, 0xD6, 0xBA, 0xD6, 0xBA, 0xD6, 0xBA, 0xD6, 0xBA, 0xD6,
    0xBA, 0xD6, 0xBA, 0xD6, 0xBA, 0xD6, 0xBA, 0xD6, 0xBA, 0xD6, 0xBA, 0xD6, 0xBA, 0xD6, 0xBA, 0xD6,
    0xBA, 0xD6, 0xBA, 0xD6, 0xBA, 0xD6, 0xBA, 0xD6, 0xBA, 0xD6, 0xBA, 0xD6, 0xBA, 0xD6, 0xBA, 0xD6,
    0xBA, 0xD6, 0xBA, 0xD6, 0xBA, 0xD6, 0xBA, 0xD6, 0xDB, 0xDE, 0xDB, 0xDE, 0xDB, 0xDE, 0xDB, 0xDE,
    0xDB, 0xDE, 0xDB, 0xDE, 0xFB, 0xDE, 0xDB, 0xDE, 0xFB, 0xDE, 0xDB, 0xDE, 0xFB, 0xDE, 0xFB, 0xDE,
    0xFB, 0xDE, 0xDB, 0xDE, 0xFB, 0xDE, 0xDB, 0xDE, 0xFB, 0xDE, 0xFB, 0xDE, 0xFB, 0xDE, 0xFB, 0xDE,
    0xFB, 0xDE, 0xFB, 0xDE, 0xFB, 0xDE, 0xFB, 0xDE, 0xFB, 0xDE, 0xFB, 0xDE, 0xFB, 0xDE, 0xFB, 0xDE,
    0x1C, 0xE7, 0x1C, 0xE7, 0x1C, 0xE7, 0x1C, 0xE7, 0x1C, 0xE7, 0x1C, 0xE7, 0x1C, 0xE7, 0x3C, 0xE7,
    0x3C, 0xE7, 0x3C, 0xE7, 0x3C, 0xE7, 0x3C, 0xE7, 0x3C, 0xE7, 0x3C, 0xE7, 0x3C, 0xE7, 0x3C, 0xE7,
    0x3C, 0xE7, 0x3C, 0xE7, 0x3C, 0xE7, 0x5D, 0xEF, 0x5D, 0xEF, 0x5D, 0xEF, 0x5D, 0xEF, 0x5D, 0xEF,
    0x5D, 0xEF, 0x5D, 0xEF, 0x5D, 0xEF, 0x5D, 0xEF, 0x5D, 0xEF, 0x5D, 0xEF, 0x5D, 0xEF, 0x7D, 0xEF,
    0x7D, 0xEF, 0x7D, 0xEF, 0x7D, 0xEF, 0x7D, 0xEF, 0x7D, 0xEF, 0x7D, 0xEF, 0x7D, 0xEF, 0x7D, 0xEF,
    0x7D, 0xEF, 0x7D, 0xEF, 0x9E, 0xF7, 0x7D, 0xEF, 0x9E, 0xF7, 0x9E, 0xF7, 0x9E, 0xF7, 0x9E, 0xF7,
    0x9E, 0xF7, 0x9E, 0xF7, 0x9E, 0xF7, 0x9E, 0xF7, 0x9E, 0xF7, 0xBE, 0xF7, 0xBE, 0xF7, 0xBE, 0xF7,
    0xBE, 0xF7, 0xBE, 0xF7, 0xBE, 0xF7, 0xBE, 0xF7, 0xBE, 0xF7, 0xBE, 0xF7, 0xBE, 0xF7, 0xBE, 0xF7,
    0xBE, 0xF7, 0xBE, 0xF7, 0xBE, 0xF7, 0xBE, 0xF7, 0xBE, 0xF7, 0xBE, 0xF7, 0xBE, 0xF7, 0xBE, 0xF7,
    0xBE, 0xF7, 0xDF, 0xFF, 0xDF, 0xFF, 0xBE, 0xF7, 0xDF, 0xFF, 0xDF, 0xFF, 0xDF, 0xFF, 0xDF, 0xFF,
    0xDF, 0xFF, 0xDF, 0xFF, 0xDF, 0xFF, 0xDF, 0xFF, 0xDF, 0xFF, 0xDF, 0xFF, 0xDF, 0xFF, 0xDF, 0xFF,
    0xDF, 0xFF, 0xDF, 0xFF, 0xDF, 0xFF, 0x24, 0x21, 0x24, 0x21, 0x24, 0x21, 0x24, 0x21, 0x24, 0x21,
    0x24, 0x21, 0x24, 0x21, 0x24, 0x21, 0x24, 0x21, 0x24, 0x21, 0x24, 0x21, 0x24, 0x21, 0x24, 0x21,
    0x24, 0x21, 0x24, 0x21, 0x24, 0x21, 0x24, 0x21, 0x24, 0x21, 0x24, 0x21, 0x45, 0x29, 0x45, 0x29,
    0x45, 0x29, 0x45, 0x29, 0x65, 0x29, 0x65, 0x29, 0x65, 0x29, 0x45, 0x29, 0x45, 0x29, 0x45, 0x29,
    0x45, 0x29, 0x45, 0x29, 0x24, 0x21, 0x24, 0x21, 0x24, 0x21, 0x24, 0x21, 0x24, 0x21, 0x24, 0x21,
    0x24, 0x21, 0x24, 0x21, 0x24, 0x21, 0x24, 0x21, 0x24, 0x21, 0x24, 0x21, 0x24, 0x21, 0x24, 0x21,
    0x24, 0x21, 0x24, 0x21, 0x24, 0x21, 0x24, 0x21, 0x59, 0xCE, 0x59, 0xCE, 0x59, 0xCE, 0x59, 0xCE,
    0x59, 0xCE, 0x59, 0xCE, 0x59, 0xCE, 0x04, 0x21, 0x04, 0x21, 0x04, 0x21, 0xAE, 0x73, 0xFF, 0xFF,
    0xCB, 0x5A, 0x04, 0x21, 0x1C, 0xE7, 0xD7, 0xBD, 0x04, 0x21, 0xAE, 0x73, 0xFF, 0xFF, 0x75, 0xAD,
    0x92, 0x94, 0x92, 0x94, 0x04, 0x21, 0x04, 0x21, 0x04, 0x21, 0x59, 0xCE, 0x59, 0xCE, 0x59, 0xCE,
    0x59, 0xCE, 0x59, 0xCE, 0x59, 0xCE, 0x59, 0xCE, 0x59, 0xCE, 0x59, 0xCE, 0x59, 0xCE, 0x59, 0xCE,
    0x59, 0xCE, 0x59, 0xCE, 0x59, 0xCE, 0x59, 0xCE, 0x59, 0xCE, 0x59, 0xCE, 0x59, 0xCE, 0x59, 0xCE,
    0x59, 0xCE, 0x59, 0xCE, 0x59, 0xCE, 0x59, 0xCE, 0x59, 0xCE, 0x59, 0xCE, 0x59, 0xCE, 0x59, 0xCE,
    0x59, 0xCE, 0x59, 0xCE, 0x59, 0xCE, 0x59, 0xCE, 0x59, 0xCE, 0x59, 0xCE, 0x59, 0xCE, 0x59, 0xCE,
    0x59, 0xCE, 0x59, 0xCE, 0x59, 0xCE, 0x59, 0xCE, 0x59, 0xCE, 0x59, 0xCE, 0x59, 0xCE, 0x59, 0xCE,
    0x59, 0xCE, 0x59, 0xCE, 0x59, 0xCE, 0x59, 0xCE, 0x59, 0xCE, 0x59, 0xCE, 0x59, 0xCE, 0x59, 0xCE,
    0x59, 0xCE, 0x59, 0xCE, 0x59, 0xCE, 0x59, 0xCE, 0x59, 0xCE, 0x59, 0xCE, 0x59, 0xCE, 0x59, 0xCE,
    0x59, 0xCE, 0x59, 0xCE, 0x59, 0xCE, 0x59, 0xCE, 0x59, 0xCE, 0x59, 0xCE, 0x59, 0xCE, 0x59, 0xCE,
    0x59, 0xCE, 0x59, 0xCE, 0x59, 0xCE, 0x59, 0xCE, 0x59, 0xCE, 0x59, 0xCE, 0x59, 0xCE, 0x59, 0xCE,
    0x59, 0xCE, 0x59, 0xCE, 0x59, 0xCE, 0x59, 0xCE, 0x59, 0xCE, 0x59, 0xCE, 0x59, 0xCE, 0x59, 0xCE,
    0x59, 0xCE, 0x59, 0xCE, 0xC7, 0x39, 0xFB, 0xDE, 0x1C, 0xE7, 0x3C, 0xE7, 0x5D, 0xEF, 0x7D, 0xEF,
    0xBA, 0xD6, 0xBA, 0xD6, 0xBA, 0xD6, 0xBA, 0xD6, 0xBA, 0xD6, 0xBA, 0xD6, 0xBA, 0xD6, 0xBA, 0xD6,
    0xBA, 0xD6, 0xBA, 0xD6, 0xBA, 0xD6, 0xBA, 0xD6, 0xBA, 0xD6, 0xBA, 0xD6, 0xBA, 0xD6, 0xBA, 0xD6,
    0xBA, 0xD6, 0xBA, 0xD6, 0xBA, 0xD6, 0xBA, 0xD6, 0xBA, 0xD6, 0xBA, 0xD6, 0xBA, 0xD6, 0xBA, 0xD6,
    0xBA, 0xD6, 0xBA, 0xD6, 0xBA, 0xD6, 0xBA, 0xD6, 0xBA, 0xD6, 0xBA, 0xD6, 0xBA, 0xD6, 0xBA, 0xD6,
    0xBA, 0xD6, 0xBA, 0xD6, 0xBA, 0xD6, 0xBA, 0xD6, 0xBA, 0xD6, 0xBA, 0xD6, 0xBA, 0xD6, 0xDB, 0xDE,
    0xDB, 0xDE, 0xDB, 0xDE, 0xDB, 0xDE, 0xDB, 0xDE, 0xDB, 0xDE, 0xDB, 0xDE, 0xDB, 0xDE, 0xDB, 0xDE,
    0xDB, 0xDE, 0xDB, 0xDE, 0xDB, 0xDE, 0xDB, 0xDE, 0xDB, 0xDE, 0xFB, 0xDE, 0xDB, 0xDE, 0xFB, 0xDE,
    0xFB, 0xDE, 0xFB, 0xDE, 0xFB, 0xDE, 0xFB, 0xDE, 0xFB, 0xDE, 0xFB, 0xDE, 0xFB, 0xDE, 0xFB, 0xDE,
    0xFB, 0xDE, 0xFB, 0xDE, 0x1C, 0xE7, 0x1C, 0xE7, 0x1C, 0xE7, 0x1C, 0xE7, 0x1C, 0xE7, 0x1C, 0xE7,
    0x1C, 0xE7, 0x3C, 0xE7, 0x3C, 0xE7, 0x3C, 0xE7, 0x3C, 0xE7, 0x3C, 0xE7, 0x3C, 0xE7, 0x3C, 0xE7,
    0x3C, 0xE7, 0x3C, 0xE7, 0x3C, 0xE7, 0x3C, 0xE7, 0x3C, 0xE7, 0x3C, 0xE7, 0x3C, 0xE7, 0x5D, 0xEF,
    0x5D, 0xEF, 0x5D, 0xEF, 0x5D, 0xEF, 0x5D, 0xEF, 0x5D, 0xEF, 0x5D, 0xEF, 0x5D, 0xEF, 0x5D, 0xEF,
    0x5D, 0xEF, 0x5D, 0xEF, 0x5D, 0xEF, 0x7D, 0xEF, 0x7D, 0xEF, 0x7D, 0xEF, 0x7D, 0xEF, 0x7D, 0xEF,
    0x7D, 0xEF, 0x7D, 0xEF, 0x7D, 0xEF, 0x9E, 0xF7, 0x9E, 0xF7, 0x7D, 0xEF, 0x9E, 0xF7, 0x9E, 0xF7,
    0x9E, 0xF7, 0x9E, 0xF7, 0x9E, 0xF7, 0x9E, 0xF7, 0x9E, 0xF7, 0x9E, 0xF7, 0x9E, 0xF7, 0xBE, 0xF7,
    0xBE, 0xF7, 0xBE, 0xF7, 0xBE, 0xF7, 0xBE, 0xF7, 0xBE, 0xF7, 0xBE, 0xF7, 0xBE, 0xF7, 0xBE, 0xF7,
    0xBE, 0xF7, 0xBE, 0xF7, 0xBE, 0xF7, 0xBE, 0xF7, 0xBE, 0xF7, 0xBE, 0xF7, 0xBE, 0xF7, 0xDF, 0xFF,
    0xBE, 0xF7, 0xDF, 0xFF, 0xBE, 0xF7, 0xDF, 0xFF, 0xDF, 0xFF, 0xDF, 0xFF, 0xDF, 0xFF, 0xDF, 0xFF,
    0xDF, 0xFF, 0xDF, 0xFF, 0xDF, 0xFF, 0xDF, 0xFF, 0xDF, 0xFF, 0xDF, 0xFF, 0xDF, 0xFF, 0xDF, 0xFF,
    0xDF, 0xFF, 0xDF, 0xFF, 0xDF, 0xFF, 0x24, 0x21, 0x24, 0x21, 0x24, 0x21, 0x24, 0x21, 0x24, 0x21,
    0x24, 0x21, 0x24, 0x21, 0x24, 0x21, 0x24, 0x21, 0x24, 0x21, 0x24, 0x21, 0x24, 0x21, 0x24, 0x21,
    0x24, 0x21, 0x24, 0x21, 0x24, 0x21, 0x24, 0x21, 0x24, 0x21, 0x24, 0x21, 0x24, 0x21, 0x24, 0x21,
    0x24, 0x21, 0x24, 0x21, 0x45, 0x29, 0x45, 0x29, 0x45, 0x29, 0x45, 0x29, 0x24, 0x21, 0x24, 0x21,
    0x24, 0x21, 0x24, 0x21, 0x24, 0x21, 0x24, 0x21, 0x24, 0x21, 0x24, 0x21, 0x24, 0x21, 0x24, 0x21,
    0x24, 0x21, 0x24, 0x21, 0x24, 0x21, 0x24, 0x21, 0x24, 0x21, 0x24, 0x21, 0x24, 0x21, 0x24, 0x21,
    0x24, 0x21, 0x24, 0x21, 0x24, 0x21, 0x24, 0x21, 0x59, 0xCE, 0x59, 0xCE, 0x59, 0xCE, 0x59, 0xCE,
    0x59, 0xCE, 0x59, 0xCE, 0x59, 0xCE, 0x04, 0x21, 0x04, 0x21, 0x04, 0x21, 0x65, 0x29, 0x9E, 0xF7,
    0xF3, 0x9C, 0xCB, 0x5A, 0xFF, 0xFF, 0xAE, 0x73, 0x04, 0x21, 0x38, 0xC6, 0xFF, 0xFF, 0x04, 0x21,
    0x04, 0x21, 0x04, 0x21, 0x04, 0x21, 0x04, 0x21, 0x04, 0x21, 0x59, 0xCE, 0x59, 0xCE, 0x59, 0xCE,
    0x59, 0xCE, 0x59, 0xCE, 0x59, 0xCE, 0x59, 0xCE, 0x59, 0xCE, 0x59, 0xCE, 0x59, 0xCE, 0x59, 0xCE,
    0x59, 0xCE, 0x59, 0xCE, 0x59, 0xCE, 0x59, 0xCE, 0x59, 0xCE, 0x59, 0xCE, 0x59, 0xCE, 0x59, 0xCE,
    0x59, 0xCE, 0x59, 0xCE, 0x59, 0xCE, 0x59, 0xCE, 0x59, 0xCE, 0x59, 0xCE, 0x59, 0xCE, 0x59, 0xCE,
    0x59, 0xCE, 0x59, 0xCE, 0x59, 0xCE, 0x59, 0xCE, 0x59, 0xCE, 0x59, 0xCE, 0x59, 0xCE, 0x59, 0xCE,
    0x59, 0xCE, 0x59, 0xCE, 0x59, 0xCE, 0x59, 0xCE, 0x59, 0xCE, 0x59, 0xCE, 0x59, 0xCE, 0x59, 0xCE,
    0x59, 0xCE, 0x59, 0xCE, 0x59, 0xCE, 0x59, 0xCE, 0x59, 0xCE, 0x59, 0xCE, 0x59, 0xCE, 0x59, 0xCE,
    0x59, 0xCE, 0x59, 0xCE, 0x59, 0xCE, 0x59, 0xCE, 0x59, 0xCE, 0x59, 0xCE, 0x59, 0xCE, 0x59, 0xCE,
    0x59, 0xCE, 0x59, 0xCE, 0x59, 0xCE, 0x59, 0xCE, 0x59, 0xCE, 0x59, 0xCE, 0x59, 0xCE, 0x59, 0xCE,
    0x59, 0xCE, 0x59, 0xCE, 0x59, 0xCE, 0x59, 0xCE, 0x59, 0xCE, 0x59, 0xCE, 0x59, 0xCE, 0x59, 0xCE,
    0x59, 0xCE, 0x59, 0xCE, 0x59, 0xCE, 0x59, 0xCE, 0x59, 0xCE, 0x59, 0xCE, 0x59, 0xCE, 0x59, 0xCE,
    0x59, 0xCE, 0x59, 0xCE, 0xC7, 0x39, 0x1C, 0xDF, 0x1C, 0xE7, 0x3C, 0xE7, 0x5D, 0xEF, 0x7D, 0xEF,
    0xBA, 0xD6, 0xBA, 0xD6, 0xBA, 0xD6, 0xBA, 0xD6, 0xBA, 0xD6, 0xBA, 0xD6, 0xBA, 0xD6, 0xBA, 0xD6,
    0xBA, 0xD6, 0xBA, 0xD6, 0xBA, 0xD6, 0xBA, 0xD6, 0xBA, 0xD6, 0xBA, 0xD6, 0xBA, 0xD6, 0xBA, 0xD6,
    0xBA, 0xD6, 0xBA, 0xD6, 0xBA, 0xD6, 0xBA, 0xD6, 0xBA, 0xD6, 0xBA, 0xD6, 0xBA, 0xD6, 0xBA, 0xD6,
    0xBA, 0xD6, 0xBA, 0xD6, 0xBA, 0xD6, 0xBA, 0xD6, 0xBA, 0xD6, 0xBA, 0xD6, 0xBA, 0xD6, 0xBA, 0xD6,
    0xBA, 0xD6, 0xBA, 0xD6, 0xBA, 0xD6, 0xBA, 0xD6, 0xBA, 0xD6, 0xBA, 0xD6, 0xBA, 0xD6, 0xBA, 0xD6,
    0xBA, 0xD6, 0xDB, 0xDE, 0xDB, 0xDE, 0xDB, 0xDE, 0xDB, 0xDE, 0xDB, 0xDE, 0xDB, 0xDE, 0xDB, 0xDE,
    0xDB, 0xDE, 0xDB, 0xDE, 0xDB, 0xDE, 0xDB, 0xDE, 0xDB, 0xDE, 0xDB, 0xDE, 0xDB, 0xDE, 0xFB, 0xDE,
    0xFB, 0xDE, 0xFB, 0xDE, 0xFB, 0xDE, 0xFB, 0xDE, 0xFB, 0xDE, 0xFB, 0xDE, 0xFB, 0xDE, 0xFB, 0xDE,
    0xFB, 0xDE, 0x1C, 0xE7, 0x1C, 0xE7, 0x1C, 0xE7, 0x1C, 0xE7, 0x1C, 0xE7, 0x1C, 0xE7, 0x1C, 0xE7,
    0x1C, 0xE7, 0x1C, 0xE7, 0x1C, 0xE7, 0x1C, 0xE7, 0x3C, 0xE7, 0x3C, 0xE7, 0x3C, 0xE7, 0x3C, 0xE7,
    0x3C, 0xE7, 0x3C, 0xE7, 0x3C, 0xE7, 0x3C, 0xE7, 0x3C, 0xE7, 0x3C, 0xE7, 0x3C, 0xE7, 0x3C, 0xE7,
    0x5D, 0xEF, 0x5D, 0xEF, 0x5D, 0xEF, 0x5D, 0xEF, 0x5D, 0xEF, 0x5D, 0xEF, 0x5D, 0xEF, 0x5D, 0xEF,
    0x5D, 0xEF, 0x5D, 0xEF, 0x5D, 0xEF, 0x7D, 0xEF, 0x7D, 0xEF, 0x7D, 0xEF, 0x7D, 0xEF, 0x7D, 0xEF,
    0x7D, 0xEF, 0x7D, 0xEF, 0x7D, 0xEF, 0x7D, 0xEF, 0x9E, 0xF7, 0x9E, 0xF7, 0x9E, 0xF7, 0x9E, 0xF7,
    0x9E, 0xF7, 0x9E, 0xF7, 0x9E, 0xF7, 0x9E, 0xF7, 0x9E, 0xF7, 0x9E, 0xF7, 0x9E, 0xF7, 0x9E, 0xF7,
    0xBE, 0xF7, 0xBE, 0xF7, 0x9E, 0xF7, 0xBE, 0xF7, 0xBE, 0xF7, 0xBE, 0xF7, 0xBE, 0xF7, 0xBE, 0xF7,
    0xBE, 0xF7, 0xBE, 0xF7, 0xBE, 0xF7, 0xBE, 0xF7, 0xBE, 0xF7, 0xBE, 0xF7, 0xBE, 0xF7, 0xDF, 0xFF,
    0xBE, 0xF7, 0xBE, 0xF7, 0xDF, 0xFF, 0xBE, 0xF7, 0xDF, 0xFF, 0xDF, 0xFF, 0xDF, 0xFF, 0xDF, 0xFF,
    0xDF, 0xFF, 0xDF, 0xFF, 0xDF, 0xFF, 0xDF, 0xFF, 0xDF, 0xFF, 0xDF, 0xFF, 0xDF, 0xFF, 0xDF, 0xFF,
    0xDF, 0xFF, 0xDF, 0xFF, 0xDF, 0xFF, 0x24, 0x21, 0x24, 0x21, 0x24, 0x21, 0x24, 0x21, 0x24, 0x21,
    0x24, 0x21, 0x24, 0x21, 0x24, 0x21, 0x24, 0x21, 0x24, 0x21, 0x24, 0x21, 0x24, 0x21, 0x24, 0x21,
    0x24, 0x21, 0x24, 0x21, 0x24, 0x21, 0x24, 0x21, 0x24, 0x21, 0x24, 0x21, 0x24, 0x21, 0x24, 0x21,
    0x24, 0x21, 0x24, 0x21, 0x24, 0x21, 0x24, 0x21, 0x24, 0x21, 0x24, 0x21, 0x24, 0x21, 0x24, 0x21,
    0x24, 0x21, 0x24, 0x21, 0x24, 0x21, 0x24, 0x21, 0x24, 0x21, 0x24, 0x21, 0x24, 0x21, 0x24, 0x21,
    0x24, 0x21, 0x24, 0x21, 0x24, 0x21, 0x24, 0x21, 0x24, 0x21, 0x24, 0x21, 0x24, 0x21, 0x24, 0x21,
    0x24, 0x21, 0x24, 0x21, 0x24, 0x21, 0x24, 0x21, 0x59, 0xCE, 0x59, 0xCE, 0x59, 0xCE, 0x59, 0xCE,
    0x59, 0xCE, 0x59, 0xCE, 0x59, 0xCE, 0x04, 0x21, 0x04, 0x21, 0x04, 0x21, 0x04, 0x21, 0x38, 0xC6,
    0x1C, 0xE7, 0xF3, 0x9C, 0xFF, 0xFF, 0x65, 0x29, 0x04, 0x21, 0x38, 0xC6, 0x1C, 0xE7, 0x04, 0x21,
    0x04, 0x21, 0x04, 0x21, 0x04, 0x21, 0x04, 0x21, 0x04, 0x21, 0x59, 0xCE, 0x59, 0xCE, 0x59, 0xCE,
    0x59, 0xCE, 0x59, 0xCE, 0x59, 0xCE, 0x59, 0xCE, 0x59, 0xCE, 0x59, 0xCE, 0x59, 0xCE, 0x59, 0xCE,
    0x59, 0xCE, 0x59, 0xCE, 0x59, 0xCE, 0x59, 0xCE, 0x59, 0xCE, 0x59, 0xCE, 0x59, 0xCE, 0x59, 0xCE,
    0x59, 0xCE, 0x59, 0xCE, 0x59, 0xCE, 0x59, 0xCE, 0x59, 0xCE, 0x59, 0xCE, 0x59, 0xCE, 0x59, 0xCE,
    0x59, 0xCE, 0x59, 0xCE, 0x59, 0xCE, 0x59, 0xCE, 0x59, 0xCE, 0x59, 0xCE, 0x59, 0xCE, 0x59, 0xCE,
    0x59, 0xCE, 0x59, 0xCE, 0x59, 0xCE, 0x59, 0xCE, 0x59, 0xCE, 0x59, 0xCE, 0x59, 0xCE, 0x59, 0xCE,
    0x59, 0xCE, 0x59, 0xCE, 0x59, 0xCE, 0x59, 0xCE, 0x59, 0xCE, 0x59, 0xCE, 0x59, 0xCE, 0x59, 0xCE,
    0x59, 0xCE, 0x59, 0xCE, 0x59, 0xCE, 0x59, 0xCE, 0x59, 0xCE, 0x59, 0xCE, 0x59, 0xCE, 0x59, 0xCE,
    0x59, 0xCE, 0x59, 0xCE, 0x59, 0xCE, 0x59, 0xCE, 0x59, 0xCE, 0x59, 0xCE, 0x59, 0xCE, 0x59, 0xCE,
    0x59, 0xCE, 0x59, 0xCE, 0x59, 0xCE, 0x59, 0xCE, 0x59, 0xCE, 0x59, 0xCE, 0x59, 0xCE, 0x59, 0xCE,
    0x59, 0xCE, 0x59, 0xCE, 0x59, 0xCE, 0x59, 0xCE, 0x59, 0xCE, 0x59, 0xCE, 0x59, 0xCE, 0x59, 0xCE,
    0x59, 0xCE, 0x59, 0xCE, 0xC7, 0x39, 0xFB, 0xDE, 0x1C, 0xE7, 0x3C, 0xE7, 0x5D, 0xEF, 0x7D, 0xEF,
    0xBA, 0xD6, 0xBA, 0xD6, 0xBA, 0xD6, 0xBA, 0xD6, 0xBA, 0xD6, 0xBA, 0xD6, 0xBA, 0xD6, 0xBA, 0xD6,
    0xBA, 0xD6, 0xBA, 0xD6, 0xBA, 0xD6, 0xBA, 0xD6, 0xBA, 0xD6, 0xBA, 0xD6, 0xBA, 0xD6, 0xBA, 0xD6,
    0xBA, 0xD6, 0xBA, 0xD6, 0xBA, 0xD6, 0xBA, 0xD6, 0xBA, 0xD6, 0xBA, 0xD6, 0xBA, 0xD6, 0xBA, 0xD6,
    0xBA, 0xD6, 0xBA, 0xD6, 0xBA, 0xD6, 0xBA, 0xD6, 0xBA, 0xD6, 0xBA, 0xD6, 0xBA, 0xD6, 0xBA, 0xD6,
    0xBA, 0xD6, 0xBA, 0xD6, 0xBA, 0xD6, 0xBA, 0xD6, 0xBA, 0xD6, 0xBA, 0xD6, 0xBA, 0xD6, 0xBA, 0xD6,
    0xBA, 0xD6, 0xBA, 0xD6, 0xBA, 0xD6, 0xBA, 0xD6, 0xDB, 0xDE, 0xDB, 0xDE, 0xDB, 0xDE, 0xDB, 0xDE,
    0xDB, 0xDE, 0xDB, 0xDE, 0xDB, 0xDE, 0xDB, 0xDE, 0xDB, 0xDE, 0xDB, 0xDE, 0xDB, 0xDE, 0xDB, 0xDE,
    0xFB, 0xDE, 0xFB, 0xDE, 0xFB, 0xDE, 0xFB, 0xDE, 0xFB, 0xDE, 0xFB, 0xDE, 0xFB, 0xDE, 0xFB, 0xDE,
    0xFB, 0xDE, 0xFB, 0xDE, 0xFB, 0xDE, 0x1C, 0xE7, 0x1C, 0xE7, 0x1C, 0xE7, 0x1C, 0xE7, 0x1C, 0xE7,
    0x1C, 0xE7, 0x1C, 0xE7, 0x1C, 0xE7, 0x1C, 0xE7, 0x1C, 0xE7, 0x1C, 0xE7, 0x3C, 0xE7, 0x3C, 0xE7,
    0x3C, 0xE7, 0x3C, 0xE7, 0x3C, 0xE7, 0x3C, 0xE7, 0x3C, 0xE7, 0x3C, 0xE7, 0x3C, 0xE7, 0x3C, 0xE7,
    0x5D, 0xEF, 0x5D, 0xEF, 0x5D, 0xEF, 0x5D, 0xEF, 0x5D, 0xEF, 0x5D, 0xEF, 0x5D, 0xEF, 0x5D, 0xEF,
    0x5D, 0xEF, 0x5D, 0xEF, 0x5D, 0xEF, 0x7D, 0xEF, 0x7D, 0xEF, 0x7D, 0xEF, 0x7D, 0xEF, 0x7D, 0xEF,
    0x7D, 0xEF, 0x7D, 0xEF, 0x7D, 0xEF, 0x7D, 0xEF, 0x7D, 0xEF, 0x9E, 0xF7, 0x9E, 0xF7, 0x9E, 0xF7,
    0x9E, 0xF7, 0x9E, 0xF7, 0x9E, 0xF7, 0x9E, 0xF7, 0x9E, 0xF7, 0x9E, 0xF7, 0x9E, 0xF7, 0x9E, 0xF7,
    0xBE, 0xF7, 0xBE, 0xF7, 0xBE, 0xF7, 0xBE, 0xF7, 0xBE, 0xF7, 0xBE, 0xF7, 0xBE, 0xF7, 0xBE, 0xF7,
    0xBE, 0xF7, 0xBE, 0xF7, 0xBE, 0xF7, 0xBE, 0xF7, 0xBE, 0xF7, 0xBE, 0xF7, 0xBE, 0xF7, 0xBE, 0xF7,
    0xBE, 0xF7, 0xBE, 0xF7, 0xBE, 0xF7, 0xBE, 0xF7, 0xDF, 0xFF, 0xBE, 0xF7, 0xDF, 0xFF, 0xDF, 0xFF,
    0xDF, 0xFF, 0xDF, 0xFF, 0xDF, 0xFF, 0xDF, 0xFF, 0xDF, 0xFF, 0xDF, 0xFF, 0xDF, 0xFF, 0xDF, 0xFF,
    0xDF, 0xFF, 0xDF, 0xFF, 0xDF, 0xFF, 0x24, 0x21, 0x24, 0x21, 0x24, 0x21, 0x24, 0x21, 0x24, 0x21,
    0x24, 0x21, 0x24, 0x21, 0x24, 0x21, 0x24, 0x21, 0x24, 0x21, 0x24, 0x21, 0x24, 0x21, 0x24, 0x21,
    0x24, 0x21, 0x24, 0x21, 0x24, 0x21, 0x24, 0x21, 0x24, 0x21, 0x24, 0x21, 0x24, 0x21, 0x24, 0x21,
    0x24, 0x21, 0x24, 0x21, 0x24, 0x21, 0x24, 0x21, 0x24, 0x21, 0x24, 0x21, 0x24, 0x21, 0x24, 0x21,
    0x24, 0x21, 0x24, 0x21, 0x24, 0x21, 0x24, 0x21, 0x24, 0x21, 0x24, 0x21, 0x24, 0x21, 0x24, 0x21,
    0x24, 0x21, 0x24, 0x21, 0x24, 0x21, 0x24, 0x21, 0x24, 0x21, 0x24, 0x21, 0x24, 0x21, 0x24, 0x21,
    0x24, 0x21, 0x24, 0x21, 0x24, 0x21, 0x24, 0x21, 0x59, 0xCE, 0x59, 0xCE, 0x59, 0xCE, 0x59, 0xCE,
    0x59, 0xCE, 0x59, 0xCE, 0x59, 0xCE, 0x04, 0x21, 0x04, 0x21, 0x04, 0x21, 0x04, 0x21, 0xCB, 0x5A,
    0xFF, 0xFF, 0x1C, 0xE7, 0x75, 0xAD, 0x04, 0x21, 0x04, 0x21, 0xF3, 0x9C, 0xFF, 0xFF, 0xCB, 0x5A,
    0x04, 0x21, 0x49, 0x4A, 0x04, 0x21, 0x04, 0x21, 0x04, 0x21, 0x59, 0xCE, 0x59, 0xCE, 0x59, 0xCE,
    0x59, 0xCE, 0x59, 0xCE, 0x59, 0xCE, 0x59, 0xCE, 0x59, 0xCE, 0x59, 0xCE, 0x59, 0xCE, 0x59, 0xCE,
    0x59, 0xCE, 0x59, 0xCE, 0x59, 0xCE, 0x59, 0xCE, 0x59, 0xCE, 0x59, 0xCE, 0x59, 0xCE, 0x59, 0xCE,
    0x59, 0xCE, 0x59, 0xCE, 0x59, 0xCE, 0x59, 0xCE, 0x59, 0xCE, 0x59, 0xCE, 0x59, 0xCE, 0x59, 0xCE,
    0x59, 0xCE, 0x59, 0xCE, 0x59, 0xCE, 0x59, 0xCE, 0x59, 0xCE, 0x59, 0xCE, 0x59, 0xCE, 0x59, 0xCE,
    0x59, 0xCE, 0x59, 0xCE, 0x59, 0xCE, 0x59, 0xCE, 0x59, 0xCE, 0x59, 0xCE, 0x59, 0xCE, 0x59, 0xCE,
    0x59, 0xCE, 0x59, 0xCE, 0x59, 0xCE, 0x59, 0xCE, 0x59, 0xCE, 0x59, 0xCE, 0x59, 0xCE, 0x59, 0xCE,
    0x59, 0xCE, 0x59, 0xCE, 0x59, 0xCE, 0x59, 0xCE, 0x59, 0xCE, 0x59, 0xCE, 0x59, 0xCE, 0x59, 0xCE,
    0x59, 0xCE, 0x59, 0xCE, 0x59, 0xCE, 0x59, 0xCE, 0x59, 0xCE, 0x59, 0xCE, 0x59, 0xCE, 0x59, 0xCE,
    0x59, 0xCE, 0x59, 0xCE, 0x59, 0xCE, 0x59, 0xCE, 0x59, 0xCE, 0x59, 0xCE, 0x59, 0xCE, 0x59, 0xCE,
    0x59, 0xCE, 0x59, 0xCE, 0x59, 0xCE, 0x59, 0xCE, 0x59, 0xCE, 0x59, 0xCE, 0x59, 0xCE, 0x59, 0xCE,
    0x59, 0xCE, 0x59, 0xCE, 0xC7, 0x39, 0x1C, 0xDF, 0x1C, 0xE7, 0x3C, 0xE7, 0x5D, 0xEF, 0x7D, 0xEF,
    0xBA, 0xD6, 0xBA, 0xD6, 0xBA, 0xD6, 0xBA, 0xD6, 0xBA, 0xD6, 0xBA, 0xD6, 0xBA, 0xD6, 0xBA, 0xD6,
    0xBA, 0xD6, 0xBA, 0xD6, 0xBA, 0xD6, 0xBA, 0xD6, 0xBA, 0xD6, 0xBA, 0xD6, 0xBA, 0xD6, 0xBA, 0xD6,
    0xBA, 0xD6, 0xBA, 0xD6, 0xBA, 0xD6, 0xBA, 0xD6, 0xBA, 0xD6, 0xBA, 0xD6, 0xBA, 0xD6, 0xBA, 0xD6,
    0xBA, 0xD6, 0xBA, 0xD6, 0xBA, 0xD6, 0xBA, 0xD6, 0xBA, 0xD6, 0xBA, 0xD6, 0xBA, 0xD6, 0xBA, 0xD6,
    0xBA, 0xD6, 0xBA, 0xD6, 0xBA, 0xD6, 0xBA, 0xD6, 0xBA, 0xD6, 0xBA, 0xD6, 0xBA, 0xD6, 0xBA, 0xD6,
    0xBA, 0xD6, 0xBA, 0xD6, 0xBA, 0xD6, 0xBA, 0xD6, 0xBA, 0xD6, 0xDB, 0xDE, 0xDB, 0xDE, 0xDB, 0xDE,
    0xDB, 0xDE, 0xDB, 0xDE, 0xDB, 0xDE, 0xDB, 0xDE, 0xDB, 0xDE, 0xDB, 0xDE, 0xDB, 0xDE, 0xDB, 0xDE,
    0xFB, 0xDE, 0xFB, 0xDE, 0xFB, 0xDE, 0xFB, 0xDE, 0xFB, 0xDE, 0xFB, 0xDE, 0xFB, 0xDE, 0xFB, 0xDE,
    0xFB, 0xDE, 0xFB, 0xDE, 0xFB, 0xDE, 0xFB, 0xDE, 0xFB, 0xDE, 0x1C, 0xE7, 0x1C, 0xE7, 0x1C, 0xE7,
    0x1C, 0xE7, 0x1C, 0xE7, 0x1C, 0xE7, 0x1C, 0xE7, 0x1C, 0xE7, 0x1C, 0xE7, 0x1C, 0xE7, 0x1C, 0xE7,
    0x3C, 0xE7, 0x3C, 0xE7, 0x3C, 0xE7, 0x3C, 0xE7, 0x3C, 0xE7, 0x3C, 0xE7, 0x3C, 0xE7, 0x3C, 0xE7,
    0x3C, 0xE7, 0x5D, 0xEF, 0x5D, 0xEF, 0x5D, 0xEF, 0x5D, 0xEF, 0x5D, 0xEF, 0x5D, 0xEF, 0x5D, 0xEF,
    0x5D, 0xEF, 0x5D, 0xEF, 0x5D, 0xEF, 0x7D, 0xEF, 0x7D, 0xEF, 0x7D, 0xEF, 0x7D, 0xEF, 0x7D, 0xEF,
    0x7D, 0xEF, 0x7D, 0xEF, 0x7D, 0xEF, 0x7D, 0xEF, 0x7D, 0xEF, 0x7D, 0xEF, 0x9E, 0xF7, 0x9E, 0xF7,
    0x9E, 0xF7, 0x9E, 0xF7, 0x9E, 0xF7, 0x9E, 0xF7, 0x9E, 0xF7, 0x9E, 0xF7, 0x9E, 0xF7, 0x9E, 0xF7,
    0x9E, 0xF7, 0xBE, 0xF7, 0xBE, 0xF7, 0xBE, 0xF7, 0xBE, 0xF7, 0xBE, 0xF7, 0xBE, 0xF7, 0xBE, 0xF7,
    0xBE, 0xF7, 0xBE, 0xF7, 0xBE, 0xF7, 0xBE, 0xF7, 0xBE, 0xF7, 0xBE, 0xF7, 0xBE, 0xF7, 0xBE, 0xF7,
    0xBE, 0xF7, 0xBE, 0xF7, 0xBE, 0xF7, 0xBE, 0xF7, 0xDF, 0xFF, 0xDF, 0xFF, 0xBE, 0xF7, 0xDF, 0xFF,
    0xDF, 0xFF, 0xDF, 0xFF, 0xDF, 0xFF, 0xDF, 0xFF, 0xDF, 0xFF, 0xDF, 0xFF, 0xDF, 0xFF, 0xDF, 0xFF,
    0xDF, 0xFF, 0xDF, 0xFF, 0xDF, 0xFF, 0x24, 0x21, 0x24, 0x21, 0x24, 0x21, 0x24, 0x21, 0x24, 0x21,
    0x24, 0x21, 0x24, 0x21, 0x24, 0x21, 0x24, 0x21, 0x24, 0x21, 0x24, 0x21, 0x24, 0x21, 0x24, 0x21,
    0x24, 0x21, 0x24, 0x21, 0x24, 0x21, 0x24, 0x21, 0x24, 0x21, 0x24, 0x21, 0x24, 0x21, 0x24, 0x21,
    0x24, 0x21, 0x24, 0x21, 0x24, 0x21, 0x24, 0x21, 0x24, 0x21, 0x24, 0x21, 0x24, 0x21, 0x24, 0x21,
    0x24, 0x21, 0x24, 0x21, 0x24, 0x21, 0x24, 0x21, 0x24, 0x21, 0x24, 0x21, 0x24, 0x21, 0x24, 0x21,
    0x24, 0x21, 0x24, 0x21, 0x24, 0x21, 0x24, 0x21, 0x24, 0x21, 0x24, 0x21, 0x24, 0x21, 0x24, 0x21,
    0x24, 0x21, 0x24, 0x21, 0x24, 0x21, 0x24, 0x21, 0x59, 0xCE, 0x59, 0xCE, 0x59, 0xCE, 0x59, 0xCE,
    0x59, 0xCE, 0x59, 0xCE, 0x59, 0xCE, 0x04, 0x21, 0x04, 0x21, 0x04, 0x21, 0x04, 0x21, 0x65, 0x29,
    0x9E, 0xF7, 0xFF, 0xFF, 0x2C, 0x63, 0x04, 0x21, 0x04, 0x21, 0xE7, 0x39, 0x1C, 0xE7, 0xFF, 0xFF,
    0xFF, 0xFF, 0xBA, 0xD6, 0x04, 0x21, 0x04, 0x21, 0x04, 0x21, 0x59, 0xCE, 0x59, 0xCE, 0x59, 0xCE,
    0x59, 0xCE, 0x59, 0xCE, 0x59, 0xCE, 0x59, 0xCE, 0x59, 0xCE, 0x59, 0xCE, 0x59, 0xCE, 0x59, 0xCE,
    0x59, 0xCE, 0x59, 0xCE, 0x59, 0xCE, 0x59, 0xCE, 0x59, 0xCE, 0x59, 0xCE, 0x59, 0xCE, 0x59, 0xCE,
    0x59, 0xCE, 0x59, 0xCE, 0x59, 0xCE, 0x59, 0xCE, 0x59, 0xCE, 0x59, 0xCE, 0x59, 0xCE, 0x59, 0xCE,
    0x59, 0xCE, 0x59, 0xCE, 0x59, 0xCE, 0x59, 0xCE, 0x59, 0xCE, 0x59, 0xCE, 0x59, 0xCE, 0x59, 0xCE,
    0x59, 0xCE, 0x59, 0xCE, 0x59, 0xCE, 0x59, 0xCE, 0x59, 0xCE, 0x59, 0xCE, 0x59, 0xCE, 0x59, 0xCE,
    0x59, 0xCE, 0x59, 0xCE, 0x59, 0xCE, 0x59, 0xCE, 0x59, 0xCE, 0x59, 0xCE, 0x59, 0xCE, 0x59, 0xCE,
    0x59, 0xCE, 0x59, 0xCE, 0x59, 0xCE, 0x59, 0xCE, 0x59, 0xCE, 0x59, 0xCE, 0x59, 0xCE, 0x59, 0xCE,
    0x59, 0xCE, 0x59, 0xCE, 0x59, 0xCE, 0x59, 0xCE, 0x59, 0xCE, 0x59, 0xCE, 0x59, 0xCE, 0x59, 0xCE,
    0x59, 0xCE, 0x59, 0xCE, 0x59, 0xCE, 0x59, 0xCE, 0x59, 0xCE, 0x59, 0xCE, 0x59, 0xCE, 0x59, 0xCE,
    0x59, 0xCE, 0x59, 0xCE, 0x59, 0xCE, 0x59, 0xCE, 0x59, 0xCE, 0x59, 0xCE, 0x59, 0xCE, 0x59, 0xCE,
    0x59, 0xCE, 0x59, 0xCE, 0xC7, 0x39, 0xFB, 0xDE, 0x1C, 0xE7, 0x3C, 0xE7, 0x5D, 0xEF, 0x7D, 0xEF,
    0xBA, 0xD6, 0xBA, 0xD6, 0xBA, 0xD6, 0xBA, 0xD6, 0xBA, 0xD6, 0xBA, 0xD6, 0xBA, 0xD6, 0xBA, 0xD6,
    0xBA, 0xD6, 0xBA, 0xD6, 0xBA, 0xD6, 0xBA, 0xD6, 0xBA, 0xD6, 0xBA, 0xD6, 0xBA, 0xD6, 0xBA, 0xD6,
    0xBA, 0xD6, 0xBA, 0xD6, 0xBA, 0xD6, 0xBA, 0xD6, 0xBA, 0xD6, 0xBA, 0xD6, 0xBA, 0xD6, 0xBA, 0xD6,
    0xBA, 0xD6, 0xBA, 0xD6, 0xBA, 0xD6, 0xBA, 0xD6, 0xBA, 0xD6, 0xBA, 0xD6, 0xBA, 0xD6, 0xBA, 0xD6,
    0xBA, 0xD6, 0xBA, 0xD6, 0xBA, 0xD6, 0xBA, 0xD6, 0xBA, 0xD6, 0xBA, 0xD6, 0xBA, 0xD6, 0xBA, 0xD6,
    0xBA, 0xD6, 0xBA, 0xD6, 0xBA, 0xD6, 0xBA, 0xD6, 0xBA, 0xD6, 0xBA, 0xD6, 0xDB, 0xDE, 0xDB, 0xDE,
    0xDB, 0xDE, 0xDB, 0xDE, 0xDB, 0xDE, 0xDB, 0xDE, 0xDB, 0xDE, 0xDB, 0xDE, 0xDB, 0xDE, 0xDB, 0xDE,
    0xFB, 0xDE, 0xDB, 0xDE, 0xFB, 0xDE, 0xFB, 0xDE, 0xFB, 0xDE, 0xFB, 0xDE, 0xFB, 0xDE, 0xFB, 0xDE,
    0xFB, 0xDE, 0xFB, 0xDE, 0xFB, 0xDE, 0xFB, 0xDE, 0x1C, 0xE7, 0x1C, 0xE7, 0x1C, 0xE7, 0x1C, 0xE7,
    0x1C, 0xE7, 0x1C, 0xE7, 0x1C, 0xE7, 0x1C, 0xE7, 0x1C, 0xE7, 0x1C, 0xE7, 0x1C, 0xE7, 0x1C, 0xE7,
    0x1C, 0xE7, 0x3C, 0xE7, 0x3C, 0xE7, 0x3C, 0xE7, 0x3C, 0xE7, 0x3C, 0xE7, 0x3C, 0xE7, 0x3C, 0xE7,
    0x3C, 0xE7, 0x5D, 0xEF, 0x5D, 0xEF, 0x5D, 0xEF, 0x5D, 0xEF, 0x5D, 0xEF, 0x5D, 0xEF, 0x5D, 0xEF,
    0x5D, 0xEF, 0x5D, 0xEF, 0x5D, 0xEF, 0x5D, 0xEF, 0x7D, 0xEF, 0x7D, 0xEF, 0x7D, 0xEF, 0x7D, 0xEF,
    0x7D, 0xEF, 0x7D, 0xEF, 0x7D, 0xEF, 0x7D, 0xEF, 0x7D, 0xEF, 0x7D, 0xEF, 0x7D, 0xEF, 0x9E, 0xF7,
    0x9E, 0xF7, 0x9E, 0xF7, 0x9E, 0xF7, 0x9E, 0xF7, 0x9E, 0xF7, 0x9E, 0xF7, 0x9E, 0xF7, 0x9E, 0xF7,
    0x9E, 0xF7, 0x9E, 0xF7, 0xBE, 0xF7, 0xBE, 0xF7, 0xBE, 0xF7, 0xBE, 0xF7, 0xBE, 0xF7, 0xBE, 0xF7,
    0xBE, 0xF7, 0xBE, 0xF7, 0xBE, 0xF7, 0xBE, 0xF7, 0xBE, 0xF7, 0xBE, 0xF7, 0xBE, 0xF7, 0xBE, 0xF7,
    0xBE, 0xF7, 0xBE, 0xF7, 0xBE, 0xF7, 0xBE, 0xF7, 0xBE, 0xF7, 0xDF, 0xFF, 0xBE, 0xF7, 0xDF, 0xFF,
    0xDF, 0xFF, 0xDF, 0xFF, 0xDF, 0xFF, 0xDF, 0xFF, 0xDF, 0xFF, 0xDF, 0xFF, 0xDF, 0xFF, 0xDF, 0xFF,
    0xDF, 0xFF, 0xDF, 0xFF, 0xDF, 0xFF, 0x24, 0x21, 0x24, 0x21, 0x24, 0x21, 0x24, 0x21, 0x24, 0x21,
    0x24, 0x21, 0x24, 0x21, 0x24, 0x21, 0x24, 0x21, 0x24, 0x21, 0x24, 0x21, 0x24, 0x21, 0x24, 0x21,
    0x24, 0x21, 0x24, 0x21, 0x24, 0x21, 0x24, 0x21, 0x24, 0x21, 0x24, 0x21, 0x24, 0x21, 0x24, 0x21,
    0x24, 0x21, 0x24, 0x21, 0x24, 0x21, 0x24, 0x21, 0x24, 0x21, 0x24, 0x21, 0x24, 0x21, 0x24, 0x21,
    0x24, 0x21, 0x24, 0x21, 0x24, 0x21, 0x24, 0x21, 0x24, 0x21, 0x24, 0x21, 0x24, 0x21, 0x24, 0x21,
    0x24, 0x21, 0x24, 0x21, 0x24, 0x21, 0x24, 0x21, 0x24, 0x21, 0x24, 0x21, 0x24, 0x21, 0x24, 0x21,
    0x24, 0x21, 0x24, 0x21, 0x24, 0x21, 0x24, 0x21, 0x59, 0xCE, 0x59, 0xCE, 0x59, 0xCE, 0x59, 0xCE,
    0x59, 0xCE, 0x59, 0xCE, 0x59, 0xCE, 0x04, 0x21, 0x04, 0x21, 0x04, 0x21, 0x04, 0x21, 0x04, 0x21,
    0x49, 0x4A, 0xCB, 0x5A, 0x04, 0x21, 0x04, 0x21, 0x04, 0x21, 0x04, 0x21, 0xE7, 0x39, 0x2C, 0x63,
    0xAE, 0x73, 0x65, 0x29, 0x04, 0x21, 0x04, 0x21, 0x04, 0x21, 0x59, 0xCE, 0x59, 0xCE, 0x59, 0xCE,
    0x59, 0xCE, 0x59, 0xCE, 0x59, 0xCE, 0x59, 0xCE, 0x59, 0xCE, 0x59, 0xCE, 0x59, 0xCE, 0x59, 0xCE,
    0x59, 0xCE, 0x59, 0xCE, 0x59, 0xCE, 0x59, 0xCE, 0x59, 0xCE, 0x59, 0xCE, 0x59, 0xCE, 0x59, 0xCE,
    0x59, 0xCE, 0x59, 0xCE, 0x59, 0xCE, 0x59, 0xCE, 0x59, 0xCE, 0x59, 0xCE, 0x59, 0xCE, 0x59, 0xCE,
    0x59, 0xCE, 0x59, 0xCE, 0x59, 0xCE, 0x59, 0xCE, 0x59, 0xCE, 0x59, 0xCE, 0x59, 0xCE, 0x59, 0xCE,
    0x59, 0xCE, 0x59, 0xCE, 0x59, 0xCE, 0x59, 0xCE, 0x59, 0xCE, 0x59, 0xCE, 0x59, 0xCE, 0x59, 0xCE,
    0x59, 0xCE, 0x59, 0xCE, 0x59, 0xCE, 0x59, 0xCE, 0x59, 0xCE, 0x59, 0xCE, 0x59, 0xCE, 0x59, 0xCE,
    0x59, 0xCE, 0x59, 0xCE, 0x59, 0xCE, 0x59, 0xCE, 0x59, 0xCE, 0x59, 0xCE, 0x59, 0xCE, 0x59, 0xCE,
    0x59, 0xCE, 0x59, 0xCE, 0x59, 0xCE, 0x59, 0xCE, 0x59, 0xCE, 0x59, 0xCE, 0x59, 0xCE, 0x59, 0xCE,
    0x59, 0xCE, 0x59, 0xCE, 0x59, 0xCE, 0x59, 0xCE, 0x59, 0xCE, 0x59, 0xCE, 0x59, 0xCE, 0x59, 0xCE,
    0x59, 0xCE, 0x59, 0xCE, 0x59, 0xCE, 0x59, 0xCE, 0x59, 0xCE, 0x59, 0xCE, 0x59, 0xCE, 0x59, 0xCE,
    0x59, 0xCE, 0x59, 0xCE, 0xC7, 0x39, 0x1C, 0xE7, 0x1C, 0xE7, 0x3C, 0xE7, 0x5D, 0xEF, 0x7D, 0xEF,
    0xBA, 0xD6, 0xBA, 0xD6, 0xBA, 0xD6, 0xBA, 0xD6, 0xBA, 0xD6, 0xBA, 0xD6, 0xBA, 0xD6, 0xBA, 0xD6,
    0xBA, 0xD6, 0xBA, 0xD6, 0xBA, 0xD6, 0xBA, 0xD6, 0xBA, 0xD6, 0xBA, 0xD6, 0xBA, 0xD6, 0xBA, 0xD6,
    0xBA, 0xD6, 0xBA, 0xD6, 0xBA, 0xD6, 0xBA, 0xD6, 0xBA, 0xD6, 0xBA, 0xD6, 0xBA, 0xD6, 0xBA, 0xD6,
    0xBA, 0xD6, 0xBA, 0xD6, 0xBA, 0xD6, 0xBA, 0xD6, 0xBA, 0xD6, 0xBA, 0xD6, 0xBA, 0xD6, 0xBA, 0xD6,
    0xBA, 0xD6, 0xBA, 0xD6, 0xBA, 0xD6, 0xBA, 0xD6, 0xBA, 0xD6, 0xBA, 0xD6, 0xBA, 0xD6, 0xBA, 0xD6,
    0xBA, 0xD6, 0xBA, 0xD6, 0xBA, 0xD6, 0xBA, 0xD6, 0xBA, 0xD6, 0xBA, 0xD6, 0xBA, 0xD6, 0xDB, 0xDE,
    0xDB, 0xDE, 0xDB, 0xDE, 0xDB, 0xDE, 0xDB, 0xDE, 0xDB, 0xDE, 0xDB, 0xDE, 0xDB, 0xDE, 0xDB, 0xDE,
    0xDB, 0xDE, 0xFB, 0xDE, 0xFB, 0xDE, 0xFB, 0xDE, 0xFB, 0xDE, 0xFB, 0xDE, 0xFB, 0xDE, 0xFB, 0xDE,
    0xFB, 0xDE, 0xFB, 0xDE, 0xFB, 0xDE, 0xFB, 0xDE, 0xFB, 0xDE, 0x1C, 0xE7, 0x1C, 0xE7, 0x1C, 0xE7,
    0x1C, 0xE7, 0x1C, 0xE7, 0x1C, 0xE7, 0x1C, 0xE7, 0x1C, 0xE7, 0x1C, 0xE7, 0x1C, 0xE7, 0x3C, 0xE7,
    0x3C, 0xE7, 0x1C, 0xE7, 0x3C, 0xE7, 0x3C, 0xE7, 0x3C, 0xE7, 0x3C, 0xE7, 0x3C, 0xE7, 0x3C, 0xE7,
    0x3C, 0xE7, 0x5D, 0xEF, 0x3C, 0xE7, 0x5D, 0xEF, 0x5D, 0xEF, 0x5D, 0xEF, 0x5D, 0xEF, 0x5D, 0xEF,
    0x5D, 0xEF, 0x5D, 0xEF, 0x5D, 0xEF, 0x5D, 0xEF, 0x5D, 0xEF, 0x7D, 0xEF, 0x5D, 0xEF, 0x7D, 0xEF,
    0x7D, 0xEF, 0x7D, 0xEF, 0x7D, 0xEF, 0x7D, 0xEF, 0x7D, 0xEF, 0x7D, 0xEF, 0x7D, 0xEF, 0x9E, 0xF7,
    0x9E, 0xF7, 0x9E, 0xF7, 0x9E, 0xF7, 0x9E, 0xF7, 0x9E, 0xF7, 0x9E, 0xF7, 0x9E, 0xF7, 0x9E, 0xF7,
    0x9E, 0xF7, 0x9E, 0xF7, 0xBE, 0xF7, 0xBE, 0xF7, 0xBE, 0xF7, 0xBE, 0xF7, 0xBE, 0xF7, 0xBE, 0xF7,
    0xBE, 0xF7, 0xBE, 0xF7, 0xBE, 0xF7, 0xBE, 0xF7, 0xBE, 0xF7, 0xBE, 0xF7, 0xBE, 0xF7, 0xBE, 0xF7,
    0xBE, 0xF7, 0xBE, 0xF7, 0xBE, 0xF7, 0xBE, 0xF7, 0xBE, 0xF7, 0xDF, 0xFF, 0xDF, 0xFF, 0xDF, 0xFF,
    0xDF, 0xFF, 0xDF, 0xFF, 0xDF, 0xFF, 0xDF, 0xFF, 0xDF, 0xFF, 0xDF, 0xFF, 0xDF, 0xFF, 0xDF, 0xFF,
    0xDF, 0xFF, 0xDF, 0xFF, 0xDF, 0xFF, 0x24, 0x21, 0x24, 0x21, 0x24, 0x21, 0x24, 0x21, 0x24, 0x21,
    0x24, 0x21, 0x24, 0x21, 0x24, 0x21, 0x24, 0x21, 0x24, 0x21, 0x24, 0x21, 0x24, 0x21, 0x24, 0x21,
    0x24, 0x21, 0x24, 0x21, 0x24, 0x21, 0x24, 0x21, 0x24, 0x21, 0x24, 0x21, 0x24, 0x21, 0x24, 0x21,
    0x24, 0x21, 0x24, 0x21, 0x24, 0x21, 0x24, 0x21, 0x24, 0x21, 0x24, 0x21, 0x24, 0x21, 0x24, 0x21,
    0x24, 0x21, 0x24, 0x21, 0x24, 0x21, 0x24, 0x21, 0x24, 0x21, 0x24, 0x21, 0x24, 0x21, 0x24, 0x21,
    0x24, 0x21, 0x24, 0x21, 0x24, 0x21, 0x24, 0x21, 0x24, 0x21, 0x24, 0x21, 0x24, 0x21, 0x24, 0x21,
    0x24, 0x21, 0x24, 0x21, 0x24, 0x21, 0x24, 0x21, 0x59, 0xCE, 0x59, 0xCE, 0x59, 0xCE, 0x59, 0xCE,
    0x59, 0xCE, 0x59, 0xCE, 0x59, 0xCE, 0x04, 0x21, 0x04, 0x21, 0x04, 0x21, 0x04, 0x21, 0x04, 0x21,
    0x04, 0x21, 0x04, 0x21, 0x04, 0x21, 0x04, 0x21, 0x04, 0x21, 0x04, 0x21, 0x04, 0x21, 0x04, 0x21,
    0x04, 0x21, 0x04, 0x21, 0x04, 0x21, 0x04, 0x21, 0x04, 0x21, 0x59, 0xCE, 0x59, 0xCE, 0x59, 0xCE,
    0x59, 0xCE, 0x59, 0xCE, 0x59, 0xCE, 0x59, 0xCE, 0x59, 0xCE, 0x59, 0xCE, 0x59, 0xCE, 0x59, 0xCE,
    0x59, 0xCE, 0x59, 0xCE, 0x59, 0xCE, 0x59, 0xCE, 0x59, 0xCE, 0x59, 0xCE, 0x59, 0xCE, 0x59, 0xCE,
    0x59, 0xCE, 0x59, 0xCE, 0x59, 0xCE, 0x59, 0xCE, 0x59, 0xCE, 0x59, 0xCE, 0x59, 0xCE, 0x59, 0xCE,
    0x59, 0xCE, 0x59, 0xCE, 0x59, 0xCE, 0x59, 0xCE, 0x59, 0xCE, 0x59, 0xCE, 0x59, 0xCE, 0x59, 0xCE,
    0x59, 0xCE, 0x59, 0xCE, 0x59, 0xCE, 0x59, 0xCE, 0x59, 0xCE, 0x59, 0xCE, 0x59, 0xCE, 0x59, 0xCE,
    0x59, 0xCE, 0x59, 0xCE, 0x59, 0xCE, 0x59, 0xCE, 0x59, 0xCE, 0x59, 0xCE, 0x59, 0xCE, 0x59, 0xCE,
    0x59, 0xCE, 0x59, 0xCE, 0x59, 0xCE, 0x59, 0xCE, 0x59, 0xCE, 0x59, 0xCE, 0x59, 0xCE, 0x59, 0xCE,
    0x59, 0xCE, 0x59, 0xCE, 0x59, 0xCE, 0x59, 0xCE, 0x59, 0xCE, 0x59, 0xCE, 0x59, 0xCE, 0x59, 0xCE,
    0x59, 0xCE, 0x59, 0xCE, 0x59, 0xCE, 0x59, 0xCE, 0x59, 0xCE, 0x59, 0xCE, 0x59, 0xCE, 0x59, 0xCE,
    0x59, 0xCE, 0x59, 0xCE, 0x59, 0xCE, 0x59, 0xCE, 0x59, 0xCE, 0x59, 0xCE, 0x59, 0xCE, 0x59, 0xCE,
    0x59, 0xCE, 0x59, 0xCE, 0xC7, 0x39, 0x1C, 0xDF, 0x1C, 0xE7, 0x3C, 0xE7, 0x5D, 0xEF, 0x7D, 0xEF,
    0xBA, 0xD6, 0xBA, 0xD6, 0xBA, 0xD6, 0xBA, 0xD6, 0xBA, 0xD6, 0xBA, 0xD6, 0xBA, 0xD6, 0xBA, 0xD6,
    0xBA, 0xD6, 0xBA, 0xD6, 0xBA, 0xD6, 0xBA, 0xD6, 0xBA, 0xD6, 0xBA, 0xD6, 0xBA, 0xD6, 0xBA, 0xD6,
    0xBA, 0xD6, 0xBA, 0xD6, 0xBA, 0xD6, 0xBA, 0xD6, 0xBA, 0xD6, 0xBA, 0xD6, 0xBA, 0xD6, 0xBA, 0xD6,
    0xBA, 0xD6, 0xBA, 0xD6, 0xBA, 0xD6, 0xBA, 0xD6, 0xBA, 0xD6, 0xBA, 0xD6, 0xBA, 0xD6, 0xBA, 0xD6,
    0xBA, 0xD6, 0xBA, 0xD6, 0xBA, 0xD6, 0xBA, 0xD6, 0xBA, 0xD6, 0xBA, 0xD6, 0xBA, 0xD6, 0xBA, 0xD6,
    0xBA, 0xD6, 0xBA, 0xD6, 0xBA, 0xD6, 0xBA, 0xD6, 0xBA, 0xD6, 0xBA, 0xD6, 0xBA, 0xD6, 0xBA, 0xD6,
    0xDB, 0xDE, 0xDB, 0xDE, 0xDB, 0xDE, 0xDB, 0xDE, 0xDB, 0xDE, 0xDB, 0xDE, 0xDB, 0xDE, 0xDB, 0xDE,
    0xDB, 0xDE, 0xDB, 0xDE, 0xFB, 0xDE, 0xFB, 0xDE, 0xFB, 0xDE, 0xFB, 0xDE, 0xFB, 0xDE, 0xFB, 0xDE,
    0xFB, 0xDE, 0xFB, 0xDE, 0xFB, 0xDE, 0xFB, 0xDE, 0x1C, 0xE7, 0xFB, 0xDE, 0xFB, 0xDE, 0x1C, 0xE7,
    0x1C, 0xE7, 0x1C, 0xE7, 0x1C, 0xE7, 0x1C, 0xE7, 0x1C, 0xE7, 0x1C, 0xE7, 0x1C, 0xE7, 0x1C, 0xE7,
    0x3C, 0xE7, 0x1C, 0xE7, 0x3C, 0xE7, 0x3C, 0xE7, 0x3C, 0xE7, 0x3C, 0xE7, 0x3C, 0xE7, 0x3C, 0xE7,
    0x3C, 0xE7, 0x3C, 0xE7, 0x3C, 0xE7, 0x5D, 0xEF, 0x5D, 0xEF, 0x5D, 0xEF, 0x5D, 0xEF, 0x5D, 0xEF,
    0x5D, 0xEF, 0x5D, 0xEF, 0x5D, 0xEF, 0x5D, 0xEF, 0x5D, 0xEF, 0x5D, 0xEF, 0x7D, 0xEF, 0x7D, 0xEF,
    0x7D, 0xEF, 0x7D, 0xEF, 0x7D, 0xEF, 0x7D, 0xEF, 0x7D, 0xEF, 0x7D, 0xEF, 0x7D, 0xEF, 0x7D, 0xEF,
    0x9E, 0xF7, 0x9E, 0xF7, 0x9E, 0xF7, 0x9E, 0xF7, 0x9E, 0xF7, 0x9E, 0xF7, 0x9E, 0xF7, 0x9E, 0xF7,
    0x9E, 0xF7, 0x9E, 0xF7, 0x9E, 0xF7, 0xBE, 0xF7, 0xBE, 0xF7, 0xBE, 0xF7, 0xBE, 0xF7, 0xBE, 0xF7,
    0xBE, 0xF7, 0xBE, 0xF7, 0xBE, 0xF7, 0xBE, 0xF7, 0xBE, 0xF7, 0xBE, 0xF7, 0xBE, 0xF7, 0xBE, 0xF7,
    0xBE, 0xF7, 0xBE, 0xF7, 0xBE, 0xF7, 0xBE, 0xF7, 0xBE, 0xF7, 0xBE, 0xF7, 0xBE, 0xF7, 0xBE, 0xF7,
    0xDF, 0xFF, 0xDF, 0xFF, 0xDF, 0xFF, 0xDF, 0xFF, 0xDF, 0xFF, 0xDF, 0xFF, 0xDF, 0xFF, 0xDF, 0xFF,
    0xDF, 0xFF, 0xDF, 0xFF, 0xDF, 0xFF, 0x24, 0x21, 0x24, 0x21, 0x24, 0x21, 0x24, 0x21, 0x24, 0x21,
    0x24, 0x21, 0x24, 0x21, 0x24, 0x21, 0x24, 0x21, 0x24, 0x21, 0x24, 0x21, 0x24, 0x21, 0x24, 0x21,
    0x24, 0x21, 0x24, 0x21, 0x24, 0x21, 0x24, 0x21, 0x24, 0x21, 0x24, 0x21, 0x24, 0x21, 0x24, 0x21,
    0x24, 0x21, 0x24, 0x21, 0x24, 0x21, 0x24, 0x21, 0x24, 0x21, 0x24, 0x21, 0x24, 0x21, 0x24, 0x21,
    0x24, 0x21, 0x24, 0x21, 0x24, 0x21, 0x24, 0x21, 0x24, 0x21, 0x24, 0x21, 0x24, 0x21, 0x24, 0x21,
    0x24, 0x21, 0x24, 0x21, 0x24, 0x21, 0x24, 0x21, 0x24, 0x21, 0x24, 0x21, 0x24, 0x21, 0x24, 0x21,
    0x24, 0x21, 0x24, 0x21, 0x24, 0x21, 0x24, 0x21, 0x59, 0xCE, 0x59, 0xCE, 0x59, 0xCE, 0x59, 0xCE,
    0x59, 0xCE, 0x59, 0xCE, 0x59, 0xCE, 0x04, 0x21, 0x04, 0x21, 0x04, 0x21, 0x04, 0x21, 0x04, 0x21,
    0x04, 0x21, 0x04, 0x21, 0x04, 0x21, 0x04, 0x21, 0x04, 0x21, 0x04, 0x21, 0x04, 0x21, 0x04, 0x21,
    0x04, 0x21, 0x04, 0x21, 0x04, 0x21, 0x04, 0x21, 0x04, 0x21, 0x59, 0xCE, 0x59, 0xCE, 0x59, 0xCE,
    0x59, 0xCE, 0x59, 0xCE, 0x59, 0xCE, 0x59, 0xCE, 0x59, 0xCE, 0x59, 0xCE, 0x59, 0xCE, 0x59, 0xCE,
    0x59, 0xCE, 0x59, 0xCE, 0x59, 0xCE, 0x59, 0xCE, 0x59, 0xCE, 0x59, 0xCE, 0x59, 0xCE, 0x59, 0xCE,
    0x59, 0xCE, 0x59, 0xCE, 0x59, 0xCE, 0x59, 0xCE, 0x59, 0xCE, 0x59, 0xCE, 0x59, 0xCE, 0x59, 0xCE,
    0x59, 0xCE, 0x59, 0xCE, 0x59, 0xCE, 0x59, 0xCE, 0x59, 0xCE, 0x59, 0xCE, 0x59, 0xCE, 0x59, 0xCE,
    0x59, 0xCE, 0x59, 0xCE, 0x59, 0xCE, 0x59, 0xCE, 0x59, 0xCE, 0x59, 0xCE, 0x59, 0xCE, 0x59, 0xCE,
    0x59, 0xCE, 0x59, 0xCE, 0x59, 0xCE, 0x59, 0xCE, 0x59, 0xCE, 0x59, 0xCE, 0x59, 0xCE, 0x59, 0xCE,
    0x59, 0xCE, 0x59, 0xCE, 0x59, 0xCE, 0x59, 0xCE, 0x59, 0xCE, 0x59, 0xCE, 0x59, 0xCE, 0x59, 0xCE,
    0x59, 0xCE, 0x59, 0xCE, 0x59, 0xCE, 0x59, 0xCE, 0x59, 0xCE, 0x59, 0xCE, 0x59, 0xCE, 0x59, 0xCE,
    0x59, 0xCE, 0x59, 0xCE, 0x59, 0xCE, 0x59, 0xCE, 0x59, 0xCE, 0x59, 0xCE, 0x59, 0xCE, 0x59, 0xCE,
    0x59, 0xCE, 0x59, 0xCE, 0x59, 0xCE, 0x59, 0xCE, 0x59, 0xCE, 0x59, 0xCE, 0x59, 0xCE, 0x59, 0xCE,
    0x59, 0xCE, 0x59, 0xCE, 0xC7, 0x39, 0x1C, 0xDF, 0x1C, 0xE7, 0x3C, 0xE7, 0x5D, 0xEF, 0x7D, 0xEF,
    0xBA, 0xD6, 0xBA, 0xD6, 0xBA, 0xD6, 0xBA, 0xD6, 0xBA, 0xD6, 0xBA, 0xD6, 0xBA, 0xD6, 0xBA, 0xD6,
    0xBA, 0xD6, 0xBA, 0xD6, 0xBA, 0xD6, 0xBA, 0xD6, 0xBA, 0xD6, 0xBA, 0xD6, 0xBA, 0xD6, 0xBA, 0xD6,
    0xBA, 0xD6, 0xBA, 0xD6, 0xBA, 0xD6, 0xBA, 0xD6, 0xBA, 0xD6, 0xBA, 0xD6, 0xBA, 0xD6, 0xBA, 0xD6,
    0xBA, 0xD6, 0xBA, 0xD6, 0xBA, 0xD6, 0xBA, 0xD6, 0xBA, 0xD6, 0xBA, 0xD6, 0xBA, 0xD6, 0xBA, 0xD6,
    0xBA, 0xD6, 0xBA, 0xD6, 0xBA, 0xD6, 0xBA, 0xD6, 0xBA, 0xD6, 0xBA, 0xD6, 0xBA, 0xD6, 0xBA, 0xD6,
    0xBA, 0xD6, 0xBA, 0xD6, 0xBA, 0xD6, 0xBA, 0xD6, 0xBA, 0xD6, 0xBA, 0xD6, 0xBA, 0xD6, 0xBA, 0xD6,
    0xBA, 0xD6, 0xDB, 0xDE, 0xDB, 0xDE, 0xDB, 0xDE, 0xDB, 0xDE, 0xDB, 0xDE, 0xDB, 0xDE, 0xDB, 0xDE,
    0xDB, 0xDE, 0xDB, 0xDE, 0xDB, 0xDE, 0xFB, 0xDE, 0xFB, 0xDE, 0xFB, 0xDE, 0xFB, 0xDE, 0xFB, 0xDE,
    0xFB, 0xDE, 0xFB, 0xDE, 0xFB, 0xDE, 0xFB, 0xDE, 0xFB, 0xDE, 0xFB, 0xDE, 0xFB, 0xDE, 0x1C, 0xE7,
    0x1C, 0xE7, 0x1C, 0xE7, 0x1C, 0xE7, 0x1C, 0xE7, 0x1C, 0xE7, 0x1C, 0xE7, 0x1C, 0xE7, 0x1C, 0xE7,
    0x1C, 0xE7, 0x3C, 0xE7, 0x3C, 0xE7, 0x3C, 0xE7, 0x3C, 0xE7, 0x3C, 0xE7, 0x3C, 0xE7, 0x3C, 0xE7,
    0x3C, 0xE7, 0x3C, 0xE7, 0x3C, 0xE7, 0x5D, 0xEF, 0x5D, 0xEF, 0x5D, 0xEF, 0x5D, 0xEF, 0x5D, 0xEF,
    0x5D, 0xEF, 0x5D, 0xEF, 0x5D, 0xEF, 0x5D, 0xEF, 0x5D, 0xEF, 0x5D, 0xEF, 0x7D, 0xEF, 0x7D, 0xEF,
    0x7D, 0xEF, 0x7D, 0xEF, 0x7D, 0xEF, 0x7D, 0xEF, 0x7D, 0xEF, 0x7D, 0xEF, 0x7D, 0xEF, 0x7D, 0xEF,
    0x9E, 0xF7, 0x7D, 0xEF, 0x9E, 0xF7, 0x9E, 0xF7, 0x9E, 0xF7, 0x9E, 0xF7, 0x9E, 0xF7, 0x9E, 0xF7,
    0x9E, 0xF7, 0x9E, 0xF7, 0x9E, 0xF7, 0x9E, 0xF7, 0xBE, 0xF7, 0xBE, 0xF7, 0xBE, 0xF7, 0xBE, 0xF7,
    0xBE, 0xF7, 0xBE, 0xF7, 0xBE, 0xF7, 0xBE, 0xF7, 0xBE, 0xF7, 0xBE, 0xF7, 0xBE, 0xF7, 0xBE, 0xF7,
    0xBE, 0xF7, 0xBE, 0xF7, 0xBE, 0xF7, 0xBE, 0xF7, 0xBE, 0xF7, 0xBE, 0xF7, 0xDF, 0xFF, 0xDF, 0xFF,
    0xDF, 0xFF, 0xDF, 0xFF, 0xDF, 0xFF, 0xDF, 0xFF, 0xDF, 0xFF, 0xDF, 0xFF, 0xDF, 0xFF, 0xDF, 0xFF,
    0xDF, 0xFF, 0xDF, 0xFF, 0xDF, 0xFF, 0x24, 0x21, 0x24, 0x21, 0x24, 0x21, 0x24, 0x21, 0x24, 0x21,
    0x24, 0x21, 0x24, 0x21, 0x24, 0x21, 0x24, 0x21, 0x24, 0x21, 0x24, 0x21, 0x24, 0x21, 0x24, 0x21,
    0x24, 0x21, 0x24, 0x21, 0x24, 0x21, 0x24, 0x21, 0x24, 0x21, 0x24, 0x21, 0x24, 0x21, 0x24, 0x21,
    0x24, 0x21, 0x24, 0x21, 0x24, 0x21, 0x24, 0x21, 0x24, 0x21, 0x24, 0x21, 0x24, 0x21, 0x24, 0x21,
    0x24, 0x21, 0x24, 0x21, 0x24, 0x21, 0x24, 0x21, 0x24, 0x21, 0x24, 0x21, 0x24, 0x21, 0x24, 0x21,
    0x24, 0x21, 0x24, 0x21, 0x24, 0x21, 0x24, 0x21, 0x24, 0x21, 0x24, 0x21, 0x24, 0x21, 0x24, 0x21,
    0x24, 0x21, 0x24, 0x21, 0x24, 0x21, 0x24, 0x21, 0x59, 0xCE, 0x59, 0xCE, 0x59, 0xCE, 0x59, 0xCE,
    0x59, 0xCE, 0x59, 0xCE, 0x59, 0xCE, 0x45, 0x29, 0x04, 0x21, 0x04, 0x21, 0x04, 0x21, 0x04, 0x21,
    0x04, 0x21, 0x04, 0x21, 0x04, 0x21, 0x04, 0x21, 0x04, 0x21, 0x04, 0x21, 0x04, 0x21, 0x04, 0x21,
    0x04, 0x21, 0x04, 0x21, 0x04, 0x21, 0x04, 0x21, 0x45, 0x29, 0x59, 0xCE, 0x59, 0xCE, 0x59, 0xCE,
    0x59, 0xCE, 0x59, 0xCE, 0x59, 0xCE, 0x59, 0xCE, 0x59, 0xCE, 0x59, 0xCE, 0x59, 0xCE, 0x59, 0xCE,
    0x59, 0xCE, 0x59, 0xCE, 0x59, 0xCE, 0x59, 0xCE, 0x59, 0xCE, 0x59, 0xCE, 0x59, 0xCE, 0x59, 0xCE,
    0x59, 0xCE, 0x59, 0xCE, 0x59, 0xCE, 0x59, 0xCE, 0x59, 0xCE, 0x59, 0xCE, 0x59, 0xCE, 0x59, 0xCE,
    0x59, 0xCE, 0x59, 0xCE, 0x59, 0xCE, 0x59, 0xCE, 0x59, 0xCE, 0x59, 0xCE, 0x59, 0xCE, 0x59, 0xCE,
    0x59, 0xCE, 0x59, 0xCE, 0x59, 0xCE, 0x59, 0xCE, 0x59, 0xCE, 0x59, 0xCE, 0x59, 0xCE, 0x59, 0xCE,
    0x59, 0xCE, 0x59, 0xCE, 0x59, 0xCE, 0x59, 0xCE, 0x59, 0xCE, 0x59, 0xCE, 0x59, 0xCE, 0x59, 0xCE,
    0x59, 0xCE, 0x59, 0xCE, 0x59, 0xCE, 0x59, 0xCE, 0x59, 0xCE, 0x59, 0xCE, 0x59, 0xCE, 0x59, 0xCE,
    0x59, 0xCE, 0x59, 0xCE, 0x59, 0xCE, 0x59, 0xCE, 0x59, 0xCE, 0x59, 0xCE, 0x59, 0xCE, 0x59, 0xCE,
    0x59, 0xCE, 0x59, 0xCE, 0x59, 0xCE, 0x59, 0xCE, 0x59, 0xCE, 0x59, 0xCE, 0x59, 0xCE, 0x59, 0xCE,
    0x59, 0xCE, 0x59, 0xCE, 0x59, 0xCE, 0x59, 0xCE, 0x59, 0xCE, 0x59, 0xCE, 0x59, 0xCE, 0x59, 0xCE,
    0x59, 0xCE, 0x59, 0xCE, 0xC7, 0x39, 0x1C, 0xDF, 0x1C, 0xE7, 0x3C, 0xE7, 0x5D, 0xEF, 0x7D, 0xEF,
    0xBA, 0xD6, 0xBA, 0xD6, 0xBA, 0xD6, 0xBA, 0xD6, 0xBA, 0xD6, 0xBA, 0xD6, 0xBA, 0xD6, 0xBA, 0xD6,
    0xBA, 0xD6, 0xBA, 0xD6, 0xBA, 0xD6, 0xBA, 0xD6, 0xBA, 0xD6, 0xBA, 0xD6, 0xBA, 0xD6, 0xBA, 0xD6,
    0xBA, 0xD6, 0xBA, 0xD6, 0xBA, 0xD6, 0xBA, 0xD6, 0xBA, 0xD6, 0xBA, 0xD6, 0xBA, 0xD6, 0xBA, 0xD6,
    0xBA, 0xD6, 0xBA, 0xD6, 0xBA, 0xD6, 0xBA, 0xD6, 0xBA, 0xD6, 0xBA, 0xD6, 0xBA, 0xD6, 0xBA, 0xD6,
    0xBA, 0xD6, 0xBA, 0xD6, 0xBA, 0xD6, 0xBA, 0xD6, 0xBA, 0xD6, 0xBA, 0xD6, 0xBA, 0xD6, 0xBA, 0xD6,
    0xBA, 0xD6, 0xBA, 0xD6, 0xBA, 0xD6, 0xBA, 0xD6, 0xBA, 0xD6, 0xBA, 0xD6, 0xBA, 0xD6, 0xBA, 0xD6,
    0xBA, 0xD6, 0xBA, 0xD6, 0xDB, 0xDE, 0xDB, 0xDE, 0xDB, 0xDE, 0xDB, 0xDE, 0xDB, 0xDE, 0xDB, 0xDE,
    0xDB, 0xDE, 0xDB, 0xDE, 0xDB, 0xDE, 0xDB, 0xDE, 0xDB, 0xDE, 0xFB, 0xDE, 0xFB, 0xDE, 0xFB, 0xDE,
    0xFB, 0xDE, 0xFB, 0xDE, 0xFB, 0xDE, 0xFB, 0xDE, 0xFB, 0xDE, 0xFB, 0xDE, 0xFB, 0xDE, 0xFB, 0xDE,
    0x1C, 0xE7, 0x1C, 0xE7, 0x1C, 0xE7, 0x1C, 0xE7, 0x1C, 0xE7, 0x1C, 0xE7, 0x1C, 0xE7, 0x1C, 0xE7,
    0x1C, 0xE7, 0x1C, 0xE7, 0x3C, 0xE7, 0x3C, 0xE7, 0x3C, 0xE7, 0x3C, 0xE7, 0x3C, 0xE7, 0x3C, 0xE7,
    0x3C, 0xE7, 0x3C, 0xE7, 0x3C, 0xE7, 0x3C, 0xE7, 0x3C, 0xE7, 0x5D, 0xEF, 0x5D, 0xEF, 0x5D, 0xEF,
    0x5D, 0xEF, 0x5D, 0xEF, 0x5D, 0xEF, 0x5D, 0xEF, 0x5D, 0xEF, 0x5D, 0xEF, 0x5D, 0xEF, 0x5D, 0xEF,
    0x7D, 0xEF, 0x7D, 0xEF, 0x7D, 0xEF, 0x7D, 0xEF, 0x7D, 0xEF, 0x7D, 0xEF, 0x7D, 0xEF, 0x7D, 0xEF,
    0x7D, 0xEF, 0x7D, 0xEF, 0x9E, 0xF7, 0x9E, 0xF7, 0x9E, 0xF7, 0x9E, 0xF7, 0x9E, 0xF7, 0x9E, 0xF7,
    0x9E, 0xF7, 0x9E, 0xF7, 0x9E, 0xF7, 0x9E, 0xF7, 0x9E, 0xF7, 0xBE, 0xF7, 0xBE, 0xF7, 0xBE, 0xF7,
    0xBE, 0xF7, 0xBE, 0xF7, 0xBE, 0xF7, 0xBE, 0xF7, 0xBE, 0xF7, 0xBE, 0xF7, 0xFE, 0xDE, 0x5F, 0x53,
    0xBE, 0xF7, 0xBE, 0xF7, 0xBE, 0xF7, 0xBE, 0xF7, 0xBE, 0xF7, 0xBE, 0xF7, 0x5F, 0x53, 0x9F, 0xCE,
    0xDF, 0xFF, 0xDF, 0xFF, 0xDF, 0xFF, 0xDF, 0xFF, 0xDF, 0xFF, 0xDF, 0xFF, 0xDF, 0xFF, 0xDF, 0xFF,
    0xDF, 0xFF, 0xDF, 0xFF, 0xDF, 0xFF, 0x24, 0x21, 0x24, 0x21, 0x24, 0x21, 0x24, 0x21, 0x24, 0x21,
    0x24, 0x21, 0x24, 0x21, 0x24, 0x21, 0x24, 0x21, 0x24, 0x21, 0x24, 0x21, 0x24, 0x21, 0x24, 0x21,
    0x24, 0x21, 0x24, 0x21, 0x24, 0x21, 0x24, 0x21, 0x24, 0x21, 0x24, 0x21, 0x24, 0x21, 0x24, 0x21,
    0x24, 0x21, 0x24, 0x21, 0x24, 0x21, 0x24, 0x21, 0x24, 0x21, 0x24, 0x21, 0x24, 0x21, 0x24, 0x21,
    0x24, 0x21, 0x24, 0x21, 0x24, 0x21, 0x24, 0x21, 0x24, 0x21, 0x24, 0x21, 0x24, 0x21, 0x24, 0x21,
    0x24, 0x21, 0x24, 0x21, 0x24, 0x21, 0x24, 0x21, 0x24, 0x21, 0x24, 0x21, 0x24, 0x21, 0x24, 0x21,
    0x24, 0x21, 0x24, 0x21, 0x24, 0x21, 0x24, 0x21, 0x59, 0xCE, 0x59, 0xCE, 0x59, 0xCE, 0x59, 0xCE,
    0x59, 0xCE, 0x59, 0xCE, 0x59, 0xCE, 0xEF, 0x7B, 0x04, 0x21, 0x04, 0x21, 0x04, 0x21, 0x04, 0x21,
    0x04, 0x21, 0x04, 0x21, 0x04, 0x21, 0x04, 0x21, 0x04, 0x21, 0x04, 0x21, 0x04, 0x21, 0x04, 0x21,
    0x04, 0x21, 0x04, 0x21, 0x04, 0x21, 0x04, 0x21, 0xAE, 0x73, 0x59, 0xCE, 0x59, 0xCE, 0x59, 0xCE,
    0x59, 0xCE, 0x59, 0xCE, 0x59, 0xCE, 0x59, 0xCE, 0x59, 0xCE, 0x59, 0xCE, 0x59, 0xCE, 0x59, 0xCE,
    0x59, 0xCE, 0x59, 0xCE, 0x59, 0xCE, 0x59, 0xCE, 0x59, 0xCE, 0x59, 0xCE, 0x59, 0xCE, 0x59, 0xCE,
    0x59, 0xCE, 0x59, 0xCE, 0x59, 0xCE, 0x59, 0xCE, 0x59, 0xCE, 0x59, 0xCE, 0x59, 0xCE, 0x59, 0xCE,
    0x59, 0xCE, 0x59, 0xCE, 0x59, 0xCE, 0x59, 0xCE, 0x59, 0xCE, 0x59, 0xCE, 0x59, 0xCE, 0x59, 0xCE,
    0x59, 0xCE, 0x59, 0xCE, 0x59, 0xCE, 0x59, 0xCE, 0x59, 0xCE, 0x59, 0xCE, 0x59, 0xCE, 0x59, 0xCE,
    0x59, 0xCE, 0x59, 0xCE, 0x59, 0xCE, 0x59, 0xCE, 0x59, 0xCE, 0x59, 0xCE, 0x59, 0xCE, 0x59, 0xCE,
    0x59, 0xCE, 0x59, 0xCE, 0x59, 0xCE, 0x59, 0xCE, 0x59, 0xCE, 0x59, 0xCE, 0x59, 0xCE, 0x59, 0xCE,
    0x59, 0xCE, 0x59, 0xCE, 0x59, 0xCE, 0x59, 0xCE, 0x59, 0xCE, 0x59, 0xCE, 0x59, 0xCE, 0x59, 0xCE,
    0x59, 0xCE, 0x59, 0xCE, 0x59, 0xCE, 0x59, 0xCE, 0x59, 0xCE, 0x59, 0xCE, 0x59, 0xCE, 0x59, 0xCE,
    0x59, 0xCE, 0x59, 0xCE, 0x59, 0xCE, 0x59, 0xCE, 0x59, 0xCE, 0x59, 0xCE, 0x59, 0xCE, 0x59, 0xCE,
    0x59, 0xCE, 0x59, 0xCE, 0xC7, 0x39, 0x1C, 0xDF, 0x1C, 0xE7, 0x3C, 0xE7, 0x5D, 0xEF, 0x7D, 0xEF,
    0xBA, 0xD6, 0xBA, 0xD6, 0xBA, 0xD6, 0xBA, 0xD6, 0xBA, 0xD6, 0xBA, 0xD6, 0xBA, 0xD6, 0xBA, 0xD6,
    0xBA, 0xD6, 0xBA, 0xD6, 0xBA, 0xD6, 0xBA, 0xD6, 0xBA, 0xD6, 0xBA, 0xD6, 0xBA, 0xD6, 0xBA, 0xD6,
    0xBA, 0xD6, 0xBA, 0xD6, 0xBA, 0xD6, 0xBA, 0xD6, 0xBA, 0xD6, 0xBA, 0xD6, 0xBA, 0xD6, 0xBA, 0xD6,
    0xBA, 0xD6, 0xBA, 0xD6, 0xBA, 0xD6, 0xBA, 0xD6, 0xBA, 0xD6, 0xBA, 0xD6, 0xBA, 0xD6, 0xBA, 0xD6,
    0xBA, 0xD6, 0xBA, 0xD6, 0xBA, 0xD6, 0xBA, 0xD6, 0xBA, 0xD6, 0xBA, 0xD6, 0xBA, 0xD6, 0xBA, 0xD6,
    0xBA, 0xD6, 0xBA, 0xD6, 0xBA, 0xD6, 0xBA, 0xD6, 0xBA, 0xD6, 0xBA, 0xD6, 0xBA, 0xD6, 0xBA, 0xD6,
    0xBA, 0xD6, 0xBA, 0xD6, 0xBA, 0xD6, 0xBA, 0xD6, 0xDB, 0xDE, 0xDB, 0xDE, 0xDB, 0xDE, 0xDB, 0xDE,
    0xDB, 0xDE, 0xDB, 0xDE, 0xDB, 0xDE, 0xDB, 0xDE, 0xDB, 0xDE, 0xDB, 0xDE, 0xFB, 0xDE, 0xFB, 0xDE,
    0xFB, 0xDE, 0xFB, 0xDE, 0xFB, 0xDE, 0xFB, 0xDE, 0xFB, 0xDE, 0xFB, 0xDE, 0xFB, 0xDE, 0xFB, 0xDE,
    0xFB, 0xDE, 0x1C, 0xE7, 0x1C, 0xE7, 0x1C, 0xE7, 0x1C, 0xE7, 0x1C, 0xE7, 0x1C, 0xE7, 0x1C, 0xE7,
    0x1C, 0xE7, 0x1C, 0xE7, 0x1C, 0xE7, 0x1C, 0xE7, 0x3C, 0xE7, 0x3C, 0xE7, 0x3C, 0xE7, 0x3C, 0xE7,
    0x3C, 0xE7, 0x3C, 0xE7, 0x3C, 0xE7, 0x3C, 0xE7, 0x3C, 0xE7, 0x3C, 0xE7, 0x5D, 0xEF, 0x5D, 0xEF,
    0x5D, 0xEF, 0x5D, 0xEF, 0x5D, 0xEF, 0x5D, 0xEF, 0x5D, 0xEF, 0x5D, 0xEF, 0x5D, 0xEF, 0x5D, 0xEF,
    0x5D, 0xEF, 0x7D, 0xEF, 0x7D, 0xEF, 0x7D, 0xEF, 0x7D, 0xEF, 0x7D, 0xEF, 0x7D, 0xEF, 0x7D, 0xEF,
    0x7D, 0xEF, 0x7D, 0xEF, 0x7D, 0xEF, 0x9E, 0xF7, 0x9E, 0xF7, 0x9E, 0xF7, 0x9E, 0xF7, 0x9E, 0xF7,
    0x9E, 0xF7, 0x9E, 0xF7, 0x9E, 0xF7, 0x9E, 0xF7, 0x9E, 0xF7, 0xBE, 0xF7, 0xBE, 0xF7, 0xBE, 0xF7,
    0xBE, 0xF7, 0xBE, 0xF7, 0xBE, 0xF7, 0xBE, 0xF7, 0xBE, 0xF7, 0xFE, 0xDE, 0x1F, 0x2A, 0x7F, 0x84,
    0x5E, 0xEF, 0x7F, 0x84, 0x1F, 0x2A, 0x7F, 0x3A, 0xBF, 0x63, 0xFF, 0xDE, 0x9F, 0xCE, 0x1F, 0x2A,
    0x9F, 0xCE, 0xBE, 0xF7, 0xDF, 0xFF, 0xDF, 0xFF, 0xDF, 0xFF, 0xDF, 0xFF, 0xDF, 0xFF, 0xDF, 0xFF,
    0xDF, 0xFF, 0xDF, 0xFF, 0xDF, 0xFF, 0x24, 0x21, 0x24, 0x21, 0x24, 0x21, 0x24, 0x21, 0x24, 0x21,
    0x24, 0x21, 0x24, 0x21, 0x24, 0x21, 0x24, 0x21, 0x24, 0x21, 0x24, 0x21, 0x24, 0x21, 0x24, 0x21,
    0x24, 0x21, 0xA6, 0x31, 0x08, 0x42, 0x08, 0x42, 0x08, 0x42, 0x24, 0x21, 0x24, 0x21, 0x24, 0x21,
    0xA6, 0x31, 0x08, 0x42, 0x08, 0x42, 0xA6, 0x31, 0x24, 0x21, 0x24, 0x21, 0xA6, 0x31, 0x08, 0x42,
    0xA6, 0x31, 0x24, 0x21, 0x24, 0x21, 0x24, 0x21, 0x08, 0x42, 0x08, 0x42, 0x24, 0x21, 0x24, 0x21,
    0x24, 0x21, 0x24, 0x21, 0x24, 0x21, 0x24, 0x21, 0x24, 0x21, 0x24, 0x21, 0x24, 0x21, 0x24, 0x21,
    0x24, 0x21, 0x24, 0x21, 0x24, 0x21, 0x24, 0x21, 0x59, 0xCE, 0x59, 0xCE, 0x59, 0xCE, 0x59, 0xCE,
    0x59, 0xCE, 0x59, 0xCE, 0x59, 0xCE, 0x59, 0xCE, 0xB6, 0xB5, 0xF3, 0x9C, 0xF3, 0x9C, 0xF3, 0x9C,
    0xF3, 0x9C, 0xF3, 0x9C, 0xF3, 0x9C, 0xF3, 0x9C, 0xF3, 0x9C, 0xF3, 0x9C, 0xF3, 0x9C, 0xF3, 0x9C,
    0xF3, 0x9C, 0xF3, 0x9C, 0xF3, 0x9C, 0xB6, 0xB5, 0x59, 0xCE, 0x59, 0xCE, 0x59, 0xCE, 0x59, 0xCE,
    0x59, 0xCE, 0x59, 0xCE, 0x59, 0xCE, 0x59, 0xCE, 0x59, 0xCE, 0x59, 0xCE, 0x59, 0xCE, 0x59, 0xCE,
    0x59, 0xCE, 0x59, 0xCE, 0x59, 0xCE, 0x59, 0xCE, 0x59, 0xCE, 0x59, 0xCE, 0x59, 0xCE, 0x59, 0xCE,
    0x59, 0xCE, 0x59, 0xCE, 0x59, 0xCE, 0x59, 0xCE, 0x59, 0xCE, 0x59, 0xCE, 0x59, 0xCE, 0x59, 0xCE,
    0x59, 0xCE, 0x59, 0xCE, 0x59, 0xCE, 0x59, 0xCE, 0x59, 0xCE, 0x59, 0xCE, 0x59, 0xCE, 0x59, 0xCE,
    0x59, 0xCE, 0x59, 0xCE, 0x59, 0xCE, 0x59, 0xCE, 0x59, 0xCE, 0x59, 0xCE, 0x59, 0xCE, 0x59, 0xCE,
    0x59, 0xCE, 0x59, 0xCE, 0x59, 0xCE, 0x59, 0xCE, 0x59, 0xCE, 0x59, 0xCE, 0x59, 0xCE, 0x59, 0xCE,
    0x59, 0xCE, 0x59, 0xCE, 0x59, 0xCE, 0x59, 0xCE, 0x59, 0xCE, 0x59, 0xCE, 0x59, 0xCE, 0x59, 0xCE,
    0x59, 0xCE, 0x59, 0xCE, 0x59, 0xCE, 0x59, 0xCE, 0x59, 0xCE, 0x59, 0xCE, 0x59, 0xCE, 0x59, 0xCE,
    0x59, 0xCE, 0x59, 0xCE, 0x59, 0xCE, 0x59, 0xCE, 0x59, 0xCE, 0x59, 0xCE, 0x59, 0xCE, 0x59, 0xCE,
    0x59, 0xCE, 0x59, 0xCE, 0x59, 0xCE, 0x59, 0xCE, 0x59, 0xCE, 0x59, 0xCE, 0x59, 0xCE, 0x59, 0xCE,
    0x59, 0xCE, 0x59, 0xCE, 0xC7, 0x39, 0x1C, 0xDF, 0x1C, 0xE7, 0x3C, 0xE7, 0x5D, 0xEF, 0x7D, 0xEF,
    0xBA, 0xD6, 0xBA, 0xD6, 0xBA, 0xD6, 0xBA, 0xD6, 0xBA, 0xD6, 0xBA, 0xD6, 0xBA, 0xD6, 0xBA, 0xD6,
    0xBA, 0xD6, 0xBA, 0xD6, 0xBA, 0xD6, 0xBA, 0xD6, 0xBA, 0xD6, 0xBA, 0xD6, 0xBA, 0xD6, 0xBA, 0xD6,
    0xBA, 0xD6, 0xBA, 0xD6, 0xBA, 0xD6, 0xBA, 0xD6, 0xBA, 0xD6, 0xBA, 0xD6, 0xBA, 0xD6, 0xBA, 0xD6,
    0xBA, 0xD6, 0xBA, 0xD6, 0xBA, 0xD6, 0xBA, 0xD6, 0xBA, 0xD6, 0xBA, 0xD6, 0xBA, 0xD6, 0xBA, 0xD6,
    0xBA, 0xD6, 0xBA, 0xD6, 0xBA, 0xD6, 0xBA, 0xD6, 0xBA, 0xD6, 0xBA, 0xD6, 0xBA, 0xD6, 0xBA, 0xD6,
    0xBA, 0xD6, 0xBA, 0xD6, 0xBA, 0xD6, 0xBA, 0xD6, 0xBA, 0xD6, 0xBA, 0xD6, 0xBA, 0xD6, 0xBA, 0xD6,
    0xBA, 0xD6, 0xBA, 0xD6, 0xBA, 0xD6, 0xDB, 0xDE, 0xDB, 0xDE, 0xDB, 0xDE, 0xDB, 0xDE, 0xDB, 0xDE,
    0xDB, 0xDE, 0xDB, 0xDE, 0xDB, 0xDE, 0xDB, 0xDE, 0xDB, 0xDE, 0xDB, 0xDE, 0xFB, 0xDE, 0xFB, 0xDE,
    0xFB, 0xDE, 0xFB, 0xDE, 0xFB, 0xDE, 0xFB, 0xDE, 0xFB, 0xDE, 0xFB, 0xDE, 0xFB, 0xDE, 0xFB, 0xDE,
    0xFB, 0xDE, 0xFB, 0xDE, 0x1C, 0xE7, 0x1C, 0xE7, 0x1C, 0xE7, 0x1C, 0xE7, 0x1C, 0xE7, 0x1C, 0xE7,
    0x1C, 0xE7, 0x1C, 0xE7, 0x1C, 0xE7, 0x3C, 0xE7, 0x3C, 0xE7, 0x3C, 0xE7, 0x3C, 0xE7, 0x3C, 0xE7,
    0x3C, 0xE7, 0x3C, 0xE7, 0x3C, 0xE7, 0x3C, 0xE7, 0x3C, 0xE7, 0x3C, 0xE7, 0x3C, 0xE7, 0x5D, 0xEF,
    0x5D, 0xEF, 0x5D, 0xEF, 0x5D, 0xEF, 0x5D, 0xEF, 0x5D, 0xEF, 0x5D, 0xEF, 0x5D, 0xEF, 0x5D, 0xEF,
    0x5D, 0xEF, 0x7D, 0xEF, 0x7D, 0xEF, 0x7D, 0xEF, 0x7D, 0xEF, 0x7D, 0xEF, 0x7D, 0xEF, 0x7D, 0xEF,
    0x7D, 0xEF, 0x7D, 0xEF, 0x7D, 0xEF, 0x9E, 0xF7, 0x9E, 0xF7, 0x9E, 0xF7, 0x9E, 0xF7, 0x9E, 0xF7,
    0x9E, 0xF7, 0x9E, 0xF7, 0x9E, 0xF7, 0x9E, 0xF7, 0x9E, 0xF7, 0x9E, 0xF7, 0xBE, 0xF7, 0xBE, 0xF7,
    0xBE, 0xF7, 0xBE, 0xF7, 0xBE, 0xF7, 0xBE, 0xF7, 0xBE, 0xF7, 0xBF, 0xAD, 0xFF, 0x94, 0xFE, 0xDE,
    0x1F, 0x2A, 0x1F, 0x74, 0x9E, 0xCE, 0x9E, 0xCE, 0x5F, 0xA5, 0x1F, 0x2A, 0xFF, 0x94, 0x9F, 0xCE,
    0x3F, 0xBE, 0xBE, 0xF7, 0xDF, 0xFF, 0xBE, 0xF7, 0xBE, 0xF7, 0xDF, 0xFF, 0xDF, 0xFF, 0xDF, 0xFF,
    0xDF, 0xFF, 0xDF, 0xFF, 0xDF, 0xFF, 0x24, 0x21, 0x24, 0x21, 0x24, 0x21, 0x24, 0x21, 0x24, 0x21,
    0x24, 0x21, 0x24, 0x21, 0x24, 0x21, 0x24, 0x21, 0x24, 0x21, 0x24, 0x21, 0x24, 0x21, 0x24, 0x21,
    0x24, 0x21, 0xEB, 0x5A, 0xFF, 0xFF, 0xFF, 0xFF, 0xFF, 0xFF, 0x3C, 0xE7, 0x08, 0x42, 0x24, 0x21,
    0x75, 0xAD, 0xFF, 0xFF, 0xFF, 0xFF, 0xFF, 0xFF, 0x14, 0xA5, 0x24, 0x21, 0xCF, 0x7B, 0xFF, 0xFF,
    0x9E, 0xF7, 0x24, 0x21, 0x24, 0x21, 0xA6, 0x31, 0xFF, 0xFF, 0xFF, 0xFF, 0xEB, 0x5A, 0x24, 0x21,
    0x24, 0x21, 0x24, 0x21, 0x24, 0x21, 0x24, 0x21, 0x24, 0x21, 0x24, 0x21, 0x24, 0x21, 0x24, 0x21,
    0x24, 0x21, 0x24, 0x21, 0x24, 0x21, 0x24, 0x21, 0x59, 0xCE, 0x59, 0xCE, 0x59, 0xCE, 0x59, 0xCE,
    0x59, 0xCE, 0x59, 0xCE, 0x59, 0xCE, 0x59, 0xCE, 0x59, 0xCE, 0x59, 0xCE, 0x59, 0xCE, 0x59, 0xCE,
    0x59, 0xCE, 0x59, 0xCE, 0x59, 0xCE, 0x59, 0xCE, 0x59, 0xCE, 0x59, 0xCE, 0x59, 0xCE, 0x59, 0xCE,
    0x59, 0xCE, 0x59, 0xCE, 0x59, 0xCE, 0x59, 0xCE, 0x59, 0xCE, 0x59, 0xCE, 0x59, 0xCE, 0x59, 0xCE,
    0x59, 0xCE, 0x59, 0xCE, 0x59, 0xCE, 0x59, 0xCE, 0x59, 0xCE, 0x59, 0xCE, 0x59, 0xCE, 0x59, 0xCE,
    0x59, 0xCE, 0x59, 0xCE, 0x59, 0xCE, 0x59, 0xCE, 0x59, 0xCE, 0x59, 0xCE, 0x59, 0xCE, 0x59, 0xCE,
    0x59, 0xCE, 0x59, 0xCE, 0x59, 0xCE, 0x59, 0xCE, 0x59, 0xCE, 0x59, 0xCE, 0x59, 0xCE, 0x59, 0xCE,
    0x59, 0xCE, 0x59, 0xCE, 0x59, 0xCE, 0x59, 0xCE, 0x59, 0xCE, 0x59, 0xCE, 0x59, 0xCE, 0x59, 0xCE,
    0x59, 0xCE, 0x59, 0xCE, 0x59, 0xCE, 0x59, 0xCE, 0x59, 0xCE, 0x59, 0xCE, 0x59, 0xCE, 0x59, 0xCE,
    0x59, 0xCE, 0x59, 0xCE, 0x59, 0xCE, 0x59, 0xCE, 0x59, 0xCE, 0x59, 0xCE, 0x59, 0xCE, 0x59, 0xCE,
    0x59, 0xCE, 0x59, 0xCE, 0x59, 0xCE, 0x59, 0xCE, 0x59, 0xCE, 0x59, 0xCE, 0x59, 0xCE, 0x59, 0xCE,
    0x59, 0xCE, 0x59, 0xCE, 0x59, 0xCE, 0x59, 0xCE, 0x59, 0xCE, 0x59, 0xCE, 0x59, 0xCE, 0x59, 0xCE,
    0x59, 0xCE, 0x59, 0xCE, 0x59, 0xCE, 0x59, 0xCE, 0x59, 0xCE, 0x59, 0xCE, 0x59, 0xCE, 0x59, 0xCE,
    0x59, 0xCE, 0x59, 0xCE, 0x59, 0xCE, 0x59, 0xCE, 0x59, 0xCE, 0x59, 0xCE, 0x59, 0xCE, 0x59, 0xCE,
    0x59, 0xCE, 0x59, 0xCE, 0xC7, 0x39, 0x1C, 0xDF, 0x1C, 0xE7, 0x3C, 0xE7, 0x5D, 0xEF, 0x7D, 0xEF,
    0xBA, 0xD6, 0xBA, 0xD6, 0xBA, 0xD6, 0xBA, 0xD6, 0xBA, 0xD6, 0xBA, 0xD6, 0xBA, 0xD6, 0xBA, 0xD6,
    0xBA, 0xD6, 0xBA, 0xD6, 0xBA, 0xD6, 0xBA, 0xD6, 0xBA, 0xD6, 0xBA, 0xD6, 0xBA, 0xD6, 0xBA, 0xD6,
    0xBA, 0xD6, 0xBA, 0xD6, 0xBA, 0xD6, 0xBA, 0xD6, 0xBA, 0xD6, 0xBA, 0xD6, 0xBA, 0xD6, 0xBA, 0xD6,
    0xBA, 0xD6, 0xBA, 0xD6, 0xBA, 0xD6, 0xBA, 0xD6, 0xBA, 0xD6, 0xBA, 0xD6, 0xBA, 0xD6, 0xBA, 0xD6,
    0xBA, 0xD6, 0xBA, 0xD6, 0xBA, 0xD6, 0xBA, 0xD6, 0xBA, 0xD6, 0xBA, 0xD6, 0xBA, 0xD6, 0xBA, 0xD6,
    0xBA, 0xD6, 0xBA, 0xD6, 0xBA, 0xD6, 0xBA, 0xD6, 0xBA, 0xD6, 0xBA, 0xD6, 0xBA, 0xD6, 0xBA, 0xD6,
    0xBA, 0xD6, 0xBA, 0xD6, 0xBA, 0xD6, 0xBA, 0xD6, 0xBA, 0xD6, 0xDB, 0xDE, 0xDB, 0xDE, 0xDB, 0xDE,
    0xDB, 0xDE, 0xDB, 0xDE, 0xDB, 0xDE, 0xDB, 0xDE, 0xDB, 0xDE, 0xDB, 0xDE, 0xDB, 0xDE, 0xFB, 0xDE,
    0xFB, 0xDE, 0xFB, 0xDE, 0xFB, 0xDE, 0xFB, 0xDE, 0xFB, 0xDE, 0xFB, 0xDE, 0xFB, 0xDE, 0xFB, 0xDE,
    0xFB, 0xDE, 0x1C, 0xE7, 0x1C, 0xE7, 0x1C, 0xE7, 0x1C, 0xE7, 0x1C, 0xE7, 0x1C, 0xE7, 0x1C, 0xE7,
    0x1C, 0xE7, 0x1C, 0xE7, 0x1C, 0xE7, 0x3C, 0xE7, 0x3C, 0xE7, 0x3C, 0xE7, 0x3C, 0xE7, 0x3C, 0xE7,
    0x3C, 0xE7, 0x3C, 0xE7, 0x3C, 0xE7, 0x3C, 0xE7, 0x3C, 0xE7, 0x3C, 0xE7, 0x3C, 0xE7, 0x5D, 0xEF,
    0x5D, 0xEF, 0x5D, 0xEF, 0x5D, 0xEF, 0x5D, 0xEF, 0x5D, 0xEF, 0x5D, 0xEF, 0x5D, 0xEF, 0x5D, 0xEF,
    0x5D, 0xEF, 0x5D, 0xEF, 0x7D, 0xEF, 0x7D, 0xEF, 0x7D, 0xEF, 0x7D, 0xEF, 0x7D, 0xEF, 0x7D, 0xEF,
    0x7D, 0xEF, 0x7D, 0xEF, 0x7D, 0xEF, 0x7D, 0xEF, 0x9E, 0xF7, 0x9E, 0xF7, 0x9E, 0xF7, 0x9E, 0xF7,
    0x9E, 0xF7, 0x9E, 0xF7, 0x9E, 0xF7, 0x9E, 0xF7, 0x9E, 0xF7, 0x9E, 0xF7, 0xBE, 0xF7, 0xBE, 0xF7,
    0xBE, 0xF7, 0xBE, 0xF7, 0xBE, 0xF7, 0xBE, 0xF7, 0xBE, 0xF7, 0xBE, 0xF7, 0xBE, 0xF7, 0x1F, 0x2A,
    0xFF, 0x94, 0xBE, 0xF7, 0xBF, 0xAD, 0xFF, 0x94, 0xBE, 0xF7, 0xFE, 0xDE, 0x1F, 0x2A, 0x5F, 0xEF,
    0xBE, 0xF7, 0xBE, 0xF7, 0xBE, 0xF7, 0xDF, 0xFF, 0xDF, 0xFF, 0xDF, 0xFF, 0xDF, 0xFF, 0xDF, 0xFF,
    0xDF, 0xFF, 0xDF, 0xFF, 0xDF, 0xFF, 0x24, 0x21, 0x24, 0x21, 0x24, 0x21, 0x24, 0x21, 0x24, 0x21,
    0x24, 0x21, 0x24, 0x21, 0x24, 0x21, 0x24, 0x21, 0x24, 0x21, 0x24, 0x21, 0x24, 0x21, 0x24, 0x21,
    0x24, 0x21, 0xEB, 0x5A, 0xFF, 0xFF, 0x4D, 0x6B, 0x69, 0x4A, 0x9E, 0xF7, 0x75, 0xAD, 0x24, 0x21,
    0x75, 0xAD, 0x3C, 0xE7, 0x08, 0x42, 0x14, 0xA5, 0xFF, 0xFF, 0x69, 0x4A, 0xCF, 0x7B, 0x9E, 0xF7,
    0xFF, 0xFF, 0xEB, 0x5A, 0x24, 0x21, 0xCF, 0x7B, 0x9E, 0xF7, 0xFF, 0xFF, 0xEB, 0x5A, 0x24, 0x21,
    0x24, 0x21, 0x24, 0x21, 0x24, 0x21, 0x24, 0x21, 0x24, 0x21, 0x24, 0x21, 0x24, 0x21, 0x24, 0x21,
    0x24, 0x21, 0x24, 0x21, 0x24, 0x21, 0x24, 0x21, 0x59, 0xCE, 0x59, 0xCE, 0x59, 0xCE, 0x59, 0xCE,
    0x59, 0xCE, 0x59, 0xCE, 0x59, 0xCE, 0x59, 0xCE, 0x59, 0xCE, 0x59, 0xCE, 0x59, 0xCE, 0x59, 0xCE,
    0x59, 0xCE, 0x59, 0xCE, 0x59, 0xCE, 0x59, 0xCE, 0x59, 0xCE, 0x59, 0xCE, 0x59, 0xCE, 0x59, 0xCE,
    0x59, 0xCE, 0x59, 0xCE, 0x59, 0xCE, 0x59, 0xCE, 0x59, 0xCE, 0x59, 0xCE, 0x59, 0xCE, 0x59, 0xCE,
    0x59, 0xCE, 0x59, 0xCE, 0x59, 0xCE, 0x59, 0xCE, 0x59, 0xCE, 0x59, 0xCE, 0x59, 0xCE, 0x59, 0xCE,
    0x59, 0xCE, 0x59, 0xCE, 0x59, 0xCE, 0x59, 0xCE, 0x59, 0xCE, 0x59, 0xCE, 0x59, 0xCE, 0x59, 0xCE,
    0x59, 0xCE, 0x59, 0xCE, 0x59, 0xCE, 0x59, 0xCE, 0x59, 0xCE, 0x59, 0xCE, 0x59, 0xCE, 0x59, 0xCE,
    0x59, 0xCE, 0x59, 0xCE, 0x59, 0xCE, 0x59, 0xCE, 0x59, 0xCE, 0x59, 0xCE, 0x59, 0xCE, 0x59, 0xCE,
    0x59, 0xCE, 0x59, 0xCE, 0x59, 0xCE, 0x59, 0xCE, 0x59, 0xCE, 0x59, 0xCE, 0x59, 0xCE, 0x59, 0xCE,
    0x59, 0xCE, 0x59, 0xCE, 0x59, 0xCE, 0x59, 0xCE, 0x59, 0xCE, 0x59, 0xCE, 0x59, 0xCE, 0x59, 0xCE,
    0x59, 0xCE, 0x59, 0xCE, 0x59, 0xCE, 0x59, 0xCE, 0x59, 0xCE, 0x59, 0xCE, 0x59, 0xCE, 0x59, 0xCE,
    0x59, 0xCE, 0x59, 0xCE, 0x59, 0xCE, 0x59, 0xCE, 0x59, 0xCE, 0x59, 0xCE, 0x59, 0xCE, 0x59, 0xCE,
    0x59, 0xCE, 0x59, 0xCE, 0x59, 0xCE, 0x59, 0xCE, 0x59, 0xCE, 0x59, 0xCE, 0x59, 0xCE, 0x59, 0xCE,
    0x59, 0xCE, 0x59, 0xCE, 0x59, 0xCE, 0x59, 0xCE, 0x59, 0xCE, 0x59, 0xCE, 0x59, 0xCE, 0x59, 0xCE,
    0x59, 0xCE, 0x59, 0xCE, 0xC7, 0x39, 0xFB, 0xDE, 0x1C, 0xE7, 0x3C, 0xE7, 0x5D, 0xEF, 0x7D, 0xEF,
    0xBA, 0xD6, 0xBA, 0xD6, 0xBA, 0xD6, 0xBA, 0xD6, 0xBA, 0xD6, 0xBA, 0xD6, 0xBA, 0xD6, 0xBA, 0xD6,
    0xBA, 0xD6, 0xBA, 0xD6, 0xBA, 0xD6, 0xBA, 0xD6, 0xBA, 0xD6, 0xBA, 0xD6, 0xBA, 0xD6, 0xBA, 0xD6,
    0xBA, 0xD6, 0xBA, 0xD6, 0xBA, 0xD6, 0xBA, 0xD6, 0xBA, 0xD6, 0xBA, 0xD6, 0xBA, 0xD6, 0xBA, 0xD6,
    0xBA, 0xD6, 0xBA, 0xD6, 0xBA, 0xD6, 0xBA, 0xD6, 0xBA, 0xD6, 0xBA, 0xD6, 0xBA, 0xD6, 0xBA, 0xD6,
    0xBA, 0xD6, 0xBA, 0xD6, 0xBA, 0xD6, 0xBA, 0xD6, 0xBA, 0xD6, 0xBA, 0xD6, 0xBA, 0xD6, 0xBA, 0xD6,
    0xBA, 0xD6, 0xBA, 0xD6, 0xBA, 0xD6, 0xBA, 0xD6, 0xBA, 0xD6, 0xBA, 0xD6, 0xBA, 0xD6, 0xBA, 0xD6,
    0xBA, 0xD6, 0xBA, 0xD6, 0xBA, 0xD6, 0xBA, 0xD6, 0xBA, 0xD6, 0xBA, 0xD6, 0xDB, 0xDE, 0xDB, 0xDE,
    0xDB, 0xDE, 0xDB, 0xDE, 0xDB, 0xDE, 0xDB, 0xDE, 0xDB, 0xDE, 0xDB, 0xDE, 0xDB, 0xDE, 0xDB, 0xDE,
    0xFB, 0xDE, 0xDB, 0xDE, 0xFB, 0xDE, 0xFB, 0xDE, 0xFB, 0xDE, 0xFB, 0xDE, 0xFB, 0xDE, 0xFB, 0xDE,
    0xFB, 0xDE, 0xFB, 0xDE, 0xFB, 0xDE, 0x1C, 0xE7, 0x1C, 0xE7, 0x1C, 0xE7, 0x1C, 0xE7, 0x1C, 0xE7,
    0x1C, 0xE7, 0x1C, 0xE7, 0x1C, 0xE7, 0x1C, 0xE7, 0x1C, 0xE7, 0x3C, 0xE7, 0x3C, 0xE7, 0x3C, 0xE7,
    0x3C, 0xE7, 0x3C, 0xE7, 0x3C, 0xE7, 0x3C, 0xE7, 0x3C, 0xE7, 0x3C, 0xE7, 0x3C, 0xE7, 0x3C, 0xE7,
    0x5D, 0xEF, 0x5D, 0xEF, 0x5D, 0xEF, 0x5D, 0xEF, 0x5D, 0xEF, 0x5D, 0xEF, 0x5D, 0xEF, 0x5D, 0xEF,
    0x5D, 0xEF, 0x5D, 0xEF, 0x7D, 0xEF, 0x7D, 0xEF, 0x7D, 0xEF, 0x7D, 0xEF, 0x7D, 0xEF, 0x7D, 0xEF,
    0x7D, 0xEF, 0x7D, 0xEF, 0x7D, 0xEF, 0x7D, 0xEF, 0x7D, 0xEF, 0x9E, 0xF7, 0x9E, 0xF7, 0x9E, 0xF7,
    0x9E, 0xF7, 0x9E, 0xF7, 0x9E, 0xF7, 0x9E, 0xF7, 0x9E, 0xF7, 0x9E, 0xF7, 0x9E, 0xF7, 0x9E, 0xF7,
    0x9E, 0xF7, 0xBE, 0xF7, 0xBE, 0xF7, 0xBE, 0xF7, 0xBE, 0xF7, 0xBE, 0xF7, 0x1E, 0xBE, 0x1F, 0x2A,
    0xBE, 0xF7, 0xBE, 0xF7, 0x5F, 0x9D, 0xBF, 0x63, 0xBE, 0xF7, 0xBE, 0xF7, 0x1F, 0x74, 0x7F, 0x84,
    0xBE, 0xF7, 0xDF, 0xFF, 0xBE, 0xF7, 0xDF, 0xFF, 0xDF, 0xFF, 0xDF, 0xFF, 0xDF, 0xFF, 0xDF, 0xFF,
    0xDF, 0xFF, 0xDF, 0xFF, 0xDF, 0xFF, 0x24, 0x21, 0x24, 0x21, 0x24, 0x21, 0x24, 0x21, 0x24, 0x21,
    0x24, 0x21, 0x24, 0x21, 0x24, 0x21, 0x24, 0x21, 0x24, 0x21, 0x24, 0x21, 0x24, 0x21, 0x24, 0x21,
    0x24, 0x21, 0xEB, 0x5A, 0xFF, 0xFF, 0xEB, 0x5A, 0x08, 0x42, 0x9E, 0xF7, 0x14, 0xA5, 0x24, 0x21,
    0x75, 0xAD, 0x3C, 0xE7, 0x24, 0x21, 0xCF, 0x7B, 0xFF, 0xFF, 0xEB, 0x5A, 0xCF, 0x7B, 0x9E, 0xF7,
    0x59, 0xCE, 0x92, 0x94, 0x24, 0x21, 0xF7, 0xBD, 0xF7, 0xBD, 0xFF, 0xFF, 0xEB, 0x5A, 0x24, 0x21,
    0x24, 0x21, 0x24, 0x21, 0x24, 0x21, 0x24, 0x21, 0x24, 0x21, 0x24, 0x21, 0x24, 0x21, 0x24, 0x21,
    0x24, 0x21, 0x24, 0x21, 0x24, 0x21, 0x24, 0x21, 0x59, 0xCE, 0x59, 0xCE, 0x59, 0xCE, 0x59, 0xCE,
    0x59, 0xCE, 0x59, 0xCE, 0x59, 0xCE, 0x59, 0xCE, 0x59, 0xCE, 0x59, 0xCE, 0x59, 0xCE, 0x59, 0xCE,
    0x59, 0xCE, 0x59, 0xCE, 0x59, 0xCE, 0x59, 0xCE, 0x59, 0xCE, 0x59, 0xCE, 0x59, 0xCE, 0x59, 0xCE,
    0x59, 0xCE, 0x59, 0xCE, 0x59, 0xCE, 0x59, 0xCE, 0x59, 0xCE, 0x59, 0xCE, 0x59, 0xCE, 0x59, 0xCE,
    0x59, 0xCE, 0x59, 0xCE, 0x59, 0xCE, 0x59, 0xCE, 0x59, 0xCE, 0x59, 0xCE, 0x59, 0xCE, 0x59, 0xCE,
    0x59, 0xCE, 0x59, 0xCE, 0x59, 0xCE, 0x59, 0xCE, 0x59, 0xCE, 0x59, 0xCE, 0x59, 0xCE, 0x59, 0xCE,
    0x59, 0xCE, 0x59, 0xCE, 0x59, 0xCE, 0x59, 0xCE, 0x59, 0xCE, 0x59, 0xCE, 0x59, 0xCE, 0x59, 0xCE,
    0x59, 0xCE, 0x59, 0xCE, 0x59, 0xCE, 0x59, 0xCE, 0x59, 0xCE, 0x59, 0xCE, 0x59, 0xCE, 0x59, 0xCE,
    0x59, 0xCE, 0x59, 0xCE, 0x59, 0xCE, 0x59, 0xCE, 0x59, 0xCE, 0x59, 0xCE, 0x59, 0xCE, 0x59, 0xCE,
    0x59, 0xCE, 0x59, 0xCE, 0x59, 0xCE, 0x59, 0xCE, 0x59, 0xCE, 0x59, 0xCE, 0x59, 0xCE, 0x59, 0xCE,
    0x59, 0xCE, 0x59, 0xCE, 0x59, 0xCE, 0x59, 0xCE, 0x59, 0xCE, 0x59, 0xCE, 0x59, 0xCE, 0x59, 0xCE,
    0x59, 0xCE, 0x59, 0xCE, 0x59, 0xCE, 0x59, 0xCE, 0x59, 0xCE, 0x59, 0xCE, 0x59, 0xCE, 0x59, 0xCE,
    0x59, 0xCE, 0x59, 0xCE, 0x59, 0xCE, 0x59, 0xCE, 0x59, 0xCE, 0x59, 0xCE, 0x59, 0xCE, 0x59, 0xCE,
    0x59, 0xCE, 0x59, 0xCE, 0x59, 0xCE, 0x59, 0xCE, 0x59, 0xCE, 0x59, 0xCE, 0x59, 0xCE, 0x59, 0xCE,
    0x59, 0xCE, 0x59, 0xCE, 0xC7, 0x39, 0x1C, 0xDF, 0x1C, 0xE7, 0x3C, 0xE7, 0x5D, 0xEF, 0x7D, 0xEF,
    0xBA, 0xD6, 0xBA, 0xD6, 0xBA, 0xD6, 0xBA, 0xD6, 0xBA, 0xD6, 0xBA, 0xD6, 0xBA, 0xD6, 0xBA, 0xD6,
    0xBA, 0xD6, 0xBA, 0xD6, 0xBA, 0xD6, 0xBA, 0xD6, 0xBA, 0xD6, 0xBA, 0xD6, 0xBA, 0xD6, 0xBA, 0xD6,
    0xBA, 0xD6, 0xBA, 0xD6, 0xBA, 0xD6, 0xBA, 0xD6, 0xBA, 0xD6, 0xBA, 0xD6, 0xBA, 0xD6, 0xBA, 0xD6,
    0xBA, 0xD6, 0xBA, 0xD6, 0xBA, 0xD6, 0xBA, 0xD6, 0xBA, 0xD6, 0xBA, 0xD6, 0xBA, 0xD6, 0xBA, 0xD6,
    0xBA, 0xD6, 0xBA, 0xD6, 0xBA, 0xD6, 0xBA, 0xD6, 0xBA, 0xD6, 0xBA, 0xD6, 0xBA, 0xD6, 0xBA, 0xD6,
    0xBA, 0xD6, 0xBA, 0xD6, 0xBA, 0xD6, 0xBA, 0xD6, 0xBA, 0xD6, 0xBA, 0xD6, 0xBA, 0xD6, 0xBA, 0xD6,
    0xBA, 0xD6, 0xBA, 0xD6, 0xBA, 0xD6, 0xBA, 0xD6, 0xBA, 0xD6, 0xBA, 0xD6, 0xBA, 0xD6, 0xBA, 0xD6,
    0xDB, 0xDE, 0xDB, 0xDE, 0xDB, 0xDE, 0xDB, 0xDE, 0xDB, 0xDE, 0xDB, 0xDE, 0xDB, 0xDE, 0xDB, 0xDE,
    0xDB, 0xDE, 0xDB, 0xDE, 0xFB, 0xDE, 0xFB, 0xDE, 0xFB, 0xDE, 0xFB, 0xDE, 0xFB, 0xDE, 0xFB, 0xDE,
    0xFB, 0xDE, 0xFB, 0xDE, 0xFB, 0xDE, 0xFB, 0xDE, 0x1C, 0xE7, 0x1C, 0xE7, 0x1C, 0xE7, 0x1C, 0xE7,
    0x1C, 0xE7, 0x1C, 0xE7, 0x1C, 0xE7, 0x1C, 0xE7, 0x1C, 0xE7, 0x1C, 0xE7, 0x1C, 0xE7, 0x3C, 0xE7,
    0x3C, 0xE7, 0x3C, 0xE7, 0x3C, 0xE7, 0x3C, 0xE7, 0x3C, 0xE7, 0x3C, 0xE7, 0x3C, 0xE7, 0x3C, 0xE7,
    0x3C, 0xE7, 0x5D, 0xEF, 0x5D, 0xEF, 0x5D, 0xEF, 0x5D, 0xEF, 0x5D, 0xEF, 0x5D, 0xEF, 0x5D, 0xEF,
    0x5D, 0xEF, 0x5D, 0xEF, 0x5D, 0xEF, 0x5D, 0xEF, 0x7D, 0xEF, 0x7D, 0xEF, 0x7D, 0xEF, 0x7D, 0xEF,
    0x7D, 0xEF, 0x7D, 0xEF, 0x7D, 0xEF, 0x7D, 0xEF, 0x7D, 0xEF, 0x7D, 0xEF, 0x7D, 0xEF, 0x9E, 0xF7,
    0x9E, 0xF7, 0x9E, 0xF7, 0x9E, 0xF7, 0x9E, 0xF7, 0x9E, 0xF7, 0x9E, 0xF7, 0x9E, 0xF7, 0xBE, 0xF7,
    0x9E, 0xF7, 0xBE, 0xF7, 0xBE, 0xF7, 0xBE, 0xF7, 0xBE, 0xF7, 0xBE, 0xF7, 0x5F, 0x9D, 0x5F, 0x53,
    0xBE, 0xF7, 0xBE, 0xF7, 0x5F, 0x9D, 0xFF, 0x4A, 0xBE, 0xF7, 0xBE, 0xF7, 0x5F, 0xA5, 0xBF, 0x63,
    0xBE, 0xF7, 0xBE, 0xF7, 0xBE, 0xF7, 0xDF, 0xFF, 0xDF, 0xFF, 0xDF, 0xFF, 0xDF, 0xFF, 0xDF, 0xFF,
    0xDF, 0xFF, 0xDF, 0xFF, 0xDF, 0xFF, 0x24, 0x21, 0x24, 0x21, 0x24, 0x21, 0x24, 0x21, 0x24, 0x21,
    0x24, 0x21, 0x24, 0x21, 0x24, 0x21, 0x24, 0x21, 0x24, 0x21, 0x24, 0x21, 0x24, 0x21, 0x24, 0x21,
    0x24, 0x21, 0xEB, 0x5A, 0xFF, 0xFF, 0xFF, 0xFF, 0xFF, 0xFF, 0xBA, 0xD6, 0x08, 0x42, 0x24, 0x21,
    0x75, 0xAD, 0x9E, 0xF7, 0xBA, 0xD6, 0x9E, 0xF7, 0x3C, 0xE7, 0x24, 0x21, 0xCF, 0x7B, 0xFF, 0xFF,
    0x30, 0x84, 0x59, 0xCE, 0x24, 0x21, 0xFF, 0xFF, 0x4D, 0x6B, 0xFF, 0xFF, 0xEB, 0x5A, 0x24, 0x21,
    0x24, 0x21, 0x24, 0x21, 0x24, 0x21, 0x24, 0x21, 0x24, 0x21, 0x24, 0x21, 0x24, 0x21, 0x24, 0x21,
    0x24, 0x21, 0x24, 0x21, 0x24, 0x21, 0x24, 0x21, 0x59, 0xCE, 0x59, 0xCE, 0x59, 0xCE, 0x59, 0xCE,
    0x59, 0xCE, 0x59, 0xCE, 0x59, 0xCE, 0xF3, 0x9C, 0xA6, 0x31, 0x04, 0x21, 0x04, 0x21, 0x04, 0x21,
    0x04, 0x21, 0x04, 0x21, 0x04, 0x21, 0x04, 0x21, 0x04, 0x21, 0x04, 0x21, 0x04, 0x21, 0x04, 0x21,
    0x04, 0x21, 0x04, 0x21, 0x04, 0x21, 0x08, 0x42, 0xB2, 0x94, 0x59, 0xCE, 0x59, 0xCE, 0x59, 0xCE,
    0x59, 0xCE, 0x59, 0xCE, 0x59, 0xCE, 0x59, 0xCE, 0x59, 0xCE, 0x59, 0xCE, 0x59, 0xCE, 0x59, 0xCE,
    0x59, 0xCE, 0x59, 0xCE, 0x59, 0xCE, 0x59, 0xCE, 0x59, 0xCE, 0x59, 0xCE, 0x59, 0xCE, 0x59, 0xCE,
    0x59, 0xCE, 0x59, 0xCE, 0x59, 0xCE, 0x59, 0xCE, 0x59, 0xCE, 0x59, 0xCE, 0x59, 0xCE, 0x59, 0xCE,
    0x59, 0xCE, 0x59, 0xCE, 0x59, 0xCE, 0x59, 0xCE, 0x59, 0xCE, 0x59, 0xCE, 0x59, 0xCE, 0x59, 0xCE,
    0x59, 0xCE, 0x59, 0xCE, 0x59, 0xCE, 0x59, 0xCE, 0x59, 0xCE, 0x59, 0xCE, 0x59, 0xCE, 0x59, 0xCE,
    0x59, 0xCE, 0x59, 0xCE, 0x59, 0xCE, 0x59, 0xCE, 0x59, 0xCE, 0x59, 0xCE, 0x59, 0xCE, 0x59, 0xCE,
    0x59, 0xCE, 0x59, 0xCE, 0x59, 0xCE, 0x59, 0xCE, 0x59, 0xCE, 0x59, 0xCE, 0x59, 0xCE, 0x59, 0xCE,
    0x59, 0xCE, 0x59, 0xCE, 0x59, 0xCE, 0x59, 0xCE, 0x59, 0xCE, 0x59, 0xCE, 0x59, 0xCE, 0x59, 0xCE,
    0x59, 0xCE, 0x59, 0xCE, 0x59, 0xCE, 0x59, 0xCE, 0x59, 0xCE, 0x59, 0xCE, 0x59, 0xCE, 0x59, 0xCE,
    0x59, 0xCE, 0x59, 0xCE, 0x59, 0xCE, 0x59, 0xCE, 0x59, 0xCE, 0x59, 0xCE, 0x59, 0xCE, 0x59, 0xCE,
    0x59, 0xCE, 0x59, 0xCE, 0xC7, 0x39, 0x1C, 0xDF, 0x1C, 0xE7, 0x3C, 0xE7, 0x5D, 0xEF, 0x7D, 0xEF,
    0xBA, 0xD6, 0xBA, 0xD6, 0xBA, 0xD6, 0xBA, 0xD6, 0xBA, 0xD6, 0xBA, 0xD6, 0xBA, 0xD6, 0xBA, 0xD6,
    0xBA, 0xD6, 0xBA, 0xD6, 0xBA, 0xD6, 0xBA, 0xD6, 0xBA, 0xD6, 0xBA, 0xD6, 0xBA, 0xD6, 0xBA, 0xD6,
    0xBA, 0xD6, 0xBA, 0xD6, 0xBA, 0xD6, 0xBA, 0xD6, 0xBA, 0xD6, 0xBA, 0xD6, 0xBA, 0xD6, 0xBA, 0xD6,
    0xBA, 0xD6, 0xBA, 0xD6, 0xBA, 0xD6, 0xBA, 0xD6, 0xBA, 0xD6, 0xBA, 0xD6, 0xBA, 0xD6, 0xBA, 0xD6,
    0xBA, 0xD6, 0xBA, 0xD6, 0xBA, 0xD6, 0xBA, 0xD6, 0xBA, 0xD6, 0xBA, 0xD6, 0xBA, 0xD6, 0xBA, 0xD6,
    0xBA, 0xD6, 0xBA, 0xD6, 0xBA, 0xD6, 0xBA, 0xD6, 0xBA, 0xD6, 0xBA, 0xD6, 0xBA, 0xD6, 0xBA, 0xD6,
    0xBA, 0xD6, 0xBA, 0xD6, 0xBA, 0xD6, 0xBA, 0xD6, 0xBA, 0xD6, 0xBA, 0xD6, 0xDB, 0xDE, 0xDB, 0xDE,
    0xDB, 0xDE, 0xDB, 0xDE, 0xDB, 0xDE, 0xDB, 0xDE, 0xDB, 0xDE, 0xDB, 0xDE, 0xDB, 0xDE, 0xDB, 0xDE,
    0xDB, 0xDE, 0xDB, 0xDE, 0xFB, 0xDE, 0xFB, 0xDE, 0xFB, 0xDE, 0xFB, 0xDE, 0xFB, 0xDE, 0xFB, 0xDE,
    0xFB, 0xDE, 0xFB, 0xDE, 0xFB, 0xDE, 0x1C, 0xE7, 0x1C, 0xE7, 0x1C, 0xE7, 0x1C, 0xE7, 0x1C, 0xE7,
    0x1C, 0xE7, 0x1C, 0xE7, 0x1C, 0xE7, 0x1C, 0xE7, 0x1C, 0xE7, 0x1C, 0xE7, 0x1C, 0xE7, 0x3C, 0xE7,
    0x3C, 0xE7, 0x3C, 0xE7, 0x3C, 0xE7, 0x3C, 0xE7, 0x3C, 0xE7, 0x3C, 0xE7, 0x3C, 0xE7, 0x3C, 0xE7,
    0x3C, 0xE7, 0x3C, 0xE7, 0x5D, 0xEF, 0x5D, 0xEF, 0x5D, 0xEF, 0x5D, 0xEF, 0x5D, 0xEF, 0x5D, 0xEF,
    0x5D, 0xEF, 0x5D, 0xEF, 0x5D, 0xEF, 0x5D, 0xEF, 0x7D, 0xEF, 0x7D, 0xEF, 0x7D, 0xEF, 0x7D, 0xEF,
    0x7D, 0xEF, 0x7D, 0xEF, 0x7D, 0xEF, 0x7D, 0xEF, 0x7D, 0xEF, 0x7D, 0xEF, 0x7D, 0xEF, 0x9E, 0xF7,
    0x9E, 0xF7, 0x9E, 0xF7, 0x9E, 0xF7, 0x9E, 0xF7, 0x9E, 0xF7, 0x9E, 0xF7, 0x9E, 0xF7, 0x9E, 0xF7,
    0x9E, 0xF7, 0x9E, 0xF7, 0xBE, 0xF7, 0xBE, 0xF7, 0xBE, 0xF7, 0xBE, 0xF7, 0x1E, 0xBE, 0xDF, 0x4A,
    0xBE, 0xF7, 0xBE, 0xF7, 0xBE, 0xF7, 0xBF, 0x63, 0xBF, 0x63, 0xBE, 0xF7, 0xFF, 0x94, 0x1F, 0x74,
    0xBE, 0xF7, 0xBE, 0xF7, 0xBE, 0xF7, 0xBE, 0xF7, 0xBE, 0xF7, 0xDF, 0xFF, 0xDF, 0xFF, 0xDF, 0xFF,
    0xDF, 0xFF, 0xDF, 0xFF, 0xDF, 0xFF, 0x24, 0x21, 0x24, 0x21, 0x24, 0x21, 0x24, 0x21, 0x24, 0x21,
    0x24, 0x21, 0x24, 0x21, 0x24, 0x21, 0x24, 0x21, 0x24, 0x21, 0x24, 0x21, 0x24, 0x21, 0x24, 0x21,
    0x24, 0x21, 0xEB, 0x5A, 0xFF, 0xFF, 0x30, 0x84, 0x59, 0xCE, 0x59, 0xCE, 0x24, 0x21, 0x24, 0x21,
    0x75, 0xAD, 0x9E, 0xF7, 0x92, 0x94, 0xAE, 0x73, 0xA6, 0x31, 0x24, 0x21, 0xCF, 0x7B, 0xFF, 0xFF,
    0x08, 0x42, 0xFF, 0xFF, 0xCF, 0x7B, 0x3C, 0xE7, 0x08, 0x42, 0xFF, 0xFF, 0xEB, 0x5A, 0x24, 0x21,
    0x24, 0x21, 0x24, 0x21, 0x24, 0x21, 0x24, 0x21, 0x24, 0x21, 0x24, 0x21, 0x24, 0x21, 0x24, 0x21,
    0x24, 0x21, 0x24, 0x21, 0x24, 0x21, 0x24, 0x21, 0x59, 0xCE, 0x59, 0xCE, 0x59, 0xCE, 0x59, 0xCE,
    0x59, 0xCE, 0x59, 0xCE, 0x59, 0xCE, 0xA6, 0x31, 0x04, 0x21, 0x04, 0x21, 0x04, 0x21, 0x04, 0x21,
    0x04, 0x21, 0x04, 0x21, 0x04, 0x21, 0x04, 0x21, 0x04, 0x21, 0x04, 0x21, 0x04, 0x21, 0x04, 0x21,
    0x04, 0x21, 0x04, 0x21, 0x04, 0x21, 0x04, 0x21, 0x45, 0x29, 0x59, 0xCE, 0x59, 0xCE, 0x59, 0xCE,
    0x59, 0xCE, 0x59, 0xCE, 0x59, 0xCE, 0x59, 0xCE, 0x59, 0xCE, 0x59, 0xCE, 0x59, 0xCE, 0x59, 0xCE,
    0x59, 0xCE, 0x59, 0xCE, 0x59, 0xCE, 0x59, 0xCE, 0x59, 0xCE, 0x59, 0xCE, 0x59, 0xCE, 0x59, 0xCE,
    0x59, 0xCE, 0x59, 0xCE, 0x59, 0xCE, 0x59, 0xCE, 0x59, 0xCE, 0x59, 0xCE, 0x59, 0xCE, 0x59, 0xCE,
    0x59, 0xCE, 0x59, 0xCE, 0x59, 0xCE, 0x59, 0xCE, 0x59, 0xCE, 0x59, 0xCE, 0x59, 0xCE, 0x59, 0xCE,
    0x59, 0xCE, 0x59, 0xCE, 0x59, 0xCE, 0x59, 0xCE, 0x59, 0xCE, 0x59, 0xCE, 0x59, 0xCE, 0x59, 0xCE,
    0x59, 0xCE, 0x59, 0xCE, 0x59, 0xCE, 0x59, 0xCE, 0x59, 0xCE, 0x59, 0xCE, 0x59, 0xCE, 0x59, 0xCE,
    0x59, 0xCE, 0x59, 0xCE, 0x59, 0xCE, 0x59, 0xCE, 0x59, 0xCE, 0x59, 0xCE, 0x59, 0xCE, 0x59, 0xCE,
    0x59, 0xCE, 0x59, 0xCE, 0x59, 0xCE, 0x59, 0xCE, 0x59, 0xCE, 0x59, 0xCE, 0x59, 0xCE, 0x59, 0xCE,
    0x59, 0xCE, 0x59, 0xCE, 0x59, 0xCE, 0x59, 0xCE, 0x59, 0xCE, 0x59, 0xCE, 0x59, 0xCE, 0x59, 0xCE,
    0x59, 0xCE, 0x59, 0xCE, 0x59, 0xCE, 0x59, 0xCE, 0x59, 0xCE, 0x59, 0xCE, 0x59, 0xCE, 0x59, 0xCE,
    0x59, 0xCE, 0x59, 0xCE, 0xC7, 0x39, 0x1C, 0xDF, 0x1C, 0xE7, 0x3C, 0xE7, 0x5D, 0xEF, 0x7D, 0xEF,
    0xF7, 0xBD, 0xBA, 0xD6, 0xBA, 0xD6, 0xBA, 0xD6, 0xBA, 0xD6, 0xBA, 0xD6, 0xBA, 0xD6, 0xBA, 0xD6,
    0xBA, 0xD6, 0xBA, 0xD6, 0xBA, 0xD6, 0xBA, 0xD6, 0xBA, 0xD6, 0xBA, 0xD6, 0xBA, 0xD6, 0xBA, 0xD6,
    0xBA, 0xD6, 0xBA, 0xD6, 0xBA, 0xD6, 0xBA, 0xD6, 0xBA, 0xD6, 0xBA, 0xD6, 0xBA, 0xD6, 0xBA, 0xD6,
    0xBA, 0xD6, 0xBA, 0xD6, 0xBA, 0xD6, 0xBA, 0xD6, 0xBA, 0xD6, 0xBA, 0xD6, 0xBA, 0xD6, 0xBA, 0xD6,
    0xBA, 0xD6, 0xBA, 0xD6, 0xBA, 0xD6, 0xBA, 0xD6, 0xBA, 0xD6, 0xBA, 0xD6, 0xBA, 0xD6, 0xBA, 0xD6,
    0xBA, 0xD6, 0xBA, 0xD6, 0xBA, 0xD6, 0xBA, 0xD6, 0xBA, 0xD6, 0xBA, 0xD6, 0xBA, 0xD6, 0xBA, 0xD6,
    0xBA, 0xD6, 0xBA, 0xD6, 0xBA, 0xD6, 0xBA, 0xD6, 0xBA, 0xD6, 0xBA, 0xD6, 0xBA, 0xD6, 0xBA, 0xD6,
    0xDB, 0xDE, 0xDB, 0xDE, 0xDB, 0xDE, 0xDB, 0xDE, 0xDB, 0xDE, 0xDB, 0xDE, 0xDB, 0xDE, 0xDB, 0xDE,
    0xDB, 0xDE, 0xDB, 0xDE, 0xDB, 0xDE, 0xDB, 0xDE, 0xFB, 0xDE, 0xFB, 0xDE, 0xFB, 0xDE, 0xFB, 0xDE,
    0xFB, 0xDE, 0xFB, 0xDE, 0xFB, 0xDE, 0xFB, 0xDE, 0x1C, 0xE7, 0x1C, 0xE7, 0x1C, 0xE7, 0x1C, 0xE7,
    0x1C, 0xE7, 0x1C, 0xE7, 0x1C, 0xE7, 0x1C, 0xE7, 0x1C, 0xE7, 0x1C, 0xE7, 0x1C, 0xE7, 0x1C, 0xE7,
    0x3C, 0xE7, 0x3C, 0xE7, 0x3C, 0xE7, 0x3C, 0xE7, 0x3C, 0xE7, 0x3C, 0xE7, 0x3C, 0xE7, 0x3C, 0xE7,
    0x3C, 0xE7, 0x3C, 0xE7, 0x5D, 0xEF, 0x5D, 0xEF, 0x5D, 0xEF, 0x5D, 0xEF, 0x5D, 0xEF, 0x5D, 0xEF,
    0x5D, 0xEF, 0x5D, 0xEF, 0x5D, 0xEF, 0x5D, 0xEF, 0x5D, 0xEF, 0x7D, 0xEF, 0x7D, 0xEF, 0x7D, 0xEF,
    0x7D, 0xEF, 0x7D, 0xEF, 0x7D, 0xEF, 0x7D, 0xEF, 0x7D, 0xEF, 0x7D, 0xEF, 0x7D, 0xEF, 0x7D, 0xEF,
    0x9E, 0xF7, 0x9E, 0xF7, 0x9E, 0xF7, 0x9E, 0xF7, 0x9E, 0xF7, 0x9E, 0xF7, 0x9E, 0xF7, 0x9E, 0xF7,
    0xBE, 0xF7, 0x9E, 0xF7, 0xBE, 0xF7, 0xBE, 0xF7, 0xBE, 0xF7, 0xBE, 0xF7, 0x3E, 0xE7, 0xBF, 0x19,
    0x1F, 0xBE, 0xBE, 0xF7, 0xBE, 0xF7, 0xBE, 0xF7, 0x5E, 0xEF, 0x5E, 0xEF, 0x1F, 0x2A, 0x1F, 0xBE,
    0xBE, 0xF7, 0xBE, 0xF7, 0xBE, 0xF7, 0xBE, 0xF7, 0xDF, 0xFF, 0xBE, 0xF7, 0xDF, 0xFF, 0xDF, 0xFF,
    0xDF, 0xFF, 0xDF, 0xFF, 0xDF, 0xFF, 0x24, 0x21, 0x24, 0x21, 0x24, 0x21, 0x24, 0x21, 0x24, 0x21,
    0x24, 0x21, 0x24, 0x21, 0x24, 0x21, 0x24, 0x21, 0x24, 0x21, 0x24, 0x21, 0x24, 0x21, 0x24, 0x21,
    0x24, 0x21, 0xEB, 0x5A, 0xFF, 0xFF, 0xEB, 0x5A, 0x69, 0x4A, 0xFF, 0xFF, 0x30, 0x84, 0x24, 0x21,
    0x75, 0xAD, 0x3C, 0xE7, 0x24, 0x21, 0x24, 0x21, 0x24, 0x21, 0x24, 0x21, 0xCF, 0x7B, 0xFF, 0xFF,
    0x24, 0x21, 0x59, 0xCE, 0x9E, 0xF7, 0x14, 0xA5, 0x08, 0x42, 0xFF, 0xFF, 0xEB, 0x5A, 0x24, 0x21,
    0x24, 0x21, 0x24, 0x21, 0x24, 0x21, 0x24, 0x21, 0x24, 0x21, 0x24, 0x21, 0x24, 0x21, 0x24, 0x21,
    0x24, 0x21, 0x24, 0x21, 0x24, 0x21, 0x24, 0x21, 0x59, 0xCE, 0x59, 0xCE, 0x59, 0xCE, 0x59, 0xCE,
    0x59, 0xCE, 0x59, 0xCE, 0x59, 0xCE, 0x04, 0x21, 0x04, 0x21, 0x04, 0x21, 0x04, 0x21, 0x04, 0x21,
    0x04, 0x21, 0x04, 0x21, 0x04, 0x21, 0x04, 0x21, 0x04, 0x21, 0x04, 0x21, 0x04, 0x21, 0x04, 0x21,
    0x04, 0x21, 0x04, 0x21, 0x04, 0x21, 0x04, 0x21, 0x04, 0x21, 0x59, 0xCE, 0x59, 0xCE, 0x59, 0xCE,
    0x59, 0xCE, 0x59, 0xCE, 0x59, 0xCE, 0x59, 0xCE, 0x59, 0xCE, 0x59, 0xCE, 0x59, 0xCE, 0x59, 0xCE,
    0x59, 0xCE, 0x59, 0xCE, 0x59, 0xCE, 0x59, 0xCE, 0x59, 0xCE, 0x59, 0xCE, 0x59, 0xCE, 0x59, 0xCE,
    0x59, 0xCE, 0x59, 0xCE, 0x59, 0xCE, 0x59, 0xCE, 0x59, 0xCE, 0x59, 0xCE, 0x59, 0xCE, 0x59, 0xCE,
    0x59, 0xCE, 0x59, 0xCE, 0x59, 0xCE, 0x59, 0xCE, 0x59, 0xCE, 0x59, 0xCE, 0x59, 0xCE, 0x59, 0xCE,
    0x59, 0xCE, 0x59, 0xCE, 0x59, 0xCE, 0x59, 0xCE, 0x59, 0xCE, 0x59, 0xCE, 0x59, 0xCE, 0x59, 0xCE,
    0x59, 0xCE, 0x59, 0xCE, 0x59, 0xCE, 0x59, 0xCE, 0x59, 0xCE, 0x59, 0xCE, 0x59, 0xCE, 0x59, 0xCE,
    0x59, 0xCE, 0x59, 0xCE, 0x59, 0xCE, 0x59, 0xCE, 0x59, 0xCE, 0x59, 0xCE, 0x59, 0xCE, 0x59, 0xCE,
    0x59, 0xCE, 0x59, 0xCE, 0x59, 0xCE, 0x59, 0xCE, 0x59, 0xCE, 0x59, 0xCE, 0x59, 0xCE, 0x59, 0xCE,
    0x59, 0xCE, 0x59, 0xCE, 0x59, 0xCE, 0x59, 0xCE, 0x59, 0xCE, 0x59, 0xCE, 0x59, 0xCE, 0x59, 0xCE,
    0x59, 0xCE, 0x59, 0xCE, 0x59, 0xCE, 0x59, 0xCE, 0x59, 0xCE, 0x59, 0xCE, 0x59, 0xCE, 0x59, 0xCE,
    0x59, 0xCE, 0x59, 0xCE, 0xC7, 0x39, 0xFB, 0xDE, 0x1C, 0xE7, 0x3C, 0xE7, 0x5D, 0xEF, 0x7D, 0xEF,
    0xE7, 0x39, 0xF7, 0xBD, 0xBA, 0xD6, 0xBA, 0xD6, 0xBA, 0xD6, 0xBA, 0xD6, 0xBA, 0xD6, 0xBA, 0xD6,
    0xBA, 0xD6, 0xBA, 0xD6, 0xBA, 0xD6, 0xBA, 0xD6, 0xBA, 0xD6, 0xBA, 0xD6, 0xBA, 0xD6, 0xBA, 0xD6,
    0xBA, 0xD6, 0xBA, 0xD6, 0xBA, 0xD6, 0xBA, 0xD6, 0xBA, 0xD6, 0xBA, 0xD6, 0xBA, 0xD6, 0xBA, 0xD6,
    0xBA, 0xD6, 0xBA, 0xD6, 0xBA, 0xD6, 0xBA, 0xD6, 0xBA, 0xD6, 0xBA, 0xD6, 0xBA, 0xD6, 0xBA, 0xD6,
    0xBA, 0xD6, 0xBA, 0xD6, 0xBA, 0xD6, 0xBA, 0xD6, 0xBA, 0xD6, 0xBA, 0xD6, 0xBA, 0xD6, 0xBA, 0xD6,
    0xBA, 0xD6, 0xBA, 0xD6, 0xBA, 0xD6, 0xBA, 0xD6, 0xBA, 0xD6, 0xBA, 0xD6, 0xBA, 0xD6, 0xBA, 0xD6,
    0xBA, 0xD6, 0xBA, 0xD6, 0xBA, 0xD6, 0xBA, 0xD6, 0xBA, 0xD6, 0xBA, 0xD6, 0xBA, 0xD6, 0xBA, 0xD6,
    0xBA, 0xD6, 0xBA, 0xD6, 0xDB, 0xDE, 0xDB, 0xDE, 0xDB, 0xDE, 0xDB, 0xDE, 0xDB, 0xDE, 0xDB, 0xDE,
    0xDB, 0xDE, 0xDB, 0xDE, 0xDB, 0xDE, 0xDB, 0xDE, 0xFB, 0xDE, 0xFB, 0xDE, 0xFB, 0xDE, 0xFB, 0xDE,
    0xFB, 0xDE, 0xFB, 0xDE, 0xFB, 0xDE, 0xFB, 0xDE, 0xFB, 0xDE, 0xFB, 0xDE, 0x1C, 0xE7, 0x1C, 0xE7,
    0x1C, 0xE7, 0x1C, 0xE7, 0x1C, 0xE7, 0x1C, 0xE7, 0x1C, 0xE7, 0x1C, 0xE7, 0x1C, 0xE7, 0x1C, 0xE7,
    0x3C, 0xE7, 0x3C, 0xE7, 0x3C, 0xE7, 0x3C, 0xE7, 0x3C, 0xE7, 0x3C, 0xE7, 0x3C, 0xE7, 0x3C, 0xE7,
    0x3C, 0xE7, 0x3C, 0xE7, 0x5D, 0xEF, 0x5D, 0xEF, 0x5D, 0xEF, 0x5D, 0xEF, 0x5D, 0xEF, 0x5D, 0xEF,
    0x5D, 0xEF, 0x5D, 0xEF, 0x5D, 0xEF, 0x5D, 0xEF, 0x5D, 0xEF, 0x7D, 0xEF, 0x7D, 0xEF, 0x7D, 0xEF,
    0x7D, 0xEF, 0x7D, 0xEF, 0x7D, 0xEF, 0x7D, 0xEF, 0x7D, 0xEF, 0x7D, 0xEF, 0x7D, 0xEF, 0x7D, 0xEF,
    0x7D, 0xEF, 0x9E, 0xF7, 0x9E, 0xF7, 0x9E, 0xF7, 0x9E, 0xF7, 0x9E, 0xF7, 0x9E, 0xF7, 0x9E, 0xF7,
    0x9E, 0xF7, 0x9E, 0xF7, 0x9E, 0xF7, 0xBE, 0xF7, 0xBE, 0xF7, 0xBE, 0xF7, 0xBE, 0xF7, 0x1F, 0x74,
    0x1F, 0x2A, 0xBF, 0xAD, 0xBE, 0xF7, 0xBE, 0xF7, 0x7E, 0xCE, 0x7F, 0x3A, 0x1F, 0x2A, 0xFF, 0xDE,
    0xBE, 0xF7, 0xBE, 0xF7, 0xBE, 0xF7, 0xBE, 0xF7, 0xBE, 0xF7, 0xBE, 0xF7, 0xDF, 0xFF, 0xDF, 0xFF,
    0xDF, 0xFF, 0xDF, 0xFF, 0xDF, 0xFF, 0x24, 0x21, 0x46, 0x31, 0x24, 0x21, 0x24, 0x21, 0x24, 0x21,
    0x24, 0x21, 0x24, 0x21, 0x24, 0x21, 0x24, 0x21, 0x24, 0x21, 0x24, 0x21, 0x24, 0x21, 0x24, 0x21,
    0x24, 0x21, 0xEB, 0x5A, 0xFF, 0xFF, 0xEB, 0x5A, 0x24, 0x21, 0x14, 0xA5, 0x9E, 0xF7, 0x08, 0x42,
    0x75, 0xAD, 0x3C, 0xE7, 0x24, 0x21, 0x24, 0x21, 0x24, 0x21, 0x24, 0x21, 0xCF, 0x7B, 0xFF, 0xFF,
    0x24, 0x21, 0x92, 0x94, 0xFF, 0xFF, 0x69, 0x4A, 0x08, 0x42, 0xFF, 0xFF, 0xEB, 0x5A, 0x24, 0x21,
    0x24, 0x21, 0x24, 0x21, 0x24, 0x21, 0x24, 0x21, 0x24, 0x21, 0x24, 0x21, 0x24, 0x21, 0x24, 0x21,
    0x24, 0x21, 0x24, 0x21, 0x24, 0x21, 0x24, 0x21, 0x59, 0xCE, 0x59, 0xCE, 0x59, 0xCE, 0x59, 0xCE,
    0x59, 0xCE, 0x59, 0xCE, 0x59, 0xCE, 0x04, 0x21, 0x04, 0x21, 0x04, 0x21, 0x04, 0x21, 0x04, 0x21,
    0x04, 0x21, 0x04, 0x21, 0x04, 0x21, 0x04, 0x21, 0x04, 0x21, 0x04, 0x21, 0x04, 0x21, 0x04, 0x21,
    0x04, 0x21, 0x04, 0x21, 0x04, 0x21, 0x04, 0x21, 0x04, 0x21, 0x59, 0xCE, 0x59, 0xCE, 0x59, 0xCE,
    0x59, 0xCE, 0x59, 0xCE, 0x59, 0xCE, 0x59, 0xCE, 0x59, 0xCE, 0x59, 0xCE, 0x59, 0xCE, 0x59, 0xCE,
    0x59, 0xCE, 0x59, 0xCE, 0x59, 0xCE, 0x59, 0xCE, 0x59, 0xCE, 0x59, 0xCE, 0x59, 0xCE, 0x59, 0xCE,
    0x59, 0xCE, 0x59, 0xCE, 0x59, 0xCE, 0x59, 0xCE, 0x59, 0xCE, 0x59, 0xCE, 0x59, 0xCE, 0x59, 0xCE,
    0x59, 0xCE, 0x59, 0xCE, 0x59, 0xCE, 0x59, 0xCE, 0x59, 0xCE, 0x59, 0xCE, 0x59, 0xCE, 0x59, 0xCE,
    0x59, 0xCE, 0x59, 0xCE, 0x59, 0xCE, 0x59, 0xCE, 0x59, 0xCE, 0x59, 0xCE, 0x59, 0xCE, 0x59, 0xCE,
    0x59, 0xCE, 0x59, 0xCE, 0x59, 0xCE, 0x59, 0xCE, 0x59, 0xCE, 0x59, 0xCE, 0x59, 0xCE, 0x59, 0xCE,
    0x59, 0xCE, 0x59, 0xCE, 0x59, 0xCE, 0x59, 0xCE, 0x59, 0xCE, 0x59, 0xCE, 0x59, 0xCE, 0x59, 0xCE,
    0x59, 0xCE, 0x59, 0xCE, 0x59, 0xCE, 0x59, 0xCE, 0x59, 0xCE, 0x59, 0xCE, 0x59, 0xCE, 0x59, 0xCE,
    0x59, 0xCE, 0x59, 0xCE, 0x59, 0xCE, 0x59, 0xCE, 0x59, 0xCE, 0x59, 0xCE, 0x59, 0xCE, 0x59, 0xCE,
    0x59, 0xCE, 0x59, 0xCE, 0x59, 0xCE, 0x59, 0xCE, 0x59, 0xCE, 0x59, 0xCE, 0x59, 0xCE, 0x59, 0xCE,
    0x59, 0xCE, 0x59, 0xCE, 0xC7, 0x39, 0xFB, 0xDE, 0x1C, 0xE7, 0x3C, 0xE7, 0x5D, 0xEF, 0x7D, 0xEF,
    0x24, 0x21, 0x86, 0x31, 0xB6, 0xB5, 0xBA, 0xD6, 0xBA, 0xD6, 0xBA, 0xD6, 0xBA, 0xD6, 0xBA, 0xD6,
    0xBA, 0xD6, 0xBA, 0xD6, 0xBA, 0xD6, 0xBA, 0xD6, 0xBA, 0xD6, 0xBA, 0xD6, 0xBA, 0xD6, 0xBA, 0xD6,
    0xBA, 0xD6, 0xBA, 0xD6, 0xBA, 0xD6, 0xBA, 0xD6, 0xBA, 0xD6, 0xBA, 0xD6, 0xBA, 0xD6, 0xBA, 0xD6,
    0xBA, 0xD6, 0xBA, 0xD6, 0xBA, 0xD6, 0xBA, 0xD6, 0xBA, 0xD6, 0xBA, 0xD6, 0xBA, 0xD6, 0xBA, 0xD6,
    0xBA, 0xD6, 0xBA, 0xD6, 0xBA, 0xD6, 0xBA, 0xD6, 0xBA, 0xD6, 0xBA, 0xD6, 0xBA, 0xD6, 0xBA, 0xD6,
    0xBA, 0xD6, 0xBA, 0xD6, 0xBA, 0xD6, 0xBA, 0xD6, 0xBA, 0xD6, 0xBA, 0xD6, 0xBA, 0xD6, 0xBA, 0xD6,
    0xBA, 0xD6, 0xBA, 0xD6, 0xBA, 0xD6, 0xBA, 0xD6, 0xBA, 0xD6, 0xBA, 0xD6, 0xBA, 0xD6, 0xBA, 0xD6,
    0xBA, 0xD6, 0xDB, 0xDE, 0xDB, 0xDE, 0xDB, 0xDE, 0xDB, 0xDE, 0xDB, 0xDE, 0xDB, 0xDE, 0xDB, 0xDE,
    0xDB, 0xDE, 0xDB, 0xDE, 0xDB, 0xDE, 0xDB, 0xDE, 0xDB, 0xDE, 0xFB, 0xDE, 0xFB, 0xDE, 0xFB, 0xDE,
    0xFB, 0xDE, 0xFB, 0xDE, 0xFB, 0xDE, 0xFB, 0xDE, 0xFB, 0xDE, 0xFB, 0xDE, 0xFB, 0xDE, 0x1C, 0xE7,
    0x1C, 0xE7, 0x1C, 0xE7, 0x1C, 0xE7, 0x1C, 0xE7, 0x1C, 0xE7, 0x1C, 0xE7, 0x1C, 0xE7, 0x1C, 0xE7,
    0x1C, 0xE7, 0x3C, 0xE7, 0x3C, 0xE7, 0x3C, 0xE7, 0x3C, 0xE7, 0x3C, 0xE7, 0x3C, 0xE7, 0x3C, 0xE7,
    0x3C, 0xE7, 0x3C, 0xE7, 0x3C, 0xE7, 0x3C, 0xE7, 0x5D, 0xEF, 0x5D, 0xEF, 0x5D, 0xEF, 0x5D, 0xEF,
    0x5D, 0xEF, 0x5D, 0xEF, 0x5D, 0xEF, 0x5D, 0xEF, 0x5D, 0xEF, 0x5D, 0xEF, 0x5D, 0xEF, 0x7D, 0xEF,
    0x7D, 0xEF, 0x7D, 0xEF, 0x7D, 0xEF, 0x7D, 0xEF, 0x7D, 0xEF, 0x7D, 0xEF, 0x7D, 0xEF, 0x7D, 0xEF,
    0x9E, 0xF7, 0x9E, 0xF7, 0x9E, 0xF7, 0x9E, 0xF7, 0x9E, 0xF7, 0x9E, 0xF7, 0x9E, 0xF7, 0x9E, 0xF7,
    0x9E, 0xF7, 0x9E, 0xF7, 0x9E, 0xF7, 0xBE, 0xF7, 0xBE, 0xF7, 0xBE, 0xF7, 0xDE, 0xD6, 0xBF, 0x19,
    0xFF, 0x94, 0x7F, 0x3A, 0xBF, 0x19, 0x1F, 0x2A, 0xBF, 0x19, 0xFF, 0x94, 0x7F, 0x84, 0x5F, 0x53,
    0xBE, 0xF7, 0xBE, 0xF7, 0xBE, 0xF7, 0xBE, 0xF7, 0xBE, 0xF7, 0xBE, 0xF7, 0xDF, 0xFF, 0xBE, 0xF7,
    0xDF, 0xFF, 0xDF, 0xFF, 0xDF, 0xFF, 0x24, 0x21, 0x97, 0xCB, 0x87, 0x39, 0x24, 0x21, 0x24, 0x21,
    0x24, 0x21, 0x24, 0x21, 0x24, 0x21, 0x24, 0x21, 0x24, 0x21, 0x24, 0x21, 0x24, 0x21, 0x24, 0x21,
    0x24, 0x21, 0x24, 0x21, 0x24, 0x21, 0x24, 0x21, 0x24, 0x21, 0x24, 0x21, 0x24, 0x21, 0x24, 0x21,
    0x24, 0x21, 0x24, 0x21, 0x24, 0x21, 0x24, 0x21, 0x24, 0x21, 0x24, 0x21, 0x24, 0x21, 0x24, 0x21,
    0x24, 0x21, 0x24, 0x21, 0x24, 0x21, 0x24, 0x21, 0x24, 0x21, 0x24, 0x21, 0x24, 0x21, 0x24, 0x21,
    0x24, 0x21, 0x24, 0x21, 0x24, 0x21, 0x24, 0x21, 0x24, 0x21, 0x24, 0x21, 0x24, 0x21, 0x24, 0x21,
    0x24, 0x21, 0x24, 0x21, 0x24, 0x21, 0x24, 0x21, 0x59, 0xCE, 0x59, 0xCE, 0x59, 0xCE, 0x59, 0xCE,
    0x59, 0xCE, 0x59, 0xCE, 0x59, 0xCE, 0x04, 0x21, 0x04, 0x21, 0x04, 0x21, 0x04, 0x21, 0x04, 0x21,
    0x04, 0x21, 0x04, 0x21, 0x04, 0x21, 0x04, 0x21, 0x04, 0x21, 0x04, 0x21, 0x04, 0x21, 0x04, 0x21,
    0x04, 0x21, 0x04, 0x21, 0x04, 0x21, 0x04, 0x21, 0x04, 0x21, 0x59, 0xCE, 0x59, 0xCE, 0x59, 0xCE,
    0x59, 0xCE, 0x59, 0xCE, 0x59, 0xCE, 0x59, 0xCE, 0x59, 0xCE, 0x59, 0xCE, 0x59, 0xCE, 0x59, 0xCE,
    0x59, 0xCE, 0x59, 0xCE, 0x59, 0xCE, 0x59, 0xCE, 0x59, 0xCE, 0x59, 0xCE, 0x59, 0xCE, 0x59, 0xCE,
    0x59, 0xCE, 0x59, 0xCE, 0x59, 0xCE, 0x59, 0xCE, 0x59, 0xCE, 0x59, 0xCE, 0x59, 0xCE, 0x59, 0xCE,
    0x59, 0xCE, 0x59, 0xCE, 0x59, 0xCE, 0x59, 0xCE, 0x59, 0xCE, 0x59, 0xCE, 0x59, 0xCE, 0x59, 0xCE,
    0x59, 0xCE, 0x59, 0xCE, 0x59, 0xCE, 0x59, 0xCE, 0x59, 0xCE, 0x59, 0xCE, 0x59, 0xCE, 0x59, 0xCE,
    0x59, 0xCE, 0x59, 0xCE, 0x59, 0xCE, 0x59, 0xCE, 0x59, 0xCE, 0x59, 0xCE, 0x59, 0xCE, 0x59, 0xCE,
    0x59, 0xCE, 0x59, 0xCE, 0x59, 0xCE, 0x59, 0xCE, 0x59, 0xCE, 0x59, 0xCE, 0x59, 0xCE, 0x59, 0xCE,
    0x59, 0xCE, 0x59, 0xCE, 0x59, 0xCE, 0x59, 0xCE, 0x59, 0xCE, 0x59, 0xCE, 0x59, 0xCE, 0x59, 0xCE,
    0x59, 0xCE, 0x59, 0xCE, 0x59, 0xCE, 0x59, 0xCE, 0x59, 0xCE, 0x59, 0xCE, 0x59, 0xCE, 0x59, 0xCE,
    0x59, 0xCE, 0x59, 0xCE, 0x59, 0xCE, 0x59, 0xCE, 0x59, 0xCE, 0x59, 0xCE, 0x59, 0xCE, 0x59, 0xCE,
    0x59, 0xCE, 0x59, 0xCE, 0xC7, 0x39, 0x1C, 0xDF, 0x1C, 0xE7, 0x3C, 0xE7, 0x5D, 0xEF, 0x7D, 0xEF,
    0x24, 0x21, 0x24, 0x21, 0x86, 0x31, 0x92, 0x94, 0xBA, 0xD6, 0xBA, 0xD6, 0xBA, 0xD6, 0xBA, 0xD6,
    0xBA, 0xD6, 0xBA, 0xD6, 0xBA, 0xD6, 0xBA, 0xD6, 0xBA, 0xD6, 0xBA, 0xD6, 0xBA, 0xD6, 0xBA, 0xD6,
    0xBA, 0xD6, 0xBA, 0xD6, 0xBA, 0xD6, 0xBA, 0xD6, 0xBA, 0xD6, 0xBA, 0xD6, 0xBA, 0xD6, 0xBA, 0xD6,
    0xBA, 0xD6, 0xBA, 0xD6, 0xBA, 0xD6, 0xBA, 0xD6, 0xBA, 0xD6, 0xBA, 0xD6, 0xBA, 0xD6, 0xBA, 0xD6,
    0xBA, 0xD6, 0xBA, 0xD6, 0xBA, 0xD6, 0xBA, 0xD6, 0xBA, 0xD6, 0xBA, 0xD6, 0xBA, 0xD6, 0xBA, 0xD6,
    0xBA, 0xD6, 0xBA, 0xD6, 0xBA, 0xD6, 0xBA, 0xD6, 0xBA, 0xD6, 0xBA, 0xD6, 0xBA, 0xD6, 0xBA, 0xD6,
    0xBA, 0xD6, 0xBA, 0xD6, 0xBA, 0xD6, 0xBA, 0xD6, 0xBA, 0xD6, 0xBA, 0xD6, 0xBA, 0xD6, 0xBA, 0xD6,
    0xBA, 0xD6, 0xDB, 0xDE, 0xBA, 0xD6, 0xDB, 0xDE, 0xDB, 0xDE, 0xDB, 0xDE, 0xDB, 0xDE, 0xDB, 0xDE,
    0xDB, 0xDE, 0xDB, 0xDE, 0xDB, 0xDE, 0xDB, 0xDE, 0xDB, 0xDE, 0xFB, 0xDE, 0xFB, 0xDE, 0xFB, 0xDE,
    0xFB, 0xDE, 0xFB, 0xDE, 0xFB, 0xDE, 0xFB, 0xDE, 0xFB, 0xDE, 0xFB, 0xDE, 0xFB, 0xDE, 0xFB, 0xDE,
    0x1C, 0xE7, 0x1C, 0xE7, 0x1C, 0xE7, 0x1C, 0xE7, 0x1C, 0xE7, 0x1C, 0xE7, 0x1C, 0xE7, 0x1C, 0xE7,
    0x1C, 0xE7, 0x3C, 0xE7, 0x3C, 0xE7, 0x3C, 0xE7, 0x3C, 0xE7, 0x3C, 0xE7, 0x3C, 0xE7, 0x3C, 0xE7,
    0x3C, 0xE7, 0x3C, 0xE7, 0x3C, 0xE7, 0x3C, 0xE7, 0x5D, 0xEF, 0x5D, 0xEF, 0x5D, 0xEF, 0x5D, 0xEF,
    0x5D, 0xEF, 0x5D, 0xEF, 0x5D, 0xEF, 0x5D, 0xEF, 0x5D, 0xEF, 0x5D, 0xEF, 0x5D, 0xEF, 0x7D, 0xEF,
    0x7D, 0xEF, 0x7D, 0xEF, 0x7D, 0xEF, 0x7D, 0xEF, 0x7D, 0xEF, 0x7D, 0xEF, 0x7D, 0xEF, 0x7D, 0xEF,
    0x7D, 0xEF, 0x7D, 0xEF, 0x9E, 0xF7, 0x9E, 0xF7, 0x9E, 0xF7, 0x9E, 0xF7, 0x9E, 0xF7, 0x9E, 0xF7,
    0x9E, 0xF7, 0x9E, 0xF7, 0x9E, 0xF7, 0x9E, 0xF7, 0xBE, 0xF7, 0xBE, 0xF7, 0xBE, 0xF7, 0x3E, 0xE7,
    0xBE, 0xF7, 0xBE, 0xF7, 0x5E, 0xE7, 0xFE, 0xDE, 0xBE, 0xF7, 0xBE, 0xF7, 0xBE, 0xF7, 0xBE, 0xF7,
    0xBE, 0xF7, 0xBE, 0xF7, 0xBE, 0xF7, 0xBE, 0xF7, 0xDF, 0xFF, 0xDF, 0xFF, 0xBE, 0xF7, 0xBE, 0xF7,
    0xDF, 0xFF, 0xDF, 0xFF, 0xDF, 0xFF, 0x24, 0x21, 0xD9, 0xDB, 0xB8, 0xD3, 0x6E, 0x72, 0x24, 0x21,
    0x24, 0x21, 0x24, 0x21, 0x24, 0x21, 0x24, 0x21, 0x24, 0x21, 0x24, 0x21, 0x24, 0x21, 0x24, 0x21,
    0x24, 0x21, 0x24, 0x21, 0x24, 0x21, 0x24, 0x21, 0x24, 0x21, 0x24, 0x21, 0x24, 0x21, 0x24, 0x21,
    0x24, 0x21, 0x24, 0x21, 0x24, 0x21, 0x24, 0x21, 0x24, 0x21, 0x24, 0x21, 0x24, 0x21, 0x24, 0x21,
    0x24, 0x21, 0x24, 0x21, 0x24, 0x21, 0x24, 0x21, 0x24, 0x21, 0x24, 0x21, 0x24, 0x21, 0x24, 0x21,
    0x24, 0x21, 0x24, 0x21, 0x24, 0x21, 0x24, 0x21, 0x24, 0x21, 0x24, 0x21, 0x24, 0x21, 0x24, 0x21,
    0x24, 0x21, 0x24, 0x21, 0x24, 0x21, 0x24, 0x21, 0x59, 0xCE, 0x59, 0xCE, 0x59, 0xCE, 0x59, 0xCE,
    0x59, 0xCE, 0x59, 0xCE, 0x59, 0xCE, 0x04, 0x21, 0x04, 0x21, 0x04, 0x21, 0x04, 0x21, 0x04, 0x21,
    0x04, 0x21, 0x04, 0x21, 0xE7, 0x39, 0x1C, 0xE7, 0x1C, 0xE7, 0x65, 0x29, 0x04, 0x21, 0x04, 0x21,
    0x04, 0x21, 0x04, 0x21, 0x04, 0x21, 0x04, 0x21, 0x04, 0x21, 0x59, 0xCE, 0x59, 0xCE, 0x59, 0xCE,
    0x59, 0xCE, 0x59, 0xCE, 0x59, 0xCE, 0x59, 0xCE, 0x59, 0xCE, 0x59, 0xCE, 0x59, 0xCE, 0x59, 0xCE,
    0x59, 0xCE, 0x59, 0xCE, 0x59, 0xCE, 0x59, 0xCE, 0x59, 0xCE, 0x59, 0xCE, 0x59, 0xCE, 0x59, 0xCE,
    0x59, 0xCE, 0x59, 0xCE, 0x59, 0xCE, 0x59, 0xCE, 0x59, 0xCE, 0x59, 0xCE, 0x59, 0xCE, 0x59, 0xCE,
    0x59, 0xCE, 0x59, 0xCE, 0x59, 0xCE, 0x59, 0xCE, 0x59, 0xCE, 0x59, 0xCE, 0x59, 0xCE, 0x59, 0xCE,
    0x59, 0xCE, 0x59, 0xCE, 0x59, 0xCE, 0x59, 0xCE, 0x59, 0xCE, 0x59, 0xCE, 0x59, 0xCE, 0x59, 0xCE,
    0x59, 0xCE, 0x59, 0xCE, 0x59, 0xCE, 0x59, 0xCE, 0x59, 0xCE, 0x59, 0xCE, 0x59, 0xCE, 0x59, 0xCE,
    0x59, 0xCE, 0x59, 0xCE, 0x59, 0xCE, 0x59, 0xCE, 0x59, 0xCE, 0x59, 0xCE, 0x59, 0xCE, 0x59, 0xCE,
    0x59, 0xCE, 0x59, 0xCE, 0x59, 0xCE, 0x59, 0xCE, 0x59, 0xCE, 0x59, 0xCE, 0x59, 0xCE, 0x59, 0xCE,
    0x59, 0xCE, 0x59, 0xCE, 0x59, 0xCE, 0x59, 0xCE, 0x59, 0xCE, 0x59, 0xCE, 0x59, 0xCE, 0x59, 0xCE,
    0x59, 0xCE, 0x59, 0xCE, 0x59, 0xCE, 0x59, 0xCE, 0x59, 0xCE, 0x59, 0xCE, 0x59, 0xCE, 0x59, 0xCE,
    0x59, 0xCE, 0x59, 0xCE, 0xC7, 0x39, 0x1C, 0xDF, 0x1C, 0xE7, 0x3C, 0xE7, 0x5D, 0xEF, 0x7D, 0xEF,
    0x24, 0x21, 0x24, 0x21, 0x24, 0x21, 0x24, 0x21, 0x51, 0x8C, 0xBA, 0xD6, 0xBA, 0xD6, 0xBA, 0xD6,
    0xBA, 0xD6, 0xBA, 0xD6, 0xBA, 0xD6, 0xBA, 0xD6, 0xBA, 0xD6, 0xBA, 0xD6, 0xBA, 0xD6, 0xBA, 0xD6,
    0xBA, 0xD6, 0xBA, 0xD6, 0xBA, 0xD6, 0xBA, 0xD6, 0xBA, 0xD6, 0xBA, 0xD6, 0xBA, 0xD6, 0xBA, 0xD6,
    0xBA, 0xD6, 0xBA, 0xD6, 0xBA, 0xD6, 0xBA, 0xD6, 0xBA, 0xD6, 0xBA, 0xD6, 0xBA, 0xD6, 0xBA, 0xD6,
    0xBA, 0xD6, 0xBA, 0xD6, 0xBA, 0xD6, 0xBA, 0xD6, 0xBA, 0xD6, 0xBA, 0xD6, 0xBA, 0xD6, 0xBA, 0xD6,
    0xBA, 0xD6, 0xBA, 0xD6, 0xBA, 0xD6, 0xBA, 0xD6, 0xBA, 0xD6, 0xBA, 0xD6, 0xBA, 0xD6, 0xBA, 0xD6,
    0xBA, 0xD6, 0xBA, 0xD6, 0xBA, 0xD6, 0xBA, 0xD6, 0xBA, 0xD6, 0xBA, 0xD6, 0xBA, 0xD6, 0xBA, 0xD6,
    0xBA, 0xD6, 0xBA, 0xD6, 0xBA, 0xD6, 0xBA, 0xD6, 0xDB, 0xDE, 0xDB, 0xDE, 0xDB, 0xDE, 0xDB, 0xDE,
    0xDB, 0xDE, 0xDB, 0xDE, 0xDB, 0xDE, 0xDB, 0xDE, 0xDB, 0xDE, 0xFB, 0xDE, 0xFB, 0xDE, 0xFB, 0xDE,
    0xFB, 0xDE, 0xFB, 0xDE, 0xFB, 0xDE, 0xFB, 0xDE, 0xFB, 0xDE, 0xFB, 0xDE, 0xFB, 0xDE, 0xFB, 0xDE,
    0x1C, 0xE7, 0x1C, 0xE7, 0x1C, 0xE7, 0x1C, 0xE7, 0x1C, 0xE7, 0x1C, 0xE7, 0x1C, 0xE7, 0x1C, 0xE7,
    0x1C, 0xE7, 0x3C, 0xE7, 0x1C, 0xE7, 0x1C, 0xE7, 0x3C, 0xE7, 0x3C, 0xE7, 0x3C, 0xE7, 0x3C, 0xE7,
    0x3C, 0xE7, 0x3C, 0xE7, 0x3C, 0xE7, 0x3C, 0xE7, 0x3C, 0xE7, 0x3C, 0xE7, 0x3C, 0xE7, 0x5D, 0xEF,
    0x5D, 0xEF, 0x5D, 0xEF, 0x5D, 0xEF, 0x5D, 0xEF, 0x5D, 0xEF, 0x5D, 0xEF, 0x5D, 0xEF, 0x5D, 0xEF,
    0x7D, 0xEF, 0x7D, 0xEF, 0x7D, 0xEF, 0x7D, 0xEF, 0x7D, 0xEF, 0x7D, 0xEF, 0x7D, 0xEF, 0x7D, 0xEF,
    0x7D, 0xEF, 0x7D, 0xEF, 0x9E, 0xF7, 0x9E, 0xF7, 0x9E, 0xF7, 0x9E, 0xF7, 0x9E, 0xF7, 0x9E, 0xF7,
    0x9E, 0xF7, 0x9E, 0xF7, 0x9E, 0xF7, 0x9E, 0xF7, 0xBE, 0xF7, 0xBE, 0xF7, 0xBE, 0xF7, 0xBE, 0xF7,
    0xBE, 0xF7, 0xBE, 0xF7, 0xBE, 0xF7, 0xBE, 0xF7, 0xBE, 0xF7, 0xBE, 0xF7, 0xBE, 0xF7, 0xBE, 0xF7,
    0xBE, 0xF7, 0xBE, 0xF7, 0xBE, 0xF7, 0xBE, 0xF7, 0xBE, 0xF7, 0xBE, 0xF7, 0xBE, 0xF7, 0xBE, 0xF7,
    0xDF, 0xFF, 0xDF, 0xFF, 0xBE, 0xF7, 0x24, 0x21, 0xD9, 0xDB, 0xD9, 0xDB, 0xD9, 0xDB, 0xB0, 0x8A,
    0x46, 0x31, 0x24, 0x21, 0x24, 0x21, 0x24, 0x21, 0x24, 0x21, 0x24, 0x21, 0x24, 0x21, 0x24, 0x21,
    0x24, 0x21, 0x24, 0x21, 0x24, 0x21, 0x24, 0x21, 0x24, 0x21, 0x24, 0x21, 0x24, 0x21, 0x24, 0x21,
    0x24, 0x21, 0x24, 0x21, 0x24, 0x21, 0x24, 0x21, 0x24, 0x21, 0x24, 0x21, 0x24, 0x21, 0x24, 0x21,
    0x24, 0x21, 0x24, 0x21, 0x24, 0x21, 0x24, 0x21, 0x24, 0x21, 0x24, 0x21, 0x24, 0x21, 0x24, 0x21,
    0x24, 0x21, 0x24, 0x21, 0x24, 0x21, 0x24, 0x21, 0x24, 0x21, 0x24, 0x21, 0x24, 0x21, 0x24, 0x21,
    0x24, 0x21, 0x24, 0x21, 0x24, 0x21, 0x24, 0x21, 0x59, 0xCE, 0x59, 0xCE, 0x59, 0xCE, 0x59, 0xCE,
    0x59, 0xCE, 0x59, 0xCE, 0x59, 0xCE, 0x04, 0x21, 0x04, 0x21, 0x04, 0x21, 0x04, 0x21, 0x04, 0x21,
    0x04, 0x21, 0x04, 0x21, 0x10, 0x84, 0x9E, 0xF7, 0x9E, 0xF7, 0x71, 0x8C, 0x04, 0x21, 0x04, 0x21,
    0x04, 0x21, 0x04, 0x21, 0x04, 0x21, 0x04, 0x21, 0x04, 0x21, 0x59, 0xCE, 0x59, 0xCE, 0x59, 0xCE,
    0x59, 0xCE, 0x59, 0xCE, 0x59, 0xCE, 0x59, 0xCE, 0x59, 0xCE, 0x59, 0xCE, 0x59, 0xCE, 0x59, 0xCE,
    0x59, 0xCE, 0x59, 0xCE, 0x59, 0xCE, 0x59, 0xCE, 0x59, 0xCE, 0x59, 0xCE, 0x59, 0xCE, 0x59, 0xCE,
    0x59, 0xCE, 0x59, 0xCE, 0x59, 0xCE, 0x59, 0xCE, 0x59, 0xCE, 0x59, 0xCE, 0x59, 0xCE, 0x59, 0xCE,
    0x59, 0xCE, 0x59, 0xCE, 0x59, 0xCE, 0x59, 0xCE, 0x59, 0xCE, 0x59, 0xCE, 0x59, 0xCE, 0x59, 0xCE,
    0x59, 0xCE, 0x59, 0xCE, 0x59, 0xCE, 0x59, 0xCE, 0x59, 0xCE, 0x59, 0xCE, 0x59, 0xCE, 0x59, 0xCE,
    0x59, 0xCE, 0x59, 0xCE, 0x59, 0xCE, 0x59, 0xCE, 0x59, 0xCE, 0x59, 0xCE, 0x59, 0xCE, 0x59, 0xCE,
    0x59, 0xCE, 0x59, 0xCE, 0x59, 0xCE, 0x59, 0xCE, 0x59, 0xCE, 0x59, 0xCE, 0x59, 0xCE, 0x59, 0xCE,
    0x59, 0xCE, 0x59, 0xCE, 0x59, 0xCE, 0x59, 0xCE, 0x59, 0xCE, 0x59, 0xCE, 0x59, 0xCE, 0x59, 0xCE,
    0x59, 0xCE, 0x59, 0xCE, 0x59, 0xCE, 0x59, 0xCE, 0x59, 0xCE, 0x59, 0xCE, 0x59, 0xCE, 0x59, 0xCE,
    0x59, 0xCE, 0x59, 0xCE, 0x59, 0xCE, 0x59, 0xCE, 0x59, 0xCE, 0x59, 0xCE, 0x59, 0xCE, 0x59, 0xCE,
    0x59, 0xCE, 0x59, 0xCE, 0xC7, 0x39, 0xFB, 0xDE, 0x1C, 0xE7, 0x3C, 0xE7, 0x5D, 0xEF, 0x7D, 0xEF,
    0x24, 0x21, 0x24, 0x21, 0x24, 0x21, 0x24, 0x21, 0x24, 0x21, 0xEF, 0x7B, 0xBA, 0xD6, 0xBA, 0xD6,
    0xBA, 0xD6, 0xBA, 0xD6, 0xBA, 0xD6, 0xBA, 0xD6, 0xBA, 0xD6, 0xBA, 0xD6, 0xBA, 0xD6, 0xBA, 0xD6,
    0xBA, 0xD6, 0xBA, 0xD6, 0xBA, 0xD6, 0xBA, 0xD6, 0xBA, 0xD6, 0xBA, 0xD6, 0xBA, 0xD6, 0xBA, 0xD6,
    0xBA, 0xD6, 0xBA, 0xD6, 0xBA, 0xD6, 0xBA, 0xD6, 0xBA, 0xD6, 0xBA, 0xD6, 0xBA, 0xD6, 0xBA, 0xD6,
    0xBA, 0xD6, 0xBA, 0xD6, 0xBA, 0xD6, 0xBA, 0xD6, 0xBA, 0xD6, 0xBA, 0xD6, 0xBA, 0xD6, 0xBA, 0xD6,
    0xBA, 0xD6, 0xBA, 0xD6, 0xBA, 0xD6, 0xBA, 0xD6, 0xBA, 0xD6, 0xBA, 0xD6, 0xBA, 0xD6, 0xBA, 0xD6,
    0xBA, 0xD6, 0xBA, 0xD6, 0xBA, 0xD6, 0xBA, 0xD6, 0xBA, 0xD6, 0xBA, 0xD6, 0xBA, 0xD6, 0xBA, 0xD6,
    0xBA, 0xD6, 0xBA, 0xD6, 0xBA, 0xD6, 0xDB, 0xDE, 0xDB, 0xDE, 0xDB, 0xDE, 0xDB, 0xDE, 0xDB, 0xDE,
    0xDB, 0xDE, 0xDB, 0xDE, 0xDB, 0xDE, 0xDB, 0xDE, 0xDB, 0xDE, 0xDB, 0xDE, 0xDB, 0xDE, 0xFB, 0xDE,
    0xFB, 0xDE, 0xFB, 0xDE, 0xFB, 0xDE, 0xFB, 0xDE, 0xFB, 0xDE, 0xFB, 0xDE, 0xFB, 0xDE, 0xFB, 0xDE,
    0x1C, 0xE7, 0x1C, 0xE7, 0x1C, 0xE7, 0x1C, 0xE7, 0x1C, 0xE7, 0x1C, 0xE7, 0x1C, 0xE7, 0x1C, 0xE7,
    0x1C, 0xE7, 0x1C, 0xE7, 0x1C, 0xE7, 0x3C, 0xE7, 0x1C, 0xE7, 0x3C, 0xE7, 0x3C, 0xE7, 0x3C, 0xE7,
    0x3C, 0xE7, 0x3C, 0xE7, 0x3C, 0xE7, 0x3C, 0xE7, 0x3C, 0xE7, 0x3C, 0xE7, 0x5D, 0xEF, 0x5D, 0xEF,
    0x5D, 0xEF, 0x5D, 0xEF, 0x5D, 0xEF, 0x5D, 0xEF, 0x5D, 0xEF, 0x5D, 0xEF, 0x5D, 0xEF, 0x5D, 0xEF,
    0x7D, 0xEF, 0x7D, 0xEF, 0x7D, 0xEF, 0x7D, 0xEF, 0x7D, 0xEF, 0x7D, 0xEF, 0x7D, 0xEF, 0x7D, 0xEF,
    0x7D, 0xEF, 0x7D, 0xEF, 0x9E, 0xF7, 0x9E, 0xF7, 0x9E, 0xF7, 0x9E, 0xF7, 0x9E, 0xF7, 0x9E, 0xF7,
    0x9E, 0xF7, 0x9E, 0xF7, 0x9E, 0xF7, 0x9E, 0xF7, 0x9E, 0xF7, 0xBE, 0xF7, 0xBE, 0xF7, 0xBE, 0xF7,
    0xBE, 0xF7, 0xBE, 0xF7, 0xBE, 0xF7, 0xBE, 0xF7, 0xBE, 0xF7, 0xBE, 0xF7, 0xBE, 0xF7, 0xBE, 0xF7,
    0xBE, 0xF7, 0xBE, 0xF7, 0xBE, 0xF7, 0xBE, 0xF7, 0xBE, 0xF7, 0xBE, 0xF7, 0xBE, 0xF7, 0xBE, 0xF7,
    0xDF, 0xFF, 0xDF, 0xFF, 0xBE, 0xF7, 0x24, 0x21, 0xD9, 0xDB, 0xD9, 0xDB, 0xD9, 0xDB, 0xD9, 0xDB,
    0x97, 0xCB, 0x87, 0x39, 0x24, 0x21, 0x24, 0x21, 0x24, 0x21, 0x24, 0x21, 0x24, 0x21, 0x24, 0x21,
    0x24, 0x21, 0x24, 0x21, 0x24, 0x21, 0x24, 0x21, 0x24, 0x21, 0x24, 0x21, 0x24, 0x21, 0x24, 0x21,
    0x24, 0x21, 0x24, 0x21, 0x24, 0x21, 0x24, 0x21, 0x24, 0x21, 0x24, 0x21, 0x24, 0x21, 0x24, 0x21,
    0x24, 0x21, 0x24, 0x21, 0x24, 0x21, 0x24, 0x21, 0x24, 0x21, 0x24, 0x21, 0x24, 0x21, 0x24, 0x21,
    0x24, 0x21, 0x24, 0x21, 0x24, 0x21, 0x24, 0x21, 0x24, 0x21, 0x24, 0x21, 0x24, 0x21, 0x24, 0x21,
    0x24, 0x21, 0x24, 0x21, 0x24, 0x21, 0x24, 0x21, 0x59, 0xCE, 0x59, 0xCE, 0x59, 0xCE, 0x59, 0xCE,
    0x59, 0xCE, 0x59, 0xCE, 0x59, 0xCE, 0x04, 0x21, 0x04, 0x21, 0x04, 0x21, 0x04, 0x21, 0x04, 0x21,
    0x04, 0x21, 0x04, 0x21, 0x1C, 0xE7, 0xD7, 0xBD, 0x38, 0xC6, 0x38, 0xC6, 0x04, 0x21, 0x04, 0x21,
    0x04, 0x21, 0x04, 0x21, 0x04, 0x21, 0x04, 0x21, 0x04, 0x21, 0x59, 0xCE, 0x59, 0xCE, 0x59, 0xCE,
    0x59, 0xCE, 0x59, 0xCE, 0x59, 0xCE, 0x59, 0xCE, 0x59, 0xCE, 0x59, 0xCE, 0x59, 0xCE, 0x59, 0xCE,
    0x59, 0xCE, 0x59, 0xCE, 0x59, 0xCE, 0x59, 0xCE, 0x59, 0xCE, 0x59, 0xCE, 0x59, 0xCE, 0x59, 0xCE,
    0x59, 0xCE, 0x59, 0xCE, 0x59, 0xCE, 0x59, 0xCE, 0x59, 0xCE, 0x59, 0xCE, 0x59, 0xCE, 0x59, 0xCE,
    0x59, 0xCE, 0x59, 0xCE, 0x59, 0xCE, 0x59, 0xCE, 0x59, 0xCE, 0x59, 0xCE, 0x59, 0xCE, 0x59, 0xCE,
    0x59, 0xCE, 0x59, 0xCE, 0x59, 0xCE, 0x59, 0xCE, 0x59, 0xCE, 0x59, 0xCE, 0x59, 0xCE, 0x59, 0xCE,
    0x59, 0xCE, 0x59, 0xCE, 0x59, 0xCE, 0x59, 0xCE, 0x59, 0xCE, 0x59, 0xCE, 0x59, 0xCE, 0x59, 0xCE,
    0x59, 0xCE, 0x59, 0xCE, 0x59, 0xCE, 0x59, 0xCE, 0x59, 0xCE, 0x59, 0xCE, 0x59, 0xCE, 0x59, 0xCE,
    0x59, 0xCE, 0x59, 0xCE, 0x59, 0xCE, 0x59, 0xCE, 0x59, 0xCE, 0x59, 0xCE, 0x59, 0xCE, 0x59, 0xCE,
    0x59, 0xCE, 0x59, 0xCE, 0x59, 0xCE, 0x59, 0xCE, 0x59, 0xCE, 0x59, 0xCE, 0x59, 0xCE, 0x59, 0xCE,
    0x59, 0xCE, 0x59, 0xCE, 0x59, 0xCE, 0x59, 0xCE, 0x59, 0xCE, 0x59, 0xCE, 0x59, 0xCE, 0x59, 0xCE,
    0x59, 0xCE, 0x59, 0xCE, 0xC7, 0x39, 0xFB, 0xDE, 0x1C, 0xE7, 0x3C, 0xE7, 0x5D, 0xEF, 0x7D, 0xEF,
    0x10, 0x84, 0x24, 0x21, 0x24, 0x21, 0x24, 0x21, 0x24, 0x21, 0x24, 0x21, 0x24, 0x21, 0x24, 0x21,
    0x24, 0x21, 0x24, 0x21, 0x24, 0x21, 0x24, 0x21, 0x24, 0x21, 0x24, 0x21, 0x24, 0x21, 0x24, 0x21,
    0x24, 0x21, 0x24, 0x21, 0x24, 0x21, 0x24, 0x21, 0x24, 0x21, 0x24, 0x21, 0x24, 0x21, 0x24, 0x21,
    0x24, 0x21, 0x24, 0x21, 0x24, 0x21, 0x24, 0x21, 0x24, 0x21, 0x24, 0x21, 0x24, 0x21, 0x24, 0x21,
    0x24, 0x21, 0x24, 0x21, 0x24, 0x21, 0x24, 0x21, 0x24, 0x21, 0x24, 0x21, 0x24, 0x21, 0x24, 0x21,
    0x24, 0x21, 0x24, 0x21, 0x24, 0x21, 0x24, 0x21, 0x24, 0x21, 0x24, 0x21, 0x24, 0x21, 0x24, 0x21,
    0x24, 0x21, 0x24, 0x21, 0x24, 0x21, 0x24, 0x21, 0x24, 0x21, 0x24, 0x21, 0x24, 0x21, 0x24, 0x21,
    0x24, 0x21, 0x24, 0x21, 0x24, 0x21, 0x24, 0x21, 0x24, 0x21, 0x24, 0x21, 0x24, 0x21, 0x24, 0x21,
    0x24, 0x21, 0x24, 0x21, 0x24, 0x21, 0x24, 0x21, 0x24, 0x21, 0x24, 0x21, 0x24, 0x21, 0x24, 0x21,
    0x24, 0x21, 0x24, 0x21, 0x24, 0x21, 0x24, 0x21, 0x24, 0x21, 0x24, 0x21, 0x24, 0x21, 0x24, 0x21,
    0x24, 0x21, 0x24, 0x21, 0x24, 0x21, 0x24, 0x21, 0x24, 0x21, 0x24, 0x21, 0x24, 0x21, 0x24, 0x21,
    0x24, 0x21, 0x24, 0x21, 0x24, 0x21, 0x24, 0x21, 0x24, 0x21, 0x24, 0x21, 0x24, 0x21, 0x24, 0x21,
    0x24, 0x21, 0x24, 0x21, 0x24, 0x21, 0x24, 0x21, 0x24, 0x21, 0x24, 0x21, 0x24, 0x21, 0x24, 0x21,
    0x24, 0x21, 0x24, 0x21, 0x24, 0x21, 0x24, 0x21, 0x24, 0x21, 0x24, 0x21, 0x24, 0x21, 0x24, 0x21,
    0x24, 0x21, 0x24, 0x21, 0x24, 0x21, 0x24, 0x21, 0x24, 0x21, 0x24, 0x21, 0x24, 0x21, 0x24, 0x21,
    0x24, 0x21, 0x24, 0x21, 0x24, 0x21, 0x24, 0x21, 0x24, 0x21, 0x24, 0x21, 0x24, 0x21, 0x24, 0x21,
    0x24, 0x21, 0x24, 0x21, 0x8E, 0x73, 0x3C, 0xE7, 0x9E, 0xF7, 0x9E, 0xF7, 0xBE, 0xF7, 0xBE, 0xF7,
    0xBE, 0xF7, 0xBE, 0xF7, 0xBE, 0xF7, 0xBE, 0xF7, 0xBE, 0xF7, 0xBE, 0xF7, 0xBE, 0xF7, 0xBE, 0xF7,
    0xBE, 0xF7, 0xBE, 0xF7, 0xBE, 0xF7, 0xBE, 0xF7, 0xBE, 0xF7, 0xBE, 0xF7, 0xDF, 0xFF, 0xBE, 0xF7,
    0xBE, 0xF7, 0xDF, 0xFF, 0xDF, 0xFF, 0x24, 0x21, 0xD9, 0xDB, 0xD9, 0xDB, 0xD9, 0xDB, 0xD9, 0xDB,
    0xD9, 0xDB, 0xB8, 0xD3, 0x6E, 0x72, 0x24, 0x21, 0x24, 0x21, 0x24, 0x21, 0x24, 0x21, 0x24, 0x21,
    0x24, 0x21, 0x24, 0x21, 0x24, 0x21, 0x24, 0x21, 0x24, 0x21, 0x24, 0x21, 0x24, 0x21, 0x24, 0x21,
    0x24, 0x21, 0x24, 0x21, 0x24, 0x21, 0x24, 0x21, 0x24, 0x21, 0x24, 0x21, 0x24, 0x21, 0x24, 0x21,
    0x24, 0x21, 0x24, 0x21, 0x24, 0x21, 0x24, 0x21, 0x24, 0x21, 0x24, 0x21, 0x24, 0x21, 0x24, 0x21,
    0x24, 0x21, 0x24, 0x21, 0x24, 0x21, 0x24, 0x21, 0x24, 0x21, 0x24, 0x21, 0x24, 0x21, 0x24, 0x21,
    0x24, 0x21, 0x24, 0x21, 0x24, 0x21, 0x24, 0x21, 0x59, 0xCE, 0x59, 0xCE, 0x59, 0xCE, 0x59, 0xCE,
    0x59, 0xCE, 0x59, 0xCE, 0x59, 0xCE, 0x04, 0x21, 0x04, 0x21, 0x04, 0x21, 0x04, 0x21, 0x04, 0x21,
    0x04, 0x21, 0x49, 0x4A, 0xFF, 0xFF, 0xAE, 0x73, 0xAE, 0x73, 0xFF, 0xFF, 0xCB, 0x5A, 0x04, 0x21,
    0x04, 0x21, 0x04, 0x21, 0x04, 0x21, 0x04, 0x21, 0x04, 0x21, 0x59, 0xCE, 0x59, 0xCE, 0x59, 0xCE,
    0x59, 0xCE, 0x59, 0xCE, 0x59, 0xCE, 0x59, 0xCE, 0x59, 0xCE, 0x59, 0xCE, 0x59, 0xCE, 0x59, 0xCE,
    0x59, 0xCE, 0x59, 0xCE, 0x59, 0xCE, 0x59, 0xCE, 0x59, 0xCE, 0x59, 0xCE, 0x59, 0xCE, 0x59, 0xCE,
    0x59, 0xCE, 0x59, 0xCE, 0x59, 0xCE, 0x59, 0xCE, 0x59, 0xCE, 0x59, 0xCE, 0x59, 0xCE, 0x59, 0xCE,
    0x59, 0xCE, 0x59, 0xCE, 0x59, 0xCE, 0x59, 0xCE, 0x59, 0xCE, 0x59, 0xCE, 0x59, 0xCE, 0x59, 0xCE,
    0x59, 0xCE, 0x59, 0xCE, 0x59, 0xCE, 0x59, 0xCE, 0x59, 0xCE, 0x59, 0xCE, 0x59, 0xCE, 0x59, 0xCE,
    0x59, 0xCE, 0x59, 0xCE, 0x59, 0xCE, 0x59, 0xCE, 0x59, 0xCE, 0x59, 0xCE, 0x59, 0xCE, 0x59, 0xCE,
    0x59, 0xCE, 0x59, 0xCE, 0x59, 0xCE, 0x59, 0xCE, 0x59, 0xCE, 0x59, 0xCE, 0x59, 0xCE, 0x59, 0xCE,
    0x59, 0xCE, 0x59, 0xCE, 0x59, 0xCE, 0x59, 0xCE, 0x59, 0xCE, 0x59, 0xCE, 0x59, 0xCE, 0x59, 0xCE,
    0x59, 0xCE, 0x59, 0xCE, 0x59, 0xCE, 0x59, 0xCE, 0x59, 0xCE, 0x59, 0xCE, 0x59, 0xCE, 0x59, 0xCE,
    0x59, 0xCE, 0x59, 0xCE, 0x59, 0xCE, 0x59, 0xCE, 0x59, 0xCE, 0x59, 0xCE, 0x59, 0xCE, 0x59, 0xCE,
    0x59, 0xCE, 0x59, 0xCE, 0xC7, 0x39, 0x1C, 0xDF, 0x1C, 0xE7, 0x3C, 0xE7, 0x5D, 0xEF, 0x7D, 0xEF,
    0x1C, 0xE7, 0x10, 0x84, 0x24, 0x21, 0x24, 0x21, 0x24, 0x21, 0x24, 0x21, 0x24, 0x21, 0x24, 0x21,
    0x24, 0x21, 0x24, 0x21, 0x24, 0x21, 0x24, 0x21, 0x24, 0x21, 0x24, 0x21, 0x24, 0x21, 0x24, 0x21,
    0x24, 0x21, 0x24, 0x21, 0x24, 0x21, 0x24, 0x21, 0x24, 0x21, 0x24, 0x21, 0x24, 0x21, 0x24, 0x21,
    0x24, 0x21, 0x24, 0x21, 0x24, 0x21, 0x24, 0x21, 0x24, 0x21, 0x24, 0x21, 0x24, 0x21, 0x24, 0x21,
    0x24, 0x21, 0x24, 0x21, 0x24, 0x21, 0x24, 0x21, 0x24, 0x21, 0x24, 0x21, 0x24, 0x21, 0x24, 0x21,
    0x24, 0x21, 0x24, 0x21, 0x24, 0x21, 0x24, 0x21, 0x24, 0x21, 0x24, 0x21, 0x24, 0x21, 0x24, 0x21,
    0x24, 0x21, 0x24, 0x21, 0x24, 0x21, 0x24, 0x21, 0x24, 0x21, 0x24, 0x21, 0x24, 0x21, 0x24, 0x21,
    0x24, 0x21, 0x24, 0x21, 0x24, 0x21, 0x24, 0x21, 0x24, 0x21, 0x24, 0x21, 0x24, 0x21, 0x24, 0x21,
    0x24, 0x21, 0x24, 0x21, 0x24, 0x21, 0x24, 0x21, 0x24, 0x21, 0x24, 0x21, 0x24, 0x21, 0x24, 0x21,
    0x24, 0x21, 0x24, 0x21, 0x24, 0x21, 0x24, 0x21, 0x24, 0x21, 0x24, 0x21, 0x24, 0x21, 0x24, 0x21,
    0x24, 0x21, 0x24, 0x21, 0x24, 0x21, 0x24, 0x21, 0x24, 0x21, 0x24, 0x21, 0x24, 0x21, 0x24, 0x21,
    0x24, 0x21, 0x24, 0x21, 0x24, 0x21, 0x24, 0x21, 0x24, 0x21, 0x24, 0x21, 0x24, 0x21, 0x24, 0x21,
    0x24, 0x21, 0x24, 0x21, 0x24, 0x21, 0x24, 0x21, 0x24, 0x21, 0x24, 0x21, 0x24, 0x21, 0x24, 0x21,
    0x24, 0x21, 0x24, 0x21, 0x24, 0x21, 0x24, 0x21, 0x24, 0x21, 0x24, 0x21, 0x24, 0x21, 0x24, 0x21,
    0x24, 0x21, 0x24, 0x21, 0x24, 0x21, 0x24, 0x21, 0x24, 0x21, 0x24, 0x21, 0x24, 0x21, 0x24, 0x21,
    0x24, 0x21, 0x24, 0x21, 0x24, 0x21, 0x24, 0x21, 0x24, 0x21, 0x24, 0x21, 0x24, 0x21, 0x24, 0x21,
    0x24, 0x21, 0x24, 0x21, 0x24, 0x21, 0x71, 0x8C, 0x9E, 0xF7, 0xBE, 0xF7, 0xBE, 0xF7, 0xBE, 0xF7,
    0xBE, 0xF7, 0xBE, 0xF7, 0xBE, 0xF7, 0xBE, 0xF7, 0xBE, 0xF7, 0xBE, 0xF7, 0xBE, 0xF7, 0xBE, 0xF7,
    0xBE, 0xF7, 0xBE, 0xF7, 0xBE, 0xF7, 0xBE, 0xF7, 0xBE, 0xF7, 0xBE, 0xF7, 0xBE, 0xF7, 0xBE, 0xF7,
    0xDF, 0xFF, 0xBE, 0xF7, 0xDF, 0xFF, 0x24, 0x21, 0xD9, 0xDB, 0xD9, 0xDB, 0xD9, 0xDB, 0xD9, 0xDB,
    0xD9, 0xDB, 0xD9, 0xDB, 0xD9, 0xDB, 0xD9, 0xDB, 0xD9, 0xDB, 0xD9, 0xDB, 0xD9, 0xDB, 0xD9, 0xDB,
    0xD9, 0xDB, 0xD9, 0xDB, 0xD9, 0xDB, 0xD9, 0xDB, 0xD9, 0xDB, 0xD9, 0xDB, 0xD9, 0xDB, 0xD9, 0xDB,
    0xD9, 0xDB, 0xD9, 0xDB, 0xD9, 0xDB, 0xD9, 0xDB, 0xD9, 0xDB, 0xD9, 0xDB, 0xD9, 0xDB, 0xD9, 0xDB,
    0xD9, 0xDB, 0xD9, 0xDB, 0xD9, 0xDB, 0xD9, 0xDB, 0xD9, 0xDB, 0xD9, 0xDB, 0xD9, 0xDB, 0xD9, 0xDB,
    0xD9, 0xDB, 0xD9, 0xDB, 0xD9, 0xDB, 0xD9, 0xDB, 0xD9, 0xDB, 0xD9, 0xDB, 0xD9, 0xDB, 0xD9, 0xDB,
    0xD9, 0xDB, 0xD9, 0xDB, 0xD9, 0xDB, 0x24, 0x21, 0x59, 0xCE, 0x59, 0xCE, 0x59, 0xCE, 0x59, 0xCE,
    0x59, 0xCE, 0x59, 0xCE, 0x59, 0xCE, 0x04, 0x21, 0x04, 0x21, 0x04, 0x21, 0x04, 0x21, 0x04, 0x21,
    0x04, 0x21, 0x55, 0xAD, 0xFF, 0xFF, 0xAE, 0x73, 0x2C, 0x63, 0xFF, 0xFF, 0x71, 0x8C, 0x04, 0x21,
    0x04, 0x21, 0x04, 0x21, 0x04, 0x21, 0x04, 0x21, 0x04, 0x21, 0x59, 0xCE, 0x59, 0xCE, 0x59, 0xCE,
    0x59, 0xCE, 0x59, 0xCE, 0x59, 0xCE, 0x59, 0xCE, 0x59, 0xCE, 0x59, 0xCE, 0x59, 0xCE, 0x59, 0xCE,
    0x59, 0xCE, 0x59, 0xCE, 0x59, 0xCE, 0x59, 0xCE, 0x59, 0xCE, 0x59, 0xCE, 0x59, 0xCE, 0x59, 0xCE,
    0x59, 0xCE, 0x59, 0xCE, 0x59, 0xCE, 0x59, 0xCE, 0x59, 0xCE, 0x59, 0xCE, 0x59, 0xCE, 0x59, 0xCE,
    0x59, 0xCE, 0x59, 0xCE, 0x59, 0xCE, 0x59, 0xCE, 0x59, 0xCE, 0x59, 0xCE, 0x59, 0xCE, 0x59, 0xCE,
    0x59, 0xCE, 0x59, 0xCE, 0x59, 0xCE, 0x59, 0xCE, 0x59, 0xCE, 0x59, 0xCE, 0x59, 0xCE, 0x59, 0xCE,
    0x59, 0xCE, 0x59, 0xCE, 0x59, 0xCE, 0x59, 0xCE, 0x59, 0xCE, 0x59, 0xCE, 0x59, 0xCE, 0x59, 0xCE,
    0x59, 0xCE, 0x59, 0xCE, 0x59, 0xCE, 0x59, 0xCE, 0x59, 0xCE, 0x59, 0xCE, 0x59, 0xCE, 0x59, 0xCE,
    0x59, 0xCE, 0x59, 0xCE, 0x59, 0xCE, 0x59, 0xCE, 0x59, 0xCE, 0x59, 0xCE, 0x59, 0xCE, 0x59, 0xCE,
    0x59, 0xCE, 0x59, 0xCE, 0x59, 0xCE, 0x59, 0xCE, 0x59, 0xCE, 0x59, 0xCE, 0x59, 0xCE, 0x59, 0xCE,
    0x59, 0xCE, 0x59, 0xCE, 0x59, 0xCE, 0x59, 0xCE, 0x59, 0xCE, 0x59, 0xCE, 0x59, 0xCE, 0x59, 0xCE,
    0x59, 0xCE, 0x59, 0xCE, 0xC7, 0x39, 0xFB, 0xDE, 0x1C, 0xE7, 0x3C, 0xE7, 0x5D, 0xEF, 0x7D, 0xEF,
    0x1C, 0xE7, 0x1C, 0xE7, 0x10, 0x84, 0x24, 0x21, 0x24, 0x21, 0x24, 0x21, 0x24, 0x21, 0x24, 0x21,
    0x24, 0x21, 0x24, 0x21, 0x24, 0x21, 0x24, 0x21, 0x24, 0x21, 0x24, 0x21, 0x24, 0x21, 0x24, 0x21,
    0x24, 0x21, 0x24, 0x21, 0x24, 0x21, 0x24, 0x21, 0x24, 0x21, 0x24, 0x21, 0x24, 0x21, 0x24, 0x21,
    0x24, 0x21, 0x24, 0x21, 0x24, 0x21, 0x24, 0x21, 0x24, 0x21, 0x24, 0x21, 0x24, 0x21, 0x24, 0x21,
    0x24, 0x21, 0x24, 0x21, 0x24, 0x21, 0x24, 0x21, 0x24, 0x21, 0x24, 0x21, 0x24, 0x21, 0x24, 0x21,
    0x24, 0x21, 0x24, 0x21, 0x24, 0x21, 0x24, 0x21, 0x24, 0x21, 0x24, 0x21, 0x24, 0x21, 0x24, 0x21,
    0x24, 0x21, 0x24, 0x21, 0x24, 0x21, 0x24, 0x21, 0x24, 0x21, 0x24, 0x21, 0x24, 0x21, 0x24, 0x21,
    0x24, 0x21, 0x24, 0x21, 0x24, 0x21, 0x24, 0x21, 0x24, 0x21, 0x24, 0x21, 0x24, 0x21, 0x24, 0x21,
    0x24, 0x21, 0x24, 0x21, 0x24, 0x21, 0x24, 0x21, 0x24, 0x21, 0x24, 0x21, 0x24, 0x21, 0x24, 0x21,
    0x24, 0x21, 0x24, 0x21, 0x24, 0x21, 0x24, 0x21, 0x24, 0x21, 0x24, 0x21, 0x24, 0x21, 0x24, 0x21,
    0x24, 0x21, 0x24, 0x21, 0x24, 0x21, 0x24, 0x21, 0x24, 0x21, 0x24, 0x21, 0x24, 0x21, 0x24, 0x21,
    0x24, 0x21, 0x24, 0x21, 0x24, 0x21, 0x24, 0x21, 0x24, 0x21, 0x24, 0x21, 0x24, 0x21, 0x24, 0x21,
    0x24, 0x21, 0x24, 0x21, 0x24, 0x21, 0x24, 0x21, 0x24, 0x21, 0x24, 0x21, 0x24, 0x21, 0x24, 0x21,
    0x24, 0x21, 0x24, 0x21, 0x24, 0x21, 0x24, 0x21, 0x24, 0x21, 0x24, 0x21, 0x24, 0x21, 0x24, 0x21,
    0x24, 0x21, 0x24, 0x21, 0x24, 0x21, 0x24, 0x21, 0x24, 0x21, 0x24, 0x21, 0x24, 0x21, 0x24, 0x21,
    0x24, 0x21, 0x24, 0x21, 0x24, 0x21, 0x24, 0x21, 0x24, 0x21, 0x24, 0x21, 0x24, 0x21, 0x24, 0x21,
    0x24, 0x21, 0x24, 0x21, 0x24, 0x21, 0xCB, 0x5A, 0x9E, 0xF7, 0x9E, 0xF7, 0x9E, 0xF7, 0xBE, 0xF7,
    0xBE, 0xF7, 0xBE, 0xF7, 0xBE, 0xF7, 0xBE, 0xF7, 0xBE, 0xF7, 0xBE, 0xF7, 0xBE, 0xF7, 0xBE, 0xF7,
    0xBE, 0xF7, 0xBE, 0xF7, 0xBE, 0xF7, 0xBE, 0xF7, 0xBE, 0xF7, 0xBE, 0xF7, 0xBE, 0xF7, 0xDF, 0xFF,
    0xBE, 0xF7, 0xBE, 0xF7, 0xBE, 0xF7, 0x24, 0x21, 0xD9, 0xDB, 0xD9, 0xDB, 0xD9, 0xDB, 0xD9, 0xDB,
    0xD9, 0xDB, 0xD9, 0xDB, 0xD9, 0xDB, 0xD9, 0xDB, 0xD9, 0xDB, 0xD9, 0xDB, 0xD9, 0xDB, 0xD9, 0xDB,
    0xD9, 0xDB, 0xD9, 0xDB, 0xD9, 0xDB, 0xD9, 0xDB, 0xD9, 0xDB, 0xD9, 0xDB, 0xD9, 0xDB, 0xD9, 0xDB,
    0xD9, 0xDB, 0xD9, 0xDB, 0xD9, 0xDB, 0xD9, 0xDB, 0xD9, 0xDB, 0xD9, 0xDB, 0xD9, 0xDB, 0xD9, 0xDB,
    0xD9, 0xDB, 0xD9, 0xDB, 0xD9, 0xDB, 0xD9, 0xDB, 0xD9, 0xDB, 0xD9, 0xDB, 0xD9, 0xDB, 0xD9, 0xDB,
    0xD9, 0xDB, 0xD9, 0xDB, 0xD9, 0xDB, 0xD9, 0xDB, 0xD9, 0xDB, 0xD9, 0xDB, 0xD9, 0xDB, 0xD9, 0xDB,
    0xD9, 0xDB, 0xD9, 0xDB, 0xD9, 0xDB, 0x24, 0x21, 0x59, 0xCE, 0x59, 0xCE, 0x59, 0xCE, 0x59, 0xCE,
    0x59, 0xCE, 0x59, 0xCE, 0x59, 0xCE, 0x04, 0x21, 0x04, 0x21, 0x04, 0x21, 0x04, 0x21, 0x04, 0x21,
    0x04, 0x21, 0x1C, 0xE7, 0xFF, 0xFF, 0xFF, 0xFF, 0xFF, 0xFF, 0xFF, 0xFF, 0x9E, 0xF7, 0x04, 0x21,
    0x04, 0x21, 0x04, 0x21, 0x04, 0x21, 0x04, 0x21, 0x04, 0x21, 0x59, 0xCE, 0x59, 0xCE, 0x59, 0xCE,
    0x59, 0xCE, 0x59, 0xCE, 0x59, 0xCE, 0x59, 0xCE, 0x59, 0xCE, 0x59, 0xCE, 0x59, 0xCE, 0x59, 0xCE,
    0x59, 0xCE, 0x59, 0xCE, 0x59, 0xCE, 0x59, 0xCE, 0x59, 0xCE, 0x59, 0xCE, 0x59, 0xCE, 0x59, 0xCE,
    0x59, 0xCE, 0x59, 0xCE, 0x59, 0xCE, 0x59, 0xCE, 0x59, 0xCE, 0x59, 0xCE, 0x59, 0xCE, 0x59, 0xCE,
    0x59, 0xCE, 0x59, 0xCE, 0x59, 0xCE, 0x59, 0xCE, 0x59, 0xCE, 0x59, 0xCE, 0x59, 0xCE, 0x59, 0xCE,
    0x59, 0xCE, 0x59, 0xCE, 0x59, 0xCE, 0x59, 0xCE, 0x59, 0xCE, 0x59, 0xCE, 0x59, 0xCE, 0x59, 0xCE,
    0x59, 0xCE, 0x59, 0xCE, 0x59, 0xCE, 0x59, 0xCE, 0x59, 0xCE, 0x59, 0xCE, 0x59, 0xCE, 0x59, 0xCE,
    0x59, 0xCE, 0x59, 0xCE, 0x59, 0xCE, 0x59, 0xCE, 0x59, 0xCE, 0x59, 0xCE, 0x59, 0xCE, 0x59, 0xCE,
    0x59, 0xCE, 0x59, 0xCE, 0x59, 0xCE, 0x59, 0xCE, 0x59, 0xCE, 0x59, 0xCE, 0x59, 0xCE, 0x59, 0xCE,
    0x59, 0xCE, 0x59, 0xCE, 0x59, 0xCE, 0x59, 0xCE, 0x59, 0xCE, 0x59, 0xCE, 0x59, 0xCE, 0x59, 0xCE,
    0x59, 0xCE, 0x59, 0xCE, 0x59, 0xCE, 0x59, 0xCE, 0x59, 0xCE, 0x59, 0xCE, 0x59, 0xCE, 0x59, 0xCE,
    0x59, 0xCE, 0x59, 0xCE, 0xC7, 0x39, 0xFB, 0xDE, 0x1C, 0xE7, 0x3C, 0xE7, 0x5D, 0xEF, 0x7D, 0xEF,
    0x1C, 0xE7, 0x1C, 0xE7, 0x1C, 0xE7, 0x10, 0x84, 0x24, 0x21, 0x24, 0x21, 0x24, 0x21, 0x24, 0x21,
    0x24, 0x21, 0x24, 0x21, 0x24, 0x21, 0x24, 0x21, 0x24, 0x21, 0x24, 0x21, 0x24, 0x21, 0x24, 0x21,
    0x24, 0x21, 0x24, 0x21, 0x24, 0x21, 0x24, 0x21, 0x24, 0x21, 0x24, 0x21, 0x24, 0x21, 0x24, 0x21,
    0x24, 0x21, 0x24, 0x21, 0x24, 0x21, 0x24, 0x21, 0x24, 0x21, 0x24, 0x21, 0x24, 0x21, 0x24, 0x21,
    0x24, 0x21, 0x24, 0x21, 0x24, 0x21, 0x24, 0x21, 0x24, 0x21, 0x24, 0x21, 0x24, 0x21, 0x24, 0x21,
    0x24, 0x21, 0x24, 0x21, 0x24, 0x21, 0x24, 0x21, 0x24, 0x21, 0x24, 0x21, 0x24, 0x21, 0x24, 0x21,
    0x24, 0x21, 0x24, 0x21, 0x24, 0x21, 0x24, 0x21, 0x24, 0x21, 0x24, 0x21, 0x24, 0x21, 0x24, 0x21,
    0x24, 0x21, 0x24, 0x21, 0x24, 0x21, 0x24, 0x21, 0x24, 0x21, 0x24, 0x21, 0x24, 0x21, 0x24, 0x21,
    0x24, 0x21, 0x24, 0x21, 0x24, 0x21, 0x24, 0x21, 0x24, 0x21, 0x24, 0x21, 0x24, 0x21, 0x24, 0x21,
    0x24, 0x21, 0x24, 0x21, 0x24, 0x21, 0x24, 0x21, 0x24, 0x21, 0x24, 0x21, 0x24, 0x21, 0x24, 0x21,
    0x24, 0x21, 0x24, 0x21, 0x24, 0x21, 0x24, 0x21, 0x24, 0x21, 0x24, 0x21, 0x24, 0x21, 0x24, 0x21,
    0x24, 0x21, 0x24, 0x21, 0x24, 0x21, 0x24, 0x21, 0x24, 0x21, 0x24, 0x21, 0x24, 0x21, 0x24, 0x21,
    0x24, 0x21, 0x24, 0x21, 0x24, 0x21, 0x24, 0x21, 0x24, 0x21, 0x24, 0x21, 0x24, 0x21, 0x24, 0x21,
    0x24, 0x21, 0x24, 0x21, 0x24, 0x21, 0x24, 0x21, 0x24, 0x21, 0x24, 0x21, 0x24, 0x21, 0x24, 0x21,
    0x24, 0x21, 0x24, 0x21, 0x24, 0x21, 0x24, 0x21, 0x24, 0x21, 0x24, 0x21, 0x24, 0x21, 0x24, 0x21,
    0x24, 0x21, 0x24, 0x21, 0x24, 0x21, 0x24, 0x21, 0x24, 0x21, 0x24, 0x21, 0x24, 0x21, 0x24, 0x21,
    0x24, 0x21, 0x24, 0x21, 0x24, 0x21, 0x8E, 0x73, 0x9E, 0xF7, 0x9E, 0xF7, 0x9E, 0xF7, 0xBE, 0xF7,
    0xBE, 0xF7, 0xBE, 0xF7, 0xBE, 0xF7, 0xBE, 0xF7, 0xBE, 0xF7, 0xBE, 0xF7, 0xBE, 0xF7, 0xBE, 0xF7,
    0xBE, 0xF7, 0xBE, 0xF7, 0xBE, 0xF7, 0xBE, 0xF7, 0xBE, 0xF7, 0xBE, 0xF7, 0xBE, 0xF7, 0xBE, 0xF7,
    0xBE, 0xF7, 0xBE, 0xF7, 0xBE, 0xF7, 0x24, 0x21, 0xD9, 0xDB, 0xD9, 0xDB, 0xD9, 0xDB, 0xD9, 0xDB,
    0xD9, 0xDB, 0xD9, 0xDB, 0xD9, 0xDB, 0xD9, 0xDB, 0xD9, 0xDB, 0xD9, 0xDB, 0xD9, 0xDB, 0xD9, 0xDB,
    0xD9, 0xDB, 0xD9, 0xDB, 0xD9, 0xDB, 0xD9, 0xDB, 0xD9, 0xDB, 0xD9, 0xDB, 0xD9, 0xDB, 0xD9, 0xDB,
    0xD9, 0xDB, 0xD9, 0xDB, 0xD9, 0xDB, 0xD9, 0xDB, 0xD9, 0xDB, 0xD9, 0xDB, 0xD9, 0xDB, 0xD9, 0xDB,
    0xD9, 0xDB, 0xD9, 0xDB, 0xD9, 0xDB, 0xD9, 0xDB, 0xD9, 0xDB, 0xD9, 0xDB, 0xD9, 0xDB, 0xD9, 0xDB,
    0xD9, 0xDB, 0xD9, 0xDB, 0xD9, 0xDB, 0xD9, 0xDB, 0xD9, 0xDB, 0xD9, 0xDB, 0xD9, 0xDB, 0xD9, 0xDB,
    0xD9, 0xDB, 0xD9, 0xDB, 0xD9, 0xDB, 0x24, 0x21, 0x59, 0xCE, 0x59, 0xCE, 0x59, 0xCE, 0x59, 0xCE,
    0x59, 0xCE, 0x59, 0xCE, 0x59, 0xCE, 0x04, 0x21, 0x04, 0x21, 0x04, 0x21, 0x04, 0x21, 0x04, 0x21,
    0xCB, 0x5A, 0xFF, 0xFF, 0xF3, 0x9C, 0xCB, 0x5A, 0xCB, 0x5A, 0xF3, 0x9C, 0xFF, 0xFF, 0xCB, 0x5A,
    0x04, 0x21, 0x04, 0x21, 0x04, 0x21, 0x04, 0x21, 0x04, 0x21, 0x59, 0xCE, 0x59, 0xCE, 0x59, 0xCE,
    0x59, 0xCE, 0x59, 0xCE, 0x59, 0xCE, 0x59, 0xCE, 0x59, 0xCE, 0x59, 0xCE, 0x59, 0xCE, 0x59, 0xCE,
    0x59, 0xCE, 0x59, 0xCE, 0x59, 0xCE, 0x59, 0xCE, 0x59, 0xCE, 0x59, 0xCE, 0x59, 0xCE, 0x59, 0xCE,
    0x59, 0xCE, 0x59, 0xCE, 0x59, 0xCE, 0x59, 0xCE, 0x59, 0xCE, 0x59, 0xCE, 0x59, 0xCE, 0x59, 0xCE,
    0x59, 0xCE, 0x59, 0xCE, 0x59, 0xCE, 0x59, 0xCE, 0x59, 0xCE, 0x59, 0xCE, 0x59, 0xCE, 0x59, 0xCE,
    0x59, 0xCE, 0x59, 0xCE, 0x59, 0xCE, 0x59, 0xCE, 0x59, 0xCE, 0x59, 0xCE, 0x59, 0xCE, 0x59, 0xCE,
    0x59, 0xCE, 0x59, 0xCE, 0x59, 0xCE, 0x59, 0xCE, 0x59, 0xCE, 0x59, 0xCE, 0x59, 0xCE, 0x59, 0xCE,
    0x59, 0xCE, 0x59, 0xCE, 0x59, 0xCE, 0x59, 0xCE, 0x59, 0xCE, 0x59, 0xCE, 0x59, 0xCE, 0x59, 0xCE,
    0x59, 0xCE, 0x59, 0xCE, 0x59, 0xCE, 0x59, 0xCE, 0x59, 0xCE, 0x59, 0xCE, 0x59, 0xCE, 0x59, 0xCE,
    0x59, 0xCE, 0x59, 0xCE, 0x59, 0xCE, 0x59, 0xCE, 0x59, 0xCE, 0x59, 0xCE, 0x59, 0xCE, 0x59, 0xCE,
    0x59, 0xCE, 0x59, 0xCE, 0x59, 0xCE, 0x59, 0xCE, 0x59, 0xCE, 0x59, 0xCE, 0x59, 0xCE, 0x59, 0xCE,
    0x59, 0xCE, 0x59, 0xCE, 0xC7, 0x39, 0x1C, 0xDF, 0x1C, 0xE7, 0x3C, 0xE7, 0x5D, 0xEF, 0x7D, 0xEF,
    0x1C, 0xE7, 0x1C, 0xE7, 0x1C, 0xE7, 0x1C, 0xE7, 0x1C, 0xE7, 0x1C, 0xE7, 0x1C, 0xE7, 0x1C, 0xE7,
    0x1C, 0xE7, 0x1C, 0xE7, 0x1C, 0xE7, 0x1C, 0xE7, 0x1C, 0xE7, 0x1C, 0xE7, 0x1C, 0xE7, 0x1C, 0xE7,
    0x1C, 0xE7, 0x1C, 0xE7, 0x1C, 0xE7, 0x1C, 0xE7, 0x1C, 0xE7, 0x1C, 0xE7, 0x1C, 0xE7, 0x1C, 0xE7,
    0x1C, 0xE7, 0xBA, 0xD6, 0x71, 0x8C, 0x24, 0x21, 0x24, 0x21, 0x24, 0x21, 0x24, 0x21, 0x24, 0x21,
    0x24, 0x21, 0x24, 0x21, 0x24, 0x21, 0x24, 0x21, 0x24, 0x21, 0x24, 0x21, 0x24, 0x21, 0x24, 0x21,
    0x24, 0x21, 0x24, 0x21, 0x24, 0x21, 0x24, 0x21, 0x24, 0x21, 0x24, 0x21, 0x24, 0x21, 0x24, 0x21,
    0x24, 0x21, 0x24, 0x21, 0x24, 0x21, 0x24, 0x21, 0x24, 0x21, 0x24, 0x21, 0x24, 0x21, 0x24, 0x21,
    0x24, 0x21, 0x24, 0x21, 0x24, 0x21, 0x24, 0x21, 0x24, 0x21, 0x24, 0x21, 0x24, 0x21, 0x24, 0x21,
    0x24, 0x21, 0x24, 0x21, 0x24, 0x21, 0x24, 0x21, 0x24, 0x21, 0x24, 0x21, 0x24, 0x21, 0x24, 0x21,
    0x24, 0x21, 0x24, 0x21, 0x24, 0x21, 0x24, 0x21, 0x24, 0x21, 0x24, 0x21, 0x24, 0x21, 0x24, 0x21,
    0x24, 0x21, 0x24, 0x21, 0x24, 0x21, 0x24, 0x21, 0x24, 0x21, 0x24, 0x21, 0x24, 0x21, 0x24, 0x21,
    0x24, 0x21, 0x24, 0x21, 0x24, 0x21, 0x24, 0x21, 0x24, 0x21, 0x24, 0x21, 0x24, 0x21, 0x24, 0x21,
    0x24, 0x21, 0x24, 0x21, 0x24, 0x21, 0x24, 0x21, 0x24, 0x21, 0x24, 0x21, 0x24, 0x21, 0x24, 0x21,
    0x24, 0x21, 0x24, 0x21, 0x24, 0x21, 0x24, 0x21, 0x24, 0x21, 0x24, 0x21, 0x24, 0x21, 0x24, 0x21,
    0x24, 0x21, 0x24, 0x21, 0x24, 0x21, 0x24, 0x21, 0x24, 0x21, 0x24, 0x21, 0x24, 0x21, 0x24, 0x21,
    0x24, 0x21, 0x24, 0x21, 0x24, 0x21, 0x24, 0x21, 0x24, 0x21, 0x24, 0x21, 0x24, 0x21, 0x24, 0x21,
    0x24, 0x21, 0x24, 0x21, 0x69, 0x4A, 0xDB, 0xDE, 0x9E, 0xF7, 0x9E, 0xF7, 0x9E, 0xF7, 0x9E, 0xF7,
    0xBE, 0xF7, 0xBE, 0xF7, 0xBE, 0xF7, 0xBE, 0xF7, 0xBE, 0xF7, 0xBE, 0xF7, 0xBE, 0xF7, 0xBE, 0xF7,
    0xBE, 0xF7, 0xBE, 0xF7, 0xBE, 0xF7, 0xBE, 0xF7, 0xBE, 0xF7, 0xBE, 0xF7, 0xBE, 0xF7, 0xBE, 0xF7,
    0xBE, 0xF7, 0xBE, 0xF7, 0xBE, 0xF7, 0x24, 0x21, 0xD9, 0xDB, 0xD9, 0xDB, 0xD9, 0xDB, 0xD9, 0xDB,
    0xD9, 0xDB, 0xD9, 0xDB, 0xD9, 0xDB, 0xD9, 0xDB, 0xD9, 0xDB, 0xD9, 0xDB, 0xD9, 0xDB, 0xD9, 0xDB,
    0xD9, 0xDB, 0xD9, 0xDB, 0xD9, 0xDB, 0xD9, 0xDB, 0xD9, 0xDB, 0xD9, 0xDB, 0xD9, 0xDB, 0xD9, 0xDB,
    0xD9, 0xDB, 0xD9, 0xDB, 0xD9, 0xDB, 0xD9, 0xDB, 0xD9, 0xDB, 0xD9, 0xDB, 0xD9, 0xDB, 0xD9, 0xDB,
    0xD9, 0xDB, 0xD9, 0xDB, 0xD9, 0xDB, 0xD9, 0xDB, 0xD9, 0xDB, 0xD9, 0xDB, 0xD9, 0xDB, 0xD9, 0xDB,
    0xD9, 0xDB, 0xD9, 0xDB, 0xD9, 0xDB, 0xD9, 0xDB, 0xD9, 0xDB, 0xD9, 0xDB, 0xD9, 0xDB, 0xD9, 0xDB,
    0xD9, 0xDB, 0xD9, 0xDB, 0xD9, 0xDB, 0x24, 0x21, 0x59, 0xCE, 0x59, 0xCE, 0x59, 0xCE, 0x59, 0xCE,
    0x59, 0xCE, 0x59, 0xCE, 0x59, 0xCE, 0x04, 0x21, 0x04, 0x21, 0x04, 0x21, 0x04, 0x21, 0x04, 0x21,
    0x55, 0xAD, 0xFF, 0xFF, 0x49, 0x4A, 0x04, 0x21, 0x04, 0x21, 0x49, 0x4A, 0xFF, 0xFF, 0xF3, 0x9C,
    0x04, 0x21, 0x04, 0x21, 0x04, 0x21, 0x04, 0x21, 0x04, 0x21, 0x59, 0xCE, 0x59, 0xCE, 0x59, 0xCE,
    0x59, 0xCE, 0x59, 0xCE, 0x59, 0xCE, 0x59, 0xCE, 0x59, 0xCE, 0x59, 0xCE, 0x59, 0xCE, 0x59, 0xCE,
    0x59, 0xCE, 0x59, 0xCE, 0x59, 0xCE, 0x59, 0xCE, 0x59, 0xCE, 0x59, 0xCE, 0x59, 0xCE, 0x59, 0xCE,
    0x59, 0xCE, 0x59, 0xCE, 0x59, 0xCE, 0x59, 0xCE, 0x59, 0xCE, 0x59, 0xCE, 0x59, 0xCE, 0x59, 0xCE,
    0x59, 0xCE, 0x59, 0xCE, 0x59, 0xCE, 0x59, 0xCE, 0x59, 0xCE, 0x59, 0xCE, 0x59, 0xCE, 0x59, 0xCE,
    0x59, 0xCE, 0x59, 0xCE, 0x59, 0xCE, 0x59, 0xCE, 0x59, 0xCE, 0x59, 0xCE, 0x59, 0xCE, 0x59, 0xCE,
    0x59, 0xCE, 0x59, 0xCE, 0x59, 0xCE, 0x59, 0xCE, 0x59, 0xCE, 0x59, 0xCE, 0x59, 0xCE, 0x59, 0xCE,
    0x59, 0xCE, 0x59, 0xCE, 0x59, 0xCE, 0x59, 0xCE, 0x59, 0xCE, 0x59, 0xCE, 0x59, 0xCE, 0x59, 0xCE,
    0x59, 0xCE, 0x59, 0xCE, 0x59, 0xCE, 0x59, 0xCE, 0x59, 0xCE, 0x59, 0xCE, 0x59, 0xCE, 0x59, 0xCE,
    0x59, 0xCE, 0x59, 0xCE, 0x59, 0xCE, 0x59, 0xCE, 0x59, 0xCE, 0x59, 0xCE, 0x59, 0xCE, 0x59, 0xCE,
    0x59, 0xCE, 0x59, 0xCE, 0x59, 0xCE, 0x59, 0xCE, 0x59, 0xCE, 0x59, 0xCE, 0x59, 0xCE, 0x59, 0xCE,
    0x59, 0xCE, 0x59, 0xCE, 0xC7, 0x39, 0x1C, 0xDF, 0x1C, 0xE7, 0x3C, 0xE7, 0x5D, 0xEF, 0x7D, 0xEF,
    0x1C, 0xE7, 0x1C, 0xE7, 0x1C, 0xE7, 0x1C, 0xE7, 0x1C, 0xE7, 0x1C, 0xE7, 0x1C, 0xE7, 0x1C, 0xE7,
    0x1C, 0xE7, 0x1C, 0xE7, 0x1C, 0xE7, 0x1C, 0xE7, 0x1C, 0xE7, 0x1C, 0xE7, 0x1C, 0xE7, 0x1C, 0xE7,
    0x1C, 0xE7, 0x1C, 0xE7, 0x1C, 0xE7, 0x1C, 0xE7, 0x1C, 0xE7, 0x1C, 0xE7, 0x1C, 0xE7, 0x1C, 0xE7,
    0x1C, 0xE7, 0x1C, 0xE7, 0x1C, 0xE7, 0x10, 0x84, 0x24, 0x21, 0x24, 0x21, 0x24, 0x21, 0x24, 0x21,
    0x24, 0x21, 0x24, 0x21, 0x24, 0x21, 0x24, 0x21, 0x24, 0x21, 0x24, 0x21, 0x24, 0x21, 0x24, 0x21,
    0x24, 0x21, 0x24, 0x21, 0x24, 0x21, 0x24, 0x21, 0x24, 0x21, 0x24, 0x21, 0x24, 0x21, 0x24, 0x21,
    0x24, 0x21, 0x24, 0x21, 0x24, 0x21, 0x24, 0x21, 0x24, 0x21, 0x24, 0x21, 0x24, 0x21, 0x24, 0x21,
    0x24, 0x21, 0x24, 0x21, 0x24, 0x21, 0x24, 0x21, 0x24, 0x21, 0x24, 0x21, 0x24, 0x21, 0x24, 0x21,
    0x24, 0x21, 0x24, 0x21, 0x24, 0x21, 0x24, 0x21, 0x24, 0x21, 0x24, 0x21, 0x24, 0x21, 0x24, 0x21,
    0x24, 0x21, 0x24, 0x21, 0x24, 0x21, 0x24, 0x21, 0x24, 0x21, 0x24, 0x21, 0x24, 0x21, 0x24, 0x21,
    0x24, 0x21, 0x24, 0x21, 0x24, 0x21, 0x24, 0x21, 0x24, 0x21, 0x24, 0x21, 0x24, 0x21, 0x24, 0x21,
    0x24, 0x21, 0x24, 0x21, 0x24, 0x21, 0x24, 0x21, 0x24, 0x21, 0x24, 0x21, 0x24, 0x21, 0x24, 0x21,
    0x24, 0x21, 0x24, 0x21, 0x24, 0x21, 0x24, 0x21, 0x24, 0x21, 0x24, 0x21, 0x24, 0x21, 0x24, 0x21,
    0x24, 0x21, 0x24, 0x21, 0x24, 0x21, 0x24, 0x21, 0x24, 0x21, 0x24, 0x21, 0x24, 0x21, 0x24, 0x21,
    0x24, 0x21, 0x24, 0x21, 0x24, 0x21, 0x24, 0x21, 0x24, 0x21, 0x24, 0x21, 0x24, 0x21, 0x24, 0x21,
    0x24, 0x21, 0x24, 0x21, 0x24, 0x21, 0x24, 0x21, 0x24, 0x21, 0x24, 0x21, 0x24, 0x21, 0x24, 0x21,
    0x24, 0x21, 0x69, 0x4A, 0x3C, 0xE7, 0x9E, 0xF7, 0x9E, 0xF7, 0x9E, 0xF7, 0x9E, 0xF7, 0x9E, 0xF7,
    0x9E, 0xF7, 0x9E, 0xF7, 0xBE, 0xF7, 0xBE, 0xF7, 0xBE, 0xF7, 0xBE, 0xF7, 0xBE, 0xF7, 0xBE, 0xF7,
    0xBE, 0xF7, 0xBE, 0xF7, 0xBE, 0xF7, 0xBE, 0xF7, 0xBE, 0xF7, 0xBE, 0xF7, 0xBE, 0xF7, 0xBE, 0xF7,
    0xBE, 0xF7, 0xBE, 0xF7, 0xBE, 0xF7, 0x24, 0x21, 0xD9, 0xDB, 0xD9, 0xDB, 0xD9, 0xDB, 0xD9, 0xDB,
    0xD9, 0xDB, 0xD9, 0xDB, 0xD9, 0xDB, 0xD9, 0xDB, 0xD9, 0xDB, 0xD9, 0xDB, 0xD9, 0xDB, 0xD9, 0xDB,
    0xD9, 0xDB, 0xD9, 0xDB, 0xD9, 0xDB, 0xD9, 0xDB, 0xD9, 0xDB, 0xD9, 0xDB, 0xD9, 0xDB, 0xD9, 0xDB,
    0xD9, 0xDB, 0xD9, 0xDB, 0xD9, 0xDB, 0xD9, 0xDB, 0xD9, 0xDB, 0xD9, 0xDB, 0xD9, 0xDB, 0xD9, 0xDB,
    0xD9, 0xDB, 0xD9, 0xDB, 0xD9, 0xDB, 0xD9, 0xDB, 0xD9, 0xDB, 0xD9, 0xDB, 0xD9, 0xDB, 0xD9, 0xDB,
    0xD9, 0xDB, 0xD9, 0xDB, 0xD9, 0xDB, 0xD9, 0xDB, 0xD9, 0xDB, 0xD9, 0xDB, 0xD9, 0xDB, 0xD9, 0xDB,
    0xD9, 0xDB, 0xD9, 0xDB, 0xD9, 0xDB, 0x24, 0x21, 0x59, 0xCE, 0x59, 0xCE, 0x59, 0xCE, 0x59, 0xCE,
    0x59, 0xCE, 0x59, 0xCE, 0x59, 0xCE, 0x04, 0x21, 0x04, 0x21, 0x04, 0x21, 0x04, 0x21, 0x04, 0x21,
    0x04, 0x21, 0x04, 0x21, 0x04, 0x21, 0x04, 0x21, 0x04, 0x21, 0x04, 0x21, 0x04, 0x21, 0x04, 0x21,
    0x04, 0x21, 0x04, 0x21, 0x04, 0x21, 0x04, 0x21, 0x04, 0x21, 0x59, 0xCE, 0x59, 0xCE, 0x59, 0xCE,
    0x59, 0xCE, 0x59, 0xCE, 0x59, 0xCE, 0x59, 0xCE, 0x59, 0xCE, 0x59, 0xCE, 0x59, 0xCE, 0x59, 0xCE,
    0x59, 0xCE, 0x59, 0xCE, 0x59, 0xCE, 0x59, 0xCE, 0x59, 0xCE, 0x59, 0xCE, 0x59, 0xCE, 0x59, 0xCE,
    0x59, 0xCE, 0x59, 0xCE, 0x59, 0xCE, 0x59, 0xCE, 0x59, 0xCE, 0x59, 0xCE, 0x59, 0xCE, 0x59, 0xCE,
    0x59, 0xCE, 0x59, 0xCE, 0x59, 0xCE, 0x59, 0xCE, 0x59, 0xCE, 0x59, 0xCE, 0x59, 0xCE, 0x59, 0xCE,
    0x59, 0xCE, 0x59, 0xCE, 0x59, 0xCE, 0x59, 0xCE, 0x59, 0xCE, 0x59, 0xCE, 0x59, 0xCE, 0x59, 0xCE,
    0x59, 0xCE, 0x59, 0xCE, 0x59, 0xCE, 0x59, 0xCE, 0x59, 0xCE, 0x59, 0xCE, 0x59, 0xCE, 0x59, 0xCE,
    0x59, 0xCE, 0x59, 0xCE, 0x59, 0xCE, 0x59, 0xCE, 0x59, 0xCE, 0x59, 0xCE, 0x59, 0xCE, 0x59, 0xCE,
    0x59, 0xCE, 0x59, 0xCE, 0x59, 0xCE, 0x59, 0xCE, 0x59, 0xCE, 0x59, 0xCE, 0x59, 0xCE, 0x59, 0xCE,
    0x59, 0xCE, 0x59, 0xCE, 0x59, 0xCE, 0x59, 0xCE, 0x59, 0xCE, 0x59, 0xCE, 0x59, 0xCE, 0x59, 0xCE,
    0x59, 0xCE, 0x59, 0xCE, 0x59, 0xCE, 0x59, 0xCE, 0x59, 0xCE, 0x59, 0xCE, 0x59, 0xCE, 0x59, 0xCE,
    0x59, 0xCE, 0x59, 0xCE, 0xC7, 0x39, 0x1C, 0xDF, 0x1C, 0xE7, 0x3C, 0xE7, 0x5D, 0xEF, 0x7D, 0xEF,
    0x1C, 0xE7, 0x1C, 0xE7, 0x1C, 0xE7, 0x1C, 0xE7, 0x1C, 0xE7, 0x1C, 0xE7, 0x1C, 0xE7, 0x1C, 0xE7,
    0x1C, 0xE7, 0x1C, 0xE7, 0x1C, 0xE7, 0x1C, 0xE7, 0x1C, 0xE7, 0x1C, 0xE7, 0x1C, 0xE7, 0x1C, 0xE7,
    0x1C, 0xE7, 0x1C, 0xE7, 0x1C, 0xE7, 0x1C, 0xE7, 0x1C, 0xE7, 0x1C, 0xE7, 0x1C, 0xE7, 0x1C, 0xE7,
    0x1C, 0xE7, 0x1C, 0xE7, 0x1C, 0xE7, 0xBA, 0xD6, 0x24, 0x21, 0x24, 0x21, 0x24, 0x21, 0x24, 0x21,
    0x24, 0x21, 0x24, 0x21, 0x24, 0x21, 0x24, 0x21, 0x24, 0x21, 0x24, 0x21, 0x24, 0x21, 0x24, 0x21,
    0x24, 0x21, 0x24, 0x21, 0x24, 0x21, 0x24, 0x21, 0x24, 0x21, 0x24, 0x21, 0x24, 0x21, 0x24, 0x21,
    0x24, 0x21, 0x24, 0x21, 0x24, 0x21, 0x24, 0x21, 0x24, 0x21, 0x24, 0x21, 0x24, 0x21, 0x24, 0x21,
    0x24, 0x21, 0x24, 0x21, 0x24, 0x21, 0x24, 0x21, 0x24, 0x21, 0x24, 0x21, 0x24, 0x21, 0x24, 0x21,
    0x24, 0x21, 0x24, 0x21, 0x24, 0x21, 0x24, 0x21, 0x24, 0x21, 0x24, 0x21, 0x24, 0x21, 0x24, 0x21,
    0x24, 0x21, 0x24, 0x21, 0x24, 0x21, 0x24, 0x21, 0x24, 0x21, 0x24, 0x21, 0x24, 0x21, 0x24, 0x21,
    0x24, 0x21, 0x24, 0x21, 0x24, 0x21, 0x24, 0x21, 0x24, 0x21, 0x24, 0x21, 0x24, 0x21, 0x24, 0x21,
    0x24, 0x21, 0x24, 0x21, 0x24, 0x21, 0x24, 0x21, 0x24, 0x21, 0x24, 0x21, 0x24, 0x21, 0x24, 0x21,
    0x24, 0x21, 0x24, 0x21, 0x24, 0x21, 0x24, 0x21, 0x24, 0x21, 0x24, 0x21, 0x24, 0x21, 0x24, 0x21,
    0x24, 0x21, 0x24, 0x21, 0x24, 0x21, 0x24, 0x21, 0x24, 0x21, 0x24, 0x21, 0x24, 0x21, 0x24, 0x21,
    0x24, 0x21, 0x24, 0x21, 0x24, 0x21, 0x24, 0x21, 0x24, 0x21, 0x24, 0x21, 0x24, 0x21, 0x24, 0x21,
    0x24, 0x21, 0x24, 0x21, 0x24, 0x21, 0x24, 0x21, 0x24, 0x21, 0x24, 0x21, 0x24, 0x21, 0x24, 0x21,
    0xE7, 0x39, 0x1C, 0xE7, 0x9E, 0xF7, 0x9E, 0xF7, 0x9E, 0xF7, 0x9E, 0xF7, 0x9E, 0xF7, 0x3C, 0xE7,
    0xB1, 0x8C, 0xA8, 0x42, 0xC4, 0x21, 0xC4, 0x21, 0xA8, 0x42, 0xEE, 0x6B, 0xDA, 0xD6, 0xBE, 0xF7,
    0xBE, 0xF7, 0xBE, 0xF7, 0xBE, 0xF7, 0xBE, 0xF7, 0xBE, 0xF7, 0xBE, 0xF7, 0xBE, 0xF7, 0xBE, 0xF7,
    0xBE, 0xF7, 0xBE, 0xF7, 0xBE, 0xF7, 0x24, 0x21, 0xD9, 0xDB, 0xD9, 0xDB, 0xD9, 0xDB, 0xD9, 0xDB,
    0xD9, 0xDB, 0xD9, 0xDB, 0xD9, 0xDB, 0xD9, 0xDB, 0xD9, 0xDB, 0xD9, 0xDB, 0xD9, 0xDB, 0xD9, 0xDB,
    0xD9, 0xDB, 0xD9, 0xDB, 0xD9, 0xDB, 0xD9, 0xDB, 0xD9, 0xDB, 0xD9, 0xDB, 0xD9, 0xDB, 0xD9, 0xDB,
    0xD9, 0xDB, 0xD9, 0xDB, 0xD9, 0xDB, 0xD9, 0xDB, 0xD9, 0xDB, 0xD9, 0xDB, 0xD9, 0xDB, 0xD9, 0xDB,
    0xD9, 0xDB, 0xD9, 0xDB, 0xD9, 0xDB, 0xD9, 0xDB, 0xD9, 0xDB, 0xD9, 0xDB, 0xD9, 0xDB, 0xD9, 0xDB,
    0xD9, 0xDB, 0xD9, 0xDB, 0xD9, 0xDB, 0xD9, 0xDB, 0xD9, 0xDB, 0xD9, 0xDB, 0xD9, 0xDB, 0xD9, 0xDB,
    0xD9, 0xDB, 0xD9, 0xDB, 0xD9, 0xDB, 0x24, 0x21, 0x59, 0xCE, 0x59, 0xCE, 0x59, 0xCE, 0x59, 0xCE,
    0x59, 0xCE, 0x59, 0xCE, 0x59, 0xCE, 0x04, 0x21, 0x04, 0x21, 0x04, 0x21, 0x04, 0x21, 0x04, 0x21,
    0x04, 0x21, 0x04, 0x21, 0x04, 0x21, 0x04, 0x21, 0x04, 0x21, 0x04, 0x21, 0x04, 0x21, 0x04, 0x21,
    0x04, 0x21, 0x04, 0x21, 0x04, 0x21, 0x04, 0x21, 0x04, 0x21, 0x59, 0xCE, 0x59, 0xCE, 0x59, 0xCE,
    0x59, 0xCE, 0x59, 0xCE, 0x59, 0xCE, 0x59, 0xCE, 0x59, 0xCE, 0x59, 0xCE, 0x59, 0xCE, 0x59, 0xCE,
    0x59, 0xCE, 0x59, 0xCE, 0x59, 0xCE, 0x59, 0xCE, 0x59, 0xCE, 0x59, 0xCE, 0x59, 0xCE, 0x59, 0xCE,
    0x59, 0xCE, 0x59, 0xCE, 0x59, 0xCE, 0x59, 0xCE, 0x59, 0xCE, 0x59, 0xCE, 0x59, 0xCE, 0x59, 0xCE,
    0x59, 0xCE, 0x59, 0xCE, 0x59, 0xCE, 0x59, 0xCE, 0x59, 0xCE, 0x59, 0xCE, 0x59, 0xCE, 0x59, 0xCE,
    0x59, 0xCE, 0x59, 0xCE, 0x59, 0xCE, 0x59, 0xCE, 0x59, 0xCE, 0x59, 0xCE, 0x59, 0xCE, 0x59, 0xCE,
    0x59, 0xCE, 0x59, 0xCE, 0x59, 0xCE, 0x59, 0xCE, 0x59, 0xCE, 0x59, 0xCE, 0x59, 0xCE, 0x59, 0xCE,
    0x59, 0xCE, 0x59, 0xCE, 0x59, 0xCE, 0x59, 0xCE, 0x59, 0xCE, 0x59, 0xCE, 0x59, 0xCE, 0x59, 0xCE,
    0x59, 0xCE, 0x59, 0xCE, 0x59, 0xCE, 0x59, 0xCE, 0x59, 0xCE, 0x59, 0xCE, 0x59, 0xCE, 0x59, 0xCE,
    0x59, 0xCE, 0x59, 0xCE, 0x59, 0xCE, 0x59, 0xCE, 0x59, 0xCE, 0x59, 0xCE, 0x59, 0xCE, 0x59, 0xCE,
    0x59, 0xCE, 0x59, 0xCE, 0x59, 0xCE, 0x59, 0xCE, 0x59, 0xCE, 0x59, 0xCE, 0x59, 0xCE, 0x59, 0xCE,
    0x59, 0xCE, 0x59, 0xCE, 0xC7, 0x39, 0xFB, 0xDE, 0x1C, 0xE7, 0x3C, 0xE7, 0x5D, 0xEF, 0x7D, 0xEF,
    0x1C, 0xE7, 0x1C, 0xE7, 0x1C, 0xE7, 0x1C, 0xE7, 0x1C, 0xE7, 0x1C, 0xE7, 0x1C, 0xE7, 0x1C, 0xE7,
    0x1C, 0xE7, 0x1C, 0xE7, 0x1C, 0xE7, 0x1C, 0xE7, 0x1C, 0xE7, 0x1C, 0xE7, 0x1C, 0xE7, 0x1C, 0xE7,
    0x1C, 0xE7, 0x1C, 0xE7, 0x1C, 0xE7, 0x1C, 0xE7, 0x1C, 0xE7, 0x1C, 0xE7, 0x1C, 0xE7, 0x1C, 0xE7,
    0x1C, 0xE7, 0x1C, 0xE7, 0x1C, 0xE7, 0x1C, 0xE7, 0x24, 0x21, 0x24, 0x21, 0x24, 0x21, 0x24, 0x21,
    0x24, 0x21, 0x24, 0x21, 0x24, 0x21, 0x24, 0x21, 0x24, 0x21, 0x24, 0x21, 0x24, 0x21, 0x24, 0x21,
    0x24, 0x21, 0x24, 0x21, 0x24, 0x21, 0x24, 0x21, 0x24, 0x21, 0x24, 0x21, 0x24, 0x21, 0x24, 0x21,
    0x24, 0x21, 0x24, 0x21, 0x24, 0x21, 0x24, 0x21, 0x24, 0x21, 0x24, 0x21, 0x24, 0x21, 0x24, 0x21,
    0x24, 0x21, 0x24, 0x21, 0x24, 0x21, 0x24, 0x21, 0x24, 0x21, 0x24, 0x21, 0x24, 0x21, 0x24, 0x21,
    0x24, 0x21, 0x24, 0x21, 0x24, 0x21, 0x24, 0x21, 0x24, 0x21, 0x24, 0x21, 0x24, 0x21, 0x24, 0x21,
    0x24, 0x21, 0x24, 0x21, 0x24, 0x21, 0x24, 0x21, 0x24, 0x21, 0x24, 0x21, 0x24, 0x21, 0x24, 0x21,
    0x24, 0x21, 0x24, 0x21, 0x24, 0x21, 0x24, 0x21, 0x24, 0x21, 0x24, 0x21, 0x24, 0x21, 0x24, 0x21,
    0x24, 0x21, 0x24, 0x21, 0x24, 0x21, 0x24, 0x21, 0x24, 0x21, 0x24, 0x21, 0x24, 0x21, 0x24, 0x21,
    0x24, 0x21, 0x24, 0x21, 0x24, 0x21, 0x24, 0x21, 0x24, 0x21, 0x24, 0x21, 0x24, 0x21, 0x24, 0x21,
    0x24, 0x21, 0x24, 0x21, 0x24, 0x21, 0x24, 0x21, 0x24, 0x21, 0x24, 0x21, 0x24, 0x21, 0x24, 0x21,
    0x24, 0x21, 0x24, 0x21, 0x24, 0x21, 0x24, 0x21, 0x24, 0x21, 0x24, 0x21, 0x24, 0x21, 0x24, 0x21,
    0x24, 0x21, 0x24, 0x21, 0x24, 0x21, 0x24, 0x21, 0x24, 0x21, 0x24, 0x21, 0x24, 0x21, 0x24, 0x21,
    0xBA, 0xD6, 0x9E, 0xF7, 0x9E, 0xF7, 0x9E, 0xF7, 0x9E, 0xF7, 0x9E, 0xF7, 0xB1, 0x8C, 0x62, 0x11,
    0x01, 0x01, 0x01, 0x01, 0x01, 0x01, 0x01, 0x01, 0x01, 0x01, 0x01, 0x01, 0x01, 0x01, 0x8C, 0x5B,
    0x5C, 0xE7, 0xBE, 0xF7, 0xBE, 0xF7, 0xBE, 0xF7, 0xBE, 0xF7, 0xBE, 0xF7, 0xBE, 0xF7, 0xBE, 0xF7,
    0xBE, 0xF7, 0xBE, 0xF7, 0xBE, 0xF7, 0x24, 0x21, 0xD9, 0xDB, 0xD9, 0xDB, 0xD9, 0xDB, 0xD9, 0xDB,
    0xD9, 0xDB, 0xD9, 0xDB, 0xD9, 0xDB, 0xD9, 0xDB, 0xD9, 0xDB, 0xD9, 0xDB, 0xD9, 0xDB, 0xD9, 0xDB,
    0xD9, 0xDB, 0xD9, 0xDB, 0xD9, 0xDB, 0xD9, 0xDB, 0xD9, 0xDB, 0xD9, 0xDB, 0xD9, 0xDB, 0xD9, 0xDB,
    0xD9, 0xDB, 0xD9, 0xDB, 0xD9, 0xDB, 0xD9, 0xDB, 0xD9, 0xDB, 0xD9, 0xDB, 0xD9, 0xDB, 0xD9, 0xDB,
    0xD9, 0xDB, 0xD9, 0xDB, 0xD9, 0xDB, 0xD9, 0xDB, 0xD9, 0xDB, 0xD9, 0xDB, 0xD9, 0xDB, 0xD9, 0xDB,
    0xD9, 0xDB, 0xD9, 0xDB, 0xD9, 0xDB, 0xD9, 0xDB, 0xD9, 0xDB, 0xD9, 0xDB, 0xD9, 0xDB, 0xD9, 0xDB,
    0xD9, 0xDB, 0xD9, 0xDB, 0xD9, 0xDB, 0x24, 0x21, 0x59, 0xCE, 0x59, 0xCE, 0x59, 0xCE, 0x59, 0xCE,
    0x59, 0xCE, 0x59, 0xCE, 0x59, 0xCE, 0x04, 0x21, 0x04, 0x21, 0x04, 0x21, 0x04, 0x21, 0x04, 0x21,
    0x04, 0x21, 0x04, 0x21, 0x04, 0x21, 0x04, 0x21, 0x04, 0x21, 0x04, 0x21, 0x04, 0x21, 0x04, 0x21,
    0x04, 0x21, 0x04, 0x21, 0x04, 0x21, 0x04, 0x21, 0x04, 0x21, 0x59, 0xCE, 0x59, 0xCE, 0x59, 0xCE,
    0x59, 0xCE, 0x59, 0xCE, 0x59, 0xCE, 0x59, 0xCE, 0x59, 0xCE, 0x59, 0xCE, 0x59, 0xCE, 0x59, 0xCE,
    0x59, 0xCE, 0x59, 0xCE, 0x59, 0xCE, 0x59, 0xCE, 0x59, 0xCE, 0x59, 0xCE, 0x59, 0xCE, 0x59, 0xCE,
    0x59, 0xCE, 0x59, 0xCE, 0x59, 0xCE, 0x59, 0xCE, 0x59, 0xCE, 0x59, 0xCE, 0x59, 0xCE, 0x59, 0xCE,
    0x59, 0xCE, 0x59, 0xCE, 0x59, 0xCE, 0x59, 0xCE, 0x59, 0xCE, 0x59, 0xCE, 0x59, 0xCE, 0x59, 0xCE,
    0x59, 0xCE, 0x59, 0xCE, 0x59, 0xCE, 0x59, 0xCE, 0x59, 0xCE, 0x59, 0xCE, 0x59, 0xCE, 0x59, 0xCE,
    0x59, 0xCE, 0x59, 0xCE, 0x59, 0xCE, 0x59, 0xCE, 0x59, 0xCE, 0x59, 0xCE, 0x59, 0xCE, 0x59, 0xCE,
    0x59, 0xCE, 0x59, 0xCE, 0x59, 0xCE, 0x59, 0xCE, 0x59, 0xCE, 0x59, 0xCE, 0x59, 0xCE, 0x59, 0xCE,
    0x59, 0xCE, 0x59, 0xCE, 0x59, 0xCE, 0x59, 0xCE, 0x59, 0xCE, 0x59, 0xCE, 0x59, 0xCE, 0x59, 0xCE,
    0x59, 0xCE, 0x59, 0xCE, 0x59, 0xCE, 0x59, 0xCE, 0x59, 0xCE, 0x59, 0xCE, 0x59, 0xCE, 0x59, 0xCE,
    0x59, 0xCE, 0x59, 0xCE, 0x59, 0xCE, 0x59, 0xCE, 0x59, 0xCE, 0x59, 0xCE, 0x59, 0xCE, 0x59, 0xCE,
    0x59, 0xCE, 0x59, 0xCE, 0xC7, 0x39, 0xFB, 0xDE, 0x1C, 0xE7, 0x3C, 0xE7, 0x5D, 0xEF, 0x7D, 0xEF,
    0x1C, 0xE7, 0x1C, 0xE7, 0x1C, 0xE7, 0x1C, 0xE7, 0x1C, 0xE7, 0x1C, 0xE7, 0x1C, 0xE7, 0x1C, 0xE7,
    0x3D, 0x9D, 0x7E, 0x5B, 0x7E, 0x5B, 0xDD, 0x6B, 0x3D, 0x7C, 0x5C, 0xC6, 0x1C, 0xE7, 0x1C, 0xE7,
    0x3D, 0x9D, 0x7E, 0x5B, 0x7E, 0x5B, 0xDD, 0x6B, 0x7D, 0x84, 0x5C, 0xC6, 0x1C, 0xE7, 0x1C, 0xE7,
    0x1C, 0xE7, 0x1C, 0xE7, 0x1C, 0xE7, 0x1C, 0xE7, 0x24, 0x21, 0x24, 0x21, 0x24, 0x21, 0x24, 0x21,
    0x24, 0x21, 0x24, 0x21, 0x24, 0x21, 0x24, 0x21, 0x24, 0x21, 0x24, 0x21, 0x24, 0x21, 0x24, 0x21,
    0x24, 0x21, 0x24, 0x21, 0x24, 0x21, 0x24, 0x21, 0x24, 0x21, 0x24, 0x21, 0x24, 0x21, 0x24, 0x21,
    0x24, 0x21, 0x24, 0x21, 0x24, 0x21, 0x24, 0x21, 0x24, 0x21, 0x24, 0x21, 0x24, 0x21, 0x24, 0x21,
    0x24, 0x21, 0x24, 0x21, 0x24, 0x21, 0x24, 0x21, 0x24, 0x21, 0x24, 0x21, 0x24, 0x21, 0x24, 0x21,
    0x24, 0x21, 0x24, 0x21, 0x24, 0x21, 0x24, 0x21, 0x24, 0x21, 0x24, 0x21, 0x24, 0x21, 0x24, 0x21,
    0x24, 0x21, 0x24, 0x21, 0x24, 0x21, 0x24, 0x21, 0x24, 0x21, 0x24, 0x21, 0x24, 0x21, 0x24, 0x21,
    0x24, 0x21, 0x24, 0x21, 0x24, 0x21, 0x24, 0x21, 0x24, 0x21, 0x24, 0x21, 0x24, 0x21, 0x24, 0x21,
    0x24, 0x21, 0x24, 0x21, 0x24, 0x21, 0x24, 0x21, 0x24, 0x21, 0x24, 0x21, 0x24, 0x21, 0x24, 0x21,
    0x24, 0x21, 0x24, 0x21, 0x24, 0x21, 0x24, 0x21, 0x24, 0x21, 0x24, 0x21, 0x24, 0x21, 0x24, 0x21,
    0x24, 0x21, 0x24, 0x21, 0x24, 0x21, 0x24, 0x21, 0x24, 0x21, 0x24, 0x21, 0x24, 0x21, 0x24, 0x21,
    0x24, 0x21, 0x24, 0x21, 0x24, 0x21, 0x24, 0x21, 0x24, 0x21, 0x24, 0x21, 0x24, 0x21, 0x24, 0x21,
    0x24, 0x21, 0x24, 0x21, 0x24, 0x21, 0x24, 0x21, 0x24, 0x21, 0x24, 0x21, 0x24, 0x21, 0x8E, 0x73,
    0x7D, 0xEF, 0x9E, 0xF7, 0x9E, 0xF7, 0x9E, 0xF7, 0x9E, 0xF7, 0x4F, 0x7C, 0x01, 0x01, 0x01, 0x01,
    0x01, 0x01, 0x01, 0x01, 0x01, 0x01, 0x01, 0x01, 0x01, 0x01, 0x01, 0x01, 0x01, 0x01, 0x01, 0x01,
    0xC4, 0x21, 0x3C, 0xE7, 0xBE, 0xF7, 0xBE, 0xF7, 0xBE, 0xF7, 0xBE, 0xF7, 0xBE, 0xF7, 0xBE, 0xF7,
    0xBE, 0xF7, 0xBE, 0xF7, 0xBE, 0xF7, 0x24, 0x21, 0xD9, 0xDB, 0xD9, 0xDB, 0xD9, 0xDB, 0xD9, 0xDB,
    0xD9, 0xDB, 0xD9, 0xDB, 0xD9, 0xDB, 0xD9, 0xDB, 0xD9, 0xDB, 0xD9, 0xDB, 0xD9, 0xDB, 0xD9, 0xDB,
    0xD9, 0xDB, 0xD9, 0xDB, 0xD9, 0xDB, 0xD9, 0xDB, 0xD9, 0xDB, 0xD9, 0xDB, 0xD9, 0xDB, 0xD9, 0xDB,
    0xD9, 0xDB, 0xD9, 0xDB, 0xD9, 0xDB, 0xD9, 0xDB, 0xD9, 0xDB, 0xD9, 0xDB, 0xD9, 0xDB, 0xD9, 0xDB,
    0xD9, 0xDB, 0xD9, 0xDB, 0xD9, 0xDB, 0xD9, 0xDB, 0xD9, 0xDB, 0xD9, 0xDB, 0xD9, 0xDB, 0xD9, 0xDB,
    0xD9, 0xDB, 0xD9, 0xDB, 0xD9, 0xDB, 0xD9, 0xDB, 0xD9, 0xDB, 0xD9, 0xDB, 0xD9, 0xDB, 0xD9, 0xDB,
    0xD9, 0xDB, 0xD9, 0xDB, 0xD9, 0xDB, 0x24, 0x21, 0x59, 0xCE, 0x59, 0xCE, 0x59, 0xCE, 0x59, 0xCE,
    0x59, 0xCE, 0x59, 0xCE, 0x59, 0xCE, 0x45, 0x29, 0x04, 0x21, 0x04, 0x21, 0x04, 0x21, 0x04, 0x21,
    0x04, 0x21, 0x04, 0x21, 0x04, 0x21, 0x04, 0x21, 0x04, 0x21, 0x04, 0x21, 0x04, 0x21, 0x04, 0x21,
    0x04, 0x21, 0x04, 0x21, 0x04, 0x21, 0x04, 0x21, 0xA6, 0x31, 0x59, 0xCE, 0x59, 0xCE, 0x59, 0xCE,
    0x59, 0xCE, 0x59, 0xCE, 0x59, 0xCE, 0x59, 0xCE, 0x59, 0xCE, 0x59, 0xCE, 0x59, 0xCE, 0x59, 0xCE,
    0x59, 0xCE, 0x59, 0xCE, 0x59, 0xCE, 0x59, 0xCE, 0x59, 0xCE, 0x59, 0xCE, 0x59, 0xCE, 0x59, 0xCE,
    0x59, 0xCE, 0x59, 0xCE, 0x59, 0xCE, 0x59, 0xCE, 0x59, 0xCE, 0x59, 0xCE, 0x59, 0xCE, 0x59, 0xCE,
    0x59, 0xCE, 0x59, 0xCE, 0x59, 0xCE, 0x59, 0xCE, 0x59, 0xCE, 0x59, 0xCE, 0x59, 0xCE, 0x59, 0xCE,
    0x59, 0xCE, 0x59, 0xCE, 0x59, 0xCE, 0x59, 0xCE, 0x59, 0xCE, 0x59, 0xCE, 0x59, 0xCE, 0x59, 0xCE,
    0x59, 0xCE, 0x59, 0xCE, 0x59, 0xCE, 0x59, 0xCE, 0x59, 0xCE, 0x59, 0xCE, 0x59, 0xCE, 0x59, 0xCE,
    0x59, 0xCE, 0x59, 0xCE, 0x59, 0xCE, 0x59, 0xCE, 0x59, 0xCE, 0x59, 0xCE, 0x59, 0xCE, 0x59, 0xCE,
    0x59, 0xCE, 0x59, 0xCE, 0x59, 0xCE, 0x59, 0xCE, 0x59, 0xCE, 0x59, 0xCE, 0x59, 0xCE, 0x59, 0xCE,
    0x59, 0xCE, 0x59, 0xCE, 0x59, 0xCE, 0x59, 0xCE, 0x59, 0xCE, 0x59, 0xCE, 0x59, 0xCE, 0x59, 0xCE,
    0x59, 0xCE, 0x59, 0xCE, 0x59, 0xCE, 0x59, 0xCE, 0x59, 0xCE, 0x59, 0xCE, 0x59, 0xCE, 0x59, 0xCE,
    0x59, 0xCE, 0x59, 0xCE, 0xC7, 0x39, 0x1C, 0xDF, 0x1C, 0xE7, 0x3C, 0xE7, 0x5D, 0xEF, 0x7D, 0xEF,
    0x1C, 0xE7, 0x1C, 0xE7, 0x1C, 0xE7, 0x1C, 0xE7, 0x1C, 0xE7, 0x1C, 0xE7, 0x1C, 0xE7, 0x1C, 0xE7,
    0x3D, 0x7C, 0x5F, 0x11, 0xFE, 0x29, 0x9F, 0x19, 0x5F, 0x11, 0x5F, 0x11, 0x3D, 0x9D, 0x1C, 0xE7,
    0x3D, 0x7C, 0x5F, 0x11, 0x9F, 0x19, 0x9F, 0x19, 0x5F, 0x11, 0x5F, 0x11, 0x3D, 0x7C, 0x1C, 0xE7,
    0x1C, 0xE7, 0x1C, 0xE7, 0x1C, 0xE7, 0x1C, 0xE7, 0x24, 0x21, 0x24, 0x21, 0x24, 0x21, 0x24, 0x21,
    0x24, 0x21, 0x24, 0x21, 0x24, 0x21, 0x24, 0x21, 0x24, 0x21, 0x24, 0x21, 0x24, 0x21, 0x24, 0x21,
    0x24, 0x21, 0x24, 0x21, 0x24, 0x21, 0x24, 0x21, 0x24, 0x21, 0x24, 0x21, 0x24, 0x21, 0x24, 0x21,
    0x24, 0x21, 0x24, 0x21, 0x24, 0x21, 0x24, 0x21, 0x24, 0x21, 0x24, 0x21, 0x24, 0x21, 0x24, 0x21,
    0x24, 0x21, 0x24, 0x21, 0x24, 0x21, 0x24, 0x21, 0x24, 0x21, 0x24, 0x21, 0x24, 0x21, 0x24, 0x21,
    0x24, 0x21, 0x24, 0x21, 0x24, 0x21, 0x24, 0x21, 0x24, 0x21, 0x24, 0x21, 0x24, 0x21, 0x24, 0x21,
    0x24, 0x21, 0x24, 0x21, 0x24, 0x21, 0x24, 0x21, 0x24, 0x21, 0x24, 0x21, 0x24, 0x21, 0x24, 0x21,
    0x24, 0x21, 0x24, 0x21, 0x24, 0x21, 0x24, 0x21, 0x24, 0x21, 0x24, 0x21, 0x24, 0x21, 0x24, 0x21,
    0x24, 0x21, 0x24, 0x21, 0x24, 0x21, 0x24, 0x21, 0x24, 0x21, 0x24, 0x21, 0x24, 0x21, 0x24, 0x21,
    0x24, 0x21, 0x24, 0x21, 0x24, 0x21, 0x24, 0x21, 0x24, 0x21, 0x24, 0x21, 0x24, 0x21, 0x24, 0x21,
    0x24, 0x21, 0x24, 0x21, 0x24, 0x21, 0x24, 0x21, 0x24, 0x21, 0x24, 0x21, 0x24, 0x21, 0x24, 0x21,
    0x24, 0x21, 0x24, 0x21, 0x24, 0x21, 0x24, 0x21, 0x24, 0x21, 0x24, 0x21, 0x24, 0x21, 0x24, 0x21,
    0x24, 0x21, 0x24, 0x21, 0x24, 0x21, 0x24, 0x21, 0x24, 0x21, 0x24, 0x21, 0x24, 0x21, 0xBA, 0xD6,
    0x7D, 0xEF, 0x9E, 0xF7, 0x9E, 0xF7, 0x9E, 0xF7, 0xB1, 0x8C, 0x01, 0x01, 0x01, 0x01, 0x01, 0x01,
    0x62, 0x11, 0x01, 0x01, 0xA8, 0x42, 0x33, 0x9D, 0x8C, 0x5B, 0xC4, 0x21, 0x01, 0x01, 0x01, 0x01,
    0x01, 0x01, 0xA8, 0x42, 0xBE, 0xF7, 0xBE, 0xF7, 0xBE, 0xF7, 0xBE, 0xF7, 0xBE, 0xF7, 0xBE, 0xF7,
    0xBE, 0xF7, 0xBE, 0xF7, 0xBE, 0xF7, 0x24, 0x21, 0xD9, 0xDB, 0xD9, 0xDB, 0xD9, 0xDB, 0xD9, 0xDB,
    0xD9, 0xDB, 0xD9, 0xDB, 0xD9, 0xDB, 0xD9, 0xDB, 0xD9, 0xDB, 0xD9, 0xDB, 0xD9, 0xDB, 0xD9, 0xDB,
    0xD9, 0xDB, 0xD9, 0xDB, 0xD9, 0xDB, 0xD9, 0xDB, 0xD9, 0xDB, 0xD9, 0xDB, 0xD9, 0xDB, 0xD9, 0xDB,
    0xD9, 0xDB, 0xD9, 0xDB, 0xD9, 0xDB, 0xD9, 0xDB, 0xD9, 0xDB, 0xD9, 0xDB, 0xD9, 0xDB, 0xD9, 0xDB,
    0xD9, 0xDB, 0xD9, 0xDB, 0xB8, 0xD3, 0xB8, 0xD3, 0xD9, 0xDB, 0xD9, 0xDB, 0xD9, 0xDB, 0xD9, 0xDB,
    0xD9, 0xDB, 0xD9, 0xDB, 0x97, 0xCB, 0x97, 0xCB, 0xD9, 0xDB, 0xD9, 0xDB, 0xD9, 0xDB, 0xD9, 0xDB,
    0xD9, 0xDB, 0xD9, 0xDB, 0xD9, 0xDB, 0x24, 0x21, 0x59, 0xCE, 0x59, 0xCE, 0x59, 0xCE, 0x59, 0xCE,
    0x59, 0xCE, 0x59, 0xCE, 0x59, 0xCE, 0xEF, 0x7B, 0x04, 0x21, 0x04, 0x21, 0x04, 0x21, 0x04, 0x21,
    0x04, 0x21, 0x04, 0x21, 0x04, 0x21, 0x04, 0x21, 0x04, 0x21, 0x04, 0x21, 0x04, 0x21, 0x04, 0x21,
    0x04, 0x21, 0x04, 0x21, 0x04, 0x21, 0x45, 0x29, 0x51, 0x8C, 0x59, 0xCE, 0x59, 0xCE, 0x59, 0xCE,
    0x59, 0xCE, 0x59, 0xCE, 0x59, 0xCE, 0x59, 0xCE, 0x59, 0xCE, 0x59, 0xCE, 0x59, 0xCE, 0x59, 0xCE,
    0x59, 0xCE, 0x59, 0xCE, 0x59, 0xCE, 0x59, 0xCE, 0x59, 0xCE, 0x59, 0xCE, 0x59, 0xCE, 0x59, 0xCE,
    0x59, 0xCE, 0x59, 0xCE, 0x59, 0xCE, 0x59, 0xCE, 0x59, 0xCE, 0x59, 0xCE, 0x59, 0xCE, 0x59, 0xCE,
    0x59, 0xCE, 0x59, 0xCE, 0x59, 0xCE, 0x59, 0xCE, 0x59, 0xCE, 0x59, 0xCE, 0x59, 0xCE, 0x59, 0xCE,
    0x59, 0xCE, 0x59, 0xCE, 0x59, 0xCE, 0x59, 0xCE, 0x59, 0xCE, 0x59, 0xCE, 0x59, 0xCE, 0x59, 0xCE,
    0x59, 0xCE, 0x59, 0xCE, 0x59, 0xCE, 0x59, 0xCE, 0x59, 0xCE, 0x59, 0xCE, 0x59, 0xCE, 0x59, 0xCE,
    0x59, 0xCE, 0x59, 0xCE, 0x59, 0xCE, 0x59, 0xCE, 0x59, 0xCE, 0x59, 0xCE, 0x59, 0xCE, 0x59, 0xCE,
    0x59, 0xCE, 0x59, 0xCE, 0x59, 0xCE, 0x59, 0xCE, 0x59, 0xCE, 0x59, 0xCE, 0x59, 0xCE, 0x59, 0xCE,
    0x59, 0xCE, 0x59, 0xCE, 0x59, 0xCE, 0x59, 0xCE, 0x59, 0xCE, 0x59, 0xCE, 0x59, 0xCE, 0x59, 0xCE,
    0x59, 0xCE, 0x59, 0xCE, 0x59, 0xCE, 0x59, 0xCE, 0x59, 0xCE, 0x59, 0xCE, 0x59, 0xCE, 0x59, 0xCE,
    0x59, 0xCE, 0x59, 0xCE, 0xC7, 0x39, 0x1C, 0xDF, 0x1C, 0xE7, 0x3C, 0xE7, 0x5D, 0xEF, 0x7D, 0xEF,
    0x1C, 0xE7, 0x1C, 0xE7, 0x1C, 0xE7, 0x1C, 0xE7, 0x1C, 0xE7, 0x1C, 0xE7, 0x1C, 0xE7, 0x1C, 0xE7,
    0x3D, 0x7C, 0x5F, 0x11, 0x9C, 0xAD, 0x1C, 0xE7, 0x3D, 0xA5, 0x5F, 0x11, 0x7E, 0x5B, 0x1C, 0xE7,
    0x3D, 0x7C, 0x5F, 0x11, 0xDD, 0x94, 0x1C, 0xE7, 0x5C, 0xC6, 0xFE, 0x29, 0x5F, 0x11, 0x9C, 0xAD,
    0x1C, 0xE7, 0x1C, 0xE7, 0x1C, 0xE7, 0x1C, 0xE7, 0x24, 0x21, 0x24, 0x21, 0x24, 0x21, 0x24, 0x21,
    0x24, 0x21, 0x24, 0x21, 0x24, 0x21, 0x24, 0x21, 0x24, 0x21, 0x24, 0x21, 0x24, 0x21, 0x24, 0x21,
    0x24, 0x21, 0x24, 0x21, 0x24, 0x21, 0x24, 0x21, 0x24, 0x21, 0x24, 0x21, 0x24, 0x21, 0x24, 0x21,
    0x24, 0x21, 0x24, 0x21, 0x24, 0x21, 0x24, 0x21, 0x24, 0x21, 0x24, 0x21, 0x24, 0x21, 0x24, 0x21,
    0x24, 0x21, 0x24, 0x21, 0x24, 0x21, 0x24, 0x21, 0x24, 0x21, 0x24, 0x21, 0x24, 0x21, 0x24, 0x21,
    0x24, 0x21, 0x24, 0x21, 0x24, 0x21, 0x24, 0x21, 0x24, 0x21, 0x24, 0x21, 0x24, 0x21, 0x24, 0x21,
    0x24, 0x21, 0x24, 0x21, 0x24, 0x21, 0x24, 0x21, 0x24, 0x21, 0x24, 0x21, 0x24, 0x21, 0x24, 0x21,
    0x24, 0x21, 0x24, 0x21, 0x24, 0x21, 0x24, 0x21, 0x24, 0x21, 0x24, 0x21, 0x24, 0x21, 0x24, 0x21,
    0x24, 0x21, 0x24, 0x21, 0x24, 0x21, 0x24, 0x21, 0x24, 0x21, 0x24, 0x21, 0x24, 0x21, 0x24, 0x21,
    0x24, 0x21, 0x24, 0x21, 0x24, 0x21, 0x24, 0x21, 0x24, 0x21, 0x24, 0x21, 0x24, 0x21, 0x24, 0x21,
    0x24, 0x21, 0x24, 0x21, 0x24, 0x21, 0x24, 0x21, 0x24, 0x21, 0x24, 0x21, 0x24, 0x21, 0x24, 0x21,
    0x24, 0x21, 0x24, 0x21, 0x24, 0x21, 0x24, 0x21, 0x24, 0x21, 0x24, 0x21, 0x24, 0x21, 0x24, 0x21,
    0x24, 0x21, 0x24, 0x21, 0x24, 0x21, 0x24, 0x21, 0x24, 0x21, 0x24, 0x21, 0x69, 0x4A, 0x7D, 0xEF,
    0x7D, 0xEF, 0x7D, 0xEF, 0x9E, 0xF7, 0xBA, 0xD6, 0xC4, 0x21, 0x01, 0x01, 0x01, 0x01, 0x01, 0x01,
    0x8C, 0x5B, 0xDA, 0xD6, 0xDA, 0xD6, 0x95, 0xAD, 0xDA, 0xD6, 0xC4, 0x21, 0x01, 0x01, 0x01, 0x01,
    0x01, 0x01, 0x01, 0x01, 0x33, 0x9D, 0xBE, 0xF7, 0xBE, 0xF7, 0xBE, 0xF7, 0xBE, 0xF7, 0xBE, 0xF7,
    0xBE, 0xF7, 0xBE, 0xF7, 0xBE, 0xF7, 0x24, 0x21, 0xD9, 0xDB, 0xD9, 0xDB, 0xD9, 0xDB, 0xD9, 0xDB,
    0xD9, 0xDB, 0xD9, 0xDB, 0xD9, 0xDB, 0xD9, 0xDB, 0xD9, 0xDB, 0xD9, 0xDB, 0xD9, 0xDB, 0xD9, 0xDB,
    0xD9, 0xDB, 0xD9, 0xDB, 0xD9, 0xDB, 0xD9, 0xDB, 0xD9, 0xDB, 0xD9, 0xDB, 0xD9, 0xDB, 0xD9, 0xDB,
    0xD9, 0xDB, 0xD9, 0xDB, 0xD9, 0xDB, 0xD9, 0xDB, 0xD9, 0xDB, 0xD9, 0xDB, 0xD9, 0xDB, 0xD9, 0xDB,
    0xD9, 0xDB, 0x2C, 0x6A, 0x24, 0x21, 0x24, 0x21, 0x8F, 0x82, 0xD9, 0xDB, 0xD9, 0xDB, 0xD9, 0xDB,
    0xB0, 0x8A, 0x46, 0x31, 0x24, 0x21, 0x24, 0x21, 0x24, 0x21, 0x2C, 0x6A, 0xD9, 0xDB, 0xD9, 0xDB,
    0xD9, 0xDB, 0xD9, 0xDB, 0xD9, 0xDB, 0x24, 0x21, 0x59, 0xCE, 0x59, 0xCE, 0x59, 0xCE, 0x59, 0xCE,
    0x59, 0xCE, 0x59, 0xCE, 0x59, 0xCE, 0x59, 0xCE, 0x59, 0xCE, 0x59, 0xCE, 0x59, 0xCE, 0x59, 0xCE,
    0x59, 0xCE, 0x59, 0xCE, 0x59, 0xCE, 0x59, 0xCE, 0x59, 0xCE, 0x59, 0xCE, 0x59, 0xCE, 0x59, 0xCE,
    0x59, 0xCE, 0x59, 0xCE, 0x59, 0xCE, 0x59, 0xCE, 0x59, 0xCE, 0x59, 0xCE, 0x59, 0xCE, 0x59, 0xCE,
    0x59, 0xCE, 0x59, 0xCE, 0x59, 0xCE, 0x59, 0xCE, 0x59, 0xCE, 0x59, 0xCE, 0x59, 0xCE, 0x59, 0xCE,
    0x59, 0xCE, 0x59, 0xCE, 0x59, 0xCE, 0x59, 0xCE, 0x59, 0xCE, 0x59, 0xCE, 0x59, 0xCE, 0x59, 0xCE,
    0x59, 0xCE, 0x59, 0xCE, 0x59, 0xCE, 0x59, 0xCE, 0x59, 0xCE, 0x59, 0xCE, 0x59, 0xCE, 0x59, 0xCE,
    0x59, 0xCE, 0x59, 0xCE, 0x59, 0xCE, 0x59, 0xCE, 0x59, 0xCE, 0x59, 0xCE, 0x59, 0xCE, 0x59, 0xCE,
    0x59, 0xCE, 0x59, 0xCE, 0x59, 0xCE, 0x59, 0xCE, 0x59, 0xCE, 0x59, 0xCE, 0x59, 0xCE, 0x59, 0xCE,
    0x59, 0xCE, 0x59, 0xCE, 0x59, 0xCE, 0x59, 0xCE, 0x59, 0xCE, 0x59, 0xCE, 0x59, 0xCE, 0x59, 0xCE,
    0x59, 0xCE, 0x59, 0xCE, 0x59, 0xCE, 0x59, 0xCE, 0x59, 0xCE, 0x59, 0xCE, 0x59, 0xCE, 0x59, 0xCE,
    0x59, 0xCE, 0x59, 0xCE, 0x59, 0xCE, 0x59, 0xCE, 0x59, 0xCE, 0x59, 0xCE, 0x59, 0xCE, 0x59, 0xCE,
    0x59, 0xCE, 0x59, 0xCE, 0x59, 0xCE, 0x59, 0xCE, 0x59, 0xCE, 0x59, 0xCE, 0x59, 0xCE, 0x59, 0xCE,
    0x59, 0xCE, 0x59, 0xCE, 0x59, 0xCE, 0x59, 0xCE, 0x59, 0xCE, 0x59, 0xCE, 0x59, 0xCE, 0x59, 0xCE,
    0x59, 0xCE, 0x59, 0xCE, 0xC7, 0x39, 0xFB, 0xDE, 0x1C, 0xE7, 0x3C, 0xE7, 0x5D, 0xEF, 0x7D, 0xEF,
    0x1C, 0xE7, 0x1C, 0xE7, 0x1C, 0xE7, 0x1C, 0xE7, 0x1C, 0xE7, 0x1C, 0xE7, 0x1C, 0xE7, 0x1C, 0xE7,
    0x3D, 0x7C, 0x5F, 0x11, 0xDD, 0x94, 0x5C, 0xC6, 0xDD, 0x6B, 0x5F, 0x11, 0xDD, 0x94, 0x1C, 0xE7,
    0x3D, 0x7C, 0x5F, 0x11, 0xDD, 0x94, 0x1C, 0xE7, 0x1C, 0xE7, 0x7D, 0x84, 0x5F, 0x11, 0xDD, 0x6B,
    0x1C, 0xE7, 0x1C, 0xE7, 0x1C, 0xE7, 0x1C, 0xE7, 0x24, 0x21, 0x24, 0x21, 0x24, 0x21, 0x24, 0x21,
    0x24, 0x21, 0x24, 0x21, 0x24, 0x21, 0x24, 0x21, 0x24, 0x21, 0x24, 0x21, 0x24, 0x21, 0x24, 0x21,
    0x24, 0x21, 0x24, 0x21, 0x24, 0x21, 0x24, 0x21, 0x24, 0x21, 0x24, 0x21, 0x24, 0x21, 0x24, 0x21,
    0x24, 0x21, 0x24, 0x21, 0x24, 0x21, 0x24, 0x21, 0x24, 0x21, 0x24, 0x21, 0x24, 0x21, 0x24, 0x21,
    0x24, 0x21, 0x24, 0x21, 0x24, 0x21, 0x24, 0x21, 0x24, 0x21, 0x24, 0x21, 0x24, 0x21, 0x24, 0x21,
    0x24, 0x21, 0x24, 0x21, 0x24, 0x21, 0x24, 0x21, 0x24, 0x21, 0x24, 0x21, 0x24, 0x21, 0x24, 0x21,
    0x24, 0x21, 0x24, 0x21, 0x24, 0x21, 0x24, 0x21, 0x24, 0x21, 0x24, 0x21, 0x24, 0x21, 0x24, 0x21,
    0x24, 0x21, 0x24, 0x21, 0x24, 0x21, 0x24, 0x21, 0x24, 0x21, 0x24, 0x21, 0x24, 0x21, 0x24, 0x21,
    0x24, 0x21, 0x24, 0x21, 0x24, 0x21, 0x24, 0x21, 0x24, 0x21, 0x24, 0x21, 0x24, 0x21, 0x24, 0x21,
    0x24, 0x21, 0x24, 0x21, 0x24, 0x21, 0x24, 0x21, 0x24, 0x21, 0x24, 0x21, 0x24, 0x21, 0x24, 0x21,
    0x24, 0x21, 0x24, 0x21, 0x24, 0x21, 0x24, 0x21, 0x24, 0x21, 0x24, 0x21, 0x24, 0x21, 0x24, 0x21,
    0x24, 0x21, 0x24, 0x21, 0x24, 0x21, 0x24, 0x21, 0x24, 0x21, 0x24, 0x21, 0x24, 0x21, 0x24, 0x21,
    0x24, 0x21, 0x24, 0x21, 0x24, 0x21, 0x24, 0x21, 0x24, 0x21, 0x24, 0x21, 0xEF, 0x7B, 0x7D, 0xEF,
    0x7D, 0xEF, 0x7D, 0xEF, 0x7D, 0xEF, 0x13, 0x95, 0x01, 0x01, 0x01, 0x01, 0x01, 0x01, 0x01, 0x01,
    0x01, 0x01, 0x4F, 0x7C, 0xBE, 0xF7, 0xF7, 0xBD, 0xBE, 0xF7, 0x79, 0xC6, 0xE4, 0x21, 0x01, 0x01,
    0x01, 0x01, 0x01, 0x01, 0xA8, 0x42, 0xBE, 0xF7, 0xBE, 0xF7, 0xBE, 0xF7, 0xBE, 0xF7, 0xBE, 0xF7,
    0xBE, 0xF7, 0xBE, 0xF7, 0xBE, 0xF7, 0x24, 0x21, 0xD9, 0xDB, 0xD9, 0xDB, 0xD9, 0xDB, 0xD9, 0xDB,
    0xD9, 0xDB, 0xD9, 0xDB, 0xD9, 0xDB, 0xD9, 0xDB, 0xD9, 0xDB, 0xD9, 0xDB, 0xD9, 0xDB, 0xD9, 0xDB,
    0xD9, 0xDB, 0xD9, 0xDB, 0xD9, 0xDB, 0xD9, 0xDB, 0xD9, 0xDB, 0xD9, 0xDB, 0xD9, 0xDB, 0xD9, 0xDB,
    0xD9, 0xDB, 0xD9, 0xDB, 0xD9, 0xDB, 0xD9, 0xDB, 0xD9, 0xDB, 0xD9, 0xDB, 0xD9, 0xDB, 0xD9, 0xDB,
    0x34, 0xB3, 0x24, 0x21, 0x97, 0xCB, 0x34, 0xB3, 0x24, 0x21, 0x97, 0xCB, 0xD9, 0xDB, 0x8F, 0x82,
    0x24, 0x21, 0x24, 0x21, 0xEA, 0x51, 0x0B, 0x62, 0x87, 0x39, 0xEA, 0x51, 0xD9, 0xDB, 0xD9, 0xDB,
    0xD9, 0xDB, 0xD9, 0xDB, 0xD9, 0xDB, 0x24, 0x21, 0x59, 0xCE, 0x59, 0xCE, 0x59, 0xCE, 0x59, 0xCE,
    0x59, 0xCE, 0x59, 0xCE, 0x59, 0xCE, 0x59, 0xCE, 0x59, 0xCE, 0x59, 0xCE, 0x59, 0xCE, 0x59, 0xCE,
    0x59, 0xCE, 0x59, 0xCE, 0x59, 0xCE, 0x59, 0xCE, 0x59, 0xCE, 0x59, 0xCE, 0x59, 0xCE, 0x59, 0xCE,
    0x59, 0xCE, 0x59, 0xCE, 0x59, 0xCE, 0x59, 0xCE, 0x59, 0xCE, 0x59, 0xCE, 0x59, 0xCE, 0x59, 0xCE,
    0x59, 0xCE, 0x59, 0xCE, 0x59, 0xCE, 0x59, 0xCE, 0x59, 0xCE, 0x59, 0xCE, 0x59, 0xCE, 0x59, 0xCE,
    0x59, 0xCE, 0x59, 0xCE, 0x59, 0xCE, 0x59, 0xCE, 0x59, 0xCE, 0x59, 0xCE, 0x59, 0xCE, 0x59, 0xCE,
    0x59, 0xCE, 0x59, 0xCE, 0x59, 0xCE, 0x59, 0xCE, 0x59, 0xCE, 0x59, 0xCE, 0x59, 0xCE, 0x59, 0xCE,
    0x59, 0xCE, 0x59, 0xCE, 0x59, 0xCE, 0x59, 0xCE, 0x59, 0xCE, 0x59, 0xCE, 0x59, 0xCE, 0x59, 0xCE,
    0x59, 0xCE, 0x59, 0xCE, 0x59, 0xCE, 0x59, 0xCE, 0x59, 0xCE, 0x59, 0xCE, 0x59, 0xCE, 0x59, 0xCE,
    0x59, 0xCE, 0x59, 0xCE, 0x59, 0xCE, 0x59, 0xCE, 0x59, 0xCE, 0x59, 0xCE, 0x59, 0xCE, 0x59, 0xCE,
    0x59, 0xCE, 0x59, 0xCE, 0x59, 0xCE, 0x59, 0xCE, 0x59, 0xCE, 0x59, 0xCE, 0x59, 0xCE, 0x59, 0xCE,
    0x59, 0xCE, 0x59, 0xCE, 0x59, 0xCE, 0x59, 0xCE, 0x59, 0xCE, 0x59, 0xCE, 0x59, 0xCE, 0x59, 0xCE,
    0x59, 0xCE, 0x59, 0xCE, 0x59, 0xCE, 0x59, 0xCE, 0x59, 0xCE, 0x59, 0xCE, 0x59, 0xCE, 0x59, 0xCE,
    0x59, 0xCE, 0x59, 0xCE, 0x59, 0xCE, 0x59, 0xCE, 0x59, 0xCE, 0x59, 0xCE, 0x59, 0xCE, 0x59, 0xCE,
    0x59, 0xCE, 0x59, 0xCE, 0xC7, 0x39, 0x1C, 0xDF, 0x1C, 0xE7, 0x3C, 0xE7, 0x5D, 0xEF, 0x7D, 0xEF,
    0x1C, 0xE7, 0x1C, 0xE7, 0x1C, 0xE7, 0x1C, 0xE7, 0x1C, 0xE7, 0x1C, 0xE7, 0x1C, 0xE7, 0x1C, 0xE7,
    0x3D, 0x7C, 0x5F, 0x11, 0x5F, 0x11, 0x5F, 0x11, 0x5F, 0x11, 0xBE, 0x42, 0x1C, 0xE7, 0x1C, 0xE7,
    0x3D, 0x7C, 0x5F, 0x11, 0xDD, 0x94, 0x1C, 0xE7, 0x1C, 0xE7, 0x9C, 0xAD, 0x5F, 0x11, 0x7E, 0x5B,
    0x1C, 0xE7, 0x1C, 0xE7, 0x1C, 0xE7, 0x1C, 0xE7, 0x24, 0x21, 0x24, 0x21, 0x24, 0x21, 0x24, 0x21,
    0x24, 0x21, 0x24, 0x21, 0x24, 0x21, 0x24, 0x21, 0x24, 0x21, 0x24, 0x21, 0x24, 0x21, 0x24, 0x21,
    0x24, 0x21, 0x24, 0x21, 0x24, 0x21, 0x24, 0x21, 0x24, 0x21, 0x24, 0x21, 0x24, 0x21, 0x24, 0x21,
    0x24, 0x21, 0x24, 0x21, 0x24, 0x21, 0x24, 0x21, 0x24, 0x21, 0x24, 0x21, 0x24, 0x21, 0x24, 0x21,
    0x24, 0x21, 0x24, 0x21, 0x24, 0x21, 0x24, 0x21, 0x24, 0x21, 0x24, 0x21, 0x24, 0x21, 0x24, 0x21,
    0x24, 0x21, 0x24, 0x21, 0x24, 0x21, 0x24, 0x21, 0x24, 0x21, 0x24, 0x21, 0x24, 0x21, 0x24, 0x21,
    0x24, 0x21, 0x24, 0x21, 0x24, 0x21, 0x24, 0x21, 0x24, 0x21, 0x24, 0x21, 0x24, 0x21, 0x24, 0x21,
    0x24, 0x21, 0x24, 0x21, 0x24, 0x21, 0x24, 0x21, 0x24, 0x21, 0x24, 0x21, 0x24, 0x21, 0x24, 0x21,
    0x24, 0x21, 0x24, 0x21, 0x24, 0x21, 0x24, 0x21, 0x24, 0x21, 0x24, 0x21, 0x24, 0x21, 0x24, 0x21,
    0x24, 0x21, 0x24, 0x21, 0x24, 0x21, 0x24, 0x21, 0x24, 0x21, 0x24, 0x21, 0x24, 0x21, 0x24, 0x21,
    0x24, 0x21, 0x24, 0x21, 0x24, 0x21, 0x24, 0x21, 0x24, 0x21, 0x24, 0x21, 0x24, 0x21, 0x24, 0x21,
    0x24, 0x21, 0x24, 0x21, 0x24, 0x21, 0x24, 0x21, 0x24, 0x21, 0x24, 0x21, 0x24, 0x21, 0x24, 0x21,
    0x24, 0x21, 0x24, 0x21, 0x24, 0x21, 0x24, 0x21, 0x24, 0x21, 0x24, 0x21, 0xB2, 0x94, 0x7D, 0xEF,
    0x7D, 0xEF, 0x7D, 0xEF, 0x7D, 0xEF, 0xA8, 0x3A, 0x01, 0x01, 0x01, 0x01, 0x01, 0x01, 0x01, 0x01,
    0x01, 0x01, 0xF7, 0xBD, 0xDA, 0xD6, 0x01, 0x01, 0xC4, 0x21, 0xBE, 0xF7, 0x95, 0xAD, 0x01, 0x01,
    0x01, 0x01, 0x01, 0x01, 0x01, 0x01, 0x3C, 0xE7, 0xBE, 0xF7, 0xBE, 0xF7, 0xBE, 0xF7, 0xBE, 0xF7,
    0xBE, 0xF7, 0xBE, 0xF7, 0xBE, 0xF7, 0x24, 0x21, 0xD9, 0xDB, 0xD9, 0xDB, 0xD9, 0xDB, 0xD9, 0xDB,
    0xD9, 0xDB, 0xD9, 0xDB, 0xD9, 0xDB, 0xD9, 0xDB, 0xD9, 0xDB, 0xD9, 0xDB, 0xD9, 0xDB, 0xD9, 0xDB,
    0xD9, 0xDB, 0xD9, 0xDB, 0xD9, 0xDB, 0xD9, 0xDB, 0xD9, 0xDB, 0xD9, 0xDB, 0xD9, 0xDB, 0xD9, 0xDB,
    0xD9, 0xDB, 0xD9, 0xDB, 0xD9, 0xDB, 0xD9, 0xDB, 0xD9, 0xDB, 0xD9, 0xDB, 0xD9, 0xDB, 0xD9, 0xDB,
    0xD2, 0x9A, 0x24, 0x21, 0xD9, 0xDB, 0x97, 0xCB, 0x24, 0x21, 0x34, 0xB3, 0x97, 0xCB, 0x24, 0x21,
    0x24, 0x21, 0xB0, 0x8A, 0xD9, 0xDB, 0xD9, 0xDB, 0xD9, 0xDB, 0x97, 0xCB, 0xD9, 0xDB, 0xD9, 0xDB,
    0xD9, 0xDB, 0xD9, 0xDB, 0xD9, 0xDB, 0x24, 0x21, 0x59, 0xCE, 0x59, 0xCE, 0x59, 0xCE, 0x59, 0xCE,
    0x59, 0xCE, 0x59, 0xCE, 0x59, 0xCE, 0x59, 0xCE, 0x59, 0xCE, 0x59, 0xCE, 0x59, 0xCE, 0x59, 0xCE,
    0x59, 0xCE, 0x59, 0xCE, 0x59, 0xCE, 0x59, 0xCE, 0x59, 0xCE, 0x59, 0xCE, 0x59, 0xCE, 0x59, 0xCE,
    0x59, 0xCE, 0x59, 0xCE, 0x59, 0xCE, 0x59, 0xCE, 0x59, 0xCE, 0x59, 0xCE, 0x59, 0xCE, 0x59, 0xCE,
    0x59, 0xCE, 0x59, 0xCE, 0x59, 0xCE, 0x59, 0xCE, 0x59, 0xCE, 0x59, 0xCE, 0x59, 0xCE, 0x59, 0xCE,
    0x59, 0xCE, 0x59, 0xCE, 0x59, 0xCE, 0x59, 0xCE, 0x59, 0xCE, 0x59, 0xCE, 0x59, 0xCE, 0x59, 0xCE,
    0x59, 0xCE, 0x59, 0xCE, 0x59, 0xCE, 0x59, 0xCE, 0x59, 0xCE, 0x59, 0xCE, 0x59, 0xCE, 0x59, 0xCE,
    0x59, 0xCE, 0x59, 0xCE, 0x59, 0xCE, 0x59, 0xCE, 0x59, 0xCE, 0x59, 0xCE, 0x59, 0xCE, 0x59, 0xCE,
    0x59, 0xCE, 0x59, 0xCE, 0x59, 0xCE, 0x59, 0xCE, 0x59, 0xCE, 0x59, 0xCE, 0x59, 0xCE, 0x59, 0xCE,
    0x59, 0xCE, 0x59, 0xCE, 0x59, 0xCE, 0x59, 0xCE, 0x59, 0xCE, 0x59, 0xCE, 0x59, 0xCE, 0x59, 0xCE,
    0x59, 0xCE, 0x59, 0xCE, 0x59, 0xCE, 0x59, 0xCE, 0x59, 0xCE, 0x59, 0xCE, 0x59, 0xCE, 0x59, 0xCE,
    0x59, 0xCE, 0x59, 0xCE, 0x59, 0xCE, 0x59, 0xCE, 0x59, 0xCE, 0x59, 0xCE, 0x59, 0xCE, 0x59, 0xCE,
    0x59, 0xCE, 0x59, 0xCE, 0x59, 0xCE, 0x59, 0xCE, 0x59, 0xCE, 0x59, 0xCE, 0x59, 0xCE, 0x59, 0xCE,
    0x59, 0xCE, 0x59, 0xCE, 0x59, 0xCE, 0x59, 0xCE, 0x59, 0xCE, 0x59, 0xCE, 0x59, 0xCE, 0x59, 0xCE,
    0x59, 0xCE, 0x59, 0xCE, 0xC7, 0x39, 0x1C, 0xDF, 0x1C, 0xE7, 0x3C, 0xE7, 0x5D, 0xEF, 0x7D, 0xEF,
    0x1C, 0xE7, 0x1C, 0xE7, 0x1C, 0xE7, 0x1C, 0xE7, 0x1C, 0xE7, 0x1C, 0xE7, 0x1C, 0xE7, 0x1C, 0xE7,
    0x3D, 0x7C, 0x5F, 0x11, 0x7D, 0x84, 0x9C, 0xAD, 0xDD, 0x6B, 0x5F, 0x11, 0xDD, 0x6B, 0x1C, 0xE7,
    0x3D, 0x7C, 0x5F, 0x11, 0xDD, 0x94, 0x1C, 0xE7, 0x1C, 0xE7, 0x3D, 0xA5, 0x5F, 0x11, 0xDD, 0x6B,
    0x1C, 0xE7, 0x1C, 0xE7, 0x1C, 0xE7, 0x1C, 0xE7, 0x24, 0x21, 0x24, 0x21, 0x24, 0x21, 0x24, 0x21,
    0x24, 0x21, 0x24, 0x21, 0x24, 0x21, 0x24, 0x21, 0x24, 0x21, 0x24, 0x21, 0x24, 0x21, 0x24, 0x21,
    0x24, 0x21, 0x24, 0x21, 0x24, 0x21, 0x24, 0x21, 0x24, 0x21, 0x24, 0x21, 0x24, 0x21, 0x24, 0x21,
    0x24, 0x21, 0x24, 0x21, 0x24, 0x21, 0x24, 0x21, 0x24, 0x21, 0x24, 0x21, 0x24, 0x21, 0x24, 0x21,
    0x24, 0x21, 0x24, 0x21, 0x24, 0x21, 0x24, 0x21, 0x24, 0x21, 0x24, 0x21, 0x24, 0x21, 0x24, 0x21,
    0x24, 0x21, 0x24, 0x21, 0x24, 0x21, 0x24, 0x21, 0x24, 0x21, 0x24, 0x21, 0x24, 0x21, 0x24, 0x21,
    0x24, 0x21, 0x24, 0x21, 0x24, 0x21, 0x24, 0x21, 0x24, 0x21, 0x24, 0x21, 0x24, 0x21, 0x24, 0x21,
    0x24, 0x21, 0x24, 0x21, 0x24, 0x21, 0x24, 0x21, 0x24, 0x21, 0x24, 0x21, 0x24, 0x21, 0x24, 0x21,
    0x24, 0x21, 0x24, 0x21, 0x24, 0x21, 0x24, 0x21, 0x24, 0x21, 0x24, 0x21, 0x24, 0x21, 0x24, 0x21,
    0x24, 0x21, 0x24, 0x21, 0x24, 0x21, 0x24, 0x21, 0x24, 0x21, 0x24, 0x21, 0x24, 0x21, 0x24, 0x21,
    0x24, 0x21, 0x24, 0x21, 0x24, 0x21, 0x24, 0x21, 0x24, 0x21, 0x24, 0x21, 0x24, 0x21, 0x24, 0x21,
    0x24, 0x21, 0x24, 0x21, 0x24, 0x21, 0x24, 0x21, 0x24, 0x21, 0x24, 0x21, 0x24, 0x21, 0x24, 0x21,
    0x24, 0x21, 0x24, 0x21, 0x24, 0x21, 0x24, 0x21, 0x24, 0x21, 0x24, 0x21, 0x14, 0xA5, 0x7D, 0xEF,
    0x7D, 0xEF, 0x7D, 0xEF, 0x7D, 0xEF, 0xC4, 0x21, 0x01, 0x01, 0x01, 0x01, 0x01, 0x01, 0x01, 0x01,
    0x01, 0x01, 0xBE, 0xF7, 0x3C, 0xE7, 0xED, 0x6B, 0xB1, 0x8C, 0xBE, 0xF7, 0x33, 0x9D, 0x01, 0x01,
    0x01, 0x01, 0x01, 0x01, 0x01, 0x01, 0x79, 0xCE, 0xBE, 0xF7, 0xBE, 0xF7, 0xBE, 0xF7, 0xBE, 0xF7,
    0xBE, 0xF7, 0xBE, 0xF7, 0xBE, 0xF7, 0x24, 0x21, 0xD9, 0xDB, 0xD9, 0xDB, 0xD9, 0xDB, 0xD9, 0xDB,
    0xD9, 0xDB, 0xD9, 0xDB, 0xD9, 0xDB, 0xD9, 0xDB, 0xD9, 0xDB, 0xD9, 0xDB, 0xD9, 0xDB, 0xD9, 0xDB,
    0xD9, 0xDB, 0xD9, 0xDB, 0xD9, 0xDB, 0xD9, 0xDB, 0xD9, 0xDB, 0xD9, 0xDB, 0xD9, 0xDB, 0xD9, 0xDB,
    0xD9, 0xDB, 0xD9, 0xDB, 0xD9, 0xDB, 0xD9, 0xDB, 0xD9, 0xDB, 0xD9, 0xDB, 0xD9, 0xDB, 0xD9, 0xDB,
    0x34, 0xB3, 0x24, 0x21, 0xB0, 0x8A, 0x4E, 0x72, 0x24, 0x21, 0x97, 0xCB, 0x13, 0xA3, 0x24, 0x21,
    0x87, 0x39, 0xD9, 0xDB, 0xD9, 0xDB, 0xD9, 0xDB, 0xD9, 0xDB, 0xD9, 0xDB, 0xD9, 0xDB, 0xD9, 0xDB,
    0xD9, 0xDB, 0xD9, 0xDB, 0xD9, 0xDB, 0x24, 0x21, 0x59, 0xCE, 0x59, 0xCE, 0x59, 0xCE, 0x59, 0xCE,
    0x59, 0xCE, 0x59, 0xCE, 0x59, 0xCE, 0x59, 0xCE, 0x59, 0xCE, 0x59, 0xCE, 0x59, 0xCE, 0x59, 0xCE,
    0x59, 0xCE, 0x59, 0xCE, 0x59, 0xCE, 0x59, 0xCE, 0x59, 0xCE, 0x59, 0xCE, 0x59, 0xCE, 0x59, 0xCE,
    0x59, 0xCE, 0x59, 0xCE, 0x59, 0xCE, 0x59, 0xCE, 0x59, 0xCE, 0x59, 0xCE, 0x59, 0xCE, 0x59, 0xCE,
    0x59, 0xCE, 0x59, 0xCE, 0x59, 0xCE, 0x59, 0xCE, 0x59, 0xCE, 0x59, 0xCE, 0x59, 0xCE, 0x59, 0xCE,
    0x59, 0xCE, 0x59, 0xCE, 0x59, 0xCE, 0x59, 0xCE, 0x59, 0xCE, 0x59, 0xCE, 0x59, 0xCE, 0x59, 0xCE,
    0x59, 0xCE, 0x59, 0xCE, 0x59, 0xCE, 0x59, 0xCE, 0x59, 0xCE, 0x59, 0xCE, 0x59, 0xCE, 0x59, 0xCE,
    0x59, 0xCE, 0x59, 0xCE, 0x59, 0xCE, 0x59, 0xCE, 0x59, 0xCE, 0x59, 0xCE, 0x59, 0xCE, 0x59, 0xCE,
    0x59, 0xCE, 0x59, 0xCE, 0x59, 0xCE, 0x59, 0xCE, 0x59, 0xCE, 0x59, 0xCE, 0x59, 0xCE, 0x59, 0xCE,
    0x59, 0xCE, 0x59, 0xCE, 0x59, 0xCE, 0x59, 0xCE, 0x59, 0xCE, 0x59, 0xCE, 0x59, 0xCE, 0x59, 0xCE,
    0x59, 0xCE, 0x59, 0xCE, 0x59, 0xCE, 0x59, 0xCE, 0x59, 0xCE, 0x59, 0xCE, 0x59, 0xCE, 0x59, 0xCE,
    0x59, 0xCE, 0x59, 0xCE, 0x59, 0xCE, 0x59, 0xCE, 0x59, 0xCE, 0x59, 0xCE, 0x59, 0xCE, 0x59, 0xCE,
    0x59, 0xCE, 0x59, 0xCE, 0x59, 0xCE, 0x59, 0xCE, 0x59, 0xCE, 0x59, 0xCE, 0x59, 0xCE, 0x59, 0xCE,
    0x59, 0xCE, 0x59, 0xCE, 0x59, 0xCE, 0x59, 0xCE, 0x59, 0xCE, 0x59, 0xCE, 0x59, 0xCE, 0x59, 0xCE,
    0x59, 0xCE, 0x59, 0xCE, 0xC7, 0x39, 0x1C, 0xDF, 0x1C, 0xE7, 0x3C, 0xE7, 0x5D, 0xEF, 0x7D, 0xEF,
    0x59, 0xCE, 0x1C, 0xE7, 0x1C, 0xE7, 0x1C, 0xE7, 0x1C, 0xE7, 0x1C, 0xE7, 0x1C, 0xE7, 0x1C, 0xE7,
    0x3D, 0x7C, 0x5F, 0x11, 0x9C, 0xAD, 0x1C, 0xE7, 0xFC, 0xBD, 0x5F, 0x11, 0x5E, 0x3A, 0x1C, 0xE7,
    0x3D, 0x7C, 0x5F, 0x11, 0xDD, 0x94, 0x1C, 0xE7, 0x1C, 0xE7, 0x7E, 0x5B, 0x5F, 0x11, 0xDD, 0x94,
    0x1C, 0xE7, 0x1C, 0xE7, 0x1C, 0xE7, 0x1C, 0xE7, 0x24, 0x21, 0x24, 0x21, 0x24, 0x21, 0x24, 0x21,
    0x24, 0x21, 0x24, 0x21, 0x24, 0x21, 0x24, 0x21, 0x24, 0x21, 0x24, 0x21, 0x24, 0x21, 0x24, 0x21,
    0x24, 0x21, 0x24, 0x21, 0x24, 0x21, 0x24, 0x21, 0x24, 0x21, 0x24, 0x21, 0x24, 0x21, 0x24, 0x21,
    0x24, 0x21, 0x24, 0x21, 0x24, 0x21, 0x24, 0x21, 0x24, 0x21, 0x24, 0x21, 0x24, 0x21, 0x24, 0x21,
    0x24, 0x21, 0x24, 0x21, 0x24, 0x21, 0x24, 0x21, 0x24, 0x21, 0x24, 0x21, 0x24, 0x21, 0x24, 0x21,
    0x24, 0x21, 0x24, 0x21, 0x24, 0x21, 0x24, 0x21, 0x24, 0x21, 0x24, 0x21, 0x24, 0x21, 0x24, 0x21,
    0x24, 0x21, 0x24, 0x21, 0x24, 0x21, 0x24, 0x21, 0x24, 0x21, 0x24, 0x21, 0x24, 0x21, 0x24, 0x21,
    0x24, 0x21, 0x24, 0x21, 0x24, 0x21, 0x24, 0x21, 0x24, 0x21, 0x24, 0x21, 0x24, 0x21, 0x24, 0x21,
    0x24, 0x21, 0x24, 0x21, 0x24, 0x21, 0x24, 0x21, 0x24, 0x21, 0x24, 0x21, 0x24, 0x21, 0x24, 0x21,
    0x24, 0x21, 0x24, 0x21, 0x24, 0x21, 0x24, 0x21, 0x24, 0x21, 0x24, 0x21, 0x24, 0x21, 0x24, 0x21,
    0x24, 0x21, 0x24, 0x21, 0x24, 0x21, 0x24, 0x21, 0x24, 0x21, 0x24, 0x21, 0x24, 0x21, 0x24, 0x21,
    0x24, 0x21, 0x24, 0x21, 0x24, 0x21, 0x24, 0x21, 0x24, 0x21, 0x24, 0x21, 0x24, 0x21, 0x24, 0x21,
    0x24, 0x21, 0x24, 0x21, 0x24, 0x21, 0x24, 0x21, 0x24, 0x21, 0x24, 0x21, 0x14, 0xA5, 0x7D, 0xEF,
    0x7D, 0xEF, 0x7D, 0xEF, 0x7D, 0xEF, 0xC4, 0x21, 0x01, 0x01, 0x01, 0x01, 0x01, 0x01, 0x01, 0x01,
    0xA8, 0x42, 0xBE, 0xF7, 0x4F, 0x7C, 0x33, 0x9D, 0xDA, 0xD6, 0x3C, 0xE7, 0xC4, 0x21, 0x01, 0x01,
    0x01, 0x01, 0x01, 0x01, 0x01, 0x01, 0x17, 0xBE, 0xBE, 0xF7, 0xBE, 0xF7, 0xBE, 0xF7, 0xBE, 0xF7,
    0xBE, 0xF7, 0xBE, 0xF7, 0xBE, 0xF7, 0x24, 0x21, 0xD9, 0xDB, 0xD9, 0xDB, 0xD9, 0xDB, 0xD9, 0xDB,
    0xD9, 0xDB, 0xD9, 0xDB, 0xD9, 0xDB, 0xD9, 0xDB, 0xD9, 0xDB, 0xD9, 0xDB, 0xD9, 0xDB, 0xD9, 0xDB,
    0xD9, 0xDB, 0xD9, 0xDB, 0xD9, 0xDB, 0xD9, 0xDB, 0xD9, 0xDB, 0xD9, 0xDB, 0xD9, 0xDB, 0xD9, 0xDB,
    0xD9, 0xDB, 0xD9, 0xDB, 0xD9, 0xDB, 0xD9, 0xDB, 0xD9, 0xDB, 0xD9, 0xDB, 0xD9, 0xDB, 0xD9, 0xDB,
    0xD9, 0xDB, 0xD2, 0x9A, 0xA8, 0x49, 0xEA, 0x51, 0x13, 0xA3, 0xD9, 0xDB, 0x8F, 0x82, 0x24, 0x21,
    0x0B, 0x62, 0xD9, 0xDB, 0xD9, 0xDB, 0xD9, 0xDB, 0xD9, 0xDB, 0xD9, 0xDB, 0xD9, 0xDB, 0xD9, 0xDB,
    0xD9, 0xDB, 0xD9, 0xDB, 0xD9, 0xDB, 0x24, 0x21, 0x59, 0xCE, 0x59, 0xCE, 0x59, 0xCE, 0x59, 0xCE,
    0x59, 0xCE, 0x59, 0xCE, 0x59, 0xCE, 0x55, 0xAD, 0x08, 0x42, 0xA6, 0x31, 0xA6, 0x31, 0xA6, 0x31,
    0xA6, 0x31, 0xA6, 0x31, 0xA6, 0x31, 0xA6, 0x31, 0xA6, 0x31, 0xA6, 0x31, 0xA6, 0x31, 0xA6, 0x31,
    0xA6, 0x31, 0xA6, 0x31, 0xA6, 0x31, 0x08, 0x42, 0x55, 0xAD, 0x59, 0xCE, 0x59, 0xCE, 0x59, 0xCE,
    0x59, 0xCE, 0x59, 0xCE, 0x59, 0xCE, 0x59, 0xCE, 0x59, 0xCE, 0x59, 0xCE, 0x59, 0xCE, 0x59, 0xCE,
    0x59, 0xCE, 0x59, 0xCE, 0x59, 0xCE, 0x59, 0xCE, 0x59, 0xCE, 0x59, 0xCE, 0x59, 0xCE, 0x59, 0xCE,
    0x59, 0xCE, 0x59, 0xCE, 0x59, 0xCE, 0x59, 0xCE, 0x59, 0xCE, 0x59, 0xCE, 0x59, 0xCE, 0x59, 0xCE,
    0x59, 0xCE, 0x59, 0xCE, 0x59, 0xCE, 0x59, 0xCE, 0x59, 0xCE, 0x59, 0xCE, 0x59, 0xCE, 0x59, 0xCE,
    0x59, 0xCE, 0x59, 0xCE, 0x59, 0xCE, 0x59, 0xCE, 0x59, 0xCE, 0x59, 0xCE, 0x59, 0xCE, 0x59, 0xCE,
    0x59, 0xCE, 0x59, 0xCE, 0x59, 0xCE, 0x59, 0xCE, 0x59, 0xCE, 0x59, 0xCE, 0x59, 0xCE, 0x59, 0xCE,
    0x59, 0xCE, 0x59, 0xCE, 0x59, 0xCE, 0x59, 0xCE, 0x59, 0xCE, 0x59, 0xCE, 0x59, 0xCE, 0x59, 0xCE,
    0x59, 0xCE, 0x59, 0xCE, 0x59, 0xCE, 0x59, 0xCE, 0x59, 0xCE, 0x59, 0xCE, 0x59, 0xCE, 0x59, 0xCE,
    0x59, 0xCE, 0x59, 0xCE, 0x59, 0xCE, 0x59, 0xCE, 0x59, 0xCE, 0x59, 0xCE, 0x59, 0xCE, 0x59, 0xCE,
    0x59, 0xCE, 0x59, 0xCE, 0x59, 0xCE, 0x59, 0xCE, 0x59, 0xCE, 0x59, 0xCE, 0x59, 0xCE, 0x59, 0xCE,
    0x59, 0xCE, 0x59, 0xCE, 0xC7, 0x39, 0x1C, 0xDF, 0x1C, 0xE7, 0x3C, 0xE7, 0x5D, 0xEF, 0x7D, 0xEF,
    0xAA, 0x52, 0x1C, 0xE7, 0x1C, 0xE7, 0x1C, 0xE7, 0x1C, 0xE7, 0x1C, 0xE7, 0x1C, 0xE7, 0x1C, 0xE7,
    0x3D, 0x7C, 0x5F, 0x11, 0x7E, 0x5B, 0x3D, 0x7C, 0xBE, 0x42, 0x5F, 0x11, 0x7E, 0x5B, 0x1C, 0xE7,
    0x3D, 0x7C, 0x5F, 0x11, 0x1E, 0x53, 0x3D, 0x7C, 0xBE, 0x42, 0x5F, 0x11, 0x5E, 0x3A, 0x1C, 0xE7,
    0x1C, 0xE7, 0x1C, 0xE7, 0x1C, 0xE7, 0x1C, 0xE7, 0x24, 0x21, 0x24, 0x21, 0x24, 0x21, 0x24, 0x21,
    0x24, 0x21, 0x24, 0x21, 0x24, 0x21, 0x24, 0x21, 0x24, 0x21, 0x24, 0x21, 0x24, 0x21, 0x24, 0x21,
    0x24, 0x21, 0x24, 0x21, 0x24, 0x21, 0x24, 0x21, 0x24, 0x21, 0x24, 0x21, 0x24, 0x21, 0x24, 0x21,
    0x24, 0x21, 0x24, 0x21, 0x24, 0x21, 0x24, 0x21, 0x24, 0x21, 0x24, 0x21, 0x24, 0x21, 0x24, 0x21,
    0x24, 0x21, 0x24, 0x21, 0x24, 0x21, 0x24, 0x21, 0x24, 0x21, 0x24, 0x21, 0x24, 0x21, 0x24, 0x21,
    0x24, 0x21, 0x24, 0x21, 0x24, 0x21, 0x24, 0x21, 0x24, 0x21, 0x24, 0x21, 0x24, 0x21, 0x24, 0x21,
    0x24, 0x21, 0x24, 0x21, 0x24, 0x21, 0x24, 0x21, 0x24, 0x21, 0x24, 0x21, 0x24, 0x21, 0x24, 0x21,
    0x24, 0x21, 0x24, 0x21, 0x24, 0x21, 0x24, 0x21, 0x24, 0x21, 0x24, 0x21, 0x24, 0x21, 0x24, 0x21,
    0x24, 0x21, 0x24, 0x21, 0x24, 0x21, 0x24, 0x21, 0x24, 0x21, 0x24, 0x21, 0x24, 0x21, 0x24, 0x21,
    0x24, 0x21, 0x24, 0x21, 0x24, 0x21, 0x24, 0x21, 0x24, 0x21, 0x24, 0x21, 0x24, 0x21, 0x24, 0x21,
    0x24, 0x21, 0x24, 0x21, 0x24, 0x21, 0x24, 0x21, 0x24, 0x21, 0x24, 0x21, 0x24, 0x21, 0x24, 0x21,
    0x24, 0x21, 0x24, 0x21, 0x24, 0x21, 0x24, 0x21, 0x24, 0x21, 0x24, 0x21, 0x24, 0x21, 0x24, 0x21,
    0x24, 0x21, 0x24, 0x21, 0x24, 0x21, 0x24, 0x21, 0x24, 0x21, 0x24, 0x21, 0xB2, 0x94, 0x7D, 0xEF,
    0x7D, 0xEF, 0x7D, 0xEF, 0x7D, 0xEF, 0x46, 0x32, 0x01, 0x01, 0x01, 0x01, 0x01, 0x01, 0x0A, 0x4B,
    0x95, 0xAD, 0xBE, 0xF7, 0xC4, 0x21, 0x01, 0x01, 0x0A, 0x4B, 0xBE, 0xF7, 0xED, 0x6B, 0x01, 0x01,
    0x01, 0x01, 0x01, 0x01, 0x01, 0x01, 0x5C, 0xE7, 0xBE, 0xF7, 0xBE, 0xF7, 0xBE, 0xF7, 0xBE, 0xF7,
    0xBE, 0xF7, 0xBE, 0xF7, 0xBE, 0xF7, 0x24, 0x21, 0xD9, 0xDB, 0xD9, 0xDB, 0xD9, 0xDB, 0xD9, 0xDB,
    0xD9, 0xDB, 0xD9, 0xDB, 0xD9, 0xDB, 0xD9, 0xDB, 0xD9, 0xDB, 0xD9, 0xDB, 0xD9, 0xDB, 0xD9, 0xDB,
    0xD9, 0xDB, 0xD9, 0xDB, 0xD9, 0xDB, 0xD9, 0xDB, 0xD9, 0xDB, 0xD9, 0xDB, 0xD9, 0xDB, 0xD9, 0xDB,
    0xD9, 0xDB, 0xD9, 0xDB, 0xD9, 0xDB, 0xD9, 0xDB, 0xD9, 0xDB, 0xD9, 0xDB, 0xD9, 0xDB, 0xD9, 0xDB,
    0xD9, 0xDB, 0xD9, 0xDB, 0xD9, 0xDB, 0xD9, 0xDB, 0xD9, 0xDB, 0xD9, 0xDB, 0x8F, 0x82, 0x24, 0x21,
    0x2C, 0x6A, 0xD9, 0xDB, 0xD9, 0xDB, 0xD9, 0xDB, 0xD9, 0xDB, 0xD9, 0xDB, 0xD9, 0xDB, 0xD9, 0xDB,
    0xD9, 0xDB, 0xD9, 0xDB, 0xD9, 0xDB, 0x24, 0x21, 0x59, 0xCE, 0x59, 0xCE, 0x59, 0xCE, 0x59, 0xCE,
    0x59, 0xCE, 0x59, 0xCE, 0x59, 0xCE, 0xA6, 0x31, 0x04, 0x21, 0x04, 0x21, 0x04, 0x21, 0x04, 0x21,
    0x04, 0x21, 0x04, 0x21, 0x04, 0x21, 0x04, 0x21, 0x04, 0x21, 0x04, 0x21, 0x04, 0x21, 0x04, 0x21,
    0x04, 0x21, 0x04, 0x21, 0x04, 0x21, 0x04, 0x21, 0x45, 0x29, 0x59, 0xCE, 0x59, 0xCE, 0x59, 0xCE,
    0x59, 0xCE, 0x59, 0xCE, 0x59, 0xCE, 0x59, 0xCE, 0x59, 0xCE, 0x59, 0xCE, 0x59, 0xCE, 0x59, 0xCE,
    0x59, 0xCE, 0x59, 0xCE, 0x59, 0xCE, 0x59, 0xCE, 0x59, 0xCE, 0x59, 0xCE, 0x59, 0xCE, 0x59, 0xCE,
    0x59, 0xCE, 0x59, 0xCE, 0x59, 0xCE, 0x59, 0xCE, 0x59, 0xCE, 0x59, 0xCE, 0x59, 0xCE, 0x59, 0xCE,
    0x59, 0xCE, 0x59, 0xCE, 0x59, 0xCE, 0x59, 0xCE, 0x59, 0xCE, 0x59, 0xCE, 0x59, 0xCE, 0x59, 0xCE,
    0x59, 0xCE, 0x59, 0xCE, 0x59, 0xCE, 0x59, 0xCE, 0x59, 0xCE, 0x59, 0xCE, 0x59, 0xCE, 0x59, 0xCE,
    0x59, 0xCE, 0x59, 0xCE, 0x59, 0xCE, 0x59, 0xCE, 0x59, 0xCE, 0x59, 0xCE, 0x59, 0xCE, 0x59, 0xCE,
    0x59, 0xCE, 0x59, 0xCE, 0x59, 0xCE, 0x59, 0xCE, 0x59, 0xCE, 0x59, 0xCE, 0x59, 0xCE, 0x59, 0xCE,
    0x59, 0xCE, 0x59, 0xCE, 0x59, 0xCE, 0x59, 0xCE, 0x59, 0xCE, 0x59, 0xCE, 0x59, 0xCE, 0x59, 0xCE,
    0x59, 0xCE, 0x59, 0xCE, 0x59, 0xCE, 0x59, 0xCE, 0x59, 0xCE, 0x59, 0xCE, 0x59, 0xCE, 0x59, 0xCE,
    0x59, 0xCE, 0x59, 0xCE, 0x59, 0xCE, 0x59, 0xCE, 0x59, 0xCE, 0x59, 0xCE, 0x59, 0xCE, 0x59, 0xCE,
    0x59, 0xCE, 0x59, 0xCE, 0xC7, 0x39, 0xFB, 0xDE, 0x1C, 0xE7, 0x3C, 0xE7, 0x5D, 0xEF, 0x7D, 0xEF,
    0x24, 0x21, 0x71, 0x8C, 0x1C, 0xE7, 0x1C, 0xE7, 0x1C, 0xE7, 0x1C, 0xE7, 0x1C, 0xE7, 0x1C, 0xE7,
    0x3D, 0x7C, 0x5F, 0x11, 0x5F, 0x11, 0x5F, 0x11, 0x9F, 0x19, 0x7E, 0x5B, 0xBC, 0xD6, 0x1C, 0xE7,
    0x3D, 0x7C, 0x5F, 0x11, 0x5F, 0x11, 0x5F, 0x11, 0xFE, 0x29, 0x3D, 0x7C, 0xBC, 0xD6, 0x1C, 0xE7,
    0x1C, 0xE7, 0x1C, 0xE7, 0x1C, 0xE7, 0x1C, 0xE7, 0x24, 0x21, 0x24, 0x21, 0x24, 0x21, 0x24, 0x21,
    0x24, 0x21, 0x24, 0x21, 0x24, 0x21, 0x24, 0x21, 0x24, 0x21, 0x24, 0x21, 0x24, 0x21, 0x24, 0x21,
    0x24, 0x21, 0x24, 0x21, 0x24, 0x21, 0x24, 0x21, 0x24, 0x21, 0x24, 0x21, 0x24, 0x21, 0x24, 0x21,
    0x24, 0x21, 0x24, 0x21, 0x24, 0x21, 0x24, 0x21, 0x24, 0x21, 0x24, 0x21, 0x24, 0x21, 0x24, 0x21,
    0x24, 0x21, 0x24, 0x21, 0x24, 0x21, 0x24, 0x21, 0x24, 0x21, 0x24, 0x21, 0x24, 0x21, 0x24, 0x21,
    0x24, 0x21, 0x24, 0x21, 0x24, 0x21, 0x24, 0x21, 0x24, 0x21, 0x24, 0x21, 0x24, 0x21, 0x24, 0x21,
    0x24, 0x21, 0x24, 0x21, 0x24, 0x21, 0x24, 0x21, 0x24, 0x21, 0x24, 0x21, 0x24, 0x21, 0x24, 0x21,
    0x24, 0x21, 0x24, 0x21, 0x24, 0x21, 0x24, 0x21, 0x24, 0x21, 0x24, 0x21, 0x24, 0x21, 0x24, 0x21,
    0x24, 0x21, 0x24, 0x21, 0x24, 0x21, 0x24, 0x21, 0x24, 0x21, 0x24, 0x21, 0x24, 0x21, 0x24, 0x21,
    0x24, 0x21, 0x24, 0x21, 0x24, 0x21, 0x24, 0x21, 0x24, 0x21, 0x24, 0x21, 0x24, 0x21, 0x24, 0x21,
    0x24, 0x21, 0x24, 0x21, 0x24, 0x21, 0x24, 0x21, 0x24, 0x21, 0x24, 0x21, 0x24, 0x21, 0x24, 0x21,
    0x24, 0x21, 0x24, 0x21, 0x24, 0x21, 0x24, 0x21, 0x24, 0x21, 0x24, 0x21, 0x24, 0x21, 0x24, 0x21,
    0x24, 0x21, 0x24, 0x21, 0x24, 0x21, 0x24, 0x21, 0x24, 0x21, 0x24, 0x21, 0x8E, 0x73, 0x7D, 0xEF,
    0x7D, 0xEF, 0x7D, 0xEF, 0x7D, 0xEF, 0xED, 0x6B, 0x01, 0x01, 0x01, 0x01, 0x01, 0x01, 0xD1, 0x8C,
    0x3C, 0xE7, 0xBE, 0xF7, 0x95, 0xAD, 0x4F, 0x7C, 0x79, 0xC6, 0xBE, 0xF7, 0x8C, 0x5B, 0x01, 0x01,
    0x01, 0x01, 0x01, 0x01, 0xE4, 0x21, 0xBE, 0xF7, 0xBE, 0xF7, 0xBE, 0xF7, 0xBE, 0xF7, 0xBE, 0xF7,
    0xBE, 0xF7, 0xBE, 0xF7, 0xBE, 0xF7, 0x24, 0x21, 0xD9, 0xDB, 0xD9, 0xDB, 0xD9, 0xDB, 0xD9, 0xDB,
    0xD9, 0xDB, 0xD9, 0xDB, 0xD9, 0xDB, 0xD9, 0xDB, 0xD9, 0xDB, 0xD9, 0xDB, 0xD9, 0xDB, 0xD9, 0xDB,
    0xD9, 0xDB, 0xD9, 0xDB, 0xD9, 0xDB, 0xD9, 0xDB, 0xD9, 0xDB, 0xD9, 0xDB, 0xD9, 0xDB, 0xD9, 0xDB,
    0xD9, 0xDB, 0xD9, 0xDB, 0xD9, 0xDB, 0xD9, 0xDB, 0xD9, 0xDB, 0xD9, 0xDB, 0xD9, 0xDB, 0xD9, 0xDB,
    0xD9, 0xDB, 0xD9, 0xDB, 0xD9, 0xDB, 0xD9, 0xDB, 0xD9, 0xDB, 0xD9, 0xDB, 0xD2, 0x9A, 0x24, 0x21,
    0xA8, 0x49, 0xD9, 0xDB, 0xD9, 0xDB, 0xD9, 0xDB, 0xD9, 0xDB, 0xD9, 0xDB, 0xD9, 0xDB, 0xD9, 0xDB,
    0xD9, 0xDB, 0xD9, 0xDB, 0xD9, 0xDB, 0x24, 0x21, 0x59, 0xCE, 0x59, 0xCE, 0x59, 0xCE, 0x59, 0xCE,
    0x59, 0xCE, 0x59, 0xCE, 0x59, 0xCE, 0x04, 0x21, 0x04, 0x21, 0x04, 0x21, 0x04, 0x21, 0x04, 0x21,
    0x04, 0x21, 0x04, 0x21, 0x04, 0x21, 0x04, 0x21, 0x65, 0x29, 0x04, 0x21, 0x04, 0x21, 0x04, 0x21,
    0x04, 0x21, 0x04, 0x21, 0x04, 0x21, 0x04, 0x21, 0x04, 0x21, 0x59, 0xCE, 0x59, 0xCE, 0x59, 0xCE,
    0x59, 0xCE, 0x59, 0xCE, 0x59, 0xCE, 0x59, 0xCE, 0x59, 0xCE, 0x59, 0xCE, 0x59, 0xCE, 0x59, 0xCE,
    0x59, 0xCE, 0x59, 0xCE, 0x59, 0xCE, 0x59, 0xCE, 0x59, 0xCE, 0x59, 0xCE, 0x59, 0xCE, 0x59, 0xCE,
    0x59, 0xCE, 0x59, 0xCE, 0x59, 0xCE, 0x59, 0xCE, 0x59, 0xCE, 0x59, 0xCE, 0x59, 0xCE, 0x59, 0xCE,
    0x59, 0xCE, 0x59, 0xCE, 0x59, 0xCE, 0x59, 0xCE, 0x59, 0xCE, 0x59, 0xCE, 0x59, 0xCE, 0x59, 0xCE,
    0x59, 0xCE, 0x59, 0xCE, 0x59, 0xCE, 0x59, 0xCE, 0x59, 0xCE, 0x59, 0xCE, 0x59, 0xCE, 0x59, 0xCE,
    0x59, 0xCE, 0x59, 0xCE, 0x59, 0xCE, 0x59, 0xCE, 0x59, 0xCE, 0x59, 0xCE, 0x59, 0xCE, 0x59, 0xCE,
    0x59, 0xCE, 0x59, 0xCE, 0x59, 0xCE, 0x59, 0xCE, 0x59, 0xCE, 0x59, 0xCE, 0x59, 0xCE, 0x59, 0xCE,
    0x59, 0xCE, 0x59, 0xCE, 0x59, 0xCE, 0x59, 0xCE, 0x59, 0xCE, 0x59, 0xCE, 0x59, 0xCE, 0x59, 0xCE,
    0x59, 0xCE, 0x59, 0xCE, 0x59, 0xCE, 0x59, 0xCE, 0x59, 0xCE, 0x59, 0xCE, 0x59, 0xCE, 0x59, 0xCE,
    0x59, 0xCE, 0x59, 0xCE, 0x59, 0xCE, 0x59, 0xCE, 0x59, 0xCE, 0x59, 0xCE, 0x59, 0xCE, 0x59, 0xCE,
    0x59, 0xCE, 0x59, 0xCE, 0xC7, 0x39, 0x1C, 0xDF, 0x1C, 0xE7, 0x3C, 0xE7, 0x5D, 0xEF, 0x7D, 0xEF,
    0x24, 0x21, 0x24, 0x21, 0xF7, 0xBD, 0x1C, 0xE7, 0x1C, 0xE7, 0x1C, 0xE7, 0x1C, 0xE7, 0x1C, 0xE7,
    0x1C, 0xE7, 0x1C, 0xE7, 0x1C, 0xE7, 0x1C, 0xE7, 0x1C, 0xE7, 0x1C, 0xE7, 0x1C, 0xE7, 0x1C, 0xE7,
    0x1C, 0xE7, 0x1C, 0xE7, 0x1C, 0xE7, 0x1C, 0xE7, 0x1C, 0xE7, 0x1C, 0xE7, 0x1C, 0xE7, 0x1C, 0xE7,
    0x1C, 0xE7, 0x1C, 0xE7, 0x1C, 0xE7, 0xBA, 0xD6, 0x24, 0x21, 0x24, 0x21, 0x24, 0x21, 0x24, 0x21,
    0x24, 0x21, 0x24, 0x21, 0x24, 0x21, 0x24, 0x21, 0x24, 0x21, 0x24, 0x21, 0x24, 0x21, 0x24, 0x21,
    0x24, 0x21, 0x24, 0x21, 0x24, 0x21, 0x24, 0x21, 0x24, 0x21, 0x24, 0x21, 0x24, 0x21, 0x24, 0x21,
    0x24, 0x21, 0x24, 0x21, 0x24, 0x21, 0x24, 0x21, 0x24, 0x21, 0x24, 0x21, 0x24, 0x21, 0x24, 0x21,
    0x24, 0x21, 0x24, 0x21, 0x24, 0x21, 0x24, 0x21, 0x24, 0x21, 0x24, 0x21, 0x24, 0x21, 0x24, 0x21,
    0x24, 0x21, 0x24, 0x21, 0x24, 0x21, 0x24, 0x21, 0x24, 0x21, 0x24, 0x21, 0x24, 0x21, 0x24, 0x21,
    0x24, 0x21, 0x24, 0x21, 0x24, 0x21, 0x24, 0x21, 0x24, 0x21, 0x24, 0x21, 0x24, 0x21, 0x24, 0x21,
    0x24, 0x21, 0x24, 0x21, 0x24, 0x21, 0x24, 0x21, 0x24, 0x21, 0x24, 0x21, 0x24, 0x21, 0x24, 0x21,
    0x24, 0x21, 0x24, 0x21, 0x24, 0x21, 0x24, 0x21, 0x24, 0x21, 0x24, 0x21, 0x24, 0x21, 0x24, 0x21,
    0x24, 0x21, 0x24, 0x21, 0x24, 0x21, 0x24, 0x21, 0x24, 0x21, 0x24, 0x21, 0x24, 0x21, 0x24, 0x21,
    0x24, 0x21, 0x24, 0x21, 0x24, 0x21, 0x24, 0x21, 0x24, 0x21, 0x24, 0x21, 0x24, 0x21, 0x24, 0x21,
    0x24, 0x21, 0x24, 0x21, 0x24, 0x21, 0x24, 0x21, 0x24, 0x21, 0x24, 0x21, 0x24, 0x21, 0x24, 0x21,
    0x24, 0x21, 0x24, 0x21, 0x24, 0x21, 0x24, 0x21, 0x24, 0x21, 0x24, 0x21, 0x86, 0x31, 0x7D, 0xEF,
    0x7D, 0xEF, 0x7D, 0xEF, 0x7D, 0xEF, 0xF6, 0xB5, 0x01, 0x01, 0x01, 0x01, 0x01, 0x01, 0x01, 0x01,
    0x8C, 0x5B, 0x95, 0xAD, 0x79, 0xC6, 0x79, 0xC6, 0xF7, 0xBD, 0x4F, 0x7C, 0x01, 0x01, 0x01, 0x01,
    0x01, 0x01, 0x01, 0x01, 0x6F, 0x7C, 0xBE, 0xF7, 0xBE, 0xF7, 0xBE, 0xF7, 0xBE, 0xF7, 0xBE, 0xF7,
    0xBE, 0xF7, 0xBE, 0xF7, 0xBE, 0xF7, 0x24, 0x21, 0xD9, 0xDB, 0xD9, 0xDB, 0xD9, 0xDB, 0xD9, 0xDB,
    0xD9, 0xDB, 0xD9, 0xDB, 0xD9, 0xDB, 0xD9, 0xDB, 0xD9, 0xDB, 0xD9, 0xDB, 0xD9, 0xDB, 0xD9, 0xDB,
    0xD9, 0xDB, 0xD9, 0xDB, 0xD9, 0xDB, 0xD9, 0xDB, 0xD9, 0xDB, 0xD9, 0xDB, 0xD9, 0xDB, 0xD9, 0xDB,
    0xD9, 0xDB, 0xD9, 0xDB, 0xD9, 0xDB, 0xD9, 0xDB, 0xD9, 0xDB, 0xD9, 0xDB, 0xD9, 0xDB, 0xD9, 0xDB,
    0xD9, 0xDB, 0xD9, 0xDB, 0xD9, 0xDB, 0xD9, 0xDB, 0xD9, 0xDB, 0xD9, 0xDB, 0xB8, 0xD3, 0x24, 0x21,
    0x24, 0x21, 0x34, 0xB3, 0xD9, 0xDB, 0xD9, 0xDB, 0xD9, 0xDB, 0xD9, 0xDB, 0xD9, 0xDB, 0xD9, 0xDB,
    0xD9, 0xDB, 0xD9, 0xDB, 0xD9, 0xDB, 0x24, 0x21, 0x59, 0xCE, 0x59, 0xCE, 0x59, 0xCE, 0x59, 0xCE,
    0x59, 0xCE, 0x59, 0xCE, 0x59, 0xCE, 0x04, 0x21, 0x04, 0x21, 0x04, 0x21, 0x04, 0x21, 0x04, 0x21,
    0x04, 0x21, 0x04, 0x21, 0x04, 0x21, 0x04, 0x21, 0x71, 0x8C, 0x04, 0x21, 0x04, 0x21, 0x04, 0x21,
    0x04, 0x21, 0x04, 0x21, 0x04, 0x21, 0x04, 0x21, 0x04, 0x21, 0x59, 0xCE, 0x59, 0xCE, 0x59, 0xCE,
    0x59, 0xCE, 0x59, 0xCE, 0x59, 0xCE, 0x59, 0xCE, 0x59, 0xCE, 0x59, 0xCE, 0x59, 0xCE, 0x59, 0xCE,
    0x59, 0xCE, 0x59, 0xCE, 0x59, 0xCE, 0x59, 0xCE, 0x59, 0xCE, 0x59, 0xCE, 0x59, 0xCE, 0x59, 0xCE,
    0x59, 0xCE, 0x59, 0xCE, 0x59, 0xCE, 0x59, 0xCE, 0x59, 0xCE, 0x59, 0xCE, 0x59, 0xCE, 0x59, 0xCE,
    0x59, 0xCE, 0x59, 0xCE, 0x59, 0xCE, 0x59, 0xCE, 0x59, 0xCE, 0x59, 0xCE, 0x59, 0xCE, 0x59, 0xCE,
    0x59, 0xCE, 0x59, 0xCE, 0x59, 0xCE, 0x59, 0xCE, 0x59, 0xCE, 0x59, 0xCE, 0x59, 0xCE, 0x59, 0xCE,
    0x59, 0xCE, 0x59, 0xCE, 0x59, 0xCE, 0x59, 0xCE, 0x59, 0xCE, 0x59, 0xCE, 0x59, 0xCE, 0x59, 0xCE,
    0x59, 0xCE, 0x59, 0xCE, 0x59, 0xCE, 0x59, 0xCE, 0x59, 0xCE, 0x59, 0xCE, 0x59, 0xCE, 0x59, 0xCE,
    0x59, 0xCE, 0x59, 0xCE, 0x59, 0xCE, 0x59, 0xCE, 0x59, 0xCE, 0x59, 0xCE, 0x59, 0xCE, 0x59, 0xCE,
    0x59, 0xCE, 0x59, 0xCE, 0x59, 0xCE, 0x59, 0xCE, 0x59, 0xCE, 0x59, 0xCE, 0x59, 0xCE, 0x59, 0xCE,
    0x59, 0xCE, 0x59, 0xCE, 0x59, 0xCE, 0x59, 0xCE, 0x59, 0xCE, 0x59, 0xCE, 0x59, 0xCE, 0x59, 0xCE,
    0x59, 0xCE, 0x59, 0xCE, 0xC7, 0x39, 0xFB, 0xDE, 0x1C, 0xE7, 0x3C, 0xE7, 0x5D, 0xEF, 0x7D, 0xEF,
    0x46, 0x29, 0x24, 0x21, 0xE7, 0x39, 0xBA, 0xD6, 0x1C, 0xE7, 0x1C, 0xE7, 0x1C, 0xE7, 0x1C, 0xE7,
    0x1C, 0xE7, 0x1C, 0xE7, 0x1C, 0xE7, 0x1C, 0xE7, 0x1C, 0xE7, 0x1C, 0xE7, 0x1C, 0xE7, 0x1C, 0xE7,
    0x1C, 0xE7, 0x1C, 0xE7, 0x1C, 0xE7, 0x1C, 0xE7, 0x1C, 0xE7, 0x1C, 0xE7, 0x1C, 0xE7, 0x1C, 0xE7,
    0x1C, 0xE7, 0x1C, 0xE7, 0x1C, 0xE7, 0x71, 0x8C, 0x24, 0x21, 0x24, 0x21, 0x24, 0x21, 0x24, 0x21,
    0x24, 0x21, 0x24, 0x21, 0x24, 0x21, 0x24, 0x21, 0x24, 0x21, 0x24, 0x21, 0x24, 0x21, 0x24, 0x21,
    0x24, 0x21, 0x24, 0x21, 0x24, 0x21, 0x24, 0x21, 0x24, 0x21, 0x24, 0x21, 0x24, 0x21, 0x24, 0x21,
    0x24, 0x21, 0x24, 0x21, 0x24, 0x21, 0x24, 0x21, 0x24, 0x21, 0x24, 0x21, 0x24, 0x21, 0x24, 0x21,
    0x24, 0x21, 0x24, 0x21, 0x24, 0x21, 0x24, 0x21, 0x24, 0x21, 0x24, 0x21, 0x24, 0x21, 0x24, 0x21,
    0x24, 0x21, 0x24, 0x21, 0x24, 0x21, 0x24, 0x21, 0x24, 0x21, 0x24, 0x21, 0x24, 0x21, 0x24, 0x21,
    0x24, 0x21, 0x24, 0x21, 0x24, 0x21, 0x24, 0x21, 0x24, 0x21, 0x24, 0x21, 0x24, 0x21, 0x24, 0x21,
    0x24, 0x21, 0x24, 0x21, 0x24, 0x21, 0x24, 0x21, 0x24, 0x21, 0x24, 0x21, 0x24, 0x21, 0x24, 0x21,
    0x24, 0x21, 0x24, 0x21, 0x24, 0x21, 0x24, 0x21, 0x24, 0x21, 0x24, 0x21, 0x24, 0x21, 0x24, 0x21,
    0x24, 0x21, 0x24, 0x21, 0x24, 0x21, 0x24, 0x21, 0x24, 0x21, 0x24, 0x21, 0x24, 0x21, 0x24, 0x21,
    0x24, 0x21, 0x24, 0x21, 0x24, 0x21, 0x24, 0x21, 0x24, 0x21, 0x24, 0x21, 0x24, 0x21, 0x24, 0x21,
    0x24, 0x21, 0x24, 0x21, 0x24, 0x21, 0x24, 0x21, 0x24, 0x21, 0x24, 0x21, 0x24, 0x21, 0x24, 0x21,
    0x24, 0x21, 0x24, 0x21, 0x24, 0x21, 0x24, 0x21, 0x24, 0x21, 0x24, 0x21, 0x24, 0x21, 0xD7, 0xBD,
    0x7D, 0xEF, 0x7D, 0xEF, 0x7D, 0xEF, 0x9E, 0xF7, 0xED, 0x6B, 0x01, 0x01, 0x01, 0x01, 0x01, 0x01,
    0xA8, 0x42, 0xA8, 0x42, 0xDA, 0xD6, 0x62, 0x11, 0x01, 0x01, 0x01, 0x01, 0x01, 0x01, 0x01, 0x01,
    0x01, 0x01, 0xE4, 0x21, 0xDB, 0xDE, 0xBE, 0xF7, 0xBE, 0xF7, 0xBE, 0xF7, 0xBE, 0xF7, 0xBE, 0xF7,
    0xBE, 0xF7, 0xBE, 0xF7, 0xBE, 0xF7, 0x24, 0x21, 0xD9, 0xDB, 0xD9, 0xDB, 0xD9, 0xDB, 0xD9, 0xDB,
    0xD9, 0xDB, 0xD9, 0xDB, 0xD9, 0xDB, 0xD9, 0xDB, 0xD9, 0xDB, 0xD9, 0xDB, 0xD9, 0xDB, 0xD9, 0xDB,
    0xD9, 0xDB, 0xD9, 0xDB, 0xD9, 0xDB, 0xD9, 0xDB, 0xD9, 0xDB, 0xD9, 0xDB, 0xD9, 0xDB, 0xD9, 0xDB,
    0xD9, 0xDB, 0xD9, 0xDB, 0xD9, 0xDB, 0xD9, 0xDB, 0xD9, 0xDB, 0xD9, 0xDB, 0xD9, 0xDB, 0xD9, 0xDB,
    0xD9, 0xDB, 0xD9, 0xDB, 0xD9, 0xDB, 0xD9, 0xDB, 0xD9, 0xDB, 0xD9, 0xDB, 0xD9, 0xDB, 0x6E, 0x72,
    0x24, 0x21, 0x24, 0x21, 0x0B, 0x62, 0x2C, 0x6A, 0xA8, 0x49, 0xEA, 0x51, 0xD9, 0xDB, 0xD9, 0xDB,
    0xD9, 0xDB, 0xD9, 0xDB, 0xD9, 0xDB, 0x24, 0x21, 0x59, 0xCE, 0x59, 0xCE, 0x59, 0xCE, 0x59, 0xCE,
    0x59, 0xCE, 0x59, 0xCE, 0x59, 0xCE, 0x04, 0x21, 0x04, 0x21, 0x04, 0x21, 0x04, 0x21, 0x04, 0x21,
    0x04, 0x21, 0x04, 0x21, 0x04, 0x21, 0xE7, 0x39, 0x1C, 0xE7, 0x04, 0x21, 0x04, 0x21, 0x04, 0x21,
    0x04, 0x21, 0x04, 0x21, 0x04, 0x21, 0x04, 0x21, 0x04, 0x21, 0x59, 0xCE, 0x59, 0xCE, 0x59, 0xCE,
    0x59, 0xCE, 0x59, 0xCE, 0x59, 0xCE, 0x59, 0xCE, 0x59, 0xCE, 0x59, 0xCE, 0x59, 0xCE, 0x59, 0xCE,
    0x59, 0xCE, 0x59, 0xCE, 0x59, 0xCE, 0x59, 0xCE, 0x59, 0xCE, 0x59, 0xCE, 0x59, 0xCE, 0x59, 0xCE,
    0x59, 0xCE, 0x59, 0xCE, 0x59, 0xCE, 0x59, 0xCE, 0x59, 0xCE, 0x59, 0xCE, 0x59, 0xCE, 0x59, 0xCE,
    0x59, 0xCE, 0x59, 0xCE, 0x59, 0xCE, 0x59, 0xCE, 0x59, 0xCE, 0x59, 0xCE, 0x59, 0xCE, 0x59, 0xCE,
    0x59, 0xCE, 0x59, 0xCE, 0x59, 0xCE, 0x59, 0xCE, 0x59, 0xCE, 0x59, 0xCE, 0x59, 0xCE, 0x59, 0xCE,
    0x59, 0xCE, 0x59, 0xCE, 0x59, 0xCE, 0x59, 0xCE, 0x59, 0xCE, 0x59, 0xCE, 0x59, 0xCE, 0x59, 0xCE,
    0x59, 0xCE, 0x59, 0xCE, 0x59, 0xCE, 0x59, 0xCE, 0x59, 0xCE, 0x59, 0xCE, 0x59, 0xCE, 0x59, 0xCE,
    0x59, 0xCE, 0x59, 0xCE, 0x59, 0xCE, 0x59, 0xCE, 0x59, 0xCE, 0x59, 0xCE, 0x59, 0xCE, 0x59, 0xCE,
    0x59, 0xCE, 0x59, 0xCE, 0x59, 0xCE, 0x59, 0xCE, 0x59, 0xCE, 0x59, 0xCE, 0x59, 0xCE, 0x59, 0xCE,
    0x59, 0xCE, 0x59, 0xCE, 0x59, 0xCE, 0x59, 0xCE, 0x59, 0xCE, 0x59, 0xCE, 0x59, 0xCE, 0x59, 0xCE,
    0x59, 0xCE, 0x59, 0xCE, 0xC7, 0x39, 0xFB, 0xDE, 0x1C, 0xE7, 0x3C, 0xE7, 0x5D, 0xEF, 0x7D, 0xEF,
    0x37, 0x32, 0x24, 0x21, 0x24, 0x21, 0xAE, 0x73, 0x1C, 0xE7, 0x1C, 0xE7, 0x1C, 0xE7, 0x1C, 0xE7,
    0x1C, 0xE7, 0x1C, 0xE7, 0x1C, 0xE7, 0x1C, 0xE7, 0x1C, 0xE7, 0x1C, 0xE7, 0x1C, 0xE7, 0x1C, 0xE7,
    0x1C, 0xE7, 0x1C, 0xE7, 0x1C, 0xE7, 0x1C, 0xE7, 0x1C, 0xE7, 0x1C, 0xE7, 0x1C, 0xE7, 0x1C, 0xE7,
    0x1C, 0xE7, 0xBA, 0xD6, 0x10, 0x84, 0x24, 0x21, 0x24, 0x21, 0x24, 0x21, 0x24, 0x21, 0x24, 0x21,
    0x24, 0x21, 0x24, 0x21, 0x24, 0x21, 0x24, 0x21, 0x24, 0x21, 0x24, 0x21, 0x24, 0x21, 0x24, 0x21,
    0x24, 0x21, 0x24, 0x21, 0x24, 0x21, 0x24, 0x21, 0x24, 0x21, 0x24, 0x21, 0x24, 0x21, 0x24, 0x21,
    0x24, 0x21, 0x24, 0x21, 0x24, 0x21, 0x24, 0x21, 0x24, 0x21, 0x24, 0x21, 0x24, 0x21, 0x24, 0x21,
    0x24, 0x21, 0x24, 0x21, 0x24, 0x21, 0x24, 0x21, 0x24, 0x21, 0x24, 0x21, 0x24, 0x21, 0x24, 0x21,
    0x24, 0x21, 0x24, 0x21, 0x24, 0x21, 0x24, 0x21, 0x24, 0x21, 0x24, 0x21, 0x24, 0x21, 0x24, 0x21,
    0x24, 0x21, 0x24, 0x21, 0x24, 0x21, 0x24, 0x21, 0x24, 0x21, 0x24, 0x21, 0x24, 0x21, 0x24, 0x21,
    0x24, 0x21, 0x24, 0x21, 0x24, 0x21, 0x24, 0x21, 0x24, 0x21, 0x24, 0x21, 0x24, 0x21, 0x24, 0x21,
    0x24, 0x21, 0x24, 0x21, 0x24, 0x21, 0x24, 0x21, 0x24, 0x21, 0x24, 0x21, 0x24, 0x21, 0x24, 0x21,
    0x24, 0x21, 0x24, 0x21, 0x24, 0x21, 0x24, 0x21, 0x24, 0x21, 0x24, 0x21, 0x24, 0x21, 0x24, 0x21,
    0x24, 0x21, 0x24, 0x21, 0x24, 0x21, 0x24, 0x21, 0x24, 0x21, 0x24, 0x21, 0x24, 0x21, 0x24, 0x21,
    0x24, 0x21, 0x24, 0x21, 0x24, 0x21, 0x24, 0x21, 0x24, 0x21, 0x24, 0x21, 0x24, 0x21, 0x24, 0x21,
    0x24, 0x21, 0x24, 0x21, 0x24, 0x21, 0x24, 0x21, 0x24, 0x21, 0x24, 0x21, 0x24, 0x21, 0x2C, 0x63,
    0x7D, 0xEF, 0x7D, 0xEF, 0x7D, 0xEF, 0x9E, 0xF7, 0x3C, 0xE7, 0xC4, 0x21, 0x01, 0x01, 0x01, 0x01,
    0x01, 0x01, 0x01, 0x01, 0x62, 0x11, 0x01, 0x01, 0x01, 0x01, 0x01, 0x01, 0x01, 0x01, 0x01, 0x01,
    0x62, 0x11, 0x79, 0xCE, 0xBE, 0xF7, 0xBE, 0xF7, 0xBE, 0xF7, 0xBE, 0xF7, 0xBE, 0xF7, 0xBE, 0xF7,
    0xBE, 0xF7, 0xBE, 0xF7, 0xBE, 0xF7, 0x24, 0x21, 0xD9, 0xDB, 0xD9, 0xDB, 0xD9, 0xDB, 0xD9, 0xDB,
    0xD9, 0xDB, 0xD9, 0xDB, 0xD9, 0xDB, 0xD9, 0xDB, 0xD9, 0xDB, 0xD9, 0xDB, 0xD9, 0xDB, 0xD9, 0xDB,
    0xD9, 0xDB, 0xD9, 0xDB, 0xD9, 0xDB, 0xD9, 0xDB, 0xD9, 0xDB, 0xD9, 0xDB, 0xD9, 0xDB, 0xD9, 0xDB,
    0xD9, 0xDB, 0xD9, 0xDB, 0xD9, 0xDB, 0xD9, 0xDB, 0xD9, 0xDB, 0xD9, 0xDB, 0xD9, 0xDB, 0xD9, 0xDB,
    0xD9, 0xDB, 0xD9, 0xDB, 0xD9, 0xDB, 0xD9, 0xDB, 0xD9, 0xDB, 0xD9, 0xDB, 0xD9, 0xDB, 0xD9, 0xDB,
    0x8F, 0x82, 0x46, 0x31, 0x24, 0x21, 0x24, 0x21, 0x46, 0x31, 0x2C, 0x6A, 0xD9, 0xDB, 0xD9, 0xDB,
    0xD9, 0xDB, 0xD9, 0xDB, 0xD9, 0xDB, 0x24, 0x21, 0x59, 0xCE, 0x59, 0xCE, 0x59, 0xCE, 0x59, 0xCE,
    0x59, 0xCE, 0x59, 0xCE, 0x59, 0xCE, 0x04, 0x21, 0x04, 0x21, 0x04, 0x21, 0x04, 0x21, 0x04, 0x21,
    0x04, 0x21, 0x04, 0x21, 0x04, 0x21, 0x55, 0xAD, 0x38, 0xC6, 0x04, 0x21, 0x04, 0x21, 0x04, 0x21,
    0x04, 0x21, 0x04, 0x21, 0x04, 0x21, 0x04, 0x21, 0x04, 0x21, 0x59, 0xCE, 0x59, 0xCE, 0x59, 0xCE,
    0x59, 0xCE, 0x59, 0xCE, 0x59, 0xCE, 0x59, 0xCE, 0x59, 0xCE, 0x59, 0xCE, 0x59, 0xCE, 0x59, 0xCE,
    0x59, 0xCE, 0x59, 0xCE, 0x59, 0xCE, 0x59, 0xCE, 0x59, 0xCE, 0x59, 0xCE, 0x59, 0xCE, 0x59, 0xCE,
    0x59, 0xCE, 0x59, 0xCE, 0x59, 0xCE, 0x59, 0xCE, 0x59, 0xCE, 0x59, 0xCE, 0x59, 0xCE, 0x59, 0xCE,
    0x59, 0xCE, 0x59, 0xCE, 0x59, 0xCE, 0x59, 0xCE, 0x59, 0xCE, 0x59, 0xCE, 0x59, 0xCE, 0x59, 0xCE,
    0x59, 0xCE, 0x59, 0xCE, 0x59, 0xCE, 0x59, 0xCE, 0x59, 0xCE, 0x59, 0xCE, 0x59, 0xCE, 0x59, 0xCE,
    0x59, 0xCE, 0x59, 0xCE, 0x59, 0xCE, 0x59, 0xCE, 0x59, 0xCE, 0x59, 0xCE, 0x59, 0xCE, 0x59, 0xCE,
    0x59, 0xCE, 0x59, 0xCE, 0x59, 0xCE, 0x59, 0xCE, 0x59, 0xCE, 0x59, 0xCE, 0x59, 0xCE, 0x59, 0xCE,
    0x59, 0xCE, 0x59, 0xCE, 0x59, 0xCE, 0x59, 0xCE, 0x59, 0xCE, 0x59, 0xCE, 0x59, 0xCE, 0x59, 0xCE,
    0x59, 0xCE, 0x59, 0xCE, 0x59, 0xCE, 0x59, 0xCE, 0x59, 0xCE, 0x59, 0xCE, 0x59, 0xCE, 0x59, 0xCE,
    0x59, 0xCE, 0x59, 0xCE, 0x59, 0xCE, 0x59, 0xCE, 0x59, 0xCE, 0x59, 0xCE, 0x59, 0xCE, 0x59, 0xCE,
    0x59, 0xCE, 0x59, 0xCE, 0xC7, 0x39, 0xFB, 0xDE, 0x1C, 0xE7, 0x3C, 0xE7, 0x5D, 0xEF, 0x7D, 0xEF,
    0x9F, 0x3A, 0xAD, 0x31, 0x24, 0x21, 0x24, 0x21, 0x24, 0x21, 0x24, 0x21, 0x24, 0x21, 0x24, 0x21,
    0x24, 0x21, 0x24, 0x21, 0x24, 0x21, 0x24, 0x21, 0x24, 0x21, 0x24, 0x21, 0x24, 0x21, 0x24, 0x21,
    0x24, 0x21, 0x24, 0x21, 0x24, 0x21, 0x24, 0x21, 0x24, 0x21, 0x24, 0x21, 0x24, 0x21, 0x24, 0x21,
    0x24, 0x21, 0x24, 0x21, 0x24, 0x21, 0x24, 0x21, 0x24, 0x21, 0x24, 0x21, 0x24, 0x21, 0x24, 0x21,
    0x24, 0x21, 0x24, 0x21, 0x24, 0x21, 0x24, 0x21, 0x24, 0x21, 0x24, 0x21, 0x24, 0x21, 0x24, 0x21,
    0x24, 0x21, 0x24, 0x21, 0x24, 0x21, 0x24, 0x21, 0x24, 0x21, 0x24, 0x21, 0x24, 0x21, 0x24, 0x21,
    0x24, 0x21, 0x24, 0x21, 0x24, 0x21, 0x24, 0x21, 0x24, 0x21, 0x24, 0x21, 0x24, 0x21, 0x24, 0x21,
    0x24, 0x21, 0x24, 0x21, 0x24, 0x21, 0x24, 0x21, 0x24, 0x21, 0x24, 0x21, 0x24, 0x21, 0x24, 0x21,
    0x24, 0x21, 0x24, 0x21, 0x24, 0x21, 0x24, 0x21, 0x24, 0x21, 0x24, 0x21, 0x24, 0x21, 0x24, 0x21,
    0x24, 0x21, 0x24, 0x21, 0x24, 0x21, 0x24, 0x21, 0x24, 0x21, 0x24, 0x21, 0x24, 0x21, 0x24, 0x21,
    0x24, 0x21, 0x24, 0x21, 0x24, 0x21, 0x24, 0x21, 0x24, 0x21, 0x24, 0x21, 0x24, 0x21, 0x24, 0x21,
    0x24, 0x21, 0x24, 0x21, 0x24, 0x21, 0x24, 0x21, 0x24, 0x21, 0x24, 0x21, 0x24, 0x21, 0x24, 0x21,
    0x24, 0x21, 0x24, 0x21, 0x24, 0x21, 0x24, 0x21, 0x24, 0x21, 0x24, 0x21, 0x24, 0x21, 0x24, 0x21,
    0x24, 0x21, 0x24, 0x21, 0x24, 0x21, 0x24, 0x21, 0x24, 0x21, 0x24, 0x21, 0x24, 0x21, 0x24, 0x21,
    0x24, 0x21, 0x24, 0x21, 0x24, 0x21, 0x24, 0x21, 0x24, 0x21, 0x24, 0x21, 0x24, 0x21, 0x24, 0x21,
    0x24, 0x21, 0x24, 0x21, 0x24, 0x21, 0x24, 0x21, 0x24, 0x21, 0x24, 0x21, 0x24, 0x21, 0x86, 0x31,
    0xFB, 0xDE, 0x7D, 0xEF, 0x7D, 0xEF, 0x9E, 0xF7, 0x9E, 0xF7, 0xBA, 0xD6, 0xA8, 0x42, 0x01, 0x01,
    0x01, 0x01, 0x01, 0x01, 0x01, 0x01, 0x01, 0x01, 0x01, 0x01, 0x01, 0x01, 0x01, 0x01, 0xE4, 0x21,
    0x79, 0xCE, 0xBE, 0xF7, 0xBE, 0xF7, 0xBE, 0xF7, 0xBE, 0xF7, 0x9E, 0xF7, 0xBE, 0xF7, 0xBE, 0xF7,
    0xBE, 0xF7, 0xBE, 0xF7, 0xBE, 0xF7, 0x24, 0x21, 0xD9, 0xDB, 0xD9, 0xDB, 0xD9, 0xDB, 0xD9, 0xDB,
    0xD9, 0xDB, 0xD9, 0xDB, 0xD9, 0xDB, 0xD9, 0xDB, 0xD9, 0xDB, 0xD9, 0xDB, 0xD9, 0xDB, 0xD9, 0xDB,
    0xD9, 0xDB, 0xD9, 0xDB, 0xD9, 0xDB, 0xD9, 0xDB, 0xD9, 0xDB, 0xD9, 0xDB, 0xD9, 0xDB, 0xD9, 0xDB,
    0xD9, 0xDB, 0xD9, 0xDB, 0xD9, 0xDB, 0xD9, 0xDB, 0xD9, 0xDB, 0xD9, 0xDB, 0xD9, 0xDB, 0xD9, 0xDB,
    0xD9, 0xDB, 0xD9, 0xDB, 0xD9, 0xDB, 0xD9, 0xDB, 0xD9, 0xDB, 0xD9, 0xDB, 0xD9, 0xDB, 0xD9, 0xDB,
    0xD9, 0xDB, 0xD9, 0xDB, 0x97, 0xCB, 0x97, 0xCB, 0xD9, 0xDB, 0xD9, 0xDB, 0xD9, 0xDB, 0xD9, 0xDB,
    0xD9, 0xDB, 0xD9, 0xDB, 0xD9, 0xDB, 0x24, 0x21, 0x59, 0xCE, 0x59, 0xCE, 0x59, 0xCE, 0x59, 0xCE,
    0x59, 0xCE, 0x59, 0xCE, 0x59, 0xCE, 0x04, 0x21, 0x04, 0x21, 0x04, 0x21, 0x04, 0x21, 0x04, 0x21,
    0x04, 0x21, 0x04, 0x21, 0xE7, 0x39, 0xFF, 0xFF, 0x38, 0xC6, 0x04, 0x21, 0x04, 0x21, 0x04, 0x21,
    0x04, 0x21, 0x04, 0x21, 0x04, 0x21, 0x04, 0x21, 0x04, 0x21, 0x59, 0xCE, 0x59, 0xCE, 0x59, 0xCE,
    0x59, 0xCE, 0x59, 0xCE, 0x59, 0xCE, 0x59, 0xCE, 0x59, 0xCE, 0x59, 0xCE, 0x59, 0xCE, 0x59, 0xCE,
    0x59, 0xCE, 0x59, 0xCE, 0x59, 0xCE, 0x59, 0xCE, 0x59, 0xCE, 0x59, 0xCE, 0x59, 0xCE, 0x59, 0xCE,
    0x59, 0xCE, 0x59, 0xCE, 0x59, 0xCE, 0x59, 0xCE, 0x59, 0xCE, 0x59, 0xCE, 0x59, 0xCE, 0x59, 0xCE,
    0x59, 0xCE, 0x59, 0xCE, 0x59, 0xCE, 0x59, 0xCE, 0x59, 0xCE, 0x59, 0xCE, 0x59, 0xCE, 0x59, 0xCE,
    0x59, 0xCE, 0x59, 0xCE, 0x59, 0xCE, 0x59, 0xCE, 0x59, 0xCE, 0x59, 0xCE, 0x59, 0xCE, 0x59, 0xCE,
    0x59, 0xCE, 0x59, 0xCE, 0x59, 0xCE, 0x59, 0xCE, 0x59, 0xCE, 0x59, 0xCE, 0x59, 0xCE, 0x59, 0xCE,
    0x59, 0xCE, 0x59, 0xCE, 0x59, 0xCE, 0x59, 0xCE, 0x59, 0xCE, 0x59, 0xCE, 0x59, 0xCE, 0x59, 0xCE,
    0x59, 0xCE, 0x59, 0xCE, 0x59, 0xCE, 0x59, 0xCE, 0x59, 0xCE, 0x59, 0xCE, 0x59, 0xCE, 0x59, 0xCE,
    0x59, 0xCE, 0x59, 0xCE, 0x59, 0xCE, 0x59, 0xCE, 0x59, 0xCE, 0x59, 0xCE, 0x59, 0xCE, 0x59, 0xCE,
    0x59, 0xCE, 0x59, 0xCE, 0x59, 0xCE, 0x59, 0xCE, 0x59, 0xCE, 0x59, 0xCE, 0x59, 0xCE, 0x59, 0xCE,
    0x59, 0xCE, 0x59, 0xCE, 0xC7, 0x39, 0x1C, 0xDF, 0x1C, 0xE7, 0x3C, 0xE7, 0x5D, 0xEF, 0x7D, 0xEF,
    0x7F, 0x32, 0xBE, 0x42, 0x46, 0x29, 0x24, 0x21, 0x24, 0x21, 0x24, 0x21, 0x24, 0x21, 0x24, 0x21,
    0x24, 0x21, 0x24, 0x21, 0x24, 0x21, 0x24, 0x21, 0x24, 0x21, 0x24, 0x21, 0x24, 0x21, 0x24, 0x21,
    0x24, 0x21, 0x24, 0x21, 0x24, 0x21, 0x24, 0x21, 0x24, 0x21, 0x24, 0x21, 0x24, 0x21, 0x24, 0x21,
    0x24, 0x21, 0x24, 0x21, 0x24, 0x21, 0x24, 0x21, 0x24, 0x21, 0x24, 0x21, 0x24, 0x21, 0x24, 0x21,
    0x24, 0x21, 0x24, 0x21, 0x24, 0x21, 0x24, 0x21, 0x24, 0x21, 0x24, 0x21, 0x24, 0x21, 0x24, 0x21,
    0x24, 0x21, 0x24, 0x21, 0x24, 0x21, 0x24, 0x21, 0x24, 0x21, 0x24, 0x21, 0x24, 0x21, 0x24, 0x21,
    0x24, 0x21, 0x24, 0x21, 0x24, 0x21, 0x24, 0x21, 0x24, 0x21, 0x24, 0x21, 0x24, 0x21, 0x24, 0x21,
    0x24, 0x21, 0x24, 0x21, 0x24, 0x21, 0x24, 0x21, 0x24, 0x21, 0x24, 0x21, 0x24, 0x21, 0x24, 0x21,
    0x24, 0x21, 0x24, 0x21, 0x24, 0x21, 0x24, 0x21, 0x24, 0x21, 0x24, 0x21, 0x24, 0x21, 0x24, 0x21,
    0x24, 0x21, 0x24, 0x21, 0x24, 0x21, 0x24, 0x21, 0x24, 0x21, 0x24, 0x21, 0x24, 0x21, 0x24, 0x21,
    0x24, 0x21, 0x24, 0x21, 0x24, 0x21, 0x24, 0x21, 0x24, 0x21, 0x24, 0x21, 0x24, 0x21, 0x24, 0x21,
    0x24, 0x21, 0x24, 0x21, 0x24, 0x21, 0x24, 0x21, 0x24, 0x21, 0x24, 0x21, 0x24, 0x21, 0x24, 0x21,
    0x24, 0x21, 0x24, 0x21, 0x24, 0x21, 0x24, 0x21, 0x24, 0x21, 0x24, 0x21, 0x24, 0x21, 0x24, 0x21,
    0x24, 0x21, 0x24, 0x21, 0x24, 0x21, 0x24, 0x21, 0x24, 0x21, 0x24, 0x21, 0x24, 0x21, 0x24, 0x21,
    0x24, 0x21, 0x24, 0x21, 0x24, 0x21, 0x24, 0x21, 0x24, 0x21, 0x24, 0x21, 0x24, 0x21, 0x24, 0x21,
    0x24, 0x21, 0x24, 0x21, 0x24, 0x21, 0x24, 0x21, 0x24, 0x21, 0x24, 0x21, 0x24, 0x21, 0x24, 0x21,
    0xB2, 0x94, 0x7D, 0xEF, 0x7D, 0xEF, 0x7D, 0xEF, 0x9E, 0xF7, 0x9E, 0xF7, 0x9E, 0xF7, 0x33, 0x9D,
    0xA8, 0x42, 0x01, 0x01, 0x01, 0x01, 0x01, 0x01, 0x01, 0x01, 0x62, 0x11, 0x4F, 0x7C, 0x3C, 0xE7,
    0xBE, 0xF7, 0xBE, 0xF7, 0xBE, 0xF7, 0xBE, 0xF7, 0xBE, 0xF7, 0x9E, 0xF7, 0xBE, 0xF7, 0xBE, 0xF7,
    0xBE, 0xF7, 0xBE, 0xF7, 0xBE, 0xF7, 0x24, 0x21, 0xD9, 0xDB, 0xD9, 0xDB, 0xD9, 0xDB, 0xD9, 0xDB,
    0xD9, 0xDB, 0xD9, 0xDB, 0xD9, 0xDB, 0xD9, 0xDB, 0xD9, 0xDB, 0xD9, 0xDB, 0xD9, 0xDB, 0xD9, 0xDB,
    0xD9, 0xDB, 0xD9, 0xDB, 0xD9, 0xDB, 0xD9, 0xDB, 0xD9, 0xDB, 0xD9, 0xDB, 0xD9, 0xDB, 0xD9, 0xDB,
    0xD9, 0xDB, 0xD9, 0xDB, 0xD9, 0xDB, 0xD9, 0xDB, 0xD9, 0xDB, 0xD9, 0xDB, 0xD9, 0xDB, 0xD9, 0xDB,
    0xD9, 0xDB, 0xD9, 0xDB, 0xD9, 0xDB, 0xD9, 0xDB, 0xD9, 0xDB, 0xD9, 0xDB, 0xD9, 0xDB, 0xD9, 0xDB,
    0xD9, 0xDB, 0xD9, 0xDB, 0xD9, 0xDB, 0xD9, 0xDB, 0xD9, 0xDB, 0xD9, 0xDB, 0xD9, 0xDB, 0xD9, 0xDB,
    0xD9, 0xDB, 0xD9, 0xDB, 0xD9, 0xDB, 0x24, 0x21, 0x59, 0xCE, 0x59, 0xCE, 0x59, 0xCE, 0x59, 0xCE,
    0x59, 0xCE, 0x59, 0xCE, 0x59, 0xCE, 0x04, 0x21, 0x04, 0x21, 0x04, 0x21, 0x04, 0x21, 0x04, 0x21,
    0x04, 0x21, 0x04, 0x21, 0x55, 0xAD, 0xFF, 0xFF, 0x38, 0xC6, 0xE7, 0x39, 0x2C, 0x63, 0x04, 0x21,
    0x04, 0x21, 0x04, 0x21, 0x04, 0x21, 0x04, 0x21, 0x04, 0x21, 0x59, 0xCE, 0x59, 0xCE, 0x59, 0xCE,
    0x59, 0xCE, 0x59, 0xCE, 0x59, 0xCE, 0x59, 0xCE, 0x59, 0xCE, 0x59, 0xCE, 0x59, 0xCE, 0x59, 0xCE,
    0x59, 0xCE, 0x59, 0xCE, 0x59, 0xCE, 0x59, 0xCE, 0x59, 0xCE, 0x59, 0xCE, 0x59, 0xCE, 0x59, 0xCE,
    0x59, 0xCE, 0x59, 0xCE, 0x59, 0xCE, 0x59, 0xCE, 0x59, 0xCE, 0x59, 0xCE, 0x59, 0xCE, 0x59, 0xCE,
    0x59, 0xCE, 0x59, 0xCE, 0x59, 0xCE, 0x59, 0xCE, 0x59, 0xCE, 0x59, 0xCE, 0x59, 0xCE, 0x59, 0xCE,
    0x59, 0xCE, 0x59, 0xCE, 0x59, 0xCE, 0x59, 0xCE, 0x59, 0xCE, 0x59, 0xCE, 0x59, 0xCE, 0x59, 0xCE,
    0x59, 0xCE, 0x59, 0xCE, 0x59, 0xCE, 0x59, 0xCE, 0x59, 0xCE, 0x59, 0xCE, 0x59, 0xCE, 0x59, 0xCE,
    0x59, 0xCE, 0x59, 0xCE, 0x59, 0xCE, 0x59, 0xCE, 0x59, 0xCE, 0x59, 0xCE, 0x59, 0xCE, 0x59, 0xCE,
    0x59, 0xCE, 0x59, 0xCE, 0x59, 0xCE, 0x59, 0xCE, 0x59, 0xCE, 0x59, 0xCE, 0x59, 0xCE, 0x59, 0xCE,
    0x59, 0xCE, 0x59, 0xCE, 0x59, 0xCE, 0x59, 0xCE, 0x59, 0xCE, 0x59, 0xCE, 0x59, 0xCE, 0x59, 0xCE,
    0x59, 0xCE, 0x59, 0xCE, 0x59, 0xCE, 0x59, 0xCE, 0x59, 0xCE, 0x59, 0xCE, 0x59, 0xCE, 0x59, 0xCE,
    0x59, 0xCE, 0x59, 0xCE, 0xC7, 0x39, 0x1C, 0xDF, 0x1C, 0xE7, 0x3C, 0xE7, 0x5D, 0xEF, 0x7D, 0xEF,
    0x3F, 0x32, 0x9F, 0x3A, 0x57, 0x3A, 0x24, 0x21, 0x24, 0x21, 0x24, 0x21, 0x24, 0x21, 0x24, 0x21,
    0x24, 0x21, 0x24, 0x21, 0x24, 0x21, 0x24, 0x21, 0x24, 0x21, 0x24, 0x21, 0x24, 0x21, 0x24, 0x21,
    0x24, 0x21, 0x24, 0x21, 0x24, 0x21, 0x24, 0x21, 0x24, 0x21, 0x24, 0x21, 0x24, 0x21, 0x24, 0x21,
    0x24, 0x21, 0x24, 0x21, 0x24, 0x21, 0x24, 0x21, 0x24, 0x21, 0x24, 0x21, 0x24, 0x21, 0x24, 0x21,
    0x24, 0x21, 0x24, 0x21, 0x24, 0x21, 0x24, 0x21, 0x24, 0x21, 0x24, 0x21, 0x24, 0x21, 0x24, 0x21,
    0x24, 0x21, 0x24, 0x21, 0x24, 0x21, 0x24, 0x21, 0x24, 0x21, 0x24, 0x21, 0x24, 0x21, 0x24, 0x21,
    0x24, 0x21, 0x24, 0x21, 0x24, 0x21, 0x24, 0x21, 0x24, 0x21, 0x24, 0x21, 0x24, 0x21, 0x24, 0x21,
    0x24, 0x21, 0x24, 0x21, 0x24, 0x21, 0x24, 0x21, 0x24, 0x21, 0x24, 0x21, 0x24, 0x21, 0x24, 0x21,
    0x24, 0x21, 0x24, 0x21, 0x24, 0x21, 0x24, 0x21, 0x24, 0x21, 0x24, 0x21, 0x24, 0x21, 0x24, 0x21,
    0x24, 0x21, 0x24, 0x21, 0x24, 0x21, 0x24, 0x21, 0x24, 0x21, 0x24, 0x21, 0x24, 0x21, 0x24, 0x21,
    0x24, 0x21, 0x24, 0x21, 0x24, 0x21, 0x24, 0x21, 0x24, 0x21, 0x24, 0x21, 0x24, 0x21, 0x24, 0x21,
    0x24, 0x21, 0x24, 0x21, 0x24, 0x21, 0x24, 0x21, 0x24, 0x21, 0x24, 0x21, 0x24, 0x21, 0x24, 0x21,
    0x24, 0x21, 0x24, 0x21, 0x24, 0x21, 0x24, 0x21, 0x24, 0x21, 0x24, 0x21, 0x24, 0x21, 0x24, 0x21,
    0x24, 0x21, 0x24, 0x21, 0x24, 0x21, 0x24, 0x21, 0x24, 0x21, 0x24, 0x21, 0x24, 0x21, 0x24, 0x21,
    0x24, 0x21, 0x24, 0x21, 0x24, 0x21, 0x24, 0x21, 0x24, 0x21, 0x24, 0x21, 0x24, 0x21, 0x24, 0x21,
    0x24, 0x21, 0x24, 0x21, 0x24, 0x21, 0x24, 0x21, 0x24, 0x21, 0x24, 0x21, 0x24, 0x21, 0x24, 0x21,
    0xCB, 0x5A, 0x7D, 0xEF, 0x7D, 0xEF, 0x7D, 0xEF, 0x7D, 0xEF, 0x9E, 0xF7, 0x9E, 0xF7, 0x9E, 0xF7,
    0x9E, 0xF7, 0x3C, 0xE7, 0xF7, 0xB5, 0xF7, 0xBD, 0xDA, 0xD6, 0xBE, 0xF7, 0xBE, 0xF7, 0xBE, 0xF7,
    0xBE, 0xF7, 0xBE, 0xF7, 0xBE, 0xF7, 0x9E, 0xF7, 0x9E, 0xF7, 0xBE, 0xF7, 0xBE, 0xF7, 0xBE, 0xF7,
    0xBE, 0xF7, 0xBE, 0xF7, 0xBE, 0xF7, 0x24, 0x21, 0xD9, 0xDB, 0xD9, 0xDB, 0xD9, 0xDB, 0xD9, 0xDB,
    0xD9, 0xDB, 0xD9, 0xDB, 0xD9, 0xDB, 0xD9, 0xDB, 0xD9, 0xDB, 0xD9, 0xDB, 0xD9, 0xDB, 0xD9, 0xDB,
    0xD9, 0xDB, 0xD9, 0xDB, 0xD9, 0xDB, 0xD9, 0xDB, 0xD9, 0xDB, 0xD9, 0xDB, 0xD9, 0xDB, 0xD9, 0xDB,
    0xD9, 0xDB, 0xD9, 0xDB, 0xD9, 0xDB, 0xD9, 0xDB, 0xD9, 0xDB, 0xD9, 0xDB, 0xD9, 0xDB, 0xD9, 0xDB,
    0xD9, 0xDB, 0xD9, 0xDB, 0xD9, 0xDB, 0xD9, 0xDB, 0xD9, 0xDB, 0xD9, 0xDB, 0xD9, 0xDB, 0xD9, 0xDB,
    0xD9, 0xDB, 0xD9, 0xDB, 0xD9, 0xDB, 0xD9, 0xDB, 0xD9, 0xDB, 0xD9, 0xDB, 0xD9, 0xDB, 0xD9, 0xDB,
    0xD9, 0xDB, 0xD9, 0xDB, 0xD9, 0xDB, 0x24, 0x21, 0x59, 0xCE, 0x59, 0xCE, 0x59, 0xCE, 0x59, 0xCE,
    0x59, 0xCE, 0x59, 0xCE, 0x59, 0xCE, 0x04, 0x21, 0x04, 0x21, 0x04, 0x21, 0x04, 0x21, 0x04, 0x21,
    0x04, 0x21, 0xE7, 0x39, 0xFF, 0xFF, 0xFF, 0xFF, 0xFF, 0xFF, 0xFF, 0xFF, 0xAE, 0x73, 0x04, 0x21,
    0x04, 0x21, 0x04, 0x21, 0x04, 0x21, 0x04, 0x21, 0x04, 0x21, 0x59, 0xCE, 0x59, 0xCE, 0x59, 0xCE,
    0x59, 0xCE, 0x59, 0xCE, 0x59, 0xCE, 0x59, 0xCE, 0x59, 0xCE, 0x59, 0xCE, 0x59, 0xCE, 0x59, 0xCE,
    0x59, 0xCE, 0x59, 0xCE, 0x59, 0xCE, 0x59, 0xCE, 0x59, 0xCE, 0x59, 0xCE, 0x59, 0xCE, 0x59, 0xCE,
    0x59, 0xCE, 0x59, 0xCE, 0x59, 0xCE, 0x59, 0xCE, 0x59, 0xCE, 0x59, 0xCE, 0x59, 0xCE, 0x59, 0xCE,
    0x59, 0xCE, 0x59, 0xCE, 0x59, 0xCE, 0x59, 0xCE, 0x59, 0xCE, 0x59, 0xCE, 0x59, 0xCE, 0x59, 0xCE,
    0x59, 0xCE, 0x59, 0xCE, 0x59, 0xCE, 0x59, 0xCE, 0x59, 0xCE, 0x59, 0xCE, 0x59, 0xCE, 0x59, 0xCE,
    0x59, 0xCE, 0x59, 0xCE, 0x59, 0xCE, 0x59, 0xCE, 0x59, 0xCE, 0x59, 0xCE, 0x59, 0xCE, 0x59, 0xCE,
    0x59, 0xCE, 0x59, 0xCE, 0x59, 0xCE, 0x59, 0xCE, 0x59, 0xCE, 0x59, 0xCE, 0x59, 0xCE, 0x59, 0xCE,
    0x59, 0xCE, 0x59, 0xCE, 0x59, 0xCE, 0x59, 0xCE, 0x59, 0xCE, 0x59, 0xCE, 0x59, 0xCE, 0x59, 0xCE,
    0x59, 0xCE, 0x59, 0xCE, 0x59, 0xCE, 0x59, 0xCE, 0x59, 0xCE, 0x59, 0xCE, 0x59, 0xCE, 0x59, 0xCE,
    0x59, 0xCE, 0x59, 0xCE, 0x59, 0xCE, 0x59, 0xCE, 0x59, 0xCE, 0x59, 0xCE, 0x59, 0xCE, 0x59, 0xCE,
    0x59, 0xCE, 0x59, 0xCE, 0xC7, 0x39, 0x1C, 0xDF, 0x1C, 0xE7, 0x3C, 0xE7, 0x5D, 0xEF, 0x7D, 0xEF,
    0x1F, 0x2A, 0x5F, 0x32, 0xBF, 0x42, 0xFF, 0x4A, 0x3F, 0x53, 0x5F, 0x53, 0x5F, 0x5B, 0x5F, 0x5B,
    0x5F, 0x5B, 0x5F, 0x5B, 0x5F, 0x5B, 0x7F, 0x5B, 0x5F, 0x5B, 0x5F, 0x5B, 0x5F, 0x5B, 0x5F, 0x5B,
    0x5F, 0x5B, 0x5F, 0x5B, 0x5F, 0x5B, 0x5F, 0x5B, 0x5F, 0x5B, 0x5F, 0x5B, 0x5F, 0x5B, 0x5F, 0x5B,
    0x5F, 0x5B, 0x5F, 0x5B, 0x5F, 0x5B, 0x5F, 0x5B, 0x5F, 0x5B, 0x5F, 0x5B, 0x5F, 0x5B, 0x5F, 0x5B,
    0x7F, 0x5B, 0x5F, 0x5B, 0x5F, 0x5B, 0x5F, 0x5B, 0x5F, 0x5B, 0x5F, 0x5B, 0x5F, 0x5B, 0x5F, 0x5B,
    0x5F, 0x5B, 0x5F, 0x5B, 0x5F, 0x5B, 0x5F, 0x5B, 0x5F, 0x5B, 0x5F, 0x5B, 0x5F, 0x5B, 0x5F, 0x5B,
    0x5F, 0x5B, 0x5F, 0x5B, 0x5F, 0x5B, 0x5F, 0x5B, 0x7F, 0x5B, 0x5F, 0x5B, 0x5F, 0x5B, 0x5F, 0x5B,
    0x5F, 0x5B, 0x5F, 0x5B, 0x5F, 0x5B, 0x5F, 0x5B, 0x5F, 0x5B, 0x5F, 0x5B, 0x5F, 0x5B, 0x5F, 0x5B,
    0x5F, 0x5B, 0x5F, 0x5B, 0x5F, 0x5B, 0x5F, 0x5B, 0x5F, 0x5B, 0x5F, 0x5B, 0x5F, 0x5B, 0x5F, 0x5B,
    0x5F, 0x5B, 0x5F, 0x5B, 0x5F, 0x5B, 0x5F, 0x5B, 0x5F, 0x5B, 0x5F, 0x5B, 0x5F, 0x5B, 0x5F, 0x5B,
    0x5F, 0x5B, 0x5F, 0x5B, 0x5F, 0x5B, 0x5F, 0x5B, 0x5F, 0x5B, 0x5F, 0x5B, 0x5F, 0x5B, 0x5F, 0x5B,
    0x5F, 0x5B, 0x5F, 0x5B, 0x5F, 0x5B, 0x5F, 0x5B, 0x5F, 0x5B, 0x5F, 0x5B, 0x5F, 0x5B, 0x5F, 0x5B,
    0x7F, 0x5B, 0x5F, 0x5B, 0x5F, 0x5B, 0x5F, 0x5B, 0x5F, 0x5B, 0x5F, 0x5B, 0x5F, 0x5B, 0x5F, 0x5B,
    0x5F, 0x5B, 0x5F, 0x5B, 0x5F, 0x5B, 0x5F, 0x5B, 0x5F, 0x5B, 0x5F, 0x5B, 0x5F, 0x5B, 0x5F, 0x5B,
    0x5F, 0x5B, 0x5F, 0x5B, 0x5F, 0x5B, 0x5F, 0x5B, 0x5F, 0x5B, 0x5F, 0x5B, 0x5F, 0x5B, 0x5F, 0x5B,
    0x5F, 0x5B, 0x5F, 0x5B, 0x5F, 0x5B, 0x5F, 0x5B, 0x5F, 0x5B, 0x5F, 0x5B, 0x5F, 0x5B, 0x7F, 0x5B,
    0x5F, 0x5B, 0xFF, 0x6B, 0xFD, 0xDE, 0x7D, 0xEF, 0x7D, 0xEF, 0x9E, 0xF7, 0x9E, 0xF7, 0x9E, 0xF7,
    0x9E, 0xF7, 0x9E, 0xF7, 0x9E, 0xF7, 0x9E, 0xF7, 0x9E, 0xF7, 0xBE, 0xF7, 0xBE, 0xF7, 0xBE, 0xF7,
    0xBE, 0xF7, 0x9E, 0xF7, 0xBE, 0xF7, 0x9E, 0xF7, 0xBE, 0xF7, 0x9E, 0xF7, 0xBE, 0xF7, 0xBE, 0xF7,
    0xBE, 0xF7, 0xBE, 0xF7, 0xBE, 0xF7, 0x24, 0x21, 0xD9, 0xDB, 0xD9, 0xDB, 0xD9, 0xDB, 0xD9, 0xDB,
    0xD9, 0xDB, 0xD9, 0xDB, 0xD9, 0xDB, 0xD9, 0xDB, 0xD9, 0xDB, 0xD9, 0xDB, 0xD9, 0xDB, 0xD9, 0xDB,
    0xD9, 0xDB, 0xD9, 0xDB, 0xD9, 0xDB, 0xD9, 0xDB, 0xD9, 0xDB, 0xD9, 0xDB, 0xD9, 0xDB, 0xD9, 0xDB,
    0xD9, 0xDB, 0xD9, 0xDB, 0xD9, 0xDB, 0xD9, 0xDB, 0xD9, 0xDB, 0xD9, 0xDB, 0xD9, 0xDB, 0xD9, 0xDB,
    0xD9, 0xDB, 0xD9, 0xDB, 0xD9, 0xDB, 0xD9, 0xDB, 0xD9, 0xDB, 0xD9, 0xDB, 0xD9, 0xDB, 0xD9, 0xDB,
    0xD9, 0xDB, 0xD9, 0xDB, 0xD9, 0xDB, 0xD9, 0xDB, 0xD9, 0xDB, 0xD9, 0xDB, 0xD9, 0xDB, 0xD9, 0xDB,
    0xD9, 0xDB, 0xD9, 0xDB, 0xD9, 0xDB, 0x24, 0x21, 0x59, 0xCE, 0x59, 0xCE, 0x59, 0xCE, 0x59, 0xCE,
    0x59, 0xCE, 0x59, 0xCE, 0x59, 0xCE, 0x04, 0x21, 0x04, 0x21, 0x04, 0x21, 0x04, 0x21, 0x04, 0x21,
    0x04, 0x21, 0x55, 0xAD, 0xFF, 0xFF, 0xFF, 0xFF, 0xFF, 0xFF, 0x1C, 0xE7, 0x04, 0x21, 0x04, 0x21,
    0x04, 0x21, 0x04, 0x21, 0x04, 0x21, 0x04, 0x21, 0x04, 0x21, 0x59, 0xCE, 0x59, 0xCE, 0x59, 0xCE,
    0x59, 0xCE, 0x59, 0xCE, 0x59, 0xCE, 0x59, 0xCE, 0x59, 0xCE, 0x59, 0xCE, 0x59, 0xCE, 0x59, 0xCE,
    0x59, 0xCE, 0x59, 0xCE, 0x59, 0xCE, 0x59, 0xCE, 0x59, 0xCE, 0x59, 0xCE, 0x59, 0xCE, 0x59, 0xCE,
    0x59, 0xCE, 0x59, 0xCE, 0x59, 0xCE, 0x59, 0xCE, 0x59, 0xCE, 0x59, 0xCE, 0x59, 0xCE, 0x59, 0xCE,
    0x59, 0xCE, 0x59, 0xCE, 0x59, 0xCE, 0x59, 0xCE, 0x59, 0xCE, 0x59, 0xCE, 0x59, 0xCE, 0x59, 0xCE,
    0x59, 0xCE, 0x59, 0xCE, 0x59, 0xCE, 0x59, 0xCE, 0x59, 0xCE, 0x59, 0xCE, 0x59, 0xCE, 0x59, 0xCE,
    0x59, 0xCE, 0x59, 0xCE, 0x59, 0xCE, 0x59, 0xCE, 0x59, 0xCE, 0x59, 0xCE, 0x59, 0xCE, 0x59, 0xCE,
    0x59, 0xCE, 0x59, 0xCE, 0x59, 0xCE, 0x59, 0xCE, 0x59, 0xCE, 0x59, 0xCE, 0x59, 0xCE, 0x59, 0xCE,
    0x59, 0xCE, 0x59, 0xCE, 0x59, 0xCE, 0x59, 0xCE, 0x59, 0xCE, 0x59, 0xCE, 0x59, 0xCE, 0x59, 0xCE,
    0x59, 0xCE, 0x59, 0xCE, 0x59, 0xCE, 0x59, 0xCE, 0x59, 0xCE, 0x59, 0xCE, 0x59, 0xCE, 0x59, 0xCE,
    0x59, 0xCE, 0x59, 0xCE, 0x59, 0xCE, 0x59, 0xCE, 0x59, 0xCE, 0x59, 0xCE, 0x59, 0xCE, 0x59, 0xCE,
    0x59, 0xCE, 0x59, 0xCE, 0xC7, 0x39, 0xFB, 0xDE, 0x1C, 0xE7, 0x3C, 0xE7, 0x5D, 0xEF, 0x7D, 0xEF,
    0xDF, 0x21, 0x1F, 0x2A, 0x7F, 0x32, 0xBF, 0x42, 0xFF, 0x4A, 0x1F, 0x53, 0x3F, 0x53, 0x3F, 0x53,
    0x3F, 0x53, 0x3F, 0x53, 0x3F, 0x53, 0x3F, 0x53, 0x3F, 0x53, 0x3F, 0x53, 0x3F, 0x53, 0x3F, 0x53,
    0x3F, 0x53, 0x3F, 0x53, 0x3F, 0x53, 0x3F, 0x53, 0x3F, 0x53, 0x3F, 0x53, 0x3F, 0x53, 0x3F, 0x53,
    0x3F, 0x53, 0x3F, 0x53, 0x3F, 0x53, 0x3F, 0x53, 0x3F, 0x53, 0x3F, 0x53, 0x3F, 0x53, 0x3F, 0x53,
    0x3F, 0x53, 0x3F, 0x53, 0x3F, 0x53, 0x3F, 0x53, 0x3F, 0x53, 0x3F, 0x53, 0x3F, 0x53, 0x3F, 0x53,
    0x3F, 0x53, 0x3F, 0x53, 0x3F, 0x53, 0x3F, 0x53, 0x3F, 0x53, 0x3F, 0x53, 0x3F, 0x53, 0x3F, 0x53,
    0x3F, 0x53, 0x3F, 0x53, 0x3F, 0x53, 0x3F, 0x53, 0x3F, 0x53, 0x3F, 0x53, 0x3F, 0x53, 0x3F, 0x53,
    0x3F, 0x53, 0x3F, 0x53, 0x3F, 0x53, 0x3F, 0x53, 0x3F, 0x53, 0x3F, 0x53, 0x3F, 0x53, 0x3F, 0x53,
    0x3F, 0x53, 0x3F, 0x53, 0x3F, 0x53, 0x3F, 0x53, 0x3F, 0x53, 0x3F, 0x53, 0x3F, 0x53, 0x3F, 0x53,
    0x3F, 0x53, 0x3F, 0x53, 0x3F, 0x53, 0x3F, 0x53, 0x3F, 0x53, 0x3F, 0x53, 0x3F, 0x53, 0x3F, 0x53,
    0x3F, 0x53, 0x3F, 0x53, 0x3F, 0x53, 0x3F, 0x53, 0x3F, 0x53, 0x3F, 0x53, 0x3F, 0x53, 0x3F, 0x53,
    0x3F, 0x53, 0x3F, 0x53, 0x3F, 0x53, 0x3F, 0x53, 0x3F, 0x53, 0x3F, 0x53, 0x3F, 0x53, 0x3F, 0x53,
    0x3F, 0x53, 0x3F, 0x53, 0x3F, 0x53, 0x3F, 0x53, 0x3F, 0x53, 0x3F, 0x53, 0x3F, 0x53, 0x3F, 0x53,
    0x3F, 0x53, 0x3F, 0x53, 0x3F, 0x53, 0x3F, 0x53, 0x3F, 0x53, 0x3F, 0x53, 0x3F, 0x53, 0x3F, 0x53,
    0x3F, 0x53, 0x3F, 0x53, 0x3F, 0x53, 0x3F, 0x53, 0x3F, 0x53, 0x3F, 0x53, 0x3F, 0x53, 0x3F, 0x53,
    0x3F, 0x53, 0x3F, 0x53, 0x3F, 0x53, 0x3F, 0x53, 0x3F, 0x53, 0x3F, 0x53, 0x3F, 0x53, 0x3F, 0x53,
    0x5F, 0x53, 0x5F, 0x5B, 0x7F, 0x5B, 0x7E, 0xA5, 0x7D, 0xEF, 0x7D, 0xEF, 0x9E, 0xF7, 0x9E, 0xF7,
    0x9E, 0xF7, 0x9E, 0xF7, 0x9E, 0xF7, 0x9E, 0xF7, 0x9E, 0xF7, 0x9E, 0xF7, 0x9E, 0xF7, 0x9E, 0xF7,
    0x9E, 0xF7, 0x9E, 0xF7, 0x9E, 0xF7, 0x9E, 0xF7, 0xBE, 0xF7, 0xBE, 0xF7, 0xBE, 0xF7, 0xBE, 0xF7,
    0xBE, 0xF7, 0xBE, 0xF7, 0xBE, 0xF7, 0x24, 0x21, 0xD9, 0xDB, 0xD9, 0xDB, 0xD9, 0xDB, 0xD9, 0xDB,
    0xD9, 0xDB, 0xD9, 0xDB, 0xD9, 0xDB, 0xD9, 0xDB, 0xD9, 0xDB, 0xD9, 0xDB, 0xD9, 0xDB, 0xD9, 0xDB,
    0xD9, 0xDB, 0xD9, 0xDB, 0xD9, 0xDB, 0xD9, 0xDB, 0xD9, 0xDB, 0xD9, 0xDB, 0xD9, 0xDB, 0xD9, 0xDB,
    0xD9, 0xDB, 0xD9, 0xDB, 0xD9, 0xDB, 0xD9, 0xDB, 0xD9, 0xDB, 0xD9, 0xDB, 0xD9, 0xDB, 0xD9, 0xDB,
    0xD9, 0xDB, 0xD9, 0xDB, 0xD9, 0xDB, 0xD9, 0xDB, 0xD9, 0xDB, 0xD9, 0xDB, 0xD9, 0xDB, 0xD9, 0xDB,
    0xD9, 0xDB, 0xD9, 0xDB, 0xD9, 0xDB, 0xD9, 0xDB, 0xD9, 0xDB, 0xD9, 0xDB, 0xD9, 0xDB, 0xD9, 0xDB,
    0xD9, 0xDB, 0xD9, 0xDB, 0xD9, 0xDB, 0x24, 0x21, 0x59, 0xCE, 0x59, 0xCE, 0x59, 0xCE, 0x59, 0xCE,
    0x59, 0xCE, 0x59, 0xCE, 0x59, 0xCE, 0x04, 0x21, 0x04, 0x21, 0x04, 0x21, 0x04, 0x21, 0x04, 0x21,
    0x65, 0x29, 0x75, 0xAD, 0x92, 0x94, 0xFF, 0xFF, 0xFF, 0xFF, 0xAE, 0x73, 0x04, 0x21, 0x04, 0x21,
    0x04, 0x21, 0x04, 0x21, 0x04, 0x21, 0x04, 0x21, 0x04, 0x21, 0x59, 0xCE, 0x59, 0xCE, 0x59, 0xCE,
    0x59, 0xCE, 0x59, 0xCE, 0x59, 0xCE, 0x59, 0xCE, 0x59, 0xCE, 0x59, 0xCE, 0x59, 0xCE, 0x59, 0xCE,
    0x59, 0xCE, 0x59, 0xCE, 0x59, 0xCE, 0x59, 0xCE, 0x59, 0xCE, 0x59, 0xCE, 0x59, 0xCE, 0x59, 0xCE,
    0x59, 0xCE, 0x59, 0xCE, 0x59, 0xCE, 0x59, 0xCE, 0x59, 0xCE, 0x59, 0xCE, 0x59, 0xCE, 0x59, 0xCE,
    0x59, 0xCE, 0x59, 0xCE, 0x59, 0xCE, 0x59, 0xCE, 0x59, 0xCE, 0x59, 0xCE, 0x59, 0xCE, 0x59, 0xCE,
    0x59, 0xCE, 0x59, 0xCE, 0x59, 0xCE, 0x59, 0xCE, 0x59, 0xCE, 0x59, 0xCE, 0x59, 0xCE, 0x59, 0xCE,
    0x59, 0xCE, 0x59, 0xCE, 0x59, 0xCE, 0x59, 0xCE, 0x59, 0xCE, 0x59, 0xCE, 0x59, 0xCE, 0x59, 0xCE,
    0x59, 0xCE, 0x59, 0xCE, 0x59, 0xCE, 0x59, 0xCE, 0x59, 0xCE, 0x59, 0xCE, 0x59, 0xCE, 0x59, 0xCE,
    0x59, 0xCE, 0x59, 0xCE, 0x59, 0xCE, 0x59, 0xCE, 0x59, 0xCE, 0x59, 0xCE, 0x59, 0xCE, 0x59, 0xCE,
    0x59, 0xCE, 0x59, 0xCE, 0x59, 0xCE, 0x59, 0xCE, 0x59, 0xCE, 0x59, 0xCE, 0x59, 0xCE, 0x59, 0xCE,
    0x59, 0xCE, 0x59, 0xCE, 0x59, 0xCE, 0x59, 0xCE, 0x59, 0xCE, 0x59, 0xCE, 0x59, 0xCE, 0x59, 0xCE,
    0x59, 0xCE, 0x59, 0xCE, 0xC7, 0x39, 0x1C, 0xDF, 0x1C, 0xE7, 0x3C, 0xE7, 0x5D, 0xEF, 0x7D, 0xEF,
    0xBF, 0x19, 0xDF, 0x21, 0x1F, 0x2A, 0x5F, 0x32, 0x9F, 0x3A, 0xDF, 0x42, 0xDF, 0x42, 0xDF, 0x4A,
    0xFF, 0x4A, 0xFF, 0x4A, 0xDF, 0x4A, 0xFF, 0x4A, 0xDF, 0x4A, 0xFF, 0x4A, 0xFF, 0x4A, 0xFF, 0x4A,
    0xFF, 0x4A, 0xDF, 0x4A, 0xDF, 0x4A, 0xDF, 0x4A, 0xFF, 0x4A, 0xDF, 0x4A, 0xFF, 0x4A, 0xFF, 0x4A,
    0xFF, 0x4A, 0xFF, 0x4A, 0xFF, 0x4A, 0xFF, 0x4A, 0xFF, 0x4A, 0xFF, 0x4A, 0xDF, 0x4A, 0xDF, 0x4A,
    0xFF, 0x4A, 0xDF, 0x4A, 0xDF, 0x4A, 0xFF, 0x4A, 0xFF, 0x4A, 0xFF, 0x4A, 0xFF, 0x4A, 0xFF, 0x4A,
    0xDF, 0x4A, 0xDF, 0x4A, 0xFF, 0x4A, 0xDF, 0x4A, 0xFF, 0x4A, 0xFF, 0x4A, 0xFF, 0x4A, 0xFF, 0x4A,
    0xFF, 0x4A, 0xFF, 0x4A, 0xDF, 0x4A, 0xFF, 0x4A, 0xFF, 0x4A, 0xFF, 0x4A, 0xFF, 0x4A, 0xDF, 0x4A,
    0xFF, 0x4A, 0xFF, 0x4A, 0xFF, 0x4A, 0xFF, 0x4A, 0xFF, 0x4A, 0xFF, 0x4A, 0xDF, 0x4A, 0xDF, 0x4A,
    0xFF, 0x4A, 0xFF, 0x4A, 0xDF, 0x4A, 0xDF, 0x4A, 0xFF, 0x4A, 0xFF, 0x4A, 0xFF, 0x4A, 0xFF, 0x4A,
    0xDF, 0x4A, 0xDF, 0x4A, 0xDF, 0x4A, 0xFF, 0x4A, 0xFF, 0x4A, 0xFF, 0x4A, 0xFF, 0x4A, 0xFF, 0x4A,
    0xDF, 0x4A, 0xFF, 0x4A, 0xFF, 0x4A, 0xFF, 0x4A, 0xDF, 0x4A, 0xDF, 0x4A, 0xFF, 0x4A, 0xFF, 0x4A,
    0xFF, 0x4A, 0xDF, 0x4A, 0xFF, 0x4A, 0xFF, 0x4A, 0xFF, 0x4A, 0xFF, 0x4A, 0xDF, 0x4A, 0xFF, 0x4A,
    0xFF, 0x4A, 0xFF, 0x4A, 0xFF, 0x4A, 0xFF, 0x4A, 0xFF, 0x4A, 0xFF, 0x4A, 0xDF, 0x4A, 0xFF, 0x4A,
    0xFF, 0x4A, 0xDF, 0x4A, 0xFF, 0x4A, 0xFF, 0x4A, 0xFF, 0x4A, 0xFF, 0x4A, 0xDF, 0x4A, 0xDF, 0x4A,
    0xDF, 0x4A, 0xDF, 0x4A, 0xFF, 0x4A, 0xFF, 0x4A, 0xFF, 0x4A, 0xFF, 0x4A, 0xFF, 0x4A, 0xFF, 0x4A,
    0xDF, 0x4A, 0xDF, 0x4A, 0xFF, 0x4A, 0xFF, 0x4A, 0xFF, 0x4A, 0xFF, 0x4A, 0xFF, 0x4A, 0xFF, 0x4A,
    0x1F, 0x4B, 0x1F, 0x53, 0x3F, 0x53, 0x5F, 0x5B, 0xFF, 0x73, 0x7E, 0xCE, 0x7D, 0xEF, 0x7D, 0xEF,
    0x9E, 0xF7, 0x9E, 0xF7, 0x9E, 0xF7, 0x9E, 0xF7, 0x9E, 0xF7, 0x9E, 0xF7, 0x9E, 0xF7, 0x9E, 0xF7,
    0x9E, 0xF7, 0x9E, 0xCE, 0xFF, 0x94, 0xDE, 0xB5, 0x9E, 0xF7, 0x9E, 0xF7, 0xBE, 0xF7, 0xBE, 0xF7,
    0xBE, 0xF7, 0xBE, 0xF7, 0xBE, 0xF7, 0x24, 0x21, 0xD9, 0xDB, 0xD9, 0xDB, 0xD9, 0xDB, 0xD9, 0xDB,
    0xD9, 0xDB, 0xD9, 0xDB, 0xD9, 0xDB, 0xD9, 0xDB, 0xD9, 0xDB, 0xD9, 0xDB, 0xD9, 0xDB, 0xD9, 0xDB,
    0xD9, 0xDB, 0xD9, 0xDB, 0xD9, 0xDB, 0xD9, 0xDB, 0xD9, 0xDB, 0xD9, 0xDB, 0xD9, 0xDB, 0xD9, 0xDB,
    0xD9, 0xDB, 0xD9, 0xDB, 0xD9, 0xDB, 0xD9, 0xDB, 0xD9, 0xDB, 0xD9, 0xDB, 0xD9, 0xDB, 0xD9, 0xDB,
    0xD9, 0xDB, 0xD9, 0xDB, 0xD9, 0xDB, 0xD9, 0xDB, 0xD9, 0xDB, 0xD9, 0xDB, 0xD9, 0xDB, 0xD9, 0xDB,
    0xD9, 0xDB, 0xD9, 0xDB, 0xD9, 0xDB, 0xD9, 0xDB, 0xD9, 0xDB, 0xD9, 0xDB, 0xD9, 0xDB, 0xD9, 0xDB,
    0xD9, 0xDB, 0xD9, 0xDB, 0xD9, 0xDB, 0x24, 0x21, 0x59, 0xCE, 0x59, 0xCE, 0x59, 0xCE, 0x59, 0xCE,
    0x59, 0xCE, 0x59, 0xCE, 0x59, 0xCE, 0x04, 0x21, 0x04, 0x21, 0x04, 0x21, 0x04, 0x21, 0x04, 0x21,
    0x04, 0x21, 0x04, 0x21, 0xE7, 0x39, 0xFF, 0xFF, 0x1C, 0xE7, 0x04, 0x21, 0x04, 0x21, 0x04, 0x21,
    0x04, 0x21, 0x04, 0x21, 0x04, 0x21, 0x04, 0x21, 0x04, 0x21, 0x59, 0xCE, 0x59, 0xCE, 0x59, 0xCE,
    0x59, 0xCE, 0x59, 0xCE, 0x59, 0xCE, 0x59, 0xCE, 0x59, 0xCE, 0x59, 0xCE, 0x59, 0xCE, 0x59, 0xCE,
    0x59, 0xCE, 0x59, 0xCE, 0x59, 0xCE, 0x59, 0xCE, 0x59, 0xCE, 0x59, 0xCE, 0x59, 0xCE, 0x59, 0xCE,
    0x59, 0xCE, 0x59, 0xCE, 0x59, 0xCE, 0x59, 0xCE, 0x59, 0xCE, 0x59, 0xCE, 0x59, 0xCE, 0x59, 0xCE,
    0x59, 0xCE, 0x59, 0xCE, 0x59, 0xCE, 0x59, 0xCE, 0x59, 0xCE, 0x59, 0xCE, 0x59, 0xCE, 0x59, 0xCE,
    0x59, 0xCE, 0x59, 0xCE, 0x59, 0xCE, 0x59, 0xCE, 0x59, 0xCE, 0x59, 0xCE, 0x59, 0xCE, 0x59, 0xCE,
    0x59, 0xCE, 0x59, 0xCE, 0x59, 0xCE, 0x59, 0xCE, 0x59, 0xCE, 0x59, 0xCE, 0x59, 0xCE, 0x59, 0xCE,
    0x59, 0xCE, 0x59, 0xCE, 0x59, 0xCE, 0x59, 0xCE, 0x59, 0xCE, 0x59, 0xCE, 0x59, 0xCE, 0x59, 0xCE,
    0x59, 0xCE, 0x59, 0xCE, 0x59, 0xCE, 0x59, 0xCE, 0x59, 0xCE, 0x59, 0xCE, 0x59, 0xCE, 0x59, 0xCE,
    0x59, 0xCE, 0x59, 0xCE, 0x59, 0xCE, 0x59, 0xCE, 0x59, 0xCE, 0x59, 0xCE, 0x59, 0xCE, 0x59, 0xCE,
    0x59, 0xCE, 0x59, 0xCE, 0x59, 0xCE, 0x59, 0xCE, 0x59, 0xCE, 0x59, 0xCE, 0x59, 0xCE, 0x59, 0xCE,
    0x59, 0xCE, 0x59, 0xCE, 0xC7, 0x39, 0x1C, 0xDF, 0x1C, 0xE7, 0x3C, 0xE7, 0x5D, 0xEF, 0x7D, 0xEF,
    0x9F, 0x19, 0xBF, 0x19, 0xDF, 0x21, 0x1F, 0x2A, 0x3F, 0x32, 0x5F, 0x32, 0x7F, 0x3A, 0x7F, 0x3A,
    0x7F, 0x3A, 0x7F, 0x3A, 0x7F, 0x3A, 0x7F, 0x3A, 0x7F, 0x3A, 0x7F, 0x3A, 0x7F, 0x3A, 0x9F, 0x3A,
    0x7F, 0x3A, 0x7F, 0x3A, 0x7F, 0x3A, 0x7F, 0x3A, 0x7F, 0x3A, 0x7F, 0x3A, 0x7F, 0x3A, 0x9F, 0x3A,
    0x7F, 0x3A, 0x7F, 0x3A, 0x9F, 0x3A, 0x9F, 0x3A, 0x7F, 0x3A, 0x9F, 0x3A, 0x7F, 0x3A, 0x9F, 0x3A,
    0x9F, 0x3A, 0x9F, 0x3A, 0x7F, 0x3A, 0x9F, 0x3A, 0x9F, 0x3A, 0x7F, 0x3A, 0x7F, 0x3A, 0x7F, 0x3A,
    0x7F, 0x3A, 0x9F, 0x3A, 0x7F, 0x3A, 0x7F, 0x3A, 0x7F, 0x3A, 0x7F, 0x3A, 0x7F, 0x3A, 0x7F, 0x3A,
    0x7F, 0x3A, 0x7F, 0x3A, 0x7F, 0x3A, 0x7F, 0x3A, 0x9F, 0x3A, 0x7F, 0x3A, 0x7F, 0x3A, 0x7F, 0x3A,
    0x7F, 0x3A, 0x7F, 0x3A, 0x9F, 0x3A, 0x7F, 0x3A, 0x9F, 0x3A, 0x7F, 0x3A, 0x7F, 0x3A, 0x7F, 0x3A,
    0x7F, 0x3A, 0x7F, 0x3A, 0x7F, 0x3A, 0x7F, 0x3A, 0x7F, 0x3A, 0x7F, 0x3A, 0x7F, 0x3A, 0x7F, 0x3A,
    0x7F, 0x3A, 0x9F, 0x3A, 0x7F, 0x3A, 0x9F, 0x3A, 0x7F, 0x3A, 0x7F, 0x3A, 0x7F, 0x3A, 0x9F, 0x3A,
    0x7F, 0x3A, 0x7F, 0x3A, 0x7F, 0x3A, 0x7F, 0x3A, 0x7F, 0x3A, 0x7F, 0x3A, 0x7F, 0x3A, 0x7F, 0x3A,
    0x7F, 0x3A, 0x7F, 0x3A, 0x7F, 0x3A, 0x7F, 0x3A, 0x7F, 0x3A, 0x7F, 0x3A, 0x7F, 0x3A, 0x7F, 0x3A,
    0x7F, 0x3A, 0x9F, 0x3A, 0x7F, 0x3A, 0x7F, 0x3A, 0x7F, 0x3A, 0x7F, 0x3A, 0x7F, 0x3A, 0x7F, 0x3A,
    0x7F, 0x3A, 0x7F, 0x3A, 0x7F, 0x3A, 0x7F, 0x3A, 0x7F, 0x3A, 0x7F, 0x3A, 0x9F, 0x3A, 0x7F, 0x3A,
    0x9F, 0x3A, 0x7F, 0x3A, 0x7F, 0x3A, 0x9F, 0x3A, 0x7F, 0x3A, 0x7F, 0x3A, 0x7F, 0x3A, 0x9F, 0x3A,
    0x9F, 0x3A, 0x7F, 0x3A, 0x7F, 0x3A, 0x9F, 0x3A, 0x7F, 0x3A, 0x7F, 0x3A, 0x9F, 0x3A, 0x9F, 0x3A,
    0xBF, 0x42, 0xDF, 0x42, 0xFF, 0x4A, 0x1F, 0x53, 0x5F, 0x5B, 0x7F, 0x5B, 0x9F, 0x84, 0x1E, 0xBE,
    0xFE, 0xDE, 0x9E, 0xF7, 0x9E, 0xF7, 0x9E, 0xF7, 0x9E, 0xF7, 0x9E, 0xF7, 0x5E, 0xEF, 0xDF, 0xB5,
    0x9F, 0x84, 0x7F, 0x5B, 0x7F, 0x5B, 0x7F, 0x5B, 0x1E, 0xBE, 0xBE, 0xF7, 0x9E, 0xF7, 0xBE, 0xF7,
    0xBE, 0xF7, 0xBE, 0xF7, 0xBE, 0xF7, 0x24, 0x21, 0xD9, 0xDB, 0xD9, 0xDB, 0xD9, 0xDB, 0xD9, 0xDB,
    0xD9, 0xDB, 0xD9, 0xDB, 0xD9, 0xDB, 0xD9, 0xDB, 0xD9, 0xDB, 0xD9, 0xDB, 0xD9, 0xDB, 0xD9, 0xDB,
    0xD9, 0xDB, 0xD9, 0xDB, 0xD9, 0xDB, 0xD9, 0xDB, 0xD9, 0xDB, 0xD9, 0xDB, 0xD9, 0xDB, 0xD9, 0xDB,
    0xD9, 0xDB, 0xD9, 0xDB, 0xD9, 0xDB, 0xD9, 0xDB, 0xD9, 0xDB, 0xD9, 0xDB, 0xD9, 0xDB, 0xD9, 0xDB,
    0xD9, 0xDB, 0xD9, 0xDB, 0xD9, 0xDB, 0xD9, 0xDB, 0xD9, 0xDB, 0xD9, 0xDB, 0xD9, 0xDB, 0xD9, 0xDB,
    0xD9, 0xDB, 0xD9, 0xDB, 0xD9, 0xDB, 0xD9, 0xDB, 0xD9, 0xDB, 0xD9, 0xDB, 0xD9, 0xDB, 0xD9, 0xDB,
    0xD9, 0xDB, 0xD9, 0xDB, 0xD9, 0xDB, 0x24, 0x21, 0x38, 0xC6, 0x59, 0xCE, 0x59, 0xCE, 0x59, 0xCE,
    0x59, 0xCE, 0x59, 0xCE, 0x59, 0xCE, 0x04, 0x21, 0x04, 0x21, 0x04, 0x21, 0x04, 0x21, 0x04, 0x21,
    0x04, 0x21, 0x04, 0x21, 0x49, 0x4A, 0xFF, 0xFF, 0xAE, 0x73, 0x04, 0x21, 0x04, 0x21, 0x04, 0x21,
    0x04, 0x21, 0x04, 0x21, 0x04, 0x21, 0x04, 0x21, 0x04, 0x21, 0x59, 0xCE, 0x59, 0xCE, 0x59, 0xCE,
    0x59, 0xCE, 0x59, 0xCE, 0x59, 0xCE, 0x59, 0xCE, 0x59, 0xCE, 0x59, 0xCE, 0x59, 0xCE, 0x59, 0xCE,
    0x59, 0xCE, 0x59, 0xCE, 0x59, 0xCE, 0x59, 0xCE, 0x59, 0xCE, 0x59, 0xCE, 0x59, 0xCE, 0x59, 0xCE,
    0x59, 0xCE, 0x59, 0xCE, 0x59, 0xCE, 0x59, 0xCE, 0x59, 0xCE, 0x59, 0xCE, 0x59, 0xCE, 0x59, 0xCE,
    0x59, 0xCE, 0x59, 0xCE, 0x59, 0xCE, 0x59, 0xCE, 0x59, 0xCE, 0x59, 0xCE, 0x59, 0xCE, 0x59, 0xCE,
    0x59, 0xCE, 0x59, 0xCE, 0x59, 0xCE, 0x59, 0xCE, 0x59, 0xCE, 0x59, 0xCE, 0x59, 0xCE, 0x59, 0xCE,
    0x59, 0xCE, 0x59, 0xCE, 0x59, 0xCE, 0x59, 0xCE, 0x59, 0xCE, 0x59, 0xCE, 0x59, 0xCE, 0x59, 0xCE,
    0x59, 0xCE, 0x59, 0xCE, 0x59, 0xCE, 0x59, 0xCE, 0x59, 0xCE, 0x59, 0xCE, 0x59, 0xCE, 0x59, 0xCE,
    0x59, 0xCE, 0x59, 0xCE, 0x59, 0xCE, 0x59, 0xCE, 0x59, 0xCE, 0x59, 0xCE, 0x59, 0xCE, 0x59, 0xCE,
    0x59, 0xCE, 0x59, 0xCE, 0x59, 0xCE, 0x59, 0xCE, 0x59, 0xCE, 0x59, 0xCE, 0x59, 0xCE, 0x59, 0xCE,
    0x59, 0xCE, 0x59, 0xCE, 0x59, 0xCE, 0x59, 0xCE, 0x59, 0xCE, 0x59, 0xCE, 0x59, 0xCE, 0x59, 0xCE,
    0x59, 0xCE, 0x59, 0xCE, 0xC7, 0x39, 0x1C, 0xDF, 0x1C, 0xE7, 0x3C, 0xE7, 0x5D, 0xEF, 0x7D, 0xEF,
    0x9F, 0x19, 0x9F, 0x19, 0xBF, 0x19, 0xDF, 0x21, 0xFF, 0x21, 0xFF, 0x21, 0x1F, 0x2A, 0x1F, 0x2A,
    0x1F, 0x2A, 0x1F, 0x2A, 0x1F, 0x2A, 0x1F, 0x2A, 0x1F, 0x2A, 0x1F, 0x2A, 0x1F, 0x2A, 0x1F, 0x2A,
    0x1F, 0x2A, 0x1F, 0x2A, 0x1F, 0x2A, 0x1F, 0x2A, 0x1F, 0x2A, 0x1F, 0x2A, 0x1F, 0x2A, 0x1F, 0x2A,
    0x1F, 0x2A, 0x1F, 0x2A, 0x1F, 0x2A, 0x1F, 0x2A, 0x1F, 0x2A, 0x1F, 0x2A, 0x1F, 0x2A, 0x1F, 0x2A,
    0x1F, 0x2A, 0x1F, 0x2A, 0x1F, 0x2A, 0x1F, 0x2A, 0x1F, 0x2A, 0x1F, 0x2A, 0x1F, 0x2A, 0x1F, 0x2A,
    0x1F, 0x2A, 0x1F, 0x2A, 0x1F, 0x2A, 0x1F, 0x2A, 0x1F, 0x2A, 0x1F, 0x2A, 0x1F, 0x2A, 0x1F, 0x2A,
    0x1F, 0x2A, 0x1F, 0x2A, 0x1F, 0x2A, 0x1F, 0x2A, 0x1F, 0x2A, 0x1F, 0x2A, 0x1F, 0x2A, 0x1F, 0x2A,
    0x1F, 0x2A, 0x1F, 0x2A, 0x1F, 0x2A, 0x1F, 0x2A, 0x1F, 0x2A, 0x1F, 0x2A, 0x1F, 0x2A, 0x1F, 0x2A,
    0x1F, 0x2A, 0x1F, 0x2A, 0x1F, 0x2A, 0x1F, 0x2A, 0x1F, 0x2A, 0x1F, 0x2A, 0x1F, 0x2A, 0x1F, 0x2A,
    0x1F, 0x2A, 0x1F, 0x2A, 0x1F, 0x2A, 0x1F, 0x2A, 0x1F, 0x2A, 0x1F, 0x2A, 0x1F, 0x2A, 0x1F, 0x2A,
    0x1F, 0x2A, 0x1F, 0x2A, 0x1F, 0x2A, 0x1F, 0x2A, 0x1F, 0x2A, 0x1F, 0x2A, 0x1F, 0x2A, 0x1F, 0x2A,
    0x1F, 0x2A, 0x1F, 0x2A, 0x1F, 0x2A, 0x1F, 0x2A, 0x1F, 0x2A, 0x1F, 0x2A, 0x1F, 0x2A, 0x1F, 0x2A,
    0x1F, 0x2A, 0x1F, 0x2A, 0x1F, 0x2A, 0x1F, 0x2A, 0x1F, 0x2A, 0x1F, 0x2A, 0x1F, 0x2A, 0x1F, 0x2A,
    0x1F, 0x2A, 0x1F, 0x2A, 0x1F, 0x2A, 0x1F, 0x2A, 0x1F, 0x2A, 0x1F, 0x2A, 0x1F, 0x2A, 0x1F, 0x2A,
    0x1F, 0x2A, 0x1F, 0x2A, 0x1F, 0x2A, 0x1F, 0x2A, 0x1F, 0x2A, 0x1F, 0x2A, 0x1F, 0x2A, 0x1F, 0x2A,
    0x1F, 0x2A, 0x1F, 0x2A, 0x1F, 0x2A, 0x1F, 0x2A, 0x1F, 0x2A, 0x1F, 0x2A, 0x1F, 0x2A, 0x3F, 0x2A,
    0x3F, 0x32, 0x7F, 0x3A, 0x9F, 0x42, 0xDF, 0x42, 0x1F, 0x4B, 0x3F, 0x53, 0x5F, 0x5B, 0x7F, 0x5B,
    0x9F, 0x63, 0xDF, 0x6B, 0x9F, 0x84, 0x9F, 0x84, 0x5F, 0x7C, 0x1F, 0x74, 0x9F, 0x63, 0x7F, 0x5B,
    0x5F, 0x5B, 0x5F, 0x53, 0x5F, 0x53, 0x5F, 0x53, 0x7F, 0xA5, 0x9E, 0xF7, 0x9E, 0xF7, 0xBE, 0xF7,
    0xBE, 0xF7, 0xBE, 0xF7, 0xBE, 0xF7, 0x24, 0x21, 0xD9, 0xDB, 0xD9, 0xDB, 0xD9, 0xDB, 0xD9, 0xDB,
    0xD9, 0xDB, 0xD9, 0xDB, 0xD9, 0xDB, 0xD9, 0xDB, 0xD9, 0xDB, 0xD9, 0xDB, 0xD9, 0xDB, 0xD9, 0xDB,
    0xD9, 0xDB, 0xD9, 0xDB, 0xD9, 0xDB, 0xD9, 0xDB, 0xD9, 0xDB, 0xD9, 0xDB, 0xD9, 0xDB, 0xD9, 0xDB,
    0xD9, 0xDB, 0xD9, 0xDB, 0xD9, 0xDB, 0xD2, 0x9A, 0xCA, 0x51, 0x46, 0x31, 0x24, 0x21, 0xA8, 0x49,
    0xD2, 0x9A, 0xD9, 0xDB, 0xD9, 0xDB, 0xD9, 0xDB, 0xD9, 0xDB, 0xD9, 0xDB, 0xD9, 0xDB, 0xD9, 0xDB,
    0xD9, 0xDB, 0xD9, 0xDB, 0xD9, 0xDB, 0xD9, 0xDB, 0xD9, 0xDB, 0xD9, 0xDB, 0xD9, 0xDB, 0xD9, 0xDB,
    0xD9, 0xDB, 0xD9, 0xDB, 0xD9, 0xDB, 0x24, 0x21, 0x59, 0xCE, 0x59, 0xCE, 0x59, 0xCE, 0x59, 0xCE,
    0x59, 0xCE, 0x59, 0xCE, 0x59, 0xCE, 0x04, 0x21, 0x04, 0x21, 0x04, 0x21, 0x04, 0x21, 0x04, 0x21,
    0x04, 0x21, 0x04, 0x21, 0xCB, 0x5A, 0x1C, 0xE7, 0x04, 0x21, 0x04, 0x21, 0x04, 0x21, 0x04, 0x21,
    0x04, 0x21, 0x04, 0x21, 0x04, 0x21, 0x04, 0x21, 0x04, 0x21, 0x59, 0xCE, 0x59, 0xCE, 0x59, 0xCE,
    0x59, 0xCE, 0x59, 0xCE, 0x59, 0xCE, 0x59, 0xCE, 0x59, 0xCE, 0x59, 0xCE, 0x59, 0xCE, 0x59, 0xCE,
    0x59, 0xCE, 0x59, 0xCE, 0x59, 0xCE, 0x59, 0xCE, 0x59, 0xCE, 0x59, 0xCE, 0x59, 0xCE, 0x59, 0xCE,
    0x59, 0xCE, 0x59, 0xCE, 0x59, 0xCE, 0x59, 0xCE, 0x59, 0xCE, 0x59, 0xCE, 0x59, 0xCE, 0x59, 0xCE,
    0x59, 0xCE, 0x59, 0xCE, 0x59, 0xCE, 0x59, 0xCE, 0x59, 0xCE, 0x59, 0xCE, 0x59, 0xCE, 0x59, 0xCE,
    0x59, 0xCE, 0x59, 0xCE, 0x59, 0xCE, 0x59, 0xCE, 0x59, 0xCE, 0x59, 0xCE, 0x59, 0xCE, 0x59, 0xCE,
    0x59, 0xCE, 0x59, 0xCE, 0x59, 0xCE, 0x59, 0xCE, 0x59, 0xCE, 0x59, 0xCE, 0x59, 0xCE, 0x59, 0xCE,
    0x59, 0xCE, 0x59, 0xCE, 0x59, 0xCE, 0x59, 0xCE, 0x59, 0xCE, 0x59, 0xCE, 0x59, 0xCE, 0x59, 0xCE,
    0x59, 0xCE, 0x59, 0xCE, 0x59, 0xCE, 0x59, 0xCE, 0x59, 0xCE, 0x59, 0xCE, 0x59, 0xCE, 0x59, 0xCE,
    0x59, 0xCE, 0x59, 0xCE, 0x59, 0xCE, 0x59, 0xCE, 0x59, 0xCE, 0x59, 0xCE, 0x59, 0xCE, 0x59, 0xCE,
    0x59, 0xCE, 0x59, 0xCE, 0x59, 0xCE, 0x59, 0xCE, 0x59, 0xCE, 0x59, 0xCE, 0x59, 0xCE, 0x59, 0xCE,
    0x59, 0xCE, 0x59, 0xCE, 0xC7, 0x39, 0x1C, 0xDF, 0x1C, 0xE7, 0x3C, 0xE7, 0x5D, 0xEF, 0x7D, 0xEF,
    0x9F, 0x19, 0x9F, 0x19, 0x9F, 0x19, 0xBF, 0x19, 0xBF, 0x19, 0xBF, 0x19, 0xBF, 0x21, 0xBF, 0x21,
    0xDF, 0x21, 0xDF, 0x21, 0xDF, 0x21, 0xDF, 0x21, 0xDF, 0x21, 0xDF, 0x21, 0xDF, 0x21, 0xDF, 0x21,
    0xDF, 0x21, 0xDF, 0x21, 0xDF, 0x21, 0xDF, 0x21, 0xBF, 0x21, 0xDF, 0x21, 0xDF, 0x21, 0xDF, 0x21,
    0xDF, 0x21, 0xDF, 0x21, 0xDF, 0x21, 0xDF, 0x21, 0xDF, 0x21, 0xDF, 0x21, 0xDF, 0x21, 0xDF, 0x21,
    0xDF, 0x21, 0xDF, 0x21, 0xBF, 0x21, 0xDF, 0x21, 0xDF, 0x21, 0xDF, 0x21, 0xDF, 0x21, 0xDF, 0x21,
    0xDF, 0x21, 0xDF, 0x21, 0xDF, 0x21, 0xDF, 0x21, 0xDF, 0x21, 0xDF, 0x21, 0xBF, 0x21, 0xDF, 0x21,
    0xDF, 0x21, 0xDF, 0x21, 0xDF, 0x21, 0xDF, 0x21, 0xDF, 0x21, 0xDF, 0x21, 0xDF, 0x21, 0xDF, 0x21,
    0xDF, 0x21, 0xDF, 0x21, 0xDF, 0x21, 0xDF, 0x21, 0xDF, 0x21, 0xDF, 0x21, 0xDF, 0x21, 0xDF, 0x21,
    0xDF, 0x21, 0xDF, 0x21, 0xDF, 0x21, 0xDF, 0x21, 0xDF, 0x21, 0xDF, 0x21, 0xDF, 0x21, 0xDF, 0x21,
    0xDF, 0x21, 0xDF, 0x21, 0xDF, 0x21, 0xDF, 0x21, 0xDF, 0x21, 0xDF, 0x21, 0xDF, 0x21, 0xDF, 0x21,
    0xDF, 0x21, 0xDF, 0x21, 0xDF, 0x21, 0xDF, 0x21, 0xBF, 0x21, 0xDF, 0x21, 0xDF, 0x21, 0xDF, 0x21,
    0xDF, 0x21, 0xDF, 0x21, 0xDF, 0x21, 0xDF, 0x21, 0xDF, 0x21, 0xDF, 0x21, 0xDF, 0x21, 0xDF, 0x21,
    0xDF, 0x21, 0xDF, 0x21, 0xDF, 0x21, 0xDF, 0x21, 0xDF, 0x21, 0xDF, 0x21, 0xDF, 0x21, 0xDF, 0x21,
    0xDF, 0x21, 0xDF, 0x21, 0xDF, 0x21, 0xDF, 0x21, 0xBF, 0x21, 0xDF, 0x21, 0xDF, 0x21, 0xBF, 0x21,
    0xDF, 0x21, 0xDF, 0x21, 0xDF, 0x21, 0xDF, 0x21, 0xDF, 0x21, 0xDF, 0x21, 0xDF, 0x21, 0xDF, 0x21,
    0xDF, 0x21, 0xDF, 0x21, 0xDF, 0x21, 0xDF, 0x21, 0xDF, 0x21, 0xDF, 0x21, 0xDF, 0x21, 0xDF, 0x21,
    0xFF, 0x21, 0x1F, 0x2A, 0x3F, 0x32, 0x7F, 0x3A, 0xBF, 0x42, 0xFF, 0x4A, 0x1F, 0x4B, 0x3F, 0x53,
    0x5F, 0x53, 0x5F, 0x5B, 0x5F, 0x5B, 0x7F, 0x5B, 0x7F, 0x5B, 0x5F, 0x5B, 0x5F, 0x53, 0x3F, 0x53,
    0x1F, 0x53, 0x1F, 0x4B, 0x1F, 0x4B, 0x1F, 0x53, 0x5F, 0xA5, 0x9E, 0xF7, 0xBE, 0xF7, 0xBE, 0xF7,
    0xBE, 0xF7, 0xBE, 0xF7, 0xBE, 0xF7, 0x24, 0x21, 0xD9, 0xDB, 0xD9, 0xDB, 0xD9, 0xDB, 0xD9, 0xDB,
    0xD9, 0xDB, 0xD9, 0xDB, 0xD9, 0xDB, 0xD9, 0xDB, 0xD9, 0xDB, 0xD9, 0xDB, 0xD9, 0xDB, 0xD9, 0xDB,
    0xD9, 0xDB, 0xD9, 0xDB, 0xD9, 0xDB, 0xD9, 0xDB, 0xD9, 0xDB, 0xD9, 0xDB, 0xD9, 0xDB, 0xD9, 0xDB,
    0xD9, 0xDB, 0xD9, 0xDB, 0x2C, 0x6A, 0x24, 0x21, 0x24, 0x21, 0x24, 0x21, 0x24, 0x21, 0x24, 0x21,
    0x24, 0x21, 0xA8, 0x49, 0xB8, 0xD3, 0xD9, 0xDB, 0xD9, 0xDB, 0xD9, 0xDB, 0xD9, 0xDB, 0xD9, 0xDB,
    0xD9, 0xDB, 0xD9, 0xDB, 0xD9, 0xDB, 0xD9, 0xDB, 0xD9, 0xDB, 0xD9, 0xDB, 0xD9, 0xDB, 0xD9, 0xDB,
    0xD9, 0xDB, 0xD9, 0xDB, 0xD9, 0xDB, 0x24, 0x21, 0x59, 0xCE, 0x59, 0xCE, 0x38, 0xC6, 0x59, 0xCE,
    0x59, 0xCE, 0x59, 0xCE, 0x59, 0xCE, 0x04, 0x21, 0x04, 0x21, 0x04, 0x21, 0x04, 0x21, 0x04, 0x21,
    0x04, 0x21, 0x04, 0x21, 0xCB, 0x5A, 0xAE, 0x73, 0x04, 0x21, 0x04, 0x21, 0x04, 0x21, 0x04, 0x21,
    0x04, 0x21, 0x04, 0x21, 0x04, 0x21, 0x04, 0x21, 0x04, 0x21, 0x59, 0xCE, 0x59, 0xCE, 0x59, 0xCE,
    0x59, 0xCE, 0x59, 0xCE, 0x59, 0xCE, 0x59, 0xCE, 0x59, 0xCE, 0x59, 0xCE, 0x59, 0xCE, 0x59, 0xCE,
    0x59, 0xCE, 0x59, 0xCE, 0x59, 0xCE, 0x59, 0xCE, 0x59, 0xCE, 0x59, 0xCE, 0x59, 0xCE, 0x59, 0xCE,
    0x59, 0xCE, 0x59, 0xCE, 0x59, 0xCE, 0x59, 0xCE, 0x59, 0xCE, 0x59, 0xCE, 0x59, 0xCE, 0x59, 0xCE,
    0x59, 0xCE, 0x59, 0xCE, 0x59, 0xCE, 0x59, 0xCE, 0x59, 0xCE, 0x59, 0xCE, 0x59, 0xCE, 0x59, 0xCE,
    0x59, 0xCE, 0x59, 0xCE, 0x59, 0xCE, 0x59, 0xCE, 0x59, 0xCE, 0x59, 0xCE, 0x59, 0xCE, 0x59, 0xCE,
    0x59, 0xCE, 0x59, 0xCE, 0x59, 0xCE, 0x59, 0xCE, 0x59, 0xCE, 0x59, 0xCE, 0x59, 0xCE, 0x59, 0xCE,
    0x59, 0xCE, 0x59, 0xCE, 0x59, 0xCE, 0x59, 0xCE, 0x59, 0xCE, 0x59, 0xCE, 0x59, 0xCE, 0x59, 0xCE,
    0x59, 0xCE, 0x59, 0xCE, 0x59, 0xCE, 0x59, 0xCE, 0x59, 0xCE, 0x59, 0xCE, 0x59, 0xCE, 0x59, 0xCE,
    0x59, 0xCE, 0x59, 0xCE, 0x59, 0xCE, 0x59, 0xCE, 0x59, 0xCE, 0x59, 0xCE, 0x59, 0xCE, 0x59, 0xCE,
    0x59, 0xCE, 0x59, 0xCE, 0x59, 0xCE, 0x59, 0xCE, 0x59, 0xCE, 0x59, 0xCE, 0x59, 0xCE, 0x59, 0xCE,
    0x59, 0xCE, 0x59, 0xCE, 0xC7, 0x39, 0xFB, 0xDE, 0x1C, 0xE7, 0x3C, 0xE7, 0x5D, 0xEF, 0x7D, 0xEF,
    0x9F, 0x19, 0x9F, 0x19, 0x9F, 0x19, 0x9F, 0x19, 0x9F, 0x19, 0x9F, 0x19, 0x9F, 0x19, 0x9F, 0x19,
    0x9F, 0x19, 0x9F, 0x19, 0x9F, 0x19, 0x9F, 0x19, 0x9F, 0x19, 0x9F, 0x19, 0x9F, 0x19, 0x9F, 0x19,
    0x9F, 0x19, 0x9F, 0x19, 0x9F, 0x19, 0x9F, 0x19, 0x9F, 0x19, 0x9F, 0x19, 0x9F, 0x19, 0x9F, 0x19,
    0x9F, 0x19, 0x9F, 0x19, 0x9F, 0x19, 0x9F, 0x19, 0x9F, 0x19, 0x9F, 0x19, 0x9F, 0x19, 0x9F, 0x19,
    0x9F, 0x19, 0x9F, 0x19, 0x9F, 0x19, 0x9F, 0x19, 0x9F, 0x19, 0x9F, 0x19, 0x9F, 0x19, 0x9F, 0x19,
    0x9F, 0x19, 0x9F, 0x19, 0x9F, 0x19, 0x9F, 0x19, 0x9F, 0x19, 0x9F, 0x19, 0x9F, 0x19, 0x9F, 0x19,
    0x9F, 0x19, 0x9F, 0x19, 0x9F, 0x19, 0x9F, 0x19, 0x9F, 0x19, 0x9F, 0x19, 0x9F, 0x19, 0x9F, 0x19,
    0x9F, 0x19, 0x9F, 0x19, 0x9F, 0x19, 0x9F, 0x19, 0x9F, 0x19, 0x9F, 0x19, 0x9F, 0x19, 0x9F, 0x19,
    0x9F, 0x19, 0x9F, 0x19, 0x9F, 0x19, 0x9F, 0x19, 0x9F, 0x19, 0x9F, 0x19, 0x9F, 0x19, 0x9F, 0x19,
    0x9F, 0x19, 0x9F, 0x19, 0x9F, 0x19, 0x9F, 0x19, 0x9F, 0x19, 0x9F, 0x19, 0x9F, 0x19, 0x9F, 0x19,
    0x9F, 0x19, 0x9F, 0x19, 0x9F, 0x19, 0x9F, 0x19, 0x9F, 0x19, 0x9F, 0x19, 0x9F, 0x19, 0x9F, 0x19,
    0x9F, 0x19, 0x9F, 0x19, 0x9F, 0x19, 0x9F, 0x19, 0x9F, 0x19, 0x9F, 0x19, 0x9F, 0x19, 0x9F, 0x19,
    0x9F, 0x19, 0x9F, 0x19, 0x9F, 0x19, 0x9F, 0x19, 0x9F, 0x19, 0x9F, 0x19, 0x9F, 0x19, 0x9F, 0x19,
    0x9F, 0x19, 0x9F, 0x19, 0x9F, 0x19, 0x9F, 0x19, 0x9F, 0x19, 0x9F, 0x19, 0x9F, 0x19, 0x9F, 0x19,
    0x9F, 0x19, 0x9F, 0x19, 0x9F, 0x19, 0x9F, 0x19, 0x9F, 0x19, 0x9F, 0x19, 0x9F, 0x19, 0x9F, 0x19,
    0x9F, 0x19, 0x9F, 0x19, 0x9F, 0x19, 0x9F, 0x19, 0x9F, 0x19, 0x9F, 0x19, 0x9F, 0x19, 0x9F, 0x19,
    0xBF, 0x19, 0xDF, 0x21, 0xFF, 0x21, 0x1F, 0x2A, 0x5F, 0x32, 0x9F, 0x3A, 0xBF, 0x42, 0xDF, 0x42,
    0xFF, 0x4A, 0x1F, 0x4B, 0x1F, 0x4B, 0x1F, 0x53, 0x1F, 0x4B, 0x1F, 0x4B, 0xFF, 0x4A, 0xDF, 0x4A,
    0xDF, 0x42, 0xBF, 0x42, 0xBF, 0x42, 0xDF, 0x42, 0x5F, 0x9D, 0x9E, 0xF7, 0xBE, 0xF7, 0xBE, 0xF7,
    0xBE, 0xF7, 0xBE, 0xF7, 0xBE, 0xF7, 0x24, 0x21, 0xD9, 0xDB, 0xD9, 0xDB, 0xD9, 0xDB, 0xD9, 0xDB,
    0xD9, 0xDB, 0xD9, 0xDB, 0xD9, 0xDB, 0xD9, 0xDB, 0xD9, 0xDB, 0xD9, 0xDB, 0xD9, 0xDB, 0xD9, 0xDB,
    0xD9, 0xDB, 0xD9, 0xDB, 0xD9, 0xDB, 0xD9, 0xDB, 0xD9, 0xDB, 0xD9, 0xDB, 0xD9, 0xDB, 0xD9, 0xDB,
    0xD9, 0xDB, 0x8F, 0x82, 0x24, 0x21, 0x24, 0x21, 0x24, 0x21, 0x24, 0x21, 0x24, 0x21, 0x24, 0x21,
    0x24, 0x21, 0x24, 0x21, 0x0B, 0x62, 0xD9, 0xDB, 0xD9, 0xDB, 0xD9, 0xDB, 0xD9, 0xDB, 0xD9, 0xDB,
    0xD9, 0xDB, 0xD9, 0xDB, 0xD9, 0xDB, 0xD9, 0xDB, 0xD9, 0xDB, 0xD9, 0xDB, 0xD9, 0xDB, 0xD9, 0xDB,
    0xD9, 0xDB, 0xD9, 0xDB, 0xD9, 0xDB, 0x24, 0x21, 0x38, 0xC6, 0x59, 0xCE, 0x59, 0xCE, 0x59, 0xCE,
    0x59, 0xCE, 0x59, 0xCE, 0x59, 0xCE, 0x04, 0x21, 0x04, 0x21, 0x04, 0x21, 0x04, 0x21, 0x04, 0x21,
    0x04, 0x21, 0x04, 0x21, 0xCB, 0x5A, 0x04, 0x21, 0x04, 0x21, 0x04, 0x21, 0x04, 0x21, 0x04, 0x21,
    0x04, 0x21, 0x04, 0x21, 0x04, 0x21, 0x04, 0x21, 0x04, 0x21, 0x59, 0xCE, 0x59, 0xCE, 0x59, 0xCE,
    0x59, 0xCE, 0x59, 0xCE, 0x59, 0xCE, 0x59, 0xCE, 0x59, 0xCE, 0x59, 0xCE, 0x59, 0xCE, 0x59, 0xCE,
    0x59, 0xCE, 0x59, 0xCE, 0x59, 0xCE, 0x59, 0xCE, 0x59, 0xCE, 0x59, 0xCE, 0x59, 0xCE, 0x59, 0xCE,
    0x59, 0xCE, 0x59, 0xCE, 0x59, 0xCE, 0x59, 0xCE, 0x59, 0xCE, 0x59, 0xCE, 0x59, 0xCE, 0x59, 0xCE,
    0x59, 0xCE, 0x59, 0xCE, 0x59, 0xCE, 0x59, 0xCE, 0x59, 0xCE, 0x59, 0xCE, 0x59, 0xCE, 0x59, 0xCE,
    0x59, 0xCE, 0x59, 0xCE, 0x59, 0xCE, 0x59, 0xCE, 0x59, 0xCE, 0x59, 0xCE, 0x59, 0xCE, 0x59, 0xCE,
    0x59, 0xCE, 0x59, 0xCE, 0x59, 0xCE, 0x59, 0xCE, 0x59, 0xCE, 0x59, 0xCE, 0x59, 0xCE, 0x59, 0xCE,
    0x59, 0xCE, 0x59, 0xCE, 0x59, 0xCE, 0x59, 0xCE, 0x59, 0xCE, 0x59, 0xCE, 0x59, 0xCE, 0x59, 0xCE,
    0x59, 0xCE, 0x59, 0xCE, 0x59, 0xCE, 0x59, 0xCE, 0x59, 0xCE, 0x59, 0xCE, 0x59, 0xCE, 0x59, 0xCE,
    0x59, 0xCE, 0x59, 0xCE, 0x59, 0xCE, 0x59, 0xCE, 0x59, 0xCE, 0x59, 0xCE, 0x59, 0xCE, 0x59, 0xCE,
    0x59, 0xCE, 0x59, 0xCE, 0x59, 0xCE, 0x59, 0xCE, 0x59, 0xCE, 0x59, 0xCE, 0x59, 0xCE, 0x59, 0xCE,
    0x59, 0xCE, 0x59, 0xCE, 0xC7, 0x39, 0x1C, 0xDF, 0x1C, 0xE7, 0x3C, 0xE7, 0x5D, 0xEF, 0x7D, 0xEF,
    0x9F, 0x19, 0x9F, 0x19, 0x9F, 0x19, 0x9F, 0x19, 0x9F, 0x19, 0x9F, 0x19, 0x9F, 0x19, 0x9F, 0x19,
    0x9F, 0x19, 0x9F, 0x19, 0x9F, 0x19, 0x9F, 0x19, 0x9F, 0x19, 0x9F, 0x19, 0x9F, 0x19, 0x9F, 0x19,
    0x9F, 0x19, 0x9F, 0x19, 0x9F, 0x19, 0x9F, 0x19, 0x9F, 0x19, 0x9F, 0x19, 0x9F, 0x19, 0x9F, 0x19,
    0x9F, 0x19, 0x9F, 0x19, 0x9F, 0x19, 0x9F, 0x19, 0x9F, 0x19, 0x9F, 0x19, 0x9F, 0x19, 0x9F, 0x19,
    0x9F, 0x19, 0x9F, 0x19, 0x9F, 0x19, 0x9F, 0x19, 0x9F, 0x19, 0x9F, 0x19, 0x9F, 0x19, 0x9F, 0x19,
    0x9F, 0x19, 0x9F, 0x19, 0x9F, 0x19, 0x9F, 0x19, 0x9F, 0x19, 0x9F, 0x19, 0x9F, 0x19, 0x9F, 0x19,
    0x9F, 0x19, 0x9F, 0x19, 0x9F, 0x19, 0x9F, 0x19, 0x9F, 0x19, 0x9F, 0x19, 0x9F, 0x19, 0x9F, 0x19,
    0x9F, 0x19, 0x9F, 0x19, 0x9F, 0x19, 0x9F, 0x19, 0x9F, 0x19, 0x9F, 0x19, 0x9F, 0x19, 0x9F, 0x19,
    0x9F, 0x19, 0x9F, 0x19, 0x9F, 0x19, 0x9F, 0x19, 0x9F, 0x19, 0x9F, 0x19, 0x9F, 0x19, 0x9F, 0x19,
    0x9F, 0x19, 0x9F, 0x19, 0x9F, 0x19, 0x9F, 0x19, 0x9F, 0x19, 0x9F, 0x19, 0x9F, 0x19, 0x9F, 0x19,
    0x9F, 0x19, 0x9F, 0x19, 0x9F, 0x19, 0x9F, 0x19, 0x9F, 0x19, 0x9F, 0x19, 0x9F, 0x19, 0x9F, 0x19,
    0x9F, 0x19, 0x9F, 0x19, 0x9F, 0x19, 0x9F, 0x19, 0x9F, 0x19, 0x9F, 0x19, 0x9F, 0x19, 0x9F, 0x19,
    0x9F, 0x19, 0x9F, 0x19, 0x9F, 0x19, 0x9F, 0x19, 0x9F, 0x19, 0x9F, 0x19, 0x9F, 0x19, 0x9F, 0x19,
    0x9F, 0x19, 0x9F, 0x19, 0x9F, 0x19, 0x9F, 0x19, 0x9F, 0x19, 0x9F, 0x19, 0x9F, 0x19, 0x9F, 0x19,
    0x9F, 0x19, 0x9F, 0x19, 0x9F, 0x19, 0x9F, 0x19, 0x9F, 0x19, 0x9F, 0x19, 0x9F, 0x19, 0x9F, 0x19,
    0x9F, 0x19, 0x9F, 0x19, 0x9F, 0x19, 0x9F, 0x19, 0x9F, 0x19, 0x9F, 0x19, 0x9F, 0x19, 0x9F, 0x19,
    0x9F, 0x19, 0x9F, 0x19, 0xBF, 0x19, 0xDF, 0x21, 0xFF, 0x29, 0x3F, 0x2A, 0x5F, 0x32, 0x7F, 0x3A,
    0x9F, 0x3A, 0xBF, 0x42, 0xBF, 0x42, 0xDF, 0x42, 0xBF, 0x42, 0xBF, 0x42, 0x9F, 0x3A, 0x7F, 0x3A,
    0x5F, 0x32, 0x5F, 0x32, 0x5F, 0x32, 0x7F, 0x3A, 0x3F, 0x9D, 0x9E, 0xF7, 0x9E, 0xF7, 0xBE, 0xF7,
    0xBE, 0xF7, 0xBE, 0xF7, 0xBE, 0xF7, 0x24, 0x21, 0xD9, 0xDB, 0xD9, 0xDB, 0xD9, 0xDB, 0xD9, 0xDB,
    0xD9, 0xDB, 0xD9, 0xDB, 0xD9, 0xDB, 0xD9, 0xDB, 0xD9, 0xDB, 0xD9, 0xDB, 0xD9, 0xDB, 0xD9, 0xDB,
    0xD9, 0xDB, 0xD9, 0xDB, 0xD9, 0xDB, 0xD9, 0xDB, 0xD9, 0xDB, 0xD9, 0xDB, 0xD9, 0xDB, 0xD9, 0xDB,
    0x97, 0xCB, 0x24, 0x21, 0x24, 0x21, 0x24, 0x21, 0x24, 0x21, 0x24, 0x21, 0x24, 0x21, 0x24, 0x21,
    0x24, 0x21, 0x24, 0x21, 0x24, 0x21, 0x34, 0xB3, 0xD9, 0xDB, 0xD9, 0xDB, 0xD9, 0xDB, 0xD9, 0xDB,
    0xD9, 0xDB, 0xD9, 0xDB, 0xD9, 0xDB, 0xD9, 0xDB, 0xD9, 0xDB, 0xD9, 0xDB, 0xD9, 0xDB, 0xD9, 0xDB,
    0xD9, 0xDB, 0xD9, 0xDB, 0xD9, 0xDB, 0x24, 0x21, 0x59, 0xCE, 0x38, 0xC6, 0x38, 0xC6, 0x59, 0xCE,
    0x59, 0xCE, 0x59, 0xCE, 0x59, 0xCE, 0x45, 0x29, 0x04, 0x21, 0x04, 0x21, 0x04, 0x21, 0x04, 0x21,
    0x04, 0x21, 0x04, 0x21, 0x04, 0x21, 0x04, 0x21, 0x04, 0x21, 0x04, 0x21, 0x04, 0x21, 0x04, 0x21,
    0x04, 0x21, 0x04, 0x21, 0x04, 0x21, 0x04, 0x21, 0xA6, 0x31, 0x59, 0xCE, 0x59, 0xCE, 0x59, 0xCE,
    0x59, 0xCE, 0x59, 0xCE, 0x59, 0xCE, 0x59, 0xCE, 0x59, 0xCE, 0x59, 0xCE, 0x59, 0xCE, 0x59, 0xCE,
    0x59, 0xCE, 0x59, 0xCE, 0x59, 0xCE, 0x59, 0xCE, 0x59, 0xCE, 0x59, 0xCE, 0x59, 0xCE, 0x59, 0xCE,
    0x59, 0xCE, 0x59, 0xCE, 0x59, 0xCE, 0x59, 0xCE, 0x59, 0xCE, 0x59, 0xCE, 0x59, 0xCE, 0x59, 0xCE,
    0x59, 0xCE, 0x59, 0xCE, 0x59, 0xCE, 0x59, 0xCE, 0x59, 0xCE, 0x59, 0xCE, 0x59, 0xCE, 0x59, 0xCE,
    0x59, 0xCE, 0x59, 0xCE, 0x59, 0xCE, 0x59, 0xCE, 0x59, 0xCE, 0x59, 0xCE, 0x59, 0xCE, 0x59, 0xCE,
    0x59, 0xCE, 0x59, 0xCE, 0x59, 0xCE, 0x59, 0xCE, 0x59, 0xCE, 0x59, 0xCE, 0x59, 0xCE, 0x59, 0xCE,
    0x59, 0xCE, 0x59, 0xCE, 0x59, 0xCE, 0x59, 0xCE, 0x59, 0xCE, 0x59, 0xCE, 0x59, 0xCE, 0x59, 0xCE,
    0x59, 0xCE, 0x59, 0xCE, 0x59, 0xCE, 0x59, 0xCE, 0x59, 0xCE, 0x59, 0xCE, 0x59, 0xCE, 0x59, 0xCE,
    0x59, 0xCE, 0x59, 0xCE, 0x59, 0xCE, 0x59, 0xCE, 0x59, 0xCE, 0x59, 0xCE, 0x59, 0xCE, 0x59, 0xCE,
    0x59, 0xCE, 0x59, 0xCE, 0x59, 0xCE, 0x59, 0xCE, 0x59, 0xCE, 0x59, 0xCE, 0x59, 0xCE, 0x59, 0xCE,
    0x59, 0xCE, 0x59, 0xCE, 0xC7, 0x39, 0x1C, 0xDF, 0x1C, 0xE7, 0x3C, 0xE7, 0x5D, 0xEF, 0x7D, 0xEF,
    0x9F, 0x19, 0x9F, 0x19, 0x9F, 0x19, 0x9F, 0x19, 0x9F, 0x19, 0x9F, 0x19, 0x9F, 0x19, 0x9F, 0x19,
    0x9F, 0x19, 0x9F, 0x19, 0x9F, 0x19, 0x9F, 0x19, 0x9F, 0x19, 0x9F, 0x19, 0x9F, 0x19, 0x9F, 0x19,
    0x9F, 0x19, 0x9F, 0x19, 0x9F, 0x19, 0x9F, 0x19, 0x9F, 0x19, 0x9F, 0x19, 0x9F, 0x19, 0x9F, 0x19,
    0x9F, 0x19, 0x9F, 0x19, 0x9F, 0x19, 0x9F, 0x19, 0x9F, 0x19, 0x9F, 0x19, 0x9F, 0x19, 0x9F, 0x19,
    0x9F, 0x19, 0x9F, 0x19, 0x9F, 0x19, 0x9F, 0x19, 0x9F, 0x19, 0x9F, 0x19, 0x9F, 0x19, 0x9F, 0x19,
    0x9F, 0x19, 0x9F, 0x19, 0x9F, 0x19, 0x9F, 0x19, 0x9F, 0x19, 0x9F, 0x19, 0x9F, 0x19, 0x9F, 0x19,
    0x9F, 0x19, 0x9F, 0x19, 0x9F, 0x19, 0x9F, 0x19, 0x9F, 0x19, 0x9F, 0x19, 0x9F, 0x19, 0x9F, 0x19,
    0x9F, 0x19, 0x9F, 0x19, 0x9F, 0x19, 0x9F, 0x19, 0x9F, 0x19, 0x9F, 0x19, 0x9F, 0x19, 0x9F, 0x19,
    0x9F, 0x19, 0x9F, 0x19, 0x9F, 0x19, 0x9F, 0x19, 0x9F, 0x19, 0x9F, 0x19, 0x9F, 0x19, 0x9F, 0x19,
    0x9F, 0x19, 0x9F, 0x19, 0x9F, 0x19, 0x9F, 0x19, 0x9F, 0x19, 0x9F, 0x19, 0x9F, 0x19, 0x9F, 0x19,
    0x9F, 0x19, 0x9F, 0x19, 0x9F, 0x19, 0x9F, 0x19, 0x9F, 0x19, 0x9F, 0x19, 0x9F, 0x19, 0x9F, 0x19,
    0x9F, 0x19, 0x9F, 0x19, 0x9F, 0x19, 0x9F, 0x19, 0x9F, 0x19, 0x9F, 0x19, 0x9F, 0x19, 0x9F, 0x19,
    0x9F, 0x19, 0x9F, 0x19, 0x9F, 0x19, 0x9F, 0x19, 0x9F, 0x19, 0x9F, 0x19, 0x9F, 0x19, 0x9F, 0x19,
    0x9F, 0x19, 0x9F, 0x19, 0x9F, 0x19, 0x9F, 0x19, 0x9F, 0x19, 0x9F, 0x19, 0x9F, 0x19, 0x9F, 0x19,
    0x9F, 0x19, 0x9F, 0x19, 0x9F, 0x19, 0x9F, 0x19, 0x9F, 0x19, 0x9F, 0x19, 0x9F, 0x19, 0x9F, 0x19,
    0x9F, 0x19, 0x9F, 0x19, 0x9F, 0x19, 0x9F, 0x19, 0x9F, 0x19, 0x9F, 0x19, 0x9F, 0x19, 0x9F, 0x19,
    0x9F, 0x19, 0x9F, 0x19, 0x9F, 0x19, 0xBF, 0x19, 0xBF, 0x21, 0xDF, 0x21, 0xFF, 0x21, 0x1F, 0x2A,
    0x3F, 0x2A, 0x5F, 0x32, 0x5F, 0x32, 0x5F, 0x32, 0x5F, 0x32, 0x3F, 0x32, 0x3F, 0x2A, 0x1F, 0x2A,
    0xFF, 0x21, 0xFF, 0x29, 0x1F, 0x2A, 0x5F, 0x32, 0x1F, 0x95, 0x9E, 0xF7, 0x9E, 0xF7, 0x9E, 0xF7,
    0x9E, 0xF7, 0xBE, 0xF7, 0xBE, 0xF7, 0x24, 0x21, 0xD9, 0xDB, 0xD9, 0xDB, 0xD9, 0xDB, 0xD9, 0xDB,
    0xD9, 0xDB, 0xD9, 0xDB, 0xD9, 0xDB, 0xD9, 0xDB, 0xD9, 0xDB, 0xD9, 0xDB, 0xD9, 0xDB, 0xD9, 0xDB,
    0xD9, 0xDB, 0xD9, 0xDB, 0xD9, 0xDB, 0xD9, 0xDB, 0xD9, 0xDB, 0xD9, 0xDB, 0xD9, 0xDB, 0xF9, 0xDB,
    0x13, 0xA3, 0x24, 0x21, 0x24, 0x21, 0x24, 0x21, 0x24, 0x21, 0x2C, 0x6A, 0x2C, 0x6A, 0x24, 0x21,
    0x24, 0x21, 0x24, 0x21, 0x24, 0x21, 0xB0, 0x8A, 0xF9, 0xDB, 0xD9, 0xDB, 0xD9, 0xDB, 0xD9, 0xDB,
    0xD9, 0xDB, 0xD9, 0xDB, 0xD9, 0xDB, 0xD9, 0xDB, 0xD9, 0xDB, 0xD9, 0xDB, 0xD9, 0xDB, 0xD9, 0xDB,
    0xD9, 0xDB, 0xD9, 0xDB, 0xD9, 0xDB, 0x24, 0x21, 0x38, 0xC6, 0x59, 0xCE, 0x38, 0xC6, 0x59, 0xCE,
    0x59, 0xCE, 0x59, 0xCE, 0x59, 0xCE, 0xEF, 0x7B, 0x04, 0x21, 0x04, 0x21, 0x04, 0x21, 0x04, 0x21,
    0x04, 0x21, 0x04, 0x21, 0x04, 0x21, 0x04, 0x21, 0x04, 0x21, 0x04, 0x21, 0x04, 0x21, 0x04, 0x21,
    0x04, 0x21, 0x04, 0x21, 0x04, 0x21, 0x45, 0x29, 0xEF, 0x7B, 0x59, 0xCE, 0x59, 0xCE, 0x59, 0xCE,
    0x59, 0xCE, 0x59, 0xCE, 0x59, 0xCE, 0x59, 0xCE, 0x59, 0xCE, 0x59, 0xCE, 0x59, 0xCE, 0x59, 0xCE,
    0x59, 0xCE, 0x59, 0xCE, 0x59, 0xCE, 0x59, 0xCE, 0x59, 0xCE, 0x59, 0xCE, 0x59, 0xCE, 0x59, 0xCE,
    0x59, 0xCE, 0x59, 0xCE, 0x59, 0xCE, 0x59, 0xCE, 0x59, 0xCE, 0x59, 0xCE, 0x59, 0xCE, 0x59, 0xCE,
    0x59, 0xCE, 0x59, 0xCE, 0x59, 0xCE, 0x59, 0xCE, 0x59, 0xCE, 0x59, 0xCE, 0x59, 0xCE, 0x59, 0xCE,
    0x59, 0xCE, 0x59, 0xCE, 0x59, 0xCE, 0x59, 0xCE, 0x59, 0xCE, 0x59, 0xCE, 0x59, 0xCE, 0x59, 0xCE,
    0x59, 0xCE, 0x59, 0xCE, 0x59, 0xCE, 0x59, 0xCE, 0x59, 0xCE, 0x59, 0xCE, 0x59, 0xCE, 0x59, 0xCE,
    0x59, 0xCE, 0x59, 0xCE, 0x59, 0xCE, 0x59, 0xCE, 0x59, 0xCE, 0x59, 0xCE, 0x59, 0xCE, 0x59, 0xCE,
    0x59, 0xCE, 0x59, 0xCE, 0x59, 0xCE, 0x59, 0xCE, 0x59, 0xCE, 0x59, 0xCE, 0x59, 0xCE, 0x59, 0xCE,
    0x59, 0xCE, 0x59, 0xCE, 0x59, 0xCE, 0x59, 0xCE, 0x59, 0xCE, 0x59, 0xCE, 0x59, 0xCE, 0x59, 0xCE,
    0x59, 0xCE, 0x59, 0xCE, 0x59, 0xCE, 0x59, 0xCE, 0x59, 0xCE, 0x59, 0xCE, 0x59, 0xCE, 0x59, 0xCE,
    0x59, 0xCE, 0x59, 0xCE, 0xC7, 0x39, 0xFB, 0xDE, 0x1C, 0xE7, 0x3C, 0xE7, 0x5D, 0xEF, 0x7D, 0xEF,
    0x9F, 0x19, 0x9F, 0x19, 0x9F, 0x19, 0x9F, 0x19, 0x9F, 0x19, 0x9F, 0x19, 0x9F, 0x19, 0x9F, 0x19,
    0x9F, 0x19, 0x9F, 0x19, 0x9F, 0x19, 0x9F, 0x19, 0x9F, 0x19, 0x9F, 0x19, 0x9F, 0x19, 0x9F, 0x19,
    0x9F, 0x19, 0x9F, 0x19, 0x9F, 0x19, 0x9F, 0x19, 0x9F, 0x19, 0x9F, 0x19, 0x9F, 0x19, 0x9F, 0x19,
    0x9F, 0x19, 0x9F, 0x19, 0x9F, 0x19, 0x9F, 0x19, 0x9F, 0x19, 0x9F, 0x19, 0x9F, 0x19, 0x9F, 0x19,
    0x9F, 0x19, 0x9F, 0x19, 0x9F, 0x19, 0x9F, 0x19, 0x9F, 0x19, 0x9F, 0x19, 0x9F, 0x19, 0x9F, 0x19,
    0x9F, 0x19, 0x9F, 0x19, 0x9F, 0x19, 0x9F, 0x19, 0x9F, 0x19, 0x9F, 0x19, 0x9F, 0x19, 0x9F, 0x19,
    0x9F, 0x19, 0x9F, 0x19, 0x9F, 0x19, 0x9F, 0x19, 0x9F, 0x19, 0x9F, 0x19, 0x9F, 0x19, 0x9F, 0x19,
    0x9F, 0x19, 0x9F, 0x19, 0x9F, 0x19, 0x9F, 0x19, 0x9F, 0x19, 0x9F, 0x19, 0x9F, 0x19, 0x9F, 0x19,
    0x9F, 0x19, 0x9F, 0x19, 0x9F, 0x19, 0x9F, 0x19, 0x9F, 0x19, 0x9F, 0x19, 0x9F, 0x19, 0x9F, 0x19,
    0x9F, 0x19, 0x9F, 0x19, 0x9F, 0x19, 0x9F, 0x19, 0x9F, 0x19, 0x9F, 0x19, 0x9F, 0x19, 0x9F, 0x19,
    0x9F, 0x19, 0x9F, 0x19, 0x9F, 0x19, 0x9F, 0x19, 0x9F, 0x19, 0x9F, 0x19, 0x9F, 0x19, 0x9F, 0x19,
    0x9F, 0x19, 0x9F, 0x19, 0x9F, 0x19, 0x9F, 0x19, 0x9F, 0x19, 0x9F, 0x19, 0x9F, 0x19, 0x9F, 0x19,
    0x9F, 0x19, 0x9F, 0x19, 0x9F, 0x19, 0x9F, 0x19, 0x9F, 0x19, 0x9F, 0x19, 0x9F, 0x19, 0x9F, 0x19,
    0x9F, 0x19, 0x9F, 0x19, 0x9F, 0x19, 0x9F, 0x19, 0x9F, 0x19, 0x9F, 0x19, 0x9F, 0x19, 0x9F, 0x19,
    0x9F, 0x19, 0x9F, 0x19, 0x9F, 0x19, 0x9F, 0x19, 0x9F, 0x19, 0x9F, 0x19, 0x9F, 0x19, 0x9F, 0x19,
    0x9F, 0x19, 0x9F, 0x19, 0x9F, 0x19, 0x9F, 0x19, 0x9F, 0x19, 0x9F, 0x19, 0x9F, 0x19, 0x9F, 0x19,
    0x9F, 0x19, 0x9F, 0x19, 0x9F, 0x19, 0x9F, 0x19, 0x9F, 0x19, 0xBF, 0x19, 0xBF, 0x19, 0xDF, 0x21,
    0xDF, 0x21, 0xFF, 0x21, 0xFF, 0x21, 0xFF, 0x29, 0xFF, 0x21, 0xFF, 0x21, 0xDF, 0x21, 0xDF, 0x21,
    0xBF, 0x19, 0xBF, 0x19, 0xDF, 0x21, 0x1F, 0x2A, 0x1F, 0x95, 0x9E, 0xF7, 0x9E, 0xF7, 0x9E, 0xF7,
    0x9E, 0xF7, 0xBE, 0xF7, 0xBE, 0xF7, 0x24, 0x21, 0xD9, 0xDB, 0xD9, 0xDB, 0xD9, 0xDB, 0xD9, 0xDB,
    0xD9, 0xDB, 0xD9, 0xDB, 0xD9, 0xDB, 0xD9, 0xDB, 0xD9, 0xDB, 0xD9, 0xDB, 0xD9, 0xDB, 0xD9, 0xDB,
    0xD9, 0xDB, 0xD9, 0xDB, 0xD9, 0xDB, 0xD9, 0xDB, 0xD9, 0xDB, 0xD9, 0xDB, 0xF9, 0xDB, 0xFA, 0xE3,
    0xF2, 0x9A, 0x24, 0x21, 0x24, 0x21, 0x24, 0x21, 0x2C, 0x6A, 0xD9, 0xDB, 0xD9, 0xDB, 0x2C, 0x6A,
    0x24, 0x21, 0x24, 0x21, 0x24, 0x21, 0x8F, 0x82, 0xFA, 0xDB, 0xD9, 0xDB, 0xD9, 0xDB, 0xD9, 0xDB,
    0xD9, 0xDB, 0xD9, 0xDB, 0xD9, 0xDB, 0xD9, 0xDB, 0xD9, 0xDB, 0xD9, 0xDB, 0xD9, 0xDB, 0xD9, 0xDB,
    0xD9, 0xDB, 0xD9, 0xDB, 0xD9, 0xDB, 0x24, 0x21, 0x38, 0xC6, 0x59, 0xCE, 0x59, 0xCE, 0x59, 0xCE,
    0x59, 0xCE, 0x59, 0xCE, 0x59, 0xCE, 0x59, 0xCE, 0xF7, 0xBD, 0xB6, 0xB5, 0x96, 0xB5, 0x96, 0xB5,
    0xB6, 0xB5, 0xB6, 0xB5, 0x96, 0xB5, 0xB6, 0xB5, 0xB6, 0xB5, 0x96, 0xB5, 0xB6, 0xB5, 0x96, 0xB5,
    0x96, 0xB5, 0xB6, 0xB5, 0xB6, 0xB5, 0xF7, 0xBD, 0x59, 0xCE, 0x59, 0xCE, 0x59, 0xCE, 0x59, 0xCE,
    0x59, 0xCE, 0x59, 0xCE, 0x59, 0xCE, 0x59, 0xCE, 0x59, 0xCE, 0x59, 0xCE, 0x59, 0xCE, 0x59, 0xCE,
    0x59, 0xCE, 0x59, 0xCE, 0x59, 0xCE, 0x59, 0xCE, 0x59, 0xCE, 0x59, 0xCE, 0x59, 0xCE, 0x59, 0xCE,
    0x59, 0xCE, 0x59, 0xCE, 0x59, 0xCE, 0x59, 0xCE, 0x59, 0xCE, 0x59, 0xCE, 0x59, 0xCE, 0x59, 0xCE,
    0x59, 0xCE, 0x59, 0xCE, 0x59, 0xCE, 0x59, 0xCE, 0x59, 0xCE, 0x59, 0xCE, 0x59, 0xCE, 0x59, 0xCE,
    0x59, 0xCE, 0x59, 0xCE, 0x59, 0xCE, 0x59, 0xCE, 0x59, 0xCE, 0x59, 0xCE, 0x59, 0xCE, 0x59, 0xCE,
    0x59, 0xCE, 0x59, 0xCE, 0x59, 0xCE, 0x59, 0xCE, 0x59, 0xCE, 0x59, 0xCE, 0x59, 0xCE, 0x59, 0xCE,
    0x59, 0xCE, 0x59, 0xCE, 0x59, 0xCE, 0x59, 0xCE, 0x59, 0xCE, 0x59, 0xCE, 0x59, 0xCE, 0x59, 0xCE,
    0x59, 0xCE, 0x59, 0xCE, 0x59, 0xCE, 0x59, 0xCE, 0x59, 0xCE, 0x59, 0xCE, 0x59, 0xCE, 0x59, 0xCE,
    0x59, 0xCE, 0x59, 0xCE, 0x59, 0xCE, 0x59, 0xCE, 0x59, 0xCE, 0x59, 0xCE, 0x59, 0xCE, 0x59, 0xCE,
    0x59, 0xCE, 0x59, 0xCE, 0x59, 0xCE, 0x59, 0xCE, 0x59, 0xCE, 0x59, 0xCE, 0x59, 0xCE, 0x59, 0xCE,
    0x59, 0xCE, 0x59, 0xCE, 0xC7, 0x39, 0xFB, 0xDE, 0x1C, 0xE7, 0x3C, 0xE7, 0x5D, 0xEF, 0x7D, 0xEF,
    0x9F, 0x19, 0x9F, 0x19, 0x9F, 0x19, 0x9F, 0x19, 0x9F, 0x19, 0x9F, 0x19, 0x9F, 0x19, 0x9F, 0x19,
    0x9F, 0x19, 0x9F, 0x19, 0x9F, 0x19, 0x9F, 0x19, 0x9F, 0x19, 0x9F, 0x19, 0x9F, 0x19, 0x9F, 0x19,
    0x9F, 0x19, 0x9F, 0x19, 0x9F, 0x19, 0x9F, 0x19, 0x9F, 0x19, 0x9F, 0x19, 0x9F, 0x19, 0x9F, 0x19,
    0x9F, 0x19, 0x9F, 0x19, 0x9F, 0x19, 0x9F, 0x19, 0x9F, 0x19, 0x9F, 0x19, 0x9F, 0x19, 0x9F, 0x19,
    0x9F, 0x19, 0x9F, 0x19, 0x9F, 0x19, 0x9F, 0x19, 0x9F, 0x19, 0x9F, 0x19, 0x9F, 0x19, 0x9F, 0x19,
    0x9F, 0x19, 0x9F, 0x19, 0x9F, 0x19, 0x9F, 0x19, 0x9F, 0x19, 0x9F, 0x19, 0x9F, 0x19, 0x9F, 0x19,
    0x9F, 0x19, 0x9F, 0x19, 0x9F, 0x19, 0x9F, 0x19, 0x9F, 0x19, 0x9F, 0x19, 0x9F, 0x19, 0x9F, 0x19,
    0x9F, 0x19, 0x9F, 0x19, 0x9F, 0x19, 0x9F, 0x19, 0x9F, 0x19, 0x9F, 0x19, 0x9F, 0x19, 0x9F, 0x19,
    0x9F, 0x19, 0x9F, 0x19, 0x9F, 0x19, 0x9F, 0x19, 0x9F, 0x19, 0x9F, 0x19, 0x9F, 0x19, 0x9F, 0x19,
    0x9F, 0x19, 0x9F, 0x19, 0x9F, 0x19, 0x9F, 0x19, 0x9F, 0x19, 0x9F, 0x19, 0x9F, 0x19, 0x9F, 0x19,
    0x9F, 0x19, 0x9F, 0x19, 0x9F, 0x19, 0x9F, 0x19, 0x9F, 0x19, 0x9F, 0x19, 0x9F, 0x19, 0x9F, 0x19,
    0x9F, 0x19, 0x9F, 0x19, 0x9F, 0x19, 0x9F, 0x19, 0x9F, 0x19, 0x9F, 0x19, 0x9F, 0x19, 0x9F, 0x19,
    0x9F, 0x19, 0x9F, 0x19, 0x9F, 0x19, 0x9F, 0x19, 0x9F, 0x19, 0x9F, 0x19, 0x9F, 0x19, 0x9F, 0x19,
    0x9F, 0x19, 0x9F, 0x19, 0x9F, 0x19, 0x9F, 0x19, 0x9F, 0x19, 0x9F, 0x19, 0x9F, 0x19, 0x9F, 0x19,
    0x9F, 0x19, 0x9F, 0x19, 0x9F, 0x19, 0x9F, 0x19, 0x9F, 0x19, 0x9F, 0x19, 0x9F, 0x19, 0x9F, 0x19,
    0x9F, 0x19, 0x9F, 0x19, 0x9F, 0x19, 0x9F, 0x19, 0x9F, 0x19, 0x9F, 0x19, 0x9F, 0x19, 0x9F, 0x19,
    0x9F, 0x19, 0x9F, 0x19, 0x9F, 0x19, 0x9F, 0x19, 0x9F, 0x19, 0x9F, 0x19, 0x9F, 0x19, 0x9F, 0x19,
    0x9F, 0x19, 0xBF, 0x19, 0xBF, 0x19, 0xBF, 0x19, 0xBF, 0x19, 0xBF, 0x19, 0x9F, 0x19, 0x9F, 0x19,
    0x9F, 0x19, 0x9F, 0x19, 0xDF, 0x21, 0x1F, 0x2A, 0xFF, 0x94, 0x9E, 0xF7, 0x9E, 0xF7, 0xBE, 0xF7,
    0x9E, 0xF7, 0xBE, 0xF7, 0xBE, 0xF7, 0x24, 0x21, 0xD9, 0xDB, 0xD9, 0xDB, 0xD9, 0xDB, 0xD9, 0xDB,
    0xD9, 0xDB, 0xD9, 0xDB, 0xD9, 0xDB, 0xD9, 0xDB, 0xD9, 0xDB, 0xD9, 0xDB, 0xD9, 0xDB, 0xD9, 0xDB,
    0xD9, 0xDB, 0xD9, 0xDB, 0xD9, 0xDB, 0xD9, 0xDB, 0xD9, 0xDB, 0xD9, 0xDB, 0xF9, 0xDB, 0xFA, 0xE3,
    0x12, 0x9B, 0x24, 0x21, 0x24, 0x21, 0x24, 0x21, 0x8F, 0x82, 0xD9, 0xDB, 0xD9, 0xDB, 0x8F, 0x82,
    0x24, 0x21, 0x24, 0x21, 0x24, 0x21, 0xAF, 0x82, 0xFA, 0xE3, 0xFA, 0xDB, 0xD9, 0xDB, 0xD9, 0xDB,
    0xD9, 0xDB, 0xD9, 0xDB, 0xD9, 0xDB, 0xD9, 0xDB, 0xD9, 0xDB, 0xD9, 0xDB, 0xD9, 0xDB, 0xD9, 0xDB,
    0xD9, 0xDB, 0xD9, 0xDB, 0xD9, 0xDB, 0x24, 0x21, 0x38, 0xC6, 0x59, 0xCE, 0x59, 0xCE, 0x59, 0xCE,
    0x59, 0xCE, 0x59, 0xCE, 0x59, 0xCE, 0x59, 0xCE, 0x59, 0xCE, 0x59, 0xCE, 0x59, 0xCE, 0x59, 0xCE,
    0x59, 0xCE, 0x59, 0xCE, 0x59, 0xCE, 0x59, 0xCE, 0x59, 0xCE, 0x59, 0xCE, 0x59, 0xCE, 0x59, 0xCE,
    0x59, 0xCE, 0x59, 0xCE, 0x59, 0xCE, 0x59, 0xCE, 0x59, 0xCE, 0x59, 0xCE, 0x59, 0xCE, 0x59, 0xCE,
    0x59, 0xCE, 0x59, 0xCE, 0x59, 0xCE, 0x59, 0xCE, 0x59, 0xCE, 0x59, 0xCE, 0x59, 0xCE, 0x59, 0xCE,
    0x59, 0xCE, 0x59, 0xCE, 0x59, 0xCE, 0x59, 0xCE, 0x59, 0xCE, 0x59, 0xCE, 0x59, 0xCE, 0x59, 0xCE,
    0x59, 0xCE, 0x59, 0xCE, 0x59, 0xCE, 0x59, 0xCE, 0x59, 0xCE, 0x59, 0xCE, 0x59, 0xCE, 0x59, 0xCE,
    0x59, 0xCE, 0x59, 0xCE, 0x59, 0xCE, 0x59, 0xCE, 0x59, 0xCE, 0x59, 0xCE, 0x59, 0xCE, 0x59, 0xCE,
    0x59, 0xCE, 0x59, 0xCE, 0x59, 0xCE, 0x59, 0xCE, 0x59, 0xCE, 0x59, 0xCE, 0x59, 0xCE, 0x59, 0xCE,
    0x59, 0xCE, 0x59, 0xCE, 0x59, 0xCE, 0x59, 0xCE, 0x59, 0xCE, 0x59, 0xCE, 0x59, 0xCE, 0x59, 0xCE,
    0x59, 0xCE, 0x59, 0xCE, 0x59, 0xCE, 0x59, 0xCE, 0x59, 0xCE, 0x59, 0xCE, 0x59, 0xCE, 0x59, 0xCE,
    0x59, 0xCE, 0x59, 0xCE, 0x59, 0xCE, 0x59, 0xCE, 0x59, 0xCE, 0x59, 0xCE, 0x59, 0xCE, 0x59, 0xCE,
    0x59, 0xCE, 0x59, 0xCE, 0x59, 0xCE, 0x59, 0xCE, 0x59, 0xCE, 0x59, 0xCE, 0x59, 0xCE, 0x59, 0xCE,
    0x59, 0xCE, 0x59, 0xCE, 0x59, 0xCE, 0x59, 0xCE, 0x59, 0xCE, 0x59, 0xCE, 0x59, 0xCE, 0x59, 0xCE,
    0x59, 0xCE, 0x59, 0xCE, 0xC7, 0x39, 0x1C, 0xDF, 0x1C, 0xE7, 0x3C, 0xE7, 0x5D, 0xEF, 0x7D, 0xEF,
    0x9F, 0x19, 0x9F, 0x19, 0x9F, 0x19, 0x9F, 0x19, 0x9F, 0x19, 0x9F, 0x19, 0x9F, 0x19, 0x9F, 0x19,
    0x9F, 0x19, 0x9F, 0x19, 0x9F, 0x19, 0x9F, 0x19, 0x9F, 0x19, 0x9F, 0x19, 0x9F, 0x19, 0x9F, 0x19,
    0x9F, 0x19, 0x9F, 0x19, 0x9F, 0x19, 0x9F, 0x19, 0x9F, 0x19, 0x9F, 0x19, 0x9F, 0x19, 0x9F, 0x19,
    0x9F, 0x19, 0x9F, 0x19, 0x9F, 0x19, 0x9F, 0x19, 0x9F, 0x19, 0x9F, 0x19, 0x9F, 0x19, 0x9F, 0x19,
    0x9F, 0x19, 0x9F, 0x19, 0x9F, 0x19, 0x9F, 0x19, 0x9F, 0x19, 0x9F, 0x19, 0x9F, 0x19, 0x9F, 0x19,
    0x9F, 0x19, 0x9F, 0x19, 0x9F, 0x19, 0x9F, 0x19, 0x9F, 0x19, 0x9F, 0x19, 0x9F, 0x19, 0x9F, 0x19,
    0x9F, 0x19, 0x9F, 0x19, 0x9F, 0x19, 0x9F, 0x19, 0x9F, 0x19, 0x9F, 0x19, 0x9F, 0x19, 0x9F, 0x19,
    0x9F, 0x19, 0x9F, 0x19, 0x9F, 0x19, 0x9F, 0x19, 0x9F, 0x19, 0x9F, 0x19, 0x9F, 0x19, 0x9F, 0x19,
    0x9F, 0x19, 0x9F, 0x19, 0x9F, 0x19, 0x9F, 0x19, 0x9F, 0x19, 0x9F, 0x19, 0x9F, 0x19, 0x9F, 0x19,
    0x9F, 0x19, 0x9F, 0x19, 0x9F, 0x19, 0x9F, 0x19, 0x9F, 0x19, 0x9F, 0x19, 0x9F, 0x19, 0x9F, 0x19,
    0x9F, 0x19, 0x9F, 0x19, 0x9F, 0x19, 0x9F, 0x19, 0x9F, 0x19, 0x9F, 0x19, 0x9F, 0x19, 0x9F, 0x19,
    0x9F, 0x19, 0x9F, 0x19, 0x9F, 0x19, 0x9F, 0x19, 0x9F, 0x19, 0x9F, 0x19, 0x9F, 0x19, 0x9F, 0x19,
    0x9F, 0x19, 0x9F, 0x19, 0x9F, 0x19, 0x9F, 0x19, 0x9F, 0x19, 0x9F, 0x19, 0x9F, 0x19, 0x9F, 0x19,
    0x9F, 0x19, 0x9F, 0x19, 0x9F, 0x19, 0x9F, 0x19, 0x9F, 0x19, 0x9F, 0x19, 0x9F, 0x19, 0x9F, 0x19,
    0x9F, 0x19, 0x9F, 0x19, 0x9F, 0x19, 0x9F, 0x19, 0x9F, 0x19, 0x9F, 0x19, 0x9F, 0x19, 0x9F, 0x19,
    0x9F, 0x19, 0x9F, 0x19, 0x9F, 0x19, 0x9F, 0x19, 0x9F, 0x19, 0x9F, 0x19, 0x9F, 0x19, 0x9F, 0x19,
    0x9F, 0x19, 0x9F, 0x19, 0x9F, 0x19, 0x9F, 0x19, 0x9F, 0x19, 0x9F, 0x19, 0x9F, 0x19, 0x9F, 0x19,
    0x9F, 0x19, 0x9F, 0x19, 0x9F, 0x19, 0x9F, 0x19, 0x9F, 0x19, 0x9F, 0x19, 0x9F, 0x19, 0x9F, 0x19,
    0x9F, 0x19, 0x9F, 0x19, 0xBF, 0x21, 0x1F, 0x2A, 0xFF, 0x94, 0x9E, 0xF7, 0x9E, 0xF7, 0x9E, 0xF7,
    0x9E, 0xF7, 0x9E, 0xF7, 0xBE, 0xF7, 0x24, 0x21, 0xD9, 0xDB, 0xD9, 0xDB, 0xD9, 0xDB, 0xD9, 0xDB,
    0xD9, 0xDB, 0xD9, 0xDB, 0xD9, 0xDB, 0xD9, 0xDB, 0xD9, 0xDB, 0xD9, 0xDB, 0xD9, 0xDB, 0xD9, 0xDB,
    0xD9, 0xDB, 0xD9, 0xDB, 0xD9, 0xDB, 0xD9, 0xDB, 0xD9, 0xDB, 0xD9, 0xDB, 0xFA, 0xDB, 0x1A, 0xE4,
    0x12, 0x9B, 0x24, 0x21, 0x24, 0x21, 0x24, 0x21, 0x8F, 0x82, 0xD9, 0xDB, 0xD9, 0xDB, 0x8F, 0x82,
    0x24, 0x21, 0x24, 0x21, 0x24, 0x21, 0xAF, 0x82, 0x1A, 0xE4, 0xFA, 0xDB, 0xD9, 0xDB, 0xD9, 0xDB,
    0xD9, 0xDB, 0xD9, 0xDB, 0xD9, 0xDB, 0xD9, 0xDB, 0xD9, 0xDB, 0xD9, 0xDB, 0xD9, 0xDB, 0xD9, 0xDB,
    0xD9, 0xDB, 0xD9, 0xDB, 0xD9, 0xDB, 0x24, 0x21, 0x38, 0xC6, 0x38, 0xC6, 0x59, 0xCE, 0x38, 0xC6,
    0x59, 0xCE, 0x59, 0xCE, 0x59, 0xCE, 0x59, 0xCE, 0x59, 0xCE, 0x59, 0xCE, 0x59, 0xCE, 0x59, 0xCE,
    0x59, 0xCE, 0x59, 0xCE, 0x59, 0xCE, 0x59, 0xCE, 0x59, 0xCE, 0x59, 0xCE, 0x59, 0xCE, 0x59, 0xCE,
    0x59, 0xCE, 0x59, 0xCE, 0x59, 0xCE, 0x59, 0xCE, 0x59, 0xCE, 0x59, 0xCE, 0x59, 0xCE, 0x59, 0xCE,
    0x59, 0xCE, 0x59, 0xCE, 0x59, 0xCE, 0x59, 0xCE, 0x59, 0xCE, 0x59, 0xCE, 0x59, 0xCE, 0x59, 0xCE,
    0x59, 0xCE, 0x59, 0xCE, 0x59, 0xCE, 0x59, 0xCE, 0x59, 0xCE, 0x59, 0xCE, 0x59, 0xCE, 0x59, 0xCE,
    0x59, 0xCE, 0x59, 0xCE, 0x59, 0xCE, 0x59, 0xCE, 0x59, 0xCE, 0x59, 0xCE, 0x59, 0xCE, 0x59, 0xCE,
    0x59, 0xCE, 0x59, 0xCE, 0x59, 0xCE, 0x59, 0xCE, 0x59, 0xCE, 0x59, 0xCE, 0x59, 0xCE, 0x59, 0xCE,
    0x59, 0xCE, 0x59, 0xCE, 0x59, 0xCE, 0x59, 0xCE, 0x59, 0xCE, 0x59, 0xCE, 0x59, 0xCE, 0x59, 0xCE,
    0x59, 0xCE, 0x59, 0xCE, 0x59, 0xCE, 0x59, 0xCE, 0x59, 0xCE, 0x59, 0xCE, 0x59, 0xCE, 0x59, 0xCE,
    0x59, 0xCE, 0x59, 0xCE, 0x59, 0xCE, 0x59, 0xCE, 0x59, 0xCE, 0x59, 0xCE, 0x59, 0xCE, 0x59, 0xCE,
    0x59, 0xCE, 0x59, 0xCE, 0x59, 0xCE, 0x59, 0xCE, 0x59, 0xCE, 0x59, 0xCE, 0x59, 0xCE, 0x59, 0xCE,
    0x59, 0xCE, 0x59, 0xCE, 0x59, 0xCE, 0x59, 0xCE, 0x59, 0xCE, 0x59, 0xCE, 0x59, 0xCE, 0x59, 0xCE,
    0x59, 0xCE, 0x59, 0xCE, 0x59, 0xCE, 0x59, 0xCE, 0x59, 0xCE, 0x59, 0xCE, 0x59, 0xCE, 0x59, 0xCE,
    0x59, 0xCE, 0x59, 0xCE, 0xC7, 0x39, 0x1C, 0xDF, 0x1C, 0xE7, 0x3C, 0xE7, 0x5D, 0xEF, 0x7D, 0xEF,
    0x9F, 0x19, 0x9F, 0x19, 0x9F, 0x19, 0x9F, 0x19, 0x9F, 0x19, 0x9F, 0x19, 0x9F, 0x19, 0x9F, 0x19,
    0x9F, 0x19, 0x9F, 0x19, 0x9F, 0x19, 0x9F, 0x19, 0x9F, 0x19, 0x9F, 0x19, 0x9F, 0x19, 0x9F, 0x19,
    0x9F, 0x19, 0x9F, 0x19, 0x9F, 0x19, 0x9F, 0x19, 0x9F, 0x19, 0x9F, 0x19, 0x9F, 0x19, 0x9F, 0x19,
    0x9F, 0x19, 0x9F, 0x19, 0x9F, 0x19, 0x9F, 0x19, 0x9F, 0x19, 0x9F, 0x19, 0x9F, 0x19, 0x9F, 0x19,
    0x9F, 0x19, 0x9F, 0x19, 0x9F, 0x19, 0x9F, 0x19, 0x9F, 0x19, 0x9F, 0x19, 0x9F, 0x19, 0x9F, 0x19,
    0x9F, 0x19, 0x9F, 0x19, 0x9F, 0x19, 0x9F, 0x19, 0x9F, 0x19, 0x9F, 0x19, 0x9F, 0x19, 0x9F, 0x19,
    0x9F, 0x19, 0x9F, 0x19, 0x9F, 0x19, 0x9F, 0x19, 0x9F, 0x19, 0x9F, 0x19, 0x9F, 0x19, 0x9F, 0x19,
    0x9F, 0x19, 0x9F, 0x19, 0x9F, 0x19, 0x9F, 0x19, 0x9F, 0x19, 0x9F, 0x19, 0x9F, 0x19, 0x9F, 0x19,
    0x9F, 0x19, 0x9F, 0x19, 0x9F, 0x19, 0x9F, 0x19, 0x9F, 0x19, 0x9F, 0x19, 0x9F, 0x19, 0x9F, 0x19,
    0x9F, 0x19, 0x9F, 0x19, 0x9F, 0x19, 0x9F, 0x19, 0x9F, 0x19, 0x9F, 0x19, 0x9F, 0x19, 0x9F, 0x19,
    0x9F, 0x19, 0x9F, 0x19, 0x9F, 0x19, 0x9F, 0x19, 0x9F, 0x19, 0x9F, 0x19, 0x9F, 0x19, 0x9F, 0x19,
    0x9F, 0x19, 0x9F, 0x19, 0x9F, 0x19, 0x9F, 0x19, 0x9F, 0x19, 0x9F, 0x19, 0x9F, 0x19, 0x9F, 0x19,
    0x9F, 0x19, 0x9F, 0x19, 0x9F, 0x19, 0x9F, 0x19, 0x9F, 0x19, 0x9F, 0x19, 0x9F, 0x19, 0x9F, 0x19,
    0x9F, 0x19, 0x9F, 0x19, 0x9F, 0x19, 0x9F, 0x19, 0x9F, 0x19, 0x9F, 0x19, 0x9F, 0x19, 0x9F, 0x19,
    0x9F, 0x19, 0x9F, 0x19, 0x9F, 0x19, 0x9F, 0x19, 0x9F, 0x19, 0x9F, 0x19, 0x9F, 0x19, 0x9F, 0x19,
    0x9F, 0x19, 0x9F, 0x19, 0x9F, 0x19, 0x9F, 0x19, 0x9F, 0x19, 0x9F, 0x19, 0x9F, 0x19, 0x9F, 0x19,
    0x9F, 0x19, 0x9F, 0x19, 0x9F, 0x19, 0x9F, 0x19, 0x9F, 0x19, 0x9F, 0x19, 0x9F, 0x19, 0x9F, 0x19,
    0x9F, 0x19, 0x9F, 0x19, 0x9F, 0x19, 0x9F, 0x19, 0x9F, 0x19, 0x9F, 0x19, 0x9F, 0x19, 0x9F, 0x19,
    0x9F, 0x19, 0x9F, 0x19, 0xDF, 0x21, 0x1F, 0x2A, 0xFF, 0x94, 0x9E, 0xF7, 0x9E, 0xF7, 0x9E, 0xF7,
    0xBE, 0xF7, 0x9E, 0xF7, 0xBE, 0xF7, 0x24, 0x21, 0xD9, 0xDB, 0xD9, 0xDB, 0xD9, 0xDB, 0xD9, 0xDB,
    0xD9, 0xDB, 0xD9, 0xDB, 0xD9, 0xDB, 0xD9, 0xDB, 0xD9, 0xDB, 0xD9, 0xDB, 0xD9, 0xDB, 0xD9, 0xDB,
    0xD9, 0xDB, 0xD9, 0xDB, 0xD9, 0xDB, 0xD9, 0xDB, 0xD9, 0xDB, 0xF9, 0xDB, 0xFA, 0xDB, 0x1A, 0xE4,
    0x12, 0x9B, 0x24, 0x21, 0x24, 0x21, 0x24, 0x21, 0x8F, 0x82, 0xD9, 0xDB, 0xD9, 0xDB, 0x8F, 0x82,
    0x24, 0x21, 0x24, 0x21, 0x24, 0x21, 0xAF, 0x82, 0x1A, 0xE4, 0xFA, 0xDB, 0xD9, 0xDB, 0xD9, 0xDB,
    0xD9, 0xDB, 0xD9, 0xDB, 0xD9, 0xDB, 0xD9, 0xDB, 0xD9, 0xDB, 0xD9, 0xDB, 0xD9, 0xDB, 0xD9, 0xDB,
    0xD9, 0xDB, 0xD9, 0xDB, 0xD9, 0xDB, 0x24, 0x21, 0x38, 0xC6, 0x59, 0xCE, 0x59, 0xCE, 0x59, 0xCE,
    0x59, 0xCE, 0x59, 0xCE, 0x59, 0xCE, 0x59, 0xCE, 0x59, 0xCE, 0x59, 0xCE, 0x59, 0xCE, 0x59, 0xCE,
    0x59, 0xCE, 0x59, 0xCE, 0x59, 0xCE, 0x59, 0xCE, 0x59, 0xCE, 0x59, 0xCE, 0x59, 0xCE, 0x59, 0xCE,
    0x59, 0xCE, 0x59, 0xCE, 0x59, 0xCE, 0x59, 0xCE, 0x59, 0xCE, 0x59, 0xCE, 0x59, 0xCE, 0x59, 0xCE,
    0x59, 0xCE, 0x59, 0xCE, 0x59, 0xCE, 0x59, 0xCE, 0x59, 0xCE, 0x59, 0xCE, 0x59, 0xCE, 0x59, 0xCE,
    0x59, 0xCE, 0x59, 0xCE, 0x59, 0xCE, 0x59, 0xCE, 0x59, 0xCE, 0x59, 0xCE, 0x59, 0xCE, 0x59, 0xCE,
    0x59, 0xCE, 0x59, 0xCE, 0x59, 0xCE, 0x59, 0xCE, 0x59, 0xCE, 0x59, 0xCE, 0x59, 0xCE, 0x59, 0xCE,
    0x59, 0xCE, 0x59, 0xCE, 0x59, 0xCE, 0x59, 0xCE, 0x59, 0xCE, 0x59, 0xCE, 0x59, 0xCE, 0x59, 0xCE,
    0x59, 0xCE, 0x59, 0xCE, 0x59, 0xCE, 0x59, 0xCE, 0x59, 0xCE, 0x59, 0xCE, 0x59, 0xCE, 0x59, 0xCE,
    0x59, 0xCE, 0x59, 0xCE, 0x59, 0xCE, 0x59, 0xCE, 0x59, 0xCE, 0x59, 0xCE, 0x59, 0xCE, 0x59, 0xCE,
    0x59, 0xCE, 0x59, 0xCE, 0x59, 0xCE, 0x59, 0xCE, 0x59, 0xCE, 0x59, 0xCE, 0x59, 0xCE, 0x59, 0xCE,
    0x59, 0xCE, 0x59, 0xCE, 0x59, 0xCE, 0x59, 0xCE, 0x59, 0xCE, 0x59, 0xCE, 0x59, 0xCE, 0x59, 0xCE,
    0x59, 0xCE, 0x59, 0xCE, 0x59, 0xCE, 0x59, 0xCE, 0x59, 0xCE, 0x59, 0xCE, 0x59, 0xCE, 0x59, 0xCE,
    0x59, 0xCE, 0x59, 0xCE, 0x59, 0xCE, 0x59, 0xCE, 0x59, 0xCE, 0x59, 0xCE, 0x59, 0xCE, 0x59, 0xCE,
    0x59, 0xCE, 0x59, 0xCE, 0xC7, 0x39, 0x1C, 0xDF, 0x1C, 0xE7, 0x3C, 0xE7, 0x5D, 0xEF, 0x7D, 0xEF,
    0x9F, 0x19, 0x9F, 0x19, 0x9F, 0x19, 0x9F, 0x19, 0x9F, 0x19, 0x9F, 0x19, 0x9F, 0x19, 0x9F, 0x19,
    0x9F, 0x19, 0x9F, 0x19, 0x9F, 0x19, 0x9F, 0x19, 0x9F, 0x19, 0x9F, 0x19, 0x9F, 0x19, 0x9F, 0x19,
    0x9F, 0x19, 0x9F, 0x19, 0x9F, 0x19, 0x9F, 0x19, 0x9F, 0x19, 0x9F, 0x19, 0x9F, 0x19, 0x9F, 0x19,
    0x9F, 0x19, 0x9F, 0x19, 0x9F, 0x19, 0x9F, 0x19, 0x9F, 0x19, 0x9F, 0x19, 0x9F, 0x19, 0x9F, 0x19,
    0x9F, 0x19, 0x9F, 0x19, 0x9F, 0x19, 0x9F, 0x19, 0x9F, 0x19, 0x9F, 0x19, 0x9F, 0x19, 0x9F, 0x19,
    0x9F, 0x19, 0x9F, 0x19, 0x9F, 0x19, 0x9F, 0x19, 0x9F, 0x19, 0x9F, 0x19, 0x9F, 0x19, 0x9F, 0x19,
    0x9F, 0x19, 0x9F, 0x19, 0x9F, 0x19, 0x9F, 0x19, 0x9F, 0x19, 0x9F, 0x19, 0x9F, 0x19, 0x9F, 0x19,
    0x9F, 0x19, 0x9F, 0x19, 0x9F, 0x19, 0x9F, 0x19, 0x9F, 0x19, 0x9F, 0x19, 0x9F, 0x19, 0x9F, 0x19,
    0x9F, 0x19, 0x9F, 0x19, 0x9F, 0x19, 0x9F, 0x19, 0x9F, 0x19, 0x9F, 0x19, 0x9F, 0x19, 0x9F, 0x19,
    0x9F, 0x19, 0x9F, 0x19, 0x9F, 0x19, 0x9F, 0x19, 0x9F, 0x19, 0x9F, 0x19, 0x9F, 0x19, 0x9F, 0x19,
    0x9F, 0x19, 0x9F, 0x19, 0x9F, 0x19, 0x9F, 0x19, 0x9F, 0x19, 0x9F, 0x19, 0x9F, 0x19, 0x9F, 0x19,
    0x9F, 0x19, 0x9F, 0x19, 0x9F, 0x19, 0x9F, 0x19, 0x9F, 0x19, 0x9F, 0x19, 0x9F, 0x19, 0x9F, 0x19,
    0x9F, 0x19, 0x9F, 0x19, 0x9F, 0x19, 0x9F, 0x19, 0x9F, 0x19, 0x9F, 0x19, 0x9F, 0x19, 0x9F, 0x19,
    0x9F, 0x19, 0x9F, 0x19, 0x9F, 0x19, 0x9F, 0x19, 0x9F, 0x19, 0x9F, 0x19, 0x9F, 0x19, 0x9F, 0x19,
    0x9F, 0x19, 0x9F, 0x19, 0x9F, 0x19, 0x9F, 0x19, 0x9F, 0x19, 0x9F, 0x19, 0x9F, 0x19, 0x9F, 0x19,
    0x9F, 0x19, 0x9F, 0x19, 0x9F, 0x19, 0x9F, 0x19, 0x9F, 0x19, 0x9F, 0x19, 0x9F, 0x19, 0x9F, 0x19,
    0x9F, 0x19, 0x9F, 0x19, 0x9F, 0x19, 0x9F, 0x19, 0x9F, 0x19, 0x9F, 0x19, 0x9F, 0x19, 0x9F, 0x19,
    0x9F, 0x19, 0x9F, 0x19, 0x9F, 0x19, 0x9F, 0x19, 0x9F, 0x19, 0x9F, 0x19, 0x9F, 0x19, 0x9F, 0x19,
    0x9F, 0x19, 0x9F, 0x19, 0xBF, 0x21, 0x1F, 0x2A, 0xFE, 0x94, 0x9E, 0xF7, 0x9E, 0xF7, 0x9E, 0xF7,
    0x9E, 0xF7, 0x9E, 0xF7, 0x9E, 0xF7, 0x24, 0x21, 0xD9, 0xDB, 0xD9, 0xDB, 0xD9, 0xDB, 0xD9, 0xDB,
    0xD9, 0xDB, 0xD9, 0xDB, 0xD9, 0xDB, 0xD9, 0xDB, 0xD9, 0xDB, 0xD9, 0xDB, 0xD9, 0xDB, 0xD9, 0xDB,
    0xD9, 0xDB, 0xD9, 0xDB, 0xD9, 0xDB, 0xD9, 0xDB, 0xD9, 0xDB, 0xF9, 0xDB, 0xFA, 0xE3, 0x3A, 0xE4,
    0x32, 0x9B, 0x24, 0x21, 0x24, 0x21, 0x24, 0x21, 0x8F, 0x82, 0xD9, 0xDB, 0xD9, 0xDB, 0x8F, 0x82,
    0x24, 0x21, 0x24, 0x21, 0x24, 0x21, 0xAF, 0x82, 0x3A, 0xE4, 0xFA, 0xDB, 0xF9, 0xDB, 0xD9, 0xDB,
    0xD9, 0xDB, 0xD9, 0xDB, 0xD9, 0xDB, 0xD9, 0xDB, 0xD9, 0xDB, 0xD9, 0xDB, 0xD9, 0xDB, 0xD9, 0xDB,
    0xD9, 0xDB, 0xD9, 0xDB, 0xD9, 0xDB, 0x24, 0x21, 0x38, 0xC6, 0x38, 0xC6, 0x59, 0xCE, 0x38, 0xC6,
    0x59, 0xCE, 0x59, 0xCE, 0x59, 0xCE, 0x59, 0xCE, 0x59, 0xCE, 0x59, 0xCE, 0x59, 0xCE, 0x59, 0xCE,
    0x59, 0xCE, 0x59, 0xCE, 0x59, 0xCE, 0x59, 0xCE, 0x59, 0xCE, 0x59, 0xCE, 0x59, 0xCE, 0x59, 0xCE,
    0x59, 0xCE, 0x59, 0xCE, 0x59, 0xCE, 0x59, 0xCE, 0x59, 0xCE, 0x59, 0xCE, 0x59, 0xCE, 0x59, 0xCE,
    0x59, 0xCE, 0x59, 0xCE, 0x59, 0xCE, 0x59, 0xCE, 0x59, 0xCE, 0x59, 0xCE, 0x59, 0xCE, 0x59, 0xCE,
    0x59, 0xCE, 0x59, 0xCE, 0x59, 0xCE, 0x59, 0xCE, 0x59, 0xCE, 0x59, 0xCE, 0x59, 0xCE, 0x59, 0xCE,
    0x59, 0xCE, 0x59, 0xCE, 0x59, 0xCE, 0x59, 0xCE, 0x59, 0xCE, 0x59, 0xCE, 0x59, 0xCE, 0x59, 0xCE,
    0x59, 0xCE, 0x59, 0xCE, 0x59, 0xCE, 0x59, 0xCE, 0x59, 0xCE, 0x59, 0xCE, 0x59, 0xCE, 0x59, 0xCE,
    0x59, 0xCE, 0x59, 0xCE, 0x59, 0xCE, 0x59, 0xCE, 0x59, 0xCE, 0x59, 0xCE, 0x59, 0xCE, 0x59, 0xCE,
    0x59, 0xCE, 0x59, 0xCE, 0x59, 0xCE, 0x59, 0xCE, 0x59, 0xCE, 0x59, 0xCE, 0x59, 0xCE, 0x59, 0xCE,
    0x59, 0xCE, 0x59, 0xCE, 0x59, 0xCE, 0x59, 0xCE, 0x59, 0xCE, 0x59, 0xCE, 0x59, 0xCE, 0x59, 0xCE,
    0x59, 0xCE, 0x59, 0xCE, 0x59, 0xCE, 0x59, 0xCE, 0x59, 0xCE, 0x59, 0xCE, 0x59, 0xCE, 0x59, 0xCE,
    0x59, 0xCE, 0x59, 0xCE, 0x59, 0xCE, 0x59, 0xCE, 0x59, 0xCE, 0x59, 0xCE, 0x59, 0xCE, 0x59, 0xCE,
    0x59, 0xCE, 0x59, 0xCE, 0x59, 0xCE, 0x59, 0xCE, 0x59, 0xCE, 0x59, 0xCE, 0x59, 0xCE, 0x59, 0xCE,
    0x59, 0xCE, 0x59, 0xCE, 0xC7, 0x39, 0x1C, 0xDF, 0x1C, 0xE7, 0x3C, 0xE7, 0x5D, 0xEF, 0x7D, 0xEF,
    0x9F, 0x19, 0x9F, 0x19, 0x9F, 0x19, 0x9F, 0x19, 0x9F, 0x19, 0x9F, 0x19, 0x9F, 0x19, 0x9F, 0x19,
    0x9F, 0x19, 0x9F, 0x19, 0x9F, 0x19, 0x9F, 0x19, 0x9F, 0x19, 0x9F, 0x19, 0x9F, 0x19, 0x9F, 0x19,
    0x9F, 0x19, 0x9F, 0x19, 0x9F, 0x19, 0x9F, 0x19, 0x9F, 0x19, 0x9F, 0x19, 0x9F, 0x19, 0x9F, 0x19,
    0x9F, 0x19, 0x9F, 0x19, 0x9F, 0x19, 0x9F, 0x19, 0x9F, 0x19, 0x9F, 0x19, 0x9F, 0x19, 0x9F, 0x19,
    0x9F, 0x19, 0x9F, 0x19, 0x9F, 0x19, 0x9F, 0x19, 0x9F, 0x19, 0x9F, 0x19, 0x9F, 0x19, 0x9F, 0x19,
    0x9F, 0x19, 0x9F, 0x19, 0x9F, 0x19, 0x9F, 0x19, 0x9F, 0x19, 0x9F, 0x19, 0x9F, 0x19, 0x9F, 0x19,
    0x9F, 0x19, 0x9F, 0x19, 0x9F, 0x19, 0x9F, 0x19, 0x9F, 0x19, 0x9F, 0x19, 0x9F, 0x19, 0x9F, 0x19,
    0x9F, 0x19, 0x9F, 0x19, 0x9F, 0x19, 0x9F, 0x19, 0x9F, 0x19, 0x9F, 0x19, 0x9F, 0x19, 0x9F, 0x19,
    0x9F, 0x19, 0x9F, 0x19, 0x9F, 0x19, 0x9F, 0x19, 0x9F, 0x19, 0x9F, 0x19, 0x9F, 0x19, 0x9F, 0x19,
    0x9F, 0x19, 0x9F, 0x19, 0x9F, 0x19, 0x9F, 0x19, 0x9F, 0x19, 0x9F, 0x19, 0x9F, 0x19, 0x9F, 0x19,
    0x9F, 0x19, 0x9F, 0x19, 0x9F, 0x19, 0x9F, 0x19, 0x9F, 0x19, 0x9F, 0x19, 0x9F, 0x19, 0x9F, 0x19,
    0x9F, 0x19, 0x9F, 0x19, 0x9F, 0x19, 0x9F, 0x19, 0x9F, 0x19, 0x9F, 0x19, 0x9F, 0x19, 0x9F, 0x19,
    0x9F, 0x19, 0x9F, 0x19, 0x9F, 0x19, 0x9F, 0x19, 0x9F, 0x19, 0x9F, 0x19, 0x9F, 0x19, 0x9F, 0x19,
    0x9F, 0x19, 0x9F, 0x19, 0x9F, 0x19, 0x9F, 0x19, 0x9F, 0x19, 0x9F, 0x19, 0x9F, 0x19, 0x9F, 0x19,
    0x9F, 0x19, 0x9F, 0x19, 0x9F, 0x19, 0x9F, 0x19, 0x9F, 0x19, 0x9F, 0x19, 0x9F, 0x19, 0x9F, 0x19,
    0x9F, 0x19, 0x9F, 0x19, 0x9F, 0x19, 0x9F, 0x19, 0x9F, 0x19, 0x9F, 0x19, 0x9F, 0x19, 0x9F, 0x19,
    0x9F, 0x19, 0x9F, 0x19, 0x9F, 0x19, 0x9F, 0x19, 0x9F, 0x19, 0x9F, 0x19, 0x9F, 0x19, 0x9F, 0x19,
    0x9F, 0x19, 0x9F, 0x19, 0x9F, 0x19, 0x9F, 0x19, 0x9F, 0x19, 0x9F, 0x19, 0x9F, 0x19, 0x9F, 0x19,
    0x9F, 0x19, 0x9F, 0x19, 0xBF, 0x21, 0x1F, 0x2A, 0xFF, 0x94, 0x9E, 0xF7, 0x9E, 0xF7, 0x9E, 0xF7,
    0x9E, 0xF7, 0x9E, 0xF7, 0xBE, 0xF7, 0x24, 0x21, 0xD9, 0xDB, 0xD9, 0xDB, 0xD9, 0xDB, 0xD9, 0xDB,
    0xD9, 0xDB, 0xD9, 0xDB, 0xD9, 0xDB, 0xD9, 0xDB, 0xD9, 0xDB, 0xD9, 0xDB, 0xD9, 0xDB, 0xD9, 0xDB,
    0xD9, 0xDB, 0xD9, 0xDB, 0xD9, 0xDB, 0xD9, 0xDB, 0xD9, 0xDB, 0xF9, 0xDB, 0xFA, 0xE3, 0x3A, 0xE4,
    0x32, 0x9B, 0x24, 0x21, 0x24, 0x21, 0x24, 0x21, 0x8F, 0x82, 0xD9, 0xDB, 0xD9, 0xDB, 0x8F, 0x82,
    0x24, 0x21, 0x24, 0x21, 0x24, 0x21, 0xCF, 0x82, 0x3A, 0xE4, 0xFA, 0xDB, 0xF9, 0xDB, 0xD9, 0xDB,
    0xD9, 0xDB, 0xD9, 0xDB, 0xD9, 0xDB, 0xD9, 0xDB, 0xD9, 0xDB, 0xD9, 0xDB, 0xD9, 0xDB, 0xD9, 0xDB,
    0xD9, 0xDB, 0xD9, 0xDB, 0xD9, 0xDB, 0x24, 0x21, 0x38, 0xC6, 0x38, 0xC6, 0x38, 0xC6, 0x38, 0xC6,
    0x59, 0xCE, 0x59, 0xCE, 0x59, 0xCE, 0x59, 0xCE, 0x59, 0xCE, 0x59, 0xCE, 0x59, 0xCE, 0x59, 0xCE,
    0x59, 0xCE, 0x59, 0xCE, 0x59, 0xCE, 0x59, 0xCE, 0x59, 0xCE, 0x59, 0xCE, 0x59, 0xCE, 0x59, 0xCE,
    0x59, 0xCE, 0x59, 0xCE, 0x59, 0xCE, 0x59, 0xCE, 0x59, 0xCE, 0x59, 0xCE, 0x59, 0xCE, 0x59, 0xCE,
    0x59, 0xCE, 0x59, 0xCE, 0x59, 0xCE, 0x59, 0xCE, 0x59, 0xCE, 0x59, 0xCE, 0x59, 0xCE, 0x59, 0xCE,
    0x59, 0xCE, 0x59, 0xCE, 0x59, 0xCE, 0x59, 0xCE, 0x59, 0xCE, 0x59, 0xCE, 0x59, 0xCE, 0x59, 0xCE,
    0x59, 0xCE, 0x59, 0xCE, 0x59, 0xCE, 0x59, 0xCE, 0x59, 0xCE, 0x59, 0xCE, 0x59, 0xCE, 0x59, 0xCE,
    0x59, 0xCE, 0x59, 0xCE, 0x59, 0xCE, 0x59, 0xCE, 0x59, 0xCE, 0x59, 0xCE, 0x59, 0xCE, 0x59, 0xCE,
    0x59, 0xCE, 0x59, 0xCE, 0x59, 0xCE, 0x59, 0xCE, 0x59, 0xCE, 0x59, 0xCE, 0x59, 0xCE, 0x59, 0xCE,
    0x59, 0xCE, 0x59, 0xCE, 0x59, 0xCE, 0x59, 0xCE, 0x59, 0xCE, 0x59, 0xCE, 0x59, 0xCE, 0x59, 0xCE,
    0x59, 0xCE, 0x59, 0xCE, 0x59, 0xCE, 0x59, 0xCE, 0x59, 0xCE, 0x59, 0xCE, 0x59, 0xCE, 0x59, 0xCE,
    0x59, 0xCE, 0x59, 0xCE, 0x59, 0xCE, 0x59, 0xCE, 0x59, 0xCE, 0x59, 0xCE, 0x59, 0xCE, 0x59, 0xCE,
    0x59, 0xCE, 0x59, 0xCE, 0x59, 0xCE, 0x59, 0xCE, 0x59, 0xCE, 0x59, 0xCE, 0x59, 0xCE, 0x59, 0xCE,
    0x59, 0xCE, 0x59, 0xCE, 0x59, 0xCE, 0x59, 0xCE, 0x59, 0xCE, 0x59, 0xCE, 0x59, 0xCE, 0x59, 0xCE,
    0x59, 0xCE, 0x59, 0xCE, 0xC7, 0x39, 0xFB, 0xDE, 0x1C, 0xE7, 0x3C, 0xE7, 0x5D, 0xEF, 0x7D, 0xEF,
    0x9F, 0x19, 0x9F, 0x19, 0x9F, 0x19, 0x9F, 0x19, 0x9F, 0x19, 0x9F, 0x19, 0x9F, 0x19, 0x9F, 0x19,
    0x9F, 0x19, 0x9F, 0x19, 0x9F, 0x19, 0x9F, 0x19, 0x9F, 0x19, 0x9F, 0x19, 0x9F, 0x19, 0x9F, 0x19,
    0x9F, 0x19, 0x9F, 0x19, 0x9F, 0x19, 0x9F, 0x19, 0x9F, 0x19, 0x9F, 0x19, 0x9F, 0x19, 0x9F, 0x19,
    0x9F, 0x19, 0x9F, 0x19, 0x9F, 0x19, 0x9F, 0x19, 0x9F, 0x19, 0x9F, 0x19, 0x9F, 0x19, 0x9F, 0x19,
    0x9F, 0x19, 0x9F, 0x19, 0x9F, 0x19, 0x9F, 0x19, 0x9F, 0x19, 0x9F, 0x19, 0x9F, 0x19, 0x9F, 0x19,
    0x9F, 0x19, 0x9F, 0x19, 0x9F, 0x19, 0x9F, 0x19, 0x9F, 0x19, 0x9F, 0x19, 0x9F, 0x19, 0x9F, 0x19,
    0x9F, 0x19, 0x9F, 0x19, 0x9F, 0x19, 0x9F, 0x19, 0x9F, 0x19, 0x9F, 0x19, 0x9F, 0x19, 0x9F, 0x19,
    0x9F, 0x19, 0x9F, 0x19, 0x9F, 0x19, 0x9F, 0x19, 0x9F, 0x19, 0x9F, 0x19, 0x9F, 0x19, 0x9F, 0x19,
    0x9F, 0x19, 0x9F, 0x19, 0x9F, 0x19, 0x9F, 0x19, 0x9F, 0x19, 0x9F, 0x19, 0x9F, 0x19, 0x9F, 0x19,
    0x9F, 0x19, 0x9F, 0x19, 0x9F, 0x19, 0x9F, 0x19, 0x9F, 0x19, 0x9F, 0x19, 0x9F, 0x19, 0x9F, 0x19,
    0x9F, 0x19, 0x9F, 0x19, 0x9F, 0x19, 0x9F, 0x19, 0x9F, 0x19, 0x9F, 0x19, 0x9F, 0x19, 0x9F, 0x19,
    0x9F, 0x19, 0x9F, 0x19, 0x9F, 0x19, 0x9F, 0x19, 0x9F, 0x19, 0x9F, 0x19, 0x9F, 0x19, 0x9F, 0x19,
    0x9F, 0x19, 0x9F, 0x19, 0x9F, 0x19, 0x9F, 0x19, 0x9F, 0x19, 0x9F, 0x19, 0x9F, 0x19, 0x9F, 0x19,
    0x9F, 0x19, 0x9F, 0x19, 0x9F, 0x19, 0x9F, 0x19, 0x9F, 0x19, 0x9F, 0x19, 0x9F, 0x19, 0x9F, 0x19,
    0x9F, 0x19, 0x9F, 0x19, 0x9F, 0x19, 0x9F, 0x19, 0x9F, 0x19, 0x9F, 0x19, 0x9F, 0x19, 0x9F, 0x19,
    0x9F, 0x19, 0x9F, 0x19, 0x9F, 0x19, 0x9F, 0x19, 0x9F, 0x19, 0x9F, 0x19, 0x9F, 0x19, 0x9F, 0x19,
    0x9F, 0x19, 0x9F, 0x19, 0x9F, 0x19, 0x9F, 0x19, 0x9F, 0x19, 0x9F, 0x19, 0x9F, 0x19, 0x9F, 0x19,
    0x9F, 0x19, 0x9F, 0x19, 0x9F, 0x19, 0x9F, 0x19, 0x9F, 0x19, 0x9F, 0x19, 0x9F, 0x19, 0x9F, 0x19,
    0x9F, 0x19, 0x9F, 0x19, 0xDF, 0x21, 0x1F, 0x2A, 0xFF, 0x94, 0x9E, 0xF7, 0x9E, 0xF7, 0x9E, 0xF7,
    0x9E, 0xF7, 0x9E, 0xF7, 0x9E, 0xF7, 0x24, 0x21, 0xD9, 0xDB, 0xD9, 0xDB, 0xD9, 0xDB, 0xD9, 0xDB,
    0xD9, 0xDB, 0xD9, 0xDB, 0xD9, 0xDB, 0xD9, 0xDB, 0xD9, 0xDB, 0xD9, 0xDB, 0xD9, 0xDB, 0xD9, 0xDB,
    0xD9, 0xDB, 0xD9, 0xDB, 0xD9, 0xDB, 0xD9, 0xDB, 0xD9, 0xDB, 0xF9, 0xDB, 0xFA, 0xE3, 0x3A, 0xE4,
    0x32, 0x9B, 0x24, 0x21, 0x24, 0x21, 0x24, 0x21, 0x8F, 0x82, 0xD9, 0xDB, 0xD9, 0xDB, 0x8F, 0x82,
    0x24, 0x21, 0x24, 0x21, 0x24, 0x21, 0xCF, 0x82, 0x3A, 0xE4, 0xFA, 0xE3, 0xD9, 0xDB, 0xD9, 0xDB,
    0xD9, 0xDB, 0xD9, 0xDB, 0xD9, 0xDB, 0xD9, 0xDB, 0xD9, 0xDB, 0xD9, 0xDB, 0xD9, 0xDB, 0xD9, 0xDB,
    0xD9, 0xDB, 0xD9, 0xDB, 0xD9, 0xDB, 0x24, 0x21, 0x38, 0xC6, 0x38, 0xC6, 0x38, 0xC6, 0x38, 0xC6,
    0x38, 0xC6, 0x59, 0xCE, 0x59, 0xCE, 0x38, 0xC6, 0x59, 0xCE, 0x59, 0xCE, 0x59, 0xCE, 0x59, 0xCE,
    0x59, 0xCE, 0x59, 0xCE, 0x59, 0xCE, 0x59, 0xCE, 0x59, 0xCE, 0x59, 0xCE, 0x59, 0xCE, 0x59, 0xCE,
    0x59, 0xCE, 0x59, 0xCE, 0x59, 0xCE, 0x59, 0xCE, 0x59, 0xCE, 0x59, 0xCE, 0x59, 0xCE, 0x59, 0xCE,
    0x59, 0xCE, 0x59, 0xCE, 0x59, 0xCE, 0x59, 0xCE, 0x59, 0xCE, 0x59, 0xCE, 0x59, 0xCE, 0x59, 0xCE,
    0x59, 0xCE, 0x59, 0xCE, 0x59, 0xCE, 0x59, 0xCE, 0x59, 0xCE, 0x59, 0xCE, 0x59, 0xCE, 0x59, 0xCE,
    0x59, 0xCE, 0x59, 0xCE, 0x59, 0xCE, 0x59, 0xCE, 0x59, 0xCE, 0x59, 0xCE, 0x59, 0xCE, 0x59, 0xCE,
    0x59, 0xCE, 0x59, 0xCE, 0x59, 0xCE, 0x59, 0xCE, 0x59, 0xCE, 0x59, 0xCE, 0x59, 0xCE, 0x59, 0xCE,
    0x59, 0xCE, 0x59, 0xCE, 0x59, 0xCE, 0x59, 0xCE, 0x59, 0xCE, 0x59, 0xCE, 0x59, 0xCE, 0x59, 0xCE,
    0x59, 0xCE, 0x59, 0xCE, 0x59, 0xCE, 0x59, 0xCE, 0x59, 0xCE, 0x59, 0xCE, 0x59, 0xCE, 0x59, 0xCE,
    0x59, 0xCE, 0x59, 0xCE, 0x59, 0xCE, 0x59, 0xCE, 0x59, 0xCE, 0x59, 0xCE, 0x59, 0xCE, 0x59, 0xCE,
    0x59, 0xCE, 0x59, 0xCE, 0x59, 0xCE, 0x59, 0xCE, 0x59, 0xCE, 0x59, 0xCE, 0x59, 0xCE, 0x59, 0xCE,
    0x59, 0xCE, 0x59, 0xCE, 0x59, 0xCE, 0x59, 0xCE, 0x59, 0xCE, 0x59, 0xCE, 0x59, 0xCE, 0x59, 0xCE,
    0x59, 0xCE, 0x59, 0xCE, 0x59, 0xCE, 0x59, 0xCE, 0x59, 0xCE, 0x59, 0xCE, 0x59, 0xCE, 0x59, 0xCE,
    0x59, 0xCE, 0x59, 0xCE, 0xC7, 0x39, 0xFB, 0xDE, 0x1C, 0xE7, 0x3C, 0xE7, 0x5D, 0xEF, 0x7D, 0xEF,
    0x9F, 0x19, 0x9F, 0x19, 0x9F, 0x19, 0x9F, 0x19, 0x9F, 0x19, 0x9F, 0x19, 0x9F, 0x19, 0x9F, 0x19,
    0x9F, 0x19, 0x9F, 0x19, 0x9F, 0x19, 0x9F, 0x19, 0x9F, 0x19, 0x9F, 0x19, 0x9F, 0x19, 0x9F, 0x19,
    0x9F, 0x19, 0x9F, 0x19, 0x9F, 0x19, 0x9F, 0x19, 0x9F, 0x19, 0x9F, 0x19, 0x9F, 0x19, 0x9F, 0x19,
    0x9F, 0x19, 0x9F, 0x19, 0x9F, 0x19, 0x9F, 0x19, 0x9F, 0x19, 0x9F, 0x19, 0x9F, 0x19, 0x9F, 0x19,
    0x9F, 0x19, 0x9F, 0x19, 0x9F, 0x19, 0x9F, 0x19, 0x9F, 0x19, 0x9F, 0x19, 0x9F, 0x19, 0x9F, 0x19,
    0x9F, 0x19, 0x9F, 0x19, 0x9F, 0x19, 0x9F, 0x19, 0x9F, 0x19, 0x9F, 0x19, 0x9F, 0x19, 0x9F, 0x19,
    0x9F, 0x19, 0x9F, 0x19, 0x9F, 0x19, 0x9F, 0x19, 0x9F, 0x19, 0x9F, 0x19, 0x9F, 0x19, 0x9F, 0x19,
    0x9F, 0x19, 0x9F, 0x19, 0x9F, 0x19, 0x9F, 0x19, 0x9F, 0x19, 0x9F, 0x19, 0x9F, 0x19, 0x9F, 0x19,
    0x9F, 0x19, 0x9F, 0x19, 0x9F, 0x19, 0x9F, 0x19, 0x9F, 0x19, 0x9F, 0x19, 0x9F, 0x19, 0x9F, 0x19,
    0x9F, 0x19, 0x9F, 0x19, 0x9F, 0x19, 0x9F, 0x19, 0x9F, 0x19, 0x9F, 0x19, 0x9F, 0x19, 0x9F, 0x19,
    0x9F, 0x19, 0x9F, 0x19, 0x9F, 0x19, 0x9F, 0x19, 0x9F, 0x19, 0x9F, 0x19, 0x9F, 0x19, 0x9F, 0x19,
    0x9F, 0x19, 0x9F, 0x19, 0x9F, 0x19, 0x9F, 0x19, 0x9F, 0x19, 0x9F, 0x19, 0x9F, 0x19, 0x9F, 0x19,
    0x9F, 0x19, 0x9F, 0x19, 0x9F, 0x19, 0x9F, 0x19, 0x9F, 0x19, 0x9F, 0x19, 0x9F, 0x19, 0x9F, 0x19,
    0x9F, 0x19, 0x9F, 0x19, 0x9F, 0x19, 0x9F, 0x19, 0x9F, 0x19, 0x9F, 0x19, 0x9F, 0x19, 0x9F, 0x19,
    0x9F, 0x19, 0x9F, 0x19, 0x9F, 0x19, 0x9F, 0x19, 0x9F, 0x19, 0x9F, 0x19, 0x9F, 0x19, 0x9F, 0x19,
    0x9F, 0x19, 0x9F, 0x19, 0x9F, 0x19, 0x9F, 0x19, 0x9F, 0x19, 0x9F, 0x19, 0x9F, 0x19, 0x9F, 0x19,
    0x9F, 0x19, 0x9F, 0x19, 0x9F, 0x19, 0x9F, 0x19, 0x9F, 0x19, 0x9F, 0x19, 0x9F, 0x19, 0x9F, 0x19,
    0x9F, 0x19, 0x9F, 0x19, 0x9F, 0x19, 0x9F, 0x19, 0x9F, 0x19, 0x9F, 0x19, 0x9F, 0x19, 0x9F, 0x19,
    0x9F, 0x19, 0x9F, 0x19, 0xDF, 0x21, 0x1F, 0x2A, 0xFF, 0x94, 0x9E, 0xF7, 0x9E, 0xF7, 0x9E, 0xF7,
    0x9E, 0xF7, 0x9E, 0xF7, 0x9E, 0xF7, 0x24, 0x21, 0xD9, 0xDB, 0xD9, 0xDB, 0xD9, 0xDB, 0xD9, 0xDB,
    0xD9, 0xDB, 0xD9, 0xDB, 0xD9, 0xDB, 0xD9, 0xDB, 0xD9, 0xDB, 0xD9, 0xDB, 0xD9, 0xDB, 0xD9, 0xDB,
    0xD9, 0xDB, 0xD9, 0xDB, 0xD9, 0xDB, 0xD9, 0xDB, 0xD9, 0xDB, 0xD9, 0xDB, 0xFA, 0xDB, 0x3A, 0xE4,
    0x32, 0x9B, 0x24, 0x21, 0x24, 0x21, 0x24, 0x21, 0x8F, 0x82, 0xD9, 0xDB, 0xD9, 0xDB, 0x8F, 0x82,
    0x24, 0x21, 0x24, 0x21, 0x24, 0x21, 0xCF, 0x82, 0x3A, 0xE4, 0xFA, 0xDB, 0xF9, 0xDB, 0xD9, 0xDB,
    0xD9, 0xDB, 0xD9, 0xDB, 0xD9, 0xDB, 0xD9, 0xDB, 0xD9, 0xDB, 0xD9, 0xDB, 0xD9, 0xDB, 0xD9, 0xDB,
    0xD9, 0xDB, 0xD9, 0xDB, 0xD9, 0xDB, 0x24, 0x21, 0x38, 0xC6, 0x38, 0xC6, 0x38, 0xC6, 0x38, 0xC6,
    0x38, 0xC6, 0x38, 0xC6, 0x38, 0xC6, 0x59, 0xCE, 0x59, 0xCE, 0x59, 0xCE, 0x59, 0xCE, 0x59, 0xCE,
    0x59, 0xCE, 0x59, 0xCE, 0x59, 0xCE, 0x59, 0xCE, 0x59, 0xCE, 0x59, 0xCE, 0x59, 0xCE, 0x59, 0xCE,
    0x59, 0xCE, 0x59, 0xCE, 0x59, 0xCE, 0x59, 0xCE, 0x59, 0xCE, 0x59, 0xCE, 0x59, 0xCE, 0x59, 0xCE,
    0x59, 0xCE, 0x59, 0xCE, 0x59, 0xCE, 0x59, 0xCE, 0x59, 0xCE, 0x59, 0xCE, 0x59, 0xCE, 0x59, 0xCE,
    0x59, 0xCE, 0x59, 0xCE, 0x59, 0xCE, 0x59, 0xCE, 0x59, 0xCE, 0x59, 0xCE, 0x59, 0xCE, 0x59, 0xCE,
    0x59, 0xCE, 0x59, 0xCE, 0x59, 0xCE, 0x59, 0xCE, 0x59, 0xCE, 0x59, 0xCE, 0x59, 0xCE, 0x59, 0xCE,
    0x59, 0xCE, 0x59, 0xCE, 0x59, 0xCE, 0x59, 0xCE, 0x59, 0xCE, 0x59, 0xCE, 0x59, 0xCE, 0x59, 0xCE,
    0x59, 0xCE, 0x59, 0xCE, 0x59, 0xCE, 0x59, 0xCE, 0x59, 0xCE, 0x59, 0xCE, 0x59, 0xCE, 0x59, 0xCE,
    0x59, 0xCE, 0x59, 0xCE, 0x59, 0xCE, 0x59, 0xCE, 0x59, 0xCE, 0x59, 0xCE, 0x59, 0xCE, 0x59, 0xCE,
    0x59, 0xCE, 0x59, 0xCE, 0x59, 0xCE, 0x59, 0xCE, 0x59, 0xCE, 0x59, 0xCE, 0x59, 0xCE, 0x59, 0xCE,
    0x59, 0xCE, 0x59, 0xCE, 0x59, 0xCE, 0x59, 0xCE, 0x59, 0xCE, 0x59, 0xCE, 0x59, 0xCE, 0x59, 0xCE,
    0x59, 0xCE, 0x59, 0xCE, 0x59, 0xCE, 0x59, 0xCE, 0x59, 0xCE, 0x59, 0xCE, 0x59, 0xCE, 0x59, 0xCE,
    0x59, 0xCE, 0x59, 0xCE, 0x59, 0xCE, 0x59, 0xCE, 0x59, 0xCE, 0x59, 0xCE, 0x59, 0xCE, 0x59, 0xCE,
    0x59, 0xCE, 0x59, 0xCE, 0xC7, 0x39, 0x1C, 0xDF, 0x1C, 0xE7, 0x3C, 0xE7, 0x5D, 0xEF, 0x7D, 0xEF,
    0x9F, 0x19, 0x9F, 0x19, 0x9F, 0x19, 0x9F, 0x19, 0x9F, 0x19, 0x9F, 0x19, 0x9F, 0x19, 0x9F, 0x19,
    0x9F, 0x19, 0x9F, 0x19, 0x9F, 0x19, 0x9F, 0x19, 0x9F, 0x19, 0x9F, 0x19, 0x9F, 0x19, 0x9F, 0x19,
    0x9F, 0x19, 0x9F, 0x19, 0x9F, 0x19, 0x9F, 0x19, 0x9F, 0x19, 0x9F, 0x19, 0x9F, 0x19, 0x9F, 0x19,
    0x9F, 0x19, 0x9F, 0x19, 0x9F, 0x19, 0x9F, 0x19, 0x9F, 0x19, 0x9F, 0x19, 0x9F, 0x19, 0x9F, 0x19,
    0x9F, 0x19, 0x9F, 0x19, 0x9F, 0x19, 0x9F, 0x19, 0x9F, 0x19, 0x9F, 0x19, 0x9F, 0x19, 0x9F, 0x19,
    0x9F, 0x19, 0x9F, 0x19, 0x9F, 0x19, 0x9F, 0x19, 0x9F, 0x19, 0x9F, 0x19, 0x9F, 0x19, 0x9F, 0x19,
    0x9F, 0x19, 0x9F, 0x19, 0x9F, 0x19, 0x9F, 0x19, 0x9F, 0x19, 0x9F, 0x19, 0x9F, 0x19, 0x9F, 0x19,
    0x9F, 0x19, 0x9F, 0x19, 0x9F, 0x19, 0x9F, 0x19, 0x9F, 0x19, 0x9F, 0x19, 0x9F, 0x19, 0x9F, 0x19,
    0x9F, 0x19, 0x9F, 0x19, 0x9F, 0x19, 0x9F, 0x19, 0x9F, 0x19, 0x9F, 0x19, 0x9F, 0x19, 0x9F, 0x19,
    0x9F, 0x19, 0x9F, 0x19, 0x9F, 0x19, 0x9F, 0x19, 0x9F, 0x19, 0x9F, 0x19, 0x9F, 0x19, 0x9F, 0x19,
    0x9F, 0x19, 0x9F, 0x19, 0x9F, 0x19, 0x9F, 0x19, 0x9F, 0x19, 0x9F, 0x19, 0x9F, 0x19, 0x9F, 0x19,
    0x9F, 0x19, 0x9F, 0x19, 0x9F, 0x19, 0x9F, 0x19, 0x9F, 0x19, 0x9F, 0x19, 0x9F, 0x19, 0x9F, 0x19,
    0x9F, 0x19, 0x9F, 0x19, 0x9F, 0x19, 0x9F, 0x19, 0x9F, 0x19, 0x9F, 0x19, 0x9F, 0x19, 0x9F, 0x19,
    0x9F, 0x19, 0x9F, 0x19, 0x9F, 0x19, 0x9F, 0x19, 0x9F, 0x19, 0x9F, 0x19, 0x9F, 0x19, 0x9F, 0x19,
    0x9F, 0x19, 0x9F, 0x19, 0x9F, 0x19, 0x9F, 0x19, 0x9F, 0x19, 0x9F, 0x19, 0x9F, 0x19, 0x9F, 0x19,
    0x9F, 0x19, 0x9F, 0x19, 0x9F, 0x19, 0x9F, 0x19, 0x9F, 0x19, 0x9F, 0x19, 0x9F, 0x19, 0x9F, 0x19,
    0x9F, 0x19, 0x9F, 0x19, 0x9F, 0x19, 0x9F, 0x19, 0x9F, 0x19, 0x9F, 0x19, 0x9F, 0x19, 0x9F, 0x19,
    0x9F, 0x19, 0x9F, 0x19, 0x9F, 0x19, 0x9F, 0x19, 0x9F, 0x19, 0x9F, 0x19, 0x9F, 0x19, 0x9F, 0x19,
    0x9F, 0x19, 0x9F, 0x19, 0xBF, 0x21, 0x1F, 0x2A, 0xFF, 0x94, 0x9E, 0xF7, 0x9E, 0xF7, 0x9E, 0xF7,
    0x9E, 0xF7, 0x9E, 0xF7, 0x9E, 0xF7, 0x24, 0x21, 0xD9, 0xDB, 0xD9, 0xDB, 0xD9, 0xDB, 0xD9, 0xDB,
    0xD9, 0xDB, 0xD9, 0xDB, 0xD9, 0xDB, 0xD9, 0xDB, 0xD9, 0xDB, 0xD9, 0xDB, 0xD9, 0xDB, 0xD9, 0xDB,
    0xD9, 0xDB, 0xD9, 0xDB, 0xD9, 0xDB, 0xD9, 0xDB, 0xD9, 0xDB, 0xF9, 0xDB, 0xFA, 0xE3, 0x3A, 0xE4,
    0x32, 0x9B, 0x24, 0x21, 0x24, 0x21, 0x24, 0x21, 0x8F, 0x82, 0xD9, 0xDB, 0xD9, 0xDB, 0x8F, 0x82,
    0x24, 0x21, 0x24, 0x21, 0x24, 0x21, 0xCF, 0x82, 0x3A, 0xE4, 0xFA, 0xE3, 0xF9, 0xDB, 0xD9, 0xDB,
    0xD9, 0xDB, 0xD9, 0xDB, 0xD9, 0xDB, 0xD9, 0xDB, 0xD9, 0xDB, 0xD9, 0xDB, 0xD9, 0xDB, 0xD9, 0xDB,
    0xD9, 0xDB, 0xD9, 0xDB, 0xD9, 0xDB, 0x24, 0x21, 0x38, 0xC6, 0x38, 0xC6, 0x38, 0xC6, 0x38, 0xC6,
    0x38, 0xC6, 0x38, 0xC6, 0x38, 0xC6, 0x34, 0xA5, 0xEF, 0x7B, 0xCF, 0x7B, 0xAE, 0x73, 0xAE, 0x73,
    0xAE, 0x73, 0xCF, 0x7B, 0xAE, 0x73, 0xCF, 0x7B, 0xCF, 0x7B, 0xCF, 0x7B, 0xCF, 0x7B, 0xCF, 0x7B,
    0xCF, 0x7B, 0xCF, 0x7B, 0xCF, 0x7B, 0xAE, 0x73, 0xAE, 0x73, 0xCF, 0x7B, 0xCF, 0x7B, 0xCF, 0x7B,
    0xCF, 0x7B, 0xAE, 0x73, 0xCF, 0x7B, 0xCF, 0x7B, 0xAE, 0x73, 0xCF, 0x7B, 0xCF, 0x7B, 0xAE, 0x73,
    0xCF, 0x7B, 0xAE, 0x73, 0xCF, 0x7B, 0xCF, 0x7B, 0xCF, 0x7B, 0xAE, 0x73, 0xCF, 0x7B, 0xCF, 0x7B,
    0xCF, 0x7B, 0xCF, 0x7B, 0xCF, 0x7B, 0xAE, 0x73, 0xCF, 0x7B, 0xCF, 0x7B, 0xCF, 0x7B, 0xCF, 0x7B,
    0xCF, 0x7B, 0xCF, 0x7B, 0xCF, 0x7B, 0xCF, 0x7B, 0xAE, 0x73, 0xCF, 0x7B, 0xCF, 0x7B, 0xAE, 0x73,
    0xCF, 0x7B, 0xCF, 0x7B, 0xCF, 0x7B, 0xCF, 0x7B, 0xCF, 0x7B, 0xCF, 0x7B, 0xCF, 0x7B, 0xAE, 0x73,
    0xCF, 0x7B, 0xAE, 0x73, 0xCF, 0x7B, 0xCF, 0x7B, 0xAF, 0x73, 0xCF, 0x7B, 0xCF, 0x7B, 0xAE, 0x73,
    0xAE, 0x73, 0xCF, 0x7B, 0xAE, 0x73, 0xCF, 0x7B, 0xCF, 0x7B, 0xCF, 0x7B, 0xAE, 0x73, 0xCF, 0x7B,
    0xCF, 0x7B, 0xCF, 0x7B, 0xCF, 0x7B, 0xCF, 0x7B, 0xAE, 0x73, 0xCF, 0x7B, 0xCF, 0x7B, 0xAE, 0x73,
    0xCF, 0x7B, 0xCF, 0x7B, 0xCF, 0x7B, 0xAE, 0x73, 0xAE, 0x73, 0xCF, 0x7B, 0xAE, 0x73, 0xCF, 0x7B,
    0xAE, 0x73, 0xCF, 0x7B, 0x34, 0xA5, 0x59, 0xCE, 0x59, 0xCE, 0x59, 0xCE, 0x59, 0xCE, 0x59, 0xCE,
    0x59, 0xCE, 0x59, 0xCE, 0xC7, 0x39, 0xFB, 0xDE, 0x1C, 0xE7, 0x3C, 0xE7, 0x5D, 0xEF, 0x7D, 0xEF,
    0x9F, 0x19, 0x9F, 0x19, 0x9F, 0x19, 0x9F, 0x19, 0x9F, 0x19, 0x9F, 0x19, 0x9F, 0x19, 0x9F, 0x19,
    0x9F, 0x19, 0x9F, 0x19, 0x9F, 0x19, 0x9F, 0x19, 0x9F, 0x19, 0x9F, 0x19, 0x9F, 0x19, 0x9F, 0x19,
    0x9F, 0x19, 0x9F, 0x19, 0x9F, 0x19, 0x9F, 0x19, 0x9F, 0x19, 0x9F, 0x19, 0x9F, 0x19, 0x9F, 0x19,
    0x9F, 0x19, 0x9F, 0x19, 0x9F, 0x19, 0x9F, 0x19, 0x9F, 0x19, 0x9F, 0x19, 0x9F, 0x19, 0x9F, 0x19,
    0x9F, 0x19, 0x9F, 0x19, 0x9F, 0x19, 0x9F, 0x19, 0x9F, 0x19, 0x9F, 0x19, 0x9F, 0x19, 0x9F, 0x19,
    0x9F, 0x19, 0x9F, 0x19, 0x9F, 0x19, 0x9F, 0x19, 0x9F, 0x19, 0x9F, 0x19, 0x9F, 0x19, 0x9F, 0x19,
    0x9F, 0x19, 0x9F, 0x19, 0x9F, 0x19, 0x9F, 0x19, 0x9F, 0x19, 0x9F, 0x19, 0x9F, 0x19, 0x9F, 0x19,
    0x9F, 0x19, 0x9F, 0x19, 0x9F, 0x19, 0x9F, 0x19, 0x9F, 0x19, 0x9F, 0x19, 0x9F, 0x19, 0x9F, 0x19,
    0x9F, 0x19, 0x9F, 0x19, 0x9F, 0x19, 0x9F, 0x19, 0x9F, 0x19, 0x9F, 0x19, 0x9F, 0x19, 0x9F, 0x19,
    0x9F, 0x19, 0x9F, 0x19, 0x9F, 0x19, 0x9F, 0x19, 0x9F, 0x19, 0x9F, 0x19, 0x9F, 0x19, 0x9F, 0x19,
    0x9F, 0x19, 0x9F, 0x19, 0x9F, 0x19, 0x9F, 0x19, 0x9F, 0x19, 0x9F, 0x19, 0x9F, 0x19, 0x9F, 0x19,
    0x9F, 0x19, 0x9F, 0x19, 0x9F, 0x19, 0x9F, 0x19, 0x9F, 0x19, 0x9F, 0x19, 0x9F, 0x19, 0x9F, 0x19,
    0x9F, 0x19, 0x9F, 0x19, 0x9F, 0x19, 0x9F, 0x19, 0x9F, 0x19, 0x9F, 0x19, 0x9F, 0x19, 0x9F, 0x19,
    0x9F, 0x19, 0x9F, 0x19, 0x9F, 0x19, 0x9F, 0x19, 0x9F, 0x19, 0x9F, 0x19, 0x9F, 0x19, 0x9F, 0x19,
    0x9F, 0x19, 0x9F, 0x19, 0x9F, 0x19, 0x9F, 0x19, 0x9F, 0x19, 0x9F, 0x19, 0x9F, 0x19, 0x9F, 0x19,
    0x9F, 0x19, 0x9F, 0x19, 0x9F, 0x19, 0x9F, 0x19, 0x9F, 0x19, 0x9F, 0x19, 0x9F, 0x19, 0x9F, 0x19,
    0x9F, 0x19, 0x9F, 0x19, 0x9F, 0x19, 0x9F, 0x19, 0x9F, 0x19, 0x9F, 0x19, 0x9F, 0x19, 0x9F, 0x19,
    0x9F, 0x19, 0x9F, 0x19, 0x9F, 0x19, 0x9F, 0x19, 0x9F, 0x19, 0x9F, 0x19, 0x9F, 0x19, 0x9F, 0x19,
    0x9F, 0x19, 0x9F, 0x19, 0xBF, 0x19, 0x1F, 0x2A, 0xFF, 0x94, 0x9E, 0xF7, 0x9E, 0xF7, 0x9E, 0xF7,
    0x9E, 0xF7, 0x9E, 0xF7, 0x9E, 0xF7, 0x24, 0x21, 0xD9, 0xDB, 0xD9, 0xDB, 0xD9, 0xDB, 0xD9, 0xDB,
    0xD9, 0xDB, 0xD9, 0xDB, 0xD9, 0xDB, 0xD9, 0xDB, 0xD9, 0xDB, 0xD9, 0xDB, 0xD9, 0xDB, 0xD9, 0xDB,
    0xD9, 0xDB, 0xD9, 0xDB, 0xD9, 0xDB, 0xD9, 0xDB, 0xD9, 0xDB, 0xF9, 0xDB, 0xFA, 0xDB, 0x1A, 0xE4,
    0x32, 0x9B, 0x24, 0x21, 0x24, 0x21, 0x24, 0x21, 0x8F, 0x82, 0xD9, 0xDB, 0xD9, 0xDB, 0x8F, 0x82,
    0x24, 0x21, 0x24, 0x21, 0x24, 0x21, 0xCF, 0x82, 0x3A, 0xE4, 0x1A, 0xE4, 0xF9, 0xDB, 0xD9, 0xDB,
    0xD9, 0xDB, 0xD9, 0xDB, 0xD9, 0xDB, 0xD9, 0xDB, 0xD9, 0xDB, 0xD9, 0xDB, 0xD9, 0xDB, 0xD9, 0xDB,
    0xD9, 0xDB, 0xD9, 0xDB, 0xD9, 0xDB, 0x24, 0x21, 0x38, 0xC6, 0x38, 0xC6, 0x38, 0xC6, 0x38, 0xC6,
    0x38, 0xC6, 0x38, 0xC6, 0x38, 0xC6, 0xAE, 0x73, 0xAE, 0x73, 0xAE, 0x73, 0xAE, 0x73, 0xAE, 0x73,
    0xAE, 0x73, 0xCF, 0x7B, 0xAE, 0x73, 0xCF, 0x7B, 0xCF, 0x7B, 0xCF, 0x7B, 0xCF, 0x7B, 0xAE, 0x73,
    0xCF, 0x7B, 0xAE, 0x73, 0xAE, 0x73, 0xAE, 0x73, 0xAE, 0x73, 0xCF, 0x7B, 0xAE, 0x73, 0xAE, 0x73,
    0xCF, 0x7B, 0xCF, 0x7B, 0xAE, 0x73, 0xAE, 0x73, 0xCF, 0x7B, 0xCF, 0x7B, 0xAE, 0x73, 0xCF, 0x7B,
    0xAE, 0x73, 0xCF, 0x7B, 0xCF, 0x7B, 0xCF, 0x7B, 0xCF, 0x7B, 0xAE, 0x73, 0xCF, 0x7B, 0xCF, 0x7B,
    0xAE, 0x73, 0xCF, 0x7B, 0xAE, 0x73, 0xAE, 0x73, 0xAE, 0x73, 0xCF, 0x7B, 0xCF, 0x7B, 0xCF, 0x7B,
    0xAE, 0x73, 0xCF, 0x7B, 0xAE, 0x73, 0xCF, 0x7B, 0xCF, 0x7B, 0xCF, 0x7B, 0xAE, 0x73, 0xCF, 0x7B,
    0xCF, 0x7B, 0xAE, 0x73, 0xCF, 0x7B, 0xCF, 0x7B, 0xCF, 0x7B, 0xAE, 0x73, 0xCF, 0x7B, 0xCF, 0x7B,
    0xCF, 0x7B, 0xCF, 0x7B, 0xCF, 0x7B, 0xCF, 0x7B, 0xCF, 0x7B, 0xCF, 0x7B, 0xCF, 0x7B, 0xAE, 0x73,
    0xCF, 0x7B, 0xCF, 0x7B, 0xAE, 0x73, 0xCF, 0x7B, 0xCF, 0x7B, 0xAE, 0x73, 0xCF, 0x7B, 0xAE, 0x73,
    0xCF, 0x7B, 0xAE, 0x73, 0xCF, 0x7B, 0xCF, 0x7B, 0xCF, 0x7B, 0xAE, 0x73, 0xCF, 0x7B, 0xCF, 0x7B,
    0xCF, 0x7B, 0xCF, 0x7B, 0xAE, 0x73, 0xCF, 0x7B, 0xCF, 0x7B, 0xCF, 0x7B, 0xCF, 0x7B, 0xAE, 0x73,
    0xCF, 0x7B, 0xAE, 0x73, 0xEF, 0x7B, 0x59, 0xCE, 0x38, 0xC6, 0x59, 0xCE, 0x59, 0xCE, 0x59, 0xCE,
    0x59, 0xCE, 0x59, 0xCE, 0xC7, 0x39, 0xFB, 0xDE, 0x1C, 0xE7, 0x3C, 0xE7, 0x5D, 0xEF, 0x7D, 0xEF,
    0x9F, 0x19, 0x9F, 0x19, 0x9F, 0x19, 0x9F, 0x19, 0x9F, 0x19, 0x9F, 0x19, 0x9F, 0x19, 0x9F, 0x19,
    0x9F, 0x19, 0x9F, 0x19, 0x9F, 0x19, 0x9F, 0x19, 0x9F, 0x19, 0x9F, 0x19, 0x9F, 0x19, 0x9F, 0x19,
    0x9F, 0x19, 0x9F, 0x19, 0x9F, 0x19, 0x9F, 0x19, 0x9F, 0x19, 0x9F, 0x19, 0x9F, 0x19, 0x9F, 0x19,
    0x9F, 0x19, 0x9F, 0x19, 0x9F, 0x19, 0x9F, 0x19, 0x9F, 0x19, 0x9F, 0x19, 0x9F, 0x19, 0x9F, 0x19,
    0x9F, 0x19, 0x9F, 0x19, 0x9F, 0x19, 0x9F, 0x19, 0x9F, 0x19, 0x9F, 0x19, 0x9F, 0x19, 0x9F, 0x19,
    0x9F, 0x19, 0x9F, 0x19, 0x9F, 0x19, 0x9F, 0x19, 0x9F, 0x19, 0x9F, 0x19, 0x9F, 0x19, 0x9F, 0x19,
    0x9F, 0x19, 0x9F, 0x19, 0x9F, 0x19, 0x9F, 0x19, 0x9F, 0x19, 0x9F, 0x19, 0x9F, 0x19, 0x9F, 0x19,
    0x9F, 0x19, 0x9F, 0x19, 0x9F, 0x19, 0x9F, 0x19, 0x9F, 0x19, 0x9F, 0x19, 0x9F, 0x19, 0x9F, 0x19,
    0x9F, 0x19, 0x9F, 0x19, 0x9F, 0x19, 0x9F, 0x19, 0x9F, 0x19, 0x9F, 0x19, 0x9F, 0x19, 0x9F, 0x19,
    0x9F, 0x19, 0x9F, 0x19, 0x9F, 0x19, 0x9F, 0x19, 0x9F, 0x19, 0x9F, 0x19, 0x9F, 0x19, 0x9F, 0x19,
    0x9F, 0x19, 0x9F, 0x19, 0x9F, 0x19, 0x9F, 0x19, 0x9F, 0x19, 0x9F, 0x19, 0x9F, 0x19, 0x9F, 0x19,
    0x9F, 0x19, 0x9F, 0x19, 0x9F, 0x19, 0x9F, 0x19, 0x9F, 0x19, 0x9F, 0x19, 0x9F, 0x19, 0x9F, 0x19,
    0x9F, 0x19, 0x9F, 0x19, 0x9F, 0x19, 0x9F, 0x19, 0x9F, 0x19, 0x9F, 0x19, 0x9F, 0x19, 0x9F, 0x19,
    0x9F, 0x19, 0x9F, 0x19, 0x9F, 0x19, 0x9F, 0x19, 0x9F, 0x19, 0x9F, 0x19, 0x9F, 0x19, 0x9F, 0x19,
    0x9F, 0x19, 0x9F, 0x19, 0x9F, 0x19, 0x9F, 0x19, 0x9F, 0x19, 0x9F, 0x19, 0x9F, 0x19, 0x9F, 0x19,
    0x9F, 0x19, 0x9F, 0x19, 0x9F, 0x19, 0x9F, 0x19, 0x9F, 0x19, 0x9F, 0x19, 0x9F, 0x19, 0x9F, 0x19,
    0x9F, 0x19, 0x9F, 0x19, 0x9F, 0x19, 0x9F, 0x19, 0x9F, 0x19, 0x9F, 0x19, 0x9F, 0x19, 0x9F, 0x19,
    0x9F, 0x19, 0x9F, 0x19, 0x9F, 0x19, 0x9F, 0x19, 0x9F, 0x19, 0x9F, 0x19, 0x9F, 0x19, 0x9F, 0x19,
    0x9F, 0x19, 0x9F, 0x19, 0xDF, 0x21, 0x1F, 0x2A, 0xFF, 0x94, 0x9E, 0xF7, 0x9E, 0xF7, 0x9E, 0xF7,
    0x9E, 0xF7, 0x9E, 0xF7, 0x9E, 0xF7, 0x24, 0x21, 0xD9, 0xDB, 0xD9, 0xDB, 0xD9, 0xDB, 0xD9, 0xDB,
    0xD9, 0xDB, 0xD9, 0xDB, 0xD9, 0xDB, 0xD9, 0xDB, 0xD9, 0xDB, 0xD9, 0xDB, 0xD9, 0xDB, 0xD9, 0xDB,
    0xD9, 0xDB, 0xD9, 0xDB, 0xD9, 0xDB, 0xD9, 0xDB, 0xD9, 0xDB, 0xF9, 0xDB, 0xFA, 0xE3, 0x3A, 0xE4,
    0x32, 0x9B, 0x24, 0x21, 0x24, 0x21, 0x24, 0x21, 0x8F, 0x82, 0xD9, 0xDB, 0xD9, 0xDB, 0x8F, 0x82,
    0x24, 0x21, 0x24, 0x21, 0x24, 0x21, 0xCF, 0x82, 0x3A, 0xE4, 0xFA, 0xDB, 0xF9, 0xDB, 0xD9, 0xDB,
    0xD9, 0xDB, 0xD9, 0xDB, 0xD9, 0xDB, 0xD9, 0xDB, 0xD9, 0xDB, 0xD9, 0xDB, 0xD9, 0xDB, 0xD9, 0xDB,
    0xD9, 0xDB, 0xD9, 0xDB, 0xD9, 0xDB, 0x24, 0x21, 0x38, 0xC6, 0x38, 0xC6, 0x38, 0xC6, 0x38, 0xC6,
    0x38, 0xC6, 0x38, 0xC6, 0x59, 0xCE, 0xAE, 0x73, 0xAE, 0x73, 0xAE, 0x73, 0xAE, 0x73, 0xAE, 0x73,
    0xCF, 0x7B, 0xCF, 0x7B, 0xCF, 0x7B, 0xAE, 0x73, 0xAE, 0x73, 0xCF, 0x7B, 0xCF, 0x7B, 0xCF, 0x7B,
    0xCF, 0x7B, 0xCF, 0x7B, 0xCF, 0x7B, 0xCF, 0x7B, 0xCF, 0x7B, 0xCF, 0x7B, 0xAE, 0x73, 0xCF, 0x7B,
    0xAE, 0x73, 0xCF, 0x7B, 0xCF, 0x7B, 0xCF, 0x7B, 0xCF, 0x7B, 0xAE, 0x73, 0xCF, 0x7B, 0xCF, 0x7B,
    0xCF, 0x7B, 0xCF, 0x7B, 0xCF, 0x7B, 0xCF, 0x7B, 0xCF, 0x7B, 0xAE, 0x73, 0xCF, 0x7B, 0xAE, 0x73,
    0xCF, 0x7B, 0xCF, 0x7B, 0xAE, 0x73, 0xAE, 0x73, 0xCF, 0x7B, 0xCF, 0x7B, 0xAE, 0x73, 0xCF, 0x7B,
    0xCF, 0x7B, 0xCF, 0x7B, 0xCF, 0x7B, 0xAE, 0x73, 0xCF, 0x7B, 0xAE, 0x73, 0xAE, 0x73, 0xAE, 0x73,
    0xCF, 0x7B, 0xAE, 0x73, 0xCF, 0x7B, 0xAE, 0x73, 0xCF, 0x7B, 0xCF, 0x7B, 0xCF, 0x7B, 0xAE, 0x73,
    0xAE, 0x73, 0xAE, 0x73, 0xCF, 0x7B, 0xCF, 0x7B, 0xAE, 0x73, 0xCF, 0x7B, 0xAE, 0x73, 0xCF, 0x7B,
    0xCF, 0x7B, 0xCF, 0x7B, 0x0C, 0x63, 0x28, 0x42, 0x08, 0x42, 0x08, 0x42, 0x08, 0x42, 0x08, 0x42,
    0x08, 0x42, 0x08, 0x42, 0x08, 0x42, 0x08, 0x42, 0x08, 0x42, 0x08, 0x42, 0x08, 0x42, 0x08, 0x42,
    0x08, 0x42, 0x08, 0x42, 0x08, 0x42, 0x08, 0x42, 0x08, 0x42, 0x08, 0x42, 0x28, 0x42, 0x0C, 0x63,
    0xAE, 0x73, 0xCF, 0x7B, 0xCF, 0x7B, 0x59, 0xCE, 0x59, 0xCE, 0x38, 0xC6, 0x59, 0xCE, 0x59, 0xCE,
    0x59, 0xCE, 0x59, 0xCE, 0xC7, 0x39, 0xFB, 0xDE, 0x1C, 0xE7, 0x3C, 0xE7, 0x5D, 0xEF, 0x7D, 0xEF,
    0x9F, 0x19, 0x9F, 0x19, 0x9F, 0x19, 0x9F, 0x19, 0x9F, 0x19, 0x9F, 0x19, 0x9F, 0x19, 0x9F, 0x19,
    0x9F, 0x19, 0x9F, 0x19, 0x9F, 0x19, 0x9F, 0x19, 0x9F, 0x19, 0x9F, 0x19, 0x9F, 0x19, 0x9F, 0x19,
    0x9F, 0x19, 0x9F, 0x19, 0x9F, 0x19, 0x9F, 0x19, 0x9F, 0x19, 0x9F, 0x19, 0x9F, 0x19, 0x9F, 0x19,
    0x9F, 0x19, 0x9F, 0x19, 0x9F, 0x19, 0x9F, 0x19, 0x9F, 0x19, 0x9F, 0x19, 0x9F, 0x19, 0x9F, 0x19,
    0x9F, 0x19, 0x9F, 0x19, 0x9F, 0x19, 0x9F, 0x19, 0x9F, 0x19, 0x9F, 0x19, 0x9F, 0x19, 0x9F, 0x19,
    0x9F, 0x19, 0x9F, 0x19, 0x9F, 0x19, 0x9F, 0x19, 0x9F, 0x19, 0x9F, 0x19, 0x9F, 0x19, 0x9F, 0x19,
    0x9F, 0x19, 0x9F, 0x19, 0x9F, 0x19, 0x9F, 0x19, 0x9F, 0x19, 0x9F, 0x19, 0x9F, 0x19, 0x9F, 0x19,
    0x9F, 0x19, 0x9F, 0x19, 0x9F, 0x19, 0x9F, 0x19, 0x9F, 0x19, 0x9F, 0x19, 0x9F, 0x19, 0x9F, 0x19,
    0x9F, 0x19, 0x9F, 0x19, 0x9F, 0x19, 0x9F, 0x19, 0x9F, 0x19, 0x9F, 0x19, 0x9F, 0x19, 0x9F, 0x19,
    0x9F, 0x19, 0x9F, 0x19, 0x9F, 0x19, 0x9F, 0x19, 0x9F, 0x19, 0x9F, 0x19, 0x9F, 0x19, 0x9F, 0x19,
    0x9F, 0x19, 0x9F, 0x19, 0x9F, 0x19, 0x9F, 0x19, 0x9F, 0x19, 0x9F, 0x19, 0x9F, 0x19, 0x9F, 0x19,
    0x9F, 0x19, 0x9F, 0x19, 0x9F, 0x19, 0x9F, 0x19, 0x9F, 0x19, 0x9F, 0x19, 0x9F, 0x19, 0x9F, 0x19,
    0x9F, 0x19, 0x9F, 0x19, 0x9F, 0x19, 0x9F, 0x19, 0x9F, 0x19, 0x9F, 0x19, 0x9F, 0x19, 0x9F, 0x19,
    0x9F, 0x19, 0x9F, 0x19, 0x9F, 0x19, 0x9F, 0x19, 0x9F, 0x19, 0x9F, 0x19, 0x9F, 0x19, 0x9F, 0x19,
    0x9F, 0x19, 0x9F, 0x19, 0x9F, 0x19, 0x9F, 0x19, 0x9F, 0x19, 0x9F, 0x19, 0x9F, 0x19, 0x9F, 0x19,
    0x9F, 0x19, 0x9F, 0x19, 0x9F, 0x19, 0x9F, 0x19, 0x9F, 0x19, 0x9F, 0x19, 0x9F, 0x19, 0x9F, 0x19,
    0x9F, 0x19, 0x9F, 0x19, 0x9F, 0x19, 0x9F, 0x19, 0x9F, 0x19, 0x9F, 0x19, 0x9F, 0x19, 0x9F, 0x19,
    0x9F, 0x19, 0x9F, 0x19, 0x9F, 0x19, 0x9F, 0x19, 0x9F, 0x19, 0x9F, 0x19, 0x9F, 0x19, 0x9F, 0x19,
    0x9F, 0x19, 0x9F, 0x19, 0xBF, 0x21, 0x1F, 0x2A, 0xFE, 0x94, 0x9E, 0xF7, 0x9E, 0xF7, 0x9E, 0xF7,
    0x9E, 0xF7, 0x9E, 0xF7, 0x9E, 0xF7, 0x24, 0x21, 0xD9, 0xDB, 0xD9, 0xDB, 0xD9, 0xDB, 0xD9, 0xDB,
    0xD9, 0xDB, 0xD9, 0xDB, 0xD9, 0xDB, 0xD9, 0xDB, 0xD9, 0xDB, 0xD9, 0xDB, 0xD9, 0xDB, 0xD9, 0xDB,
    0xD9, 0xDB, 0xD9, 0xDB, 0xD9, 0xDB, 0xD9, 0xDB, 0xD9, 0xDB, 0xF9, 0xDB, 0xFA, 0xE3, 0x3A, 0xE4,
    0x32, 0x9B, 0x24, 0x21, 0x24, 0x21, 0x24, 0x21, 0x8F, 0x82, 0xD9, 0xDB, 0xD9, 0xDB, 0x8F, 0x82,
    0x24, 0x21, 0x24, 0x21, 0x24, 0x21, 0xCF, 0x82, 0x3A, 0xE4, 0xFA, 0xE3, 0xD9, 0xDB, 0xD9, 0xDB,
    0xD9, 0xDB, 0xD9, 0xDB, 0xD9, 0xDB, 0xD9, 0xDB, 0xD9, 0xDB, 0xD9, 0xDB, 0xD9, 0xDB, 0xD9, 0xDB,
    0xD9, 0xDB, 0xD9, 0xDB, 0xD9, 0xDB, 0x24, 0x21, 0x38, 0xC6, 0x38, 0xC6, 0x38, 0xC6, 0x38, 0xC6,
    0x38, 0xC6, 0x59, 0xCE, 0x59, 0xCE, 0xAE, 0x73, 0xAE, 0x73, 0xAE, 0x73, 0xAE, 0x73, 0xCF, 0x7B,
    0xAE, 0x73, 0xCF, 0x7B, 0xCF, 0x7B, 0xAE, 0x73, 0xCF, 0x7B, 0xCF, 0x7B, 0xCF, 0x7B, 0xCF, 0x7B,
    0xCF, 0x7B, 0xAE, 0x73, 0xAE, 0x73, 0xCF, 0x7B, 0xCF, 0x7B, 0xCF, 0x7B, 0xCF, 0x7B, 0xAE, 0x73,
    0xCF, 0x7B, 0xCF, 0x7B, 0xCF, 0x7B, 0xAE, 0x73, 0xCF, 0x7B, 0xCF, 0x7B, 0xAE, 0x73, 0xAE, 0x73,
    0xCF, 0x7B, 0xAE, 0x73, 0xAE, 0x73, 0xCF, 0x7B, 0xCF, 0x7B, 0xCF, 0x7B, 0xCF, 0x7B, 0xCF, 0x7B,
    0xCF, 0x7B, 0xCF, 0x7B, 0xCF, 0x7B, 0xCF, 0x7B, 0xCF, 0x7B, 0xCF, 0x7B, 0xCF, 0x7B, 0xAE, 0x73,
    0xCF, 0x7B, 0xCF, 0x7B, 0xCF, 0x7B, 0xCF, 0x7B, 0xCF, 0x7B, 0xCF, 0x7B, 0xCF, 0x7B, 0xAE, 0x73,
    0xAE, 0x73, 0xCF, 0x7B, 0xAE, 0x73, 0xAE, 0x73, 0xCF, 0x7B, 0xCF, 0x7B, 0xAE, 0x73, 0xCF, 0x7B,
    0xCF, 0x7B, 0xCF, 0x7B, 0xCF, 0x7B, 0xAE, 0x73, 0xAE, 0x73, 0xCF, 0x7B, 0xCF, 0x7B, 0xCF, 0x7B,
    0xCF, 0x7B, 0xCF, 0x7B, 0x08, 0x42, 0x08, 0x42, 0x08, 0x42, 0x08, 0x42, 0x08, 0x42, 0x08, 0x42,
    0x08, 0x42, 0x08, 0x42, 0x08, 0x42, 0x08, 0x42, 0x08, 0x42, 0x08, 0x42, 0x08, 0x42, 0x08, 0x42,
    0x08, 0x42, 0x08, 0x42, 0x08, 0x42, 0x08, 0x42, 0x08, 0x42, 0x08, 0x42, 0x08, 0x42, 0x28, 0x42,
    0xAE, 0x73, 0xCF, 0x7B, 0xCF, 0x7B, 0x59, 0xCE, 0x59, 0xCE, 0x59, 0xCE, 0x59, 0xCE, 0x59, 0xCE,
    0x59, 0xCE, 0x59, 0xCE, 0xC7, 0x39, 0x1C, 0xDF, 0x1C, 0xE7, 0x3C, 0xE7, 0x5D, 0xEF, 0x7D, 0xEF,
    0x9F, 0x19, 0x9F, 0x19, 0x9F, 0x19, 0x9F, 0x19, 0x9F, 0x19, 0x9F, 0x19, 0x9F, 0x19, 0x9F, 0x19,
    0x9F, 0x19, 0x9F, 0x19, 0x9F, 0x19, 0x9F, 0x19, 0x9F, 0x19, 0x9F, 0x19, 0x9F, 0x19, 0x9F, 0x19,
    0x9F, 0x19, 0x9F, 0x19, 0x9F, 0x19, 0x9F, 0x19, 0x9F, 0x19, 0x9F, 0x19, 0x9F, 0x19, 0x9F, 0x19,
    0x9F, 0x19, 0x9F, 0x19, 0x9F, 0x19, 0x9F, 0x19, 0x9F, 0x19, 0x9F, 0x19, 0x9F, 0x19, 0x9F, 0x19,
    0x9F, 0x19, 0x9F, 0x19, 0x9F, 0x19, 0x9F, 0x19, 0x9F, 0x19, 0x9F, 0x19, 0x9F, 0x19, 0x9F, 0x19,
    0x9F, 0x19, 0x9F, 0x19, 0x9F, 0x19, 0x9F, 0x19, 0x9F, 0x19, 0x9F, 0x19, 0x9F, 0x19, 0x9F, 0x19,
    0x9F, 0x19, 0x9F, 0x19, 0x9F, 0x19, 0x9F, 0x19, 0x9F, 0x19, 0x9F, 0x19, 0x9F, 0x19, 0x9F, 0x19,
    0x9F, 0x19, 0x9F, 0x19, 0x9F, 0x19, 0x9F, 0x19, 0x9F, 0x19, 0x9F, 0x19, 0x9F, 0x19, 0x9F, 0x19,
    0x9F, 0x19, 0x9F, 0x19, 0x9F, 0x19, 0x9F, 0x19, 0x9F, 0x19, 0x9F, 0x19, 0x9F, 0x19, 0x9F, 0x19,
    0x9F, 0x19, 0x9F, 0x19, 0x9F, 0x19, 0x9F, 0x19, 0x9F, 0x19, 0x9F, 0x19, 0x9F, 0x19, 0x9F, 0x19,
    0x9F, 0x19, 0x9F, 0x19, 0x9F, 0x19, 0x9F, 0x19, 0x9F, 0x19, 0x9F, 0x19, 0x9F, 0x19, 0x9F, 0x19,
    0x9F, 0x19, 0x9F, 0x19, 0x9F, 0x19, 0x9F, 0x19, 0x9F, 0x19, 0x9F, 0x19, 0x9F, 0x19, 0x9F, 0x19,
    0x9F, 0x19, 0x9F, 0x19, 0x9F, 0x19, 0x9F, 0x19, 0x9F, 0x19, 0x9F, 0x19, 0x9F, 0x19, 0x9F, 0x19,
    0x9F, 0x19, 0x9F, 0x19, 0x9F, 0x19, 0x9F, 0x19, 0x9F, 0x19, 0x9F, 0x19, 0x9F, 0x19, 0x9F, 0x19,
    0x9F, 0x19, 0x9F, 0x19, 0x9F, 0x19, 0x9F, 0x19, 0x9F, 0x19, 0x9F, 0x19, 0x9F, 0x19, 0x9F, 0x19,
    0x9F, 0x19, 0x9F, 0x19, 0x9F, 0x19, 0x9F, 0x19, 0x9F, 0x19, 0x9F, 0x19, 0x9F, 0x19, 0x9F, 0x19,
    0x9F, 0x19, 0x9F, 0x19, 0x9F, 0x19, 0x9F, 0x19, 0x9F, 0x19, 0x9F, 0x19, 0x9F, 0x19, 0x9F, 0x19,
    0x9F, 0x19, 0x9F, 0x19, 0x9F, 0x19, 0x9F, 0x19, 0x9F, 0x19, 0x9F, 0x19, 0x9F, 0x19, 0x9F, 0x19,
    0x9F, 0x19, 0x9F, 0x19, 0xBF, 0x21, 0x1F, 0x2A, 0xFE, 0x94, 0x9E, 0xF7, 0x9E, 0xF7, 0x9E, 0xF7,
    0x9E, 0xF7, 0x9E, 0xF7, 0x9E, 0xF7, 0x24, 0x21, 0xD9, 0xDB, 0xD9, 0xDB, 0xD9, 0xDB, 0xD9, 0xDB,
    0xD9, 0xDB, 0xD9, 0xDB, 0xD9, 0xDB, 0xD9, 0xDB, 0xD9, 0xDB, 0xD9, 0xDB, 0xD9, 0xDB, 0xD9, 0xDB,
    0xD9, 0xDB, 0xD9, 0xDB, 0xD9, 0xDB, 0xD9, 0xDB, 0xD9, 0xDB, 0xF9, 0xDB, 0xFA, 0xE3, 0x3A, 0xE4,
    0x32, 0x9B, 0x24, 0x21, 0x24, 0x21, 0x24, 0x21, 0x8F, 0x82, 0xD9, 0xDB, 0xD9, 0xDB, 0x8F, 0x82,
    0x24, 0x21, 0x24, 0x21, 0x24, 0x21, 0xCF, 0x82, 0x3A, 0xE4, 0x1A, 0xDC, 0xF9, 0xDB, 0xD9, 0xDB,
    0xD9, 0xDB, 0xD9, 0xDB, 0xD9, 0xDB, 0xD9, 0xDB, 0xD9, 0xDB, 0xD9, 0xDB, 0xD9, 0xDB, 0xD9, 0xDB,
    0xD9, 0xDB, 0xD9, 0xDB, 0xD9, 0xDB, 0x24, 0x21, 0x38, 0xC6, 0x38, 0xC6, 0x38, 0xC6, 0x38, 0xC6,
    0x59, 0xCE, 0x59, 0xCE, 0x59, 0xCE, 0xAE, 0x73, 0xAE, 0x73, 0xAE, 0x73, 0xAE, 0x73, 0xAE, 0x73,
    0xCF, 0x7B, 0xAE, 0x73, 0xCF, 0x7B, 0xCF, 0x7B, 0xAE, 0x73, 0xAE, 0x73, 0xCF, 0x7B, 0xAE, 0x73,
    0xAE, 0x73, 0xCF, 0x7B, 0xAE, 0x73, 0xAE, 0x73, 0xAE, 0x73, 0xCF, 0x7B, 0xCF, 0x7B, 0xCF, 0x7B,
    0xAE, 0x73, 0xAE, 0x73, 0xCF, 0x7B, 0xCF, 0x7B, 0xCF, 0x7B, 0xCF, 0x7B, 0xCF, 0x7B, 0xCF, 0x7B,
    0xCF, 0x7B, 0xCF, 0x7B, 0xCF, 0x7B, 0xAE, 0x73, 0xCF, 0x7B, 0xCF, 0x7B, 0xAE, 0x73, 0xAE, 0x73,
    0xCF, 0x7B, 0xCF, 0x7B, 0xCF, 0x7B, 0xCF, 0x7B, 0xCF, 0x7B, 0xCF, 0x7B, 0xCF, 0x7B, 0xAE, 0x73,
    0xAE, 0x73, 0xCF, 0x7B, 0xCF, 0x7B, 0xCF, 0x7B, 0xAE, 0x73, 0xCF, 0x7B, 0xAE, 0x73, 0xAE, 0x73,
    0xCF, 0x7B, 0xAE, 0x73, 0xCF, 0x7B, 0xCF, 0x7B, 0xCF, 0x7B, 0xCF, 0x7B, 0xCF, 0x7B, 0xCF, 0x7B,
    0xCF, 0x7B, 0xAE, 0x73, 0xCF, 0x7B, 0xAE, 0x73, 0xAE, 0x73, 0xAE, 0x73, 0xAE, 0x73, 0xAE, 0x73,
    0xAE, 0x73, 0xCF, 0x7B, 0x08, 0x42, 0x08, 0x42, 0x08, 0x42, 0x08, 0x42, 0x08, 0x42, 0x08, 0x42,
    0x08, 0x42, 0x08, 0x42, 0x08, 0x42, 0x08, 0x42, 0x08, 0x42, 0x08, 0x42, 0x08, 0x42, 0x08, 0x42,
    0x08, 0x42, 0x08, 0x42, 0x08, 0x42, 0x08, 0x42, 0x08, 0x42, 0x08, 0x42, 0x08, 0x42, 0x28, 0x42,
    0xCF, 0x7B, 0xAE, 0x73, 0xAE, 0x73, 0x59, 0xCE, 0x59, 0xCE, 0x59, 0xCE, 0x59, 0xCE, 0x59, 0xCE,
    0x59, 0xCE, 0x59, 0xCE, 0xC7, 0x39, 0x1C, 0xDF, 0x1C, 0xE7, 0x3C, 0xE7, 0x5D, 0xEF, 0x7D, 0xEF,
    0x9F, 0x19, 0x9F, 0x19, 0x9F, 0x19, 0x9F, 0x19, 0x9F, 0x19, 0x9F, 0x19, 0x9F, 0x19, 0x9F, 0x19,
    0x9F, 0x19, 0x9F, 0x19, 0x9F, 0x19, 0x9F, 0x19, 0x9F, 0x19, 0x9F, 0x19, 0x9F, 0x19, 0x9F, 0x19,
    0x9F, 0x19, 0x9F, 0x19, 0x9F, 0x19, 0x9F, 0x19, 0x9F, 0x19, 0x9F, 0x19, 0x9F, 0x19, 0x9F, 0x19,
    0x9F, 0x19, 0x9F, 0x19, 0x9F, 0x19, 0x9F, 0x19, 0x9F, 0x19, 0x9F, 0x19, 0x9F, 0x19, 0x9F, 0x19,
    0x9F, 0x19, 0x9F, 0x19, 0x9F, 0x19, 0x9F, 0x19, 0x9F, 0x19, 0x9F, 0x19, 0x9F, 0x19, 0x9F, 0x19,
    0x9F, 0x19, 0x9F, 0x19, 0x9F, 0x19, 0x9F, 0x19, 0x9F, 0x19, 0x9F, 0x19, 0x9F, 0x19, 0x9F, 0x19,
    0x9F, 0x19, 0x9F, 0x19, 0x9F, 0x19, 0x9F, 0x19, 0x9F, 0x19, 0x9F, 0x19, 0x9F, 0x19, 0x9F, 0x19,
    0x9F, 0x19, 0x9F, 0x19, 0x9F, 0x19, 0x9F, 0x19, 0x9F, 0x19, 0x9F, 0x19, 0x9F, 0x19, 0x9F, 0x19,
    0x9F, 0x19, 0x9F, 0x19, 0x9F, 0x19, 0x9F, 0x19, 0x9F, 0x19, 0x9F, 0x19, 0x9F, 0x19, 0x9F, 0x19,
    0x9F, 0x19, 0x9F, 0x19, 0x9F, 0x19, 0x9F, 0x19, 0x9F, 0x19, 0x9F, 0x19, 0x9F, 0x19, 0x9F, 0x19,
    0x9F, 0x19, 0x9F, 0x19, 0x9F, 0x19, 0x9F, 0x19, 0x9F, 0x19, 0x9F, 0x19, 0x9F, 0x19, 0x9F, 0x19,
    0x9F, 0x19, 0x9F, 0x19, 0x9F, 0x19, 0x9F, 0x19, 0x9F, 0x19, 0x9F, 0x19, 0x9F, 0x19, 0x9F, 0x19,
    0x9F, 0x19, 0x9F, 0x19, 0x9F, 0x19, 0x9F, 0x19, 0x9F, 0x19, 0x9F, 0x19, 0x9F, 0x19, 0x9F, 0x19,
    0x9F, 0x19, 0x9F, 0x19, 0x9F, 0x19, 0x9F, 0x19, 0x9F, 0x19, 0x9F, 0x19, 0x9F, 0x19, 0x9F, 0x19,
    0x9F, 0x19, 0x9F, 0x19, 0x9F, 0x19, 0x9F, 0x19, 0x9F, 0x19, 0x9F, 0x19, 0x9F, 0x19, 0x9F, 0x19,
    0x9F, 0x19, 0x9F, 0x19, 0x9F, 0x19, 0x9F, 0x19, 0x9F, 0x19, 0x9F, 0x19, 0x9F, 0x19, 0x9F, 0x19,
    0x9F, 0x19, 0x9F, 0x19, 0x9F, 0x19, 0x9F, 0x19, 0x9F, 0x19, 0x9F, 0x19, 0x9F, 0x19, 0x9F, 0x19,
    0x9F, 0x19, 0x9F, 0x19, 0x9F, 0x19, 0x9F, 0x19, 0x9F, 0x19, 0x9F, 0x19, 0x9F, 0x19, 0x9F, 0x19,
    0x9F, 0x19, 0x9F, 0x19, 0xDF, 0x21, 0x1F, 0x2A, 0xFE, 0x94, 0x7D, 0xEF, 0x9E, 0xF7, 0x9E, 0xF7,
    0x9E, 0xF7, 0x9E, 0xF7, 0x9E, 0xF7, 0x24, 0x21, 0xD9, 0xDB, 0xD9, 0xDB, 0xD9, 0xDB, 0xD9, 0xDB,
    0xD9, 0xDB, 0xD9, 0xDB, 0xD9, 0xDB, 0xD9, 0xDB, 0xD9, 0xDB, 0xD9, 0xDB, 0xD9, 0xDB, 0xD9, 0xDB,
    0xD9, 0xDB, 0xD9, 0xDB, 0xD9, 0xDB, 0xD9, 0xDB, 0xD9, 0xDB, 0xF9, 0xDB, 0xFA, 0xDB, 0x3A, 0xE4,
    0x32, 0x9B, 0x24, 0x21, 0x24, 0x21, 0x24, 0x21, 0x8F, 0x82, 0xD9, 0xDB, 0xD9, 0xDB, 0x8F, 0x82,
    0x24, 0x21, 0x24, 0x21, 0x24, 0x21, 0xCF, 0x82, 0x3A, 0xE4, 0xFA, 0xE3, 0xD9, 0xDB, 0xD9, 0xDB,
    0xD9, 0xDB, 0xD9, 0xDB, 0xD9, 0xDB, 0xD9, 0xDB, 0xD9, 0xDB, 0xD9, 0xDB, 0xD9, 0xDB, 0xD9, 0xDB,
    0xD9, 0xDB, 0xD9, 0xDB, 0xD9, 0xDB, 0x24, 0x21, 0x38, 0xC6, 0x38, 0xC6, 0x38, 0xC6, 0x38, 0xC6,
    0x59, 0xCE, 0x59, 0xCE, 0x59, 0xCE, 0xAE, 0x73, 0xAE, 0x73, 0xAE, 0x73, 0xAE, 0x73, 0xAE, 0x73,
    0xAE, 0x73, 0xCF, 0x7B, 0xCF, 0x7B, 0xCF, 0x7B, 0xCF, 0x7B, 0xAE, 0x73, 0xCF, 0x7B, 0xAE, 0x73,
    0xCF, 0x7B, 0xCF, 0x7B, 0xCF, 0x7B, 0xAE, 0x73, 0xCF, 0x7B, 0xCF, 0x7B, 0xAE, 0x73, 0xCF, 0x7B,
    0xAE, 0x73, 0xCF, 0x7B, 0xCF, 0x7B, 0xCF, 0x7B, 0xAE, 0x73, 0xCF, 0x7B, 0xCF, 0x7B, 0xAE, 0x73,
    0xCF, 0x7B, 0xCF, 0x7B, 0xCF, 0x7B, 0xCF, 0x7B, 0xCF, 0x7B, 0xCF, 0x7B, 0xAE, 0x73, 0xCF, 0x7B,
    0xCF, 0x7B, 0xCF, 0x7B, 0xCF, 0x7B, 0xCF, 0x7B, 0xAE, 0x73, 0xCF, 0x7B, 0xCF, 0x7B, 0xCF, 0x7B,
    0xAE, 0x73, 0xAE, 0x73, 0xCF, 0x7B, 0xCF, 0x7B, 0xCF, 0x7B, 0xCF, 0x7B, 0xCF, 0x7B, 0xCF, 0x7B,
    0xCF, 0x7B, 0xCF, 0x7B, 0xAE, 0x73, 0xAE, 0x73, 0xCF, 0x7B, 0xCF, 0x7B, 0xCF, 0x7B, 0xAE, 0x73,
    0xCF, 0x7B, 0xCF, 0x7B, 0xCF, 0x7B, 0xCF, 0x7B, 0xCF, 0x7B, 0xCF, 0x7B, 0xCF, 0x7B, 0xCF, 0x7B,
    0xCF, 0x7B, 0xAE, 0x73, 0x08, 0x42, 0x08, 0x42, 0x08, 0x42, 0x08, 0x42, 0x08, 0x42, 0x08, 0x42,
    0x08, 0x42, 0x08, 0x42, 0x08, 0x42, 0x08, 0x42, 0x08, 0x42, 0x08, 0x42, 0x08, 0x42, 0x08, 0x42,
    0x08, 0x42, 0x08, 0x42, 0x08, 0x42, 0x69, 0x4A, 0x69, 0x4A, 0x08, 0x42, 0x08, 0x42, 0x28, 0x42,
    0xCF, 0x7B, 0xCF, 0x7B, 0xCF, 0x7B, 0x79, 0xCE, 0x59, 0xCE, 0x59, 0xCE, 0x59, 0xCE, 0x59, 0xCE,
    0x59, 0xCE, 0x59, 0xCE, 0xC7, 0x39, 0x1C, 0xDF, 0x1C, 0xE7, 0x3C, 0xE7, 0x5D, 0xEF, 0x7D, 0xEF,
    0x9F, 0x19, 0x9F, 0x19, 0x9F, 0x19, 0x9F, 0x19, 0x9F, 0x19, 0x9F, 0x19, 0x9F, 0x19, 0x9F, 0x19,
    0x9F, 0x19, 0x9F, 0x19, 0x9F, 0x19, 0x9F, 0x19, 0x9F, 0x19, 0x9F, 0x19, 0x9F, 0x19, 0x9F, 0x19,
    0x9F, 0x19, 0x9F, 0x19, 0x9F, 0x19, 0x9F, 0x19, 0x9F, 0x19, 0x9F, 0x19, 0x9F, 0x19, 0x9F, 0x19,
    0x9F, 0x19, 0x9F, 0x19, 0x9F, 0x19, 0x9F, 0x19, 0x9F, 0x19, 0x9F, 0x19, 0x9F, 0x19, 0x9F, 0x19,
    0x9F, 0x19, 0x9F, 0x19, 0x9F, 0x19, 0x9F, 0x19, 0x9F, 0x19, 0x9F, 0x19, 0x9F, 0x19, 0x9F, 0x19,
    0x9F, 0x19, 0x9F, 0x19, 0x9F, 0x19, 0x9F, 0x19, 0x9F, 0x19, 0x9F, 0x19, 0x9F, 0x19, 0x9F, 0x19,
    0x9F, 0x19, 0x9F, 0x19, 0x9F, 0x19, 0x9F, 0x19, 0x9F, 0x19, 0x9F, 0x19, 0x9F, 0x19, 0x9F, 0x19,
    0x9F, 0x19, 0x9F, 0x19, 0x9F, 0x19, 0x9F, 0x19, 0x9F, 0x19, 0x9F, 0x19, 0x9F, 0x19, 0x9F, 0x19,
    0x9F, 0x19, 0x9F, 0x19, 0x9F, 0x19, 0x9F, 0x19, 0x9F, 0x19, 0x9F, 0x19, 0x9F, 0x19, 0x9F, 0x19,
    0x9F, 0x19, 0x9F, 0x19, 0x9F, 0x19, 0x9F, 0x19, 0x9F, 0x19, 0x9F, 0x19, 0x9F, 0x19, 0x9F, 0x19,
    0x9F, 0x19, 0x9F, 0x19, 0x9F, 0x19, 0x9F, 0x19, 0x9F, 0x19, 0x9F, 0x19, 0x9F, 0x19, 0x9F, 0x19,
    0x9F, 0x19, 0x9F, 0x19, 0x9F, 0x19, 0x9F, 0x19, 0x9F, 0x19, 0x9F, 0x19, 0x9F, 0x19, 0x9F, 0x19,
    0x9F, 0x19, 0x9F, 0x19, 0x9F, 0x19, 0x9F, 0x19, 0x9F, 0x19, 0x9F, 0x19, 0x9F, 0x19, 0x9F, 0x19,
    0x9F, 0x19, 0x9F, 0x19, 0x9F, 0x19, 0x9F, 0x19, 0x9F, 0x19, 0x9F, 0x19, 0x9F, 0x19, 0x9F, 0x19,
    0x9F, 0x19, 0x9F, 0x19, 0x9F, 0x19, 0x9F, 0x19, 0x9F, 0x19, 0x9F, 0x19, 0x9F, 0x19, 0x9F, 0x19,
    0x9F, 0x19, 0x9F, 0x19, 0x9F, 0x19, 0x9F, 0x19, 0x9F, 0x19, 0x9F, 0x19, 0x9F, 0x19, 0x9F, 0x19,
    0x9F, 0x19, 0x9F, 0x19, 0x9F, 0x19, 0x9F, 0x19, 0x9F, 0x19, 0x9F, 0x19, 0x9F, 0x19, 0x9F, 0x19,
    0x9F, 0x19, 0x9F, 0x19, 0x9F, 0x19, 0x9F, 0x19, 0x9F, 0x19, 0x9F, 0x19, 0x9F, 0x19, 0x9F, 0x19,
    0x9F, 0x19, 0x9F, 0x19, 0xBF, 0x21, 0x1F, 0x2A, 0xFE, 0x94, 0x9E, 0xF7, 0x9E, 0xF7, 0x9E, 0xF7,
    0x9E, 0xF7, 0x9E, 0xF7, 0x9E, 0xF7, 0x24, 0x21, 0xD9, 0xDB, 0xD9, 0xDB, 0xD9, 0xDB, 0xD9, 0xDB,
    0xD9, 0xDB, 0xD9, 0xDB, 0xD9, 0xDB, 0xD9, 0xDB, 0xD9, 0xDB, 0xD9, 0xDB, 0xD9, 0xDB, 0xD9, 0xDB,
    0xD9, 0xDB, 0xD9, 0xDB, 0xD9, 0xDB, 0xD9, 0xDB, 0xD9, 0xDB, 0xF9, 0xDB, 0xFA, 0xE3, 0x3A, 0xE4,
    0x32, 0x9B, 0x24, 0x21, 0x24, 0x21, 0x24, 0x21, 0x8F, 0x82, 0xD9, 0xDB, 0xD9, 0xDB, 0x8F, 0x82,
    0x24, 0x21, 0x24, 0x21, 0x24, 0x21, 0xCF, 0x82, 0x3A, 0xE4, 0xFA, 0xE3, 0xF9, 0xDB, 0xD9, 0xDB,
    0xD9, 0xDB, 0xD9, 0xDB, 0xD9, 0xDB, 0xD9, 0xDB, 0xD9, 0xDB, 0xD9, 0xDB, 0xD9, 0xDB, 0xD9, 0xDB,
    0xD9, 0xDB, 0xD9, 0xDB, 0xD9, 0xDB, 0x24, 0x21, 0x38, 0xC6, 0x38, 0xC6, 0x38, 0xC6, 0x38, 0xC6,
    0x59, 0xCE, 0x59, 0xCE, 0x79, 0xCE, 0xAE, 0x73, 0xAE, 0x73, 0xAE, 0x73, 0xAE, 0x73, 0xAE, 0x73,
    0xAE, 0x73, 0xAE, 0x73, 0xCF, 0x7B, 0xAE, 0x73, 0xCF, 0x7B, 0xCF, 0x7B, 0xCF, 0x7B, 0xAE, 0x73,
    0xCF, 0x7B, 0xCF, 0x7B, 0xCF, 0x7B, 0xCF, 0x7B, 0xAE, 0x73, 0xAE, 0x73, 0xAE, 0x73, 0xAE, 0x73,
    0xCF, 0x7B, 0xCF, 0x7B, 0xCF, 0x7B, 0xCF, 0x7B, 0xCF, 0x7B, 0xCF, 0x7B, 0xCF, 0x7B, 0xCF, 0x7B,
    0xAE, 0x73, 0xCF, 0x7B, 0xCF, 0x7B, 0xAE, 0x73, 0xCF, 0x7B, 0xCF, 0x7B, 0xCF, 0x7B, 0xCF, 0x7B,
    0xCF, 0x7B, 0xCF, 0x7B, 0xCF, 0x7B, 0xAE, 0x73, 0xCF, 0x7B, 0xAE, 0x73, 0xCF, 0x7B, 0xAE, 0x73,
    0xAE, 0x73, 0xCF, 0x7B, 0xAE, 0x73, 0xCF, 0x7B, 0xAE, 0x73, 0xCF, 0x7B, 0xCF, 0x7B, 0xAE, 0x73,
    0xCF, 0x7B, 0xCF, 0x7B, 0xCF, 0x7B, 0xCF, 0x7B, 0xAE, 0x73, 0xCF, 0x7B, 0xCF, 0x7B, 0xCF, 0x7B,
    0xCF, 0x7B, 0xCF, 0x7B, 0xAE, 0x73, 0xCF, 0x7B, 0xCF, 0x7B, 0xAE, 0x73, 0xAE, 0x73, 0xCF, 0x7B,
    0xCF, 0x7B, 0xCF, 0x7B, 0x08, 0x42, 0x08, 0x42, 0x08, 0x42, 0x79, 0xCE, 0xEF, 0x7B, 0x08, 0x42,
    0x18, 0xC6, 0x75, 0xAD, 0x08, 0x42, 0x51, 0x8C, 0xD7, 0xBD, 0x08, 0x42, 0x08, 0x42, 0x08, 0x42,
    0x08, 0x42, 0x08, 0x42, 0xCB, 0x5A, 0xDB, 0xDE, 0x2C, 0x63, 0x08, 0x42, 0x08, 0x42, 0x28, 0x42,
    0xCF, 0x7B, 0xCF, 0x7B, 0xCF, 0x7B, 0x79, 0xCE, 0x59, 0xCE, 0x59, 0xCE, 0x59, 0xCE, 0x59, 0xCE,
    0x59, 0xCE, 0x59, 0xCE, 0xC7, 0x39, 0x1C, 0xDF, 0x1C, 0xE7, 0x3C, 0xE7, 0x5D, 0xEF, 0x7D, 0xEF,
    0x9F, 0x19, 0x9F, 0x19, 0x9F, 0x19, 0x9F, 0x19, 0x9F, 0x19, 0x9F, 0x19, 0x9F, 0x19, 0x9F, 0x19,
    0x9F, 0x19, 0x9F, 0x19, 0x9F, 0x19, 0x9F, 0x19, 0x9F, 0x19, 0x9F, 0x19, 0x9F, 0x19, 0x9F, 0x19,
    0x9F, 0x19, 0x9F, 0x19, 0x9F, 0x19, 0x9F, 0x19, 0x9F, 0x19, 0x9F, 0x19, 0x9F, 0x19, 0x9F, 0x19,
    0x9F, 0x19, 0x9F, 0x19, 0x9F, 0x19, 0x9F, 0x19, 0x9F, 0x19, 0x9F, 0x19, 0x9F, 0x19, 0x9F, 0x19,
    0x9F, 0x19, 0x9F, 0x19, 0x9F, 0x19, 0x9F, 0x19, 0x9F, 0x19, 0x9F, 0x19, 0x9F, 0x19, 0x9F, 0x19,
    0x9F, 0x19, 0x9F, 0x19, 0x9F, 0x19, 0x9F, 0x19, 0x9F, 0x19, 0x9F, 0x19, 0x9F, 0x19, 0x9F, 0x19,
    0x9F, 0x19, 0x9F, 0x19, 0x9F, 0x19, 0x9F, 0x19, 0x9F, 0x19, 0x9F, 0x19, 0x9F, 0x19, 0x9F, 0x19,
    0x9F, 0x19, 0x9F, 0x19, 0x9F, 0x19, 0x9F, 0x19, 0x9F, 0x19, 0x9F, 0x19, 0x9F, 0x19, 0x9F, 0x19,
    0x9F, 0x19, 0x9F, 0x19, 0x9F, 0x19, 0x9F, 0x19, 0x9F, 0x19, 0x9F, 0x19, 0x9F, 0x19, 0x9F, 0x19,
    0x9F, 0x19, 0x9F, 0x19, 0x9F, 0x19, 0x9F, 0x19, 0x9F, 0x19, 0x9F, 0x19, 0x9F, 0x19, 0x9F, 0x19,
    0x9F, 0x19, 0x9F, 0x19, 0x9F, 0x19, 0x9F, 0x19, 0x9F, 0x19, 0x9F, 0x19, 0x9F, 0x19, 0x9F, 0x19,
    0x9F, 0x19, 0x9F, 0x19, 0x9F, 0x19, 0x9F, 0x19, 0x9F, 0x19, 0x9F, 0x19, 0x9F, 0x19, 0x9F, 0x19,
    0x9F, 0x19, 0x9F, 0x19, 0x9F, 0x19, 0x9F, 0x19, 0x9F, 0x19, 0x9F, 0x19, 0x9F, 0x19, 0x9F, 0x19,
    0x9F, 0x19, 0x9F, 0x19, 0x9F, 0x19, 0x9F, 0x19, 0x9F, 0x19, 0x9F, 0x19, 0x9F, 0x19, 0x9F, 0x19,
    0x9F, 0x19, 0x9F, 0x19, 0x9F, 0x19, 0x9F, 0x19, 0x9F, 0x19, 0x9F, 0x19, 0x9F, 0x19, 0x9F, 0x19,
    0x9F, 0x19, 0x9F, 0x19, 0x9F, 0x19, 0x9F, 0x19, 0x9F, 0x19, 0x9F, 0x19, 0x9F, 0x19, 0x9F, 0x19,
    0x9F, 0x19, 0x9F, 0x19, 0x9F, 0x19, 0x9F, 0x19, 0x9F, 0x19, 0x9F, 0x19, 0x9F, 0x19, 0x9F, 0x19,
    0x9F, 0x19, 0x9F, 0x19, 0x9F, 0x19, 0x9F, 0x19, 0x9F, 0x19, 0x9F, 0x19, 0x9F, 0x19, 0x9F, 0x19,
    0x9F, 0x19, 0x9F, 0x19, 0xBF, 0x21, 0x1F, 0x2A, 0xFE, 0x94, 0x9E, 0xF7, 0x9E, 0xF7, 0x9E, 0xF7,
    0x9E, 0xF7, 0x9E, 0xF7, 0x9E, 0xF7, 0x24, 0x21, 0xD9, 0xDB, 0xD9, 0xDB, 0xD9, 0xDB, 0xD9, 0xDB,
    0xD9, 0xDB, 0xD9, 0xDB, 0xD9, 0xDB, 0xD9, 0xDB, 0xD9, 0xDB, 0xD9, 0xDB, 0xD9, 0xDB, 0xD9, 0xDB,
    0xD9, 0xDB, 0xD9, 0xDB, 0xD9, 0xDB, 0xD9, 0xDB, 0xD9, 0xDB, 0xF9, 0xDB, 0xFA, 0xE3, 0x3A, 0xE4,
    0x32, 0x9B, 0x24, 0x21, 0x24, 0x21, 0x24, 0x21, 0x8F, 0x82, 0xD9, 0xDB, 0xD9, 0xDB, 0x8F, 0x82,
    0x24, 0x21, 0x24, 0x21, 0x24, 0x21, 0xCF, 0x82, 0x3A, 0xE4, 0xFA, 0xE3, 0xD9, 0xDB, 0xD9, 0xDB,
    0xD9, 0xDB, 0xD9, 0xDB, 0xD9, 0xDB, 0xD9, 0xDB, 0xD9, 0xDB, 0xD9, 0xDB, 0xD9, 0xDB, 0xD9, 0xDB,
    0xD9, 0xDB, 0xD9, 0xDB, 0xD9, 0xDB, 0x24, 0x21, 0x38, 0xC6, 0x38, 0xC6, 0x38, 0xC6, 0x38, 0xC6,
    0x59, 0xCE, 0x59, 0xCE, 0x79, 0xCE, 0xAE, 0x73, 0xAE, 0x73, 0xAE, 0x73, 0xAE, 0x73, 0xAE, 0x73,
    0xAE, 0x73, 0xAE, 0x73, 0xAE, 0x73, 0xAE, 0x73, 0xCF, 0x7B, 0xCF, 0x7B, 0xCF, 0x7B, 0xCF, 0x7B,
    0xAE, 0x73, 0xCF, 0x7B, 0xAE, 0x73, 0xCF, 0x7B, 0xAE, 0x73, 0xAE, 0x73, 0xCF, 0x7B, 0xCF, 0x7B,
    0xCF, 0x7B, 0xAE, 0x73, 0xCF, 0x7B, 0xCF, 0x7B, 0xAE, 0x73, 0xCF, 0x7B, 0xCF, 0x7B, 0xCF, 0x7B,
    0xCF, 0x7B, 0xAE, 0x73, 0xCF, 0x7B, 0xCF, 0x7B, 0xCF, 0x7B, 0xAE, 0x73, 0xCF, 0x7B, 0xAE, 0x73,
    0xCF, 0x7B, 0xCF, 0x7B, 0xCF, 0x7B, 0xAE, 0x73, 0xAE, 0x73, 0xCF, 0x7B, 0xAE, 0x73, 0xCF, 0x7B,
    0xCF, 0x7B, 0xCF, 0x7B, 0xCF, 0x7B, 0xCF, 0x7B, 0xAE, 0x73, 0xCF, 0x7B, 0xCF, 0x7B, 0xCF, 0x7B,
    0xAE, 0x73, 0xAE, 0x73, 0xCF, 0x7B, 0xAE, 0x73, 0xCF, 0x7B, 0xCF, 0x7B, 0xCF, 0x7B, 0xAE, 0x73,
    0xCF, 0x7B, 0xAE, 0x73, 0xAE, 0x73, 0xCF, 0x7B, 0xCF, 0x7B, 0xCF, 0x7B, 0xCF, 0x7B, 0xCF, 0x7B,
    0xAE, 0x73, 0xCF, 0x7B, 0x08, 0x42, 0x08, 0x42, 0x08, 0x42, 0x75, 0xAD, 0x75, 0xAD, 0x08, 0x42,
    0x3C, 0xE7, 0x9E, 0xF7, 0x08, 0x42, 0x18, 0xC6, 0x14, 0xA5, 0x08, 0x42, 0x08, 0x42, 0x08, 0x42,
    0x08, 0x42, 0xCB, 0x5A, 0xDB, 0xDE, 0x2C, 0x63, 0x08, 0x42, 0x08, 0x42, 0x08, 0x42, 0x28, 0x42,
    0xCF, 0x7B, 0xAE, 0x73, 0xCF, 0x7B, 0x79, 0xCE, 0x59, 0xCE, 0x59, 0xCE, 0x59, 0xCE, 0x59, 0xCE,
    0x59, 0xCE, 0x59, 0xCE, 0xC7, 0x39, 0xFB, 0xDE, 0x1C, 0xE7, 0x3C, 0xE7, 0x5D, 0xEF, 0x7D, 0xEF,
    0x9F, 0x19, 0x9F, 0x19, 0x9F, 0x19, 0x9F, 0x19, 0x9F, 0x19, 0x9F, 0x19, 0x9F, 0x19, 0x9F, 0x19,
    0x9F, 0x19, 0x9F, 0x19, 0x9F, 0x19, 0x9F, 0x19, 0x9F, 0x19, 0x9F, 0x19, 0x9F, 0x19, 0x9F, 0x19,
    0x9F, 0x19, 0x9F, 0x19, 0x9F, 0x19, 0x9F, 0x19, 0x9F, 0x19, 0x9F, 0x19, 0x9F, 0x19, 0x9F, 0x19,
    0x9F, 0x19, 0x9F, 0x19, 0x9F, 0x19, 0x9F, 0x19, 0x9F, 0x19, 0x9F, 0x19, 0x9F, 0x19, 0x9F, 0x19,
    0x9F, 0x19, 0x9F, 0x19, 0x9F, 0x19, 0x9F, 0x19, 0x9F, 0x19, 0x9F, 0x19, 0x9F, 0x19, 0x9F, 0x19,
    0x9F, 0x19, 0x9F, 0x19, 0x9F, 0x19, 0x9F, 0x19, 0x9F, 0x19, 0x9F, 0x19, 0x9F, 0x19, 0x9F, 0x19,
    0x9F, 0x19, 0x9F, 0x19, 0x9F, 0x19, 0x9F, 0x19, 0x9F, 0x19, 0x9F, 0x19, 0x9F, 0x19, 0x9F, 0x19,
    0x9F, 0x19, 0x9F, 0x19, 0x9F, 0x19, 0x9F, 0x19, 0x9F, 0x19, 0x9F, 0x19, 0x9F, 0x19, 0x9F, 0x19,
    0x9F, 0x19, 0x9F, 0x19, 0x9F, 0x19, 0x9F, 0x19, 0x9F, 0x19, 0x9F, 0x19, 0x9F, 0x19, 0x9F, 0x19,
    0x9F, 0x19, 0x9F, 0x19, 0x9F, 0x19, 0x9F, 0x19, 0x9F, 0x19, 0x9F, 0x19, 0x9F, 0x19, 0x9F, 0x19,
    0x9F, 0x19, 0x9F, 0x19, 0x9F, 0x19, 0x9F, 0x19, 0x9F, 0x19, 0x9F, 0x19, 0x9F, 0x19, 0x9F, 0x19,
    0x9F, 0x19, 0x9F, 0x19, 0x9F, 0x19, 0x9F, 0x19, 0x9F, 0x19, 0x9F, 0x19, 0x9F, 0x19, 0x9F, 0x19,
    0x9F, 0x19, 0x9F, 0x19, 0x9F, 0x19, 0x9F, 0x19, 0x9F, 0x19, 0x9F, 0x19, 0x9F, 0x19, 0x9F, 0x19,
    0x9F, 0x19, 0x9F, 0x19, 0x9F, 0x19, 0x9F, 0x19, 0x9F, 0x19, 0x9F, 0x19, 0x9F, 0x19, 0x9F, 0x19,
    0x9F, 0x19, 0x9F, 0x19, 0x9F, 0x19, 0x9F, 0x19, 0x9F, 0x19, 0x9F, 0x19, 0x9F, 0x19, 0x9F, 0x19,
    0x9F, 0x19, 0x9F, 0x19, 0x9F, 0x19, 0x9F, 0x19, 0x9F, 0x19, 0x9F, 0x19, 0x9F, 0x19, 0x9F, 0x19,
    0x9F, 0x19, 0x9F, 0x19, 0x9F, 0x19, 0x9F, 0x19, 0x9F, 0x19, 0x9F, 0x19, 0x9F, 0x19, 0x9F, 0x19,
    0x9F, 0x19, 0x9F, 0x19, 0x9F, 0x19, 0x9F, 0x19, 0x9F, 0x19, 0x9F, 0x19, 0x9F, 0x19, 0x9F, 0x19,
    0x9F, 0x19, 0x9F, 0x19, 0xDF, 0x21, 0x1F, 0x2A, 0xFE, 0x94, 0x9E, 0xF7, 0x9E, 0xF7, 0x9E, 0xF7,
    0x9E, 0xF7, 0x9E, 0xF7, 0x9E, 0xF7, 0x24, 0x21, 0xD9, 0xDB, 0xD9, 0xDB, 0xD9, 0xDB, 0xD9, 0xDB,
    0xD9, 0xDB, 0xD9, 0xDB, 0xD9, 0xDB, 0xD9, 0xDB, 0xD9, 0xDB, 0xD9, 0xDB, 0xD9, 0xDB, 0xD9, 0xDB,
    0xD9, 0xDB, 0xD9, 0xDB, 0xD9, 0xDB, 0xD9, 0xDB, 0xD9, 0xDB, 0xD9, 0xDB, 0xFA, 0xDB, 0x3A, 0xE4,
    0x8E, 0x7A, 0x24, 0x21, 0x24, 0x21, 0x24, 0x21, 0x8F, 0x82, 0xD9, 0xDB, 0xD9, 0xDB, 0x8F, 0x82,
    0x24, 0x21, 0x24, 0x21, 0x24, 0x21, 0x4C, 0x6A, 0x3A, 0xE4, 0xFA, 0xDB, 0xF9, 0xDB, 0xD9, 0xDB,
    0xD9, 0xDB, 0xD9, 0xDB, 0xD9, 0xDB, 0xD9, 0xDB, 0xD9, 0xDB, 0xD9, 0xDB, 0xD9, 0xDB, 0xD9, 0xDB,
    0xD9, 0xDB, 0xD9, 0xDB, 0xD9, 0xDB, 0x24, 0x21, 0x38, 0xC6, 0x38, 0xC6, 0x38, 0xC6, 0x38, 0xC6,
    0x59, 0xCE, 0x59, 0xCE, 0x79, 0xCE, 0xAE, 0x73, 0xAE, 0x73, 0xAE, 0x73, 0xAE, 0x73, 0xAE, 0x73,
    0xAE, 0x73, 0xCF, 0x7B, 0xAE, 0x73, 0xCF, 0x7B, 0xAE, 0x73, 0xCF, 0x7B, 0xCF, 0x7B, 0xCF, 0x7B,
    0xCF, 0x7B, 0xCF, 0x7B, 0xCF, 0x7B, 0xCF, 0x7B, 0xCF, 0x7B, 0xAE, 0x73, 0xCF, 0x7B, 0xAE, 0x73,
    0xAE, 0x73, 0xAE, 0x73, 0xAE, 0x73, 0xCF, 0x7B, 0xCF, 0x7B, 0xCF, 0x7B, 0xAE, 0x73, 0xCF, 0x7B,
    0xAE, 0x73, 0xCF, 0x7B, 0xCF, 0x7B, 0xCF, 0x7B, 0xAE, 0x73, 0xCF, 0x7B, 0xAE, 0x73, 0xCF, 0x7B,
    0xCF, 0x7B, 0xCF, 0x7B, 0xAE, 0x73, 0xCF, 0x7B, 0xAE, 0x73, 0xCF, 0x7B, 0xCF, 0x7B, 0xCF, 0x7B,
    0xCF, 0x7B, 0xCF, 0x7B, 0xAE, 0x73, 0xAE, 0x73, 0xCF, 0x7B, 0xCF, 0x7B, 0xCF, 0x7B, 0xCF, 0x7B,
    0xCF, 0x7B, 0xAE, 0x73, 0xCF, 0x7B, 0xCF, 0x7B, 0xAE, 0x73, 0xAE, 0x73, 0xCF, 0x7B, 0xCF, 0x7B,
    0xAE, 0x73, 0xCF, 0x7B, 0xCF, 0x7B, 0xCF, 0x7B, 0xCF, 0x7B, 0xCF, 0x7B, 0xCF, 0x7B, 0xAE, 0x73,
    0xCF, 0x7B, 0xCF, 0x7B, 0x08, 0x42, 0x08, 0x42, 0x08, 0x42, 0xEF, 0x7B, 0x3C, 0xE7, 0x8E, 0x73,
    0x9A, 0xD6, 0x3C, 0xE7, 0x2C, 0x63, 0x3C, 0xE7, 0x8E, 0x73, 0x08, 0x42, 0x08, 0x42, 0x08, 0x42,
    0xCB, 0x5A, 0xDB, 0xDE, 0x2C, 0x63, 0x08, 0x42, 0x08, 0x42, 0x08, 0x42, 0x08, 0x42, 0x28, 0x42,
    0xCF, 0x7B, 0xCF, 0x7B, 0xAE, 0x73, 0x79, 0xCE, 0x79, 0xCE, 0x59, 0xCE, 0x59, 0xCE, 0x59, 0xCE,
    0x59, 0xCE, 0x59, 0xCE, 0xC7, 0x39, 0x1C, 0xDF, 0x1C, 0xE7, 0x3C, 0xE7, 0x5D, 0xEF, 0x7D, 0xEF,
    0x9F, 0x19, 0x9F, 0x19, 0x9F, 0x19, 0x9F, 0x19, 0x9F, 0x19, 0x9F, 0x19, 0x9F, 0x19, 0x9F, 0x19,
    0x9F, 0x19, 0x9F, 0x19, 0x9F, 0x19, 0x9F, 0x19, 0x9F, 0x19, 0x9F, 0x19, 0x9F, 0x19, 0x9F, 0x19,
    0x9F, 0x19, 0x9F, 0x19, 0x9F, 0x19, 0x9F, 0x19, 0x9F, 0x19, 0x9F, 0x19, 0x9F, 0x19, 0x9F, 0x19,
    0x9F, 0x19, 0x9F, 0x19, 0x9F, 0x19, 0x9F, 0x19, 0x9F, 0x19, 0x9F, 0x19, 0x9F, 0x19, 0x9F, 0x19,
    0x9F, 0x19, 0x9F, 0x19, 0x9F, 0x19, 0x9F, 0x19, 0x9F, 0x19, 0x9F, 0x19, 0x9F, 0x19, 0x9F, 0x19,
    0x9F, 0x19, 0x9F, 0x19, 0x9F, 0x19, 0x9F, 0x19, 0x9F, 0x19, 0x9F, 0x19, 0x9F, 0x19, 0x9F, 0x19,
    0x9F, 0x19, 0x9F, 0x19, 0x9F, 0x19, 0x9F, 0x19, 0x9F, 0x19, 0x9F, 0x19, 0x9F, 0x19, 0x9F, 0x19,
    0x9F, 0x19, 0x9F, 0x19, 0x9F, 0x19, 0x9F, 0x19, 0x9F, 0x19, 0x9F, 0x19, 0x9F, 0x19, 0x9F, 0x19,
    0x9F, 0x19, 0x9F, 0x19, 0x9F, 0x19, 0x9F, 0x19, 0x9F, 0x19, 0x9F, 0x19, 0x9F, 0x19, 0x9F, 0x19,
    0x9F, 0x19, 0x9F, 0x19, 0x9F, 0x19, 0x9F, 0x19, 0x9F, 0x19, 0x9F, 0x19, 0x9F, 0x19, 0x9F, 0x19,
    0x9F, 0x19, 0x9F, 0x19, 0x9F, 0x19, 0x9F, 0x19, 0x9F, 0x19, 0x9F, 0x19, 0x9F, 0x19, 0x9F, 0x19,
    0x9F, 0x19, 0x9F, 0x19, 0x9F, 0x19, 0x9F, 0x19, 0x9F, 0x19, 0x9F, 0x19, 0x9F, 0x19, 0x9F, 0x19,
    0x9F, 0x19, 0x9F, 0x19, 0x9F, 0x19, 0x9F, 0x19, 0x9F, 0x19, 0x9F, 0x19, 0x9F, 0x19, 0x9F, 0x19,
    0x9F, 0x19, 0x9F, 0x19, 0x9F, 0x19, 0x9F, 0x19, 0x9F, 0x19, 0x9F, 0x19, 0x9F, 0x19, 0x9F, 0x19,
    0x9F, 0x19, 0x9F, 0x19, 0x9F, 0x19, 0x9F, 0x19, 0x9F, 0x19, 0x9F, 0x19, 0x9F, 0x19, 0x9F, 0x19,
    0x9F, 0x19, 0x9F, 0x19, 0x9F, 0x19, 0x9F, 0x19, 0x9F, 0x19, 0x9F, 0x19, 0x9F, 0x19, 0x9F, 0x19,
    0x9F, 0x19, 0x9F, 0x19, 0x9F, 0x19, 0x9F, 0x19, 0x9F, 0x19, 0x9F, 0x19, 0x9F, 0x19, 0x9F, 0x19,
    0x9F, 0x19, 0x9F, 0x19, 0x9F, 0x19, 0x9F, 0x19, 0x9F, 0x19, 0x9F, 0x19, 0x9F, 0x19, 0x9F, 0x19,
    0x9F, 0x19, 0x9F, 0x19, 0xBF, 0x21, 0x1F, 0x2A, 0xFE, 0x94, 0x9E, 0xF7, 0x9E, 0xF7, 0x7D, 0xEF,
    0x9E, 0xF7, 0x9E, 0xF7, 0x9E, 0xF7, 0x24, 0x21, 0xD9, 0xDB, 0xD9, 0xDB, 0xD9, 0xDB, 0xD9, 0xDB,
    0xD9, 0xDB, 0xD9, 0xDB, 0xD9, 0xDB, 0xD9, 0xDB, 0xD9, 0xDB, 0xD9, 0xDB, 0xD9, 0xDB, 0xD9, 0xDB,
    0xD9, 0xDB, 0xD9, 0xDB, 0xD9, 0xDB, 0xD9, 0xDB, 0xD9, 0xDB, 0xF9, 0xDB, 0xFA, 0xE3, 0xAF, 0x82,
    0x24, 0x21, 0x24, 0x21, 0x24, 0x21, 0x24, 0x21, 0x8F, 0x82, 0xD9, 0xDB, 0xD9, 0xDB, 0x8F, 0x82,
    0x24, 0x21, 0x24, 0x21, 0x24, 0x21, 0x24, 0x21, 0xAF, 0x82, 0x1A, 0xE4, 0xF9, 0xDB, 0xD9, 0xDB,
    0xD9, 0xDB, 0xD9, 0xDB, 0xD9, 0xDB, 0xD9, 0xDB, 0xD9, 0xDB, 0xD9, 0xDB, 0xD9, 0xDB, 0xD9, 0xDB,
    0xD9, 0xDB, 0xD9, 0xDB, 0xD9, 0xDB, 0x24, 0x21, 0x38, 0xC6, 0x38, 0xC6, 0x38, 0xC6, 0x38, 0xC6,
    0x59, 0xCE, 0x59, 0xCE, 0x79, 0xCE, 0xAE, 0x73, 0xAE, 0x73, 0xAE, 0x73, 0xAE, 0x73, 0xAE, 0x73,
    0xAE, 0x73, 0xAE, 0x73, 0xAE, 0x73, 0xAE, 0x73, 0xCF, 0x7B, 0xCF, 0x7B, 0xCF, 0x7B, 0xCF, 0x7B,
    0xCF, 0x7B, 0xCF, 0x7B, 0xAE, 0x73, 0xCF, 0x7B, 0xAE, 0x73, 0xCF, 0x7B, 0xCF, 0x7B, 0xCF, 0x7B,
    0xCF, 0x7B, 0xCF, 0x7B, 0xCF, 0x7B, 0xAE, 0x73, 0xCF, 0x7B, 0xAE, 0x73, 0xCF, 0x7B, 0xCF, 0x7B,
    0xCF, 0x7B, 0xCF, 0x7B, 0xCF, 0x7B, 0xCF, 0x7B, 0xCF, 0x7B, 0xCF, 0x7B, 0xCF, 0x7B, 0xAE, 0x73,
    0xCF, 0x7B, 0xAE, 0x73, 0xCF, 0x7B, 0xAE, 0x73, 0xAE, 0x73, 0xCF, 0x7B, 0xAE, 0x73, 0xCF, 0x7B,
    0xCF, 0x7B, 0xCF, 0x7B, 0xCF, 0x7B, 0xCF, 0x7B, 0xCF, 0x7B, 0xCF, 0x7B, 0xAE, 0x73, 0xCF, 0x7B,
    0xCF, 0x7B, 0xCF, 0x7B, 0xCF, 0x7B, 0xCF, 0x7B, 0xCF, 0x7B, 0xCF, 0x7B, 0xCF, 0x7B, 0xCF, 0x7B,
    0xAE, 0x73, 0xCF, 0x7B, 0xCF, 0x7B, 0xCF, 0x7B, 0xCF, 0x7B, 0xAE, 0x73, 0xCF, 0x7B, 0xAE, 0x73,
    0xCF, 0x7B, 0xAE, 0x73, 0x08, 0x42, 0x08, 0x42, 0x08, 0x42, 0x69, 0x4A, 0xFF, 0xFF, 0x75, 0xAD,
    0x75, 0xAD, 0x75, 0xAD, 0x55, 0xAD, 0xFF, 0xFF, 0x08, 0x42, 0x08, 0x42, 0x08, 0x42, 0x2C, 0x63,
    0xDB, 0xDE, 0x2C, 0x63, 0x08, 0x42, 0x08, 0x42, 0x08, 0x42, 0x08, 0x42, 0x08, 0x42, 0x28, 0x42,
    0xAE, 0x73, 0xAE, 0x73, 0xAE, 0x73, 0x79, 0xCE, 0x59, 0xCE, 0x59, 0xCE, 0x59, 0xCE, 0x59, 0xCE,
    0x59, 0xCE, 0x59, 0xCE, 0xC7, 0x39, 0x1C, 0xDF, 0x1C, 0xE7, 0x3C, 0xE7, 0x5D, 0xEF, 0x7D, 0xEF,
    0x9F, 0x19, 0x9F, 0x19, 0x9F, 0x19, 0x9F, 0x19, 0x9F, 0x19, 0x9F, 0x19, 0x9F, 0x19, 0x9F, 0x19,
    0x9F, 0x19, 0x9F, 0x19, 0x9F, 0x19, 0x9F, 0x19, 0x9F, 0x19, 0x9F, 0x19, 0x9F, 0x19, 0x9F, 0x19,
    0x9F, 0x19, 0x9F, 0x19, 0x9F, 0x19, 0x9F, 0x19, 0x9F, 0x19, 0x9F, 0x19, 0x9F, 0x19, 0x9F, 0x19,
    0x9F, 0x19, 0x9F, 0x19, 0x9F, 0x19, 0x9F, 0x19, 0x9F, 0x19, 0x9F, 0x19, 0x9F, 0x19, 0x9F, 0x19,
    0x9F, 0x19, 0x9F, 0x19, 0x9F, 0x19, 0x9F, 0x19, 0x9F, 0x19, 0x9F, 0x19, 0x9F, 0x19, 0x9F, 0x19,
    0x9F, 0x19, 0x9F, 0x19, 0x9F, 0x19, 0x9F, 0x19, 0x9F, 0x19, 0x9F, 0x19, 0x9F, 0x19, 0x9F, 0x19,
    0x9F, 0x19, 0x9F, 0x19, 0x9F, 0x19, 0x9F, 0x19, 0x9F, 0x19, 0x9F, 0x19, 0x9F, 0x19, 0x9F, 0x19,
    0x9F, 0x19, 0x9F, 0x19, 0x9F, 0x19, 0x9F, 0x19, 0x9F, 0x19, 0x9F, 0x19, 0x9F, 0x19, 0x9F, 0x19,
    0x9F, 0x19, 0x9F, 0x19, 0x9F, 0x19, 0x9F, 0x19, 0x9F, 0x19, 0x9F, 0x19, 0x9F, 0x19, 0x9F, 0x19,
    0x9F, 0x19, 0x9F, 0x19, 0x9F, 0x19, 0x9F, 0x19, 0x9F, 0x19, 0x9F, 0x19, 0x9F, 0x19, 0x9F, 0x19,
    0x9F, 0x19, 0x9F, 0x19, 0x9F, 0x19, 0x9F, 0x19, 0x9F, 0x19, 0x9F, 0x19, 0x9F, 0x19, 0x9F, 0x19,
    0x9F, 0x19, 0x9F, 0x19, 0x9F, 0x19, 0x9F, 0x19, 0x9F, 0x19, 0x9F, 0x19, 0x9F, 0x19, 0x9F, 0x19,
    0x9F, 0x19, 0x9F, 0x19, 0x9F, 0x19, 0x9F, 0x19, 0x9F, 0x19, 0x9F, 0x19, 0x9F, 0x19, 0x9F, 0x19,
    0x9F, 0x19, 0x9F, 0x19, 0x9F, 0x19, 0x9F, 0x19, 0x9F, 0x19, 0x9F, 0x19, 0x9F, 0x19, 0x9F, 0x19,
    0x9F, 0x19, 0x9F, 0x19, 0x9F, 0x19, 0x9F, 0x19, 0x9F, 0x19, 0x9F, 0x19, 0x9F, 0x19, 0x9F, 0x19,
    0x9F, 0x19, 0x9F, 0x19, 0x9F, 0x19, 0x9F, 0x19, 0x9F, 0x19, 0x9F, 0x19, 0x9F, 0x19, 0x9F, 0x19,
    0x9F, 0x19, 0x9F, 0x19, 0x9F, 0x19, 0x9F, 0x19, 0x9F, 0x19, 0x9F, 0x19, 0x9F, 0x19, 0x9F, 0x19,
    0x9F, 0x19, 0x9F, 0x19, 0x9F, 0x19, 0x9F, 0x19, 0x9F, 0x19, 0x9F, 0x19, 0x9F, 0x19, 0x9F, 0x19,
    0x9F, 0x19, 0x9F, 0x19, 0xBF, 0x21, 0x1F, 0x2A, 0xFE, 0x94, 0x7D, 0xEF, 0x7D, 0xEF, 0x9E, 0xF7,
    0x9E, 0xF7, 0x9E, 0xF7, 0x9E, 0xF7, 0x24, 0x21, 0xD9, 0xDB, 0xD9, 0xDB, 0xD9, 0xDB, 0xD9, 0xDB,
    0xD9, 0xDB, 0xD9, 0xDB, 0xD9, 0xDB, 0xD9, 0xDB, 0xD9, 0xDB, 0xD9, 0xDB, 0xD9, 0xDB, 0xD9, 0xDB,
    0xD9, 0xDB, 0xD9, 0xDB, 0xD9, 0xDB, 0xD9, 0xDB, 0xD9, 0xDB, 0xF9, 0xDB, 0xF2, 0x9A, 0x24, 0x21,
    0x24, 0x21, 0x24, 0x21, 0x24, 0x21, 0x24, 0x21, 0x8F, 0x82, 0xD9, 0xDB, 0xD9, 0xDB, 0x8F, 0x82,
    0x24, 0x21, 0x24, 0x21, 0x24, 0x21, 0x24, 0x21, 0x24, 0x21, 0xD0, 0x8A, 0xF9, 0xDB, 0xD9, 0xDB,
    0xD9, 0xDB, 0xD9, 0xDB, 0xD9, 0xDB, 0xD9, 0xDB, 0xD9, 0xDB, 0xD9, 0xDB, 0xD9, 0xDB, 0xD9, 0xDB,
    0xD9, 0xDB, 0xD9, 0xDB, 0xD9, 0xDB, 0x24, 0x21, 0x38, 0xC6, 0x38, 0xC6, 0x38, 0xC6, 0x38, 0xC6,
    0x38, 0xC6, 0x59, 0xCE, 0x79, 0xCE, 0xAE, 0x73, 0xAE, 0x73, 0xAE, 0x73, 0xAE, 0x73, 0xAE, 0x73,
    0xAE, 0x73, 0xAE, 0x73, 0xAE, 0x73, 0xCF, 0x7B, 0xCF, 0x7B, 0xCF, 0x7B, 0xCF, 0x7B, 0xCF, 0x7B,
    0xCF, 0x7B, 0xCF, 0x7B, 0xCF, 0x7B, 0xAE, 0x73, 0xCF, 0x7B, 0xCF, 0x7B, 0xCF, 0x7B, 0xAE, 0x73,
    0xAE, 0x73, 0xCF, 0x7B, 0xAE, 0x73, 0xAE, 0x73, 0xCF, 0x7B, 0xAE, 0x73, 0xAE, 0x73, 0xCF, 0x7B,
    0xAE, 0x73, 0xCF, 0x7B, 0xAE, 0x73, 0xCF, 0x7B, 0xCF, 0x7B, 0xCF, 0x7B, 0xCF, 0x7B, 0xCF, 0x7B,
    0xAE, 0x73, 0xCF, 0x7B, 0xCF, 0x7B, 0xCF, 0x7B, 0xCF, 0x7B, 0xCF, 0x7B, 0xCF, 0x7B, 0xAE, 0x73,
    0xCF, 0x7B, 0xCF, 0x7B, 0xCF, 0x7B, 0xCF, 0x7B, 0xCF, 0x7B, 0xCF, 0x7B, 0xCF, 0x7B, 0xCF, 0x7B,
    0xCF, 0x7B, 0xAE, 0x73, 0xCF, 0x7B, 0xAE, 0x73, 0xCF, 0x7B, 0xAE, 0x73, 0xAE, 0x73, 0xCF, 0x7B,
    0xCF, 0x7B, 0xCF, 0x7B, 0xCF, 0x7B, 0xAE, 0x73, 0xAE, 0x73, 0xCF, 0x7B, 0xCF, 0x7B, 0xAE, 0x73,
    0xCF, 0x7B, 0xCF, 0x7B, 0x08, 0x42, 0x08, 0x42, 0x08, 0x42, 0x08, 0x42, 0xDB, 0xDE, 0x3C, 0xE7,
    0x8E, 0x73, 0x51, 0x8C, 0x9E, 0xF7, 0x9A, 0xD6, 0x08, 0x42, 0x08, 0x42, 0x2C, 0x63, 0xDB, 0xDE,
    0xCB, 0x5A, 0x08, 0x42, 0x08, 0x42, 0x08, 0x42, 0x08, 0x42, 0x08, 0x42, 0x08, 0x42, 0x28, 0x42,
    0xAE, 0x73, 0xAE, 0x73, 0xCF, 0x7B, 0x79, 0xCE, 0x79, 0xCE, 0x59, 0xCE, 0x59, 0xCE, 0x59, 0xCE,
    0x59, 0xCE, 0x59, 0xCE, 0xC7, 0x39, 0x1C, 0xDF, 0x1C, 0xE7, 0x3C, 0xE7, 0x5D, 0xEF, 0x7D, 0xEF,
    0x9F, 0x19, 0x9F, 0x19, 0x9F, 0x19, 0x9F, 0x19, 0x9F, 0x19, 0x9F, 0x19, 0x9F, 0x19, 0x9F, 0x19,
    0x9F, 0x19, 0x9F, 0x19, 0x9F, 0x19, 0x9F, 0x19, 0x9F, 0x19, 0x9F, 0x19, 0x9F, 0x19, 0x9F, 0x19,
    0x9F, 0x19, 0x9F, 0x19, 0x9F, 0x19, 0x9F, 0x19, 0x9F, 0x19, 0x9F, 0x19, 0x9F, 0x19, 0x9F, 0x19,
    0x9F, 0x19, 0x9F, 0x19, 0x9F, 0x19, 0x9F, 0x19, 0x9F, 0x19, 0x9F, 0x19, 0x9F, 0x19, 0x9F, 0x19,
    0x9F, 0x19, 0x9F, 0x19, 0x9F, 0x19, 0x9F, 0x19, 0x9F, 0x19, 0x9F, 0x19, 0x9F, 0x19, 0x9F, 0x19,
    0x9F, 0x19, 0x9F, 0x19, 0x9F, 0x19, 0x9F, 0x19, 0x9F, 0x19, 0x9F, 0x19, 0x9F, 0x19, 0x9F, 0x19,
    0x9F, 0x19, 0x9F, 0x19, 0x9F, 0x19, 0x9F, 0x19, 0x9F, 0x19, 0x9F, 0x19, 0x9F, 0x19, 0x9F, 0x19,
    0x9F, 0x19, 0x9F, 0x19, 0x9F, 0x19, 0x9F, 0x19, 0x9F, 0x19, 0x9F, 0x19, 0x9F, 0x19, 0x9F, 0x19,
    0x9F, 0x19, 0x9F, 0x19, 0x9F, 0x19, 0x9F, 0x19, 0x9F, 0x19, 0x9F, 0x19, 0x9F, 0x19, 0x9F, 0x19,
    0x9F, 0x19, 0x9F, 0x19, 0x9F, 0x19, 0x9F, 0x19, 0x9F, 0x19, 0x9F, 0x19, 0x9F, 0x19, 0x9F, 0x19,
    0x9F, 0x19, 0x9F, 0x19, 0x9F, 0x19, 0x9F, 0x19, 0x9F, 0x19, 0x9F, 0x19, 0x9F, 0x19, 0x9F, 0x19,
    0x9F, 0x19, 0x9F, 0x19, 0x9F, 0x19, 0x9F, 0x19, 0x9F, 0x19, 0x9F, 0x19, 0x9F, 0x19, 0x9F, 0x19,
    0x9F, 0x19, 0x9F, 0x19, 0x9F, 0x19, 0x9F, 0x19, 0x9F, 0x19, 0x9F, 0x19, 0x9F, 0x19, 0x9F, 0x19,
    0x9F, 0x19, 0x9F, 0x19, 0x9F, 0x19, 0x9F, 0x19, 0x9F, 0x19, 0x9F, 0x19, 0x9F, 0x19, 0x9F, 0x19,
    0x9F, 0x19, 0x9F, 0x19, 0x9F, 0x19, 0x9F, 0x19, 0x9F, 0x19, 0x9F, 0x19, 0x9F, 0x19, 0x9F, 0x19,
    0x9F, 0x19, 0x9F, 0x19, 0x9F, 0x19, 0x9F, 0x19, 0x9F, 0x19, 0x9F, 0x19, 0x9F, 0x19, 0x9F, 0x19,
    0x9F, 0x19, 0x9F, 0x19, 0x9F, 0x19, 0x9F, 0x19, 0x9F, 0x19, 0x9F, 0x19, 0x9F, 0x19, 0x9F, 0x19,
    0x9F, 0x19, 0x9F, 0x19, 0x9F, 0x19, 0x9F, 0x19, 0x9F, 0x19, 0x9F, 0x19, 0x9F, 0x19, 0x9F, 0x19,
    0x9F, 0x19, 0x9F, 0x19, 0xDF, 0x21, 0x1F, 0x2A, 0xFE, 0x94, 0x7D, 0xEF, 0x9E, 0xF7, 0x9E, 0xF7,
    0x9E, 0xF7, 0x9E, 0xF7, 0x9E, 0xF7, 0x24, 0x21, 0xD9, 0xDB, 0xD9, 0xDB, 0xD9, 0xDB, 0xD9, 0xDB,
    0xD9, 0xDB, 0xD9, 0xDB, 0xD9, 0xDB, 0xD9, 0xDB, 0xD9, 0xDB, 0xD9, 0xDB, 0xD9, 0xDB, 0xD9, 0xDB,
    0xD9, 0xDB, 0xD9, 0xDB, 0xD9, 0xDB, 0xD9, 0xDB, 0xD9, 0xDB, 0xFA, 0xDB, 0x87, 0x39, 0x24, 0x21,
    0x24, 0x21, 0x24, 0x21, 0x24, 0x21, 0xEA, 0x51, 0x55, 0xBB, 0xD9, 0xDB, 0xD9, 0xDB, 0x97, 0xCB,
    0x2C, 0x6A, 0x24, 0x21, 0x24, 0x21, 0x24, 0x21, 0x24, 0x21, 0x66, 0x31, 0xD8, 0xD3, 0xD9, 0xDB,
    0xD9, 0xDB, 0xD9, 0xDB, 0xD9, 0xDB, 0xD9, 0xDB, 0xD9, 0xDB, 0xD9, 0xDB, 0xD9, 0xDB, 0xD9, 0xDB,
    0xD9, 0xDB, 0xD9, 0xDB, 0xD9, 0xDB, 0x24, 0x21, 0x38, 0xC6, 0x38, 0xC6, 0x38, 0xC6, 0x38, 0xC6,
    0x59, 0xCE, 0x59, 0xCE, 0x79, 0xCE, 0xAE, 0x73, 0xAE, 0x73, 0xAE, 0x73, 0xAE, 0x73, 0xAE, 0x73,
    0xAE, 0x73, 0xCF, 0x7B, 0xAE, 0x73, 0xAE, 0x73, 0xAE, 0x73, 0xCF, 0x7B, 0xCF, 0x7B, 0xCF, 0x7B,
    0xAE, 0x73, 0xCF, 0x7B, 0xCF, 0x7B, 0xCF, 0x7B, 0xAE, 0x73, 0xCF, 0x7B, 0xAE, 0x73, 0xCF, 0x7B,
    0xCF, 0x7B, 0xAE, 0x73, 0xCF, 0x7B, 0xCF, 0x7B, 0xCF, 0x7B, 0xCF, 0x7B, 0xCF, 0x7B, 0xCF, 0x7B,
    0xCF, 0x7B, 0xCF, 0x7B, 0xCF, 0x7B, 0xAE, 0x73, 0xCF, 0x7B, 0xCF, 0x7B, 0xAE, 0x73, 0xCF, 0x7B,
    0xCF, 0x7B, 0xAE, 0x73, 0xAE, 0x73, 0xCF, 0x7B, 0xAE, 0x73, 0xCF, 0x7B, 0xAE, 0x73, 0xCF, 0x7B,
    0xCF, 0x7B, 0xAE, 0x73, 0xCF, 0x7B, 0xCF, 0x7B, 0xCF, 0x7B, 0xAE, 0x73, 0xAE, 0x73, 0xAE, 0x73,
    0xCF, 0x7B, 0xAE, 0x73, 0xCF, 0x7B, 0xCF, 0x7B, 0xCF, 0x7B, 0xCF, 0x7B, 0xCF, 0x7B, 0xCF, 0x7B,
    0xAE, 0x73, 0xCF, 0x7B, 0xAE, 0x73, 0xCF, 0x7B, 0xAE, 0x73, 0xAE, 0x73, 0xCF, 0x7B, 0xAE, 0x73,
    0xAE, 0x73, 0xCF, 0x7B, 0x08, 0x42, 0x08, 0x42, 0x08, 0x42, 0x08, 0x42, 0x14, 0xA5, 0x5D, 0xEF,
    0x08, 0x42, 0x69, 0x4A, 0x5D, 0xEF, 0xB2, 0x94, 0x08, 0x42, 0x2C, 0x63, 0xDB, 0xDE, 0xCB, 0x5A,
    0x08, 0x42, 0x08, 0x42, 0x08, 0x42, 0x08, 0x42, 0x08, 0x42, 0x08, 0x42, 0x08, 0x42, 0x28, 0x42,
    0xCF, 0x7B, 0xCF, 0x7B, 0xCF, 0x7B, 0x79, 0xCE, 0x59, 0xCE, 0x59, 0xCE, 0x59, 0xCE, 0x59, 0xCE,
    0x59, 0xCE, 0x59, 0xCE, 0xC7, 0x39, 0x1C, 0xDF, 0x1C, 0xE7, 0x3C, 0xE7, 0x5D, 0xEF, 0x7D, 0xEF,
    0x9F, 0x19, 0x9F, 0x19, 0x9F, 0x19, 0x9F, 0x19, 0x9F, 0x19, 0x9F, 0x19, 0x9F, 0x19, 0x9F, 0x19,
    0x9F, 0x19, 0x9F, 0x19, 0x9F, 0x19, 0x9F, 0x19, 0x9F, 0x19, 0x9F, 0x19, 0x9F, 0x19, 0x9F, 0x19,
    0x9F, 0x19, 0x9F, 0x19, 0x9F, 0x19, 0x9F, 0x19, 0x9F, 0x19, 0x9F, 0x19, 0x9F, 0x19, 0x9F, 0x19,
    0x9F, 0x19, 0x9F, 0x19, 0x9F, 0x19, 0x9F, 0x19, 0x9F, 0x19, 0x9F, 0x19, 0x9F, 0x19, 0x9F, 0x19,
    0x9F, 0x19, 0x9F, 0x19, 0x9F, 0x19, 0x9F, 0x19, 0x9F, 0x19, 0x9F, 0x19, 0x9F, 0x19, 0x9F, 0x19,
    0x9F, 0x19, 0x9F, 0x19, 0x9F, 0x19, 0x9F, 0x19, 0x9F, 0x19, 0x9F, 0x19, 0x9F, 0x19, 0x9F, 0x19,
    0x9F, 0x19, 0x9F, 0x19, 0x9F, 0x19, 0x9F, 0x19, 0x9F, 0x19, 0x9F, 0x19, 0x9F, 0x19, 0x9F, 0x19,
    0x9F, 0x19, 0x9F, 0x19, 0x9F, 0x19, 0x9F, 0x19, 0x9F, 0x19, 0x9F, 0x19, 0x9F, 0x19, 0x9F, 0x19,
    0x9F, 0x19, 0x9F, 0x19, 0x9F, 0x19, 0x9F, 0x19, 0x9F, 0x19, 0x9F, 0x19, 0x9F, 0x19, 0x9F, 0x19,
    0x9F, 0x19, 0x9F, 0x19, 0x9F, 0x19, 0x9F, 0x19, 0x9F, 0x19, 0x9F, 0x19, 0x9F, 0x19, 0x9F, 0x19,
    0x9F, 0x19, 0x9F, 0x19, 0x9F, 0x19, 0x9F, 0x19, 0x9F, 0x19, 0x9F, 0x19, 0x9F, 0x19, 0x9F, 0x19,
    0x9F, 0x19, 0x9F, 0x19, 0x9F, 0x19, 0x9F, 0x19, 0x9F, 0x19, 0x9F, 0x19, 0x9F, 0x19, 0x9F, 0x19,
    0x9F, 0x19, 0x9F, 0x19, 0x9F, 0x19, 0x9F, 0x19, 0x9F, 0x19, 0x9F, 0x19, 0x9F, 0x19, 0x9F, 0x19,
    0x9F, 0x19, 0x9F, 0x19, 0x9F, 0x19, 0x9F, 0x19, 0x9F, 0x19, 0x9F, 0x19, 0x9F, 0x19, 0x9F, 0x19,
    0x9F, 0x19, 0x9F, 0x19, 0x9F, 0x19, 0x9F, 0x19, 0x9F, 0x19, 0x9F, 0x19, 0x9F, 0x19, 0x9F, 0x19,
    0x9F, 0x19, 0x9F, 0x19, 0x9F, 0x19, 0x9F, 0x19, 0x9F, 0x19, 0x9F, 0x19, 0x9F, 0x19, 0x9F, 0x19,
    0x9F, 0x19, 0x9F, 0x19, 0x9F, 0x19, 0x9F, 0x19, 0x9F, 0x19, 0x9F, 0x19, 0x9F, 0x19, 0x9F, 0x19,
    0x9F, 0x19, 0x9F, 0x19, 0x9F, 0x19, 0x9F, 0x19, 0x9F, 0x19, 0x9F, 0x19, 0x9F, 0x19, 0x9F, 0x19,
    0x9F, 0x19, 0x9F, 0x19, 0xBF, 0x21, 0x1F, 0x2A, 0xFE, 0x94, 0x7D, 0xEF, 0x7D, 0xEF, 0x9E, 0xF7,
    0x9E, 0xF7, 0x9E, 0xF7, 0x9E, 0xF7, 0x24, 0x21, 0xD9, 0xDB, 0xD9, 0xDB, 0xD9, 0xDB, 0xD9, 0xDB,
    0xD9, 0xDB, 0xD9, 0xDB, 0xD9, 0xDB, 0xD9, 0xDB, 0xD9, 0xDB, 0xD9, 0xDB, 0xD9, 0xDB, 0xD9, 0xDB,
    0xD9, 0xDB, 0xD9, 0xDB, 0xD9, 0xDB, 0xD9, 0xDB, 0xFA, 0xDB, 0xF2, 0x9A, 0x24, 0x21, 0x24, 0x21,
    0x24, 0x21, 0x24, 0x21, 0x8F, 0x82, 0xD9, 0xDB, 0xD9, 0xDB, 0xD9, 0xDB, 0xD9, 0xDB, 0xD9, 0xDB,
    0xD9, 0xDB, 0x8F, 0x82, 0x24, 0x21, 0x24, 0x21, 0x24, 0x21, 0x24, 0x21, 0x8F, 0x82, 0xF9, 0xDB,
    0xD9, 0xDB, 0xD9, 0xDB, 0xD9, 0xDB, 0xD9, 0xDB, 0xD9, 0xDB, 0xD9, 0xDB, 0xD9, 0xDB, 0xD9, 0xDB,
    0xD9, 0xDB, 0xD9, 0xDB, 0xD9, 0xDB, 0x24, 0x21, 0x38, 0xC6, 0x38, 0xC6, 0x38, 0xC6, 0x38, 0xC6,
    0x38, 0xC6, 0x59, 0xCE, 0x79, 0xCE, 0xAE, 0x73, 0xAE, 0x73, 0xAE, 0x73, 0xAE, 0x73, 0xAE, 0x73,
    0xAE, 0x73, 0xAE, 0x73, 0xCF, 0x7B, 0xCF, 0x7B, 0xCF, 0x7B, 0xCF, 0x7B, 0xAE, 0x73, 0xAE, 0x73,
    0xAE, 0x73, 0xCF, 0x7B, 0xCF, 0x7B, 0xCF, 0x7B, 0xCF, 0x7B, 0xAE, 0x73, 0xCF, 0x7B, 0xAE, 0x73,
    0xCF, 0x7B, 0xAE, 0x73, 0xCF, 0x7B, 0xCF, 0x7B, 0xCF, 0x7B, 0xCF, 0x7B, 0xCF, 0x7B, 0xAE, 0x73,
    0xAE, 0x73, 0xCF, 0x7B, 0xAE, 0x73, 0xCF, 0x7B, 0xCF, 0x7B, 0xAE, 0x73, 0xAE, 0x73, 0xAE, 0x73,
    0xCF, 0x7B, 0xAE, 0x73, 0xAE, 0x73, 0xCF, 0x7B, 0xCF, 0x7B, 0xCF, 0x7B, 0xAE, 0x73, 0xCF, 0x7B,
    0xCF, 0x7B, 0xCF, 0x7B, 0xCF, 0x7B, 0xCF, 0x7B, 0xCF, 0x7B, 0xCF, 0x7B, 0xAE, 0x73, 0xCF, 0x7B,
    0xCF, 0x7B, 0xCF, 0x7B, 0xCF, 0x7B, 0xCF, 0x7B, 0xCF, 0x7B, 0xCF, 0x7B, 0xCF, 0x7B, 0xCF, 0x7B,
    0xCF, 0x7B, 0xAE, 0x73, 0xCF, 0x7B, 0xAE, 0x73, 0xAE, 0x73, 0xCF, 0x7B, 0xAE, 0x73, 0xCF, 0x7B,
    0xCF, 0x7B, 0xCF, 0x7B, 0x08, 0x42, 0x08, 0x42, 0x08, 0x42, 0x08, 0x42, 0x08, 0x42, 0x08, 0x42,
    0x08, 0x42, 0x08, 0x42, 0x08, 0x42, 0x08, 0x42, 0x30, 0x84, 0xDB, 0xDE, 0xCB, 0x5A, 0x08, 0x42,
    0x08, 0x42, 0x08, 0x42, 0x08, 0x42, 0x08, 0x42, 0x08, 0x42, 0x08, 0x42, 0x08, 0x42, 0x28, 0x42,
    0xAE, 0x73, 0xCF, 0x7B, 0xCF, 0x7B, 0x79, 0xCE, 0x59, 0xCE, 0x59, 0xCE, 0x59, 0xCE, 0x59, 0xCE,
    0x59, 0xCE, 0x59, 0xCE, 0xC7, 0x39, 0xFB, 0xDE, 0x1C, 0xE7, 0x3C, 0xE7, 0x5D, 0xEF, 0x7D, 0xEF,
    0x9F, 0x19, 0x9F, 0x19, 0x9F, 0x19, 0x9F, 0x19, 0x9F, 0x19, 0x9F, 0x19, 0x9F, 0x19, 0x9F, 0x19,
    0x9F, 0x19, 0x9F, 0x19, 0x9F, 0x19, 0x9F, 0x19, 0x9F, 0x19, 0x9F, 0x19, 0x9F, 0x19, 0x9F, 0x19,
    0x9F, 0x19, 0x9F, 0x19, 0x9F, 0x19, 0x9F, 0x19, 0x9F, 0x19, 0x9F, 0x19, 0x9F, 0x19, 0x9F, 0x19,
    0x9F, 0x19, 0x9F, 0x19, 0x9F, 0x19, 0x9F, 0x19, 0x9F, 0x19, 0x9F, 0x19, 0x9F, 0x19, 0x9F, 0x19,
    0x9F, 0x19, 0x9F, 0x19, 0x9F, 0x19, 0x9F, 0x19, 0x9F, 0x19, 0x9F, 0x19, 0x9F, 0x19, 0x9F, 0x19,
    0x9F, 0x19, 0x9F, 0x19, 0x9F, 0x19, 0x9F, 0x19, 0x9F, 0x19, 0x9F, 0x19, 0x9F, 0x19, 0x9F, 0x19,
    0x9F, 0x19, 0x9F, 0x19, 0x9F, 0x19, 0x9F, 0x19, 0x9F, 0x19, 0x9F, 0x19, 0x9F, 0x19, 0x9F, 0x19,
    0x9F, 0x19, 0x9F, 0x19, 0x9F, 0x19, 0x9F, 0x19, 0x9F, 0x19, 0x9F, 0x19, 0x9F, 0x19, 0x9F, 0x19,
    0x9F, 0x19, 0x9F, 0x19, 0x9F, 0x19, 0x9F, 0x19, 0x9F, 0x19, 0x9F, 0x19, 0x9F, 0x19, 0x9F, 0x19,
    0x9F, 0x19, 0x9F, 0x19, 0x9F, 0x19, 0x9F, 0x19, 0x9F, 0x19, 0x9F, 0x19, 0x9F, 0x19, 0x9F, 0x19,
    0x9F, 0x19, 0x9F, 0x19, 0x9F, 0x19, 0x9F, 0x19, 0x9F, 0x19, 0x9F, 0x19, 0x9F, 0x19, 0x9F, 0x19,
    0x9F, 0x19, 0x9F, 0x19, 0x9F, 0x19, 0x9F, 0x19, 0x9F, 0x19, 0x9F, 0x19, 0x9F, 0x19, 0x9F, 0x19,
    0x9F, 0x19, 0x9F, 0x19, 0x9F, 0x19, 0x9F, 0x19, 0x9F, 0x19, 0x9F, 0x19, 0x9F, 0x19, 0x9F, 0x19,
    0x9F, 0x19, 0x9F, 0x19, 0x9F, 0x19, 0x9F, 0x19, 0x9F, 0x19, 0x9F, 0x19, 0x9F, 0x19, 0x9F, 0x19,
    0x9F, 0x19, 0x9F, 0x19, 0x9F, 0x19, 0x9F, 0x19, 0x9F, 0x19, 0x9F, 0x19, 0x9F, 0x19, 0x9F, 0x19,
    0x9F, 0x19, 0x9F, 0x19, 0x9F, 0x19, 0x9F, 0x19, 0x9F, 0x19, 0x9F, 0x19, 0x9F, 0x19, 0x9F, 0x19,
    0x9F, 0x19, 0x9F, 0x19, 0x9F, 0x19, 0x9F, 0x19, 0x9F, 0x19, 0x9F, 0x19, 0x9F, 0x19, 0x9F, 0x19,
    0x9F, 0x19, 0x9F, 0x19, 0x9F, 0x19, 0x9F, 0x19, 0x9F, 0x19, 0x9F, 0x19, 0x9F, 0x19, 0x9F, 0x19,
    0x9F, 0x19, 0x9F, 0x19, 0xDF, 0x21, 0x1F, 0x2A, 0xFE, 0x94, 0x7D, 0xEF, 0x9E, 0xF7, 0x9E, 0xF7,
    0x9E, 0xF7, 0x9E, 0xF7, 0x9E, 0xF7, 0x24, 0x21, 0xD9, 0xDB, 0xD9, 0xDB, 0xD9, 0xDB, 0xD9, 0xDB,
    0xD9, 0xDB, 0xD9, 0xDB, 0xD9, 0xDB, 0xD9, 0xDB, 0xD9, 0xDB, 0xD9, 0xDB, 0xD9, 0xDB, 0xD9, 0xDB,
    0xD9, 0xDB, 0xD9, 0xDB, 0xD9, 0xDB, 0xF9, 0xDB, 0xF9, 0xDB, 0xEA, 0x51, 0x24, 0x21, 0x24, 0x21,
    0x24, 0x21, 0x2C, 0x6A, 0xD9, 0xDB, 0xD9, 0xDB, 0xD9, 0xDB, 0xD9, 0xDB, 0xD9, 0xDB, 0xD9, 0xDB,
    0xD9, 0xDB, 0xD9, 0xDB, 0xCA, 0x51, 0x24, 0x21, 0x24, 0x21, 0x24, 0x21, 0x87, 0x39, 0xF9, 0xDB,
    0xF9, 0xDB, 0xD9, 0xDB, 0xD9, 0xDB, 0xD9, 0xDB, 0xD9, 0xDB, 0xD9, 0xDB, 0xD9, 0xDB, 0xD9, 0xDB,
    0xD9, 0xDB, 0xD9, 0xDB, 0xD9, 0xDB, 0x24, 0x21, 0x38, 0xC6, 0x38, 0xC6, 0x38, 0xC6, 0x38, 0xC6,
    0x38, 0xC6, 0x59, 0xCE, 0x59, 0xCE, 0xAE, 0x73, 0xAE, 0x73, 0xAE, 0x73, 0xAE, 0x73, 0xAE, 0x73,
    0xAE, 0x73, 0xAE, 0x73, 0xAE, 0x73, 0xAE, 0x73, 0xCF, 0x7B, 0xAE, 0x73, 0xCF, 0x7B, 0xAE, 0x73,
    0xCF, 0x7B, 0xCF, 0x7B, 0xCF, 0x7B, 0xCF, 0x7B, 0xCF, 0x7B, 0xCF, 0x7B, 0xCF, 0x7B, 0xCF, 0x7B,
    0xCF, 0x7B, 0xCF, 0x7B, 0xCF, 0x7B, 0xCF, 0x7B, 0xCF, 0x7B, 0xCF, 0x7B, 0xCF, 0x7B, 0xAF, 0x73,
    0xCF, 0x7B, 0xCF, 0x7B, 0xCF, 0x7B, 0xCF, 0x7B, 0xCF, 0x7B, 0xAE, 0x73, 0xCF, 0x7B, 0xCF, 0x7B,
    0xCF, 0x7B, 0xCF, 0x7B, 0xCF, 0x7B, 0xCF, 0x7B, 0xAE, 0x73, 0xCF, 0x7B, 0xCF, 0x7B, 0xAE, 0x73,
    0xAE, 0x73, 0xCF, 0x7B, 0xAE, 0x73, 0xCF, 0x7B, 0xCF, 0x7B, 0xCF, 0x7B, 0xCF, 0x7B, 0xCF, 0x7B,
    0xCF, 0x7B, 0xCF, 0x7B, 0xCF, 0x7B, 0xAE, 0x73, 0xCF, 0x7B, 0xAE, 0x73, 0xAE, 0x73, 0xAE, 0x73,
    0xCF, 0x7B, 0xCF, 0x7B, 0xCF, 0x7B, 0xCF, 0x7B, 0xAE, 0x73, 0xCF, 0x7B, 0xCF, 0x7B, 0xCF, 0x7B,
    0xAE, 0x73, 0xCF, 0x7B, 0x08, 0x42, 0x08, 0x42, 0x08, 0x42, 0x08, 0x42, 0x08, 0x42, 0x08, 0x42,
    0x08, 0x42, 0x08, 0x42, 0x08, 0x42, 0x30, 0x84, 0x3C, 0xE7, 0xCB, 0x5A, 0x08, 0x42, 0x08, 0x42,
    0x08, 0x42, 0x08, 0x42, 0x08, 0x42, 0x08, 0x42, 0x08, 0x42, 0x08, 0x42, 0x08, 0x42, 0x28, 0x42,
    0xCF, 0x7B, 0xCF, 0x7B, 0xCF, 0x7B, 0x79, 0xCE, 0x59, 0xCE, 0x59, 0xCE, 0x59, 0xCE, 0x59, 0xCE,
    0x59, 0xCE, 0x59, 0xCE, 0xC7, 0x39, 0xFB, 0xDE, 0x1C, 0xE7, 0x3C, 0xE7, 0x5D, 0xEF, 0x7D, 0xEF,
    0x9F, 0x19, 0x9F, 0x19, 0x9F, 0x19, 0x9F, 0x19, 0x9F, 0x19, 0x9F, 0x19, 0x9F, 0x19, 0x9F, 0x19,
    0x9F, 0x19, 0x9F, 0x19, 0x9F, 0x19, 0x9F, 0x19, 0x9F, 0x19, 0x9F, 0x19, 0x9F, 0x19, 0x9F, 0x19,
    0x9F, 0x19, 0x9F, 0x19, 0x9F, 0x19, 0x9F, 0x19, 0x9F, 0x19, 0x9F, 0x19, 0x9F, 0x19, 0x9F, 0x19,
    0x9F, 0x19, 0x9F, 0x19, 0x9F, 0x19, 0x9F, 0x19, 0x9F, 0x19, 0x9F, 0x19, 0x9F, 0x19, 0x9F, 0x19,
    0x9F, 0x19, 0x9F, 0x19, 0x9F, 0x19, 0x9F, 0x19, 0x9F, 0x19, 0x9F, 0x19, 0x9F, 0x19, 0x9F, 0x19,
    0x9F, 0x19, 0x9F, 0x19, 0x9F, 0x19, 0x9F, 0x19, 0x9F, 0x19, 0x9F, 0x19, 0x9F, 0x19, 0x9F, 0x19,
    0x9F, 0x19, 0x9F, 0x19, 0x9F, 0x19, 0x9F, 0x19, 0x9F, 0x19, 0x9F, 0x19, 0x9F, 0x19, 0x9F, 0x19,
    0x9F, 0x19, 0x9F, 0x19, 0x9F, 0x19, 0x9F, 0x19, 0x9F, 0x19, 0x9F, 0x19, 0x9F, 0x19, 0x9F, 0x19,
    0x9F, 0x19, 0x9F, 0x19, 0x9F, 0x19, 0x9F, 0x19, 0x9F, 0x19, 0x9F, 0x19, 0x9F, 0x19, 0x9F, 0x19,
    0x9F, 0x19, 0x9F, 0x19, 0x9F, 0x19, 0x9F, 0x19, 0x9F, 0x19, 0x9F, 0x19, 0x9F, 0x19, 0x9F, 0x19,
    0x9F, 0x19, 0x9F, 0x19, 0x9F, 0x19, 0x9F, 0x19, 0x9F, 0x19, 0x9F, 0x19, 0x9F, 0x19, 0x9F, 0x19,
    0x9F, 0x19, 0x9F, 0x19, 0x9F, 0x19, 0x9F, 0x19, 0x9F, 0x19, 0x9F, 0x19, 0x9F, 0x19, 0x9F, 0x19,
    0x9F, 0x19, 0x9F, 0x19, 0x9F, 0x19, 0x9F, 0x19, 0x9F, 0x19, 0x9F, 0x19, 0x9F, 0x19, 0x9F, 0x19,
    0x9F, 0x19, 0x9F, 0x19, 0x9F, 0x19, 0x9F, 0x19, 0x9F, 0x19, 0x9F, 0x19, 0x9F, 0x19, 0x9F, 0x19,
    0x9F, 0x19, 0x9F, 0x19, 0x9F, 0x19, 0x9F, 0x19, 0x9F, 0x19, 0x9F, 0x19, 0x9F, 0x19, 0x9F, 0x19,
    0x9F, 0x19, 0x9F, 0x19, 0x9F, 0x19, 0x9F, 0x19, 0x9F, 0x19, 0x9F, 0x19, 0x9F, 0x19, 0x9F, 0x19,
    0x9F, 0x19, 0x9F, 0x19, 0x9F, 0x19, 0x9F, 0x19, 0x9F, 0x19, 0x9F, 0x19, 0x9F, 0x19, 0x9F, 0x19,
    0x9F, 0x19, 0x9F, 0x19, 0x9F, 0x19, 0x9F, 0x19, 0x9F, 0x19, 0x9F, 0x19, 0x9F, 0x19, 0x9F, 0x19,
    0x9F, 0x19, 0x9F, 0x19, 0xBF, 0x21, 0x1F, 0x2A, 0xFE, 0x94, 0x7D, 0xEF, 0x7D, 0xEF, 0x9E, 0xF7,
    0x7D, 0xEF, 0x9E, 0xF7, 0x9E, 0xF7, 0x24, 0x21, 0xD9, 0xDB, 0xD9, 0xDB, 0xD9, 0xDB, 0xD9, 0xDB,
    0xD9, 0xDB, 0xD9, 0xDB, 0xD9, 0xDB, 0xD9, 0xDB, 0xD9, 0xDB, 0xD9, 0xDB, 0xD9, 0xDB, 0xD9, 0xDB,
    0xD9, 0xDB, 0xD9, 0xDB, 0xD9, 0xDB, 0xF9, 0xDB, 0xFA, 0xDB, 0x66, 0x31, 0x24, 0x21, 0x24, 0x21,
    0x24, 0x21, 0x34, 0xB3, 0xD9, 0xDB, 0xD9, 0xDB, 0xD9, 0xDB, 0xD9, 0xDB, 0xD9, 0xDB, 0xD9, 0xDB,
    0xD9, 0xDB, 0xD9, 0xDB, 0x34, 0xB3, 0x24, 0x21, 0x24, 0x21, 0x24, 0x21, 0x24, 0x21, 0xD8, 0xD3,
    0xFA, 0xDB, 0xD9, 0xDB, 0xD9, 0xDB, 0xD9, 0xDB, 0xD9, 0xDB, 0xD9, 0xDB, 0xD9, 0xDB, 0xD9, 0xDB,
    0xD9, 0xDB, 0xD9, 0xDB, 0xD9, 0xDB, 0x24, 0x21, 0x38, 0xC6, 0x38, 0xC6, 0x38, 0xC6, 0x38, 0xC6,
    0x38, 0xC6, 0x59, 0xCE, 0x79, 0xCE, 0xAE, 0x73, 0xAE, 0x73, 0xAE, 0x73, 0xAE, 0x73, 0xAE, 0x73,
    0xAE, 0x73, 0xAE, 0x73, 0xAE, 0x73, 0xCF, 0x7B, 0xAE, 0x73, 0xAE, 0x73, 0xAE, 0x73, 0xCF, 0x7B,
    0xAE, 0x73, 0xAE, 0x73, 0xCF, 0x7B, 0xCF, 0x7B, 0xCF, 0x7B, 0xAE, 0x73, 0xCF, 0x7B, 0xAE, 0x73,
    0xAE, 0x73, 0xCF, 0x7B, 0xCF, 0x7B, 0xCF, 0x7B, 0xCF, 0x7B, 0xCF, 0x7B, 0xCF, 0x7B, 0xCF, 0x7B,
    0xAE, 0x73, 0xAE, 0x73, 0xCF, 0x7B, 0xCF, 0x7B, 0xCF, 0x7B, 0xCF, 0x7B, 0xAE, 0x73, 0xAE, 0x73,
    0xCF, 0x7B, 0xCF, 0x7B, 0xCF, 0x7B, 0xAE, 0x73, 0xAE, 0x73, 0xAE, 0x73, 0xAE, 0x73, 0xAE, 0x73,
    0xCF, 0x7B, 0xAE, 0x73, 0xCF, 0x7B, 0xCF, 0x7B, 0xCF, 0x7B, 0xAE, 0x73, 0xCF, 0x7B, 0xCF, 0x7B,
    0xAE, 0x73, 0xCF, 0x7B, 0xAE, 0x73, 0xAE, 0x73, 0xAE, 0x73, 0xAE, 0x73, 0xAE, 0x73, 0xCF, 0x7B,
    0xCF, 0x7B, 0xCF, 0x7B, 0xCF, 0x7B, 0xCF, 0x7B, 0xCF, 0x7B, 0xCF, 0x7B, 0xAE, 0x73, 0xAE, 0x73,
    0xAE, 0x73, 0xAE, 0x73, 0x08, 0x42, 0x08, 0x42, 0x08, 0x42, 0x08, 0x42, 0x08, 0x42, 0x08, 0x42,
    0x08, 0x42, 0x08, 0x42, 0x30, 0x84, 0x3C, 0xE7, 0xCB, 0x5A, 0x08, 0x42, 0x08, 0x42, 0x08, 0x42,
    0x08, 0x42, 0x69, 0x4A, 0x69, 0x4A, 0x08, 0x42, 0x08, 0x42, 0x08, 0x42, 0x08, 0x42, 0x28, 0x42,
    0xCF, 0x7B, 0xCF, 0x7B, 0xCF, 0x7B, 0x79, 0xCE, 0x59, 0xCE, 0x59, 0xCE, 0x59, 0xCE, 0x59, 0xCE,
    0x59, 0xCE, 0x59, 0xCE, 0xC7, 0x39, 0xFB, 0xDE, 0x1C, 0xE7, 0x3C, 0xE7, 0x5D, 0xEF, 0x7D, 0xEF,
    0x9F, 0x19, 0x9F, 0x19, 0x9F, 0x19, 0x9F, 0x19, 0x9F, 0x19, 0x9F, 0x19, 0x9F, 0x19, 0x9F, 0x19,
    0x9F, 0x19, 0x9F, 0x19, 0x9F, 0x19, 0x9F, 0x19, 0x9F, 0x19, 0x9F, 0x19, 0x9F, 0x19, 0x9F, 0x19,
    0x9F, 0x19, 0x9F, 0x19, 0x9F, 0x19, 0x9F, 0x19, 0x9F, 0x19, 0x9F, 0x19, 0x9F, 0x19, 0x9F, 0x19,
    0x9F, 0x19, 0x9F, 0x19, 0x9F, 0x19, 0x9F, 0x19, 0x9F, 0x19, 0x9F, 0x19, 0x9F, 0x19, 0x9F, 0x19,
    0x9F, 0x19, 0x9F, 0x19, 0x9F, 0x19, 0x9F, 0x19, 0x9F, 0x19, 0x9F, 0x19, 0x9F, 0x19, 0x9F, 0x19,
    0x9F, 0x19, 0x9F, 0x19, 0x9F, 0x19, 0x9F, 0x19, 0x9F, 0x19, 0x9F, 0x19, 0x9F, 0x19, 0x9F, 0x19,
    0x9F, 0x19, 0x9F, 0x19, 0x9F, 0x19, 0x9F, 0x19, 0x9F, 0x19, 0x9F, 0x19, 0x9F, 0x19, 0x9F, 0x19,
    0x9F, 0x19, 0x9F, 0x19, 0x9F, 0x19, 0x9F, 0x19, 0x9F, 0x19, 0x9F, 0x19, 0x9F, 0x19, 0x9F, 0x19,
    0x9F, 0x19, 0x9F, 0x19, 0x9F, 0x19, 0x9F, 0x19, 0x9F, 0x19, 0x9F, 0x19, 0x9F, 0x19, 0x9F, 0x19,
    0x9F, 0x19, 0x9F, 0x19, 0x9F, 0x19, 0x9F, 0x19, 0x9F, 0x19, 0x9F, 0x19, 0x9F, 0x19, 0x9F, 0x19,
    0x9F, 0x19, 0x9F, 0x19, 0x9F, 0x19, 0x9F, 0x19, 0x9F, 0x19, 0x9F, 0x19, 0x9F, 0x19, 0x9F, 0x19,
    0x9F, 0x19, 0x9F, 0x19, 0x9F, 0x19, 0x9F, 0x19, 0x9F, 0x19, 0x9F, 0x19, 0x9F, 0x19, 0x9F, 0x19,
    0x9F, 0x19, 0x9F, 0x19, 0x9F, 0x19, 0x9F, 0x19, 0x9F, 0x19, 0x9F, 0x19, 0x9F, 0x19, 0x9F, 0x19,
    0x9F, 0x19, 0x9F, 0x19, 0x9F, 0x19, 0x9F, 0x19, 0x9F, 0x19, 0x9F, 0x19, 0x9F, 0x19, 0x9F, 0x19,
    0x9F, 0x19, 0x9F, 0x19, 0x9F, 0x19, 0x9F, 0x19, 0x9F, 0x19, 0x9F, 0x19, 0x9F, 0x19, 0x9F, 0x19,
    0x9F, 0x19, 0x9F, 0x19, 0x9F, 0x19, 0x9F, 0x19, 0x9F, 0x19, 0x9F, 0x19, 0x9F, 0x19, 0x9F, 0x19,
    0x9F, 0x19, 0x9F, 0x19, 0x9F, 0x19, 0x9F, 0x19, 0x9F, 0x19, 0x9F, 0x19, 0x9F, 0x19, 0x9F, 0x19,
    0x9F, 0x19, 0x9F, 0x19, 0x9F, 0x19, 0x9F, 0x19, 0x9F, 0x19, 0x9F, 0x19, 0x9F, 0x19, 0x9F, 0x19,
    0x9F, 0x19, 0x9F, 0x19, 0xBF, 0x21, 0x1F, 0x2A, 0xFE, 0x94, 0x7D, 0xEF, 0x7D, 0xEF, 0x7D, 0xEF,
    0x9E, 0xF7, 0x9E, 0xF7, 0x9E, 0xF7, 0x24, 0x21, 0xD9, 0xDB, 0xD9, 0xDB, 0xD9, 0xDB, 0xD9, 0xDB,
    0xD9, 0xDB, 0xD9, 0xDB, 0xD9, 0xDB, 0xD9, 0xDB, 0xD9, 0xDB, 0xD9, 0xDB, 0xD9, 0xDB, 0xD9, 0xDB,
    0xD9, 0xDB, 0xD9, 0xDB, 0xF9, 0xDB, 0xFA, 0xDB, 0x1A, 0xE4, 0x24, 0x21, 0x24, 0x21, 0x24, 0x21,
    0x24, 0x21, 0xD9, 0xDB, 0xD9, 0xDB, 0xD9, 0xDB, 0xD9, 0xDB, 0xD9, 0xDB, 0xD9, 0xDB, 0xD9, 0xDB,
    0xD9, 0xDB, 0xD9, 0xDB, 0xB8, 0xD3, 0x24, 0x21, 0x24, 0x21, 0x24, 0x21, 0x24, 0x21, 0xB7, 0xCB,
    0xFA, 0xDB, 0xD9, 0xDB, 0xD9, 0xDB, 0xD9, 0xDB, 0xD9, 0xDB, 0xD9, 0xDB, 0xD9, 0xDB, 0xD9, 0xDB,
    0xD9, 0xDB, 0xD9, 0xDB, 0xD9, 0xDB, 0x24, 0x21, 0x38, 0xC6, 0x38, 0xC6, 0x38, 0xC6, 0x38, 0xC6,
    0x59, 0xCE, 0x59, 0xCE, 0x59, 0xCE, 0xAE, 0x73, 0xAE, 0x73, 0xAE, 0x73, 0xAE, 0x73, 0xAE, 0x73,
    0xAE, 0x73, 0xAE, 0x73, 0xAE, 0x73, 0xAE, 0x73, 0xCF, 0x7B, 0xCF, 0x7B, 0xCF, 0x7B, 0xCF, 0x7B,
    0xCF, 0x7B, 0xCF, 0x7B, 0xCF, 0x7B, 0xCF, 0x7B, 0xCF, 0x7B, 0xAE, 0x73, 0xCF, 0x7B, 0xCF, 0x7B,
    0xAE, 0x73, 0xAE, 0x73, 0xCF, 0x7B, 0xCF, 0x7B, 0xCF, 0x7B, 0xAE, 0x73, 0xAE, 0x73, 0xAE, 0x73,
    0xCF, 0x7B, 0xAE, 0x73, 0xCF, 0x7B, 0xCF, 0x7B, 0xAE, 0x73, 0xCF, 0x7B, 0xCF, 0x7B, 0xCF, 0x7B,
    0xAE, 0x73, 0xAE, 0x73, 0xCF, 0x7B, 0xAE, 0x73, 0xAE, 0x73, 0xCF, 0x7B, 0xCF, 0x7B, 0xCF, 0x7B,
    0xCF, 0x7B, 0xAE, 0x73, 0xCF, 0x7B, 0xCF, 0x7B, 0xCF, 0x7B, 0xCF, 0x7B, 0xCF, 0x7B, 0xCF, 0x7B,
    0xCF, 0x7B, 0xCF, 0x7B, 0xAE, 0x73, 0xAE, 0x73, 0xCF, 0x7B, 0xCF, 0x7B, 0xCF, 0x7B, 0xCF, 0x7B,
    0xCF, 0x7B, 0xCF, 0x7B, 0xCF, 0x7B, 0xCF, 0x7B, 0xCF, 0x7B, 0xAE, 0x73, 0xCF, 0x7B, 0xCF, 0x7B,
    0xCF, 0x7B, 0xAE, 0x73, 0x08, 0x42, 0x08, 0x42, 0x08, 0x42, 0x08, 0x42, 0x08, 0x42, 0x08, 0x42,
    0x08, 0x42, 0xF3, 0x9C, 0xDB, 0xDE, 0xCB, 0x5A, 0x55, 0xAD, 0x79, 0xCE, 0x79, 0xCE, 0x79, 0xCE,
    0x14, 0xA5, 0xD7, 0xBD, 0xD7, 0xBD, 0x08, 0x42, 0x08, 0x42, 0x08, 0x42, 0x08, 0x42, 0x28, 0x42,
    0xCF, 0x7B, 0xCF, 0x7B, 0xCF, 0x7B, 0x79, 0xCE, 0x59, 0xCE, 0x59, 0xCE, 0x59, 0xCE, 0x59, 0xCE,
    0x59, 0xCE, 0x59, 0xCE, 0xC7, 0x39, 0xFB, 0xDE, 0x1C, 0xE7, 0x3C, 0xE7, 0x5D, 0xEF, 0x7D, 0xEF,
    0x9F, 0x19, 0x9F, 0x19, 0x9F, 0x19, 0x9F, 0x19, 0x9F, 0x19, 0x9F, 0x19, 0x9F, 0x19, 0x9F, 0x19,
    0x9F, 0x19, 0x9F, 0x19, 0x9F, 0x19, 0x9F, 0x19, 0x9F, 0x19, 0x9F, 0x19, 0x9F, 0x19, 0x9F, 0x19,
    0x9F, 0x19, 0x9F, 0x19, 0x9F, 0x19, 0x9F, 0x19, 0x9F, 0x19, 0x9F, 0x19, 0x9F, 0x19, 0x9F, 0x19,
    0x9F, 0x19, 0x9F, 0x19, 0x9F, 0x19, 0x9F, 0x19, 0x9F, 0x19, 0x9F, 0x19, 0x9F, 0x19, 0x9F, 0x19,
    0x9F, 0x19, 0x9F, 0x19, 0x9F, 0x19, 0x9F, 0x19, 0x9F, 0x19, 0x9F, 0x19, 0x9F, 0x19, 0x9F, 0x19,
    0x9F, 0x19, 0x9F, 0x19, 0x9F, 0x19, 0x9F, 0x19, 0x9F, 0x19, 0x9F, 0x19, 0x9F, 0x19, 0x9F, 0x19,
    0x9F, 0x19, 0x9F, 0x19, 0x9F, 0x19, 0x9F, 0x19, 0x9F, 0x19, 0x9F, 0x19, 0x9F, 0x19, 0x9F, 0x19,
    0x9F, 0x19, 0x9F, 0x19, 0x9F, 0x19, 0x9F, 0x19, 0x9F, 0x19, 0x9F, 0x19, 0x9F, 0x19, 0x9F, 0x19,
    0x9F, 0x19, 0x9F, 0x19, 0x9F, 0x19, 0x9F, 0x19, 0x9F, 0x19, 0x9F, 0x19, 0x9F, 0x19, 0x9F, 0x19,
    0x9F, 0x19, 0x9F, 0x19, 0x9F, 0x19, 0x9F, 0x19, 0x9F, 0x19, 0x9F, 0x19, 0x9F, 0x19, 0x9F, 0x19,
    0x9F, 0x19, 0x9F, 0x19, 0x9F, 0x19, 0x9F, 0x19, 0x9F, 0x19, 0x9F, 0x19, 0x9F, 0x19, 0x9F, 0x19,
    0x9F, 0x19, 0x9F, 0x19, 0x9F, 0x19, 0x9F, 0x19, 0x9F, 0x19, 0x9F, 0x19, 0x9F, 0x19, 0x9F, 0x19,
    0x9F, 0x19, 0x9F, 0x19, 0x9F, 0x19, 0x9F, 0x19, 0x9F, 0x19, 0x9F, 0x19, 0x9F, 0x19, 0x9F, 0x19,
    0x9F, 0x19, 0x9F, 0x19, 0x9F, 0x19, 0x9F, 0x19, 0x9F, 0x19, 0x9F, 0x19, 0x9F, 0x19, 0x9F, 0x19,
    0x9F, 0x19, 0x9F, 0x19, 0x9F, 0x19, 0x9F, 0x19, 0x9F, 0x19, 0x9F, 0x19, 0x9F, 0x19, 0x9F, 0x19,
    0x9F, 0x19, 0x9F, 0x19, 0x9F, 0x19, 0x9F, 0x19, 0x9F, 0x19, 0x9F, 0x19, 0x9F, 0x19, 0x9F, 0x19,
    0x9F, 0x19, 0x9F, 0x19, 0x9F, 0x19, 0x9F, 0x19, 0x9F, 0x19, 0x9F, 0x19, 0x9F, 0x19, 0x9F, 0x19,
    0x9F, 0x19, 0x9F, 0x19, 0x9F, 0x19, 0x9F, 0x19, 0x9F, 0x19, 0x9F, 0x19, 0x9F, 0x19, 0x9F, 0x19,
    0x9F, 0x19, 0x9F, 0x19, 0xDF, 0x21, 0x1F, 0x2A, 0xFE, 0x94, 0x7D, 0xEF, 0x7D, 0xEF, 0x7D, 0xEF,
    0x9E, 0xF7, 0x9E, 0xF7, 0x9E, 0xF7, 0x24, 0x21, 0xD9, 0xDB, 0xD9, 0xDB, 0xD9, 0xDB, 0xD9, 0xDB,
    0xD9, 0xDB, 0xD9, 0xDB, 0xD9, 0xDB, 0xD9, 0xDB, 0xD9, 0xDB, 0xD9, 0xDB, 0xD9, 0xDB, 0xD9, 0xDB,
    0xD9, 0xDB, 0xD9, 0xDB, 0xF9, 0xDB, 0xFA, 0xE3, 0x1A, 0xE4, 0x24, 0x21, 0x24, 0x21, 0x24, 0x21,
    0x24, 0x21, 0xB8, 0xD3, 0xD9, 0xDB, 0xD9, 0xDB, 0xD9, 0xDB, 0xD9, 0xDB, 0xD9, 0xDB, 0xD9, 0xDB,
    0xD9, 0xDB, 0xD9, 0xDB, 0xD9, 0xDB, 0x24, 0x21, 0x24, 0x21, 0x24, 0x21, 0x24, 0x21, 0xD7, 0xCB,
    0xFA, 0xE3, 0xF9, 0xDB, 0xD9, 0xDB, 0xD9, 0xDB, 0xD9, 0xDB, 0xD9, 0xDB, 0xD9, 0xDB, 0xD9, 0xDB,
    0xD9, 0xDB, 0xD9, 0xDB, 0xD9, 0xDB, 0x24, 0x21, 0x38, 0xC6, 0x38, 0xC6, 0x38, 0xC6, 0x38, 0xC6,
    0x38, 0xC6, 0x59, 0xCE, 0x79, 0xCE, 0xAE, 0x73, 0xAE, 0x73, 0xAE, 0x73, 0xAE, 0x73, 0xAE, 0x73,
    0xAE, 0x73, 0xAE, 0x73, 0xAE, 0x73, 0xAE, 0x73, 0xAE, 0x73, 0xAE, 0x73, 0xCF, 0x7B, 0xCF, 0x7B,
    0xAE, 0x73, 0xAE, 0x73, 0xAE, 0x73, 0xAE, 0x73, 0xAE, 0x73, 0xAE, 0x73, 0xAE, 0x73, 0xCF, 0x7B,
    0xCF, 0x7B, 0xCF, 0x7B, 0xCF, 0x7B, 0xAE, 0x73, 0xCF, 0x7B, 0xCF, 0x7B, 0xCF, 0x7B, 0xCF, 0x7B,
    0xAE, 0x73, 0xCF, 0x7B, 0xAE, 0x73, 0xCF, 0x7B, 0xCF, 0x7B, 0xAE, 0x73, 0xCF, 0x7B, 0xAE, 0x73,
    0xCF, 0x7B, 0xCF, 0x7B, 0xCF, 0x7B, 0xCF, 0x7B, 0xCF, 0x7B, 0xAE, 0x73, 0xAE, 0x73, 0xCF, 0x7B,
    0xCF, 0x7B, 0xAE, 0x73, 0xCF, 0x7B, 0xCF, 0x7B, 0xCF, 0x7B, 0xCF, 0x7B, 0xCF, 0x7B, 0xAE, 0x73,
    0xCF, 0x7B, 0xCF, 0x7B, 0xCF, 0x7B, 0xCF, 0x7B, 0xCF, 0x7B, 0xAE, 0x73, 0xAE, 0x73, 0xCF, 0x7B,
    0xCF, 0x7B, 0xAE, 0x73, 0xCF, 0x7B, 0xAE, 0x73, 0xCF, 0x7B, 0xCF, 0x7B, 0xCF, 0x7B, 0xCF, 0x7B,
    0xCF, 0x7B, 0xAE, 0x73, 0x08, 0x42, 0x08, 0x42, 0x08, 0x42, 0x08, 0x42, 0x08, 0x42, 0x08, 0x42,
    0xF3, 0x9C, 0xDB, 0xDE, 0x69, 0x4A, 0x08, 0x42, 0x8E, 0x73, 0x75, 0xAD, 0xFF, 0xFF, 0x51, 0x8C,
    0x8E, 0x73, 0xD7, 0xBD, 0x75, 0xAD, 0x51, 0x8C, 0xEF, 0x7B, 0x08, 0x42, 0x08, 0x42, 0x28, 0x42,
    0xCF, 0x7B, 0xCF, 0x7B, 0xCF, 0x7B, 0x79, 0xCE, 0x59, 0xCE, 0x59, 0xCE, 0x59, 0xCE, 0x59, 0xCE,
    0x59, 0xCE, 0x59, 0xCE, 0xC7, 0x39, 0x1C, 0xDF, 0x1C, 0xE7, 0x3C, 0xE7, 0x5D, 0xEF, 0x7D, 0xEF,
    0x9F, 0x19, 0x9F, 0x19, 0x9F, 0x19, 0x9F, 0x19, 0x9F, 0x19, 0x9F, 0x19, 0x9F, 0x19, 0x9F, 0x19,
    0x9F, 0x19, 0x9F, 0x19, 0x9F, 0x19, 0x9F, 0x19, 0x9F, 0x19, 0x9F, 0x19, 0x9F, 0x19, 0x9F, 0x19,
    0x9F, 0x19, 0x9F, 0x19, 0x9F, 0x19, 0x9F, 0x19, 0x9F, 0x19, 0x9F, 0x19, 0x9F, 0x19, 0x9F, 0x19,
    0x9F, 0x19, 0x9F, 0x19, 0x9F, 0x19, 0x9F, 0x19, 0x9F, 0x19, 0x9F, 0x19, 0x9F, 0x19, 0x9F, 0x19,
    0x9F, 0x19, 0x9F, 0x19, 0x9F, 0x19, 0x9F, 0x19, 0x9F, 0x19, 0x9F, 0x19, 0x9F, 0x19, 0x9F, 0x19,
    0x9F, 0x19, 0x9F, 0x19, 0x9F, 0x19, 0x9F, 0x19, 0x9F, 0x19, 0x9F, 0x19, 0x9F, 0x19, 0x9F, 0x19,
    0x9F, 0x19, 0x9F, 0x19, 0x9F, 0x19, 0x9F, 0x19, 0x9F, 0x19, 0x9F, 0x19, 0x9F, 0x19, 0x9F, 0x19,
    0x9F, 0x19, 0x9F, 0x19, 0x9F, 0x19, 0x9F, 0x19, 0x9F, 0x19, 0x9F, 0x19, 0x9F, 0x19, 0x9F, 0x19,
    0x9F, 0x19, 0x9F, 0x19, 0x9F, 0x19, 0x9F, 0x19, 0x9F, 0x19, 0x9F, 0x19, 0x9F, 0x19, 0x9F, 0x19,
    0x9F, 0x19, 0x9F, 0x19, 0x9F, 0x19, 0x9F, 0x19, 0x9F, 0x19, 0x9F, 0x19, 0x9F, 0x19, 0x9F, 0x19,
    0x9F, 0x19, 0x9F, 0x19, 0x9F, 0x19, 0x9F, 0x19, 0x9F, 0x19, 0x9F, 0x19, 0x9F, 0x19, 0x9F, 0x19,
    0x9F, 0x19, 0x9F, 0x19, 0x9F, 0x19, 0x9F, 0x19, 0x9F, 0x19, 0x9F, 0x19, 0x9F, 0x19, 0x9F, 0x19,
    0x9F, 0x19, 0x9F, 0x19, 0x9F, 0x19, 0x9F, 0x19, 0x9F, 0x19, 0x9F, 0x19, 0x9F, 0x19, 0x9F, 0x19,
    0x9F, 0x19, 0x9F, 0x19, 0x9F, 0x19, 0x9F, 0x19, 0x9F, 0x19, 0x9F, 0x19, 0x9F, 0x19, 0x9F, 0x19,
    0x9F, 0x19, 0x9F, 0x19, 0x9F, 0x19, 0x9F, 0x19, 0xFF, 0x21, 0x5F, 0x7C, 0x9F, 0xAD, 0xFF, 0xB5,
    0x3F, 0x9D, 0xBF, 0x42, 0x9F, 0x19, 0xBF, 0x42, 0x9F, 0xAD, 0xFF, 0x6B, 0x9F, 0x19, 0x9F, 0x19,
    0x9F, 0x19, 0x9F, 0xAD, 0x5F, 0x7C, 0x9F, 0x19, 0x9F, 0x19, 0x9F, 0x19, 0x9F, 0x19, 0x9F, 0xAD,
    0x5F, 0x7C, 0x9F, 0x19, 0x9F, 0x19, 0x9F, 0x19, 0x9F, 0x19, 0x9F, 0x19, 0x9F, 0x19, 0x9F, 0x19,
    0x9F, 0x19, 0x9F, 0x19, 0xBF, 0x21, 0x1F, 0x2A, 0xFE, 0x94, 0x7D, 0xEF, 0x7D, 0xEF, 0x7D, 0xEF,
    0x7D, 0xEF, 0x9E, 0xF7, 0x9E, 0xF7, 0x24, 0x21, 0xD9, 0xDB, 0xD9, 0xDB, 0xD9, 0xDB, 0xD9, 0xDB,
    0xD9, 0xDB, 0xD9, 0xDB, 0xD9, 0xDB, 0xD9, 0xDB, 0xD9, 0xDB, 0xD9, 0xDB, 0xD9, 0xDB, 0xD9, 0xDB,
    0xD9, 0xDB, 0xD9, 0xDB, 0xF9, 0xDB, 0x1A, 0xE4, 0x3A, 0xE4, 0x87, 0x39, 0x24, 0x21, 0x24, 0x21,
    0x24, 0x21, 0x34, 0xB3, 0xD9, 0xDB, 0xD9, 0xDB, 0xD9, 0xDB, 0xD9, 0xDB, 0xD9, 0xDB, 0xD9, 0xDB,
    0xD9, 0xDB, 0xD9, 0xDB, 0x34, 0xB3, 0x24, 0x21, 0x24, 0x21, 0x24, 0x21, 0x66, 0x31, 0x3A, 0xE4,
    0x1A, 0xE4, 0xF9, 0xDB, 0xD9, 0xDB, 0xD9, 0xDB, 0xD9, 0xDB, 0xD9, 0xDB, 0xD9, 0xDB, 0xD9, 0xDB,
    0xD9, 0xDB, 0xD9, 0xDB, 0xD9, 0xDB, 0x24, 0x21, 0x38, 0xC6, 0x38, 0xC6, 0x38, 0xC6, 0x38, 0xC6,
    0x59, 0xCE, 0x59, 0xCE, 0x79, 0xCE, 0xAE, 0x73, 0xAE, 0x73, 0xAE, 0x73, 0xAE, 0x73, 0xAE, 0x73,
    0xAE, 0x73, 0xAE, 0x73, 0xAE, 0x73, 0xAE, 0x73, 0xAE, 0x73, 0xAE, 0x73, 0xCF, 0x7B, 0xCF, 0x7B,
    0xCF, 0x7B, 0xCF, 0x7B, 0xCF, 0x7B, 0xCF, 0x7B, 0xAE, 0x73, 0xCF, 0x7B, 0xCF, 0x7B, 0xAE, 0x73,
    0xCF, 0x7B, 0xAE, 0x73, 0xCF, 0x7B, 0xAE, 0x73, 0xAE, 0x73, 0xCF, 0x7B, 0xAE, 0x73, 0xCF, 0x7B,
    0xAE, 0x73, 0xCF, 0x7B, 0xAE, 0x73, 0xCF, 0x7B, 0xCF, 0x7B, 0xAE, 0x73, 0xCF, 0x7B, 0xCF, 0x7B,
    0xAE, 0x73, 0xCF, 0x7B, 0xCF, 0x7B, 0xAE, 0x73, 0xCF, 0x7B, 0xCF, 0x7B, 0xCF, 0x7B, 0xCF, 0x7B,
    0xAE, 0x73, 0xCF, 0x7B, 0xAE, 0x73, 0xCF, 0x7B, 0xCF, 0x7B, 0xCF, 0x7B, 0xAE, 0x73, 0xCF, 0x7B,
    0xCF, 0x7B, 0xCF, 0x7B, 0xAF, 0x73, 0xCF, 0x7B, 0xCF, 0x7B, 0xCF, 0x7B, 0xCF, 0x7B, 0xCF, 0x7B,
    0xAE, 0x73, 0xCF, 0x7B, 0xCF, 0x7B, 0xCF, 0x7B, 0xCF, 0x7B, 0xCF, 0x7B, 0xCF, 0x7B, 0xCF, 0x7B,
    0xAE, 0x73, 0xCF, 0x7B, 0x08, 0x42, 0x08, 0x42, 0x08, 0x42, 0x08, 0x42, 0x08, 0x42, 0xF3, 0x9C,
    0xDB, 0xDE, 0x69, 0x4A, 0x08, 0x42, 0x08, 0x42, 0x08, 0x42, 0x8E, 0x73, 0xFF, 0xFF, 0x08, 0x42,
    0x08, 0x42, 0xD7, 0xBD, 0x3C, 0xE7, 0x75, 0xAD, 0x9E, 0xF7, 0xEF, 0x7B, 0x08, 0x42, 0x28, 0x42,
    0xAE, 0x73, 0xCF, 0x7B, 0xCF, 0x7B, 0x79, 0xCE, 0x59, 0xCE, 0x59, 0xCE, 0x59, 0xCE, 0x59, 0xCE,
    0x59, 0xCE, 0x59, 0xCE, 0xC7, 0x39, 0x1C, 0xDF, 0x1C, 0xE7, 0x3C, 0xE7, 0x5D, 0xEF, 0x7D, 0xEF,
    0x9F, 0x19, 0x9F, 0x19, 0x9F, 0x19, 0x9F, 0x19, 0x9F, 0x19, 0x9F, 0x19, 0x9F, 0x19, 0x9F, 0x19,
    0x9F, 0x19, 0x9F, 0x19, 0x9F, 0x19, 0x9F, 0x19, 0x9F, 0x19, 0x9F, 0x19, 0x9F, 0x19, 0x9F, 0x19,
    0x9F, 0x19, 0x9F, 0x19, 0x9F, 0x19, 0x9F, 0x19, 0x9F, 0x19, 0x9F, 0x19, 0x9F, 0x19, 0x9F, 0x19,
    0x9F, 0x19, 0x9F, 0x19, 0x9F, 0x19, 0x9F, 0x19, 0x9F, 0x19, 0x9F, 0x19, 0x9F, 0x19, 0x9F, 0x19,
    0x9F, 0x19, 0x9F, 0x19, 0x9F, 0x19, 0x9F, 0x19, 0x9F, 0x19, 0x9F, 0x19, 0x9F, 0x19, 0x9F, 0x19,
    0x9F, 0x19, 0x9F, 0x19, 0x9F, 0x19, 0x9F, 0x19, 0x9F, 0x19, 0x9F, 0x19, 0x9F, 0x19, 0x9F, 0x19,
    0x9F, 0x19, 0x9F, 0x19, 0x9F, 0x19, 0x9F, 0x19, 0x9F, 0x19, 0x9F, 0x19, 0x9F, 0x19, 0x9F, 0x19,
    0x9F, 0x19, 0x9F, 0x19, 0x9F, 0x19, 0x9F, 0x19, 0x9F, 0x19, 0x9F, 0x19, 0x9F, 0x19, 0x9F, 0x19,
    0x9F, 0x19, 0x9F, 0x19, 0x9F, 0x19, 0x9F, 0x19, 0x9F, 0x19, 0x9F, 0x19, 0x9F, 0x19, 0x9F, 0x19,
    0x9F, 0x19, 0x9F, 0x19, 0x9F, 0x19, 0x9F, 0x19, 0x9F, 0x19, 0x9F, 0x19, 0x9F, 0x19, 0x9F, 0x19,
    0x9F, 0x19, 0x9F, 0x19, 0x9F, 0x19, 0x9F, 0x19, 0x9F, 0x19, 0x9F, 0x19, 0x9F, 0x19, 0x9F, 0x19,
    0x9F, 0x19, 0x9F, 0x19, 0x9F, 0x19, 0x9F, 0x19, 0x9F, 0x19, 0x9F, 0x19, 0x9F, 0x19, 0x9F, 0x19,
    0x9F, 0x19, 0x9F, 0x19, 0x9F, 0x19, 0x9F, 0x19, 0x9F, 0x19, 0x9F, 0x19, 0x9F, 0x19, 0x9F, 0x19,
    0x9F, 0x19, 0x9F, 0x19, 0x9F, 0x19, 0x9F, 0x19, 0x9F, 0x19, 0x9F, 0x19, 0x9F, 0x19, 0x9F, 0x19,
    0x9F, 0x19, 0x9F, 0x19, 0x9F, 0x19, 0x5F, 0x32, 0x9F, 0xF7, 0xFF, 0xFF, 0x9F, 0xF7, 0x3F, 0xE7,
    0xFF, 0xFF, 0xFF, 0x6B, 0x9F, 0x19, 0x3F, 0x53, 0xFF, 0xFF, 0x9F, 0xAD, 0x9F, 0x19, 0x9F, 0x19,
    0x9F, 0x19, 0xFF, 0xFF, 0x7F, 0xC6, 0x9F, 0x19, 0x9F, 0x19, 0x9F, 0x19, 0x3F, 0x53, 0xFF, 0xFF,
    0xFF, 0x6B, 0x9F, 0x19, 0x9F, 0x19, 0x9F, 0x19, 0x9F, 0x19, 0x9F, 0x19, 0x9F, 0x19, 0x9F, 0x19,
    0x9F, 0x19, 0x9F, 0x19, 0xBF, 0x21, 0x1F, 0x2A, 0xFE, 0x94, 0x7D, 0xEF, 0x7D, 0xEF, 0x7D, 0xEF,
    0x7D, 0xEF, 0x9E, 0xF7, 0x9E, 0xF7, 0x24, 0x21, 0xD9, 0xDB, 0xD9, 0xDB, 0xD9, 0xDB, 0xD9, 0xDB,
    0xD9, 0xDB, 0xD9, 0xDB, 0xD9, 0xDB, 0xD9, 0xDB, 0xD9, 0xDB, 0xD9, 0xDB, 0xD9, 0xDB, 0xD9, 0xDB,
    0xD9, 0xDB, 0xD9, 0xDB, 0xF9, 0xDB, 0x1A, 0xE4, 0x3A, 0xE4, 0x8E, 0x7A, 0x24, 0x21, 0x24, 0x21,
    0x24, 0x21, 0xCA, 0x51, 0xD9, 0xDB, 0xD9, 0xDB, 0xD9, 0xDB, 0xD9, 0xDB, 0xD9, 0xDB, 0xD9, 0xDB,
    0xD9, 0xDB, 0xD9, 0xDB, 0x2C, 0x6A, 0x24, 0x21, 0x24, 0x21, 0x24, 0x21, 0x2B, 0x62, 0x3A, 0xE4,
    0x1A, 0xE4, 0xF9, 0xDB, 0xD9, 0xDB, 0xD9, 0xDB, 0xD9, 0xDB, 0xD9, 0xDB, 0xD9, 0xDB, 0xD9, 0xDB,
    0xD9, 0xDB, 0xD9, 0xDB, 0xD9, 0xDB, 0x24, 0x21, 0x38, 0xC6, 0x38, 0xC6, 0x38, 0xC6, 0x38, 0xC6,
    0x59, 0xCE, 0x59, 0xCE, 0x79, 0xCE, 0xAE, 0x73, 0xAE, 0x73, 0xAE, 0x73, 0xAE, 0x73, 0xAE, 0x73,
    0xAE, 0x73, 0xAE, 0x73, 0xAE, 0x73, 0xAE, 0x73, 0xAE, 0x73, 0xAE, 0x73, 0xCF, 0x7B, 0xCF, 0x7B,
    0xCF, 0x7B, 0xAE, 0x73, 0xCF, 0x7B, 0xCF, 0x7B, 0xAE, 0x73, 0xCF, 0x7B, 0xAE, 0x73, 0xCF, 0x7B,
    0xCF, 0x7B, 0xCF, 0x7B, 0xCF, 0x7B, 0xAE, 0x73, 0xAE, 0x73, 0xCF, 0x7B, 0xCF, 0x7B, 0xCF, 0x7B,
    0xCF, 0x7B, 0xAE, 0x73, 0xAE, 0x73, 0xCF, 0x7B, 0xCF, 0x7B, 0xCF, 0x7B, 0xAE, 0x73, 0xAE, 0x73,
    0xAE, 0x73, 0xAE, 0x73, 0xAF, 0x73, 0xCF, 0x7B, 0xCF, 0x7B, 0xCF, 0x7B, 0xAE, 0x73, 0xAE, 0x73,
    0xAE, 0x73, 0xCF, 0x7B, 0xCF, 0x7B, 0xCF, 0x7B, 0xCF, 0x7B, 0xCF, 0x7B, 0xCF, 0x7B, 0xAE, 0x73,
    0xCF, 0x7B, 0xAE, 0x73, 0xAE, 0x73, 0xAE, 0x73, 0xCF, 0x7B, 0xCF, 0x7B, 0xCF, 0x7B, 0xCF, 0x7B,
    0xCF, 0x7B, 0xCF, 0x7B, 0xAE, 0x73, 0xAE, 0x73, 0xCF, 0x7B, 0xCF, 0x7B, 0xAE, 0x73, 0xCF, 0x7B,
    0xCF, 0x7B, 0xAE, 0x73, 0x08, 0x42, 0x08, 0x42, 0x08, 0x42, 0x08, 0x42, 0xF3, 0x9C, 0xD7, 0xBD,
    0x69, 0x4A, 0x08, 0x42, 0x08, 0x42, 0x08, 0x42, 0x08, 0x42, 0x8E, 0x73, 0xFF, 0xFF, 0x08, 0x42,
    0x08, 0x42, 0xD7, 0xBD, 0x38, 0xC6, 0x08, 0x42, 0x79, 0xCE, 0x14, 0xA5, 0x08, 0x42, 0x28, 0x42,
    0xCF, 0x7B, 0xAE, 0x73, 0xCF, 0x7B, 0x79, 0xCE, 0x59, 0xCE, 0x59, 0xCE, 0x59, 0xCE, 0x59, 0xCE,
    0x59, 0xCE, 0x59, 0xCE, 0xC7, 0x39, 0xFB, 0xDE, 0x1C, 0xE7, 0x3C, 0xE7, 0x5D, 0xEF, 0x7D, 0xEF,
    0x9F, 0x19, 0x9F, 0x19, 0x9F, 0x19, 0x9F, 0x19, 0x9F, 0x19, 0x9F, 0x19, 0x9F, 0x19, 0x9F, 0x19,
    0x9F, 0x19, 0x9F, 0x19, 0x9F, 0x19, 0x9F, 0x19, 0x9F, 0x19, 0x9F, 0x19, 0x9F, 0x19, 0x9F, 0x19,
    0x9F, 0x19, 0x9F, 0x19, 0x9F, 0x19, 0x9F, 0x19, 0x9F, 0x19, 0x9F, 0x19, 0x9F, 0x19, 0x9F, 0x19,
    0x9F, 0x19, 0x9F, 0x19, 0x9F, 0x19, 0x9F, 0x19, 0x9F, 0x19, 0x9F, 0x19, 0x9F, 0x19, 0x9F, 0x19,
    0x9F, 0x19, 0x9F, 0x19, 0x9F, 0x19, 0x9F, 0x19, 0x9F, 0x19, 0x9F, 0x19, 0x9F, 0x19, 0x9F, 0x19,
    0x9F, 0x19, 0x9F, 0x19, 0x9F, 0x19, 0x9F, 0x19, 0x9F, 0x19, 0x9F, 0x19, 0x9F, 0x19, 0x9F, 0x19,
    0x9F, 0x19, 0x9F, 0x19, 0x9F, 0x19, 0x9F, 0x19, 0x9F, 0x19, 0x9F, 0x19, 0x9F, 0x19, 0x9F, 0x19,
    0x9F, 0x19, 0x9F, 0x19, 0x9F, 0x19, 0x9F, 0x19, 0x9F, 0x19, 0x9F, 0x19, 0x9F, 0x19, 0x9F, 0x19,
    0x9F, 0x19, 0x9F, 0x19, 0x9F, 0x19, 0x9F, 0x19, 0x9F, 0x19, 0x9F, 0x19, 0x9F, 0x19, 0x9F, 0x19,
    0x9F, 0x19, 0x9F, 0x19, 0x9F, 0x19, 0x9F, 0x19, 0x9F, 0x19, 0x9F, 0x19, 0x9F, 0x19, 0x9F, 0x19,
    0x9F, 0x19, 0x9F, 0x19, 0x9F, 0x19, 0x9F, 0x19, 0x9F, 0x19, 0x9F, 0x19, 0x9F, 0x19, 0x9F, 0x19,
    0x9F, 0x19, 0x9F, 0x19, 0x9F, 0x19, 0x9F, 0x19, 0x9F, 0x19, 0x9F, 0x19, 0x9F, 0x19, 0x9F, 0x19,
    0x9F, 0x19, 0x9F, 0x19, 0x9F, 0x19, 0x9F, 0x19, 0x9F, 0x19, 0x9F, 0x19, 0x9F, 0x19, 0x9F, 0x19,
    0x9F, 0x19, 0x9F, 0x19, 0x9F, 0x19, 0x9F, 0x19, 0x9F, 0x19, 0x9F, 0x19, 0x9F, 0x19, 0x9F, 0x19,
    0x9F, 0x19, 0x9F, 0x19, 0x9F, 0x19, 0x3F, 0xE7, 0xFF, 0xFF, 0xDF, 0x8C, 0x9F, 0x19, 0x9F, 0x19,
    0x5F, 0x32, 0xFF, 0x21, 0x9F, 0x19, 0x3F, 0x53, 0xFF, 0xFF, 0x9F, 0xAD, 0x9F, 0x19, 0x9F, 0x19,
    0x9F, 0x19, 0xFF, 0xFF, 0x7F, 0xC6, 0x9F, 0x19, 0x9F, 0x19, 0x9F, 0x19, 0x9F, 0xAD, 0xFF, 0xFF,
    0xFF, 0x21, 0x9F, 0x19, 0x5F, 0x7C, 0x9F, 0xAD, 0x9F, 0xAD, 0xFF, 0x6B, 0xFF, 0x21, 0x9F, 0x19,
    0x9F, 0x19, 0x9F, 0x19, 0xBF, 0x21, 0x1F, 0x2A, 0xDE, 0x94, 0x7D, 0xEF, 0x7D, 0xEF, 0x7D, 0xEF,
    0x7D, 0xEF, 0x7D, 0xEF, 0x9E, 0xF7, 0x24, 0x21, 0xD9, 0xDB, 0xD9, 0xDB, 0xD9, 0xDB, 0xD9, 0xDB,
    0xD9, 0xDB, 0xD9, 0xDB, 0xD9, 0xDB, 0xD9, 0xDB, 0xD9, 0xDB, 0xD9, 0xDB, 0xD9, 0xDB, 0xD9, 0xDB,
    0xD9, 0xDB, 0xD9, 0xDB, 0xFA, 0xDB, 0x1A, 0xE4, 0x3A, 0xE4, 0x95, 0xB3, 0x24, 0x21, 0x24, 0x21,
    0x24, 0x21, 0x24, 0x21, 0x8F, 0x82, 0xD9, 0xDB, 0xD9, 0xDB, 0xD9, 0xDB, 0xD9, 0xDB, 0xD9, 0xDB,
    0xD9, 0xDB, 0x8F, 0x82, 0x24, 0x21, 0x24, 0x21, 0x24, 0x21, 0x24, 0x21, 0x32, 0x9B, 0x3A, 0xE4,
    0x1A, 0xE4, 0xFA, 0xDB, 0xD9, 0xDB, 0xD9, 0xDB, 0xD9, 0xDB, 0xD9, 0xDB, 0xD9, 0xDB, 0xD9, 0xDB,
    0xD9, 0xDB, 0xD9, 0xDB, 0xD9, 0xDB, 0x24, 0x21, 0x38, 0xC6, 0x38, 0xC6, 0x38, 0xC6, 0x38, 0xC6,
    0x38, 0xC6, 0x59, 0xCE, 0x79, 0xCE, 0x71, 0x8C, 0xAE, 0x73, 0xAE, 0x73, 0xAE, 0x73, 0xAE, 0x73,
    0xAE, 0x73, 0xAE, 0x73, 0xAE, 0x73, 0xAE, 0x73, 0xAE, 0x73, 0xAE, 0x73, 0xCF, 0x7B, 0xCF, 0x7B,
    0xCF, 0x7B, 0xCF, 0x7B, 0xAE, 0x73, 0xCF, 0x7B, 0xAE, 0x73, 0xCF, 0x7B, 0xCF, 0x7B, 0xAE, 0x73,
    0xCF, 0x7B, 0xCF, 0x7B, 0xCF, 0x7B, 0xAE, 0x73, 0xCF, 0x7B, 0xAE, 0x73, 0xAE, 0x73, 0xCF, 0x7B,
    0xCF, 0x7B, 0xCF, 0x7B, 0xCF, 0x7B, 0xCF, 0x7B, 0xCF, 0x7B, 0xCF, 0x7B, 0xAE, 0x73, 0xAE, 0x73,
    0xCF, 0x7B, 0xCF, 0x7B, 0xAE, 0x73, 0xCF, 0x7B, 0xCF, 0x7B, 0xAE, 0x73, 0xCF, 0x7B, 0xCF, 0x7B,
    0xCF, 0x7B, 0xCF, 0x7B, 0xCF, 0x7B, 0xAE, 0x73, 0xCF, 0x7B, 0xCF, 0x7B, 0xCF, 0x7B, 0xAE, 0x73,
    0xCF, 0x7B, 0xCF, 0x7B, 0xAE, 0x73, 0xCF, 0x7B, 0xCF, 0x7B, 0xCF, 0x7B, 0xCF, 0x7B, 0xCF, 0x7B,
    0xAE, 0x73, 0xCF, 0x7B, 0xAE, 0x73, 0xAE, 0x73, 0xCF, 0x7B, 0xCF, 0x7B, 0xAE, 0x73, 0xCF, 0x7B,
    0xAE, 0x73, 0xCF, 0x7B, 0x08, 0x42, 0x08, 0x42, 0x08, 0x42, 0x51, 0x8C, 0xD7, 0xBD, 0x08, 0x42,
    0x08, 0x42, 0x08, 0x42, 0x08, 0x42, 0x08, 0x42, 0x08, 0x42, 0x8E, 0x73, 0xFF, 0xFF, 0x08, 0x42,
    0x08, 0x42, 0xD7, 0xBD, 0xD7, 0xBD, 0x08, 0x42, 0x79, 0xCE, 0x14, 0xA5, 0x08, 0x42, 0x28, 0x42,
    0xCF, 0x7B, 0xAE, 0x73, 0xAE, 0x73, 0x79, 0xCE, 0x59, 0xCE, 0x59, 0xCE, 0x59, 0xCE, 0x59, 0xCE,
    0x59, 0xCE, 0x59, 0xCE, 0xC7, 0x39, 0x1C, 0xDF, 0x1C, 0xE7, 0x3C, 0xE7, 0x5D, 0xEF, 0x7D, 0xEF,
    0x9F, 0x19, 0x9F, 0x19, 0x9F, 0x19, 0x9F, 0x19, 0x9F, 0x19, 0x9F, 0x19, 0x9F, 0x19, 0x9F, 0x19,
    0x9F, 0x19, 0x9F, 0x19, 0x9F, 0x19, 0x9F, 0x19, 0x9F, 0x19, 0x9F, 0x19, 0x9F, 0x19, 0x9F, 0x19,
    0x9F, 0x19, 0x9F, 0x19, 0x9F, 0x19, 0x9F, 0x19, 0x9F, 0x19, 0x9F, 0x19, 0x9F, 0x19, 0x9F, 0x19,
    0x9F, 0x19, 0x9F, 0x19, 0x9F, 0x19, 0x9F, 0x19, 0x9F, 0x19, 0x9F, 0x19, 0x9F, 0x19, 0x9F, 0x19,
    0x9F, 0x19, 0x9F, 0x19, 0x9F, 0x19, 0x9F, 0x19, 0x9F, 0x19, 0x9F, 0x19, 0x9F, 0x19, 0x9F, 0x19,
    0x9F, 0x19, 0x9F, 0x19, 0x9F, 0x19, 0x9F, 0x19, 0x9F, 0x19, 0x9F, 0x19, 0x9F, 0x19, 0x9F, 0x19,
    0x9F, 0x19, 0x9F, 0x19, 0x9F, 0x19, 0x9F, 0x19, 0x9F, 0x19, 0x9F, 0x19, 0x9F, 0x19, 0x9F, 0x19,
    0x9F, 0x19, 0x9F, 0x19, 0x9F, 0x19, 0x9F, 0x19, 0x9F, 0x19, 0x9F, 0x19, 0x9F, 0x19, 0x9F, 0x19,
    0x9F, 0x19, 0x9F, 0x19, 0x9F, 0x19, 0x9F, 0x19, 0x9F, 0x19, 0x9F, 0x19, 0x9F, 0x19, 0x9F, 0x19,
    0x9F, 0x19, 0x9F, 0x19, 0x9F, 0x19, 0x9F, 0x19, 0x9F, 0x19, 0x9F, 0x19, 0x9F, 0x19, 0x9F, 0x19,
    0x9F, 0x19, 0x9F, 0x19, 0x9F, 0x19, 0x9F, 0x19, 0x9F, 0x19, 0x9F, 0x19, 0x9F, 0x19, 0x9F, 0x19,
    0x9F, 0x19, 0x9F, 0x19, 0x9F, 0x19, 0x9F, 0x19, 0x9F, 0x19, 0x9F, 0x19, 0x9F, 0x19, 0x9F, 0x19,
    0x9F, 0x19, 0x9F, 0x19, 0x9F, 0x19, 0x9F, 0x19, 0x9F, 0x19, 0x9F, 0x19, 0x9F, 0x19, 0x9F, 0x19,
    0x9F, 0x19, 0x9F, 0x19, 0x9F, 0x19, 0x9F, 0x19, 0x9F, 0x19, 0x9F, 0x19, 0x9F, 0x19, 0x9F, 0x19,
    0x9F, 0x19, 0x9F, 0x19, 0xBF, 0x42, 0xFF, 0xFF, 0x7F, 0xC6, 0x9F, 0x19, 0x9F, 0x19, 0x9F, 0x19,
    0x9F, 0x19, 0x9F, 0x19, 0x9F, 0x19, 0x3F, 0x53, 0xFF, 0xFF, 0xFF, 0xB5, 0x3F, 0x53, 0x3F, 0x53,
    0x3F, 0x53, 0xFF, 0xFF, 0x7F, 0xC6, 0x9F, 0x19, 0x9F, 0x19, 0x9F, 0x19, 0x9F, 0xF7, 0x9F, 0xAD,
    0x9F, 0x19, 0x5F, 0x7C, 0xFF, 0xFF, 0x7F, 0xC6, 0x7F, 0xC6, 0x9F, 0xF7, 0xFF, 0x21, 0x9F, 0x19,
    0x9F, 0x19, 0x9F, 0x19, 0xBF, 0x21, 0x1F, 0x2A, 0xFE, 0x94, 0x7D, 0xEF, 0x7D, 0xEF, 0x7D, 0xEF,
    0x7D, 0xEF, 0x9E, 0xF7, 0x9E, 0xF7, 0x24, 0x21, 0xD9, 0xDB, 0xD9, 0xDB, 0xD9, 0xDB, 0xD9, 0xDB,
    0xD9, 0xDB, 0xD9, 0xDB, 0xD9, 0xDB, 0xD9, 0xDB, 0xD9, 0xDB, 0xD9, 0xDB, 0xD9, 0xDB, 0xD9, 0xDB,
    0xD9, 0xDB, 0xD9, 0xDB, 0xF9, 0xDB, 0x1A, 0xE4, 0x3A, 0xE4, 0x7A, 0xE4, 0x4B, 0x62, 0x24, 0x21,
    0x24, 0x21, 0x24, 0x21, 0x24, 0x21, 0x2C, 0x6A, 0x34, 0xB3, 0xD9, 0xDB, 0xB8, 0xD3, 0x34, 0xB3,
    0xCA, 0x51, 0x24, 0x21, 0x24, 0x21, 0x24, 0x21, 0x24, 0x21, 0x87, 0x39, 0x7A, 0xE4, 0x5A, 0xE4,
    0x1A, 0xE4, 0xF9, 0xDB, 0xD9, 0xDB, 0xD9, 0xDB, 0xD9, 0xDB, 0xD9, 0xDB, 0xD9, 0xDB, 0xD9, 0xDB,
    0xD9, 0xDB, 0xD9, 0xDB, 0xD9, 0xDB, 0x24, 0x21, 0x38, 0xC6, 0x38, 0xC6, 0x38, 0xC6, 0x38, 0xC6,
    0x38, 0xC6, 0x59, 0xCE, 0x59, 0xCE, 0x79, 0xCE, 0xF3, 0x9C, 0xAE, 0x73, 0xAE, 0x73, 0xAE, 0x73,
    0xAE, 0x73, 0xAE, 0x73, 0xAE, 0x73, 0xAE, 0x73, 0xAE, 0x73, 0xAE, 0x73, 0xAE, 0x73, 0xAE, 0x73,
    0xCF, 0x7B, 0xAE, 0x73, 0xCF, 0x7B, 0xCF, 0x7B, 0xAE, 0x73, 0xAE, 0x73, 0xCF, 0x7B, 0xCF, 0x7B,
    0xCF, 0x7B, 0xCF, 0x7B, 0xCF, 0x7B, 0xAE, 0x73, 0xCF, 0x7B, 0xAE, 0x73, 0xCF, 0x7B, 0xAE, 0x73,
    0xAE, 0x73, 0xAE, 0x73, 0xCF, 0x7B, 0xCF, 0x7B, 0xCF, 0x7B, 0xCF, 0x7B, 0xAE, 0x73, 0xCF, 0x7B,
    0xCF, 0x7B, 0xAE, 0x73, 0xAE, 0x73, 0xCF, 0x7B, 0xCF, 0x7B, 0xCF, 0x7B, 0xCF, 0x7B, 0xAE, 0x73,
    0xCF, 0x7B, 0xAE, 0x73, 0xAE, 0x73, 0xAE, 0x73, 0xCF, 0x7B, 0xAE, 0x73, 0xAE, 0x73, 0xAE, 0x73,
    0xCF, 0x7B, 0xAE, 0x73, 0xCF, 0x7B, 0xAE, 0x73, 0xCF, 0x7B, 0xAE, 0x73, 0xCF, 0x7B, 0xCF, 0x7B,
    0xAE, 0x73, 0xCF, 0x7B, 0xAE, 0x73, 0xCF, 0x7B, 0xCF, 0x7B, 0xCF, 0x7B, 0xCF, 0x7B, 0xCF, 0x7B,
    0xAE, 0x73, 0xAE, 0x73, 0x08, 0x42, 0x08, 0x42, 0x08, 0x42, 0x08, 0x42, 0x08, 0x42, 0x08, 0x42,
    0x08, 0x42, 0x08, 0x42, 0x08, 0x42, 0x08, 0x42, 0x08, 0x42, 0x8E, 0x73, 0xFF, 0xFF, 0x08, 0x42,
    0x08, 0x42, 0xD7, 0xBD, 0xD7, 0xBD, 0x08, 0x42, 0x79, 0xCE, 0x14, 0xA5, 0x08, 0x42, 0x28, 0x42,
    0xCF, 0x7B, 0xAE, 0x73, 0xCF, 0x7B, 0x79, 0xCE, 0x59, 0xCE, 0x59, 0xCE, 0x59, 0xCE, 0x59, 0xCE,
    0x59, 0xCE, 0x59, 0xCE, 0xC7, 0x39, 0x1C, 0xDF, 0x1C, 0xE7, 0x3C, 0xE7, 0x5D, 0xEF, 0x7D, 0xEF,
    0x9F, 0x19, 0x9F, 0x19, 0x9F, 0x19, 0x9F, 0x19, 0x9F, 0x19, 0x9F, 0x19, 0x9F, 0x19, 0x9F, 0x19,
    0x9F, 0x19, 0x9F, 0x19, 0x9F, 0x19, 0x9F, 0x19, 0x9F, 0x19, 0x9F, 0x19, 0x9F, 0x19, 0x9F, 0x19,
    0x9F, 0x19, 0x9F, 0x19, 0x9F, 0x19, 0x9F, 0x19, 0x9F, 0x19, 0x9F, 0x19, 0x9F, 0x19, 0x9F, 0x19,
    0x9F, 0x19, 0x9F, 0x19, 0x9F, 0x19, 0x9F, 0x19, 0x9F, 0x19, 0x9F, 0x19, 0x9F, 0x19, 0x9F, 0x19,
    0x9F, 0x19, 0x9F, 0x19, 0x9F, 0x19, 0x9F, 0x19, 0x9F, 0x19, 0x9F, 0x19, 0x9F, 0x19, 0x9F, 0x19,
    0x9F, 0x19, 0x9F, 0x19, 0x9F, 0x19, 0x9F, 0x19, 0x9F, 0x19, 0x9F, 0x19, 0x9F, 0x19, 0x9F, 0x19,
    0x9F, 0x19, 0x9F, 0x19, 0x9F, 0x19, 0x9F, 0x19, 0x9F, 0x19, 0x9F, 0x19, 0x9F, 0x19, 0x9F, 0x19,
    0x9F, 0x19, 0x9F, 0x19, 0x9F, 0x19, 0x9F, 0x19, 0x9F, 0x19, 0x9F, 0x19, 0x9F, 0x19, 0x9F, 0x19,
    0x9F, 0x19, 0x9F, 0x19, 0x9F, 0x19, 0x9F, 0x19, 0x9F, 0x19, 0x9F, 0x19, 0x9F, 0x19, 0x9F, 0x19,
    0x9F, 0x19, 0x9F, 0x19, 0x9F, 0x19, 0x9F, 0x19, 0x9F, 0x19, 0x9F, 0x19, 0x9F, 0x19, 0x9F, 0x19,
    0x9F, 0x19, 0x9F, 0x19, 0x9F, 0x19, 0x9F, 0x19, 0x9F, 0x19, 0x9F, 0x19, 0x9F, 0x19, 0x9F, 0x19,
    0x9F, 0x19, 0x9F, 0x19, 0x9F, 0x19, 0x9F, 0x19, 0x9F, 0x19, 0x9F, 0x19, 0x9F, 0x19, 0x9F, 0x19,
    0x9F, 0x19, 0x9F, 0x19, 0x9F, 0x19, 0x9F, 0x19, 0x9F, 0x19, 0x9F, 0x19, 0x9F, 0x19, 0x9F, 0x19,
    0x9F, 0x19, 0x9F, 0x19, 0x9F, 0x19, 0x9F, 0x19, 0x9F, 0x19, 0x9F, 0x19, 0x9F, 0x19, 0x9F, 0x19,
    0x9F, 0x19, 0x9F, 0x19, 0x3F, 0x53, 0xFF, 0xFF, 0x9F, 0xAD, 0x9F, 0x19, 0x5F, 0x7C, 0x5F, 0xC6,
    0x5F, 0xC6, 0x3F, 0x9D, 0x9F, 0x19, 0x3F, 0x53, 0xFF, 0xFF, 0xFF, 0xFF, 0xFF, 0xFF, 0xFF, 0xFF,
    0xFF, 0xFF, 0xFF, 0xFF, 0x7F, 0xC6, 0x9F, 0x19, 0x9F, 0x19, 0xFF, 0x6B, 0xFF, 0xFF, 0x3F, 0x53,
    0x9F, 0x19, 0x9F, 0xAD, 0xFF, 0xFF, 0xBF, 0x8C, 0xFF, 0x21, 0xFF, 0x21, 0x9F, 0x19, 0x9F, 0x19,
    0x9F, 0x19, 0x9F, 0x19, 0xDF, 0x21, 0x1F, 0x2A, 0xFE, 0x94, 0x7D, 0xEF, 0x7D, 0xEF, 0x7D, 0xEF,
    0x7D, 0xEF, 0x7D, 0xEF, 0x9E, 0xF7, 0x24, 0x21, 0xD9, 0xDB, 0xD9, 0xDB, 0xD9, 0xDB, 0xD9, 0xDB,
    0xD9, 0xDB, 0xD9, 0xDB, 0xD9, 0xDB, 0xD9, 0xDB, 0xD9, 0xDB, 0xD9, 0xDB, 0xD9, 0xDB, 0xD9, 0xDB,
    0xD9, 0xDB, 0xD9, 0xDB, 0xF9, 0xDB, 0x1A, 0xE4, 0x3A, 0xE4, 0x7A, 0xE4, 0x59, 0xDC, 0xA7, 0x39,
    0x24, 0x21, 0x24, 0x21, 0x24, 0x21, 0x24, 0x21, 0x24, 0x21, 0x24, 0x21, 0x24, 0x21, 0x24, 0x21,
    0x24, 0x21, 0x24, 0x21, 0x24, 0x21, 0x24, 0x21, 0xA7, 0x39, 0x38, 0xCC, 0x7A, 0xE4, 0x3A, 0xE4,
    0x1A, 0xE4, 0xF9, 0xDB, 0xD9, 0xDB, 0xD9, 0xDB, 0xD9, 0xDB, 0xD9, 0xDB, 0xD9, 0xDB, 0xD9, 0xDB,
    0xD9, 0xDB, 0xD9, 0xDB, 0xD9, 0xDB, 0x24, 0x21, 0x38, 0xC6, 0x38, 0xC6, 0x38, 0xC6, 0x38, 0xC6,
    0x38, 0xC6, 0x59, 0xCE, 0x59, 0xCE, 0x79, 0xCE, 0x9A, 0xD6, 0x34, 0xA5, 0xAE, 0x73, 0xAE, 0x73,
    0xAE, 0x73, 0xAE, 0x73, 0xAE, 0x73, 0xAE, 0x73, 0xAE, 0x73, 0xAE, 0x73, 0xAE, 0x73, 0xAE, 0x73,
    0xAE, 0x73, 0xCF, 0x7B, 0xCF, 0x7B, 0xCF, 0x7B, 0xCF, 0x7B, 0xCF, 0x7B, 0xAE, 0x73, 0xAE, 0x73,
    0xCF, 0x7B, 0xCF, 0x7B, 0xCF, 0x7B, 0xAE, 0x73, 0xCF, 0x7B, 0xCF, 0x7B, 0xCF, 0x7B, 0xCF, 0x7B,
    0xCF, 0x7B, 0xAE, 0x73, 0xCF, 0x7B, 0xAE, 0x73, 0xCF, 0x7B, 0xCF, 0x7B, 0xCF, 0x7B, 0xCF, 0x7B,
    0xCF, 0x7B, 0xCF, 0x7B, 0xCF, 0x7B, 0xAE, 0x73, 0xCF, 0x7B, 0xAE, 0x73, 0xCF, 0x7B, 0xCF, 0x7B,
    0xAE, 0x73, 0xCF, 0x7B, 0xAE, 0x73, 0xAE, 0x73, 0xAE, 0x73, 0xAE, 0x73, 0xCF, 0x7B, 0xAE, 0x73,
    0xCF, 0x7B, 0xAE, 0x73, 0xAE, 0x73, 0xCF, 0x7B, 0xCF, 0x7B, 0xAF, 0x73, 0xCF, 0x7B, 0xAE, 0x73,
    0xCF, 0x7B, 0xCF, 0x7B, 0xCF, 0x7B, 0xCF, 0x7B, 0xAE, 0x73, 0xCF, 0x7B, 0xCF, 0x7B, 0xCF, 0x7B,
    0xCF, 0x7B, 0xCF, 0x7B, 0x28, 0x42, 0x08, 0x42, 0x08, 0x42, 0x08, 0x42, 0x08, 0x42, 0x08, 0x42,
    0x08, 0x42, 0x08, 0x42, 0x08, 0x42, 0x08, 0x42, 0x08, 0x42, 0x08, 0x42, 0xCB, 0x5A, 0x08, 0x42,
    0x08, 0x42, 0x69, 0x4A, 0x69, 0x4A, 0x08, 0x42, 0x69, 0x4A, 0x69, 0x4A, 0x08, 0x42, 0x49, 0x4A,
    0xAE, 0x73, 0xCF, 0x7B, 0xCF, 0x7B, 0x79, 0xCE, 0x59, 0xCE, 0x59, 0xCE, 0x59, 0xCE, 0x59, 0xCE,
    0x59, 0xCE, 0x59, 0xCE, 0xC7, 0x39, 0x1C, 0xDF, 0x1C, 0xE7, 0x3C, 0xE7, 0x5D, 0xEF, 0x7D, 0xEF,
    0x9F, 0x19, 0x9F, 0x19, 0x9F, 0x19, 0x9F, 0x19, 0x9F, 0x19, 0x9F, 0x19, 0x9F, 0x19, 0x9F, 0x19,
    0x9F, 0x19, 0x9F, 0x19, 0x9F, 0x19, 0x9F, 0x19, 0x9F, 0x19, 0x9F, 0x19, 0x9F, 0x19, 0x9F, 0x19,
    0x9F, 0x19, 0x9F, 0x19, 0x9F, 0x19, 0x9F, 0x19, 0x9F, 0x19, 0x9F, 0x19, 0x9F, 0x19, 0x9F, 0x19,
    0x9F, 0x19, 0x9F, 0x19, 0x9F, 0x19, 0x9F, 0x19, 0x9F, 0x19, 0x9F, 0x19, 0x9F, 0x19, 0x9F, 0x19,
    0x9F, 0x19, 0x9F, 0x19, 0x9F, 0x19, 0x9F, 0x19, 0x9F, 0x19, 0x9F, 0x19, 0x9F, 0x19, 0x9F, 0x19,
    0x9F, 0x19, 0x9F, 0x19, 0x9F, 0x19, 0x9F, 0x19, 0x9F, 0x19, 0x9F, 0x19, 0x9F, 0x19, 0x9F, 0x19,
    0x9F, 0x19, 0x9F, 0x19, 0x9F, 0x19, 0x9F, 0x19, 0x9F, 0x19, 0x9F, 0x19, 0x9F, 0x19, 0x9F, 0x19,
    0x9F, 0x19, 0x9F, 0x19, 0x9F, 0x19, 0x9F, 0x19, 0x9F, 0x19, 0x9F, 0x19, 0x9F, 0x19, 0x9F, 0x19,
    0x9F, 0x19, 0x9F, 0x19, 0x9F, 0x19, 0x9F, 0x19, 0x9F, 0x19, 0x9F, 0x19, 0x9F, 0x19, 0x9F, 0x19,
    0x9F, 0x19, 0x9F, 0x19, 0x9F, 0x19, 0x9F, 0x19, 0x9F, 0x19, 0x9F, 0x19, 0x9F, 0x19, 0x9F, 0x19,
    0x9F, 0x19, 0x9F, 0x19, 0x9F, 0x19, 0x9F, 0x19, 0x9F, 0x19, 0x9F, 0x19, 0x9F, 0x19, 0x9F, 0x19,
    0x9F, 0x19, 0x9F, 0x19, 0x9F, 0x19, 0x9F, 0x19, 0x9F, 0x19, 0x9F, 0x19, 0x9F, 0x19, 0x9F, 0x19,
    0x9F, 0x19, 0x9F, 0x19, 0x9F, 0x19, 0x9F, 0x19, 0x9F, 0x19, 0x9F, 0x19, 0x9F, 0x19, 0x9F, 0x19,
    0x9F, 0x19, 0x9F, 0x19, 0x9F, 0x19, 0x9F, 0x19, 0x9F, 0x19, 0x9F, 0x19, 0x9F, 0x19, 0x9F, 0x19,
    0x9F, 0x19, 0x9F, 0x19, 0x3F, 0x53, 0xFF, 0xFF, 0x9F, 0xAD, 0x9F, 0x19, 0xBF, 0x8C, 0x7F, 0xC6,
    0xFF, 0xFF, 0x7F, 0xC6, 0x9F, 0x19, 0x3F, 0x53, 0xFF, 0xFF, 0x7F, 0xC6, 0x3F, 0x53, 0x3F, 0x53,
    0x3F, 0x53, 0xFF, 0xFF, 0x7F, 0xC6, 0x9F, 0x19, 0x9F, 0x19, 0x5F, 0xC6, 0x3F, 0xE7, 0x9F, 0x19,
    0x9F, 0x19, 0x5F, 0x32, 0x3F, 0xE7, 0xFF, 0xFF, 0x3F, 0xE7, 0xBF, 0x8C, 0x9F, 0x19, 0x9F, 0x19,
    0x9F, 0x19, 0x9F, 0x19, 0xBF, 0x19, 0x1F, 0x2A, 0xFE, 0x94, 0x7D, 0xEF, 0x7D, 0xEF, 0x7D, 0xEF,
    0x7D, 0xEF, 0x7D, 0xEF, 0x9E, 0xF7, 0x86, 0x31, 0xB8, 0xD3, 0xD9, 0xDB, 0xD9, 0xDB, 0xD9, 0xDB,
    0xD9, 0xDB, 0xD9, 0xDB, 0xD9, 0xDB, 0xD9, 0xDB, 0xD9, 0xDB, 0xD9, 0xDB, 0xD9, 0xDB, 0xD9, 0xDB,
    0xD9, 0xDB, 0xD9, 0xDB, 0xF9, 0xDB, 0xFA, 0xE3, 0x3A, 0xE4, 0x5A, 0xE4, 0x9A, 0xE4, 0x58, 0xCC,
    0xA7, 0x39, 0x24, 0x21, 0x24, 0x21, 0x24, 0x21, 0x24, 0x21, 0x24, 0x21, 0x24, 0x21, 0x24, 0x21,
    0x24, 0x21, 0x24, 0x21, 0x24, 0x21, 0xA7, 0x39, 0x16, 0xC4, 0x9A, 0xE4, 0x5A, 0xE4, 0x3A, 0xE4,
    0xFA, 0xDB, 0xF9, 0xDB, 0xD9, 0xDB, 0xD9, 0xDB, 0xD9, 0xDB, 0xD9, 0xDB, 0xD9, 0xDB, 0xD9, 0xDB,
    0xD9, 0xDB, 0xD9, 0xDB, 0xD9, 0xDB, 0x24, 0x21, 0x38, 0xC6, 0x38, 0xC6, 0x38, 0xC6, 0x38, 0xC6,
    0x38, 0xC6, 0x59, 0xCE, 0x59, 0xCE, 0x79, 0xCE, 0x9A, 0xD6, 0x9A, 0xD6, 0xB6, 0xB5, 0xEF, 0x7B,
    0xAE, 0x73, 0xAE, 0x73, 0xAE, 0x73, 0xAE, 0x73, 0xAE, 0x73, 0xAE, 0x73, 0xAE, 0x73, 0xAE, 0x73,
    0xAE, 0x73, 0xCF, 0x7B, 0xCF, 0x7B, 0xAE, 0x73, 0xCF, 0x7B, 0xCF, 0x7B, 0xCF, 0x7B, 0xCF, 0x7B,
    0xCF, 0x7B, 0xCF, 0x7B, 0xCF, 0x7B, 0xAE, 0x73, 0xCF, 0x7B, 0xCF, 0x7B, 0xCF, 0x7B, 0xAE, 0x73,
    0xCF, 0x7B, 0xAE, 0x73, 0xCF, 0x7B, 0xAE, 0x73, 0xAE, 0x73, 0xCF, 0x7B, 0xCF, 0x7B, 0xCF, 0x7B,
    0xAE, 0x73, 0xCF, 0x7B, 0xCF, 0x7B, 0xCF, 0x7B, 0xCF, 0x7B, 0xCF, 0x7B, 0xCF, 0x7B, 0xCF, 0x7B,
    0xCF, 0x7B, 0xCF, 0x7B, 0xAE, 0x73, 0xCF, 0x7B, 0xAE, 0x73, 0xAE, 0x73, 0xCF, 0x7B, 0xCF, 0x7B,
    0xCF, 0x7B, 0xCF, 0x7B, 0xCF, 0x7B, 0xCF, 0x7B, 0xAF, 0x73, 0xCF, 0x7B, 0xCF, 0x7B, 0xCF, 0x7B,
    0xAE, 0x73, 0xAE, 0x73, 0xCF, 0x7B, 0xCF, 0x7B, 0xCF, 0x7B, 0xCF, 0x7B, 0xCF, 0x7B, 0xCF, 0x7B,
    0xCF, 0x7B, 0xCF, 0x7B, 0xEB, 0x5A, 0x28, 0x42, 0x08, 0x42, 0x08, 0x42, 0x08, 0x42, 0x08, 0x42,
    0x08, 0x42, 0x08, 0x42, 0x08, 0x42, 0x08, 0x42, 0x08, 0x42, 0x08, 0x42, 0x08, 0x42, 0x08, 0x42,
    0x08, 0x42, 0x08, 0x42, 0x08, 0x42, 0x08, 0x42, 0x08, 0x42, 0x08, 0x42, 0x28, 0x42, 0x2C, 0x63,
    0xCF, 0x7B, 0xCF, 0x7B, 0xCF, 0x7B, 0x79, 0xCE, 0x79, 0xCE, 0x59, 0xCE, 0x59, 0xCE, 0x59, 0xCE,
    0x59, 0xCE, 0x59, 0xCE, 0xC7, 0x39, 0x1C, 0xDF, 0x1C, 0xE7, 0x3C, 0xE7, 0x5D, 0xEF, 0x7D, 0xEF,
    0x9F, 0x19, 0x9F, 0x19, 0x9F, 0x19, 0x9F, 0x19, 0x9F, 0x19, 0x9F, 0x19, 0x9F, 0x19, 0x9F, 0x19,
    0x9F, 0x19, 0x9F, 0x19, 0x9F, 0x19, 0x9F, 0x19, 0x9F, 0x19, 0x9F, 0x19, 0x9F, 0x19, 0x9F, 0x19,
    0x9F, 0x19, 0x9F, 0x19, 0x9F, 0x19, 0x9F, 0x19, 0x9F, 0x19, 0x9F, 0x19, 0x9F, 0x19, 0x9F, 0x19,
    0x9F, 0x19, 0x9F, 0x19, 0x9F, 0x19, 0x9F, 0x19, 0x9F, 0x19, 0x9F, 0x19, 0x9F, 0x19, 0x9F, 0x19,
    0x9F, 0x19, 0x9F, 0x19, 0x9F, 0x19, 0x9F, 0x19, 0x9F, 0x19, 0x9F, 0x19, 0x9F, 0x19, 0x9F, 0x19,
    0x9F, 0x19, 0x9F, 0x19, 0x9F, 0x19, 0x9F, 0x19, 0x9F, 0x19, 0x9F, 0x19, 0x9F, 0x19, 0x9F, 0x19,
    0x9F, 0x19, 0x9F, 0x19, 0x9F, 0x19, 0x9F, 0x19, 0x9F, 0x19, 0x9F, 0x19, 0x9F, 0x19, 0x9F, 0x19,
    0x9F, 0x19, 0x9F, 0x19, 0x9F, 0x19, 0x9F, 0x19, 0x9F, 0x19, 0x9F, 0x19, 0x9F, 0x19, 0x9F, 0x19,
    0x9F, 0x19, 0x9F, 0x19, 0x9F, 0x19, 0x9F, 0x19, 0x9F, 0x19, 0x9F, 0x19, 0x9F, 0x19, 0x9F, 0x19,
    0x9F, 0x19, 0x9F, 0x19, 0x9F, 0x19, 0x9F, 0x19, 0x9F, 0x19, 0x9F, 0x19, 0x9F, 0x19, 0x9F, 0x19,
    0x9F, 0x19, 0x9F, 0x19, 0x9F, 0x19, 0x9F, 0x19, 0x9F, 0x19, 0x9F, 0x19, 0x9F, 0x19, 0x9F, 0x19,
    0x9F, 0x19, 0x9F, 0x19, 0x9F, 0x19, 0x9F, 0x19, 0x9F, 0x19, 0x9F, 0x19, 0x9F, 0x19, 0x9F, 0x19,
    0x9F, 0x19, 0x9F, 0x19, 0x9F, 0x19, 0x9F, 0x19, 0x9F, 0x19, 0x9F, 0x19, 0x9F, 0x19, 0x9F, 0x19,
    0x9F, 0x19, 0x9F, 0x19, 0x9F, 0x19, 0x9F, 0x19, 0x9F, 0x19, 0x9F, 0x19, 0x9F, 0x19, 0x9F, 0x19,
    0x9F, 0x19, 0x9F, 0x19, 0xFF, 0x21, 0xFF, 0xFF, 0x9F, 0xF7, 0xFF, 0x21, 0x9F, 0x19, 0x9F, 0x19,
    0xFF, 0xFF, 0x7F, 0xC6, 0x9F, 0x19, 0x3F, 0x53, 0xFF, 0xFF, 0x9F, 0xAD, 0x9F, 0x19, 0x9F, 0x19,
    0x9F, 0x19, 0xFF, 0xFF, 0x7F, 0xC6, 0x9F, 0x19, 0x5F, 0x32, 0xFF, 0xFF, 0x3F, 0x9D, 0x9F, 0x19,
    0x9F, 0x19, 0x9F, 0x19, 0x9F, 0x19, 0xFF, 0x6B, 0x3F, 0xE7, 0xFF, 0xFF, 0x3F, 0x53, 0x9F, 0x19,
    0x9F, 0x19, 0x9F, 0x19, 0xDF, 0x21, 0x1F, 0x2A, 0xDE, 0x94, 0x7D, 0xEF, 0x7D, 0xEF, 0x7D, 0xEF,
    0x7D, 0xEF, 0x7D, 0xEF, 0x7D, 0xEF, 0x51, 0x8C, 0xCA, 0x51, 0xD9, 0xDB, 0xD9, 0xDB, 0xD9, 0xDB,
    0xD9, 0xDB, 0xD9, 0xDB, 0xD9, 0xDB, 0xD9, 0xDB, 0xD9, 0xDB, 0xD9, 0xDB, 0xD9, 0xDB, 0xD9, 0xDB,
    0xD9, 0xDB, 0xD9, 0xDB, 0xD9, 0xDB, 0xFA, 0xE3, 0x1A, 0xE4, 0x5A, 0xE4, 0x7A, 0xE4, 0xBB, 0xE4,
    0x58, 0xCC, 0x8D, 0x6A, 0x24, 0x21, 0x24, 0x21, 0x24, 0x21, 0x24, 0x21, 0x24, 0x21, 0x24, 0x21,
    0x24, 0x21, 0x24, 0x21, 0x0A, 0x52, 0x58, 0xCC, 0xBB, 0xE4, 0x7A, 0xE4, 0x5A, 0xE4, 0x1A, 0xE4,
    0xFA, 0xDB, 0xD9, 0xDB, 0xD9, 0xDB, 0xD9, 0xDB, 0xD9, 0xDB, 0xD9, 0xDB, 0xD9, 0xDB, 0xD9, 0xDB,
    0xD9, 0xDB, 0xD9, 0xDB, 0xD9, 0xDB, 0x24, 0x21, 0x38, 0xC6, 0x38, 0xC6, 0x38, 0xC6, 0x38, 0xC6,
    0x38, 0xC6, 0x59, 0xCE, 0x59, 0xCE, 0x79, 0xCE, 0x79, 0xCE, 0x9A, 0xD6, 0x9A, 0xD6, 0x59, 0xCE,
    0x10, 0x84, 0xAE, 0x73, 0xAE, 0x73, 0xAE, 0x73, 0xAE, 0x73, 0xAE, 0x73, 0xAE, 0x73, 0xAE, 0x73,
    0xAE, 0x73, 0xCF, 0x7B, 0xAE, 0x73, 0xCF, 0x7B, 0xCF, 0x7B, 0xCF, 0x7B, 0xCF, 0x7B, 0xCF, 0x7B,
    0xAE, 0x73, 0xCF, 0x7B, 0xAE, 0x73, 0xAE, 0x73, 0xCF, 0x7B, 0xAE, 0x73, 0xAE, 0x73, 0xAE, 0x73,
    0xCF, 0x7B, 0xAE, 0x73, 0xCF, 0x7B, 0xCF, 0x7B, 0xAE, 0x73, 0xAE, 0x73, 0xCF, 0x7B, 0xAE, 0x73,
    0xAE, 0x73, 0xCF, 0x7B, 0xCF, 0x7B, 0xCF, 0x7B, 0xCF, 0x7B, 0xCF, 0x7B, 0xCF, 0x7B, 0xCF, 0x7B,
    0xCF, 0x7B, 0xAE, 0x73, 0xCF, 0x7B, 0xCF, 0x7B, 0xAE, 0x73, 0xCF, 0x7B, 0xCF, 0x7B, 0xAE, 0x73,
    0xCF, 0x7B, 0xCF, 0x7B, 0xCF, 0x7B, 0xCF, 0x7B, 0xCF, 0x7B, 0xCF, 0x7B, 0xCF, 0x7B, 0xCF, 0x7B,
    0xAE, 0x73, 0xAE, 0x73, 0xAE, 0x73, 0xCF, 0x7B, 0xCF, 0x7B, 0xCF, 0x7B, 0xCF, 0x7B, 0xCF, 0x7B,
    0xCF, 0x7B, 0xAE, 0x73, 0xCF, 0x7B, 0xCF, 0x7B, 0xCF, 0x7B, 0xCF, 0x7B, 0xCF, 0x7B, 0xCF, 0x7B,
    0xCF, 0x7B, 0xAE, 0x73, 0xCF, 0x7B, 0xCF, 0x7B, 0xAE, 0x73, 0xAE, 0x73, 0xCF, 0x7B, 0xAE, 0x73,
    0xAE, 0x73, 0xCF, 0x7B, 0xCF, 0x7B, 0xCF, 0x7B, 0xCF, 0x7B, 0xAE, 0x73, 0xAE, 0x73, 0xCF, 0x7B,
    0xCF, 0x7B, 0xCF, 0x7B, 0xCF, 0x7B, 0x79, 0xCE, 0x79, 0xCE, 0x59, 0xCE, 0x59, 0xCE, 0x59, 0xCE,
    0x59, 0xCE, 0x59, 0xCE, 0x49, 0x4A, 0x1C, 0xDF, 0x1C, 0xE7, 0x3C, 0xE7, 0x5D, 0xEF, 0x7D, 0xEF,
    0x9F, 0x19, 0x9F, 0x19, 0x9F, 0x19, 0x9F, 0x19, 0x9F, 0x19, 0x9F, 0x19, 0x9F, 0x19, 0x9F, 0x19,
    0x9F, 0x19, 0x9F, 0x19, 0x9F, 0x19, 0x9F, 0x19, 0x9F, 0x19, 0x9F, 0x19, 0x9F, 0x19, 0x9F, 0x19,
    0x9F, 0x19, 0x9F, 0x19, 0x9F, 0x19, 0x9F, 0x19, 0x9F, 0x19, 0x9F, 0x19, 0x9F, 0x19, 0x9F, 0x19,
    0x9F, 0x19, 0x9F, 0x19, 0x9F, 0x19, 0x9F, 0x19, 0x9F, 0x19, 0x9F, 0x19, 0x9F, 0x19, 0x9F, 0x19,
    0x9F, 0x19, 0x9F, 0x19, 0x9F, 0x19, 0x9F, 0x19, 0x9F, 0x19, 0x9F, 0x19, 0x9F, 0x19, 0x9F, 0x19,
    0x9F, 0x19, 0x9F, 0x19, 0x9F, 0x19, 0x9F, 0x19, 0x9F, 0x19, 0x9F, 0x19, 0x9F, 0x19, 0x9F, 0x19,
    0x9F, 0x19, 0x9F, 0x19, 0x9F, 0x19, 0x9F, 0x19, 0x9F, 0x19, 0x9F, 0x19, 0x9F, 0x19, 0x9F, 0x19,
    0x9F, 0x19, 0x9F, 0x19, 0x9F, 0x19, 0x9F, 0x19, 0x9F, 0x19, 0x9F, 0x19, 0x9F, 0x19, 0x9F, 0x19,
    0x9F, 0x19, 0x9F, 0x19, 0x9F, 0x19, 0x9F, 0x19, 0x9F, 0x19, 0x9F, 0x19, 0x9F, 0x19, 0x9F, 0x19,
    0x9F, 0x19, 0x9F, 0x19, 0x9F, 0x19, 0x9F, 0x19, 0x9F, 0x19, 0x9F, 0x19, 0x9F, 0x19, 0x9F, 0x19,
    0x9F, 0x19, 0x9F, 0x19, 0x9F, 0x19, 0x9F, 0x19, 0x9F, 0x19, 0x9F, 0x19, 0x9F, 0x19, 0x9F, 0x19,
    0x9F, 0x19, 0x9F, 0x19, 0x9F, 0x19, 0x9F, 0x19, 0x9F, 0x19, 0x9F, 0x19, 0x9F, 0x19, 0x9F, 0x19,
    0x9F, 0x19, 0x9F, 0x19, 0x9F, 0x19, 0x9F, 0x19, 0x9F, 0x19, 0x9F, 0x19, 0x9F, 0x19, 0x9F, 0x19,
    0x9F, 0x19, 0x9F, 0x19, 0x9F, 0x19, 0x9F, 0x19, 0x9F, 0x19, 0x9F, 0x19, 0x9F, 0x19, 0x9F, 0x19,
    0x9F, 0x19, 0x9F, 0x19, 0x9F, 0x19, 0x3F, 0x9D, 0xFF, 0xFF, 0x3F, 0xE7, 0x5F, 0x7C, 0x5F, 0x7C,
    0xFF, 0xFF, 0x7F, 0xC6, 0x9F, 0x19, 0x3F, 0x53, 0xFF, 0xFF, 0x9F, 0xAD, 0x9F, 0x19, 0x9F, 0x19,
    0x9F, 0x19, 0xFF, 0xFF, 0x7F, 0xC6, 0x9F, 0x19, 0x5F, 0x7C, 0xFF, 0xFF, 0x5F, 0x32, 0x9F, 0x19,
    0x9F, 0x19, 0xFF, 0x6B, 0xFF, 0x6B, 0x3F, 0x53, 0x9F, 0xAD, 0xFF, 0xFF, 0x9F, 0x63, 0x9F, 0x19,
    0x9F, 0x19, 0x9F, 0x19, 0xBF, 0x21, 0x1F, 0x2A, 0xFE, 0x94, 0x7D, 0xEF, 0x7D, 0xEF, 0x7D, 0xEF,
    0x7D, 0xEF, 0x9E, 0xF7, 0x7D, 0xEF, 0x9E, 0xF7, 0x8E, 0x73, 0x2C, 0x6A, 0xD9, 0xDB, 0xD9, 0xDB,
    0xD9, 0xDB, 0xD9, 0xDB, 0xD9, 0xDB, 0xD9, 0xDB, 0xD9, 0xDB, 0xD9, 0xDB, 0xD9, 0xDB, 0xD9, 0xDB,
    0xD9, 0xDB, 0xD9, 0xDB, 0xD9, 0xDB, 0xFA, 0xDB, 0xFA, 0xE3, 0x3A, 0xE4, 0x5A, 0xE4, 0x9A, 0xE4,
    0xBB, 0xE4, 0xDB, 0xE4, 0x78, 0xCC, 0x51, 0x93, 0x2A, 0x52, 0xE9, 0x49, 0xA7, 0x39, 0x4B, 0x62,
    0x10, 0x83, 0x37, 0xC4, 0xDB, 0xE4, 0xBB, 0xE4, 0x9A, 0xE4, 0x5A, 0xE4, 0x3A, 0xE4, 0x1A, 0xE4,
    0xFA, 0xDB, 0xD9, 0xDB, 0xD9, 0xDB, 0xD9, 0xDB, 0xD9, 0xDB, 0xD9, 0xDB, 0xD9, 0xDB, 0xD9, 0xDB,
    0xD9, 0xDB, 0xD9, 0xDB, 0xD9, 0xDB, 0x46, 0x31, 0xF7, 0xBD, 0x38, 0xC6, 0x38, 0xC6, 0x38, 0xC6,
    0x38, 0xC6, 0x38, 0xC6, 0x59, 0xCE, 0x59, 0xCE, 0x79, 0xCE, 0x79, 0xCE, 0x9A, 0xD6, 0x9A, 0xD6,
    0x59, 0xCE, 0xB2, 0x94, 0xAE, 0x73, 0xAE, 0x73, 0xAE, 0x73, 0xAE, 0x73, 0xAE, 0x73, 0xAE, 0x73,
    0xAE, 0x73, 0xCF, 0x7B, 0xAE, 0x73, 0xCF, 0x7B, 0xCF, 0x7B, 0xAE, 0x73, 0xCF, 0x7B, 0xCF, 0x7B,
    0xCF, 0x7B, 0xCF, 0x7B, 0xAE, 0x73, 0xAE, 0x73, 0xCF, 0x7B, 0xAE, 0x73, 0xCF, 0x7B, 0xCF, 0x7B,
    0xCF, 0x7B, 0xCF, 0x7B, 0xCF, 0x7B, 0xAE, 0x73, 0xCF, 0x7B, 0xCF, 0x7B, 0xAE, 0x73, 0xCF, 0x7B,
    0xCF, 0x7B, 0xAE, 0x73, 0xAE, 0x73, 0xCF, 0x7B, 0xCF, 0x7B, 0xCF, 0x7B, 0xCF, 0x7B, 0xAE, 0x73,
    0xAE, 0x73, 0xCF, 0x7B, 0xCF, 0x7B, 0xAF, 0x73, 0xCF, 0x7B, 0xCF, 0x7B, 0xCF, 0x7B, 0xCF, 0x7B,
    0xCF, 0x7B, 0xCF, 0x7B, 0xAE, 0x73, 0xCF, 0x7B, 0xCF, 0x7B, 0xCF, 0x7B, 0xCF, 0x7B, 0xCF, 0x7B,
    0xCF, 0x7B, 0xCF, 0x7B, 0xCF, 0x7B, 0xCF, 0x7B, 0xCF, 0x7B, 0xCF, 0x7B, 0xAE, 0x73, 0xCF, 0x7B,
    0xCF, 0x7B, 0xAE, 0x73, 0xCF, 0x7B, 0xCF, 0x7B, 0xCF, 0x7B, 0xCF, 0x7B, 0xAE, 0x73, 0xAE, 0x73,
    0xCF, 0x7B, 0xCF, 0x7B, 0xCF, 0x7B, 0xCF, 0x7B, 0xCF, 0x7B, 0xCF, 0x7B, 0xCF, 0x7B, 0xCF, 0x7B,
    0xCF, 0x7B, 0xCF, 0x7B, 0xAE, 0x73, 0xAE, 0x73, 0xCF, 0x7B, 0xCF, 0x7B, 0xAE, 0x73, 0xCF, 0x7B,
    0xCF, 0x7B, 0xEF, 0x7B, 0x55, 0xAD, 0x79, 0xCE, 0x59, 0xCE, 0x59, 0xCE, 0x59, 0xCE, 0x59, 0xCE,
    0x59, 0xCE, 0x14, 0xA5, 0x0C, 0x63, 0x1C, 0xDF, 0x1C, 0xE7, 0x3C, 0xE7, 0x5D, 0xEF, 0x7D, 0xEF,
    0x9F, 0x19, 0x9F, 0x19, 0x9F, 0x19, 0x9F, 0x19, 0x9F, 0x19, 0x9F, 0x19, 0x9F, 0x19, 0x9F, 0x19,
    0x9F, 0x19, 0x9F, 0x19, 0x9F, 0x19, 0x9F, 0x19, 0x9F, 0x19, 0x9F, 0x19, 0x9F, 0x19, 0x9F, 0x19,
    0x9F, 0x19, 0x9F, 0x19, 0x9F, 0x19, 0x9F, 0x19, 0x9F, 0x19, 0x9F, 0x19, 0x9F, 0x19, 0x9F, 0x19,
    0x9F, 0x19, 0x9F, 0x19, 0x9F, 0x19, 0x9F, 0x19, 0x9F, 0x19, 0x9F, 0x19, 0x9F, 0x19, 0x9F, 0x19,
    0x9F, 0x19, 0x9F, 0x19, 0x9F, 0x19, 0x9F, 0x19, 0x9F, 0x19, 0x9F, 0x19, 0x9F, 0x19, 0x9F, 0x19,
    0x9F, 0x19, 0x9F, 0x19, 0x9F, 0x19, 0x9F, 0x19, 0x9F, 0x19, 0x9F, 0x19, 0x9F, 0x19, 0x9F, 0x19,
    0x9F, 0x19, 0x9F, 0x19, 0x9F, 0x19, 0x9F, 0x19, 0x9F, 0x19, 0x9F, 0x19, 0x9F, 0x19, 0x9F, 0x19,
    0x9F, 0x19, 0x9F, 0x19, 0x9F, 0x19, 0x9F, 0x19, 0x9F, 0x19, 0x9F, 0x19, 0x9F, 0x19, 0x9F, 0x19,
    0x9F, 0x19, 0x9F, 0x19, 0x9F, 0x19, 0x9F, 0x19, 0x9F, 0x19, 0x9F, 0x19, 0x9F, 0x19, 0x9F, 0x19,
    0x9F, 0x19, 0x9F, 0x19, 0x9F, 0x19, 0x9F, 0x19, 0x9F, 0x19, 0x9F, 0x19, 0x9F, 0x19, 0x9F, 0x19,
    0x9F, 0x19, 0x9F, 0x19, 0x9F, 0x19, 0x9F, 0x19, 0x9F, 0x19, 0x9F, 0x19, 0x9F, 0x19, 0x9F, 0x19,
    0x9F, 0x19, 0x9F, 0x19, 0x9F, 0x19, 0x9F, 0x19, 0x9F, 0x19, 0x9F, 0x19, 0x9F, 0x19, 0x9F, 0x19,
    0x9F, 0x19, 0x9F, 0x19, 0x9F, 0x19, 0x9F, 0x19, 0x9F, 0x19, 0x9F, 0x19, 0x9F, 0x19, 0x9F, 0x19,
    0x9F, 0x19, 0x9F, 0x19, 0x9F, 0x19, 0x9F, 0x19, 0x9F, 0x19, 0x9F, 0x19, 0x9F, 0x19, 0x9F, 0x19,
    0x9F, 0x19, 0x9F, 0x19, 0x9F, 0x19, 0xFF, 0x21, 0x3F, 0x9D, 0xFF, 0xFF, 0xFF, 0xFF, 0xFF, 0xFF,
    0x9F, 0xF7, 0x9F, 0xAD, 0x9F, 0x19, 0x3F, 0x53, 0xFF, 0xFF, 0x9F, 0xAD, 0x9F, 0x19, 0x9F, 0x19,
    0x9F, 0x19, 0xFF, 0xFF, 0x7F, 0xC6, 0x9F, 0x19, 0x3F, 0xE7, 0x7F, 0xC6, 0x9F, 0x19, 0x9F, 0x19,
    0x9F, 0x19, 0xBF, 0x8C, 0xFF, 0xFF, 0xFF, 0xFF, 0xFF, 0xFF, 0xFF, 0xB5, 0x9F, 0x19, 0x9F, 0x19,
    0x9F, 0x19, 0x9F, 0x19, 0xDF, 0x21, 0x1F, 0x2A, 0xFE, 0x94, 0x7D, 0xEF, 0x7D, 0xEF, 0x7D, 0xEF,
    0x7D, 0xEF, 0x7D, 0xEF, 0x9E, 0xF7, 0x9E, 0xF7, 0x1C, 0xE7, 0x69, 0x4A, 0x8F, 0x82, 0xD9, 0xDB,
    0xD9, 0xDB, 0xD9, 0xDB, 0xD9, 0xDB, 0xD9, 0xDB, 0xD9, 0xDB, 0xD9, 0xDB, 0xD9, 0xDB, 0xD9, 0xDB,
    0xD9, 0xDB, 0xD9, 0xDB, 0xD9, 0xDB, 0xD9, 0xDB, 0xFA, 0xDB, 0x1A, 0xE4, 0x3A, 0xE4, 0x7A, 0xE4,
    0x9A, 0xE4, 0xBB, 0xE4, 0xDB, 0xE4, 0xDB, 0xE4, 0xDB, 0xE4, 0xDB, 0xE4, 0xDB, 0xE4, 0xDB, 0xE4,
    0xDB, 0xE4, 0xDB, 0xE4, 0xBB, 0xE4, 0x9A, 0xE4, 0x7A, 0xE4, 0x3A, 0xE4, 0x1A, 0xE4, 0xFA, 0xDB,
    0xF9, 0xDB, 0xD9, 0xDB, 0xD9, 0xDB, 0xD9, 0xDB, 0xD9, 0xDB, 0xD9, 0xDB, 0xD9, 0xDB, 0xD9, 0xDB,
    0xD9, 0xDB, 0xD9, 0xDB, 0xD9, 0xDB, 0xCA, 0x51, 0x6D, 0x6B, 0x38, 0xC6, 0x38, 0xC6, 0x38, 0xC6,
    0x38, 0xC6, 0x38, 0xC6, 0x38, 0xC6, 0x59, 0xCE, 0x59, 0xCE, 0x79, 0xCE, 0x79, 0xCE, 0x9A, 0xD6,
    0x9A, 0xD6, 0x9A, 0xD6, 0xBA, 0xD6, 0xBA, 0xD6, 0xBA, 0xD6, 0xBA, 0xD6, 0xBA, 0xD6, 0xBA, 0xD6,
    0xBA, 0xD6, 0xBA, 0xD6, 0xBA, 0xD6, 0xBA, 0xD6, 0xBA, 0xD6, 0xBA, 0xD6, 0xBA, 0xD6, 0xBA, 0xD6,
    0xBA, 0xD6, 0xBA, 0xD6, 0xBA, 0xD6, 0xBA, 0xD6, 0xBA, 0xD6, 0xBA, 0xD6, 0xBA, 0xD6, 0xBA, 0xD6,
    0xBA, 0xD6, 0xBA, 0xD6, 0xBA, 0xD6, 0xBA, 0xD6, 0xBA, 0xD6, 0xBA, 0xD6, 0xBA, 0xD6, 0xBA, 0xD6,
    0xBA, 0xD6, 0xBA, 0xD6, 0xBA, 0xD6, 0xBA, 0xD6, 0xBA, 0xD6, 0xBA, 0xD6, 0xBA, 0xD6, 0xBA, 0xD6,
    0xBA, 0xD6, 0xBA, 0xD6, 0xBA, 0xD6, 0xBA, 0xD6, 0xBA, 0xD6, 0xBA, 0xD6, 0xBA, 0xD6, 0xBA, 0xD6,
    0xBA, 0xD6, 0xBA, 0xD6, 0xBA, 0xD6, 0xBA, 0xD6, 0xBA, 0xD6, 0xBA, 0xD6, 0xBA, 0xD6, 0xBA, 0xD6,
    0xBA, 0xD6, 0xBA, 0xD6, 0xBA, 0xD6, 0xBA, 0xD6, 0xBA, 0xD6, 0xBA, 0xD6, 0xBA, 0xD6, 0xBA, 0xD6,
    0xBA, 0xD6, 0xBA, 0xD6, 0xBA, 0xD6, 0xBA, 0xD6, 0xBA, 0xD6, 0xBA, 0xD6, 0xBA, 0xD6, 0xBA, 0xD6,
    0xBA, 0xD6, 0xBA, 0xD6, 0xBA, 0xD6, 0xBA, 0xD6, 0xBA, 0xD6, 0xBA, 0xD6, 0xBA, 0xD6, 0xBA, 0xD6,
    0xBA, 0xD6, 0xBA, 0xD6, 0xBA, 0xD6, 0xBA, 0xD6, 0xBA, 0xD6, 0xBA, 0xD6, 0xBA, 0xD6, 0xBA, 0xD6,
    0xBA, 0xD6, 0x9A, 0xD6, 0x9A, 0xD6, 0x79, 0xCE, 0x59, 0xCE, 0x59, 0xCE, 0x59, 0xCE, 0x59, 0xCE,
    0x59, 0xCE, 0x0C, 0x63, 0xD3, 0x9C, 0x1C, 0xDF, 0x3C, 0xE7, 0x3C, 0xE7, 0x5D, 0xEF, 0x9E, 0xF7,
    0x9F, 0x19, 0x9F, 0x19, 0x9F, 0x19, 0x9F, 0x19, 0x9F, 0x19, 0x9F, 0x19, 0x9F, 0x19, 0x9F, 0x19,
    0x9F, 0x19, 0x9F, 0x19, 0x9F, 0x19, 0x9F, 0x19, 0x9F, 0x19, 0x9F, 0x19, 0x9F, 0x19, 0x9F, 0x19,
    0x9F, 0x19, 0x9F, 0x19, 0x9F, 0x19, 0x9F, 0x19, 0x9F, 0x19, 0x9F, 0x19, 0x9F, 0x19, 0x9F, 0x19,
    0x9F, 0x19, 0x9F, 0x19, 0x9F, 0x19, 0x9F, 0x19, 0x9F, 0x19, 0x9F, 0x19, 0x9F, 0x19, 0x9F, 0x19,
    0x9F, 0x19, 0x9F, 0x19, 0x9F, 0x19, 0x9F, 0x19, 0x9F, 0x19, 0x9F, 0x19, 0x9F, 0x19, 0x9F, 0x19,
    0x9F, 0x19, 0x9F, 0x19, 0x9F, 0x19, 0x9F, 0x19, 0x9F, 0x19, 0x9F, 0x19, 0x9F, 0x19, 0x9F, 0x19,
    0x9F, 0x19, 0x9F, 0x19, 0x9F, 0x19, 0x9F, 0x19, 0x9F, 0x19, 0x9F, 0x19, 0x9F, 0x19, 0x9F, 0x19,
    0x9F, 0x19, 0x9F, 0x19, 0x9F, 0x19, 0x9F, 0x19, 0x9F, 0x19, 0x9F, 0x19, 0x9F, 0x19, 0x9F, 0x19,
    0x9F, 0x19, 0x9F, 0x19, 0x9F, 0x19, 0x9F, 0x19, 0x9F, 0x19, 0x9F, 0x19, 0x9F, 0x19, 0x9F, 0x19,
    0x9F, 0x19, 0x9F, 0x19, 0x9F, 0x19, 0x9F, 0x19, 0x9F, 0x19, 0x9F, 0x19, 0x9F, 0x19, 0x9F, 0x19,
    0x9F, 0x19, 0x9F, 0x19, 0x9F, 0x19, 0x9F, 0x19, 0x9F, 0x19, 0x9F, 0x19, 0x9F, 0x19, 0x9F, 0x19,
    0x9F, 0x19, 0x9F, 0x19, 0x9F, 0x19, 0x9F, 0x19, 0x9F, 0x19, 0x9F, 0x19, 0x9F, 0x19, 0x9F, 0x19,
    0x9F, 0x19, 0x9F, 0x19, 0x9F, 0x19, 0x9F, 0x19, 0x9F, 0x19, 0x9F, 0x19, 0x9F, 0x19, 0x9F, 0x19,
    0x9F, 0x19, 0x9F, 0x19, 0x9F, 0x19, 0x9F, 0x19, 0x9F, 0x19, 0x9F, 0x19, 0x9F, 0x19, 0x9F, 0x19,
    0x9F, 0x19, 0x9F, 0x19, 0x9F, 0x19, 0x9F, 0x19, 0x9F, 0x19, 0x9F, 0x19, 0x5F, 0x32, 0x5F, 0x32,
    0x9F, 0x19, 0x9F, 0x19, 0x9F, 0x19, 0x9F, 0x19, 0x9F, 0x19, 0x9F, 0x19, 0x9F, 0x19, 0x9F, 0x19,
    0x9F, 0x19, 0x9F, 0x19, 0x9F, 0x19, 0x9F, 0x19, 0x9F, 0x19, 0x9F, 0x19, 0x9F, 0x19, 0x9F, 0x19,
    0x9F, 0x19, 0x9F, 0x19, 0xFF, 0x21, 0x5F, 0x32, 0xFF, 0x21, 0x9F, 0x19, 0x9F, 0x19, 0x9F, 0x19,
    0x9F, 0x19, 0x9F, 0x19, 0xDF, 0x21, 0x1F, 0x2A, 0x9E, 0x84, 0x7D, 0xEF, 0x7D, 0xEF, 0x7D, 0xEF,
    0x7D, 0xEF, 0x7D, 0xEF, 0x9E, 0xF7, 0x9E, 0xF7, 0x9E, 0xF7, 0x1C, 0xE7, 0x08, 0x42, 0x8F, 0x82,
    0xD9, 0xDB, 0xD9, 0xDB, 0xD9, 0xDB, 0xD9, 0xDB, 0xD9, 0xDB, 0xD9, 0xDB, 0xD9, 0xDB, 0xD9, 0xDB,
    0xD9, 0xDB, 0xD9, 0xDB, 0xD9, 0xDB, 0xD9, 0xDB, 0xFA, 0xDB, 0xFA, 0xE3, 0x1A, 0xE4, 0x3A, 0xE4,
    0x7A, 0xE4, 0x9A, 0xE4, 0xBB, 0xE4, 0xBB, 0xE4, 0xBB, 0xE4, 0xDB, 0xE4, 0xDB, 0xE4, 0xDB, 0xE4,
    0xBB, 0xE4, 0xBB, 0xE4, 0x9A, 0xE4, 0x7A, 0xE4, 0x5A, 0xE4, 0x1A, 0xE4, 0xFA, 0xE3, 0xFA, 0xDB,
    0xD9, 0xDB, 0xD9, 0xDB, 0xD9, 0xDB, 0xD9, 0xDB, 0xD9, 0xDB, 0xD9, 0xDB, 0xD9, 0xDB, 0xD9, 0xDB,
    0xD9, 0xDB, 0xD9, 0xDB, 0xD9, 0xDB, 0xB8, 0xD3, 0xA8, 0x49, 0xAE, 0x73, 0x38, 0xC6, 0x38, 0xC6,
    0x38, 0xC6, 0x38, 0xC6, 0x38, 0xC6, 0x38, 0xC6, 0x59, 0xCE, 0x59, 0xCE, 0x79, 0xCE, 0x79, 0xCE,
    0x9A, 0xD6, 0x9A, 0xD6, 0x9A, 0xD6, 0x9A, 0xD6, 0x9A, 0xD6, 0x9A, 0xD6, 0x9A, 0xD6, 0xBA, 0xD6,
    0xBA, 0xD6, 0xBA, 0xD6, 0xBA, 0xD6, 0xBA, 0xD6, 0xBA, 0xD6, 0xBA, 0xD6, 0x9A, 0xD6, 0xBA, 0xD6,
    0xBA, 0xD6, 0xBA, 0xD6, 0xBA, 0xD6, 0xBA, 0xD6, 0xBA, 0xD6, 0xBA, 0xD6, 0xBA, 0xD6, 0xBA, 0xD6,
    0xBA, 0xD6, 0xBA, 0xD6, 0xBA, 0xD6, 0xBA, 0xD6, 0xBA, 0xD6, 0xBA, 0xD6, 0x9A, 0xD6, 0xBA, 0xD6,
    0xBA, 0xD6, 0xBA, 0xD6, 0xBA, 0xD6, 0xBA, 0xD6, 0xBA, 0xD6, 0xBA, 0xD6, 0xBA, 0xD6, 0xBA, 0xD6,
    0xBA, 0xD6, 0xBA, 0xD6, 0xBA, 0xD6, 0xBA, 0xD6, 0x9A, 0xD6, 0xBA, 0xD6, 0xBA, 0xD6, 0xBA, 0xD6,
    0xBA, 0xD6, 0xBA, 0xD6, 0xBA, 0xD6, 0xBA, 0xD6, 0xBA, 0xD6, 0xBA, 0xD6, 0x9A, 0xD6, 0xBA, 0xD6,
    0xBA, 0xD6, 0xBA, 0xD6, 0xBA, 0xD6, 0xBA, 0xD6, 0xBA, 0xD6, 0xBA, 0xD6, 0xBA, 0xD6, 0x9A, 0xD6,
    0xBA, 0xD6, 0xBA, 0xD6, 0xBA, 0xD6, 0xBA, 0xD6, 0xBA, 0xD6, 0xBA, 0xD6, 0x9A, 0xD6, 0xBA, 0xD6,
    0xBA, 0xD6, 0xBA, 0xD6, 0x9A, 0xD6, 0xBA, 0xD6, 0xBA, 0xD6, 0xBA, 0xD6, 0xBA, 0xD6, 0xBA, 0xD6,
    0xBA, 0xD6, 0xBA, 0xD6, 0xBA, 0xD6, 0xBA, 0xD6, 0x9A, 0xD6, 0xBA, 0xD6, 0xBA, 0xD6, 0xBA, 0xD6,
    0x9A, 0xD6, 0x9A, 0xD6, 0x9A, 0xD6, 0x79, 0xCE, 0x59, 0xCE, 0x59, 0xCE, 0x59, 0xCE, 0x59, 0xCE,
    0xB6, 0xB5, 0xE7, 0x39, 0xFB, 0xDE, 0x1C, 0xE7, 0x3C, 0xE7, 0x5D, 0xE7, 0x7D, 0xEF, 0x9E, 0xF7,
    0x9F, 0x19, 0x9F, 0x19, 0x9F, 0x19, 0x9F, 0x19, 0x9F, 0x19, 0x9F, 0x19, 0x9F, 0x19, 0x9F, 0x19,
    0x9F, 0x19, 0x9F, 0x19, 0x9F, 0x19, 0x9F, 0x19, 0x9F, 0x19, 0x9F, 0x19, 0x9F, 0x19, 0x9F, 0x19,
    0x9F, 0x19, 0x9F, 0x19, 0x9F, 0x19, 0x9F, 0x19, 0x9F, 0x19, 0x9F, 0x19, 0x9F, 0x19, 0x9F, 0x19,
    0x9F, 0x19, 0x9F, 0x19, 0x9F, 0x19, 0x9F, 0x19, 0x9F, 0x19, 0x9F, 0x19, 0x9F, 0x19, 0x9F, 0x19,
    0x9F, 0x19, 0x9F, 0x19, 0x9F, 0x19, 0x9F, 0x19, 0x9F, 0x19, 0x9F, 0x19, 0x9F, 0x19, 0x9F, 0x19,
    0x9F, 0x19, 0x9F, 0x19, 0x9F, 0x19, 0x9F, 0x19, 0x9F, 0x19, 0x9F, 0x19, 0x9F, 0x19, 0x9F, 0x19,
    0x9F, 0x19, 0x9F, 0x19, 0x9F, 0x19, 0x9F, 0x19, 0x9F, 0x19, 0x9F, 0x19, 0x9F, 0x19, 0x9F, 0x19,
    0x9F, 0x19, 0x9F, 0x19, 0x9F, 0x19, 0x9F, 0x19, 0x9F, 0x19, 0x9F, 0x19, 0x9F, 0x19, 0x9F, 0x19,
    0x9F, 0x19, 0x9F, 0x19, 0x9F, 0x19, 0x9F, 0x19, 0x9F, 0x19, 0x9F, 0x19, 0x9F, 0x19, 0x9F, 0x19,
    0x9F, 0x19, 0x9F, 0x19, 0x9F, 0x19, 0x9F, 0x19, 0x9F, 0x19, 0x9F, 0x19, 0x9F, 0x19, 0x9F, 0x19,
    0x9F, 0x19, 0x9F, 0x19, 0x9F, 0x19, 0x9F, 0x19, 0x9F, 0x19, 0x9F, 0x19, 0x9F, 0x19, 0x9F, 0x19,
    0x9F, 0x19, 0x9F, 0x19, 0x9F, 0x19, 0x9F, 0x19, 0x9F, 0x19, 0x9F, 0x19, 0x9F, 0x19, 0x9F, 0x19,
    0x9F, 0x19, 0x9F, 0x19, 0x9F, 0x19, 0x9F, 0x19, 0x9F, 0x19, 0x9F, 0x19, 0x9F, 0x19, 0x9F, 0x19,
    0x9F, 0x19, 0x9F, 0x19, 0x9F, 0x19, 0x9F, 0x19, 0x9F, 0x19, 0x9F, 0x19, 0x9F, 0x19, 0x9F, 0x19,
    0x9F, 0x19, 0x9F, 0x19, 0x9F, 0x19, 0x9F, 0x19, 0x9F, 0x19, 0x9F, 0x19, 0x9F, 0x19, 0x9F, 0x19,
    0x9F, 0x19, 0x9F, 0x19, 0x9F, 0x19, 0x9F, 0x19, 0x9F, 0x19, 0x9F, 0x19, 0x9F, 0x19, 0x9F, 0x19,
    0x9F, 0x19, 0x9F, 0x19, 0x9F, 0x19, 0x9F, 0x19, 0x9F, 0x19, 0x9F, 0x19, 0x9F, 0x19, 0x9F, 0x19,
    0x9F, 0x19, 0x9F, 0x19, 0x9F, 0x19, 0x9F, 0x19, 0x9F, 0x19, 0x9F, 0x19, 0x9F, 0x19, 0x9F, 0x19,
    0x9F, 0x19, 0x9F, 0x19, 0xBF, 0x21, 0x1F, 0x2A, 0xBF, 0x42, 0x7D, 0xEF, 0x7D, 0xEF, 0x7D, 0xEF,
    0x7D, 0xEF, 0x7D, 0xEF, 0x7D, 0xEF, 0x7D, 0xEF, 0x9E, 0xF7, 0x9E, 0xF7, 0xBA, 0xD6, 0x08, 0x42,
    0xD2, 0x9A, 0xD9, 0xDB, 0xD9, 0xDB, 0xD9, 0xDB, 0xD9, 0xDB, 0xD9, 0xDB, 0xD9, 0xDB, 0xD9, 0xDB,
    0xD9, 0xDB, 0xD9, 0xDB, 0xD9, 0xDB, 0xD9, 0xDB, 0xD9, 0xDB, 0xF9, 0xDB, 0xFA, 0xE3, 0x1A, 0xE4,
    0x3A, 0xE4, 0x5A, 0xE4, 0x7A, 0xE4, 0x9A, 0xE4, 0x9A, 0xE4, 0x9A, 0xE4, 0x9A, 0xE4, 0x9B, 0xE4,
    0x9A, 0xE4, 0x7A, 0xE4, 0x5A, 0xE4, 0x3A, 0xE4, 0x1A, 0xE4, 0xFA, 0xE3, 0xF9, 0xDB, 0xD9, 0xDB,
    0xD9, 0xDB, 0xD9, 0xDB, 0xD9, 0xDB, 0xD9, 0xDB, 0xD9, 0xDB, 0xD9, 0xDB, 0xD9, 0xDB, 0xD9, 0xDB,
    0xD9, 0xDB, 0xD9, 0xDB, 0xD9, 0xDB, 0xD9, 0xDB, 0xB8, 0xD3, 0xA8, 0x49, 0x0C, 0x63, 0x38, 0xC6,
    0x38, 0xC6, 0x38, 0xC6, 0x38, 0xC6, 0x38, 0xC6, 0x59, 0xCE, 0x59, 0xCE, 0x59, 0xCE, 0x79, 0xCE,
    0x79, 0xCE, 0x79, 0xCE, 0x9A, 0xD6, 0x9A, 0xD6, 0x9A, 0xD6, 0x9A, 0xD6, 0x9A, 0xD6, 0x9A, 0xD6,
    0x9A, 0xD6, 0x9A, 0xD6, 0x9A, 0xD6, 0x9A, 0xD6, 0x9A, 0xD6, 0x9A, 0xD6, 0x9A, 0xD6, 0x9A, 0xD6,
    0x9A, 0xD6, 0x9A, 0xD6, 0x9A, 0xD6, 0x9A, 0xD6, 0x9A, 0xD6, 0x9A, 0xD6, 0x9A, 0xD6, 0x9A, 0xD6,
    0x9A, 0xD6, 0x9A, 0xD6, 0x9A, 0xD6, 0x9A, 0xD6, 0x9A, 0xD6, 0x9A, 0xD6, 0x9A, 0xD6, 0x9A, 0xD6,
    0x9A, 0xD6, 0x9A, 0xD6, 0x9A, 0xD6, 0x9A, 0xD6, 0x9A, 0xD6, 0x9A, 0xD6, 0x9A, 0xD6, 0x9A, 0xD6,
    0x9A, 0xD6, 0x9A, 0xD6, 0x9A, 0xD6, 0x9A, 0xD6, 0x9A, 0xD6, 0x9A, 0xD6, 0x9A, 0xD6, 0x9A, 0xD6,
    0x9A, 0xD6, 0x9A, 0xD6, 0x9A, 0xD6, 0x9A, 0xD6, 0x9A, 0xD6, 0x9A, 0xD6, 0x9A, 0xD6, 0x9A, 0xD6,
    0x9A, 0xD6, 0x9A, 0xD6, 0x9A, 0xD6, 0x9A, 0xD6, 0x9A, 0xD6, 0x9A, 0xD6, 0x9A, 0xD6, 0x9A, 0xD6,
    0x9A, 0xD6, 0x9A, 0xD6, 0x9A, 0xD6, 0x9A, 0xD6, 0x9A, 0xD6, 0x9A, 0xD6, 0x9A, 0xD6, 0x9A, 0xD6,
    0x9A, 0xD6, 0x9A, 0xD6, 0x9A, 0xD6, 0xBA, 0xD6, 0x9A, 0xD6, 0x9A, 0xD6, 0x9A, 0xD6, 0x9A, 0xD6,
    0x9A, 0xD6, 0x9A, 0xD6, 0x9A, 0xD6, 0x9A, 0xD6, 0x9A, 0xD6, 0x9A, 0xD6, 0x9A, 0xD6, 0x9A, 0xD6,
    0x9A, 0xD6, 0x79, 0xCE, 0x79, 0xCE, 0x79, 0xCE, 0x59, 0xCE, 0x59, 0xCE, 0x59, 0xCE, 0x59, 0xCE,
    0xCB, 0x5A, 0xD3, 0x9C, 0xFB, 0xDE, 0x1C, 0xE7, 0x3C, 0xE7, 0x5D, 0xEF, 0x7D, 0xEF, 0x9E, 0xF7,
    0x9F, 0x19, 0x9F, 0x19, 0x9F, 0x19, 0x9F, 0x19, 0x9F, 0x19, 0x9F, 0x19, 0x9F, 0x19, 0x9F, 0x19,
    0x9F, 0x19, 0x9F, 0x19, 0x9F, 0x19, 0x9F, 0x19, 0x9F, 0x19, 0x9F, 0x19, 0x9F, 0x19, 0x9F, 0x19,
    0x9F, 0x19, 0x9F, 0x19, 0x9F, 0x19, 0x9F, 0x19, 0x9F, 0x19, 0x9F, 0x19, 0x9F, 0x19, 0x9F, 0x19,
    0x9F, 0x19, 0x9F, 0x19, 0x9F, 0x19, 0x9F, 0x19, 0x9F, 0x19, 0x9F, 0x19, 0x9F, 0x19, 0x9F, 0x19,
    0x9F, 0x19, 0x9F, 0x19, 0x9F, 0x19, 0x9F, 0x19, 0x9F, 0x19, 0x9F, 0x19, 0x9F, 0x19, 0x9F, 0x19,
    0x9F, 0x19, 0x9F, 0x19, 0x9F, 0x19, 0x9F, 0x19, 0x9F, 0x19, 0x9F, 0x19, 0x9F, 0x19, 0x9F, 0x19,
    0x9F, 0x19, 0x9F, 0x19, 0x9F, 0x19, 0x9F, 0x19, 0x9F, 0x19, 0x9F, 0x19, 0x9F, 0x19, 0x9F, 0x19,
    0x9F, 0x19, 0x9F, 0x19, 0x9F, 0x19, 0x9F, 0x19, 0x9F, 0x19, 0x9F, 0x19, 0x9F, 0x19, 0x9F, 0x19,
    0x9F, 0x19, 0x9F, 0x19, 0x9F, 0x19, 0x9F, 0x19, 0x9F, 0x19, 0x9F, 0x19, 0x9F, 0x19, 0x9F, 0x19,
    0x9F, 0x19, 0x9F, 0x19, 0x9F, 0x19, 0x9F, 0x19, 0x9F, 0x19, 0x9F, 0x19, 0x9F, 0x19, 0x9F, 0x19,
    0x9F, 0x19, 0x9F, 0x19, 0x9F, 0x19, 0x9F, 0x19, 0x9F, 0x19, 0x9F, 0x19, 0x9F, 0x19, 0x9F, 0x19,
    0x9F, 0x19, 0x9F, 0x19, 0x9F, 0x19, 0x9F, 0x19, 0x9F, 0x19, 0x9F, 0x19, 0x9F, 0x19, 0x9F, 0x19,
    0x9F, 0x19, 0x9F, 0x19, 0x9F, 0x19, 0x9F, 0x19, 0x9F, 0x19, 0x9F, 0x19, 0x9F, 0x19, 0x9F, 0x19,
    0x9F, 0x19, 0x9F, 0x19, 0x9F, 0x19, 0x9F, 0x19, 0x9F, 0x19, 0x9F, 0x19, 0x9F, 0x19, 0x9F, 0x19,
    0x9F, 0x19, 0x9F, 0x19, 0x9F, 0x19, 0x9F, 0x19, 0x9F, 0x19, 0x9F, 0x19, 0x9F, 0x19, 0x9F, 0x19,
    0x9F, 0x19, 0x9F, 0x19, 0x9F, 0x19, 0x9F, 0x19, 0x9F, 0x19, 0x9F, 0x19, 0x9F, 0x19, 0x9F, 0x19,
    0x9F, 0x19, 0x9F, 0x19, 0x9F, 0x19, 0x9F, 0x19, 0x9F, 0x19, 0x9F, 0x19, 0x9F, 0x19, 0x9F, 0x19,
    0x9F, 0x19, 0x9F, 0x19, 0x9F, 0x19, 0x9F, 0x19, 0x9F, 0x19, 0x9F, 0x19, 0x9F, 0x19, 0x9F, 0x19,
    0x9F, 0x19, 0x9F, 0x19, 0xDF, 0x21, 0x1F, 0x2A, 0x7F, 0x3A, 0xDF, 0x94, 0x7D, 0xEF, 0x7D, 0xEF,
    0x7D, 0xEF, 0x7D, 0xEF, 0x7D, 0xEF, 0x7D, 0xEF, 0x9E, 0xF7, 0x9E, 0xF7, 0x9E, 0xF7, 0xDB, 0xDE,
    0x86, 0x31, 0x56, 0xBB, 0xD9, 0xDB, 0xD9, 0xDB, 0xD9, 0xDB, 0xD9, 0xDB, 0xD9, 0xDB, 0xD9, 0xDB,
    0xD9, 0xDB, 0xD9, 0xDB, 0xD9, 0xDB, 0xD9, 0xDB, 0xD9, 0xDB, 0xF9, 0xDB, 0xF9, 0xDB, 0xFA, 0xDB,
    0x1A, 0xE4, 0x3A, 0xE4, 0x3A, 0xE4, 0x5A, 0xE4, 0x5A, 0xE4, 0x5A, 0xE4, 0x7A, 0xE4, 0x7A, 0xE4,
    0x5A, 0xE4, 0x5A, 0xE4, 0x3A, 0xE4, 0x1A, 0xE4, 0xFA, 0xE3, 0xFA, 0xDB, 0xD9, 0xDB, 0xD9, 0xDB,
    0xD9, 0xDB, 0xD9, 0xDB, 0xD9, 0xDB, 0xD9, 0xDB, 0xD9, 0xDB, 0xD9, 0xDB, 0xD9, 0xDB, 0xD9, 0xDB,
    0xD9, 0xDB, 0xD9, 0xDB, 0xD9, 0xDB, 0xD9, 0xDB, 0xD9, 0xDB, 0xD9, 0xDB, 0x2C, 0x6A, 0xCB, 0x5A,
    0xF7, 0xBD, 0x38, 0xC6, 0x38, 0xC6, 0x38, 0xC6, 0x38, 0xC6, 0x38, 0xC6, 0x59, 0xCE, 0x59, 0xCE,
    0x59, 0xCE, 0x79, 0xCE, 0x79, 0xCE, 0x79, 0xCE, 0x79, 0xCE, 0x79, 0xCE, 0x9A, 0xD6, 0x79, 0xCE,
    0x79, 0xCE, 0x79, 0xCE, 0x79, 0xCE, 0x9A, 0xD6, 0x9A, 0xD6, 0x9A, 0xD6, 0x9A, 0xD6, 0x9A, 0xD6,
    0x9A, 0xD6, 0x9A, 0xD6, 0x9A, 0xD6, 0x9A, 0xD6, 0x9A, 0xD6, 0x9A, 0xD6, 0x9A, 0xD6, 0x9A, 0xD6,
    0x79, 0xCE, 0x79, 0xCE, 0x9A, 0xD6, 0x9A, 0xD6, 0x79, 0xCE, 0x79, 0xCE, 0x9A, 0xD6, 0x9A, 0xD6,
    0x9A, 0xD6, 0x9A, 0xD6, 0x9A, 0xD6, 0x9A, 0xD6, 0x79, 0xCE, 0x9A, 0xD6, 0x9A, 0xD6, 0x9A, 0xD6,
    0x9A, 0xD6, 0x9A, 0xD6, 0x9A, 0xD6, 0x9A, 0xD6, 0x9A, 0xD6, 0x9A, 0xD6, 0x9A, 0xD6, 0x9A, 0xD6,
    0x9A, 0xD6, 0x9A, 0xD6, 0x9A, 0xD6, 0x9A, 0xD6, 0x9A, 0xD6, 0x9A, 0xD6, 0x9A, 0xD6, 0x9A, 0xD6,
    0x9A, 0xD6, 0x9A, 0xD6, 0x9A, 0xD6, 0x79, 0xCE, 0x9A, 0xD6, 0x9A, 0xD6, 0x9A, 0xD6, 0x9A, 0xD6,
    0x9A, 0xD6, 0x9A, 0xD6, 0x9A, 0xD6, 0x9A, 0xD6, 0x79, 0xCE, 0x79, 0xCE, 0x9A, 0xD6, 0x79, 0xCE,
    0x9A, 0xD6, 0x79, 0xCE, 0x9A, 0xD6, 0x9A, 0xD6, 0x9A, 0xD6, 0x79, 0xCE, 0x9A, 0xD6, 0x9A, 0xD6,
    0x9A, 0xD6, 0x9A, 0xD6, 0x9A, 0xD6, 0x9A, 0xD6, 0x9A, 0xD6, 0x9A, 0xD6, 0x9A, 0xD6, 0x9A, 0xD6,
    0x79, 0xCE, 0x79, 0xCE, 0x79, 0xCE, 0x59, 0xCE, 0x59, 0xCE, 0x59, 0xCE, 0x59, 0xCE, 0x6D, 0x6B,
    0x10, 0x84, 0xFB, 0xDE, 0x1C, 0xE7, 0x1C, 0xE7, 0x3C, 0xE7, 0x5D, 0xEF, 0x7D, 0xEF, 0x9E, 0xF7,
    0x9F, 0x19, 0x9F, 0x19, 0x9F, 0x19, 0x9F, 0x19, 0x9F, 0x19, 0x9F, 0x19, 0x9F, 0x19, 0x9F, 0x19,
    0x9F, 0x19, 0x9F, 0x19, 0x9F, 0x19, 0x9F, 0x19, 0x9F, 0x19, 0x9F, 0x19, 0x9F, 0x19, 0x9F, 0x19,
    0x9F, 0x19, 0x9F, 0x19, 0x9F, 0x19, 0x9F, 0x19, 0x9F, 0x19, 0x9F, 0x19, 0x9F, 0x19, 0x9F, 0x19,
    0x9F, 0x19, 0x9F, 0x19, 0x9F, 0x19, 0x9F, 0x19, 0x9F, 0x19, 0x9F, 0x19, 0x9F, 0x19, 0x9F, 0x19,
    0x9F, 0x19, 0x9F, 0x19, 0x9F, 0x19, 0x9F, 0x19, 0x9F, 0x19, 0x9F, 0x19, 0x9F, 0x19, 0x9F, 0x19,
    0x9F, 0x19, 0x9F, 0x19, 0x9F, 0x19, 0x9F, 0x19, 0x9F, 0x19, 0x9F, 0x19, 0x9F, 0x19, 0x9F, 0x19,
    0x9F, 0x19, 0x9F, 0x19, 0x9F, 0x19, 0x9F, 0x19, 0x9F, 0x19, 0x9F, 0x19, 0x9F, 0x19, 0x9F, 0x19,
    0x9F, 0x19, 0x9F, 0x19, 0x9F, 0x19, 0x9F, 0x19, 0x9F, 0x19, 0x9F, 0x19, 0x9F, 0x19, 0x9F, 0x19,
    0x9F, 0x19, 0x9F, 0x19, 0x9F, 0x19, 0x9F, 0x19, 0x9F, 0x19, 0x9F, 0x19, 0x9F, 0x19, 0x9F, 0x19,
    0x9F, 0x19, 0x9F, 0x19, 0x9F, 0x19, 0x9F, 0x19, 0x9F, 0x19, 0x9F, 0x19, 0x9F, 0x19, 0x9F, 0x19,
    0x9F, 0x19, 0x9F, 0x19, 0x9F, 0x19, 0x9F, 0x19, 0x9F, 0x19, 0x9F, 0x19, 0x9F, 0x19, 0x9F, 0x19,
    0x9F, 0x19, 0x9F, 0x19, 0x9F, 0x19, 0x9F, 0x19, 0x9F, 0x19, 0x9F, 0x19, 0x9F, 0x19, 0x9F, 0x19,
    0x9F, 0x19, 0x9F, 0x19, 0x9F, 0x19, 0x9F, 0x19, 0x9F, 0x19, 0x9F, 0x19, 0x9F, 0x19, 0x9F, 0x19,
    0x9F, 0x19, 0x9F, 0x19, 0x9F, 0x19, 0x9F, 0x19, 0x9F, 0x19, 0x9F, 0x19, 0x9F, 0x19, 0x9F, 0x19,
    0x9F, 0x19, 0x9F, 0x19, 0x9F, 0x19, 0x9F, 0x19, 0x9F, 0x19, 0x9F, 0x19, 0x9F, 0x19, 0x9F, 0x19,
    0x9F, 0x19, 0x9F, 0x19, 0x9F, 0x19, 0x9F, 0x19, 0x9F, 0x19, 0x9F, 0x19, 0x9F, 0x19, 0x9F, 0x19,
    0x9F, 0x19, 0x9F, 0x19, 0x9F, 0x19, 0x9F, 0x19, 0x9F, 0x19, 0x9F, 0x19, 0x9F, 0x19, 0x9F, 0x19,
    0x9F, 0x19, 0x9F, 0x19, 0x9F, 0x19, 0x9F, 0x19, 0x9F, 0x19, 0x9F, 0x19, 0x9F, 0x19, 0x9F, 0x19,
    0x9F, 0x19, 0x9F, 0x19, 0xBF, 0x21, 0xFF, 0x29, 0x7F, 0x3A, 0xDF, 0x42, 0x5E, 0x9D, 0x7D, 0xEF,
    0x7D, 0xEF, 0x7D, 0xEF, 0x7D, 0xEF, 0x7D, 0xEF, 0x9E, 0xF7, 0x9E, 0xF7, 0x9E, 0xF7, 0x9E, 0xF7,
    0x59, 0xCE, 0x46, 0x31, 0x97, 0xCB, 0xD9, 0xDB, 0xD9, 0xDB, 0xD9, 0xDB, 0xD9, 0xDB, 0xD9, 0xDB,
    0xD9, 0xDB, 0xD9, 0xDB, 0xD9, 0xDB, 0xD9, 0xDB, 0xD9, 0xDB, 0xD9, 0xDB, 0xD9, 0xDB, 0xF9, 0xDB,
    0xFA, 0xE3, 0xFA, 0xE3, 0x1A, 0xE4, 0x1A, 0xE4, 0x3A, 0xE4, 0x3A, 0xE4, 0x3A, 0xE4, 0x3A, 0xE4,
    0x1A, 0xE4, 0x1A, 0xE4, 0x1A, 0xDC, 0xF9, 0xDB, 0xF9, 0xDB, 0xF9, 0xDB, 0xD9, 0xDB, 0xD9, 0xDB,
    0xD9, 0xDB, 0xD9, 0xDB, 0xD9, 0xDB, 0xD9, 0xDB, 0xD9, 0xDB, 0xD9, 0xDB, 0xD9, 0xDB, 0xD9, 0xDB,
    0xD9, 0xDB, 0xD9, 0xDB, 0xD9, 0xDB, 0xD9, 0xDB, 0xD9, 0xDB, 0xD9, 0xDB, 0xD9, 0xDB, 0x6E, 0x72,
    0x28, 0x42, 0xF7, 0xBD, 0x38, 0xC6, 0x38, 0xC6, 0x38, 0xC6, 0x38, 0xC6, 0x59, 0xCE, 0x59, 0xCE,
    0x59, 0xCE, 0x59, 0xCE, 0x59, 0xCE, 0x79, 0xCE, 0x79, 0xCE, 0x79, 0xCE, 0x79, 0xCE, 0x79, 0xCE,
    0x79, 0xCE, 0x79, 0xCE, 0x79, 0xCE, 0x79, 0xCE, 0x79, 0xCE, 0x79, 0xCE, 0x79, 0xCE, 0x79, 0xCE,
    0x79, 0xCE, 0x79, 0xCE, 0x79, 0xCE, 0x79, 0xCE, 0x79, 0xCE, 0x79, 0xCE, 0x79, 0xCE, 0x79, 0xCE,
    0x79, 0xCE, 0x79, 0xCE, 0x79, 0xCE, 0x79, 0xCE, 0x79, 0xCE, 0x79, 0xCE, 0x79, 0xCE, 0x79, 0xCE,
    0x79, 0xCE, 0x79, 0xCE, 0x79, 0xCE, 0x79, 0xCE, 0x79, 0xCE, 0x79, 0xCE, 0x79, 0xCE, 0x79, 0xCE,
    0x79, 0xCE, 0x79, 0xCE, 0x79, 0xCE, 0x79, 0xCE, 0x79, 0xCE, 0x79, 0xCE, 0x79, 0xCE, 0x79, 0xCE,
    0x79, 0xCE, 0x79, 0xCE, 0x79, 0xCE, 0x79, 0xCE, 0x79, 0xCE, 0x79, 0xCE, 0x79, 0xCE, 0x79, 0xCE,
    0x79, 0xCE, 0x79, 0xCE, 0x79, 0xCE, 0x79, 0xCE, 0x79, 0xCE, 0x79, 0xCE, 0x79, 0xCE, 0x79, 0xCE,
    0x79, 0xCE, 0x79, 0xCE, 0x79, 0xCE, 0x79, 0xCE, 0x79, 0xCE, 0x79, 0xCE, 0x79, 0xCE, 0x79, 0xCE,
    0x79, 0xCE, 0x79, 0xCE, 0x79, 0xCE, 0x79, 0xCE, 0x79, 0xCE, 0x79, 0xCE, 0x79, 0xCE, 0x79, 0xCE,
    0x79, 0xCE, 0x79, 0xCE, 0x79, 0xCE, 0x79, 0xCE, 0x79, 0xCE, 0x79, 0xCE, 0x79, 0xCE, 0x79, 0xCE,
    0x79, 0xCE, 0x79, 0xCE, 0x59, 0xCE, 0x59, 0xCE, 0x59, 0xCE, 0x96, 0xB5, 0x69, 0x4A, 0xAE, 0x73,
    0xFB, 0xDE, 0xFB, 0xDE, 0x1C, 0xE7, 0x3C, 0xE7, 0x3C, 0xE7, 0x7D, 0xEF, 0x7D, 0xEF, 0x9E, 0xF7,
    0x9F, 0x19, 0x9F, 0x19, 0x9F, 0x19, 0x9F, 0x19, 0x9F, 0x19, 0x9F, 0x19, 0x9F, 0x19, 0x9F, 0x19,
    0x9F, 0x19, 0x9F, 0x19, 0x9F, 0x19, 0x9F, 0x19, 0x9F, 0x19, 0x9F, 0x19, 0x9F, 0x19, 0x9F, 0x19,
    0x9F, 0x19, 0x9F, 0x19, 0x9F, 0x19, 0x9F, 0x19, 0x9F, 0x19, 0x9F, 0x19, 0x9F, 0x19, 0x9F, 0x19,
    0x9F, 0x19, 0x9F, 0x19, 0x9F, 0x19, 0x9F, 0x19, 0x9F, 0x19, 0x9F, 0x19, 0x9F, 0x19, 0x9F, 0x19,
    0x9F, 0x19, 0x9F, 0x19, 0x9F, 0x19, 0x9F, 0x19, 0x9F, 0x19, 0x9F, 0x19, 0x9F, 0x19, 0x9F, 0x19,
    0x9F, 0x19, 0x9F, 0x19, 0x9F, 0x19, 0x9F, 0x19, 0x9F, 0x19, 0x9F, 0x19, 0x9F, 0x19, 0x9F, 0x19,
    0x9F, 0x19, 0x9F, 0x19, 0x9F, 0x19, 0x9F, 0x19, 0x9F, 0x19, 0x9F, 0x19, 0x9F, 0x19, 0x9F, 0x19,
    0x9F, 0x19, 0x9F, 0x19, 0x9F, 0x19, 0x9F, 0x19, 0x9F, 0x19, 0x9F, 0x19, 0x9F, 0x19, 0x9F, 0x19,
    0x9F, 0x19, 0x9F, 0x19, 0x9F, 0x19, 0x9F, 0x19, 0x9F, 0x19, 0x9F, 0x19, 0x9F, 0x19, 0x9F, 0x19,
    0x9F, 0x19, 0x9F, 0x19, 0x9F, 0x19, 0x9F, 0x19, 0x9F, 0x19, 0x9F, 0x19, 0x9F, 0x19, 0x9F, 0x19,
    0x9F, 0x19, 0x9F, 0x19, 0x9F, 0x19, 0x9F, 0x19, 0x9F, 0x19, 0x9F, 0x19, 0x9F, 0x19, 0x9F, 0x19,
    0x9F, 0x19, 0x9F, 0x19, 0x9F, 0x19, 0x9F, 0x19, 0x9F, 0x19, 0x9F, 0x19, 0x9F, 0x19, 0x9F, 0x19,
    0x9F, 0x19, 0x9F, 0x19, 0x9F, 0x19, 0x9F, 0x19, 0x9F, 0x19, 0x9F, 0x19, 0x9F, 0x19, 0x9F, 0x19,
    0x9F, 0x19, 0x9F, 0x19, 0x9F, 0x19, 0x9F, 0x19, 0x9F, 0x19, 0x9F, 0x19, 0x9F, 0x19, 0x9F, 0x19,
    0x9F, 0x19, 0x9F, 0x19, 0x9F, 0x19, 0x9F, 0x19, 0x9F, 0x19, 0x9F, 0x19, 0x9F, 0x19, 0x9F, 0x19,
    0x9F, 0x19, 0x9F, 0x19, 0x9F, 0x19, 0x9F, 0x19, 0x9F, 0x19, 0x9F, 0x19, 0x9F, 0x19, 0x9F, 0x19,
    0x9F, 0x19, 0x9F, 0x19, 0x9F, 0x19, 0x9F, 0x19, 0x9F, 0x19, 0x9F, 0x19, 0x9F, 0x19, 0x9F, 0x19,
    0x9F, 0x19, 0x9F, 0x19, 0x9F, 0x19, 0x9F, 0x19, 0x9F, 0x19, 0x9F, 0x19, 0x9F, 0x19, 0x9F, 0x19,
    0x9F, 0x19, 0x9F, 0x19, 0xBF, 0x19, 0xFF, 0x21, 0x5F, 0x32, 0xBF, 0x42, 0x1F, 0x53, 0xDF, 0x94,
    0x7D, 0xEF, 0x7D, 0xEF, 0x7D, 0xEF, 0x9E, 0xF7, 0x7D, 0xEF, 0x9E, 0xF7, 0x9E, 0xF7, 0x9E, 0xF7,
    0x9E, 0xF7, 0x34, 0xA5, 0x87, 0x39, 0x97, 0xCB, 0xD9, 0xDB, 0xD9, 0xDB, 0xD9, 0xDB, 0xD9, 0xDB,
    0xD9, 0xDB, 0xD9, 0xDB, 0xD9, 0xDB, 0xD9, 0xDB, 0xD9, 0xDB, 0xD9, 0xDB, 0xD9, 0xDB, 0xD9, 0xDB,
    0xF9, 0xDB, 0xF9, 0xDB, 0xF9, 0xDB, 0xFA, 0xE3, 0xFA, 0xDB, 0x1A, 0xE4, 0x1A, 0xE4, 0x1A, 0xDC,
    0xFA, 0xDB, 0xF9, 0xDB, 0xF9, 0xDB, 0xF9, 0xDB, 0xD9, 0xDB, 0xD9, 0xDB, 0xD9, 0xDB, 0xD9, 0xDB,
    0xD9, 0xDB, 0xD9, 0xDB, 0xD9, 0xDB, 0xD9, 0xDB, 0xD9, 0xDB, 0xD9, 0xDB, 0xD9, 0xDB, 0xD9, 0xDB,
    0xD9, 0xDB, 0xD9, 0xDB, 0xD9, 0xDB, 0xD9, 0xDB, 0xD9, 0xDB, 0xD9, 0xDB, 0xD9, 0xDB, 0xD9, 0xDB,
    0x8F, 0x82, 0xC7, 0x39, 0x96, 0xB5, 0x38, 0xC6, 0x38, 0xC6, 0x38, 0xC6, 0x38, 0xC6, 0x38, 0xC6,
    0x59, 0xCE, 0x59, 0xCE, 0x59, 0xCE, 0x59, 0xCE, 0x59, 0xCE, 0x59, 0xCE, 0x59, 0xCE, 0x59, 0xCE,
    0x59, 0xCE, 0x59, 0xCE, 0x59, 0xCE, 0x59, 0xCE, 0x59, 0xCE, 0x59, 0xCE, 0x59, 0xCE, 0x59, 0xCE,
    0x59, 0xCE, 0x59, 0xCE, 0x59, 0xCE, 0x59, 0xCE, 0x59, 0xCE, 0x59, 0xCE, 0x59, 0xCE, 0x59, 0xCE,
    0x59, 0xCE, 0x59, 0xCE, 0x59, 0xCE, 0x59, 0xCE, 0x59, 0xCE, 0x59, 0xCE, 0x59, 0xCE, 0x59, 0xCE,
    0x59, 0xCE, 0x59, 0xCE, 0x59, 0xCE, 0x59, 0xCE, 0x59, 0xCE, 0x59, 0xCE, 0x59, 0xCE, 0x59, 0xCE,
    0x59, 0xCE, 0x59, 0xCE, 0x59, 0xCE, 0x59, 0xCE, 0x59, 0xCE, 0x59, 0xCE, 0x59, 0xCE, 0x59, 0xCE,
    0x59, 0xCE, 0x59, 0xCE, 0x59, 0xCE, 0x59, 0xCE, 0x59, 0xCE, 0x59, 0xCE, 0x59, 0xCE, 0x59, 0xCE,
    0x59, 0xCE, 0x59, 0xCE, 0x59, 0xCE, 0x59, 0xCE, 0x59, 0xCE, 0x59, 0xCE, 0x59, 0xCE, 0x79, 0xCE,
    0x59, 0xCE, 0x59, 0xCE, 0x59, 0xCE, 0x59, 0xCE, 0x59, 0xCE, 0x59, 0xCE, 0x59, 0xCE, 0x59, 0xCE,
    0x59, 0xCE, 0x59, 0xCE, 0x59, 0xCE, 0x59, 0xCE, 0x59, 0xCE, 0x59, 0xCE, 0x59, 0xCE, 0x59, 0xCE,
    0x59, 0xCE, 0x59, 0xCE, 0x59, 0xCE, 0x59, 0xCE, 0x59, 0xCE, 0x59, 0xCE, 0x59, 0xCE, 0x59, 0xCE,
    0x59, 0xCE, 0x59, 0xCE, 0x18, 0xC6, 0x14, 0xA5, 0x6D, 0x6B, 0xE7, 0x39, 0x34, 0xA5, 0xFB, 0xDE,
    0xFB, 0xDE, 0x1C, 0xE7, 0x3C, 0xE7, 0x3C, 0xE7, 0x5D, 0xEF, 0x7D, 0xEF, 0x9E, 0xF7, 0xBE, 0xF7,
    0x9F, 0x19, 0x9F, 0x19, 0x9F, 0x19, 0x9F, 0x19, 0x9F, 0x19, 0x9F, 0x19, 0x9F, 0x19, 0x9F, 0x19,
    0x9F, 0x19, 0x9F, 0x19, 0x9F, 0x19, 0x9F, 0x19, 0x9F, 0x19, 0x9F, 0x19, 0x9F, 0x19, 0x9F, 0x19,
    0x9F, 0x19, 0x9F, 0x19, 0x9F, 0x19, 0x9F, 0x19, 0x9F, 0x19, 0x9F, 0x19, 0x9F, 0x19, 0x9F, 0x19,
    0x9F, 0x19, 0x9F, 0x19, 0x9F, 0x19, 0x9F, 0x19, 0x9F, 0x19, 0x9F, 0x19, 0x9F, 0x19, 0x9F, 0x19,
    0x9F, 0x19, 0x9F, 0x19, 0x9F, 0x19, 0x9F, 0x19, 0x9F, 0x19, 0x9F, 0x19, 0x9F, 0x19, 0x9F, 0x19,
    0x9F, 0x19, 0x9F, 0x19, 0x9F, 0x19, 0x9F, 0x19, 0x9F, 0x19, 0x9F, 0x19, 0x9F, 0x19, 0x9F, 0x19,
    0x9F, 0x19, 0x9F, 0x19, 0x9F, 0x19, 0x9F, 0x19, 0x9F, 0x19, 0x9F, 0x19, 0x9F, 0x19, 0x9F, 0x19,
    0x9F, 0x19, 0x9F, 0x19, 0x9F, 0x19, 0x9F, 0x19, 0x9F, 0x19, 0x9F, 0x19, 0x9F, 0x19, 0x9F, 0x19,
    0x9F, 0x19, 0x9F, 0x19, 0x9F, 0x19, 0x9F, 0x19, 0x9F, 0x19, 0x9F, 0x19, 0x9F, 0x19, 0x9F, 0x19,
    0x9F, 0x19, 0x9F, 0x19, 0x9F, 0x19, 0x9F, 0x19, 0x9F, 0x19, 0x9F, 0x19, 0x9F, 0x19, 0x9F, 0x19,
    0x9F, 0x19, 0x9F, 0x19, 0x9F, 0x19, 0x9F, 0x19, 0x9F, 0x19, 0x9F, 0x19, 0x9F, 0x19, 0x9F, 0x19,
    0x9F, 0x19, 0x9F, 0x19, 0x9F, 0x19, 0x9F, 0x19, 0x9F, 0x19, 0x9F, 0x19, 0x9F, 0x19, 0x9F, 0x19,
    0x9F, 0x19, 0x9F, 0x19, 0x9F, 0x19, 0x9F, 0x19, 0x9F, 0x19, 0x9F, 0x19, 0x9F, 0x19, 0x9F, 0x19,
    0x9F, 0x19, 0x9F, 0x19, 0x9F, 0x19, 0x9F, 0x19, 0x9F, 0x19, 0x9F, 0x19, 0x9F, 0x19, 0x9F, 0x19,
    0x9F, 0x19, 0x9F, 0x19, 0x9F, 0x19, 0x9F, 0x19, 0x9F, 0x19, 0x9F, 0x19, 0x9F, 0x19, 0x9F, 0x19,
    0x9F, 0x19, 0x9F, 0x19, 0x9F, 0x19, 0x9F, 0x19, 0x9F, 0x19, 0x9F, 0x19, 0x9F, 0x19, 0x9F, 0x19,
    0x9F, 0x19, 0x9F, 0x19, 0x9F, 0x19, 0x9F, 0x19, 0x9F, 0x19, 0x9F, 0x19, 0x9F, 0x19, 0x9F, 0x19,
    0x9F, 0x19, 0x9F, 0x19, 0x9F, 0x19, 0x9F, 0x19, 0x9F, 0x19, 0x9F, 0x19, 0x9F, 0x19, 0x9F, 0x19,
    0x9F, 0x19, 0x9F, 0x19, 0xBF, 0x19, 0xDF, 0x21, 0x3F, 0x32, 0x9F, 0x3A, 0xFF, 0x4A, 0x3F, 0x53,
    0xDF, 0x94, 0x3D, 0xE7, 0x7D, 0xEF, 0x9E, 0xF7, 0x7D, 0xEF, 0x9E, 0xF7, 0x9E, 0xF7, 0x9E, 0xF7,
    0x9E, 0xF7, 0x9E, 0xF7, 0x71, 0x8C, 0x86, 0x31, 0x24, 0x21, 0x24, 0x21, 0x24, 0x21, 0x24, 0x21,
    0x24, 0x21, 0x24, 0x21, 0x24, 0x21, 0x24, 0x21, 0x24, 0x21, 0x24, 0x21, 0x24, 0x21, 0x24, 0x21,
    0x24, 0x21, 0x24, 0x21, 0x24, 0x21, 0x45, 0x29, 0x45, 0x29, 0x45, 0x29, 0x45, 0x29, 0x45, 0x29,
    0x45, 0x29, 0x24, 0x21, 0x24, 0x21, 0x24, 0x21, 0x24, 0x21, 0x24, 0x21, 0x24, 0x21, 0x24, 0x21,
    0x24, 0x21, 0x24, 0x21, 0x24, 0x21, 0x24, 0x21, 0x24, 0x21, 0x24, 0x21, 0x24, 0x21, 0x24, 0x21,
    0x24, 0x21, 0x24, 0x21, 0x24, 0x21, 0x24, 0x21, 0x24, 0x21, 0x24, 0x21, 0x24, 0x21, 0x24, 0x21,
    0x24, 0x21, 0x24, 0x21, 0x86, 0x31, 0xC7, 0x39, 0xC7, 0x39, 0xC7, 0x39, 0xC7, 0x39, 0xC7, 0x39,
    0xC7, 0x39, 0xE7, 0x39, 0xE7, 0x39, 0xE7, 0x39, 0xE7, 0x39, 0xE7, 0x39, 0xE7, 0x39, 0xE7, 0x39,
    0xE7, 0x39, 0xE7, 0x39, 0xE7, 0x39, 0xE7, 0x39, 0xE7, 0x39, 0xE7, 0x39, 0xE7, 0x39, 0xE7, 0x39,
    0xE7, 0x39, 0xE7, 0x39, 0xE7, 0x39, 0xE7, 0x39, 0xE7, 0x39, 0xE7, 0x39, 0xE7, 0x39, 0xE7, 0x39,
    0xE7, 0x39, 0xE7, 0x39, 0xE7, 0x39, 0xE7, 0x39, 0xE7, 0x39, 0xE7, 0x39, 0xE7, 0x39, 0xE7, 0x39,
    0xE7, 0x39, 0xE7, 0x39, 0xE7, 0x39, 0xE7, 0x39, 0xE7, 0x39, 0xE7, 0x39, 0xE7, 0x39, 0xE7, 0x39,
    0xE7, 0x39, 0xE7, 0x39, 0xE7, 0x39, 0xE7, 0x39, 0xE7, 0x39, 0xE7, 0x39, 0xE7, 0x39, 0xE7, 0x39,
    0xE7, 0x39, 0xE7, 0x39, 0xE7, 0x39, 0xE7, 0x39, 0xE7, 0x39, 0xE7, 0x39, 0xE7, 0x39, 0xE7, 0x39,
    0xE7, 0x39, 0xE7, 0x39, 0xE7, 0x39, 0xE7, 0x39, 0xE7, 0x39, 0xE7, 0x39, 0xE7, 0x39, 0xE7, 0x39,
    0xE7, 0x39, 0xE7, 0x39, 0xE7, 0x39, 0xE7, 0x39, 0xE7, 0x39, 0xE7, 0x39, 0xE7, 0x39, 0xE7, 0x39,
    0xE7, 0x39, 0xE7, 0x39, 0xE7, 0x39, 0xE7, 0x39, 0xE7, 0x39, 0xE7, 0x39, 0xE7, 0x39, 0xE7, 0x39,
    0xE7, 0x39, 0xE7, 0x39, 0xE7, 0x39, 0xE7, 0x39, 0xE7, 0x39, 0xE7, 0x39, 0xE7, 0x39, 0xE7, 0x39,
    0xE7, 0x39, 0xE7, 0x39, 0xE7, 0x39, 0xEB, 0x5A, 0x71, 0x8C, 0x9A, 0xD6, 0xFB, 0xDE, 0x1C, 0xDF,
    0x1C, 0xE7, 0x1C, 0xE7, 0x3C, 0xE7, 0x5D, 0xE7, 0x7D, 0xEF, 0x7D, 0xEF, 0x9E, 0xF7, 0xBE, 0xF7,
    0x9F, 0x19, 0x9F, 0x19, 0x9F, 0x19, 0x9F, 0x19, 0x9F, 0x19, 0x9F, 0x19, 0x9F, 0x19, 0x9F, 0x19,
    0x9F, 0x19, 0x9F, 0x19, 0x9F, 0x19, 0x9F, 0x19, 0x9F, 0x19, 0x9F, 0x19, 0x9F, 0x19, 0x9F, 0x19,
    0x9F, 0x19, 0x9F, 0x19, 0x9F, 0x19, 0x9F, 0x19, 0x9F, 0x19, 0x9F, 0x19, 0x9F, 0x19, 0x9F, 0x19,
    0x9F, 0x19, 0x9F, 0x19, 0x9F, 0x19, 0x9F, 0x19, 0x9F, 0x19, 0x9F, 0x19, 0x9F, 0x19, 0x9F, 0x19,
    0x9F, 0x19, 0x9F, 0x19, 0x9F, 0x19, 0x9F, 0x19, 0x9F, 0x19, 0x9F, 0x19, 0x9F, 0x19, 0x9F, 0x19,
    0x9F, 0x19, 0x9F, 0x19, 0x9F, 0x19, 0x9F, 0x19, 0x9F, 0x19, 0x9F, 0x19, 0x9F, 0x19, 0x9F, 0x19,
    0x9F, 0x19, 0x9F, 0x19, 0x9F, 0x19, 0x9F, 0x19, 0x9F, 0x19, 0x9F, 0x19, 0x9F, 0x19, 0x9F, 0x19,
    0x9F, 0x19, 0x9F, 0x19, 0x9F, 0x19, 0x9F, 0x19, 0x9F, 0x19, 0x9F, 0x19, 0x9F, 0x19, 0x9F, 0x19,
    0x9F, 0x19, 0x9F, 0x19, 0x9F, 0x19, 0x9F, 0x19, 0x9F, 0x19, 0x9F, 0x19, 0x9F, 0x19, 0x9F, 0x19,
    0x9F, 0x19, 0x9F, 0x19, 0x9F, 0x19, 0x9F, 0x19, 0x9F, 0x19, 0x9F, 0x19, 0x9F, 0x19, 0x9F, 0x19,
    0x9F, 0x19, 0x9F, 0x19, 0x9F, 0x19, 0x9F, 0x19, 0x9F, 0x19, 0x9F, 0x19, 0x9F, 0x19, 0x9F, 0x19,
    0x9F, 0x19, 0x9F, 0x19, 0x9F, 0x19, 0x9F, 0x19, 0x9F, 0x19, 0x9F, 0x19, 0x9F, 0x19, 0x9F, 0x19,
    0x9F, 0x19, 0x9F, 0x19, 0x9F, 0x19, 0x9F, 0x19, 0x9F, 0x19, 0x9F, 0x19, 0x9F, 0x19, 0x9F, 0x19,
    0x9F, 0x19, 0x9F, 0x19, 0x9F, 0x19, 0x9F, 0x19, 0x9F, 0x19, 0x9F, 0x19, 0x9F, 0x19, 0x9F, 0x19,
    0x9F, 0x19, 0x9F, 0x19, 0x9F, 0x19, 0x9F, 0x19, 0x9F, 0x19, 0x9F, 0x19, 0x9F, 0x19, 0x9F, 0x19,
    0x9F, 0x19, 0x9F, 0x19, 0x9F, 0x19, 0x9F, 0x19, 0x9F, 0x19, 0x9F, 0x19, 0x9F, 0x19, 0x9F, 0x19,
    0x9F, 0x19, 0x9F, 0x19, 0x9F, 0x19, 0x9F, 0x19, 0x9F, 0x19, 0x9F, 0x19, 0x9F, 0x19, 0x9F, 0x19,
    0x9F, 0x19, 0x9F, 0x19, 0x9F, 0x19, 0x9F, 0x19, 0x9F, 0x19, 0x9F, 0x19, 0x9F, 0x19, 0x9F, 0x19,
    0x9F, 0x19, 0x9F, 0x19, 0x9F, 0x19, 0xDF, 0x21, 0x1F, 0x2A, 0x5F, 0x32, 0xBF, 0x42, 0x1F, 0x4B,
    0x3F, 0x53, 0x1F, 0x74, 0x3E, 0xE7, 0x7D, 0xEF, 0x9E, 0xF7, 0x9E, 0xF7, 0x9E, 0xF7, 0x9E, 0xF7,
    0x9E, 0xF7, 0x9E, 0xF7, 0x9E, 0xF7, 0x9E, 0xF7, 0x9E, 0xF7, 0x9E, 0xF7, 0x9E, 0xF7, 0x9E, 0xF7,
    0x9E, 0xF7, 0xBE, 0xF7, 0xBE, 0xF7, 0xBE, 0xF7, 0xBE, 0xF7, 0xBE, 0xF7, 0xBE, 0xF7, 0xBE, 0xF7,
    0xBE, 0xF7, 0xBE, 0xF7, 0xBE, 0xF7, 0xBE, 0xF7, 0xBE, 0xF7, 0xBE, 0xF7, 0xBE, 0xF7, 0xBE, 0xF7,
    0xBE, 0xF7, 0xBE, 0xF7, 0xBE, 0xF7, 0xBE, 0xF7, 0xBE, 0xF7, 0xDF, 0xFF, 0xDF, 0xFF, 0xDF, 0xFF,
    0xDF, 0xFF, 0xDF, 0xFF, 0xDF, 0xFF, 0xDF, 0xFF, 0xDF, 0xFF, 0xDF, 0xFF, 0xDF, 0xFF, 0xDF, 0xFF,
    0xBE, 0xF7, 0xBE, 0xF7, 0x9E, 0xF7, 0x9E, 0xF7, 0x7D, 0xEF, 0x7D, 0xEF, 0x5D, 0xEF, 0x5D, 0xE7,
    0x3C, 0xE7, 0x1C, 0xE7, 0x1C, 0xE7, 0x1C, 0xDF, 0xFB, 0xDE, 0xFB, 0xDE, 0xFB, 0xDE, 0xFB, 0xDE,
    0xFB, 0xDE, 0xFB, 0xDE, 0xFB, 0xDE, 0xFB, 0xDE, 0xFB, 0xDE, 0xFB, 0xDE, 0xFB, 0xDE, 0xFB, 0xDE,
    0x1C, 0xDF, 0xFB, 0xDE, 0xFB, 0xDE, 0x1C, 0xDF, 0xFB, 0xDE, 0xFB, 0xDE, 0xFB, 0xDE, 0x1C, 0xDF,
    0x1C, 0xDF, 0x1C, 0xDF, 0xFB, 0xDE, 0x1C, 0xDF, 0x1C, 0xDF, 0x1C, 0xDF, 0xFB, 0xDE, 0xFB, 0xDE,
    0x1C, 0xDF, 0x1C, 0xDF, 0xFB, 0xDE, 0x1C, 0xDF, 0x1C, 0xDF, 0x1C, 0xDF, 0xFB, 0xDE, 0x1C, 0xDF,
    0x1C, 0xDF, 0x1C, 0xDF, 0xFB, 0xDE, 0x1C, 0xDF, 0x1C, 0xDF, 0x1C, 0xDF, 0x1C, 0xDF, 0xFB, 0xDE,
    0xFB, 0xDE, 0x1C, 0xDF, 0x1C, 0xDF, 0xFB, 0xDE, 0x1C, 0xDF, 0x1C, 0xDF, 0xFB, 0xDE, 0xFB, 0xDE,
    0x1C, 0xDF, 0x1C, 0xDF, 0x1C, 0xDF, 0xFB, 0xDE, 0xFB, 0xDE, 0xFB, 0xDE, 0x1C, 0xDF, 0x1C, 0xDF,
    0x1C, 0xDF, 0xFB, 0xDE, 0x1C, 0xDF, 0x1C, 0xDF, 0x1C, 0xDF, 0xFB, 0xDE, 0xFB, 0xDE, 0x1C, 0xDF,
    0x1C, 0xDF, 0x1C, 0xDF, 0x1C, 0xDF, 0xFB, 0xDE, 0x1C, 0xDF, 0x1C, 0xDF, 0xFB, 0xDE, 0x1C, 0xE7,
    0xFB, 0xDE, 0x1C, 0xDF, 0x1C, 0xDF, 0x1C, 0xDF, 0x1C, 0xDF, 0xFB, 0xDE, 0xFB, 0xDE, 0x1C, 0xDF,
    0x1C, 0xDF, 0xFB, 0xDE, 0xFB, 0xDE, 0x1C, 0xDF, 0x1C, 0xDF, 0x1C, 0xDF, 0x1C, 0xDF, 0x1C, 0xDF,
    0xFB, 0xDE, 0x1C, 0xDF, 0xFB, 0xDE, 0x1C, 0xDF, 0x1C, 0xE7, 0x1C, 0xE7, 0x1C, 0xE7, 0x1C, 0xE7,
    0x3C, 0xE7, 0x3C, 0xE7, 0x5D, 0xEF, 0x5D, 0xEF, 0x7D, 0xEF, 0x9E, 0xF7, 0xBE, 0xF7, 0xBE, 0xF7,
    0x9F, 0x19, 0x9F, 0x19, 0x9F, 0x19, 0x9F, 0x19, 0x9F, 0x19, 0x9F, 0x19, 0x9F, 0x19, 0x9F, 0x19,
    0x9F, 0x19, 0x9F, 0x19, 0x9F, 0x19, 0x9F, 0x19, 0x9F, 0x19, 0x9F, 0x19, 0x9F, 0x19, 0x9F, 0x19,
    0x9F, 0x19, 0x9F, 0x19, 0x9F, 0x19, 0x9F, 0x19, 0x9F, 0x19, 0x9F, 0x19, 0x9F, 0x19, 0x9F, 0x19,
    0x9F, 0x19, 0x9F, 0x19, 0x9F, 0x19, 0x9F, 0x19, 0x9F, 0x19, 0x9F, 0x19, 0x9F, 0x19, 0x9F, 0x19,
    0x9F, 0x19, 0x9F, 0x19, 0x9F, 0x19, 0x9F, 0x19, 0x9F, 0x19, 0x9F, 0x19, 0x9F, 0x19, 0x9F, 0x19,
    0x9F, 0x19, 0x9F, 0x19, 0x9F, 0x19, 0x9F, 0x19, 0x9F, 0x19, 0x9F, 0x19, 0x9F, 0x19, 0x9F, 0x19,
    0x9F, 0x19, 0x9F, 0x19, 0x9F, 0x19, 0x9F, 0x19, 0x9F, 0x19, 0x9F, 0x19, 0x9F, 0x19, 0x9F, 0x19,
    0x9F, 0x19, 0x9F, 0x19, 0x9F, 0x19, 0x9F, 0x19, 0x9F, 0x19, 0x9F, 0x19, 0x9F, 0x19, 0x9F, 0x19,
    0x9F, 0x19, 0x9F, 0x19, 0x9F, 0x19, 0x9F, 0x19, 0x9F, 0x19, 0x9F, 0x19, 0x9F, 0x19, 0x9F, 0x19,
    0x9F, 0x19, 0x9F, 0x19, 0x9F, 0x19, 0x9F, 0x19, 0x9F, 0x19, 0x9F, 0x19, 0x9F, 0x19, 0x9F, 0x19,
    0x9F, 0x19, 0x9F, 0x19, 0x9F, 0x19, 0x9F, 0x19, 0x9F, 0x19, 0x9F, 0x19, 0x9F, 0x19, 0x9F, 0x19,
    0x9F, 0x19, 0x9F, 0x19, 0x9F, 0x19, 0x9F, 0x19, 0x9F, 0x19, 0x9F, 0x19, 0x9F, 0x19, 0x9F, 0x19,
    0x9F, 0x19, 0x9F, 0x19, 0x9F, 0x19, 0x9F, 0x19, 0x9F, 0x19, 0x9F, 0x19, 0x9F, 0x19, 0x9F, 0x19,
    0x9F, 0x19, 0x9F, 0x19, 0x9F, 0x19, 0x9F, 0x19, 0x9F, 0x19, 0x9F, 0x19, 0x9F, 0x19, 0x9F, 0x19,
    0x9F, 0x19, 0x9F, 0x19, 0x9F, 0x19, 0x9F, 0x19, 0x9F, 0x19, 0x9F, 0x19, 0x9F, 0x19, 0x9F, 0x19,
    0x9F, 0x19, 0x9F, 0x19, 0x9F, 0x19, 0x9F, 0x19, 0x9F, 0x19, 0x9F, 0x19, 0x9F, 0x19, 0x9F, 0x19,
    0x9F, 0x19, 0x9F, 0x19, 0x9F, 0x19, 0x9F, 0x19, 0x9F, 0x19, 0x9F, 0x19, 0x9F, 0x19, 0x9F, 0x19,
    0x9F, 0x19, 0x9F, 0x19, 0x9F, 0x19, 0x9F, 0x19, 0x9F, 0x19, 0x9F, 0x19, 0x9F, 0x19, 0x9F, 0x19,
    0x9F, 0x19, 0x9F, 0x19, 0x9F, 0x19, 0xBF, 0x19, 0xDF, 0x21, 0x1F, 0x2A, 0x7F, 0x3A, 0xBF, 0x42,
    0xFF, 0x4A, 0x3F, 0x53, 0x1F, 0x74, 0xFE, 0xDE, 0x7D, 0xEF, 0x9E, 0xF7, 0x9E, 0xF7, 0x9E, 0xF7,
    0x9E, 0xF7, 0x9E, 0xF7, 0x9E, 0xF7, 0x9E, 0xF7, 0x9E, 0xF7, 0x9E, 0xF7, 0x9E, 0xF7, 0x9E, 0xF7,
    0xBE, 0xF7, 0x9E, 0xF7, 0xBE, 0xF7, 0xBE, 0xF7, 0xBE, 0xF7, 0xBE, 0xF7, 0xBE, 0xF7, 0xBE, 0xF7,
    0xBE, 0xF7, 0xBE, 0xF7, 0xBE, 0xF7, 0xBE, 0xF7, 0xBE, 0xF7, 0xBE, 0xF7, 0xBE, 0xF7, 0xBE, 0xF7,
    0xBE, 0xF7, 0xBE, 0xF7, 0xBE, 0xF7, 0xBE, 0xF7, 0xDF, 0xFF, 0xDF, 0xFF, 0xDF, 0xFF, 0xDF, 0xFF,
    0xDF, 0xFF, 0xDF, 0xFF, 0xDF, 0xFF, 0xDF, 0xFF, 0xDF, 0xFF, 0xDF, 0xFF, 0xDF, 0xFF, 0xDF, 0xFF,
    0xBE, 0xF7, 0xBE, 0xF7, 0xBE, 0xF7, 0x9E, 0xF7, 0x9E, 0xF7, 0x7D, 0xEF, 0x7D, 0xEF, 0x5D, 0xEF,
    0x5D, 0xEF, 0x3C, 0xE7, 0x3C, 0xE7, 0x3C, 0xE7, 0x3C, 0xE7, 0x1C, 0xE7, 0x1C, 0xE7, 0x1C, 0xE7,
    0x1C, 0xDF, 0x1C, 0xE7, 0x1C, 0xE7, 0x1C, 0xE7, 0x1C, 0xE7, 0x1C, 0xE7, 0x1C, 0xE7, 0x1C, 0xE7,
    0x1C, 0xE7, 0x1C, 0xE7, 0x1C, 0xE7, 0x1C, 0xE7, 0x1C, 0xE7, 0x1C, 0xE7, 0x1C, 0xE7, 0x1C, 0xE7,
    0x1C, 0xE7, 0x1C, 0xE7, 0x1C, 0xE7, 0x1C, 0xE7, 0x1C, 0xE7, 0x1C, 0xE7, 0x1C, 0xE7, 0x1C, 0xE7,
    0x1C, 0xE7, 0x1C, 0xE7, 0x1C, 0xE7, 0x1C, 0xE7, 0x1C, 0xE7, 0x1C, 0xE7, 0x1C, 0xE7, 0x1C, 0xE7,
    0x1C, 0xE7, 0x1C, 0xE7, 0x1C, 0xE7, 0x1C, 0xE7, 0x1C, 0xE7, 0x1C, 0xE7, 0x1C, 0xE7, 0x1C, 0xE7,
    0x1C, 0xE7, 0x1C, 0xE7, 0x1C, 0xE7, 0x1C, 0xE7, 0x1C, 0xE7, 0x1C, 0xE7, 0x1C, 0xE7, 0x1C, 0xE7,
    0x1C, 0xE7, 0x1C, 0xE7, 0x1C, 0xE7, 0x1C, 0xE7, 0x1C, 0xE7, 0x1C, 0xE7, 0x1C, 0xE7, 0x1C, 0xE7,
    0x1C, 0xE7, 0x1C, 0xE7, 0x1C, 0xE7, 0x1C, 0xE7, 0x1C, 0xE7, 0x1C, 0xE7, 0x1C, 0xE7, 0x1C, 0xE7,
    0x1C, 0xE7, 0x3C, 0xE7, 0x1C, 0xE7, 0x1C, 0xE7, 0x1C, 0xE7, 0x1C, 0xE7, 0x1C, 0xE7, 0x1C, 0xE7,
    0x1C, 0xE7, 0x1C, 0xE7, 0x1C, 0xE7, 0x1C, 0xE7, 0x1C, 0xE7, 0x1C, 0xE7, 0x1C, 0xE7, 0x1C, 0xE7,
    0x1C, 0xE7, 0x1C, 0xE7, 0x1C, 0xE7, 0x1C, 0xE7, 0x1C, 0xE7, 0x1C, 0xE7, 0x1C, 0xE7, 0x1C, 0xE7,
    0x1C, 0xE7, 0x1C, 0xE7, 0x1C, 0xE7, 0x1C, 0xE7, 0x3C, 0xE7, 0x3C, 0xE7, 0x3C, 0xE7, 0x3C, 0xE7,
    0x3C, 0xE7, 0x5D, 0xEF, 0x7D, 0xEF, 0x7D, 0xEF, 0x9E, 0xF7, 0xBE, 0xF7, 0xBE, 0xF7, 0xDF, 0xFF,
    0x9F, 0x19, 0x9F, 0x19, 0x9F, 0x19, 0x9F, 0x19, 0x9F, 0x19, 0x9F, 0x19, 0x9F, 0x19, 0x9F, 0x19,
    0x9F, 0x19, 0x9F, 0x19, 0x9F, 0x19, 0x9F, 0x19, 0x9F, 0x19, 0x9F, 0x19, 0x9F, 0x19, 0x9F, 0x19,
    0x9F, 0x19, 0x9F, 0x19, 0x9F, 0x19, 0x9F, 0x19, 0x9F, 0x19, 0x9F, 0x19, 0x9F, 0x19, 0x9F, 0x19,
    0x9F, 0x19, 0x9F, 0x19, 0x9F, 0x19, 0x9F, 0x19, 0x9F, 0x19, 0x9F, 0x19, 0x9F, 0x19, 0x9F, 0x19,
    0x9F, 0x19, 0x9F, 0x19, 0x9F, 0x19, 0x9F, 0x19, 0x9F, 0x19, 0x9F, 0x19, 0x9F, 0x19, 0x9F, 0x19,
    0x9F, 0x19, 0x9F, 0x19, 0x9F, 0x19, 0x9F, 0x19, 0x9F, 0x19, 0x9F, 0x19, 0x9F, 0x19, 0x9F, 0x19,
    0x9F, 0x19, 0x9F, 0x19, 0x9F, 0x19, 0x9F, 0x19, 0x9F, 0x19, 0x9F, 0x19, 0x9F, 0x19, 0x9F, 0x19,
    0x9F, 0x19, 0x9F, 0x19, 0x9F, 0x19, 0x9F, 0x19, 0x9F, 0x19, 0x9F, 0x19, 0x9F, 0x19, 0x9F, 0x19,
    0x9F, 0x19, 0x9F, 0x19, 0x9F, 0x19, 0x9F, 0x19, 0x9F, 0x19, 0x9F, 0x19, 0x9F, 0x19, 0x9F, 0x19,
    0x9F, 0x19, 0x9F, 0x19, 0x9F, 0x19, 0x9F, 0x19, 0x9F, 0x19, 0x9F, 0x19, 0x9F, 0x19, 0x9F, 0x19,
    0x9F, 0x19, 0x9F, 0x19, 0x9F, 0x19, 0x9F, 0x19, 0x9F, 0x19, 0x9F, 0x19, 0x9F, 0x19, 0x9F, 0x19,
    0x9F, 0x19, 0x9F, 0x19, 0x9F, 0x19, 0x9F, 0x19, 0x9F, 0x19, 0x9F, 0x19, 0x9F, 0x19, 0x9F, 0x19,
    0x9F, 0x19, 0x9F, 0x19, 0x9F, 0x19, 0x9F, 0x19, 0x9F, 0x19, 0x9F, 0x19, 0x9F, 0x19, 0x9F, 0x19,
    0x9F, 0x19, 0x9F, 0x19, 0x9F, 0x19, 0x9F, 0x19, 0x9F, 0x19, 0x9F, 0x19, 0x9F, 0x19, 0x9F, 0x19,
    0x9F, 0x19, 0x9F, 0x19, 0x9F, 0x19, 0x9F, 0x19, 0x9F, 0x19, 0x9F, 0x19, 0x9F, 0x19, 0x9F, 0x19,
    0x9F, 0x19, 0x9F, 0x19, 0x9F, 0x19, 0x9F, 0x19, 0x9F, 0x19, 0x9F, 0x19, 0x9F, 0x19, 0x9F, 0x19,
    0x9F, 0x19, 0x9F, 0x19, 0x9F, 0x19, 0x9F, 0x19, 0x9F, 0x19, 0x9F, 0x19, 0x9F, 0x19, 0x9F, 0x19,
    0x9F, 0x19, 0x9F, 0x19, 0x9F, 0x19, 0x9F, 0x19, 0x9F, 0x19, 0x9F, 0x19, 0x9F, 0x19, 0x9F, 0x19,
    0x9F, 0x19, 0x9F, 0x19, 0x9F, 0x19, 0x9F, 0x19, 0xBF, 0x19, 0xDF, 0x21, 0x1F, 0x2A, 0x7F, 0x3A,
    0xBF, 0x42, 0xFF, 0x4A, 0x3F, 0x53, 0xDF, 0x6B, 0xFE, 0xDE, 0x7D, 0xEF, 0x9E, 0xF7, 0x9E, 0xF7,
    0x9E, 0xF7, 0x9E, 0xF7, 0x9E, 0xF7, 0x9E, 0xF7, 0x9E, 0xF7, 0x9E, 0xF7, 0x9E, 0xF7, 0x9E, 0xF7,
    0x9E, 0xF7, 0xBE, 0xF7, 0xBE, 0xF7, 0xBE, 0xF7, 0xBE, 0xF7, 0xBE, 0xF7, 0xBE, 0xF7, 0xBE, 0xF7,
    0xBE, 0xF7, 0xBE, 0xF7, 0xBE, 0xF7, 0xBE, 0xF7, 0xBE, 0xF7, 0xBE, 0xF7, 0xBE, 0xF7, 0xBE, 0xF7,
    0xBE, 0xF7, 0xBF, 0xF7, 0xBE, 0xF7, 0xDF, 0xFF, 0xBE, 0xF7, 0xBE, 0xF7, 0xDF, 0xFF, 0xDF, 0xFF,
    0xDF, 0xFF, 0xDF, 0xFF, 0xDF, 0xFF, 0xDF, 0xFF, 0xDF, 0xFF, 0xDF, 0xFF, 0xDF, 0xFF, 0xBE, 0xF7,
    0xDF, 0xFF, 0xBE, 0xF7, 0xBE, 0xF7, 0xBE, 0xF7, 0x9E, 0xF7, 0x9E, 0xF7, 0x7D, 0xEF, 0x7D, 0xEF,
    0x7D, 0xEF, 0x5D, 0xEF, 0x5D, 0xE7, 0x5D, 0xE7, 0x3C, 0xE7, 0x3C, 0xE7, 0x3C, 0xE7, 0x3C, 0xE7,
    0x3C, 0xE7, 0x3C, 0xE7, 0x3C, 0xE7, 0x3C, 0xE7, 0x3C, 0xE7, 0x3C, 0xE7, 0x3C, 0xE7, 0x3C, 0xE7,
    0x3C, 0xE7, 0x3C, 0xE7, 0x3C, 0xE7, 0x3C, 0xE7, 0x3C, 0xE7, 0x3C, 0xE7, 0x3C, 0xE7, 0x3C, 0xE7,
    0x3C, 0xE7, 0x3C, 0xE7, 0x3C, 0xE7, 0x3C, 0xE7, 0x3C, 0xE7, 0x3C, 0xE7, 0x3C, 0xE7, 0x3C, 0xE7,
    0x3C, 0xE7, 0x3C, 0xE7, 0x3C, 0xE7, 0x3C, 0xE7, 0x3C, 0xE7, 0x3C, 0xE7, 0x3C, 0xE7, 0x3C, 0xE7,
    0x3C, 0xE7, 0x3C, 0xE7, 0x3C, 0xE7, 0x3C, 0xE7, 0x3C, 0xE7, 0x3C, 0xE7, 0x3C, 0xE7, 0x3C, 0xE7,
    0x3C, 0xE7, 0x3C, 0xE7, 0x3C, 0xE7, 0x3C, 0xE7, 0x3C, 0xE7, 0x3C, 0xE7, 0x3C, 0xE7, 0x3C, 0xE7,
    0x3C, 0xE7, 0x3C, 0xE7, 0x3C, 0xE7, 0x3C, 0xE7, 0x3C, 0xE7, 0x3C, 0xE7, 0x3C, 0xE7, 0x3C, 0xE7,
    0x3C, 0xE7, 0x3C, 0xE7, 0x3C, 0xE7, 0x3C, 0xE7, 0x3C, 0xE7, 0x3C, 0xE7, 0x3C, 0xE7, 0x3C, 0xE7,
    0x3C, 0xE7, 0x3C, 0xE7, 0x3C, 0xE7, 0x3C, 0xE7, 0x3C, 0xE7, 0x3C, 0xE7, 0x3C, 0xE7, 0x3C, 0xE7,
    0x3C, 0xE7, 0x3C, 0xE7, 0x3C, 0xE7, 0x3C, 0xE7, 0x3C, 0xE7, 0x3C, 0xE7, 0x3C, 0xE7, 0x3C, 0xE7,
    0x3C, 0xE7, 0x3C, 0xE7, 0x3C, 0xE7, 0x3C, 0xE7, 0x3C, 0xE7, 0x3C, 0xE7, 0x3C, 0xE7, 0x3C, 0xE7,
    0x3C, 0xE7, 0x3C, 0xE7, 0x3C, 0xE7, 0x3C, 0xE7, 0x3C, 0xE7, 0x3C, 0xE7, 0x5D, 0xEF, 0x5D, 0xEF,
    0x5D, 0xEF, 0x7D, 0xEF, 0x7D, 0xEF, 0x9E, 0xF7, 0xBE, 0xF7, 0xBE, 0xF7, 0xDF, 0xFF, 0xDF, 0xFF,
    0x9F, 0x19, 0x9F, 0x19, 0x9F, 0x19, 0x9F, 0x19, 0x9F, 0x19, 0x9F, 0x19, 0x9F, 0x19, 0x9F, 0x19,
    0x9F, 0x19, 0x9F, 0x19, 0x9F, 0x19, 0x9F, 0x19, 0x9F, 0x19, 0x9F, 0x19, 0x9F, 0x19, 0x9F, 0x19,
    0x9F, 0x19, 0x9F, 0x19, 0x9F, 0x19, 0x9F, 0x19, 0x9F, 0x19, 0x9F, 0x19, 0x9F, 0x19, 0x9F, 0x19,
    0x9F, 0x19, 0x9F, 0x19, 0x9F, 0x19, 0x9F, 0x19, 0x9F, 0x19, 0x9F, 0x19, 0x9F, 0x19, 0x9F, 0x19,
    0x9F, 0x19, 0x9F, 0x19, 0x9F, 0x19, 0x9F, 0x19, 0x9F, 0x19, 0x9F, 0x19, 0x9F, 0x19, 0x9F, 0x19,
    0x9F, 0x19, 0x9F, 0x19, 0x9F, 0x19, 0x9F, 0x19, 0x9F, 0x19, 0x9F, 0x19, 0x9F, 0x19, 0x9F, 0x19,
    0x9F, 0x19, 0x9F, 0x19, 0x9F, 0x19, 0x9F, 0x19, 0x9F, 0x19, 0x9F, 0x19, 0x9F, 0x19, 0x9F, 0x19,
    0x9F, 0x19, 0x9F, 0x19, 0x9F, 0x19, 0x9F, 0x19, 0x9F, 0x19, 0x9F, 0x19, 0x9F, 0x19, 0x9F, 0x19,
    0x9F, 0x19, 0x9F, 0x19, 0x9F, 0x19, 0x9F, 0x19, 0x9F, 0x19, 0x9F, 0x19, 0x9F, 0x19, 0x9F, 0x19,
    0x9F, 0x19, 0x9F, 0x19, 0x9F, 0x19, 0x9F, 0x19, 0x9F, 0x19, 0x9F, 0x19, 0x9F, 0x19, 0x9F, 0x19,
    0x9F, 0x19, 0x9F, 0x19, 0x9F, 0x19, 0x9F, 0x19, 0x9F, 0x19, 0x9F, 0x19, 0x9F, 0x19, 0x9F, 0x19,
    0x9F, 0x19, 0x9F, 0x19, 0x9F, 0x19, 0x9F, 0x19, 0x9F, 0x19, 0x9F, 0x19, 0x9F, 0x19, 0x9F, 0x19,
    0x9F, 0x19, 0x9F, 0x19, 0x9F, 0x19, 0x9F, 0x19, 0x9F, 0x19, 0x9F, 0x19, 0x9F, 0x19, 0x9F, 0x19,
    0x9F, 0x19, 0x9F, 0x19, 0x9F, 0x19, 0x9F, 0x19, 0x9F, 0x19, 0x9F, 0x19, 0x9F, 0x19, 0x9F, 0x19,
    0x9F, 0x19, 0x9F, 0x19, 0x9F, 0x19, 0x9F, 0x19, 0x9F, 0x19, 0x9F, 0x19, 0x9F, 0x19, 0x9F, 0x19,
    0x9F, 0x19, 0x9F, 0x19, 0x9F, 0x19, 0x9F, 0x19, 0x9F, 0x19, 0x9F, 0x19, 0x9F, 0x19, 0x9F, 0x19,
    0x9F, 0x19, 0x9F, 0x19, 0x9F, 0x19, 0x9F, 0x19, 0x9F, 0x19, 0x9F, 0x19, 0x9F, 0x19, 0x9F, 0x19,
    0x9F, 0x19, 0x9F, 0x19, 0x9F, 0x19, 0x9F, 0x19, 0x9F, 0x19, 0x9F, 0x19, 0x9F, 0x19, 0x9F, 0x19,
    0x9F, 0x19, 0x9F, 0x19, 0x9F, 0x19, 0x9F, 0x19, 0x9F, 0x19, 0xBF, 0x19, 0xDF, 0x21, 0x1F, 0x2A,
    0x7F, 0x32, 0xBF, 0x42, 0xFF, 0x4A, 0x3F, 0x53, 0xDF, 0x6B, 0xFE, 0xB5, 0x3E, 0xE7, 0x9E, 0xF7,
    0x9E, 0xF7, 0x9E, 0xF7, 0x9E, 0xF7, 0x9E, 0xF7, 0x9E, 0xF7, 0x9E, 0xF7, 0x9E, 0xF7, 0x9E, 0xF7,
    0xBE, 0xF7, 0xBE, 0xF7, 0xBE, 0xF7, 0xBE, 0xF7, 0xBE, 0xF7, 0xBE, 0xF7, 0xBE, 0xF7, 0xBE, 0xF7,
    0xBE, 0xF7, 0xBE, 0xF7, 0xBE, 0xF7, 0xBE, 0xF7, 0xBE, 0xF7, 0xBE, 0xF7, 0xBE, 0xF7, 0xBE, 0xF7,
    0xBE, 0xF7, 0xBE, 0xF7, 0xBE, 0xF7, 0xBE, 0xF7, 0xBE, 0xF7, 0xBE, 0xF7, 0xBE, 0xF7, 0xDF, 0xFF,
    0xDF, 0xFF, 0xDF, 0xFF, 0xDF, 0xFF, 0xDF, 0xFF, 0xDF, 0xFF, 0xDF, 0xFF, 0xDF, 0xFF, 0xDF, 0xFF,
    0xDF, 0xFF, 0xBE, 0xF7, 0xBE, 0xF7, 0xBE, 0xF7, 0xBE, 0xF7, 0x9E, 0xF7, 0x9E, 0xF7, 0x9E, 0xF7,
    0x7D, 0xEF, 0x7D, 0xEF, 0x7D, 0xEF, 0x7D, 0xEF, 0x5D, 0xEF, 0x5D, 0xEF, 0x5D, 0xEF, 0x5D, 0xEF,
    0x5D, 0xE7, 0x5D, 0xE7, 0x5D, 0xEF, 0x5D, 0xEF, 0x5D, 0xEF, 0x5D, 0xEF, 0x5D, 0xE7, 0x5D, 0xEF,
    0x5D, 0xEF, 0x5D, 0xEF, 0x5D, 0xEF, 0x5D, 0xEF, 0x5D, 0xEF, 0x5D, 0xEF, 0x5D, 0xEF, 0x5D, 0xEF,
    0x5D, 0xEF, 0x5D, 0xEF, 0x5D, 0xEF, 0x5D, 0xEF, 0x5D, 0xEF, 0x5D, 0xEF, 0x5D, 0xEF, 0x5D, 0xEF,
    0x5D, 0xEF, 0x5D, 0xEF, 0x5D, 0xEF, 0x5D, 0xEF, 0x5D, 0xEF, 0x5D, 0xEF, 0x5D, 0xEF, 0x5D, 0xEF,
    0x5D, 0xEF, 0x5D, 0xEF, 0x5D, 0xEF, 0x5D, 0xEF, 0x5D, 0xEF, 0x5D, 0xEF, 0x5D, 0xEF, 0x5D, 0xEF,
    0x5D, 0xEF, 0x5D, 0xEF, 0x5D, 0xEF, 0x5D, 0xEF, 0x5D, 0xEF, 0x5D, 0xEF, 0x5D, 0xEF, 0x5D, 0xEF,
    0x5D, 0xEF, 0x5D, 0xEF, 0x5D, 0xEF, 0x5D, 0xEF, 0x5D, 0xEF, 0x5D, 0xEF, 0x5D, 0xEF, 0x5D, 0xEF,
    0x5D, 0xEF, 0x5D, 0xEF, 0x5D, 0xEF, 0x5D, 0xEF, 0x5D, 0xEF, 0x5D, 0xEF, 0x5D, 0xEF, 0x5D, 0xEF,
    0x5D, 0xEF, 0x5D, 0xEF, 0x5D, 0xEF, 0x5D, 0xEF, 0x5D, 0xEF, 0x5D, 0xEF, 0x5D, 0xEF, 0x5D, 0xEF,
    0x5D, 0xEF, 0x5D, 0xEF, 0x5D, 0xEF, 0x5D, 0xEF, 0x5D, 0xEF, 0x5D, 0xEF, 0x5D, 0xEF, 0x5D, 0xEF,
    0x5D, 0xEF, 0x5D, 0xEF, 0x5D, 0xEF, 0x5D, 0xEF, 0x5D, 0xEF, 0x5D, 0xEF, 0x5D, 0xEF, 0x5D, 0xEF,
    0x5D, 0xEF, 0x5D, 0xEF, 0x5D, 0xEF, 0x5D, 0xEF, 0x5D, 0xEF, 0x7D, 0xEF, 0x7D, 0xEF, 0x7D, 0xEF,
    0x7D, 0xEF, 0x9E, 0xF7, 0x9E, 0xF7, 0xBE, 0xF7, 0xBE, 0xF7, 0xDF, 0xFF, 0xDF, 0xFF, 0xDF, 0xFF,
};

const lv_image_dsc_t ui_img_nerdaxe_miningscreen2_png = {
    .header.magic  = LV_IMAGE_HEADER_MAGIC,
    .header.cf     = LV_COLOR_FORMAT_RGB565,
    .header.flags  = 0,
    .header.w      = 320,
    .header.h      = 170,
    .header.stride = 640,
    .data_size     = 108800,
    .data          = ui_img_nerdaxe_miningscreen2_png_data,
};
