#include "lvgl.h"

#ifndef LV_ATTRIBUTE_MEM_ALIGN
    #define LV_ATTRIBUTE_MEM_ALIGN
#endif

/* Converted from miningscreen2.png (320x170 RGB → RGB565) */
/* Run: python3 .local/tools/png_to_lvgl.py --png miningscreen2.png --out ui_img_nerdqaxeplus_miningscreen2_png.c --var ui_img_nerdqaxeplus_miningscreen2_png */

const LV_ATTRIBUTE_MEM_ALIGN uint8_t ui_img_nerdqaxeplus_miningscreen2_png_data[] = {
    0x04, 0x21, 0x04, 0x21, 0x04, 0x21, 0x04, 0x21, 0x04, 0x21, 0x04, 0x21, 0x04, 0x21, 0x04, 0x21,
    0x04, 0x21, 0xC7, 0x39, 0x9A, 0xD6, 0x7D, 0xEF, 0x7D, 0xEF, 0x7D, 0xEF, 0x7D, 0xEF, 0x7D, 0xEF,
    0x7D, 0xEF, 0x7D, 0xEF, 0x7D, 0xEF, 0x7D, 0xEF, 0x7D, 0xEF, 0x7D, 0xEF, 0x7D, 0xEF, 0x7D, 0xEF,
    0x7D, 0xEF, 0x7D, 0xEF, 0x7D, 0xEF, 0x7D, 0xEF, 0x9E, 0xF7, 0x9E, 0xF7, 0x9E, 0xF7, 0x9E, 0xF7,
    0x9E, 0xF7, 0x9E, 0xF7, 0x9E, 0xF7, 0x9E, 0xF7, 0x9E, 0xF7, 0x9E, 0xF7, 0x9E, 0xF7, 0x9E, 0xF7,
    0xBE, 0xF7, 0xBE, 0xF7, 0xBE, 0xF7, 0x9E, 0xF7, 0xBE, 0xF7, 0xBE, 0xF7, 0xBE, 0xF7, 0xBE, 0xF7,
    0xBE, 0xF7, 0xBE, 0xF7, 0xBE, 0xF7, 0xBE, 0xF7, 0xBE, 0xF7, 0xBE, 0xF7, 0xBE, 0xF7, 0xBE, 0xF7,
    0xBE, 0xF7, 0xBE, 0xF7, 0xBE, 0xF7, 0xBE, 0xF7, 0xBE, 0xF7, 0xBE, 0xF7, 0xBE, 0xF7, 0xBE, 0xF7,
    0xBE, 0xF7, 0xBE, 0xF7, 0xDF, 0xFF, 0xBE, 0xF7, 0xBE, 0xF7, 0xDF, 0xFF, 0xDF, 0xFF, 0xDF, 0xFF,
    0xDF, 0xFF, 0xDF, 0xFF, 0xDF, 0xFF, 0xDF, 0xFF, 0xDF, 0xFF, 0xDF, 0xFF, 0xDF, 0xFF, 0xDF, 0xFF,
    0xDF, 0xFF, 0xDF, 0xFF, 0xDF, 0xFF, 0x18, 0xC6, 0xC7, 0x39, 0x04, 0x21, 0x04, 0x21, 0x04, 0x21,
    0x04, 0x21, 0x04, 0x21, 0x04, 0x21, 0x04, 0x21, 0x04, 0x21, 0x04, 0x21, 0x04, 0x21, 0x04, 0x21,
    0x04, 0x21, 0x04, 0x21, 0x04, 0x21, 0x04, 0x21, 0x04, 0x21, 0x04, 0x21, 0x04, 0x21, 0x04, 0x21,
    0x04, 0x21, 0x04, 0x21, 0x04, 0x21, 0x04, 0x21, 0x04, 0x21, 0x04, 0x21, 0x04, 0x21, 0x04, 0x21,
    0x04, 0x21, 0x04, 0x21, 0x04, 0x21, 0x04, 0x21, 0x04, 0x21, 0x04, 0x21, 0x04, 0x21, 0x04, 0x21,
    0x04, 0x21, 0x04, 0x21, 0x04, 0x21, 0x04, 0x21, 0x04, 0x21, 0x04, 0x21, 0x04, 0x21, 0x04, 0x21,
    0x04, 0x21, 0x04, 0x21, 0x04, 0x21, 0x04, 0x21, 0x04, 0x21, 0x04, 0x21, 0x04, 0x21, 0x04, 0x21,
    0x04, 0x21, 0x04, 0x21, 0x04, 0x21, 0x04, 0x21, 0x04, 0x21, 0x04, 0x21, 0x04, 0x21, 0x04, 0x21,
    0x04, 0x21, 0x04, 0x21, 0x04, 0x21, 0x04, 0x21, 0x04, 0x21, 0x04, 0x21, 0x04, 0x21, 0x04, 0x21,
    0x04, 0x21, 0x04, 0x21, 0x04, 0x21, 0x04, 0x21, 0x04, 0x21, 0x04, 0x21, 0x04, 0x21, 0x04, 0x21,
    0x04, 0x21, 0x04, 0x21, 0x04, 0x21, 0x04, 0x21, 0x04, 0x21, 0x04, 0x21, 0x04, 0x21, 0x04, 0x21,
    0x04, 0x21, 0x04, 0x21, 0x04, 0x21, 0x04, 0x21, 0x04, 0x21, 0x04, 0x21, 0x04, 0x21, 0x04, 0x21,
    0x04, 0x21, 0x04, 0x21, 0x04, 0x21, 0x04, 0x21, 0x04, 0x21, 0x04, 0x21, 0x04, 0x21, 0x04, 0x21,
    0x04, 0x21, 0x04, 0x21, 0x04, 0x21, 0x04, 0x21, 0x04, 0x21, 0x04, 0x21, 0x04, 0x21, 0x04, 0x21,
    0x04, 0x21, 0x04, 0x21, 0x04, 0x21, 0x04, 0x21, 0x04, 0x21, 0x04, 0x21, 0x04, 0x21, 0x04, 0x21,
    0x04, 0x21, 0x04, 0x21, 0x04, 0x21, 0x04, 0x21, 0x04, 0x21, 0x04, 0x21, 0x04, 0x21, 0x04, 0x21,
    0x04, 0x21, 0x04, 0x21, 0x04, 0x21, 0x04, 0x21, 0x04, 0x21, 0x04, 0x21, 0x04, 0x21, 0x04, 0x21,
    0x04, 0x21, 0x04, 0x21, 0x04, 0x21, 0x04, 0x21, 0x04, 0x21, 0x04, 0x21, 0x04, 0x21, 0x04, 0x21,
    0x04, 0x21, 0x04, 0x21, 0x04, 0x21, 0x04, 0x21, 0x04, 0x21, 0x04, 0x21, 0x04, 0x21, 0x04, 0x21,
    0x04, 0x21, 0x04, 0x21, 0xE7, 0x39, 0x38, 0xC6, 0x9E, 0xF7, 0xFF, 0xFF, 0xFF, 0xFF, 0xFF, 0xFF,
    0xFF, 0xFF, 0xFF, 0xFF, 0xFF, 0xFF, 0xFF, 0xFF, 0xFF, 0xFF, 0xFF, 0xFF, 0xFF, 0xFF, 0xFF, 0xFF,
    0xFF, 0xFF, 0xFF, 0xFF, 0xFF, 0xFF, 0xFF, 0xFF, 0xFF, 0xFF, 0xFF, 0xFF, 0xFF, 0xFF, 0xFF, 0xFF,
    0xFF, 0xFF, 0xFF, 0xFF, 0xFF, 0xFF, 0xFF, 0xFF, 0xFF, 0xFF, 0xFF, 0xFF, 0xFF, 0xFF, 0xFF, 0xFF,
    0xFF, 0xFF, 0xFF, 0xFF, 0xFF, 0xFF, 0xFF, 0xFF, 0xFF, 0xFF, 0xFF, 0xFF, 0xFF, 0xFF, 0xFF, 0xFF,
    0xFF, 0xFF, 0xFF, 0xFF, 0xFF, 0xFF, 0xFF, 0xFF, 0xFF, 0xFF, 0xFF, 0xFF, 0xFF, 0xFF, 0xFF, 0xFF,
    0xFF, 0xFF, 0xFF, 0xFF, 0xFF, 0xFF, 0xFF, 0xFF, 0xFF, 0xFF, 0xFF, 0xFF, 0xFF, 0xFF, 0xFF, 0xFF,
    0xFF, 0xFF, 0xFF, 0xFF, 0xFF, 0xFF, 0xFF, 0xFF, 0xFF, 0xFF, 0xFF, 0xFF, 0xFF, 0xFF, 0xFF, 0xFF,
    0xFF, 0xFF, 0xFF, 0xFF, 0xFF, 0xFF, 0xFF, 0xFF, 0xFF, 0xFF, 0xFF, 0xFF, 0xFF, 0xFF, 0xFF, 0xFF,
    0xFF, 0xFF, 0xFF, 0xFF, 0xFF, 0xFF, 0xFF, 0xFF, 0xFF, 0xFF, 0xFF, 0xFF, 0x1C, 0xE7, 0xE7, 0x39,
    0x04, 0x21, 0x04, 0x21, 0x04, 0x21, 0x04, 0x21, 0x04, 0x21, 0x04, 0x21, 0x04, 0x21, 0x04, 0x21,
    0x04, 0x21, 0x04, 0x21, 0x04, 0x21, 0x04, 0x21, 0x04, 0x21, 0x04, 0x21, 0x04, 0x21, 0x04, 0x21,
    0x28, 0x42, 0xFB, 0xDE, 0x5D, 0xEF, 0x5D, 0xEF, 0x7D, 0xEF, 0x7D, 0xEF, 0x7D, 0xEF, 0x7D, 0xEF,
    0x7D, 0xEF, 0x7D, 0xEF, 0x7D, 0xEF, 0x7D, 0xEF, 0x7D, 0xEF, 0x7D, 0xEF, 0x7D, 0xEF, 0x7D, 0xEF,
    0x7D, 0xEF, 0x7D, 0xEF, 0x7D, 0xEF, 0x7D, 0xEF, 0x7D, 0xEF, 0x7D, 0xEF, 0x9E, 0xF7, 0x9E, 0xF7,
    0x9E, 0xF7, 0x9E, 0xF7, 0x9E, 0xF7, 0x9E, 0xF7, 0x9E, 0xF7, 0x9E, 0xF7, 0x9E, 0xF7, 0x9E, 0xF7,
    0x9E, 0xF7, 0x9E, 0xF7, 0x9E, 0xF7, 0x9E, 0xF7, 0xBE, 0xF7, 0xBE, 0xF7, 0xBE, 0xF7, 0xBE, 0xF7,
    0xBE, 0xF7, 0xBE, 0xF7, 0xBE, 0xF7, 0xBE, 0xF7, 0xBE, 0xF7, 0xBE, 0xF7, 0xBE, 0xF7, 0xBE, 0xF7,
    0xBE, 0xF7, 0xBE, 0xF7, 0xBE, 0xF7, 0xBE, 0xF7, 0xBE, 0xF7, 0xBE, 0xF7, 0xBE, 0xF7, 0xBE, 0xF7,
    0xBE, 0xF7, 0xBE, 0xF7, 0xBE, 0xF7, 0xBE, 0xF7, 0xDF, 0xFF, 0xBE, 0xF7, 0xDF, 0xFF, 0xDF, 0xFF,
    0xDF, 0xFF, 0xDF, 0xFF, 0xDF, 0xFF, 0xDF, 0xFF, 0xDF, 0xFF, 0xDF, 0xFF, 0xDF, 0xFF, 0xDF, 0xFF,
    0xDF, 0xFF, 0xDF, 0xFF, 0xDF, 0xFF, 0xDF, 0xFF, 0x7D, 0xEF, 0x2C, 0x63, 0x04, 0x21, 0x04, 0x21,
    0x04, 0x21, 0x04, 0x21, 0x04, 0x21, 0x04, 0x21, 0x04, 0x21, 0x04, 0x21, 0x04, 0x21, 0x04, 0x21,
    0x04, 0x21, 0x04, 0x21, 0x04, 0x21, 0x04, 0x21, 0x04, 0x21, 0x04, 0x21, 0x04, 0x21, 0x04, 0x21,
    0x04, 0x21, 0x04, 0x21, 0x04, 0x21, 0x04, 0x21, 0x04, 0x21, 0x04, 0x21, 0x04, 0x21, 0x04, 0x21,
    0x04, 0x21, 0x04, 0x21, 0x04, 0x21, 0x04, 0x21, 0x04, 0x21, 0x04, 0x21, 0x04, 0x21, 0x04, 0x21,
    0x04, 0x21, 0x04, 0x21, 0x04, 0x21, 0x04, 0x21, 0x04, 0x21, 0x04, 0x21, 0x04, 0x21, 0x04, 0x21,
    0x04, 0x21, 0x04, 0x21, 0x04, 0x21, 0x04, 0x21, 0x04, 0x21, 0x04, 0x21, 0x04, 0x21, 0x04, 0x21,
    0x04, 0x21, 0x04, 0x21, 0x04, 0x21, 0x04, 0x21, 0x04, 0x21, 0x04, 0x21, 0x04, 0x21, 0x04, 0x21,
    0x04, 0x21, 0x04, 0x21, 0x04, 0x21, 0x04, 0x21, 0x04, 0x21, 0x04, 0x21, 0x04, 0x21, 0x04, 0x21,
    0x04, 0x21, 0x04, 0x21, 0x04, 0x21, 0x04, 0x21, 0x04, 0x21, 0x04, 0x21, 0x04, 0x21, 0x04, 0x21,
    0x04, 0x21, 0x04, 0x21, 0x04, 0x21, 0x04, 0x21, 0x04, 0x21, 0x04, 0x21, 0x04, 0x21, 0x04, 0x21,
    0x04, 0x21, 0x04, 0x21, 0x04, 0x21, 0x04, 0x21, 0x04, 0x21, 0x04, 0x21, 0x04, 0x21, 0x04, 0x21,
    0x04, 0x21, 0x04, 0x21, 0x04, 0x21, 0x04, 0x21, 0x04, 0x21, 0x04, 0x21, 0x04, 0x21, 0x04, 0x21,
    0x04, 0x21, 0x04, 0x21, 0x04, 0x21, 0x04, 0x21, 0x04, 0x21, 0x04, 0x21, 0x04, 0x21, 0x04, 0x21,
    0x04, 0x21, 0x04, 0x21, 0x04, 0x21, 0x04, 0x21, 0x04, 0x21, 0x04, 0x21, 0x04, 0x21, 0x04, 0x21,
    0x04, 0x21, 0x04, 0x21, 0x04, 0x21, 0x04, 0x21, 0x04, 0x21, 0x04, 0x21, 0x04, 0x21, 0x04, 0x21,
    0x04, 0x21, 0x04, 0x21, 0x04, 0x21, 0x04, 0x21, 0x04, 0x21, 0x04, 0x21, 0x04, 0x21, 0x04, 0x21,
    0x04, 0x21, 0x04, 0x21, 0x04, 0x21, 0x04, 0x21, 0x04, 0x21, 0x04, 0x21, 0x04, 0x21, 0x04, 0x21,
    0x04, 0x21, 0x04, 0x21, 0x04, 0x21, 0x04, 0x21, 0x04, 0x21, 0x04, 0x21, 0x04, 0x21, 0x04, 0x21,
    0x04, 0x21, 0xCB, 0x5A, 0x9E, 0xF7, 0xFF, 0xFF, 0xFF, 0xFF, 0xFF, 0xFF, 0xFF, 0xFF, 0xFF, 0xFF,
    0xFF, 0xFF, 0xFF, 0xFF, 0xFF, 0xFF, 0xFF, 0xFF, 0xFF, 0xFF, 0xFF, 0xFF, 0xFF, 0xFF, 0xFF, 0xFF,
    0xFF, 0xFF, 0xFF, 0xFF, 0xFF, 0xFF, 0xFF, 0xFF, 0xFF, 0xFF, 0xFF, 0xFF, 0xFF, 0xFF, 0xFF, 0xFF,
    0xFF, 0xFF, 0xFF, 0xFF, 0xFF, 0xFF, 0xFF, 0xFF, 0xFF, 0xFF, 0xFF, 0xFF, 0xFF, 0xFF, 0xFF, 0xFF,
    0xFF, 0xFF, 0xFF, 0xFF, 0xFF, 0xFF, 0xFF, 0xFF, 0xFF, 0xFF, 0xFF, 0xFF, 0xFF, 0xFF, 0xFF, 0xFF,
    0xFF, 0xFF, 0xFF, 0xFF, 0xFF, 0xFF, 0xFF, 0xFF, 0xFF, 0xFF, 0xFF, 0xFF, 0xFF, 0xFF, 0xFF, 0xFF,
    0xFF, 0xFF, 0xFF, 0xFF, 0xFF, 0xFF, 0xFF, 0xFF, 0xFF, 0xFF, 0xFF, 0xFF, 0xFF, 0xFF, 0xFF, 0xFF,
    0xFF, 0xFF, 0xFF, 0xFF, 0xFF, 0xFF, 0xFF, 0xFF, 0xFF, 0xFF, 0xFF, 0xFF, 0xFF, 0xFF, 0xFF, 0xFF,
    0xFF, 0xFF, 0xFF, 0xFF, 0xFF, 0xFF, 0xFF, 0xFF, 0xFF, 0xFF, 0xFF, 0xFF, 0xFF, 0xFF, 0xFF, 0xFF,
    0xFF, 0xFF, 0xFF, 0xFF, 0xFF, 0xFF, 0xFF, 0xFF, 0xFF, 0xFF, 0xFF, 0xFF, 0xFF, 0xFF, 0xBA, 0xD6,
    0x65, 0x29, 0x04, 0x21, 0x04, 0x21, 0x04, 0x21, 0x04, 0x21, 0x04, 0x21, 0x04, 0x21, 0x04, 0x21,
    0x04, 0x21, 0x04, 0x21, 0x04, 0x21, 0x04, 0x21, 0x04, 0x21, 0x04, 0x21, 0x04, 0x21, 0x6D, 0x6B,
    0xFB, 0xDE, 0x5D, 0xEF, 0x5D, 0xEF, 0x5D, 0xEF, 0x5D, 0xEF, 0x7D, 0xEF, 0x7D, 0xEF, 0x7D, 0xEF,
    0x7D, 0xEF, 0x7D, 0xEF, 0x7D, 0xEF, 0x7D, 0xEF, 0x7D, 0xEF, 0x7D, 0xEF, 0x7D, 0xEF, 0x7D, 0xEF,
    0x7D, 0xEF, 0x7D, 0xEF, 0x7D, 0xEF, 0x7D, 0xEF, 0x7D, 0xEF, 0x7D, 0xEF, 0x7D, 0xEF, 0x9E, 0xF7,
    0x9E, 0xF7, 0x9E, 0xF7, 0x9E, 0xF7, 0x9E, 0xF7, 0x9E, 0xF7, 0x9E, 0xF7, 0x9E, 0xF7, 0x9E, 0xF7,
    0x9E, 0xF7, 0x9E, 0xF7, 0x9E, 0xF7, 0x9E, 0xF7, 0x9E, 0xF7, 0xBE, 0xF7, 0xBE, 0xF7, 0xBE, 0xF7,
    0xBE, 0xF7, 0xBE, 0xF7, 0xBE, 0xF7, 0xBE, 0xF7, 0xBE, 0xF7, 0xBE, 0xF7, 0xBE, 0xF7, 0xBE, 0xF7,
    0xBE, 0xF7, 0xBE, 0xF7, 0xBE, 0xF7, 0xBE, 0xF7, 0xBE, 0xF7, 0xBE, 0xF7, 0xBE, 0xF7, 0xBE, 0xF7,
    0xBE, 0xF7, 0xBE, 0xF7, 0xBE, 0xF7, 0xBE, 0xF7, 0xBE, 0xF7, 0xBE, 0xF7, 0xBE, 0xF7, 0xBE, 0xF7,
    0xDF, 0xFF, 0xDF, 0xFF, 0xDF, 0xFF, 0xDF, 0xFF, 0xDF, 0xFF, 0xDF, 0xFF, 0xDF, 0xFF, 0xDF, 0xFF,
    0xDF, 0xFF, 0xDF, 0xFF, 0xDF, 0xFF, 0xDF, 0xFF, 0xDF, 0xFF, 0xDF, 0xFF, 0x71, 0x8C, 0x04, 0x21,
    0x04, 0x21, 0x04, 0x21, 0x04, 0x21, 0x04, 0x21, 0x04, 0x21, 0x04, 0x21, 0x04, 0x21, 0x04, 0x21,
    0x04, 0x21, 0x04, 0x21, 0x04, 0x21, 0x04, 0x21, 0x04, 0x21, 0x04, 0x21, 0x04, 0x21, 0x04, 0x21,
    0x04, 0x21, 0x04, 0x21, 0x04, 0x21, 0x04, 0x21, 0x04, 0x21, 0x04, 0x21, 0x04, 0x21, 0x04, 0x21,
    0x04, 0x21, 0x04, 0x21, 0x04, 0x21, 0x04, 0x21, 0x04, 0x21, 0x04, 0x21, 0x04, 0x21, 0x04, 0x21,
    0x04, 0x21, 0x04, 0x21, 0x04, 0x21, 0x04, 0x21, 0x04, 0x21, 0x04, 0x21, 0x04, 0x21, 0x04, 0x21,
    0x04, 0x21, 0x04, 0x21, 0x04, 0x21, 0x04, 0x21, 0x04, 0x21, 0x04, 0x21, 0x04, 0x21, 0x04, 0x21,
    0x04, 0x21, 0x04, 0x21, 0x04, 0x21, 0x04, 0x21, 0x04, 0x21, 0x04, 0x21, 0x04, 0x21, 0x04, 0x21,
    0x04, 0x21, 0x04, 0x21, 0x04, 0x21, 0x04, 0x21, 0x04, 0x21, 0x04, 0x21, 0x04, 0x21, 0x04, 0x21,
    0x04, 0x21, 0x04, 0x21, 0x04, 0x21, 0x04, 0x21, 0x04, 0x21, 0x04, 0x21, 0x04, 0x21, 0x04, 0x21,
    0x04, 0x21, 0x04, 0x21, 0x04, 0x21, 0x04, 0x21, 0x04, 0x21, 0x04, 0x21, 0x04, 0x21, 0x04, 0x21,
    0x04, 0x21, 0x04, 0x21, 0x04, 0x21, 0x04, 0x21, 0x04, 0x21, 0x04, 0x21, 0x04, 0x21, 0x04, 0x21,
    0x04, 0x21, 0x04, 0x21, 0x04, 0x21, 0x04, 0x21, 0x04, 0x21, 0x04, 0x21, 0x04, 0x21, 0x04, 0x21,
    0x04, 0x21, 0x04, 0x21, 0x04, 0x21, 0x04, 0x21, 0x04, 0x21, 0x04, 0x21, 0x04, 0x21, 0x04, 0x21,
    0x04, 0x21, 0x04, 0x21, 0x04, 0x21, 0x04, 0x21, 0x04, 0x21, 0x04, 0x21, 0x04, 0x21, 0x04, 0x21,
    0x04, 0x21, 0x04, 0x21, 0x04, 0x21, 0x04, 0x21, 0x04, 0x21, 0x04, 0x21, 0x04, 0x21, 0x04, 0x21,
    0x04, 0x21, 0x04, 0x21, 0x04, 0x21, 0x04, 0x21, 0x04, 0x21, 0x04, 0x21, 0x04, 0x21, 0x04, 0x21,
    0x04, 0x21, 0x04, 0x21, 0x04, 0x21, 0x04, 0x21, 0x04, 0x21, 0x04, 0x21, 0x04, 0x21, 0x04, 0x21,
    0x04, 0x21, 0x04, 0x21, 0x04, 0x21, 0x04, 0x21, 0x04, 0x21, 0x04, 0x21, 0x04, 0x21, 0x04, 0x21,
    0x10, 0x84, 0xFF, 0xFF, 0xFF, 0xFF, 0xFF, 0xFF, 0xFF, 0xFF, 0xFF, 0xFF, 0xFF, 0xFF, 0xFF, 0xFF,
    0xFF, 0xFF, 0xFF, 0xFF, 0xFF, 0xFF, 0xFF, 0xFF, 0xFF, 0xFF, 0xFF, 0xFF, 0xFF, 0xFF, 0xFF, 0xFF,
    0xFF, 0xFF, 0xFF, 0xFF, 0xFF, 0xFF, 0xFF, 0xFF, 0xFF, 0xFF, 0xFF, 0xFF, 0xFF, 0xFF, 0xFF, 0xFF,
    0xFF, 0xFF, 0xFF, 0xFF, 0xFF, 0xFF, 0xFF, 0xFF, 0xFF, 0xFF, 0xFF, 0xFF, 0xFF, 0xFF, 0xFF, 0xFF,
    0xFF, 0xFF, 0xFF, 0xFF, 0xFF, 0xFF, 0xFF, 0xFF, 0xFF, 0xFF, 0xFF, 0xFF, 0xFF, 0xFF, 0xFF, 0xFF,
    0xFF, 0xFF, 0xFF, 0xFF, 0xFF, 0xFF, 0xFF, 0xFF, 0xFF, 0xFF, 0xFF, 0xFF, 0xFF, 0xFF, 0xFF, 0xFF,
    0xFF, 0xFF, 0xFF, 0xFF, 0xFF, 0xFF, 0xFF, 0xFF, 0xFF, 0xFF, 0xFF, 0xFF, 0xFF, 0xFF, 0xFF, 0xFF,
    0xFF, 0xFF, 0xFF, 0xFF, 0xFF, 0xFF, 0xFF, 0xFF, 0xFF, 0xFF, 0xFF, 0xFF, 0xFF, 0xFF, 0xFF, 0xFF,
    0xFF, 0xFF, 0xFF, 0xFF, 0xFF, 0xFF, 0xFF, 0xFF, 0xFF, 0xFF, 0xFF, 0xFF, 0xFF, 0xFF, 0xFF, 0xFF,
    0xFF, 0xFF, 0xFF, 0xFF, 0xFF, 0xFF, 0xFF, 0xFF, 0xFF, 0xFF, 0xFF, 0xFF, 0xFF, 0xFF, 0xFF, 0xFF,
    0x38, 0xC6, 0x04, 0x21, 0x04, 0x21, 0x04, 0x21, 0x04, 0x21, 0x04, 0x21, 0x04, 0x21, 0x04, 0x21,
    0x04, 0x21, 0x04, 0x21, 0x04, 0x21, 0x04, 0x21, 0x04, 0x21, 0x04, 0x21, 0xCF, 0x7B, 0x5D, 0xEF,
    0x5D, 0xEF, 0x5D, 0xEF, 0x5D, 0xEF, 0x5D, 0xEF, 0x5D, 0xEF, 0x5D, 0xEF, 0x5D, 0xEF, 0x5D, 0xEF,
    0x7D, 0xEF, 0x7D, 0xEF, 0x7D, 0xEF, 0x7D, 0xEF, 0x7D, 0xEF, 0x7D, 0xEF, 0x7D, 0xEF, 0x7D, 0xEF,
    0x7D, 0xEF, 0x7D, 0xEF, 0x7D, 0xEF, 0x7D, 0xEF, 0x7D, 0xEF, 0x9E, 0xF7, 0x7D, 0xEF, 0x9E, 0xF7,
    0x9E, 0xF7, 0x9E, 0xF7, 0x9E, 0xF7, 0x9E, 0xF7, 0x9E, 0xF7, 0x9E, 0xF7, 0x9E, 0xF7, 0x9E, 0xF7,
    0x9E, 0xF7, 0x9E, 0xF7, 0x9E, 0xF7, 0x9E, 0xF7, 0x9E, 0xF7, 0x9E, 0xF7, 0xBE, 0xF7, 0xBE, 0xF7,
    0xBE, 0xF7, 0xBE, 0xF7, 0xBE, 0xF7, 0xBE, 0xF7, 0xBE, 0xF7, 0xBE, 0xF7, 0xBE, 0xF7, 0xBE, 0xF7,
    0xBE, 0xF7, 0xBE, 0xF7, 0xBE, 0xF7, 0xBE, 0xF7, 0xBE, 0xF7, 0xBE, 0xF7, 0xBE, 0xF7, 0xBE, 0xF7,
    0xBE, 0xF7, 0xBE, 0xF7, 0xBE, 0xF7, 0xBE, 0xF7, 0xBE, 0xF7, 0xDF, 0xFF, 0xDF, 0xFF, 0xDF, 0xFF,
    0xDF, 0xFF, 0xDF, 0xFF, 0xDF, 0xFF, 0xDF, 0xFF, 0xDF, 0xFF, 0xDF, 0xFF, 0xDF, 0xFF, 0xDF, 0xFF,
    0xDF, 0xFF, 0xDF, 0xFF, 0xDF, 0xFF, 0xDF, 0xFF, 0xDF, 0xFF, 0xDF, 0xFF, 0xDF, 0xFF, 0x71, 0x8C,
    0x04, 0x21, 0x04, 0x21, 0x04, 0x21, 0x04, 0x21, 0x04, 0x21, 0x04, 0x21, 0x04, 0x21, 0x04, 0x21,
    0x04, 0x21, 0x04, 0x21, 0x04, 0x21, 0x04, 0x21, 0x04, 0x21, 0x04, 0x21, 0x04, 0x21, 0x04, 0x21,
    0x04, 0x21, 0x04, 0x21, 0x04, 0x21, 0x04, 0x21, 0x04, 0x21, 0x04, 0x21, 0x04, 0x21, 0x04, 0x21,
    0x04, 0x21, 0x04, 0x21, 0x04, 0x21, 0x04, 0x21, 0x04, 0x21, 0x04, 0x21, 0x04, 0x21, 0x04, 0x21,
    0x04, 0x21, 0x04, 0x21, 0x04, 0x21, 0x04, 0x21, 0x04, 0x21, 0x04, 0x21, 0x04, 0x21, 0x04, 0x21,
    0x04, 0x21, 0x04, 0x21, 0x04, 0x21, 0x04, 0x21, 0x04, 0x21, 0x04, 0x21, 0x04, 0x21, 0x04, 0x21,
    0x04, 0x21, 0x04, 0x21, 0x04, 0x21, 0x04, 0x21, 0x04, 0x21, 0x04, 0x21, 0x04, 0x21, 0x04, 0x21,
    0x04, 0x21, 0x04, 0x21, 0x04, 0x21, 0x04, 0x21, 0x04, 0x21, 0x04, 0x21, 0x04, 0x21, 0x04, 0x21,
    0x04, 0x21, 0x04, 0x21, 0x04, 0x21, 0x04, 0x21, 0x04, 0x21, 0x04, 0x21, 0x04, 0x21, 0x04, 0x21,
    0x04, 0x21, 0x04, 0x21, 0x04, 0x21, 0x04, 0x21, 0x04, 0x21, 0x04, 0x21, 0x04, 0x21, 0x04, 0x21,
    0x04, 0x21, 0x04, 0x21, 0x04, 0x21, 0x04, 0x21, 0x04, 0x21, 0x04, 0x21, 0x04, 0x21, 0x04, 0x21,
    0x04, 0x21, 0x04, 0x21, 0x04, 0x21, 0x04, 0x21, 0x04, 0x21, 0x04, 0x21, 0x04, 0x21, 0x04, 0x21,
    0x04, 0x21, 0x04, 0x21, 0x04, 0x21, 0x04, 0x21, 0x04, 0x21, 0x04, 0x21, 0xE7, 0x39, 0xAA, 0x52,
    0xC7, 0x39, 0x04, 0x21, 0x04, 0x21, 0x04, 0x21, 0x04, 0x21, 0x04, 0x21, 0x04, 0x21, 0x04, 0x21,
    0x04, 0x21, 0x04, 0x21, 0x04, 0x21, 0x04, 0x21, 0x04, 0x21, 0x04, 0x21, 0x04, 0x21, 0x04, 0x21,
    0x04, 0x21, 0x04, 0x21, 0x04, 0x21, 0x04, 0x21, 0x04, 0x21, 0x04, 0x21, 0x04, 0x21, 0x04, 0x21,
    0x04, 0x21, 0x04, 0x21, 0x04, 0x21, 0x04, 0x21, 0x04, 0x21, 0x04, 0x21, 0x04, 0x21, 0x04, 0x21,
    0x04, 0x21, 0x04, 0x21, 0x04, 0x21, 0x04, 0x21, 0x04, 0x21, 0x04, 0x21, 0x04, 0x21, 0x92, 0x94,
    0xFF, 0xFF, 0xFF, 0xFF, 0xFF, 0xFF, 0xFF, 0xFF, 0xFF, 0xFF, 0xFF, 0xFF, 0xFF, 0xFF, 0xFF, 0xFF,
    0xFF, 0xFF, 0xFF, 0xFF, 0xFF, 0xFF, 0xFF, 0xFF, 0xFF, 0xFF, 0xFF, 0xFF, 0xFF, 0xFF, 0xFF, 0xFF,
    0xFF, 0xFF, 0xFF, 0xFF, 0xFF, 0xFF, 0xFF, 0xFF, 0xFF, 0xFF, 0xFF, 0xFF, 0xFF, 0xFF, 0xFF, 0xFF,
    0xFF, 0xFF, 0xFF, 0xFF, 0xFF, 0xFF, 0xFF, 0xFF, 0xFF, 0xFF, 0xFF, 0xFF, 0xFF, 0xFF, 0xFF, 0xFF,
    0xFF, 0xFF, 0xFF, 0xFF, 0xFF, 0xFF, 0xFF, 0xFF, 0xFF, 0xFF, 0xFF, 0xFF, 0xFF, 0xFF, 0xFF, 0xFF,
    0xFF, 0xFF, 0xFF, 0xFF, 0xFF, 0xFF, 0xFF, 0xFF, 0xFF, 0xFF, 0xFF, 0xFF, 0xFF, 0xFF, 0xFF, 0xFF,
    0xFF, 0xFF, 0xFF, 0xFF, 0xFF, 0xFF, 0xFF, 0xFF, 0xFF, 0xFF, 0xFF, 0xFF, 0xFF, 0xFF, 0xFF, 0xFF,
    0xFF, 0xFF, 0xFF, 0xFF, 0xFF, 0xFF, 0xFF, 0xFF, 0xFF, 0xFF, 0xFF, 0xFF, 0xFF, 0xFF, 0xFF, 0xFF,
    0xFF, 0xFF, 0xFF, 0xFF, 0xFF, 0xFF, 0xFF, 0xFF, 0xFF, 0xFF, 0xFF, 0xFF, 0xFF, 0xFF, 0xFF, 0xFF,
    0xFF, 0xFF, 0xFF, 0xFF, 0xFF, 0xFF, 0xFF, 0xFF, 0xFF, 0xFF, 0xFF, 0xFF, 0xFF, 0xFF, 0xFF, 0xFF,
    0xFF, 0xFF, 0x75, 0xAD, 0x04, 0x21, 0x04, 0x21, 0x04, 0x21, 0x04, 0x21, 0x04, 0x21, 0x04, 0x21,
    0x04, 0x21, 0x04, 0x21, 0x04, 0x21, 0x04, 0x21, 0x04, 0x21, 0x30, 0x84, 0x5D, 0xEF, 0x5D, 0xEF,
    0x5D, 0xEF, 0x5D, 0xEF, 0x5D, 0xEF, 0x5D, 0xEF, 0x5D, 0xEF, 0x5D, 0xEF, 0x5D, 0xEF, 0x5D, 0xEF,
    0x5D, 0xEF, 0x7D, 0xEF, 0x5D, 0xEF, 0x7D, 0xEF, 0x7D, 0xEF, 0x7D, 0xEF, 0x7D, 0xEF, 0x7D, 0xEF,
    0x7D, 0xEF, 0x7D, 0xEF, 0x7D, 0xEF, 0x7D, 0xEF, 0x7D, 0xEF, 0x7D, 0xEF, 0x7D, 0xEF, 0x7D, 0xEF,
    0x7D, 0xEF, 0x7D, 0xEF, 0x9E, 0xF7, 0x9E, 0xF7, 0x9E, 0xF7, 0x9E, 0xF7, 0x9E, 0xF7, 0x9E, 0xF7,
    0x9E, 0xF7, 0x9E, 0xF7, 0x9E, 0xF7, 0x9E, 0xF7, 0x9E, 0xF7, 0x9E, 0xF7, 0xBE, 0xF7, 0xBE, 0xF7,
    0xBE, 0xF7, 0xBE, 0xF7, 0xBE, 0xF7, 0xBE, 0xF7, 0xBE, 0xF7, 0xBE, 0xF7, 0xBE, 0xF7, 0xBE, 0xF7,
    0xBE, 0xF7, 0xBE, 0xF7, 0xBE, 0xF7, 0xBE, 0xF7, 0xBE, 0xF7, 0xBE, 0xF7, 0xBE, 0xF7, 0xBE, 0xF7,
    0xBE, 0xF7, 0xBE, 0xF7, 0xBE, 0xF7, 0xBE, 0xF7, 0xBE, 0xF7, 0xBE, 0xF7, 0xBE, 0xF7, 0xDF, 0xFF,
    0xDF, 0xFF, 0xDF, 0xFF, 0xDF, 0xFF, 0xDF, 0xFF, 0xDF, 0xFF, 0xDF, 0xFF, 0xDF, 0xFF, 0xDF, 0xFF,
    0xDF, 0xFF, 0xDF, 0xFF, 0xDF, 0xFF, 0xDF, 0xFF, 0xDF, 0xFF, 0xDF, 0xFF, 0xDF, 0xFF, 0xDF, 0xFF,
    0xB6, 0xB5, 0x65, 0x29, 0x04, 0x21, 0x04, 0x21, 0x04, 0x21, 0x04, 0x21, 0x04, 0x21, 0x04, 0x21,
    0x04, 0x21, 0x04, 0x21, 0x04, 0x21, 0x04, 0x21, 0x04, 0x21, 0x04, 0x21, 0x04, 0x21, 0x04, 0x21,
    0x04, 0x21, 0x04, 0x21, 0x04, 0x21, 0x04, 0x21, 0x04, 0x21, 0x04, 0x21, 0x04, 0x21, 0x04, 0x21,
    0x04, 0x21, 0x04, 0x21, 0x04, 0x21, 0x04, 0x21, 0x04, 0x21, 0x04, 0x21, 0x04, 0x21, 0x04, 0x21,
    0x04, 0x21, 0x04, 0x21, 0x04, 0x21, 0x04, 0x21, 0x04, 0x21, 0x04, 0x21, 0x04, 0x21, 0x04, 0x21,
    0x04, 0x21, 0x04, 0x21, 0x04, 0x21, 0x04, 0x21, 0x04, 0x21, 0x04, 0x21, 0x04, 0x21, 0x04, 0x21,
    0x04, 0x21, 0x04, 0x21, 0x04, 0x21, 0x04, 0x21, 0x04, 0x21, 0x04, 0x21, 0x04, 0x21, 0x04, 0x21,
    0x04, 0x21, 0x04, 0x21, 0x04, 0x21, 0x04, 0x21, 0x04, 0x21, 0x04, 0x21, 0x04, 0x21, 0x04, 0x21,
    0x04, 0x21, 0x04, 0x21, 0x04, 0x21, 0x04, 0x21, 0x04, 0x21, 0x04, 0x21, 0x04, 0x21, 0x04, 0x21,
    0x04, 0x21, 0x04, 0x21, 0x04, 0x21, 0x04, 0x21, 0x04, 0x21, 0x04, 0x21, 0x04, 0x21, 0x04, 0x21,
    0x04, 0x21, 0x04, 0x21, 0x04, 0x21, 0x04, 0x21, 0x04, 0x21, 0x04, 0x21, 0x04, 0x21, 0x04, 0x21,
    0x04, 0x21, 0x04, 0x21, 0x04, 0x21, 0x04, 0x21, 0x04, 0x21, 0x04, 0x21, 0x04, 0x21, 0x04, 0x21,
    0x04, 0x21, 0x04, 0x21, 0x04, 0x21, 0xE7, 0x39, 0x10, 0x84, 0xBA, 0xD6, 0x7D, 0xEF, 0x18, 0xC6,
    0xD3, 0x9C, 0x8A, 0x52, 0x04, 0x21, 0x04, 0x21, 0x04, 0x21, 0x04, 0x21, 0x04, 0x21, 0x04, 0x21,
    0x04, 0x21, 0x04, 0x21, 0x04, 0x21, 0x04, 0x21, 0x2C, 0x63, 0x55, 0xAD, 0x1C, 0xE7, 0xFF, 0xFF,
    0xFF, 0xFF, 0xBA, 0xD6, 0xD7, 0xBD, 0xAE, 0x73, 0x04, 0x21, 0x04, 0x21, 0x04, 0x21, 0x04, 0x21,
    0x04, 0x21, 0x04, 0x21, 0x04, 0x21, 0x04, 0x21, 0x04, 0x21, 0x04, 0x21, 0x04, 0x21, 0x04, 0x21,
    0x04, 0x21, 0x04, 0x21, 0x04, 0x21, 0x04, 0x21, 0x04, 0x21, 0x04, 0x21, 0xF3, 0x9C, 0xFF, 0xFF,
    0xFF, 0xFF, 0xFF, 0xFF, 0xFF, 0xFF, 0xFF, 0xFF, 0xFF, 0xFF, 0xFF, 0xFF, 0xFF, 0xFF, 0xFF, 0xFF,
    0xFF, 0xFF, 0xFF, 0xFF, 0xFF, 0xFF, 0xFF, 0xFF, 0xFF, 0xFF, 0xFF, 0xFF, 0xFF, 0xFF, 0xFF, 0xFF,
    0xFF, 0xFF, 0xFF, 0xFF, 0xFF, 0xFF, 0xFF, 0xFF, 0xFF, 0xFF, 0xFF, 0xFF, 0xFF, 0xFF, 0xFF, 0xFF,
    0xFF, 0xFF, 0xFF, 0xFF, 0xFF, 0xFF, 0xFF, 0xFF, 0xFF, 0xFF, 0xFF, 0xFF, 0xFF, 0xFF, 0xFF, 0xFF,
    0xFF, 0xFF, 0xFF, 0xFF, 0xFF, 0xFF, 0xFF, 0xFF, 0xFF, 0xFF, 0xFF, 0xFF, 0xFF, 0xFF, 0xFF, 0xFF,
    0xFF, 0xFF, 0xFF, 0xFF, 0xFF, 0xFF, 0xFF, 0xFF, 0xFF, 0xFF, 0xFF, 0xFF, 0xFF, 0xFF, 0xFF, 0xFF,
    0xFF, 0xFF, 0xFF, 0xFF, 0xFF, 0xFF, 0xFF, 0xFF, 0xFF, 0xFF, 0xFF, 0xFF, 0xFF, 0xFF, 0xFF, 0xFF,
    0xFF, 0xFF, 0xFF, 0xFF, 0xFF, 0xFF, 0xFF, 0xFF, 0xFF, 0xFF, 0xFF, 0xFF, 0xFF, 0xFF, 0xFF, 0xFF,
    0xFF, 0xFF, 0xFF, 0xFF, 0xFF, 0xFF, 0xFF, 0xFF, 0xFF, 0xFF, 0xFF, 0xFF, 0xFF, 0xFF, 0xFF, 0xFF,
    0xFF, 0xFF, 0xFF, 0xFF, 0xFF, 0xFF, 0xFF, 0xFF, 0xFF, 0xFF, 0xFF, 0xFF, 0xFF, 0xFF, 0xFF, 0xFF,
    0xFF, 0xFF, 0xFF, 0xFF, 0x92, 0x94, 0x04, 0x21, 0x04, 0x21, 0x04, 0x21, 0x04, 0x21, 0x04, 0x21,
    0x04, 0x21, 0x04, 0x21, 0x04, 0x21, 0x04, 0x21, 0x30, 0x84, 0x5D, 0xEF, 0x5D, 0xEF, 0x5D, 0xEF,
    0x5D, 0xEF, 0x5D, 0xEF, 0x5D, 0xEF, 0x5D, 0xEF, 0x5D, 0xEF, 0x5D, 0xEF, 0x5D, 0xEF, 0x5D, 0xEF,
    0x5D, 0xEF, 0x5D, 0xEF, 0x5D, 0xEF, 0x5D, 0xEF, 0x7D, 0xEF, 0x7D, 0xEF, 0x7D, 0xEF, 0x7D, 0xEF,
    0x7D, 0xEF, 0x7D, 0xEF, 0x7D, 0xEF, 0x7D, 0xEF, 0x7D, 0xEF, 0x7D, 0xEF, 0x7D, 0xEF, 0x7D, 0xEF,
    0x7D, 0xEF, 0x7D, 0xEF, 0x7D, 0xEF, 0x7D, 0xEF, 0x9E, 0xF7, 0x9E, 0xF7, 0x9E, 0xF7, 0x9E, 0xF7,
    0x9E, 0xF7, 0x9E, 0xF7, 0x9E, 0xF7, 0x9E, 0xF7, 0x9E, 0xF7, 0x9E, 0xF7, 0x9E, 0xF7, 0x9E, 0xF7,
    0x9E, 0xF7, 0x9E, 0xF7, 0xBE, 0xF7, 0xBE, 0xF7, 0xBE, 0xF7, 0xBE, 0xF7, 0xBE, 0xF7, 0xBE, 0xF7,
    0xBE, 0xF7, 0xBE, 0xF7, 0xBE, 0xF7, 0xBE, 0xF7, 0xBE, 0xF7, 0xBE, 0xF7, 0xBE, 0xF7, 0xBE, 0xF7,
    0xBE, 0xF7, 0xBE, 0xF7, 0xBE, 0xF7, 0xBE, 0xF7, 0xBE, 0xF7, 0xBE, 0xF7, 0xBE, 0xF7, 0xBE, 0xF7,
    0xDF, 0xFF, 0xDF, 0xFF, 0xDF, 0xFF, 0xDF, 0xFF, 0xDF, 0xFF, 0xDF, 0xFF, 0xDF, 0xFF, 0xDF, 0xFF,
    0xDF, 0xFF, 0xDF, 0xFF, 0xDF, 0xFF, 0xDF, 0xFF, 0xDF, 0xFF, 0xDF, 0xFF, 0xDF, 0xFF, 0xDF, 0xFF,
    0xDF, 0xFF, 0xFB, 0xDE, 0xE7, 0x39, 0x04, 0x21, 0x04, 0x21, 0x04, 0x21, 0x04, 0x21, 0x04, 0x21,
    0x04, 0x21, 0x04, 0x21, 0x04, 0x21, 0x04, 0x21, 0x04, 0x21, 0x04, 0x21, 0x04, 0x21, 0x04, 0x21,
    0x04, 0x21, 0x04, 0x21, 0x04, 0x21, 0x04, 0x21, 0x04, 0x21, 0x04, 0x21, 0x04, 0x21, 0x04, 0x21,
    0x04, 0x21, 0x04, 0x21, 0x04, 0x21, 0x04, 0x21, 0x04, 0x21, 0x04, 0x21, 0x04, 0x21, 0x04, 0x21,
    0x04, 0x21, 0x04, 0x21, 0x04, 0x21, 0x04, 0x21, 0x04, 0x21, 0x04, 0x21, 0x04, 0x21, 0x04, 0x21,
    0x04, 0x21, 0x04, 0x21, 0x04, 0x21, 0x04, 0x21, 0x04, 0x21, 0x04, 0x21, 0x04, 0x21, 0x04, 0x21,
    0x04, 0x21, 0x04, 0x21, 0x04, 0x21, 0x04, 0x21, 0x04, 0x21, 0x04, 0x21, 0x04, 0x21, 0x04, 0x21,
    0x04, 0x21, 0x04, 0x21, 0x04, 0x21, 0x04, 0x21, 0x04, 0x21, 0x04, 0x21, 0x04, 0x21, 0x04, 0x21,
    0x04, 0x21, 0x04, 0x21, 0x04, 0x21, 0x04, 0x21, 0x04, 0x21, 0x04, 0x21, 0x04, 0x21, 0x04, 0x21,
    0x04, 0x21, 0x04, 0x21, 0x04, 0x21, 0x04, 0x21, 0x04, 0x21, 0x04, 0x21, 0x04, 0x21, 0x04, 0x21,
    0x04, 0x21, 0x04, 0x21, 0x04, 0x21, 0x04, 0x21, 0x04, 0x21, 0x04, 0x21, 0x04, 0x21, 0x04, 0x21,
    0x04, 0x21, 0x04, 0x21, 0x04, 0x21, 0x04, 0x21, 0x04, 0x21, 0x04, 0x21, 0x04, 0x21, 0x04, 0x21,
    0x04, 0x21, 0x04, 0x21, 0x65, 0x29, 0x59, 0xCE, 0x9E, 0xF7, 0xBA, 0xD6, 0x8A, 0x52, 0x24, 0x21,
    0x04, 0x21, 0x04, 0x21, 0x04, 0x21, 0x04, 0x21, 0x04, 0x21, 0x04, 0x21, 0x04, 0x21, 0x04, 0x21,
    0x04, 0x21, 0x04, 0x21, 0xCB, 0x5A, 0x1C, 0xE7, 0xFF, 0xFF, 0x9E, 0xF7, 0x75, 0xAD, 0x92, 0x94,
    0x92, 0x94, 0xD7, 0xBD, 0x1C, 0xE7, 0xFF, 0xFF, 0x1C, 0xE7, 0xAE, 0x73, 0x04, 0x21, 0x04, 0x21,
    0x04, 0x21, 0x04, 0x21, 0x04, 0x21, 0x04, 0x21, 0x04, 0x21, 0x04, 0x21, 0x04, 0x21, 0x04, 0x21,
    0x04, 0x21, 0x04, 0x21, 0x04, 0x21, 0x04, 0x21, 0x65, 0x29, 0x59, 0xCE, 0xFF, 0xFF, 0xFF, 0xFF,
    0xFF, 0xFF, 0xFF, 0xFF, 0xFF, 0xFF, 0xFF, 0xFF, 0xFF, 0xFF, 0xFF, 0xFF, 0xFF, 0xFF, 0xFF, 0xFF,
    0xFF, 0xFF, 0xFF, 0xFF, 0xFF, 0xFF, 0xFF, 0xFF, 0xFF, 0xFF, 0xFF, 0xFF, 0xDF, 0xFF, 0xDF, 0xFF,
    0xDF, 0xFF, 0xDF, 0xFF, 0xDF, 0xFF, 0xDF, 0xFF, 0xDF, 0xFF, 0xDF, 0xFF, 0xDF, 0xFF, 0xDF, 0xFF,
    0xDF, 0xFF, 0xDF, 0xFF, 0xDF, 0xFF, 0xDF, 0xFF, 0xDF, 0xFF, 0xDF, 0xFF, 0xDF, 0xFF, 0xDF, 0xFF,
    0xDF, 0xFF, 0xDF, 0xFF, 0xDF, 0xFF, 0xDF, 0xFF, 0xDF, 0xFF, 0xDF, 0xFF, 0xDF, 0xFF, 0xDF, 0xFF,
    0xDF, 0xFF, 0xDF, 0xFF, 0xDF, 0xFF, 0xDF, 0xFF, 0xDF, 0xFF, 0xDF, 0xFF, 0xDF, 0xFF, 0xDF, 0xFF,
    0xDF, 0xFF, 0xDF, 0xFF, 0xDF, 0xFF, 0xDF, 0xFF, 0xDF, 0xFF, 0xDF, 0xFF, 0xDF, 0xFF, 0xDF, 0xFF,
    0xDF, 0xFF, 0xDF, 0xFF, 0xDF, 0xFF, 0xDF, 0xFF, 0xDF, 0xFF, 0xDF, 0xFF, 0xDF, 0xFF, 0xDF, 0xFF,
    0xDF, 0xFF, 0xDF, 0xFF, 0xDF, 0xFF, 0xDF, 0xFF, 0xDF, 0xFF, 0xDF, 0xFF, 0xDF, 0xFF, 0xDF, 0xFF,
    0xDF, 0xFF, 0xDF, 0xFF, 0xDF, 0xFF, 0xFF, 0xFF, 0xFF, 0xFF, 0xFF, 0xFF, 0xDF, 0xFF, 0xFF, 0xFF,
    0xFF, 0xFF, 0xFF, 0xFF, 0xFF, 0xFF, 0x92, 0x94, 0x04, 0x21, 0x04, 0x21, 0x04, 0x21, 0x04, 0x21,
    0x04, 0x21, 0x04, 0x21, 0x04, 0x21, 0xF3, 0x9C, 0x5D, 0xEF, 0x5D, 0xEF, 0x3C, 0xE7, 0x5D, 0xEF,
    0x5D, 0xEF, 0x5D, 0xEF, 0x5D, 0xEF, 0x5D, 0xEF, 0x5D, 0xEF, 0x5D, 0xEF, 0x5D, 0xEF, 0x5D, 0xEF,
    0x5D, 0xEF, 0x5D, 0xEF, 0x5D, 0xEF, 0x5D, 0xEF, 0x5D, 0xEF, 0x7D, 0xEF, 0x7D, 0xEF, 0x7D, 0xEF,
    0x7D, 0xEF, 0x7D, 0xEF, 0x7D, 0xEF, 0x7D, 0xEF, 0x7D, 0xEF, 0x7D, 0xEF, 0x7D, 0xEF, 0x7D, 0xEF,
    0x7D, 0xEF, 0x7D, 0xEF, 0x7D, 0xEF, 0x9E, 0xF7, 0x9E, 0xF7, 0x9E, 0xF7, 0x7D, 0xEF, 0x9E, 0xF7,
    0x9E, 0xF7, 0x9E, 0xF7, 0x9E, 0xF7, 0x9E, 0xF7, 0x9E, 0xF7, 0x9E, 0xF7, 0x9E, 0xF7, 0x9E, 0xF7,
    0x9E, 0xF7, 0xBE, 0xF7, 0xBE, 0xF7, 0xBE, 0xF7, 0xBE, 0xF7, 0xBE, 0xF7, 0xBE, 0xF7, 0xBE, 0xF7,
    0xBE, 0xF7, 0xBE, 0xF7, 0xBE, 0xF7, 0xBE, 0xF7, 0xBE, 0xF7, 0xBE, 0xF7, 0xBE, 0xF7, 0xBE, 0xF7,
    0xBE, 0xF7, 0xBE, 0xF7, 0xBE, 0xF7, 0xBE, 0xF7, 0xBE, 0xF7, 0xBE, 0xF7, 0xBE, 0xF7, 0xBE, 0xF7,
    0xBE, 0xF7, 0xBE, 0xF7, 0xDF, 0xFF, 0xDF, 0xFF, 0xDF, 0xFF, 0xDF, 0xFF, 0xDF, 0xFF, 0xDF, 0xFF,
    0xDF, 0xFF, 0xDF, 0xFF, 0xDF, 0xFF, 0xDF, 0xFF, 0xDF, 0xFF, 0xDF, 0xFF, 0xDF, 0xFF, 0xDF, 0xFF,
    0xDF, 0xFF, 0xDF, 0xFF, 0xFB, 0xDE, 0xE7, 0x39, 0x04, 0x21, 0x04, 0x21, 0x04, 0x21, 0x04, 0x21,
    0x04, 0x21, 0x04, 0x21, 0x04, 0x21, 0x04, 0x21, 0x04, 0x21, 0x04, 0x21, 0x04, 0x21, 0x04, 0x21,
    0x04, 0x21, 0x04, 0x21, 0x04, 0x21, 0x04, 0x21, 0x04, 0x21, 0x04, 0x21, 0x04, 0x21, 0x04, 0x21,
    0x04, 0x21, 0x04, 0x21, 0x04, 0x21, 0x04, 0x21, 0x04, 0x21, 0x04, 0x21, 0x04, 0x21, 0x04, 0x21,
    0x04, 0x21, 0x04, 0x21, 0x04, 0x21, 0x04, 0x21, 0x04, 0x21, 0x04, 0x21, 0x04, 0x21, 0x04, 0x21,
    0x04, 0x21, 0x04, 0x21, 0x04, 0x21, 0x04, 0x21, 0x04, 0x21, 0x04, 0x21, 0x04, 0x21, 0x04, 0x21,
    0x04, 0x21, 0x04, 0x21, 0x04, 0x21, 0x04, 0x21, 0x04, 0x21, 0x04, 0x21, 0x04, 0x21, 0x04, 0x21,
    0x04, 0x21, 0x04, 0x21, 0x04, 0x21, 0x04, 0x21, 0x04, 0x21, 0x04, 0x21, 0x04, 0x21, 0x04, 0x21,
    0x04, 0x21, 0x04, 0x21, 0x04, 0x21, 0x04, 0x21, 0x04, 0x21, 0x04, 0x21, 0x04, 0x21, 0x04, 0x21,
    0x04, 0x21, 0x04, 0x21, 0x04, 0x21, 0x04, 0x21, 0x04, 0x21, 0x04, 0x21, 0x04, 0x21, 0x04, 0x21,
    0x04, 0x21, 0x04, 0x21, 0x04, 0x21, 0x04, 0x21, 0x04, 0x21, 0x04, 0x21, 0x04, 0x21, 0x04, 0x21,
    0x04, 0x21, 0x04, 0x21, 0x04, 0x21, 0x04, 0x21, 0x04, 0x21, 0x04, 0x21, 0x04, 0x21, 0x04, 0x21,
    0x04, 0x21, 0x04, 0x21, 0x8A, 0x52, 0x7D, 0xEF, 0x7D, 0xEF, 0x79, 0xCE, 0xE7, 0x39, 0x04, 0x21,
    0x04, 0x21, 0x04, 0x21, 0x04, 0x21, 0x04, 0x21, 0x04, 0x21, 0x04, 0x21, 0x04, 0x21, 0x04, 0x21,
    0x04, 0x21, 0x92, 0x94, 0xFF, 0xFF, 0x1C, 0xE7, 0xCB, 0x5A, 0x04, 0x21, 0x04, 0x21, 0x65, 0x29,
    0x65, 0x29, 0x04, 0x21, 0x04, 0x21, 0xAE, 0x73, 0x1C, 0xE7, 0xFF, 0xFF, 0x71, 0x8C, 0x04, 0x21,
    0x04, 0x21, 0x04, 0x21, 0x04, 0x21, 0x04, 0x21, 0x04, 0x21, 0x04, 0x21, 0x04, 0x21, 0x04, 0x21,
    0x04, 0x21, 0x04, 0x21, 0x04, 0x21, 0xE7, 0x39, 0x1C, 0xE7, 0xFF, 0xFF, 0xFF, 0xFF, 0xFF, 0xFF,
    0xFF, 0xFF, 0xFF, 0xFF, 0xFF, 0xFF, 0xFF, 0xFF, 0xFF, 0xFF, 0xFF, 0xFF, 0xFF, 0xFF, 0x1C, 0xE7,
    0x69, 0x4A, 0x24, 0x21, 0x24, 0x21, 0x24, 0x21, 0x24, 0x21, 0x24, 0x21, 0x24, 0x21, 0x24, 0x21,
    0x24, 0x21, 0x24, 0x21, 0x24, 0x21, 0x24, 0x21, 0x24, 0x21, 0x24, 0x21, 0x24, 0x21, 0x24, 0x21,
    0x24, 0x21, 0x24, 0x21, 0x24, 0x21, 0x24, 0x21, 0x24, 0x21, 0x24, 0x21, 0x24, 0x21, 0x24, 0x21,
    0x24, 0x21, 0x24, 0x21, 0x24, 0x21, 0x24, 0x21, 0x24, 0x21, 0x24, 0x21, 0x24, 0x21, 0x24, 0x21,
    0x24, 0x21, 0x24, 0x21, 0x24, 0x21, 0x24, 0x21, 0x24, 0x21, 0x24, 0x21, 0x24, 0x21, 0x24, 0x21,
    0x24, 0x21, 0x24, 0x21, 0x24, 0x21, 0x24, 0x21, 0x24, 0x21, 0x24, 0x21, 0x24, 0x21, 0x24, 0x21,
    0x24, 0x21, 0x24, 0x21, 0x24, 0x21, 0x24, 0x21, 0x24, 0x21, 0x24, 0x21, 0x24, 0x21, 0x24, 0x21,
    0x24, 0x21, 0x24, 0x21, 0x24, 0x21, 0x24, 0x21, 0x24, 0x21, 0x24, 0x21, 0x24, 0x21, 0x24, 0x21,
    0x24, 0x21, 0x24, 0x21, 0x08, 0x42, 0xFB, 0xDE, 0xDF, 0xFF, 0xDF, 0xFF, 0xDF, 0xFF, 0xDF, 0xFF,
    0xFF, 0xFF, 0xFF, 0xFF, 0xFF, 0xFF, 0xFF, 0xFF, 0x10, 0x84, 0x04, 0x21, 0x04, 0x21, 0x04, 0x21,
    0x04, 0x21, 0x65, 0x29, 0xB6, 0xB5, 0x3C, 0xE7, 0x3C, 0xE7, 0x3C, 0xE7, 0x5D, 0xEF, 0x5D, 0xEF,
    0x5D, 0xEF, 0x5D, 0xEF, 0x5D, 0xEF, 0x5D, 0xEF, 0x5D, 0xEF, 0x5D, 0xEF, 0x5D, 0xEF, 0x5D, 0xEF,
    0x5D, 0xEF, 0x5D, 0xEF, 0x5D, 0xEF, 0x5D, 0xEF, 0x5D, 0xEF, 0x5D, 0xEF, 0x7D, 0xEF, 0x5D, 0xEF,
    0x7D, 0xEF, 0x7D, 0xEF, 0x7D, 0xEF, 0x7D, 0xEF, 0x7D, 0xEF, 0x7D, 0xEF, 0x7D, 0xEF, 0x7D, 0xEF,
    0x7D, 0xEF, 0x7D, 0xEF, 0x7D, 0xEF, 0x7D, 0xEF, 0x7D, 0xEF, 0x9E, 0xF7, 0x9E, 0xF7, 0x9E, 0xF7,
    0x9E, 0xF7, 0x9E, 0xF7, 0x9E, 0xF7, 0x9E, 0xF7, 0x9E, 0xF7, 0x9E, 0xF7, 0x9E, 0xF7, 0x9E, 0xF7,
    0x9E, 0xF7, 0x9E, 0xF7, 0x9E, 0xF7, 0xBE, 0xF7, 0xBE, 0xF7, 0xBE, 0xF7, 0xBE, 0xF7, 0xBE, 0xF7,
    0xBE, 0xF7, 0xBE, 0xF7, 0xBE, 0xF7, 0xBE, 0xF7, 0xBE, 0xF7, 0xBE, 0xF7, 0xBE, 0xF7, 0xBE, 0xF7,
    0xBE, 0xF7, 0xBE, 0xF7, 0xBE, 0xF7, 0xBE, 0xF7, 0xBE, 0xF7, 0xBE, 0xF7, 0xBE, 0xF7, 0xBE, 0xF7,
    0xBE, 0xF7, 0xBE, 0xF7, 0xBE, 0xF7, 0xDF, 0xFF, 0xBE, 0xF7, 0xDF, 0xFF, 0xDF, 0xFF, 0xDF, 0xFF,
    0xDF, 0xFF, 0xDF, 0xFF, 0xDF, 0xFF, 0xDF, 0xFF, 0xDF, 0xFF, 0xDF, 0xFF, 0xDF, 0xFF, 0xDF, 0xFF,
    0xDF, 0xFF, 0xDF, 0xFF, 0xDF, 0xFF, 0x7D, 0xEF, 0x8E, 0x73, 0x04, 0x21, 0x04, 0x21, 0x04, 0x21,
    0x04, 0x21, 0x04, 0x21, 0x04, 0x21, 0x04, 0x21, 0x04, 0x21, 0x04, 0x21, 0x04, 0x21, 0x04, 0x21,
    0x04, 0x21, 0x04, 0x21, 0x04, 0x21, 0x04, 0x21, 0x04, 0x21, 0x04, 0x21, 0x04, 0x21, 0x04, 0x21,
    0x04, 0x21, 0x04, 0x21, 0x04, 0x21, 0x04, 0x21, 0x04, 0x21, 0x04, 0x21, 0x04, 0x21, 0x04, 0x21,
    0x04, 0x21, 0x04, 0x21, 0x04, 0x21, 0x04, 0x21, 0x04, 0x21, 0x04, 0x21, 0x04, 0x21, 0x04, 0x21,
    0x04, 0x21, 0x04, 0x21, 0x04, 0x21, 0x04, 0x21, 0x04, 0x21, 0x04, 0x21, 0x04, 0x21, 0x04, 0x21,
    0x04, 0x21, 0x04, 0x21, 0x04, 0x21, 0x04, 0x21, 0x04, 0x21, 0x04, 0x21, 0x04, 0x21, 0x04, 0x21,
    0x04, 0x21, 0x04, 0x21, 0x04, 0x21, 0x04, 0x21, 0x04, 0x21, 0x04, 0x21, 0x04, 0x21, 0x04, 0x21,
    0x04, 0x21, 0x04, 0x21, 0x04, 0x21, 0x04, 0x21, 0x04, 0x21, 0x04, 0x21, 0x04, 0x21, 0x04, 0x21,
    0x04, 0x21, 0x04, 0x21, 0x04, 0x21, 0x04, 0x21, 0x04, 0x21, 0x04, 0x21, 0x04, 0x21, 0x04, 0x21,
    0x04, 0x21, 0x04, 0x21, 0x04, 0x21, 0x04, 0x21, 0x04, 0x21, 0x04, 0x21, 0x04, 0x21, 0x04, 0x21,
    0x04, 0x21, 0x04, 0x21, 0x04, 0x21, 0x04, 0x21, 0x04, 0x21, 0x04, 0x21, 0x04, 0x21, 0x04, 0x21,
    0x04, 0x21, 0x04, 0x21, 0x14, 0xA5, 0xDB, 0xDE, 0x92, 0x94, 0x5D, 0xEF, 0x59, 0xCE, 0xA6, 0x31,
    0x04, 0x21, 0x04, 0x21, 0x04, 0x21, 0x04, 0x21, 0x04, 0x21, 0x04, 0x21, 0x04, 0x21, 0x04, 0x21,
    0x04, 0x21, 0x9E, 0xF7, 0x55, 0xAD, 0x65, 0x29, 0xE7, 0x39, 0xF3, 0x9C, 0x9E, 0xF7, 0xFF, 0xFF,
    0xFF, 0xFF, 0x1C, 0xE7, 0x55, 0xAD, 0xE7, 0x39, 0x04, 0x21, 0xF3, 0x9C, 0x9E, 0xF7, 0x04, 0x21,
    0x04, 0x21, 0x04, 0x21, 0x04, 0x21, 0x04, 0x21, 0x04, 0x21, 0x04, 0x21, 0x04, 0x21, 0x04, 0x21,
    0x04, 0x21, 0x04, 0x21, 0xE7, 0x39, 0x1C, 0xE7, 0xFF, 0xFF, 0xFF, 0xFF, 0xFF, 0xFF, 0xFF, 0xFF,
    0xFF, 0xFF, 0xFF, 0xFF, 0xFF, 0xFF, 0xFF, 0xFF, 0xFF, 0xFF, 0xFF, 0xFF, 0x1C, 0xE7, 0x08, 0x42,
    0x24, 0x21, 0x24, 0x21, 0x24, 0x21, 0x24, 0x21, 0x24, 0x21, 0x24, 0x21, 0x24, 0x21, 0x24, 0x21,
    0x24, 0x21, 0x24, 0x21, 0x24, 0x21, 0x24, 0x21, 0x24, 0x21, 0x24, 0x21, 0x24, 0x21, 0x24, 0x21,
    0x24, 0x21, 0x24, 0x21, 0x24, 0x21, 0x24, 0x21, 0x24, 0x21, 0x24, 0x21, 0x24, 0x21, 0x24, 0x21,
    0x24, 0x21, 0x24, 0x21, 0x24, 0x21, 0x24, 0x21, 0x24, 0x21, 0x24, 0x21, 0x24, 0x21, 0x24, 0x21,
    0x24, 0x21, 0x24, 0x21, 0x24, 0x21, 0x24, 0x21, 0x24, 0x21, 0x24, 0x21, 0x24, 0x21, 0x24, 0x21,
    0x24, 0x21, 0x24, 0x21, 0x24, 0x21, 0x24, 0x21, 0x24, 0x21, 0x24, 0x21, 0x24, 0x21, 0x24, 0x21,
    0x24, 0x21, 0x24, 0x21, 0x24, 0x21, 0x24, 0x21, 0x24, 0x21, 0x24, 0x21, 0x24, 0x21, 0x24, 0x21,
    0x24, 0x21, 0x24, 0x21, 0x24, 0x21, 0x24, 0x21, 0x24, 0x21, 0x24, 0x21, 0x24, 0x21, 0x24, 0x21,
    0x24, 0x21, 0x24, 0x21, 0x24, 0x21, 0x08, 0x42, 0x5D, 0xEF, 0xBE, 0xF7, 0xDF, 0xFF, 0xDF, 0xFF,
    0xDF, 0xFF, 0xFF, 0xFF, 0xFF, 0xFF, 0xFF, 0xFF, 0xFF, 0xFF, 0xAE, 0x73, 0x04, 0x21, 0x04, 0x21,
    0x65, 0x29, 0x18, 0xC6, 0x3C, 0xE7, 0x3C, 0xE7, 0x3C, 0xE7, 0x3C, 0xE7, 0x3C, 0xE7, 0x5D, 0xEF,
    0x5D, 0xEF, 0x5D, 0xEF, 0x5D, 0xEF, 0x5D, 0xEF, 0x5D, 0xEF, 0x5D, 0xEF, 0x5D, 0xEF, 0x5D, 0xEF,
    0x5D, 0xEF, 0x5D, 0xEF, 0x5D, 0xEF, 0x5D, 0xEF, 0x5D, 0xEF, 0x5D, 0xEF, 0x5D, 0xEF, 0x5D, 0xEF,
    0x7D, 0xEF, 0x7D, 0xEF, 0x7D, 0xEF, 0x7D, 0xEF, 0x7D, 0xEF, 0x7D, 0xEF, 0x7D, 0xEF, 0x7D, 0xEF,
    0x7D, 0xEF, 0x7D, 0xEF, 0x7D, 0xEF, 0x7D, 0xEF, 0x7D, 0xEF, 0x7D, 0xEF, 0x9E, 0xF7, 0x7D, 0xEF,
    0x9E, 0xF7, 0x9E, 0xF7, 0x9E, 0xF7, 0x9E, 0xF7, 0x9E, 0xF7, 0x9E, 0xF7, 0x9E, 0xF7, 0x9E, 0xF7,
    0x9E, 0xF7, 0x9E, 0xF7, 0x9E, 0xF7, 0x9E, 0xF7, 0x9E, 0xF7, 0xBE, 0xF7, 0xBE, 0xF7, 0xBE, 0xF7,
    0xBE, 0xF7, 0xBE, 0xF7, 0xBE, 0xF7, 0xBE, 0xF7, 0xBE, 0xF7, 0xBE, 0xF7, 0xBE, 0xF7, 0xBE, 0xF7,
    0xBE, 0xF7, 0xBE, 0xF7, 0xBE, 0xF7, 0xBE, 0xF7, 0xBE, 0xF7, 0xBE, 0xF7, 0xBE, 0xF7, 0xBE, 0xF7,
    0xBE, 0xF7, 0xBE, 0xF7, 0xBE, 0xF7, 0xBE, 0xF7, 0xBE, 0xF7, 0xDF, 0xFF, 0xBE, 0xF7, 0xDF, 0xFF,
    0xDF, 0xFF, 0xDF, 0xFF, 0xDF, 0xFF, 0xDF, 0xFF, 0xDF, 0xFF, 0xDF, 0xFF, 0xDF, 0xFF, 0xDF, 0xFF,
    0xDF, 0xFF, 0xDF, 0xFF, 0xDF, 0xFF, 0xDF, 0xFF, 0xDF, 0xFF, 0x71, 0x8C, 0x04, 0x21, 0x04, 0x21,
    0x04, 0x21, 0x04, 0x21, 0x04, 0x21, 0x04, 0x21, 0x04, 0x21, 0x04, 0x21, 0x04, 0x21, 0x04, 0x21,
    0x04, 0x21, 0x04, 0x21, 0x04, 0x21, 0x04, 0x21, 0x04, 0x21, 0x04, 0x21, 0x04, 0x21, 0x04, 0x21,
    0x04, 0x21, 0x04, 0x21, 0x04, 0x21, 0x04, 0x21, 0x04, 0x21, 0x04, 0x21, 0x04, 0x21, 0x04, 0x21,
    0x04, 0x21, 0x04, 0x21, 0x04, 0x21, 0x04, 0x21, 0x04, 0x21, 0x04, 0x21, 0x04, 0x21, 0x04, 0x21,
    0x04, 0x21, 0x04, 0x21, 0x04, 0x21, 0x04, 0x21, 0x04, 0x21, 0x04, 0x21, 0x04, 0x21, 0x04, 0x21,
    0x04, 0x21, 0x04, 0x21, 0x04, 0x21, 0x04, 0x21, 0x04, 0x21, 0x04, 0x21, 0x04, 0x21, 0x04, 0x21,
    0x04, 0x21, 0x04, 0x21, 0x04, 0x21, 0x04, 0x21, 0x04, 0x21, 0x04, 0x21, 0x04, 0x21, 0x04, 0x21,
    0x04, 0x21, 0x04, 0x21, 0x04, 0x21, 0x04, 0x21, 0x04, 0x21, 0x04, 0x21, 0x04, 0x21, 0x04, 0x21,
    0x04, 0x21, 0x04, 0x21, 0x04, 0x21, 0x04, 0x21, 0x04, 0x21, 0x04, 0x21, 0x04, 0x21, 0x04, 0x21,
    0x04, 0x21, 0x04, 0x21, 0x04, 0x21, 0x04, 0x21, 0x04, 0x21, 0x04, 0x21, 0x04, 0x21, 0x04, 0x21,
    0x04, 0x21, 0x04, 0x21, 0x04, 0x21, 0x04, 0x21, 0x04, 0x21, 0x04, 0x21, 0x04, 0x21, 0x04, 0x21,
    0x04, 0x21, 0x04, 0x21, 0x59, 0xCE, 0x30, 0x84, 0x04, 0x21, 0x71, 0x8C, 0x3C, 0xE7, 0xF7, 0xBD,
    0x86, 0x31, 0x04, 0x21, 0x04, 0x21, 0x04, 0x21, 0x04, 0x21, 0x04, 0x21, 0x04, 0x21, 0x04, 0x21,
    0x04, 0x21, 0x65, 0x29, 0x04, 0x21, 0xAE, 0x73, 0x9E, 0xF7, 0x9E, 0xF7, 0x75, 0xAD, 0x10, 0x84,
    0x10, 0x84, 0x75, 0xAD, 0xFF, 0xFF, 0xFF, 0xFF, 0xAE, 0x73, 0x04, 0x21, 0x65, 0x29, 0x04, 0x21,
    0x04, 0x21, 0x04, 0x21, 0x04, 0x21, 0x04, 0x21, 0x04, 0x21, 0x04, 0x21, 0x04, 0x21, 0x04, 0x21,
    0x04, 0x21, 0xCB, 0x5A, 0x9E, 0xF7, 0xFF, 0xFF, 0xFF, 0xFF, 0xFF, 0xFF, 0xFF, 0xFF, 0xFF, 0xFF,
    0xFF, 0xFF, 0xFF, 0xFF, 0xFF, 0xFF, 0xFF, 0xFF, 0xFF, 0xFF, 0xBA, 0xD6, 0x08, 0x42, 0x24, 0x21,
    0x24, 0x21, 0x24, 0x21, 0x24, 0x21, 0x24, 0x21, 0x24, 0x21, 0x24, 0x21, 0x24, 0x21, 0x24, 0x21,
    0x24, 0x21, 0x24, 0x21, 0x24, 0x21, 0x24, 0x21, 0x24, 0x21, 0x24, 0x21, 0x24, 0x21, 0x24, 0x21,
    0x24, 0x21, 0x24, 0x21, 0x24, 0x21, 0x24, 0x21, 0x24, 0x21, 0x24, 0x21, 0x24, 0x21, 0x24, 0x21,
    0x24, 0x21, 0x24, 0x21, 0x24, 0x21, 0x24, 0x21, 0x24, 0x21, 0x24, 0x21, 0x24, 0x21, 0x24, 0x21,
    0x24, 0x21, 0x24, 0x21, 0x24, 0x21, 0x24, 0x21, 0x24, 0x21, 0x24, 0x21, 0x24, 0x21, 0x24, 0x21,
    0x24, 0x21, 0x24, 0x21, 0x24, 0x21, 0x24, 0x21, 0x24, 0x21, 0x24, 0x21, 0x24, 0x21, 0x24, 0x21,
    0x24, 0x21, 0x24, 0x21, 0x24, 0x21, 0x24, 0x21, 0x24, 0x21, 0x24, 0x21, 0x24, 0x21, 0x24, 0x21,
    0x24, 0x21, 0x24, 0x21, 0x24, 0x21, 0x24, 0x21, 0x24, 0x21, 0x24, 0x21, 0x24, 0x21, 0x24, 0x21,
    0x24, 0x21, 0x24, 0x21, 0x24, 0x21, 0x24, 0x21, 0xCB, 0x5A, 0xBE, 0xF7, 0xBE, 0xF7, 0xBE, 0xF7,
    0xDF, 0xFF, 0xDF, 0xFF, 0xDF, 0xFF, 0xFF, 0xFF, 0xFF, 0xFF, 0x7D, 0xEF, 0x49, 0x4A, 0x04, 0x21,
    0xF3, 0x9C, 0x3C, 0xE7, 0x3C, 0xE7, 0x3C, 0xE7, 0x3C, 0xE7, 0x3C, 0xE7, 0x3C, 0xE7, 0x3C, 0xE7,
    0x3C, 0xE7, 0x3C, 0xE7, 0x5D, 0xEF, 0x5D, 0xEF, 0x5D, 0xEF, 0x5D, 0xEF, 0x5D, 0xEF, 0x5D, 0xEF,
    0x5D, 0xEF, 0x5D, 0xEF, 0x5D, 0xEF, 0x5D, 0xEF, 0x5D, 0xEF, 0x5D, 0xEF, 0x5D, 0xEF, 0x5D, 0xEF,
    0x5D, 0xEF, 0x5D, 0xEF, 0x5D, 0xEF, 0x5D, 0xEF, 0x7D, 0xEF, 0x7D, 0xEF, 0x7D, 0xEF, 0x7D, 0xEF,
    0x7D, 0xEF, 0x7D, 0xEF, 0x7D, 0xEF, 0x7D, 0xEF, 0x7D, 0xEF, 0x7D, 0xEF, 0x7D, 0xEF, 0x9E, 0xF7,
    0x7D, 0xEF, 0x9E, 0xF7, 0x9E, 0xF7, 0x9E, 0xF7, 0x9E, 0xF7, 0x9E, 0xF7, 0x9E, 0xF7, 0x9E, 0xF7,
    0x9E, 0xF7, 0x9E, 0xF7, 0x9E, 0xF7, 0x9E, 0xF7, 0x9E, 0xF7, 0xBE, 0xF7, 0xBE, 0xF7, 0xBE, 0xF7,
    0xBE, 0xF7, 0xBE, 0xF7, 0xBE, 0xF7, 0xBE, 0xF7, 0xBE, 0xF7, 0xBE, 0xF7, 0xBE, 0xF7, 0xBE, 0xF7,
    0xBE, 0xF7, 0xBE, 0xF7, 0xBE, 0xF7, 0xBE, 0xF7, 0xBE, 0xF7, 0xBE, 0xF7, 0xBE, 0xF7, 0xBE, 0xF7,
    0xBE, 0xF7, 0xBE, 0xF7, 0xBE, 0xF7, 0xDF, 0xFF, 0xBE, 0xF7, 0xDF, 0xFF, 0xBE, 0xF7, 0xDF, 0xFF,
    0xDF, 0xFF, 0xDF, 0xFF, 0xDF, 0xFF, 0xDF, 0xFF, 0xDF, 0xFF, 0xDF, 0xFF, 0xDF, 0xFF, 0xDF, 0xFF,
    0xDF, 0xFF, 0xDF, 0xFF, 0xDF, 0xFF, 0xDF, 0xFF, 0xDF, 0xFF, 0xDF, 0xFF, 0xD3, 0x9C, 0x04, 0x21,
    0x04, 0x21, 0x04, 0x21, 0x04, 0x21, 0x04, 0x21, 0x04, 0x21, 0x04, 0x21, 0x04, 0x21, 0x04, 0x21,
    0x04, 0x21, 0x04, 0x21, 0x04, 0x21, 0x04, 0x21, 0x04, 0x21, 0x04, 0x21, 0x04, 0x21, 0x04, 0x21,
    0x04, 0x21, 0x04, 0x21, 0x04, 0x21, 0x04, 0x21, 0x04, 0x21, 0x04, 0x21, 0x04, 0x21, 0x04, 0x21,
    0x04, 0x21, 0x04, 0x21, 0x04, 0x21, 0x04, 0x21, 0x04, 0x21, 0x04, 0x21, 0x04, 0x21, 0x04, 0x21,
    0x04, 0x21, 0x04, 0x21, 0x04, 0x21, 0x04, 0x21, 0x04, 0x21, 0x04, 0x21, 0x04, 0x21, 0x04, 0x21,
    0x04, 0x21, 0x04, 0x21, 0x04, 0x21, 0x04, 0x21, 0x04, 0x21, 0x04, 0x21, 0x04, 0x21, 0x04, 0x21,
    0x04, 0x21, 0x04, 0x21, 0x04, 0x21, 0x04, 0x21, 0x04, 0x21, 0x04, 0x21, 0x04, 0x21, 0x04, 0x21,
    0x04, 0x21, 0x04, 0x21, 0x04, 0x21, 0x04, 0x21, 0x04, 0x21, 0x04, 0x21, 0x04, 0x21, 0x04, 0x21,
    0x04, 0x21, 0x04, 0x21, 0x04, 0x21, 0x04, 0x21, 0x04, 0x21, 0x04, 0x21, 0x04, 0x21, 0x04, 0x21,
    0x04, 0x21, 0x04, 0x21, 0x04, 0x21, 0x04, 0x21, 0x04, 0x21, 0x04, 0x21, 0x04, 0x21, 0x04, 0x21,
    0x04, 0x21, 0x04, 0x21, 0x04, 0x21, 0x04, 0x21, 0x04, 0x21, 0x04, 0x21, 0x04, 0x21, 0x04, 0x21,
    0x04, 0x21, 0x04, 0x21, 0x59, 0xCE, 0x49, 0x4A, 0x04, 0x21, 0x04, 0x21, 0x51, 0x8C, 0x5D, 0xEF,
    0xF7, 0xBD, 0x45, 0x29, 0x04, 0x21, 0x04, 0x21, 0x04, 0x21, 0x04, 0x21, 0x04, 0x21, 0x04, 0x21,
    0x04, 0x21, 0x04, 0x21, 0x04, 0x21, 0x1C, 0xE7, 0xBA, 0xD6, 0xE7, 0x39, 0x04, 0x21, 0xE7, 0x39,
    0x49, 0x4A, 0x04, 0x21, 0xE7, 0x39, 0xBA, 0xD6, 0x1C, 0xE7, 0x04, 0x21, 0x04, 0x21, 0x04, 0x21,
    0x04, 0x21, 0x04, 0x21, 0x04, 0x21, 0x04, 0x21, 0x04, 0x21, 0x04, 0x21, 0x04, 0x21, 0x04, 0x21,
    0x10, 0x84, 0xFF, 0xFF, 0xFF, 0xFF, 0xFF, 0xFF, 0xFF, 0xFF, 0xFF, 0xFF, 0xFF, 0xFF, 0xFF, 0xFF,
    0xFF, 0xFF, 0xFF, 0xFF, 0xFF, 0xFF, 0xFF, 0xFF, 0xBA, 0xD6, 0xA6, 0x31, 0x24, 0x21, 0x24, 0x21,
    0x24, 0x21, 0x24, 0x21, 0x24, 0x21, 0x24, 0x21, 0x24, 0x21, 0x24, 0x21, 0x24, 0x21, 0x24, 0x21,
    0x24, 0x21, 0x24, 0x21, 0x24, 0x21, 0x24, 0x21, 0x24, 0x21, 0x24, 0x21, 0x24, 0x21, 0x24, 0x21,
    0x24, 0x21, 0x24, 0x21, 0x24, 0x21, 0x24, 0x21, 0x24, 0x21, 0x24, 0x21, 0x24, 0x21, 0x24, 0x21,
    0x24, 0x21, 0x24, 0x21, 0x24, 0x21, 0x24, 0x21, 0x24, 0x21, 0x24, 0x21, 0x24, 0x21, 0x24, 0x21,
    0x24, 0x21, 0x24, 0x21, 0x24, 0x21, 0x24, 0x21, 0x24, 0x21, 0x24, 0x21, 0x24, 0x21, 0x24, 0x21,
    0x24, 0x21, 0x24, 0x21, 0x24, 0x21, 0x24, 0x21, 0x24, 0x21, 0x24, 0x21, 0x24, 0x21, 0x24, 0x21,
    0x24, 0x21, 0x24, 0x21, 0x24, 0x21, 0x24, 0x21, 0x24, 0x21, 0x24, 0x21, 0x24, 0x21, 0x24, 0x21,
    0x24, 0x21, 0x24, 0x21, 0x24, 0x21, 0x24, 0x21, 0x24, 0x21, 0x24, 0x21, 0x24, 0x21, 0x24, 0x21,
    0x24, 0x21, 0x24, 0x21, 0x24, 0x21, 0x24, 0x21, 0x24, 0x21, 0xEF, 0x7B, 0x9E, 0xF7, 0xBE, 0xF7,
    0xBE, 0xF7, 0xDF, 0xFF, 0xDF, 0xFF, 0xDF, 0xFF, 0xFF, 0xFF, 0xFF, 0xFF, 0x9E, 0xF7, 0xE7, 0x39,
    0x79, 0xCE, 0x3C, 0xE7, 0x3C, 0xE7, 0x3C, 0xE7, 0x3C, 0xE7, 0x3C, 0xE7, 0x3C, 0xE7, 0x3C, 0xE7,
    0x3C, 0xE7, 0x3C, 0xE7, 0x5D, 0xEF, 0x5D, 0xEF, 0x5D, 0xEF, 0x5D, 0xEF, 0x5D, 0xEF, 0x5D, 0xEF,
    0x5D, 0xEF, 0x5D, 0xEF, 0x5D, 0xEF, 0x5D, 0xEF, 0x5D, 0xEF, 0x5D, 0xEF, 0x5D, 0xEF, 0x5D, 0xEF,
    0x5D, 0xEF, 0x5D, 0xEF, 0x7D, 0xEF, 0x7D, 0xEF, 0x7D, 0xEF, 0x7D, 0xEF, 0x7D, 0xEF, 0x7D, 0xEF,
    0x7D, 0xEF, 0x7D, 0xEF, 0x7D, 0xEF, 0x7D, 0xEF, 0x7D, 0xEF, 0x7D, 0xEF, 0x7D, 0xEF, 0x7D, 0xEF,
    0x7D, 0xEF, 0x7D, 0xEF, 0x9E, 0xF7, 0x9E, 0xF7, 0x9E, 0xF7, 0x9E, 0xF7, 0x9E, 0xF7, 0x9E, 0xF7,
    0x9E, 0xF7, 0x9E, 0xF7, 0x9E, 0xF7, 0x9E, 0xF7, 0x9E, 0xF7, 0x9E, 0xF7, 0x9E, 0xF7, 0x9E, 0xF7,
    0xBE, 0xF7, 0xBE, 0xF7, 0xBE, 0xF7, 0xBE, 0xF7, 0xBE, 0xF7, 0xBE, 0xF7, 0xBE, 0xF7, 0xBE, 0xF7,
    0xBE, 0xF7, 0xBE, 0xF7, 0xBE, 0xF7, 0xBE, 0xF7, 0xBE, 0xF7, 0xBE, 0xF7, 0xBE, 0xF7, 0xBE, 0xF7,
    0xBE, 0xF7, 0xBE, 0xF7, 0xBE, 0xF7, 0xBE, 0xF7, 0xBE, 0xF7, 0xBE, 0xF7, 0xBE, 0xF7, 0xDF, 0xFF,
    0xDF, 0xFF, 0xBE, 0xF7, 0xDF, 0xFF, 0xBE, 0xF7, 0xDF, 0xFF, 0xDF, 0xFF, 0xDF, 0xFF, 0xDF, 0xFF,
    0xDF, 0xFF, 0xDF, 0xFF, 0xDF, 0xFF, 0xDF, 0xFF, 0xDF, 0xFF, 0xDF, 0xFF, 0xDF, 0xFF, 0x38, 0xC6,
    0x65, 0x29, 0x04, 0x21, 0x04, 0x21, 0x04, 0x21, 0x04, 0x21, 0x04, 0x21, 0x04, 0x21, 0x04, 0x21,
    0x04, 0x21, 0x04, 0x21, 0x04, 0x21, 0x04, 0x21, 0x04, 0x21, 0x04, 0x21, 0x04, 0x21, 0x04, 0x21,
    0x04, 0x21, 0x04, 0x21, 0x04, 0x21, 0x04, 0x21, 0x04, 0x21, 0x04, 0x21, 0x04, 0x21, 0x04, 0x21,
    0x04, 0x21, 0x04, 0x21, 0x04, 0x21, 0x04, 0x21, 0x04, 0x21, 0x04, 0x21, 0x04, 0x21, 0x04, 0x21,
    0x04, 0x21, 0x04, 0x21, 0x04, 0x21, 0x04, 0x21, 0x04, 0x21, 0x04, 0x21, 0x04, 0x21, 0x04, 0x21,
    0x04, 0x21, 0x04, 0x21, 0x04, 0x21, 0x04, 0x21, 0x04, 0x21, 0x04, 0x21, 0x04, 0x21, 0x04, 0x21,
    0x04, 0x21, 0x04, 0x21, 0x04, 0x21, 0x04, 0x21, 0x04, 0x21, 0x04, 0x21, 0x04, 0x21, 0x04, 0x21,
    0x04, 0x21, 0x04, 0x21, 0x04, 0x21, 0x04, 0x21, 0x04, 0x21, 0x04, 0x21, 0x04, 0x21, 0x04, 0x21,
    0x04, 0x21, 0x04, 0x21, 0x04, 0x21, 0x04, 0x21, 0x04, 0x21, 0x04, 0x21, 0x04, 0x21, 0x04, 0x21,
    0x04, 0x21, 0x04, 0x21, 0x04, 0x21, 0x04, 0x21, 0x04, 0x21, 0x04, 0x21, 0x04, 0x21, 0x04, 0x21,
    0x04, 0x21, 0x04, 0x21, 0x04, 0x21, 0x04, 0x21, 0x04, 0x21, 0x04, 0x21, 0x04, 0x21, 0x04, 0x21,
    0x04, 0x21, 0x04, 0x21, 0x55, 0xAD, 0x24, 0x21, 0x04, 0x21, 0x04, 0x21, 0x45, 0x29, 0xF3, 0x9C,
    0x5D, 0xEF, 0x75, 0xAD, 0x86, 0x31, 0x04, 0x21, 0x04, 0x21, 0x04, 0x21, 0x04, 0x21, 0x04, 0x21,
    0x04, 0x21, 0x04, 0x21, 0x04, 0x21, 0x65, 0x29, 0x04, 0x21, 0xCB, 0x5A, 0x1C, 0xE7, 0xFF, 0xFF,
    0xFF, 0xFF, 0x1C, 0xE7, 0x2C, 0x63, 0x04, 0x21, 0x65, 0x29, 0x04, 0x21, 0x04, 0x21, 0x04, 0x21,
    0x04, 0x21, 0x04, 0x21, 0x04, 0x21, 0x04, 0x21, 0x04, 0x21, 0x04, 0x21, 0x04, 0x21, 0x92, 0x94,
    0xFF, 0xFF, 0xFF, 0xFF, 0xFF, 0xFF, 0xFF, 0xFF, 0xFF, 0xFF, 0xFF, 0xFF, 0xFF, 0xFF, 0xFF, 0xFF,
    0xFF, 0xFF, 0xFF, 0xFF, 0xFF, 0xFF, 0xBA, 0xD6, 0xA6, 0x31, 0x24, 0x21, 0x24, 0x21, 0x24, 0x21,
    0x24, 0x21, 0x24, 0x21, 0x24, 0x21, 0x24, 0x21, 0x24, 0x21, 0x24, 0x21, 0x24, 0x21, 0x24, 0x21,
    0x24, 0x21, 0x24, 0x21, 0x24, 0x21, 0x24, 0x21, 0x24, 0x21, 0x24, 0x21, 0x24, 0x21, 0x24, 0x21,
    0x24, 0x21, 0x24, 0x21, 0x24, 0x21, 0x24, 0x21, 0x24, 0x21, 0x24, 0x21, 0x24, 0x21, 0x24, 0x21,
    0x24, 0x21, 0x24, 0x21, 0x24, 0x21, 0x24, 0x21, 0x24, 0x21, 0x24, 0x21, 0x24, 0x21, 0x24, 0x21,
    0x24, 0x21, 0x24, 0x21, 0x24, 0x21, 0x24, 0x21, 0x24, 0x21, 0x24, 0x21, 0x24, 0x21, 0x24, 0x21,
    0x24, 0x21, 0x24, 0x21, 0x24, 0x21, 0x24, 0x21, 0x24, 0x21, 0x24, 0x21, 0x24, 0x21, 0x24, 0x21,
    0x24, 0x21, 0x24, 0x21, 0x24, 0x21, 0x24, 0x21, 0x24, 0x21, 0x24, 0x21, 0x24, 0x21, 0x24, 0x21,
    0x24, 0x21, 0x24, 0x21, 0x24, 0x21, 0x24, 0x21, 0x24, 0x21, 0x24, 0x21, 0x24, 0x21, 0x24, 0x21,
    0x24, 0x21, 0x24, 0x21, 0x24, 0x21, 0x24, 0x21, 0x24, 0x21, 0x24, 0x21, 0xD3, 0x9C, 0x9E, 0xEF,
    0x9E, 0xF7, 0xBE, 0xF7, 0xBE, 0xF7, 0xDF, 0xFF, 0xDF, 0xFF, 0xFF, 0xFF, 0xFF, 0xFF, 0x38, 0xC6,
    0x3C, 0xE7, 0x3C, 0xE7, 0x3C, 0xE7, 0x3C, 0xE7, 0x3C, 0xE7, 0x3C, 0xE7, 0x3C, 0xE7, 0x3C, 0xE7,
    0x3C, 0xE7, 0x3C, 0xE7, 0x3C, 0xE7, 0x3C, 0xE7, 0x5D, 0xEF, 0x3C, 0xE7, 0x5D, 0xEF, 0x5D, 0xEF,
    0x5D, 0xEF, 0x5D, 0xEF, 0x5D, 0xEF, 0x5D, 0xEF, 0x5D, 0xEF, 0x5D, 0xEF, 0x5D, 0xEF, 0x5D, 0xEF,
    0x5D, 0xEF, 0x5D, 0xEF, 0x5D, 0xEF, 0x5D, 0xEF, 0x5D, 0xEF, 0x7D, 0xEF, 0x7D, 0xEF, 0x7D, 0xEF,
    0x7D, 0xEF, 0x7D, 0xEF, 0x7D, 0xEF, 0x7D, 0xEF, 0x7D, 0xEF, 0x7D, 0xEF, 0x7D, 0xEF, 0x7D, 0xEF,
    0x7D, 0xEF, 0x7D, 0xEF, 0x7D, 0xEF, 0x9E, 0xF7, 0x7D, 0xEF, 0x9E, 0xF7, 0x9E, 0xF7, 0x9E, 0xF7,
    0x9E, 0xF7, 0x9E, 0xF7, 0x9E, 0xF7, 0x9E, 0xF7, 0x9E, 0xF7, 0x9E, 0xF7, 0x9E, 0xF7, 0x9E, 0xF7,
    0xBE, 0xF7, 0xBE, 0xF7, 0xBE, 0xF7, 0xBE, 0xF7, 0xBE, 0xF7, 0xBE, 0xF7, 0xBE, 0xF7, 0xBE, 0xF7,
    0xBE, 0xF7, 0xBE, 0xF7, 0xBE, 0xF7, 0xBE, 0xF7, 0xBE, 0xF7, 0xBE, 0xF7, 0xBE, 0xF7, 0xBE, 0xF7,
    0xBE, 0xF7, 0xBE, 0xF7, 0xBE, 0xF7, 0xBE, 0xF7, 0xBE, 0xF7, 0xDF, 0xFF, 0xBE, 0xF7, 0xBE, 0xF7,
    0xDF, 0xFF, 0xBE, 0xF7, 0xDF, 0xFF, 0xDF, 0xFF, 0xDF, 0xFF, 0xDF, 0xFF, 0xDF, 0xFF, 0xDF, 0xFF,
    0xDF, 0xFF, 0xDF, 0xFF, 0xDF, 0xFF, 0xDF, 0xFF, 0xDF, 0xFF, 0xDF, 0xFF, 0xDF, 0xFF, 0xDF, 0xFF,
    0xFB, 0xDE, 0xE7, 0x39, 0x04, 0x21, 0x04, 0x21, 0x04, 0x21, 0x04, 0x21, 0x04, 0x21, 0x04, 0x21,
    0x04, 0x21, 0x04, 0x21, 0x04, 0x21, 0x04, 0x21, 0x04, 0x21, 0x04, 0x21, 0x04, 0x21, 0x04, 0x21,
    0x04, 0x21, 0x04, 0x21, 0x04, 0x21, 0x04, 0x21, 0x04, 0x21, 0x04, 0x21, 0x04, 0x21, 0x04, 0x21,
    0x04, 0x21, 0x04, 0x21, 0x04, 0x21, 0x04, 0x21, 0x04, 0x21, 0x04, 0x21, 0x04, 0x21, 0x04, 0x21,
    0x04, 0x21, 0x04, 0x21, 0x04, 0x21, 0x04, 0x21, 0x04, 0x21, 0x04, 0x21, 0x04, 0x21, 0x04, 0x21,
    0x04, 0x21, 0x04, 0x21, 0x04, 0x21, 0x04, 0x21, 0x04, 0x21, 0x04, 0x21, 0x04, 0x21, 0x04, 0x21,
    0x04, 0x21, 0x04, 0x21, 0x04, 0x21, 0x04, 0x21, 0x04, 0x21, 0x04, 0x21, 0x04, 0x21, 0x04, 0x21,
    0x04, 0x21, 0x04, 0x21, 0x04, 0x21, 0x04, 0x21, 0x04, 0x21, 0x04, 0x21, 0x04, 0x21, 0x04, 0x21,
    0x04, 0x21, 0x04, 0x21, 0x04, 0x21, 0x04, 0x21, 0x04, 0x21, 0x04, 0x21, 0x04, 0x21, 0x04, 0x21,
    0x04, 0x21, 0x04, 0x21, 0x04, 0x21, 0x04, 0x21, 0x04, 0x21, 0x04, 0x21, 0x04, 0x21, 0x04, 0x21,
    0x04, 0x21, 0x04, 0x21, 0x04, 0x21, 0x04, 0x21, 0x04, 0x21, 0x04, 0x21, 0x04, 0x21, 0x04, 0x21,
    0x04, 0x21, 0x04, 0x21, 0xCB, 0x5A, 0x04, 0x21, 0x04, 0x21, 0x04, 0x21, 0x04, 0x21, 0x04, 0x21,
    0x14, 0xA5, 0x3C, 0xE7, 0x75, 0xAD, 0x65, 0x29, 0x04, 0x21, 0x04, 0x21, 0x04, 0x21, 0x04, 0x21,
    0x04, 0x21, 0x04, 0x21, 0x04, 0x21, 0x04, 0x21, 0x04, 0x21, 0xBA, 0xD6, 0xBA, 0xD6, 0xAE, 0x73,
    0x2C, 0x63, 0x1C, 0xE7, 0xBA, 0xD6, 0x04, 0x21, 0x04, 0x21, 0x04, 0x21, 0x04, 0x21, 0x04, 0x21,
    0x04, 0x21, 0x04, 0x21, 0x04, 0x21, 0x04, 0x21, 0x04, 0x21, 0x04, 0x21, 0xF3, 0x9C, 0xFF, 0xFF,
    0xFF, 0xFF, 0xFF, 0xFF, 0xFF, 0xFF, 0xFF, 0xFF, 0xFF, 0xFF, 0xFF, 0xFF, 0xFF, 0xFF, 0xFF, 0xFF,
    0xFF, 0xFF, 0xFF, 0xFF, 0x75, 0xAD, 0xA6, 0x31, 0x24, 0x21, 0x24, 0x21, 0x24, 0x21, 0x24, 0x21,
    0x24, 0x21, 0x24, 0x21, 0x24, 0x21, 0x24, 0x21, 0x24, 0x21, 0x24, 0x21, 0x24, 0x21, 0x24, 0x21,
    0x24, 0x21, 0x24, 0x21, 0x24, 0x21, 0x24, 0x21, 0x24, 0x21, 0x24, 0x21, 0x24, 0x21, 0x24, 0x21,
    0x24, 0x21, 0x24, 0x21, 0x24, 0x21, 0x24, 0x21, 0x24, 0x21, 0x24, 0x21, 0x24, 0x21, 0x24, 0x21,
    0x24, 0x21, 0x24, 0x21, 0x24, 0x21, 0x24, 0x21, 0x24, 0x21, 0x24, 0x21, 0x24, 0x21, 0x24, 0x21,
    0x24, 0x21, 0x24, 0x21, 0x24, 0x21, 0x24, 0x21, 0x24, 0x21, 0x24, 0x21, 0x24, 0x21, 0x24, 0x21,
    0x24, 0x21, 0x24, 0x21, 0x24, 0x21, 0x24, 0x21, 0x24, 0x21, 0x24, 0x21, 0x24, 0x21, 0x24, 0x21,
    0x24, 0x21, 0x24, 0x21, 0x24, 0x21, 0x24, 0x21, 0x24, 0x21, 0x24, 0x21, 0x24, 0x21, 0x24, 0x21,
    0x24, 0x21, 0x24, 0x21, 0x24, 0x21, 0x24, 0x21, 0x24, 0x21, 0x24, 0x21, 0x24, 0x21, 0x24, 0x21,
    0x24, 0x21, 0x24, 0x21, 0x24, 0x21, 0x24, 0x21, 0x24, 0x21, 0x24, 0x21, 0x24, 0x21, 0xF7, 0xBD,
    0x9E, 0xF7, 0x9E, 0xF7, 0xBE, 0xF7, 0xBE, 0xF7, 0xDF, 0xFF, 0xDF, 0xFF, 0xDF, 0xFF, 0x9E, 0xF7,
    0x3C, 0xE7, 0x3C, 0xE7, 0x3C, 0xE7, 0x3C, 0xE7, 0x3C, 0xE7, 0x3C, 0xE7, 0x3C, 0xE7, 0x3C, 0xE7,
    0x3C, 0xE7, 0x3C, 0xE7, 0x3C, 0xE7, 0x3C, 0xE7, 0x3C, 0xE7, 0x5D, 0xEF, 0x3C, 0xE7, 0x5D, 0xEF,
    0x5D, 0xEF, 0x5D, 0xEF, 0x5D, 0xEF, 0x5D, 0xEF, 0x5D, 0xEF, 0x5D, 0xEF, 0x5D, 0xEF, 0x5D, 0xEF,
    0x5D, 0xEF, 0x5D, 0xEF, 0x5D, 0xEF, 0x5D, 0xEF, 0x5D, 0xEF, 0x5D, 0xEF, 0x7D, 0xEF, 0x7D, 0xEF,
    0x7D, 0xEF, 0x7D, 0xEF, 0x7D, 0xEF, 0x7D, 0xEF, 0x7D, 0xEF, 0x7D, 0xEF, 0x7D, 0xEF, 0x7D, 0xEF,
    0x7D, 0xEF, 0x7D, 0xEF, 0x7D, 0xEF, 0x7D, 0xEF, 0x9E, 0xF7, 0x9E, 0xF7, 0x9E, 0xF7, 0x9E, 0xF7,
    0x9E, 0xF7, 0x9E, 0xF7, 0x9E, 0xF7, 0x9E, 0xF7, 0x9E, 0xF7, 0x9E, 0xF7, 0x9E, 0xF7, 0x9E, 0xF7,
    0x9E, 0xF7, 0x9E, 0xF7, 0xBE, 0xF7, 0x9E, 0xF7, 0xBE, 0xF7, 0xBE, 0xF7, 0xBE, 0xF7, 0xBE, 0xF7,
    0xBE, 0xF7, 0xBE, 0xF7, 0xBE, 0xF7, 0xBE, 0xF7, 0xBE, 0xF7, 0xBE, 0xF7, 0xBE, 0xF7, 0xBE, 0xF7,
    0xBE, 0xF7, 0xBE, 0xF7, 0xBE, 0xF7, 0xBE, 0xF7, 0xBE, 0xF7, 0xBE, 0xF7, 0xBE, 0xF7, 0xBE, 0xF7,
    0xDF, 0xFF, 0xBE, 0xF7, 0xDF, 0xFF, 0xDF, 0xFF, 0xDF, 0xFF, 0xDF, 0xFF, 0xDF, 0xFF, 0xDF, 0xFF,
    0xDF, 0xFF, 0xDF, 0xFF, 0xDF, 0xFF, 0xDF, 0xFF, 0xDF, 0xFF, 0xDF, 0xFF, 0xDF, 0xFF, 0xDF, 0xFF,
    0xDF, 0xFF, 0xFB, 0xDE, 0x49, 0x4A, 0x04, 0x21, 0x04, 0x21, 0x04, 0x21, 0x04, 0x21, 0x04, 0x21,
    0x04, 0x21, 0x04, 0x21, 0x04, 0x21, 0x04, 0x21, 0x04, 0x21, 0x04, 0x21, 0x04, 0x21, 0x04, 0x21,
    0x04, 0x21, 0x04, 0x21, 0x04, 0x21, 0x04, 0x21, 0x04, 0x21, 0x04, 0x21, 0x04, 0x21, 0x04, 0x21,
    0x04, 0x21, 0x04, 0x21, 0x04, 0x21, 0x04, 0x21, 0x04, 0x21, 0x04, 0x21, 0x04, 0x21, 0x04, 0x21,
    0x04, 0x21, 0x04, 0x21, 0x04, 0x21, 0x04, 0x21, 0x04, 0x21, 0x04, 0x21, 0x04, 0x21, 0x04, 0x21,
    0x04, 0x21, 0x04, 0x21, 0x04, 0x21, 0x04, 0x21, 0x04, 0x21, 0x04, 0x21, 0x04, 0x21, 0x04, 0x21,
    0x04, 0x21, 0x04, 0x21, 0x04, 0x21, 0x04, 0x21, 0x04, 0x21, 0x04, 0x21, 0x04, 0x21, 0x04, 0x21,
    0x04, 0x21, 0x04, 0x21, 0x04, 0x21, 0x04, 0x21, 0x04, 0x21, 0x04, 0x21, 0x04, 0x21, 0x04, 0x21,
    0x04, 0x21, 0x04, 0x21, 0x04, 0x21, 0x04, 0x21, 0x04, 0x21, 0x04, 0x21, 0x04, 0x21, 0x04, 0x21,
    0x04, 0x21, 0x04, 0x21, 0x04, 0x21, 0x04, 0x21, 0x04, 0x21, 0x04, 0x21, 0x04, 0x21, 0x04, 0x21,
    0x04, 0x21, 0x04, 0x21, 0x04, 0x21, 0x04, 0x21, 0x04, 0x21, 0x04, 0x21, 0x04, 0x21, 0x04, 0x21,
    0x04, 0x21, 0x04, 0x21, 0x04, 0x21, 0x04, 0x21, 0x04, 0x21, 0x04, 0x21, 0x04, 0x21, 0x04, 0x21,
    0x45, 0x29, 0x96, 0xB5, 0x3C, 0xE7, 0xD3, 0x9C, 0x24, 0x21, 0x04, 0x21, 0x04, 0x21, 0x04, 0x21,
    0x04, 0x21, 0x04, 0x21, 0x04, 0x21, 0x04, 0x21, 0x04, 0x21, 0x65, 0x29, 0x65, 0x29, 0xCB, 0x5A,
    0x49, 0x4A, 0x04, 0x21, 0x65, 0x29, 0x04, 0x21, 0x04, 0x21, 0x04, 0x21, 0x04, 0x21, 0x04, 0x21,
    0x04, 0x21, 0x04, 0x21, 0x04, 0x21, 0x04, 0x21, 0x65, 0x29, 0x59, 0xCE, 0xFF, 0xFF, 0xFF, 0xFF,
    0xFF, 0xFF, 0xFF, 0xFF, 0xFF, 0xFF, 0xFF, 0xFF, 0xFF, 0xFF, 0xFF, 0xFF, 0xFF, 0xFF, 0xFF, 0xFF,
    0xFF, 0xFF, 0x75, 0xAD, 0x24, 0x21, 0x24, 0x21, 0x24, 0x21, 0x24, 0x21, 0x24, 0x21, 0x24, 0x21,
    0x24, 0x21, 0x24, 0x21, 0x24, 0x21, 0x24, 0x21, 0x24, 0x21, 0x24, 0x21, 0x24, 0x21, 0x24, 0x21,
    0x24, 0x21, 0x24, 0x21, 0x24, 0x21, 0x24, 0x21, 0x24, 0x21, 0x24, 0x21, 0x24, 0x21, 0x24, 0x21,
    0x24, 0x21, 0x24, 0x21, 0x24, 0x21, 0x24, 0x21, 0x24, 0x21, 0x24, 0x21, 0x24, 0x21, 0x24, 0x21,
    0x24, 0x21, 0x24, 0x21, 0x24, 0x21, 0x24, 0x21, 0x24, 0x21, 0x24, 0x21, 0x24, 0x21, 0x24, 0x21,
    0x24, 0x21, 0x24, 0x21, 0x24, 0x21, 0x24, 0x21, 0x24, 0x21, 0x24, 0x21, 0x24, 0x21, 0x24, 0x21,
    0x24, 0x21, 0x24, 0x21, 0x24, 0x21, 0x24, 0x21, 0x24, 0x21, 0x24, 0x21, 0x24, 0x21, 0x24, 0x21,
    0x24, 0x21, 0x24, 0x21, 0x24, 0x21, 0x24, 0x21, 0x24, 0x21, 0x24, 0x21, 0x24, 0x21, 0x24, 0x21,
    0x24, 0x21, 0x24, 0x21, 0x24, 0x21, 0x24, 0x21, 0x24, 0x21, 0x24, 0x21, 0x24, 0x21, 0x24, 0x21,
    0x24, 0x21, 0x24, 0x21, 0x24, 0x21, 0x24, 0x21, 0x24, 0x21, 0x24, 0x21, 0x24, 0x21, 0x86, 0x31,
    0xBA, 0xD6, 0x9E, 0xEF, 0x9E, 0xF7, 0xBE, 0xF7, 0xBE, 0xF7, 0xDF, 0xFF, 0xDF, 0xFF, 0xFF, 0xFF,
    0x3C, 0xE7, 0x3C, 0xE7, 0x3C, 0xE7, 0x3C, 0xE7, 0x3C, 0xE7, 0x3C, 0xE7, 0x3C, 0xE7, 0x3C, 0xE7,
    0x3C, 0xE7, 0x3C, 0xE7, 0x3C, 0xE7, 0x3C, 0xE7, 0x3C, 0xE7, 0x3C, 0xE7, 0x3C, 0xE7, 0x3C, 0xE7,
    0x5D, 0xEF, 0x5D, 0xEF, 0x5D, 0xEF, 0x5D, 0xEF, 0x5D, 0xEF, 0x5D, 0xEF, 0x5D, 0xEF, 0x5D, 0xEF,
    0x5D, 0xEF, 0x5D, 0xEF, 0x5D, 0xEF, 0x5D, 0xEF, 0x5D, 0xEF, 0x5D, 0xEF, 0x5D, 0xEF, 0x7D, 0xEF,
    0x7D, 0xEF, 0x7D, 0xEF, 0x7D, 0xEF, 0x7D, 0xEF, 0x7D, 0xEF, 0x7D, 0xEF, 0x7D, 0xEF, 0x7D, 0xEF,
    0x7D, 0xEF, 0x7D, 0xEF, 0x7D, 0xEF, 0x7D, 0xEF, 0x7D, 0xEF, 0x9E, 0xF7, 0x9E, 0xF7, 0x9E, 0xF7,
    0x9E, 0xF7, 0x9E, 0xF7, 0x9E, 0xF7, 0x9E, 0xF7, 0x9E, 0xF7, 0x9E, 0xF7, 0x9E, 0xF7, 0x9E, 0xF7,
    0x9E, 0xF7, 0x9E, 0xF7, 0x9E, 0xF7, 0x9E, 0xF7, 0x9E, 0xF7, 0xBE, 0xF7, 0xBE, 0xF7, 0xBE, 0xF7,
    0xBE, 0xF7, 0xBE, 0xF7, 0xBE, 0xF7, 0xBE, 0xF7, 0xBE, 0xF7, 0xBE, 0xF7, 0xBE, 0xF7, 0xBE, 0xF7,
    0xBE, 0xF7, 0xBE, 0xF7, 0xBE, 0xF7, 0xBE, 0xF7, 0xBE, 0xF7, 0xBE, 0xF7, 0xBE, 0xF7, 0xBE, 0xF7,
    0xBE, 0xF7, 0xBE, 0xF7, 0xBE, 0xF7, 0xDF, 0xFF, 0xDF, 0xFF, 0xDF, 0xFF, 0xDF, 0xFF, 0xDF, 0xFF,
    0xDF, 0xFF, 0xDF, 0xFF, 0xDF, 0xFF, 0xDF, 0xFF, 0xDF, 0xFF, 0xDF, 0xFF, 0xDF, 0xFF, 0xDF, 0xFF,
    0xDF, 0xFF, 0xDF, 0xFF, 0xDF, 0xFF, 0x10, 0x84, 0x04, 0x21, 0x04, 0x21, 0x04, 0x21, 0x04, 0x21,
    0x04, 0x21, 0x04, 0x21, 0x04, 0x21, 0x04, 0x21, 0x04, 0x21, 0x04, 0x21, 0x04, 0x21, 0x04, 0x21,
    0x04, 0x21, 0x04, 0x21, 0x04, 0x21, 0x04, 0x21, 0x04, 0x21, 0x04, 0x21, 0x04, 0x21, 0x04, 0x21,
    0x04, 0x21, 0x04, 0x21, 0x04, 0x21, 0x04, 0x21, 0x04, 0x21, 0x04, 0x21, 0x04, 0x21, 0x04, 0x21,
    0x04, 0x21, 0x04, 0x21, 0x04, 0x21, 0x04, 0x21, 0x04, 0x21, 0x04, 0x21, 0x04, 0x21, 0x04, 0x21,
    0x04, 0x21, 0x04, 0x21, 0x04, 0x21, 0x04, 0x21, 0x04, 0x21, 0x04, 0x21, 0x04, 0x21, 0x04, 0x21,
    0x04, 0x21, 0x04, 0x21, 0x04, 0x21, 0x04, 0x21, 0x04, 0x21, 0x04, 0x21, 0x04, 0x21, 0x04, 0x21,
    0x04, 0x21, 0x04, 0x21, 0x04, 0x21, 0x04, 0x21, 0x04, 0x21, 0x04, 0x21, 0x04, 0x21, 0x04, 0x21,
    0x04, 0x21, 0x04, 0x21, 0x04, 0x21, 0x04, 0x21, 0x04, 0x21, 0x04, 0x21, 0x04, 0x21, 0x04, 0x21,
    0x04, 0x21, 0x04, 0x21, 0x04, 0x21, 0x04, 0x21, 0x04, 0x21, 0x04, 0x21, 0x04, 0x21, 0x04, 0x21,
    0x04, 0x21, 0x04, 0x21, 0x04, 0x21, 0x04, 0x21, 0x04, 0x21, 0x04, 0x21, 0x04, 0x21, 0x04, 0x21,
    0x04, 0x21, 0x04, 0x21, 0x04, 0x21, 0x04, 0x21, 0x04, 0x21, 0x04, 0x21, 0x04, 0x21, 0x04, 0x21,
    0x04, 0x21, 0x24, 0x21, 0x34, 0xA5, 0x3C, 0xE7, 0x92, 0x94, 0x04, 0x21, 0x04, 0x21, 0x04, 0x21,
    0x04, 0x21, 0x04, 0x21, 0x04, 0x21, 0x04, 0x21, 0x04, 0x21, 0x04, 0x21, 0x04, 0x21, 0xFF, 0xFF,
    0x9E, 0xF7, 0x04, 0x21, 0x04, 0x21, 0x04, 0x21, 0x04, 0x21, 0x04, 0x21, 0x04, 0x21, 0x04, 0x21,
    0x04, 0x21, 0x04, 0x21, 0x04, 0x21, 0xE7, 0x39, 0x1C, 0xE7, 0xFF, 0xFF, 0xFF, 0xFF, 0xFF, 0xFF,
    0xFF, 0xFF, 0xFF, 0xFF, 0xFF, 0xFF, 0xFF, 0xFF, 0xFF, 0xFF, 0xFF, 0xFF, 0xFF, 0xFF, 0xFF, 0xFF,
    0x75, 0xAD, 0x24, 0x21, 0x24, 0x21, 0x24, 0x21, 0x24, 0x21, 0x24, 0x21, 0x24, 0x21, 0x24, 0x21,
    0x24, 0x21, 0x24, 0x21, 0x24, 0x21, 0x24, 0x21, 0x24, 0x21, 0x24, 0x21, 0x24, 0x21, 0x24, 0x21,
    0x24, 0x21, 0x24, 0x21, 0x24, 0x21, 0x24, 0x21, 0x24, 0x21, 0x24, 0x21, 0x24, 0x21, 0x24, 0x21,
    0x24, 0x21, 0x24, 0x21, 0x24, 0x21, 0x24, 0x21, 0x24, 0x21, 0x24, 0x21, 0x24, 0x21, 0x24, 0x21,
    0x24, 0x21, 0x24, 0x21, 0x24, 0x21, 0x24, 0x21, 0x24, 0x21, 0x24, 0x21, 0x24, 0x21, 0x24, 0x21,
    0x24, 0x21, 0x24, 0x21, 0x24, 0x21, 0x24, 0x21, 0x24, 0x21, 0x24, 0x21, 0x24, 0x21, 0x24, 0x21,
    0x24, 0x21, 0x24, 0x21, 0x24, 0x21, 0x24, 0x21, 0x24, 0x21, 0x24, 0x21, 0x24, 0x21, 0x24, 0x21,
    0x24, 0x21, 0x24, 0x21, 0x24, 0x21, 0x24, 0x21, 0x24, 0x21, 0x24, 0x21, 0x24, 0x21, 0x24, 0x21,
    0x24, 0x21, 0x24, 0x21, 0x24, 0x21, 0x24, 0x21, 0x24, 0x21, 0x24, 0x21, 0x24, 0x21, 0x24, 0x21,
    0x24, 0x21, 0x24, 0x21, 0x24, 0x21, 0x24, 0x21, 0x24, 0x21, 0x24, 0x21, 0x24, 0x21, 0x24, 0x21,
    0xE7, 0x39, 0x1C, 0xE7, 0x9E, 0xEF, 0x9E, 0xF7, 0xBE, 0xF7, 0xDF, 0xFF, 0xDF, 0xFF, 0xFF, 0xFF,
    0x1C, 0xE7, 0x3C, 0xE7, 0x3C, 0xE7, 0x3C, 0xE7, 0x3C, 0xE7, 0x3C, 0xE7, 0x3C, 0xE7, 0x3C, 0xE7,
    0x3C, 0xE7, 0x3C, 0xE7, 0x3C, 0xE7, 0x3C, 0xE7, 0x3C, 0xE7, 0x3C, 0xE7, 0x3C, 0xE7, 0x3C, 0xE7,
    0x3C, 0xE7, 0x3C, 0xE7, 0x5D, 0xEF, 0x5D, 0xEF, 0x5D, 0xEF, 0x5D, 0xEF, 0x5D, 0xEF, 0x5D, 0xEF,
    0x5D, 0xEF, 0x5D, 0xEF, 0x5D, 0xEF, 0x5D, 0xEF, 0x5D, 0xEF, 0x5D, 0xEF, 0x5D, 0xEF, 0x5D, 0xEF,
    0x5D, 0xEF, 0x5D, 0xEF, 0x5D, 0xEF, 0x7D, 0xEF, 0x7D, 0xEF, 0x7D, 0xEF, 0x7D, 0xEF, 0x7D, 0xEF,
    0x7D, 0xEF, 0x7D, 0xEF, 0x7D, 0xEF, 0x7D, 0xEF, 0x7D, 0xEF, 0x7D, 0xEF, 0x9E, 0xF7, 0x9E, 0xF7,
    0x9E, 0xF7, 0x9E, 0xF7, 0x9E, 0xF7, 0x9E, 0xF7, 0x9E, 0xF7, 0x9E, 0xF7, 0x9E, 0xF7, 0x9E, 0xF7,
    0x9E, 0xF7, 0x9E, 0xF7, 0x9E, 0xF7, 0x9E, 0xF7, 0xBE, 0xF7, 0xBE, 0xF7, 0xBE, 0xF7, 0xBE, 0xF7,
    0xBE, 0xF7, 0xBE, 0xF7, 0xBE, 0xF7, 0xBE, 0xF7, 0xBE, 0xF7, 0xBE, 0xF7, 0xBE, 0xF7, 0xBE, 0xF7,
    0xBE, 0xF7, 0xBE, 0xF7, 0xBE, 0xF7, 0xBE, 0xF7, 0xBE, 0xF7, 0xBE, 0xF7, 0xBE, 0xF7, 0xBE, 0xF7,
    0xBE, 0xF7, 0xBE, 0xF7, 0xDF, 0xFF, 0xDF, 0xFF, 0xBE, 0xF7, 0xDF, 0xFF, 0xDF, 0xFF, 0xDF, 0xFF,
    0xDF, 0xFF, 0xDF, 0xFF, 0xDF, 0xFF, 0xDF, 0xFF, 0xDF, 0xFF, 0xDF, 0xFF, 0xDF, 0xFF, 0xDF, 0xFF,
    0xDF, 0xFF, 0xDF, 0xFF, 0xDF, 0xFF, 0xDF, 0xFF, 0x71, 0x8C, 0x04, 0x21, 0x04, 0x21, 0x04, 0x21,
    0x04, 0x21, 0x04, 0x21, 0x04, 0x21, 0x04, 0x21, 0x04, 0x21, 0x04, 0x21, 0x04, 0x21, 0x04, 0x21,
    0x04, 0x21, 0x04, 0x21, 0x04, 0x21, 0x04, 0x21, 0x04, 0x21, 0x04, 0x21, 0x04, 0x21, 0x04, 0x21,
    0x04, 0x21, 0x04, 0x21, 0x04, 0x21, 0x04, 0x21, 0x04, 0x21, 0x04, 0x21, 0x04, 0x21, 0x04, 0x21,
    0x04, 0x21, 0x04, 0x21, 0x04, 0x21, 0x04, 0x21, 0x04, 0x21, 0x04, 0x21, 0x04, 0x21, 0x04, 0x21,
    0x04, 0x21, 0x04, 0x21, 0x04, 0x21, 0x04, 0x21, 0x04, 0x21, 0x04, 0x21, 0x04, 0x21, 0x04, 0x21,
    0x04, 0x21, 0x04, 0x21, 0x04, 0x21, 0x04, 0x21, 0x04, 0x21, 0x04, 0x21, 0x04, 0x21, 0x04, 0x21,
    0x04, 0x21, 0x04, 0x21, 0x04, 0x21, 0x04, 0x21, 0x04, 0x21, 0x04, 0x21, 0x04, 0x21, 0x04, 0x21,
    0x04, 0x21, 0x04, 0x21, 0x04, 0x21, 0x04, 0x21, 0x04, 0x21, 0x04, 0x21, 0x04, 0x21, 0x04, 0x21,
    0x04, 0x21, 0x04, 0x21, 0x04, 0x21, 0x04, 0x21, 0x04, 0x21, 0x04, 0x21, 0x04, 0x21, 0x04, 0x21,
    0x04, 0x21, 0x04, 0x21, 0x04, 0x21, 0x04, 0x21, 0x04, 0x21, 0x04, 0x21, 0x04, 0x21, 0x04, 0x21,
    0x04, 0x21, 0x04, 0x21, 0x04, 0x21, 0x04, 0x21, 0x04, 0x21, 0x04, 0x21, 0x04, 0x21, 0x04, 0x21,
    0x04, 0x21, 0x04, 0x21, 0x86, 0x31, 0x34, 0xA5, 0xEF, 0x7B, 0x04, 0x21, 0x04, 0x21, 0x04, 0x21,
    0x04, 0x21, 0x04, 0x21, 0x04, 0x21, 0x04, 0x21, 0x04, 0x21, 0x04, 0x21, 0x04, 0x21, 0xAE, 0x73,
    0x10, 0x84, 0x04, 0x21, 0x04, 0x21, 0x04, 0x21, 0x04, 0x21, 0x04, 0x21, 0x04, 0x21, 0x04, 0x21,
    0x04, 0x21, 0x04, 0x21, 0xE7, 0x39, 0x1C, 0xE7, 0xFF, 0xFF, 0xFF, 0xFF, 0xFF, 0xFF, 0xFF, 0xFF,
    0xFF, 0xFF, 0xFF, 0xFF, 0xFF, 0xFF, 0xFF, 0xFF, 0xFF, 0xFF, 0xFF, 0xFF, 0xFF, 0xFF, 0x92, 0x94,
    0x24, 0x21, 0x24, 0x21, 0x24, 0x21, 0x24, 0x21, 0x24, 0x21, 0x24, 0x21, 0x24, 0x21, 0x24, 0x21,
    0x24, 0x21, 0x24, 0x21, 0x24, 0x21, 0x24, 0x21, 0x24, 0x21, 0x24, 0x21, 0x24, 0x21, 0x24, 0x21,
    0x24, 0x21, 0x24, 0x21, 0x24, 0x21, 0x24, 0x21, 0x24, 0x21, 0x24, 0x21, 0x24, 0x21, 0x24, 0x21,
    0x24, 0x21, 0x24, 0x21, 0x24, 0x21, 0x24, 0x21, 0x24, 0x21, 0x24, 0x21, 0x24, 0x21, 0x24, 0x21,
    0x24, 0x21, 0x24, 0x21, 0x24, 0x21, 0x24, 0x21, 0x24, 0x21, 0x24, 0x21, 0x24, 0x21, 0x24, 0x21,
    0x24, 0x21, 0x24, 0x21, 0x24, 0x21, 0x24, 0x21, 0x24, 0x21, 0x24, 0x21, 0x24, 0x21, 0x24, 0x21,
    0x24, 0x21, 0x24, 0x21, 0x24, 0x21, 0x24, 0x21, 0x24, 0x21, 0x24, 0x21, 0x24, 0x21, 0x24, 0x21,
    0x24, 0x21, 0x24, 0x21, 0x24, 0x21, 0x24, 0x21, 0x24, 0x21, 0x24, 0x21, 0x24, 0x21, 0x24, 0x21,
    0x24, 0x21, 0x24, 0x21, 0x24, 0x21, 0x24, 0x21, 0x24, 0x21, 0x24, 0x21, 0x24, 0x21, 0x24, 0x21,
    0x24, 0x21, 0x24, 0x21, 0x24, 0x21, 0x24, 0x21, 0x24, 0x21, 0x24, 0x21, 0x24, 0x21, 0x24, 0x21,
    0x24, 0x21, 0xAA, 0x52, 0x7D, 0xEF, 0x9E, 0xEF, 0x9E, 0xF7, 0xBE, 0xF7, 0xDF, 0xFF, 0xDF, 0xFF,
    0x1C, 0xE7, 0x1C, 0xE7, 0x1C, 0xE7, 0x3C, 0xE7, 0x3C, 0xE7, 0x3C, 0xE7, 0x3C, 0xE7, 0x3C, 0xE7,
    0x3C, 0xE7, 0x3C, 0xE7, 0x3C, 0xE7, 0x3C, 0xE7, 0x3C, 0xE7, 0x3C, 0xE7, 0x3C, 0xE7, 0x3C, 0xE7,
    0x3C, 0xE7, 0x3C, 0xE7, 0x3C, 0xE7, 0x5D, 0xEF, 0x5D, 0xEF, 0x3C, 0xE7, 0x5D, 0xEF, 0x5D, 0xEF,
    0x5D, 0xEF, 0x5D, 0xEF, 0x5D, 0xEF, 0x5D, 0xEF, 0x5D, 0xEF, 0x5D, 0xEF, 0x5D, 0xEF, 0x5D, 0xEF,
    0x5D, 0xEF, 0x5D, 0xEF, 0x5D, 0xEF, 0x7D, 0xEF, 0x7D, 0xEF, 0x7D, 0xEF, 0x7D, 0xEF, 0x7D, 0xEF,
    0x7D, 0xEF, 0x7D, 0xEF, 0x7D, 0xEF, 0x7D, 0xEF, 0x7D, 0xEF, 0x7D, 0xEF, 0x7D, 0xEF, 0x7D, 0xEF,
    0x7D, 0xEF, 0x9E, 0xF7, 0x9E, 0xF7, 0x9E, 0xF7, 0x9E, 0xF7, 0x9E, 0xF7, 0x9E, 0xF7, 0x9E, 0xF7,
    0x9E, 0xF7, 0x9E, 0xF7, 0x9E, 0xF7, 0x9E, 0xF7, 0x9E, 0xF7, 0xBE, 0xF7, 0xBE, 0xF7, 0xBE, 0xF7,
    0xBE, 0xF7, 0xBE, 0xF7, 0xBE, 0xF7, 0xBE, 0xF7, 0xBE, 0xF7, 0xBE, 0xF7, 0xBE, 0xF7, 0xBE, 0xF7,
    0xBE, 0xF7, 0xBE, 0xF7, 0xBE, 0xF7, 0xBE, 0xF7, 0xBE, 0xF7, 0xBE, 0xF7, 0xBE, 0xF7, 0xBE, 0xF7,
    0xBE, 0xF7, 0xBE, 0xF7, 0xDF, 0xFF, 0xDF, 0xFF, 0xDF, 0xFF, 0xDF, 0xFF, 0xDF, 0xFF, 0xBE, 0xF7,
    0xDF, 0xFF, 0xDF, 0xFF, 0xDF, 0xFF, 0xDF, 0xFF, 0xDF, 0xFF, 0xDF, 0xFF, 0xDF, 0xFF, 0xDF, 0xFF,
    0xDF, 0xFF, 0xDF, 0xFF, 0xDF, 0xFF, 0xDF, 0xFF, 0xDF, 0xFF, 0xD3, 0x9C, 0x04, 0x21, 0x04, 0x21,
    0x04, 0x21, 0x04, 0x21, 0x04, 0x21, 0x04, 0x21, 0x04, 0x21, 0x04, 0x21, 0x04, 0x21, 0x04, 0x21,
    0x04, 0x21, 0x04, 0x21, 0x04, 0x21, 0x04, 0x21, 0x04, 0x21, 0x04, 0x21, 0x04, 0x21, 0x04, 0x21,
    0x04, 0x21, 0x04, 0x21, 0x04, 0x21, 0x04, 0x21, 0x04, 0x21, 0x04, 0x21, 0x04, 0x21, 0x04, 0x21,
    0x04, 0x21, 0x04, 0x21, 0x04, 0x21, 0x04, 0x21, 0x04, 0x21, 0x04, 0x21, 0x04, 0x21, 0x04, 0x21,
    0x04, 0x21, 0x04, 0x21, 0x04, 0x21, 0x04, 0x21, 0x04, 0x21, 0x04, 0x21, 0x04, 0x21, 0x04, 0x21,
    0x04, 0x21, 0x04, 0x21, 0x04, 0x21, 0x04, 0x21, 0x04, 0x21, 0x04, 0x21, 0x04, 0x21, 0x04, 0x21,
    0x04, 0x21, 0x04, 0x21, 0x04, 0x21, 0x04, 0x21, 0x04, 0x21, 0x04, 0x21, 0x04, 0x21, 0x04, 0x21,
    0x04, 0x21, 0x04, 0x21, 0x04, 0x21, 0x04, 0x21, 0x04, 0x21, 0x04, 0x21, 0x04, 0x21, 0x04, 0x21,
    0x04, 0x21, 0x04, 0x21, 0x04, 0x21, 0x04, 0x21, 0x04, 0x21, 0x04, 0x21, 0x04, 0x21, 0x04, 0x21,
    0x04, 0x21, 0x04, 0x21, 0x04, 0x21, 0x04, 0x21, 0x04, 0x21, 0x04, 0x21, 0x04, 0x21, 0x04, 0x21,
    0x04, 0x21, 0x04, 0x21, 0x04, 0x21, 0x04, 0x21, 0x04, 0x21, 0x04, 0x21, 0x04, 0x21, 0x04, 0x21,
    0x04, 0x21, 0x04, 0x21, 0x04, 0x21, 0x04, 0x21, 0x04, 0x21, 0x04, 0x21, 0x04, 0x21, 0x04, 0x21,
    0x04, 0x21, 0x04, 0x21, 0x04, 0x21, 0x04, 0x21, 0x04, 0x21, 0x04, 0x21, 0x04, 0x21, 0x04, 0x21,
    0x04, 0x21, 0x04, 0x21, 0x04, 0x21, 0x04, 0x21, 0x04, 0x21, 0x04, 0x21, 0x04, 0x21, 0x04, 0x21,
    0x04, 0x21, 0xCB, 0x5A, 0x9E, 0xF7, 0xFF, 0xFF, 0xFF, 0xFF, 0xFF, 0xFF, 0xFF, 0xFF, 0xFF, 0xFF,
    0xFF, 0xFF, 0xFF, 0xFF, 0xFF, 0xFF, 0xFF, 0xFF, 0xFF, 0xFF, 0xFF, 0xFF, 0x92, 0x94, 0x24, 0x21,
    0x24, 0x21, 0x24, 0x21, 0x24, 0x21, 0x24, 0x21, 0x24, 0x21, 0x24, 0x21, 0x24, 0x21, 0x24, 0x21,
    0x24, 0x21, 0x24, 0x21, 0x24, 0x21, 0x24, 0x21, 0x24, 0x21, 0x24, 0x21, 0x24, 0x21, 0x24, 0x21,
    0x24, 0x21, 0x24, 0x21, 0x24, 0x21, 0x24, 0x21, 0x24, 0x21, 0x24, 0x21, 0x24, 0x21, 0x24, 0x21,
    0x24, 0x21, 0x24, 0x21, 0x24, 0x21, 0x24, 0x21, 0x24, 0x21, 0x24, 0x21, 0x24, 0x21, 0x24, 0x21,
    0x24, 0x21, 0x24, 0x21, 0x24, 0x21, 0x24, 0x21, 0x24, 0x21, 0x24, 0x21, 0x24, 0x21, 0x24, 0x21,
    0x24, 0x21, 0x24, 0x21, 0x24, 0x21, 0x24, 0x21, 0x24, 0x21, 0x24, 0x21, 0x24, 0x21, 0x24, 0x21,
    0x24, 0x21, 0x24, 0x21, 0x24, 0x21, 0x24, 0x21, 0x24, 0x21, 0x24, 0x21, 0x24, 0x21, 0x24, 0x21,
    0x24, 0x21, 0x24, 0x21, 0x24, 0x21, 0x24, 0x21, 0x24, 0x21, 0x24, 0x21, 0x24, 0x21, 0x24, 0x21,
    0x24, 0x21, 0x24, 0x21, 0x24, 0x21, 0x24, 0x21, 0x24, 0x21, 0x24, 0x21, 0x24, 0x21, 0x24, 0x21,
    0x24, 0x21, 0x24, 0x21, 0x24, 0x21, 0x24, 0x21, 0x24, 0x21, 0x24, 0x21, 0x24, 0x21, 0x24, 0x21,
    0x24, 0x21, 0x24, 0x21, 0xEF, 0x7B, 0x7D, 0xEF, 0x9E, 0xF7, 0x9E, 0xF7, 0xBE, 0xF7, 0xDF, 0xFF,
    0x1C, 0xE7, 0x1C, 0xE7, 0x1C, 0xE7, 0x3C, 0xE7, 0x3C, 0xE7, 0x3C, 0xE7, 0x3C, 0xE7, 0x3C, 0xE7,
    0x3C, 0xE7, 0x3C, 0xE7, 0x3C, 0xE7, 0x3C, 0xE7, 0x3C, 0xE7, 0x3C, 0xE7, 0x3C, 0xE7, 0x3C, 0xE7,
    0x3C, 0xE7, 0x3C, 0xE7, 0x3C, 0xE7, 0x3C, 0xE7, 0x3C, 0xE7, 0x3C, 0xE7, 0x5D, 0xEF, 0x5D, 0xEF,
    0x5D, 0xEF, 0x5D, 0xEF, 0x5D, 0xEF, 0x5D, 0xEF, 0x5D, 0xEF, 0x5D, 0xEF, 0x5D, 0xEF, 0x5D, 0xEF,
    0x5D, 0xEF, 0x5D, 0xEF, 0x5D, 0xEF, 0x5D, 0xEF, 0x7D, 0xEF, 0x7D, 0xEF, 0x7D, 0xEF, 0x7D, 0xEF,
    0x7D, 0xEF, 0x7D, 0xEF, 0x7D, 0xEF, 0x7D, 0xEF, 0x7D, 0xEF, 0x7D, 0xEF, 0x7D, 0xEF, 0x7D, 0xEF,
    0x9E, 0xF7, 0x9E, 0xF7, 0x9E, 0xF7, 0x9E, 0xF7, 0x9E, 0xF7, 0x9E, 0xF7, 0x9E, 0xF7, 0x9E, 0xF7,
    0x9E, 0xF7, 0x9E, 0xF7, 0x9E, 0xF7, 0x9E, 0xF7, 0x9E, 0xF7, 0x9E, 0xF7, 0x9E, 0xF7, 0xBE, 0xF7,
    0xBE, 0xF7, 0xBE, 0xF7, 0xBE, 0xF7, 0xBE, 0xF7, 0xBE, 0xF7, 0xBE, 0xF7, 0xBE, 0xF7, 0xBE, 0xF7,
    0xBE, 0xF7, 0xBE, 0xF7, 0xBE, 0xF7, 0xBE, 0xF7, 0xBE, 0xF7, 0xBE, 0xF7, 0xBE, 0xF7, 0xBE, 0xF7,
    0xBE, 0xF7, 0xBE, 0xF7, 0xBE, 0xF7, 0xBE, 0xF7, 0xDF, 0xFF, 0xBE, 0xF7, 0xDF, 0xFF, 0xDF, 0xFF,
    0xDF, 0xFF, 0xDF, 0xFF, 0xDF, 0xFF, 0xDF, 0xFF, 0xDF, 0xFF, 0xDF, 0xFF, 0xDF, 0xFF, 0xDF, 0xFF,
    0xDF, 0xFF, 0xDF, 0xFF, 0xDF, 0xFF, 0xDF, 0xFF, 0xDF, 0xFF, 0xDF, 0xFF, 0x9A, 0xD6, 0xE7, 0x39,
    0x04, 0x21, 0x04, 0x21, 0x04, 0x21, 0x04, 0x21, 0x04, 0x21, 0x04, 0x21, 0x04, 0x21, 0x04, 0x21,
    0x04, 0x21, 0x04, 0x21, 0x04, 0x21, 0x04, 0x21, 0x04, 0x21, 0x04, 0x21, 0x04, 0x21, 0x04, 0x21,
    0x04, 0x21, 0x04, 0x21, 0x04, 0x21, 0x04, 0x21, 0x04, 0x21, 0x04, 0x21, 0x04, 0x21, 0x04, 0x21,
    0x04, 0x21, 0x04, 0x21, 0x04, 0x21, 0x04, 0x21, 0x04, 0x21, 0x04, 0x21, 0x04, 0x21, 0x04, 0x21,
    0x04, 0x21, 0x04, 0x21, 0x04, 0x21, 0x04, 0x21, 0x04, 0x21, 0x04, 0x21, 0x04, 0x21, 0x04, 0x21,
    0x04, 0x21, 0x04, 0x21, 0x04, 0x21, 0x04, 0x21, 0x04, 0x21, 0x04, 0x21, 0x04, 0x21, 0x04, 0x21,
    0x04, 0x21, 0x04, 0x21, 0x04, 0x21, 0x04, 0x21, 0x04, 0x21, 0x04, 0x21, 0x04, 0x21, 0x04, 0x21,
    0x04, 0x21, 0x04, 0x21, 0x04, 0x21, 0x04, 0x21, 0x04, 0x21, 0x04, 0x21, 0x04, 0x21, 0x04, 0x21,
    0x04, 0x21, 0x04, 0x21, 0x04, 0x21, 0x04, 0x21, 0x04, 0x21, 0x04, 0x21, 0x04, 0x21, 0x04, 0x21,
    0x04, 0x21, 0x04, 0x21, 0x04, 0x21, 0x04, 0x21, 0x04, 0x21, 0x04, 0x21, 0x04, 0x21, 0x04, 0x21,
    0x04, 0x21, 0x04, 0x21, 0x04, 0x21, 0x04, 0x21, 0x04, 0x21, 0x04, 0x21, 0x04, 0x21, 0x04, 0x21,
    0x04, 0x21, 0x04, 0x21, 0x04, 0x21, 0x04, 0x21, 0x04, 0x21, 0x04, 0x21, 0x04, 0x21, 0x04, 0x21,
    0x04, 0x21, 0x04, 0x21, 0x04, 0x21, 0x04, 0x21, 0x04, 0x21, 0x04, 0x21, 0x04, 0x21, 0x04, 0x21,
    0x04, 0x21, 0x04, 0x21, 0x04, 0x21, 0x04, 0x21, 0x04, 0x21, 0x04, 0x21, 0x04, 0x21, 0x04, 0x21,
    0x10, 0x84, 0xFF, 0xFF, 0xFF, 0xFF, 0xFF, 0xFF, 0xFF, 0xFF, 0xFF, 0xFF, 0xFF, 0xFF, 0xFF, 0xFF,
    0xFF, 0xFF, 0xFF, 0xFF, 0xFF, 0xFF, 0xFF, 0xFF, 0xFF, 0xFF, 0x92, 0x94, 0x24, 0x21, 0x24, 0x21,
    0x24, 0x21, 0x24, 0x21, 0x24, 0x21, 0x24, 0x21, 0x24, 0x21, 0x24, 0x21, 0x24, 0x21, 0x24, 0x21,
    0x24, 0x21, 0x24, 0x21, 0x24, 0x21, 0x24, 0x21, 0x24, 0x21, 0x24, 0x21, 0x24, 0x21, 0x24, 0x21,
    0x24, 0x21, 0x24, 0x21, 0x24, 0x21, 0x24, 0x21, 0x24, 0x21, 0x24, 0x21, 0x24, 0x21, 0x24, 0x21,
    0x24, 0x21, 0x24, 0x21, 0x24, 0x21, 0x24, 0x21, 0x24, 0x21, 0x24, 0x21, 0x24, 0x21, 0x24, 0x21,
    0x24, 0x21, 0x24, 0x21, 0x24, 0x21, 0x24, 0x21, 0x24, 0x21, 0x24, 0x21, 0x24, 0x21, 0x24, 0x21,
    0x24, 0x21, 0x24, 0x21, 0x24, 0x21, 0x24, 0x21, 0x24, 0x21, 0x24, 0x21, 0x24, 0x21, 0x24, 0x21,
    0x24, 0x21, 0x24, 0x21, 0x24, 0x21, 0x24, 0x21, 0x24, 0x21, 0x24, 0x21, 0x24, 0x21, 0x24, 0x21,
    0x24, 0x21, 0x24, 0x21, 0x24, 0x21, 0x24, 0x21, 0x24, 0x21, 0x24, 0x21, 0x24, 0x21, 0x24, 0x21,
    0x24, 0x21, 0x24, 0x21, 0x24, 0x21, 0x24, 0x21, 0x24, 0x21, 0x24, 0x21, 0x24, 0x21, 0x24, 0x21,
    0x24, 0x21, 0x24, 0x21, 0x24, 0x21, 0x24, 0x21, 0x24, 0x21, 0x24, 0x21, 0x24, 0x21, 0x24, 0x21,
    0x24, 0x21, 0x24, 0x21, 0x24, 0x21, 0x5D, 0xEF, 0x7D, 0xEF, 0x9E, 0xF7, 0xBE, 0xF7, 0xDF, 0xFF,
    0x1C, 0xE7, 0x1C, 0xE7, 0x1C, 0xE7, 0x1C, 0xE7, 0x3C, 0xE7, 0x1C, 0xE7, 0x3C, 0xE7, 0x3C, 0xE7,
    0x3C, 0xE7, 0x3C, 0xE7, 0x3C, 0xE7, 0x3C, 0xE7, 0x3C, 0xE7, 0x3C, 0xE7, 0x3C, 0xE7, 0x3C, 0xE7,
    0x3C, 0xE7, 0x3C, 0xE7, 0x3C, 0xE7, 0x3C, 0xE7, 0x3C, 0xE7, 0x5D, 0xEF, 0x3C, 0xE7, 0x5D, 0xEF,
    0x5D, 0xEF, 0x5D, 0xEF, 0x5D, 0xEF, 0x5D, 0xEF, 0x5D, 0xEF, 0x5D, 0xEF, 0x5D, 0xEF, 0x5D, 0xEF,
    0x5D, 0xEF, 0x5D, 0xEF, 0x5D, 0xEF, 0x5D, 0xEF, 0x5D, 0xEF, 0x5D, 0xEF, 0x7D, 0xEF, 0x7D, 0xEF,
    0x7D, 0xEF, 0x7D, 0xEF, 0x7D, 0xEF, 0x7D, 0xEF, 0x7D, 0xEF, 0x7D, 0xEF, 0x7D, 0xEF, 0x7D, 0xEF,
    0x7D, 0xEF, 0x9E, 0xF7, 0x7D, 0xEF, 0x7D, 0xEF, 0x9E, 0xF7, 0x9E, 0xF7, 0x9E, 0xF7, 0x9E, 0xF7,
    0x9E, 0xF7, 0x9E, 0xF7, 0x9E, 0xF7, 0x9E, 0xF7, 0x9E, 0xF7, 0x9E, 0xF7, 0x9E, 0xF7, 0xBE, 0xF7,
    0xBE, 0xF7, 0xBE, 0xF7, 0xBE, 0xF7, 0xBE, 0xF7, 0xBE, 0xF7, 0xBE, 0xF7, 0xBE, 0xF7, 0xBE, 0xF7,
    0xBE, 0xF7, 0xBE, 0xF7, 0xBE, 0xF7, 0xBE, 0xF7, 0xBE, 0xF7, 0xBE, 0xF7, 0xBE, 0xF7, 0xBE, 0xF7,
    0xBE, 0xF7, 0xBE, 0xF7, 0xBE, 0xF7, 0xBE, 0xF7, 0xBE, 0xF7, 0xBE, 0xF7, 0xBE, 0xF7, 0xBE, 0xF7,
    0xDF, 0xFF, 0xDF, 0xFF, 0xDF, 0xFF, 0xDF, 0xFF, 0xDF, 0xFF, 0xDF, 0xFF, 0xDF, 0xFF, 0xDF, 0xFF,
    0xDF, 0xFF, 0xDF, 0xFF, 0xDF, 0xFF, 0xDF, 0xFF, 0xDF, 0xFF, 0xDF, 0xFF, 0xDF, 0xFF, 0xFB, 0xDE,
    0x55, 0xAD, 0x71, 0x8C, 0x71, 0x8C, 0x71, 0x8C, 0x71, 0x8C, 0x71, 0x8C, 0x71, 0x8C, 0x71, 0x8C,
    0x71, 0x8C, 0x71, 0x8C, 0x71, 0x8C, 0x71, 0x8C, 0x71, 0x8C, 0x71, 0x8C, 0x71, 0x8C, 0x71, 0x8C,
    0x71, 0x8C, 0x71, 0x8C, 0x71, 0x8C, 0x71, 0x8C, 0x71, 0x8C, 0x71, 0x8C, 0x71, 0x8C, 0x71, 0x8C,
    0x71, 0x8C, 0x71, 0x8C, 0x71, 0x8C, 0x71, 0x8C, 0x92, 0x94, 0x71, 0x8C, 0x71, 0x8C, 0x71, 0x8C,
    0x71, 0x8C, 0x92, 0x94, 0x92, 0x94, 0x71, 0x8C, 0x71, 0x8C, 0x92, 0x94, 0x71, 0x8C, 0x71, 0x8C,
    0x92, 0x94, 0x71, 0x8C, 0x71, 0x8C, 0x71, 0x8C, 0x71, 0x8C, 0x71, 0x8C, 0x71, 0x8C, 0x71, 0x8C,
    0x71, 0x8C, 0x71, 0x8C, 0x71, 0x8C, 0x71, 0x8C, 0x71, 0x8C, 0x92, 0x94, 0x71, 0x8C, 0x71, 0x8C,
    0x71, 0x8C, 0x92, 0x94, 0x71, 0x8C, 0x71, 0x8C, 0x71, 0x8C, 0x92, 0x94, 0x92, 0x94, 0x71, 0x8C,
    0x71, 0x8C, 0x71, 0x8C, 0x92, 0x94, 0x71, 0x8C, 0x71, 0x8C, 0x92, 0x94, 0x92, 0x94, 0x71, 0x8C,
    0x92, 0x94, 0x71, 0x8C, 0x71, 0x8C, 0x71, 0x8C, 0x92, 0x94, 0x71, 0x8C, 0x71, 0x8C, 0x71, 0x8C,
    0x92, 0x94, 0x71, 0x8C, 0x71, 0x8C, 0x71, 0x8C, 0x71, 0x8C, 0x71, 0x8C, 0x71, 0x8C, 0x71, 0x8C,
    0x71, 0x8C, 0x92, 0x94, 0x92, 0x94, 0x92, 0x94, 0x92, 0x94, 0x71, 0x8C, 0x92, 0x94, 0x71, 0x8C,
    0x92, 0x94, 0x71, 0x8C, 0x71, 0x8C, 0x92, 0x94, 0x71, 0x8C, 0x71, 0x8C, 0x71, 0x8C, 0x71, 0x8C,
    0x71, 0x8C, 0x71, 0x8C, 0x71, 0x8C, 0x71, 0x8C, 0x92, 0x94, 0x71, 0x8C, 0xF3, 0x9C, 0x59, 0xCE,
    0xFF, 0xFF, 0xFF, 0xFF, 0xFF, 0xFF, 0xFF, 0xFF, 0xFF, 0xFF, 0xFF, 0xFF, 0xFF, 0xFF, 0xFF, 0xFF,
    0xFF, 0xFF, 0xFF, 0xFF, 0xFF, 0xFF, 0xFF, 0xFF, 0x30, 0x84, 0x24, 0x21, 0x24, 0x21, 0x24, 0x21,
    0x24, 0x21, 0x24, 0x21, 0x24, 0x21, 0x24, 0x21, 0x24, 0x21, 0x24, 0x21, 0x24, 0x21, 0x24, 0x21,
    0x24, 0x21, 0x24, 0x21, 0x24, 0x21, 0x24, 0x21, 0x24, 0x21, 0x24, 0x21, 0x24, 0x21, 0x24, 0x21,
    0x24, 0x21, 0x24, 0x21, 0x24, 0x21, 0x24, 0x21, 0x24, 0x21, 0x24, 0x21, 0x24, 0x21, 0x24, 0x21,
    0x24, 0x21, 0x24, 0x21, 0x24, 0x21, 0x24, 0x21, 0x24, 0x21, 0x24, 0x21, 0x24, 0x21, 0x24, 0x21,
    0x24, 0x21, 0x24, 0x21, 0x24, 0x21, 0x24, 0x21, 0x24, 0x21, 0x24, 0x21, 0x24, 0x21, 0x24, 0x21,
    0x24, 0x21, 0x24, 0x21, 0x24, 0x21, 0x24, 0x21, 0x24, 0x21, 0x24, 0x21, 0x24, 0x21, 0x24, 0x21,
    0x24, 0x21, 0x24, 0x21, 0x24, 0x21, 0x24, 0x21, 0x24, 0x21, 0x24, 0x21, 0x24, 0x21, 0x24, 0x21,
    0x24, 0x21, 0x24, 0x21, 0x24, 0x21, 0x24, 0x21, 0x24, 0x21, 0x24, 0x21, 0x24, 0x21, 0x24, 0x21,
    0x24, 0x21, 0x24, 0x21, 0x24, 0x21, 0x24, 0x21, 0x24, 0x21, 0x24, 0x21, 0x24, 0x21, 0x24, 0x21,
    0x24, 0x21, 0x24, 0x21, 0x24, 0x21, 0x24, 0x21, 0x24, 0x21, 0x24, 0x21, 0x24, 0x21, 0x24, 0x21,
    0x24, 0x21, 0x24, 0x21, 0x24, 0x21, 0x5D, 0xEF, 0x7D, 0xEF, 0x7D, 0xEF, 0x9E, 0xF7, 0xBE, 0xF7,
    0x1C, 0xE7, 0x1C, 0xE7, 0x1C, 0xE7, 0x1C, 0xE7, 0x1C, 0xE7, 0x1C, 0xE7, 0x1C, 0xE7, 0x3C, 0xE7,
    0x3C, 0xE7, 0x3C, 0xE7, 0x3C, 0xE7, 0x3C, 0xE7, 0x3C, 0xE7, 0x3C, 0xE7, 0x3C, 0xE7, 0x3C, 0xE7,
    0x3C, 0xE7, 0x3C, 0xE7, 0x3C, 0xE7, 0x3C, 0xE7, 0x3C, 0xE7, 0x3C, 0xE7, 0x3C, 0xE7, 0x3C, 0xE7,
    0x3C, 0xE7, 0x5D, 0xEF, 0x5D, 0xEF, 0x5D, 0xEF, 0x5D, 0xEF, 0x5D, 0xEF, 0x5D, 0xEF, 0x5D, 0xEF,
    0x5D, 0xEF, 0x5D, 0xEF, 0x5D, 0xEF, 0x5D, 0xEF, 0x5D, 0xEF, 0x5D, 0xEF, 0x7D, 0xEF, 0x7D, 0xEF,
    0x7D, 0xEF, 0x7D, 0xEF, 0x7D, 0xEF, 0x7D, 0xEF, 0x7D, 0xEF, 0x7D, 0xEF, 0x7D, 0xEF, 0x7D, 0xEF,
    0x7D, 0xEF, 0x7D, 0xEF, 0x9E, 0xF7, 0x7D, 0xEF, 0x7D, 0xEF, 0x9E, 0xF7, 0x9E, 0xF7, 0x9E, 0xF7,
    0x9E, 0xF7, 0x9E, 0xF7, 0x9E, 0xF7, 0x9E, 0xF7, 0x9E, 0xF7, 0x9E, 0xF7, 0x9E, 0xF7, 0x9E, 0xF7,
    0x9E, 0xF7, 0xBE, 0xF7, 0xBE, 0xF7, 0xBE, 0xF7, 0xBE, 0xF7, 0xBE, 0xF7, 0xBE, 0xF7, 0xBE, 0xF7,
    0xBE, 0xF7, 0xBE, 0xF7, 0xBE, 0xF7, 0xBE, 0xF7, 0xBE, 0xF7, 0xBE, 0xF7, 0xBE, 0xF7, 0xBE, 0xF7,
    0xBE, 0xF7, 0xBE, 0xF7, 0xBE, 0xF7, 0xBE, 0xF7, 0xBE, 0xF7, 0xDF, 0xFF, 0xBE, 0xF7, 0xDF, 0xFF,
    0xDF, 0xFF, 0xDF, 0xFF, 0xDF, 0xFF, 0xDF, 0xFF, 0xDF, 0xFF, 0xDF, 0xFF, 0xDF, 0xFF, 0xDF, 0xFF,
    0xDF, 0xFF, 0xDF, 0xFF, 0xDF, 0xFF, 0xDF, 0xFF, 0xDF, 0xFF, 0xDF, 0xFF, 0xDF, 0xFF, 0xDF, 0xFF,
    0xDF, 0xFF, 0xDF, 0xFF, 0xDF, 0xFF, 0xDF, 0xFF, 0xDF, 0xFF, 0xDF, 0xFF, 0xDF, 0xFF, 0xDF, 0xFF,
    0xDF, 0xFF, 0xDF, 0xFF, 0xFF, 0xFF, 0xDF, 0xFF, 0xFF, 0xFF, 0xFF, 0xFF, 0xFF, 0xFF, 0xFF, 0xFF,
    0xFF, 0xFF, 0xFF, 0xFF, 0xFF, 0xFF, 0xFF, 0xFF, 0xFF, 0xFF, 0xFF, 0xFF, 0xFF, 0xFF, 0xFF, 0xFF,
    0xFF, 0xFF, 0xFF, 0xFF, 0xFF, 0xFF, 0xFF, 0xFF, 0xFF, 0xFF, 0xFF, 0xFF, 0xFF, 0xFF, 0xFF, 0xFF,
    0xFF, 0xFF, 0xFF, 0xFF, 0xFF, 0xFF, 0xFF, 0xFF, 0xFF, 0xFF, 0xFF, 0xFF, 0xFF, 0xFF, 0xFF, 0xFF,
    0xFF, 0xFF, 0xFF, 0xFF, 0xFF, 0xFF, 0xFF, 0xFF, 0xFF, 0xFF, 0xFF, 0xFF, 0xFF, 0xFF, 0xFF, 0xFF,
    0xFF, 0xFF, 0xFF, 0xFF, 0xFF, 0xFF, 0xFF, 0xFF, 0xFF, 0xFF, 0xFF, 0xFF, 0xFF, 0xFF, 0xFF, 0xFF,
    0xFF, 0xFF, 0xFF, 0xFF, 0xFF, 0xFF, 0xFF, 0xFF, 0xFF, 0xFF, 0xFF, 0xFF, 0xFF, 0xFF, 0xFF, 0xFF,
    0xFF, 0xFF, 0xFF, 0xFF, 0xFF, 0xFF, 0xFF, 0xFF, 0xFF, 0xFF, 0xFF, 0xFF, 0xFF, 0xFF, 0xFF, 0xFF,
    0xFF, 0xFF, 0xFF, 0xFF, 0xFF, 0xFF, 0xFF, 0xFF, 0xFF, 0xFF, 0xFF, 0xFF, 0xFF, 0xFF, 0xFF, 0xFF,
    0xFF, 0xFF, 0xFF, 0xFF, 0xFF, 0xFF, 0xFF, 0xFF, 0xFF, 0xFF, 0xFF, 0xFF, 0xFF, 0xFF, 0xFF, 0xFF,
    0xFF, 0xFF, 0xFF, 0xFF, 0xFF, 0xFF, 0xFF, 0xFF, 0xFF, 0xFF, 0xFF, 0xFF, 0xFF, 0xFF, 0xFF, 0xFF,
    0xFF, 0xFF, 0xFF, 0xFF, 0xFF, 0xFF, 0xFF, 0xFF, 0xFF, 0xFF, 0xFF, 0xFF, 0xFF, 0xFF, 0xFF, 0xFF,
    0xFF, 0xFF, 0xFF, 0xFF, 0xFF, 0xFF, 0xFF, 0xFF, 0xFF, 0xFF, 0xFF, 0xFF, 0xFF, 0xFF, 0xFF, 0xFF,
    0xFF, 0xFF, 0xFF, 0xFF, 0xFF, 0xFF, 0xFF, 0xFF, 0xFF, 0xFF, 0xFF, 0xFF, 0xFF, 0xFF, 0xFF, 0xFF,
    0xFF, 0xFF, 0xFF, 0xFF, 0xFF, 0xFF, 0xAE, 0x73, 0x24, 0x21, 0x24, 0x21, 0x24, 0x21, 0x24, 0x21,
    0x24, 0x21, 0x24, 0x21, 0x24, 0x21, 0x24, 0x21, 0x24, 0x21, 0x24, 0x21, 0x24, 0x21, 0x24, 0x21,
    0x24, 0x21, 0x24, 0x21, 0x24, 0x21, 0x24, 0x21, 0x24, 0x21, 0x24, 0x21, 0x24, 0x21, 0x24, 0x21,
    0x24, 0x21, 0x24, 0x21, 0x24, 0x21, 0x24, 0x21, 0x24, 0x21, 0x24, 0x21, 0x24, 0x21, 0x24, 0x21,
    0x24, 0x21, 0x24, 0x21, 0x24, 0x21, 0x24, 0x21, 0x24, 0x21, 0x24, 0x21, 0x24, 0x21, 0x24, 0x21,
    0x24, 0x21, 0x24, 0x21, 0x24, 0x21, 0x24, 0x21, 0x24, 0x21, 0x24, 0x21, 0x24, 0x21, 0x24, 0x21,
    0x24, 0x21, 0x24, 0x21, 0x24, 0x21, 0x24, 0x21, 0x24, 0x21, 0x24, 0x21, 0x24, 0x21, 0x24, 0x21,
    0x24, 0x21, 0x24, 0x21, 0x24, 0x21, 0x24, 0x21, 0x24, 0x21, 0x24, 0x21, 0x24, 0x21, 0x24, 0x21,
    0x24, 0x21, 0x24, 0x21, 0x24, 0x21, 0x24, 0x21, 0x24, 0x21, 0x24, 0x21, 0x24, 0x21, 0x24, 0x21,
    0x24, 0x21, 0x24, 0x21, 0x24, 0x21, 0x24, 0x21, 0x24, 0x21, 0x24, 0x21, 0x24, 0x21, 0x24, 0x21,
    0x24, 0x21, 0x24, 0x21, 0x24, 0x21, 0x24, 0x21, 0x24, 0x21, 0x24, 0x21, 0x24, 0x21, 0x24, 0x21,
    0x24, 0x21, 0x24, 0x21, 0x24, 0x21, 0x3C, 0xE7, 0x5D, 0xEF, 0x7D, 0xEF, 0x9E, 0xF7, 0xBE, 0xF7,
    0x1C, 0xE7, 0x1C, 0xE7, 0x1C, 0xE7, 0x1C, 0xE7, 0x1C, 0xE7, 0x1C, 0xE7, 0x1C, 0xE7, 0x1C, 0xE7,
    0x1C, 0xE7, 0x1C, 0xE7, 0x1C, 0xE7, 0x3C, 0xE7, 0x3C, 0xE7, 0x3C, 0xE7, 0x3C, 0xE7, 0x3C, 0xE7,
    0x3C, 0xE7, 0x3C, 0xE7, 0x3C, 0xE7, 0x3C, 0xE7, 0x3C, 0xE7, 0x3C, 0xE7, 0x3C, 0xE7, 0x3C, 0xE7,
    0x3C, 0xE7, 0x3C, 0xE7, 0x5D, 0xEF, 0x5D, 0xEF, 0x3C, 0xE7, 0x5D, 0xEF, 0x5D, 0xEF, 0x5D, 0xEF,
    0x5D, 0xEF, 0x5D, 0xEF, 0x5D, 0xEF, 0x5D, 0xEF, 0x5D, 0xEF, 0x5D, 0xEF, 0x5D, 0xEF, 0x7D, 0xEF,
    0x7D, 0xEF, 0x7D, 0xEF, 0x7D, 0xEF, 0x7D, 0xEF, 0x7D, 0xEF, 0x7D, 0xEF, 0x7D, 0xEF, 0x7D, 0xEF,
    0x7D, 0xEF, 0x7D, 0xEF, 0x7D, 0xEF, 0x7D, 0xEF, 0x7D, 0xEF, 0x7D, 0xEF, 0x9E, 0xF7, 0x9E, 0xF7,
    0x9E, 0xF7, 0x9E, 0xF7, 0x9E, 0xF7, 0x9E, 0xF7, 0x9E, 0xF7, 0x9E, 0xF7, 0x9E, 0xF7, 0x9E, 0xF7,
    0xBE, 0xF7, 0x9E, 0xF7, 0xBE, 0xF7, 0xBE, 0xF7, 0xBE, 0xF7, 0xBE, 0xF7, 0xBE, 0xF7, 0xBE, 0xF7,
    0xBE, 0xF7, 0xBE, 0xF7, 0xBE, 0xF7, 0xBE, 0xF7, 0xBE, 0xF7, 0xBE, 0xF7, 0xBE, 0xF7, 0xBE, 0xF7,
    0xBE, 0xF7, 0xBE, 0xF7, 0xBE, 0xF7, 0xBE, 0xF7, 0xBE, 0xF7, 0xBE, 0xF7, 0xBE, 0xF7, 0xBE, 0xF7,
    0xBE, 0xF7, 0xBE, 0xF7, 0xDF, 0xFF, 0xDF, 0xFF, 0xDF, 0xFF, 0xDF, 0xFF, 0xDF, 0xFF, 0xDF, 0xFF,
    0xDF, 0xFF, 0xDF, 0xFF, 0xDF, 0xFF, 0xDF, 0xFF, 0xDF, 0xFF, 0xDF, 0xFF, 0xDF, 0xFF, 0xDF, 0xFF,
    0xDF, 0xFF, 0xDF, 0xFF, 0xDF, 0xFF, 0xDF, 0xFF, 0xDF, 0xFF, 0xDF, 0xFF, 0xDF, 0xFF, 0xDF, 0xFF,
    0xFF, 0xFF, 0xDF, 0xFF, 0xDF, 0xFF, 0xFF, 0xFF, 0xDF, 0xFF, 0xFF, 0xFF, 0xFF, 0xFF, 0xFF, 0xFF,
    0xFF, 0xFF, 0xFF, 0xFF, 0xFF, 0xFF, 0xFF, 0xFF, 0xFF, 0xFF, 0xFF, 0xFF, 0xFF, 0xFF, 0xFF, 0xFF,
    0xFF, 0xFF, 0xFF, 0xFF, 0xFF, 0xFF, 0xFF, 0xFF, 0xFF, 0xFF, 0xFF, 0xFF, 0xFF, 0xFF, 0xFF, 0xFF,
    0xFF, 0xFF, 0xFF, 0xFF, 0xFF, 0xFF, 0xFF, 0xFF, 0xFF, 0xFF, 0xFF, 0xFF, 0xFF, 0xFF, 0xFF, 0xFF,
    0xFF, 0xFF, 0xFF, 0xFF, 0xFF, 0xFF, 0xFF, 0xFF, 0xFF, 0xFF, 0xFF, 0xFF, 0xFF, 0xFF, 0xFF, 0xFF,
    0xFF, 0xFF, 0xFF, 0xFF, 0xFF, 0xFF, 0xFF, 0xFF, 0xFF, 0xFF, 0xFF, 0xFF, 0xFF, 0xFF, 0xFF, 0xFF,
    0xFF, 0xFF, 0xFF, 0xFF, 0xFF, 0xFF, 0xFF, 0xFF, 0xFF, 0xFF, 0xFF, 0xFF, 0xFF, 0xFF, 0xFF, 0xFF,
    0xFF, 0xFF, 0xFF, 0xFF, 0xFF, 0xFF, 0xFF, 0xFF, 0xFF, 0xFF, 0xFF, 0xFF, 0xFF, 0xFF, 0xFF, 0xFF,
    0xFF, 0xFF, 0xFF, 0xFF, 0xFF, 0xFF, 0xFF, 0xFF, 0xFF, 0xFF, 0xFF, 0xFF, 0xFF, 0xFF, 0xFF, 0xFF,
    0xFF, 0xFF, 0xFF, 0xFF, 0xFF, 0xFF, 0xFF, 0xFF, 0xFF, 0xFF, 0xFF, 0xFF, 0xFF, 0xFF, 0xFF, 0xFF,
    0xFF, 0xFF, 0xFF, 0xFF, 0xFF, 0xFF, 0xFF, 0xFF, 0xFF, 0xFF, 0xFF, 0xFF, 0xFF, 0xFF, 0xFF, 0xFF,
    0xFF, 0xFF, 0xFF, 0xFF, 0xFF, 0xFF, 0xFF, 0xFF, 0xFF, 0xFF, 0xFF, 0xFF, 0xFF, 0xFF, 0xFF, 0xFF,
    0xFF, 0xFF, 0xFF, 0xFF, 0xFF, 0xFF, 0xFF, 0xFF, 0xFF, 0xFF, 0xFF, 0xFF, 0xFF, 0xFF, 0xFF, 0xFF,
    0xFF, 0xFF, 0xFF, 0xFF, 0xFF, 0xFF, 0xFF, 0xFF, 0xFF, 0xFF, 0xFF, 0xFF, 0xFF, 0xFF, 0xFF, 0xFF,
    0xFF, 0xFF, 0x9E, 0xF7, 0x69, 0x4A, 0x24, 0x21, 0x24, 0x21, 0x24, 0x21, 0x24, 0x21, 0x24, 0x21,
    0x24, 0x21, 0x24, 0x21, 0x24, 0x21, 0x24, 0x21, 0x24, 0x21, 0x24, 0x21, 0x24, 0x21, 0x24, 0x21,
    0x24, 0x21, 0x24, 0x21, 0x24, 0x21, 0x24, 0x21, 0x24, 0x21, 0x24, 0x21, 0x24, 0x21, 0x24, 0x21,
    0x24, 0x21, 0x24, 0x21, 0x24, 0x21, 0x24, 0x21, 0x24, 0x21, 0x24, 0x21, 0x24, 0x21, 0x24, 0x21,
    0x24, 0x21, 0x24, 0x21, 0x24, 0x21, 0x24, 0x21, 0x24, 0x21, 0x24, 0x21, 0x24, 0x21, 0x24, 0x21,
    0x24, 0x21, 0x24, 0x21, 0x24, 0x21, 0x24, 0x21, 0x24, 0x21, 0x24, 0x21, 0x24, 0x21, 0x24, 0x21,
    0x24, 0x21, 0x24, 0x21, 0x24, 0x21, 0x24, 0x21, 0x24, 0x21, 0x24, 0x21, 0x24, 0x21, 0x24, 0x21,
    0x24, 0x21, 0x24, 0x21, 0x24, 0x21, 0x24, 0x21, 0x24, 0x21, 0x24, 0x21, 0x24, 0x21, 0x24, 0x21,
    0x24, 0x21, 0x24, 0x21, 0x24, 0x21, 0x24, 0x21, 0x24, 0x21, 0x24, 0x21, 0x24, 0x21, 0x24, 0x21,
    0x24, 0x21, 0x24, 0x21, 0x24, 0x21, 0x24, 0x21, 0x24, 0x21, 0x24, 0x21, 0x24, 0x21, 0x24, 0x21,
    0x24, 0x21, 0x24, 0x21, 0x24, 0x21, 0x24, 0x21, 0x24, 0x21, 0x24, 0x21, 0x24, 0x21, 0x24, 0x21,
    0x24, 0x21, 0x24, 0x21, 0x24, 0x21, 0x1C, 0xE7, 0x5D, 0xE7, 0x5D, 0xEF, 0x9E, 0xEF, 0x9E, 0xF7,
    0x1C, 0xE7, 0x1C, 0xE7, 0x1C, 0xE7, 0x1C, 0xE7, 0x1C, 0xE7, 0x1C, 0xE7, 0x1C, 0xE7, 0x1C, 0xE7,
    0x1C, 0xE7, 0x3C, 0xE7, 0x1C, 0xE7, 0x1C, 0xE7, 0x3C, 0xE7, 0x3C, 0xE7, 0x3C, 0xE7, 0x3C, 0xE7,
    0x3C, 0xE7, 0x3C, 0xE7, 0x3C, 0xE7, 0x3C, 0xE7, 0x3C, 0xE7, 0x3C, 0xE7, 0x3C, 0xE7, 0x3C, 0xE7,
    0x3C, 0xE7, 0x3C, 0xE7, 0x3C, 0xE7, 0x3C, 0xE7, 0x5D, 0xEF, 0x5D, 0xEF, 0x5D, 0xEF, 0x5D, 0xEF,
    0x5D, 0xEF, 0x5D, 0xEF, 0x5D, 0xEF, 0x5D, 0xEF, 0x5D, 0xEF, 0x5D, 0xEF, 0x5D, 0xEF, 0x5D, 0xEF,
    0x5D, 0xEF, 0x7D, 0xEF, 0x5D, 0xEF, 0x7D, 0xEF, 0x7D, 0xEF, 0x7D, 0xEF, 0x7D, 0xEF, 0x7D, 0xEF,
    0x7D, 0xEF, 0x7D, 0xEF, 0x7D, 0xEF, 0x7D, 0xEF, 0x7D, 0xEF, 0x7D, 0xEF, 0x7D, 0xEF, 0x9E, 0xF7,
    0x9E, 0xF7, 0x9E, 0xF7, 0x9E, 0xF7, 0x9E, 0xF7, 0x9E, 0xF7, 0x9E, 0xF7, 0x9E, 0xF7, 0x9E, 0xF7,
    0x9E, 0xF7, 0x9E, 0xF7, 0x9E, 0xF7, 0x9E, 0xF7, 0xBE, 0xF7, 0xBE, 0xF7, 0xBE, 0xF7, 0xBE, 0xF7,
    0xBE, 0xF7, 0xBE, 0xF7, 0xBE, 0xF7, 0xBE, 0xF7, 0xBE, 0xF7, 0xBE, 0xF7, 0xBE, 0xF7, 0xBE, 0xF7,
    0xBE, 0xF7, 0xBE, 0xF7, 0xBE, 0xF7, 0xBE, 0xF7, 0xBE, 0xF7, 0xBE, 0xF7, 0xBE, 0xF7, 0xBE, 0xF7,
    0xBE, 0xF7, 0xDF, 0xFF, 0xDF, 0xFF, 0xBE, 0xF7, 0xDF, 0xFF, 0xDF, 0xFF, 0xDF, 0xFF, 0xDF, 0xFF,
    0xDF, 0xFF, 0xDF, 0xFF, 0xDF, 0xFF, 0xDF, 0xFF, 0xDF, 0xFF, 0xDF, 0xFF, 0xDF, 0xFF, 0xDF, 0xFF,
    0xDF, 0xFF, 0xDF, 0xFF, 0xDF, 0xFF, 0xDF, 0xFF, 0xDF, 0xFF, 0xDF, 0xFF, 0xDF, 0xFF, 0xDF, 0xFF,
    0xDF, 0xFF, 0xDF, 0xFF, 0xFF, 0xFF, 0xFF, 0xFF, 0xFF, 0xFF, 0xFF, 0xFF, 0xFF, 0xFF, 0xFF, 0xFF,
    0xFF, 0xFF, 0xFF, 0xFF, 0xFF, 0xFF, 0xFF, 0xFF, 0xFF, 0xFF, 0xFF, 0xFF, 0xFF, 0xFF, 0xFF, 0xFF,
    0xFF, 0xFF, 0xFF, 0xFF, 0xFF, 0xFF, 0xFF, 0xFF, 0xFF, 0xFF, 0xFF, 0xFF, 0xFF, 0xFF, 0xFF, 0xFF,
    0xFF, 0xFF, 0xFF, 0xFF, 0xFF, 0xFF, 0xFF, 0xFF, 0xFF, 0xFF, 0xFF, 0xFF, 0xFF, 0xFF, 0xFF, 0xFF,
    0xFF, 0xFF, 0xFF, 0xFF, 0xFF, 0xFF, 0xFF, 0xFF, 0xFF, 0xFF, 0xFF, 0xFF, 0xFF, 0xFF, 0xFF, 0xFF,
    0xFF, 0xFF, 0xFF, 0xFF, 0xFF, 0xFF, 0xFF, 0xFF, 0xFF, 0xFF, 0xFF, 0xFF, 0xFF, 0xFF, 0xFF, 0xFF,
    0xFF, 0xFF, 0xFF, 0xFF, 0xFF, 0xFF, 0xFF, 0xFF, 0xFF, 0xFF, 0xFF, 0xFF, 0xFF, 0xFF, 0xFF, 0xFF,
    0xFF, 0xFF, 0xFF, 0xFF, 0xFF, 0xFF, 0xFF, 0xFF, 0xFF, 0xFF, 0xFF, 0xFF, 0xFF, 0xFF, 0xFF, 0xFF,
    0xFF, 0xFF, 0xFF, 0xFF, 0xFF, 0xFF, 0xFF, 0xFF, 0xFF, 0xFF, 0xFF, 0xFF, 0xFF, 0xFF, 0xFF, 0xFF,
    0xFF, 0xFF, 0xFF, 0xFF, 0xFF, 0xFF, 0xFF, 0xFF, 0xFF, 0xFF, 0xFF, 0xFF, 0xFF, 0xFF, 0xFF, 0xFF,
    0xFF, 0xFF, 0xFF, 0xFF, 0xFF, 0xFF, 0xFF, 0xFF, 0xFF, 0xFF, 0xFF, 0xFF, 0xFF, 0xFF, 0xFF, 0xFF,
    0xFF, 0xFF, 0xFF, 0xFF, 0xFF, 0xFF, 0xFF, 0xFF, 0xFF, 0xFF, 0xFF, 0xFF, 0xFF, 0xFF, 0xFF, 0xFF,
    0xFF, 0xFF, 0xFF, 0xFF, 0xFF, 0xFF, 0xFF, 0xFF, 0xFF, 0xFF, 0xFF, 0xFF, 0xFF, 0xFF, 0xFF, 0xFF,
    0xFF, 0xFF, 0xFF, 0xFF, 0xFF, 0xFF, 0xFF, 0xFF, 0xFF, 0xFF, 0xFF, 0xFF, 0xFF, 0xFF, 0xFF, 0xFF,
    0x1C, 0xE7, 0x69, 0x4A, 0x24, 0x21, 0x24, 0x21, 0x24, 0x21, 0x24, 0x21, 0x24, 0x21, 0x24, 0x21,
    0x24, 0x21, 0x24, 0x21, 0x24, 0x21, 0x24, 0x21, 0x24, 0x21, 0x24, 0x21, 0x24, 0x21, 0x24, 0x21,
    0x24, 0x21, 0x24, 0x21, 0x24, 0x21, 0x24, 0x21, 0x24, 0x21, 0x24, 0x21, 0x24, 0x21, 0x24, 0x21,
    0x24, 0x21, 0x24, 0x21, 0x24, 0x21, 0x24, 0x21, 0x24, 0x21, 0x24, 0x21, 0x24, 0x21, 0x24, 0x21,
    0x24, 0x21, 0x24, 0x21, 0x24, 0x21, 0x24, 0x21, 0x24, 0x21, 0x24, 0x21, 0x24, 0x21, 0x24, 0x21,
    0x24, 0x21, 0x24, 0x21, 0x24, 0x21, 0x24, 0x21, 0x24, 0x21, 0x24, 0x21, 0x24, 0x21, 0x24, 0x21,
    0x24, 0x21, 0x24, 0x21, 0x24, 0x21, 0x24, 0x21, 0x24, 0x21, 0x24, 0x21, 0x24, 0x21, 0x24, 0x21,
    0x24, 0x21, 0x24, 0x21, 0x24, 0x21, 0x24, 0x21, 0x24, 0x21, 0x24, 0x21, 0x24, 0x21, 0x24, 0x21,
    0x24, 0x21, 0x24, 0x21, 0x24, 0x21, 0x24, 0x21, 0x24, 0x21, 0x24, 0x21, 0x24, 0x21, 0x24, 0x21,
    0x24, 0x21, 0x24, 0x21, 0x24, 0x21, 0x24, 0x21, 0x24, 0x21, 0x24, 0x21, 0x24, 0x21, 0x24, 0x21,
    0x24, 0x21, 0x24, 0x21, 0x24, 0x21, 0x24, 0x21, 0x24, 0x21, 0x24, 0x21, 0x24, 0x21, 0x24, 0x21,
    0x24, 0x21, 0x24, 0x21, 0x24, 0x21, 0x1C, 0xE7, 0x3C, 0xE7, 0x5D, 0xEF, 0x7D, 0xEF, 0x9E, 0xF7,
    0x1C, 0xE7, 0x1C, 0xE7, 0x1C, 0xE7, 0x1C, 0xE7, 0x1C, 0xE7, 0x1C, 0xE7, 0x1C, 0xE7, 0x1C, 0xE7,
    0x1C, 0xE7, 0x1C, 0xE7, 0x1C, 0xE7, 0x1C, 0xE7, 0x1C, 0xE7, 0x3C, 0xE7, 0x3C, 0xE7, 0x3C, 0xE7,
    0x3C, 0xE7, 0x3C, 0xE7, 0x3C, 0xE7, 0x3C, 0xE7, 0x3C, 0xE7, 0x3C, 0xE7, 0x3C, 0xE7, 0x3C, 0xE7,
    0x3C, 0xE7, 0x3C, 0xE7, 0x3C, 0xE7, 0x5D, 0xEF, 0x5D, 0xEF, 0x3C, 0xE7, 0x3C, 0xE7, 0x5D, 0xEF,
    0x5D, 0xEF, 0x5D, 0xEF, 0x5D, 0xEF, 0x5D, 0xEF, 0x5D, 0xEF, 0x5D, 0xEF, 0x5D, 0xEF, 0x5D, 0xEF,
    0x5D, 0xEF, 0x5D, 0xEF, 0x7D, 0xEF, 0x7D, 0xEF, 0x7D, 0xEF, 0x7D, 0xEF, 0x7D, 0xEF, 0x7D, 0xEF,
    0x7D, 0xEF, 0x7D, 0xEF, 0x7D, 0xEF, 0x7D, 0xEF, 0x7D, 0xEF, 0x7D, 0xEF, 0x7D, 0xEF, 0x7D, 0xEF,
    0x7D, 0xEF, 0x9E, 0xF7, 0x9E, 0xF7, 0x9E, 0xF7, 0x9E, 0xF7, 0x9E, 0xF7, 0x9E, 0xF7, 0x9E, 0xF7,
    0x9E, 0xF7, 0x9E, 0xF7, 0x9E, 0xF7, 0x9E, 0xF7, 0xBE, 0xF7, 0xBE, 0xF7, 0xBE, 0xF7, 0xBE, 0xF7,
    0xBE, 0xF7, 0xBE, 0xF7, 0xBE, 0xF7, 0xBE, 0xF7, 0xBE, 0xF7, 0xBE, 0xF7, 0xBE, 0xF7, 0xBE, 0xF7,
    0xBE, 0xF7, 0xBE, 0xF7, 0xBE, 0xF7, 0xBE, 0xF7, 0xBE, 0xF7, 0xBE, 0xF7, 0xBE, 0xF7, 0xBE, 0xF7,
    0xBE, 0xF7, 0xBE, 0xF7, 0xBE, 0xF7, 0xDF, 0xFF, 0xDF, 0xFF, 0xDF, 0xFF, 0xDF, 0xFF, 0xDF, 0xFF,
    0xDF, 0xFF, 0xDF, 0xFF, 0xDF, 0xFF, 0xDF, 0xFF, 0xDF, 0xFF, 0xDF, 0xFF, 0xDF, 0xFF, 0xDF, 0xFF,
    0xDF, 0xFF, 0xDF, 0xFF, 0xDF, 0xFF, 0xDF, 0xFF, 0xDF, 0xFF, 0xDF, 0xFF, 0xDF, 0xFF, 0xDF, 0xFF,
    0xDF, 0xFF, 0xDF, 0xFF, 0xDF, 0xFF, 0xDF, 0xFF, 0xFF, 0xFF, 0xDF, 0xFF, 0xFF, 0xFF, 0xFF, 0xFF,
    0xFF, 0xFF, 0xFF, 0xFF, 0xFF, 0xFF, 0xFF, 0xFF, 0xFF, 0xFF, 0xFF, 0xFF, 0xFF, 0xFF, 0xFF, 0xFF,
    0xFF, 0xFF, 0xFF, 0xFF, 0xFF, 0xFF, 0xFF, 0xFF, 0xFF, 0xFF, 0xFF, 0xFF, 0xFF, 0xFF, 0xFF, 0xFF,
    0xFF, 0xFF, 0xFF, 0xFF, 0xFF, 0xFF, 0xFF, 0xFF, 0xFF, 0xFF, 0xFF, 0xFF, 0xFF, 0xFF, 0xFF, 0xFF,
    0xFF, 0xFF, 0xFF, 0xFF, 0xFF, 0xFF, 0xFF, 0xFF, 0xFF, 0xFF, 0xFF, 0xFF, 0xFF, 0xFF, 0xFF, 0xFF,
    0xFF, 0xFF, 0xFF, 0xFF, 0xFF, 0xFF, 0xFF, 0xFF, 0xFF, 0xFF, 0xFF, 0xFF, 0xFF, 0xFF, 0xFF, 0xFF,
    0xFF, 0xFF, 0xFF, 0xFF, 0xFF, 0xFF, 0xFF, 0xFF, 0xFF, 0xFF, 0xFF, 0xFF, 0xFF, 0xFF, 0xFF, 0xFF,
    0xFF, 0xFF, 0xFF, 0xFF, 0xFF, 0xFF, 0xFF, 0xFF, 0xFF, 0xFF, 0xFF, 0xFF, 0xFF, 0xFF, 0xFF, 0xFF,
    0xFF, 0xFF, 0xFF, 0xFF, 0xFF, 0xFF, 0xFF, 0xFF, 0xFF, 0xFF, 0xFF, 0xFF, 0xFF, 0xFF, 0xFF, 0xFF,
    0xFF, 0xFF, 0xFF, 0xFF, 0xFF, 0xFF, 0xFF, 0xFF, 0xFF, 0xFF, 0xFF, 0xFF, 0xFF, 0xFF, 0xFF, 0xFF,
    0xFF, 0xFF, 0xFF, 0xFF, 0xFF, 0xFF, 0xFF, 0xFF, 0xFF, 0xFF, 0xFF, 0xFF, 0xFF, 0xFF, 0xFF, 0xFF,
    0xFF, 0xFF, 0xFF, 0xFF, 0xFF, 0xFF, 0xFF, 0xFF, 0xFF, 0xFF, 0xFF, 0xFF, 0xFF, 0xFF, 0xFF, 0xFF,
    0xFF, 0xFF, 0xFF, 0xFF, 0xFF, 0xFF, 0xFF, 0xFF, 0xFF, 0xFF, 0xFF, 0xFF, 0xFF, 0xFF, 0xFF, 0xFF,
    0xFF, 0xFF, 0xFF, 0xFF, 0xFF, 0xFF, 0xFF, 0xFF, 0xFF, 0xFF, 0xFF, 0xFF, 0xFF, 0xFF, 0x1C, 0xE7,
    0x08, 0x42, 0x24, 0x21, 0x24, 0x21, 0x24, 0x21, 0x24, 0x21, 0x24, 0x21, 0x24, 0x21, 0x24, 0x21,
    0x24, 0x21, 0x24, 0x21, 0x24, 0x21, 0x24, 0x21, 0x24, 0x21, 0x24, 0x21, 0x24, 0x21, 0x24, 0x21,
    0x24, 0x21, 0x24, 0x21, 0x24, 0x21, 0x24, 0x21, 0x24, 0x21, 0x24, 0x21, 0x24, 0x21, 0x24, 0x21,
    0x24, 0x21, 0x24, 0x21, 0x24, 0x21, 0x24, 0x21, 0x24, 0x21, 0x24, 0x21, 0x24, 0x21, 0x24, 0x21,
    0x24, 0x21, 0x24, 0x21, 0x24, 0x21, 0x24, 0x21, 0x24, 0x21, 0x24, 0x21, 0x24, 0x21, 0x24, 0x21,
    0x24, 0x21, 0x24, 0x21, 0x24, 0x21, 0x24, 0x21, 0x24, 0x21, 0x24, 0x21, 0x24, 0x21, 0x24, 0x21,
    0x24, 0x21, 0x24, 0x21, 0x24, 0x21, 0x24, 0x21, 0x24, 0x21, 0x24, 0x21, 0x24, 0x21, 0x24, 0x21,
    0x24, 0x21, 0x24, 0x21, 0x24, 0x21, 0x24, 0x21, 0x24, 0x21, 0x24, 0x21, 0x24, 0x21, 0x24, 0x21,
    0x24, 0x21, 0x24, 0x21, 0x24, 0x21, 0x24, 0x21, 0x24, 0x21, 0x24, 0x21, 0x24, 0x21, 0x24, 0x21,
    0x24, 0x21, 0x24, 0x21, 0x24, 0x21, 0x24, 0x21, 0x24, 0x21, 0x24, 0x21, 0x24, 0x21, 0x24, 0x21,
    0x24, 0x21, 0x24, 0x21, 0x24, 0x21, 0x24, 0x21, 0x24, 0x21, 0x24, 0x21, 0x24, 0x21, 0x24, 0x21,
    0x24, 0x21, 0x24, 0x21, 0x24, 0x21, 0x1C, 0xE7, 0x3C, 0xE7, 0x5D, 0xE7, 0x7D, 0xEF, 0x9E, 0xF7,
    0x1C, 0xE7, 0x1C, 0xE7, 0x1C, 0xE7, 0x1C, 0xE7, 0x1C, 0xE7, 0x1C, 0xE7, 0x1C, 0xE7, 0x1C, 0xE7,
    0x1C, 0xE7, 0x1C, 0xE7, 0x1C, 0xE7, 0x1C, 0xE7, 0x1C, 0xE7, 0x1C, 0xE7, 0x1C, 0xE7, 0x1C, 0xE7,
    0x1C, 0xE7, 0x1C, 0xE7, 0x1C, 0xE7, 0x1C, 0xE7, 0x1C, 0xE7, 0x3C, 0xE7, 0x3C, 0xE7, 0x3C, 0xE7,
    0x3C, 0xE7, 0x3C, 0xE7, 0x3C, 0xE7, 0x3C, 0xE7, 0x3C, 0xE7, 0x3C, 0xE7, 0x3C, 0xE7, 0x3C, 0xE7,
    0x3C, 0xE7, 0x3C, 0xE7, 0x3C, 0xE7, 0x3C, 0xE7, 0x5D, 0xEF, 0x5D, 0xEF, 0x5D, 0xEF, 0x5D, 0xEF,
    0x5D, 0xEF, 0x5D, 0xEF, 0x5D, 0xEF, 0x5D, 0xEF, 0x5D, 0xEF, 0x5D, 0xEF, 0x5D, 0xEF, 0x5D, 0xEF,
    0x5D, 0xEF, 0x7D, 0xEF, 0x7D, 0xEF, 0x7D, 0xEF, 0x7D, 0xEF, 0x7D, 0xEF, 0x7D, 0xEF, 0x7D, 0xEF,
    0x7D, 0xEF, 0x7D, 0xEF, 0x7D, 0xEF, 0x7D, 0xEF, 0x7D, 0xEF, 0x9E, 0xF7, 0x9E, 0xF7, 0x9E, 0xF7,
    0x9E, 0xF7, 0x9E, 0xF7, 0x9E, 0xF7, 0x9E, 0xF7, 0x9E, 0xF7, 0x9E, 0xF7, 0x9E, 0xF7, 0x9E, 0xF7,
    0x9E, 0xF7, 0x9E, 0xF7, 0x9E, 0xF7, 0xBE, 0xF7, 0xBE, 0xF7, 0xBE, 0xF7, 0xBE, 0xF7, 0xBE, 0xF7,
    0xBE, 0xF7, 0xBE, 0xF7, 0xBE, 0xF7, 0xBE, 0xF7, 0xBE, 0xF7, 0xBE, 0xF7, 0xBE, 0xF7, 0xBE, 0xF7,
    0xBE, 0xF7, 0xBE, 0xF7, 0xBE, 0xF7, 0xBE, 0xF7, 0xBE, 0xF7, 0xBE, 0xF7, 0xBE, 0xF7, 0xDF, 0xFF,
    0xDF, 0xFF, 0xDF, 0xFF, 0xDF, 0xFF, 0xDF, 0xFF, 0xDF, 0xFF, 0xDF, 0xFF, 0xDF, 0xFF, 0xDF, 0xFF,
    0xDF, 0xFF, 0xDF, 0xFF, 0xDF, 0xFF, 0xDF, 0xFF, 0xDF, 0xFF, 0xDF, 0xFF, 0xDF, 0xFF, 0xDF, 0xFF,
    0xDF, 0xFF, 0xDF, 0xFF, 0xDF, 0xFF, 0xDF, 0xFF, 0xDF, 0xFF, 0xDF, 0xFF, 0xDF, 0xFF, 0xDF, 0xFF,
    0xDF, 0xFF, 0xDF, 0xFF, 0xFF, 0xFF, 0xFF, 0xFF, 0xFF, 0xFF, 0xFF, 0xFF, 0xFF, 0xFF, 0xFF, 0xFF,
    0xFF, 0xFF, 0xFF, 0xFF, 0xFF, 0xFF, 0xFF, 0xFF, 0xFF, 0xFF, 0xFF, 0xFF, 0xFF, 0xFF, 0xFF, 0xFF,
    0xFF, 0xFF, 0xFF, 0xFF, 0xFF, 0xFF, 0xFF, 0xFF, 0xFF, 0xFF, 0xFF, 0xFF, 0xFF, 0xFF, 0xFF, 0xFF,
    0xFF, 0xFF, 0xFF, 0xFF, 0xFF, 0xFF, 0xFF, 0xFF, 0xFF, 0xFF, 0xFF, 0xFF, 0xFF, 0xFF, 0xFF, 0xFF,
    0xFF, 0xFF, 0xFF, 0xFF, 0xFF, 0xFF, 0xFF, 0xFF, 0xFF, 0xFF, 0xFF, 0xFF, 0xFF, 0xFF, 0xFF, 0xFF,
    0xFF, 0xFF, 0xFF, 0xFF, 0xFF, 0xFF, 0xFF, 0xFF, 0xFF, 0xFF, 0xFF, 0xFF, 0xFF, 0xFF, 0xFF, 0xFF,
    0xFF, 0xFF, 0xFF, 0xFF, 0xFF, 0xFF, 0xFF, 0xFF, 0xFF, 0xFF, 0xFF, 0xFF, 0xFF, 0xFF, 0xFF, 0xFF,
    0xFF, 0xFF, 0xFF, 0xFF, 0xFF, 0xFF, 0xFF, 0xFF, 0xFF, 0xFF, 0xFF, 0xFF, 0xFF, 0xFF, 0xFF, 0xFF,
    0xFF, 0xFF, 0xFF, 0xFF, 0xFF, 0xFF, 0xFF, 0xFF, 0xFF, 0xFF, 0xFF, 0xFF, 0xFF, 0xFF, 0xFF, 0xFF,
    0xFF, 0xFF, 0xFF, 0xFF, 0xFF, 0xFF, 0xFF, 0xFF, 0xFF, 0xFF, 0xFF, 0xFF, 0xFF, 0xFF, 0xFF, 0xFF,
    0xFF, 0xFF, 0xFF, 0xFF, 0xFF, 0xFF, 0xFF, 0xFF, 0xFF, 0xFF, 0xFF, 0xFF, 0xFF, 0xFF, 0xFF, 0xFF,
    0xFF, 0xFF, 0xFF, 0xFF, 0xFF, 0xFF, 0xFF, 0xFF, 0xFF, 0xFF, 0xFF, 0xFF, 0xFF, 0xFF, 0xFF, 0xFF,
    0xFF, 0xFF, 0xFF, 0xFF, 0xFF, 0xFF, 0xFF, 0xFF, 0xFF, 0xFF, 0xFF, 0xFF, 0xBA, 0xD6, 0x08, 0x42,
    0x24, 0x21, 0x24, 0x21, 0x24, 0x21, 0x24, 0x21, 0x24, 0x21, 0x24, 0x21, 0x24, 0x21, 0x24, 0x21,
    0x24, 0x21, 0x24, 0x21, 0x24, 0x21, 0x24, 0x21, 0x24, 0x21, 0x24, 0x21, 0x24, 0x21, 0x24, 0x21,
    0x24, 0x21, 0x24, 0x21, 0x24, 0x21, 0x24, 0x21, 0x24, 0x21, 0x24, 0x21, 0x24, 0x21, 0x24, 0x21,
    0x24, 0x21, 0x24, 0x21, 0x24, 0x21, 0x24, 0x21, 0x24, 0x21, 0x24, 0x21, 0x24, 0x21, 0x24, 0x21,
    0x24, 0x21, 0x24, 0x21, 0x24, 0x21, 0x24, 0x21, 0x24, 0x21, 0x24, 0x21, 0x24, 0x21, 0x24, 0x21,
    0x24, 0x21, 0x24, 0x21, 0x24, 0x21, 0x24, 0x21, 0x24, 0x21, 0x24, 0x21, 0x24, 0x21, 0x24, 0x21,
    0x24, 0x21, 0x24, 0x21, 0x24, 0x21, 0x24, 0x21, 0x24, 0x21, 0x24, 0x21, 0x24, 0x21, 0x24, 0x21,
    0x24, 0x21, 0x24, 0x21, 0x24, 0x21, 0x24, 0x21, 0x24, 0x21, 0x24, 0x21, 0x24, 0x21, 0x24, 0x21,
    0x24, 0x21, 0x24, 0x21, 0x24, 0x21, 0x24, 0x21, 0x24, 0x21, 0x24, 0x21, 0x24, 0x21, 0x24, 0x21,
    0x24, 0x21, 0x24, 0x21, 0x24, 0x21, 0x24, 0x21, 0x24, 0x21, 0x24, 0x21, 0x24, 0x21, 0x24, 0x21,
    0x24, 0x21, 0x24, 0x21, 0x24, 0x21, 0x24, 0x21, 0x24, 0x21, 0x24, 0x21, 0x24, 0x21, 0x24, 0x21,
    0x24, 0x21, 0x24, 0x21, 0x24, 0x21, 0x1C, 0xE7, 0x1C, 0xE7, 0x3C, 0xE7, 0x5D, 0xEF, 0x7D, 0xEF,
    0x1C, 0xE7, 0x1C, 0xE7, 0x1C, 0xE7, 0x1C, 0xE7, 0x1C, 0xE7, 0x1C, 0xE7, 0x1C, 0xE7, 0x1C, 0xE7,
    0x1C, 0xE7, 0x1C, 0xE7, 0x1C, 0xE7, 0x1C, 0xE7, 0x1C, 0xE7, 0x1C, 0xE7, 0x1C, 0xE7, 0x1C, 0xE7,
    0x1C, 0xE7, 0x1C, 0xE7, 0x1C, 0xE7, 0x1C, 0xE7, 0x1C, 0xE7, 0x1C, 0xE7, 0x3C, 0xE7, 0x3C, 0xE7,
    0x3C, 0xE7, 0x3C, 0xE7, 0x3C, 0xE7, 0x3C, 0xE7, 0x3C, 0xE7, 0x3C, 0xE7, 0x3C, 0xE7, 0x3C, 0xE7,
    0x3C, 0xE7, 0x3C, 0xE7, 0x3C, 0xE7, 0x3C, 0xE7, 0x3C, 0xE7, 0x5D, 0xEF, 0x5D, 0xEF, 0x5D, 0xEF,
    0x5D, 0xEF, 0x5D, 0xEF, 0x5D, 0xEF, 0x5D, 0xEF, 0x5D, 0xEF, 0x5D, 0xEF, 0x5D, 0xEF, 0x5D, 0xEF,
    0x5D, 0xEF, 0x5D, 0xEF, 0x7D, 0xEF, 0x7D, 0xEF, 0x7D, 0xEF, 0x7D, 0xEF, 0x7D, 0xEF, 0x7D, 0xEF,
    0x7D, 0xEF, 0x7D, 0xEF, 0x7D, 0xEF, 0x7D, 0xEF, 0x7D, 0xEF, 0x7D, 0xEF, 0x9E, 0xF7, 0x9E, 0xF7,
    0x9E, 0xF7, 0x9E, 0xF7, 0x9E, 0xF7, 0x9E, 0xF7, 0x9E, 0xF7, 0x9E, 0xF7, 0x9E, 0xF7, 0x9E, 0xF7,
    0x9E, 0xF7, 0x9E, 0xF7, 0x9E, 0xF7, 0x9E, 0xF7, 0xBE, 0xF7, 0xBE, 0xF7, 0xBE, 0xF7, 0xBE, 0xF7,
    0xBE, 0xF7, 0xBE, 0xF7, 0xBE, 0xF7, 0xBE, 0xF7, 0xBE, 0xF7, 0xBE, 0xF7, 0xBE, 0xF7, 0xBE, 0xF7,
    0xBE, 0xF7, 0xBE, 0xF7, 0xBE, 0xF7, 0xBE, 0xF7, 0xBE, 0xF7, 0xBE, 0xF7, 0xBE, 0xF7, 0xDF, 0xFF,
    0xDF, 0xFF, 0xDF, 0xFF, 0xDF, 0xFF, 0xDF, 0xFF, 0xDF, 0xFF, 0xDF, 0xFF, 0xDF, 0xFF, 0xDF, 0xFF,
    0xDF, 0xFF, 0xDF, 0xFF, 0xDF, 0xFF, 0xDF, 0xFF, 0xDF, 0xFF, 0xDF, 0xFF, 0xDF, 0xFF, 0xDF, 0xFF,
    0xDF, 0xFF, 0xDF, 0xFF, 0xDF, 0xFF, 0xDF, 0xFF, 0xDF, 0xFF, 0xDF, 0xFF, 0xDF, 0xFF, 0xDF, 0xFF,
    0xDF, 0xFF, 0xDF, 0xFF, 0xFF, 0xFF, 0xFF, 0xFF, 0xFF, 0xFF, 0xFF, 0xFF, 0xFF, 0xFF, 0xFF, 0xFF,
    0xFF, 0xFF, 0xFF, 0xFF, 0xFF, 0xFF, 0xFF, 0xFF, 0xFF, 0xFF, 0xFF, 0xFF, 0xFF, 0xFF, 0xFF, 0xFF,
    0xFF, 0xFF, 0xFF, 0xFF, 0xFF, 0xFF, 0xFF, 0xFF, 0xFF, 0xFF, 0xFF, 0xFF, 0xFF, 0xFF, 0xFF, 0xFF,
    0xFF, 0xFF, 0xFF, 0xFF, 0xFF, 0xFF, 0xFF, 0xFF, 0xFF, 0xFF, 0xFF, 0xFF, 0xFF, 0xFF, 0xFF, 0xFF,
    0xFF, 0xFF, 0xFF, 0xFF, 0xFF, 0xFF, 0xFF, 0xFF, 0xFF, 0xFF, 0xFF, 0xFF, 0xFF, 0xFF, 0xFF, 0xFF,
    0xFF, 0xFF, 0xFF, 0xFF, 0xFF, 0xFF, 0xFF, 0xFF, 0xFF, 0xFF, 0xFF, 0xFF, 0xFF, 0xFF, 0xFF, 0xFF,
    0xFF, 0xFF, 0xFF, 0xFF, 0xFF, 0xFF, 0xFF, 0xFF, 0xFF, 0xFF, 0xFF, 0xFF, 0xFF, 0xFF, 0xFF, 0xFF,
    0xFF, 0xFF, 0xFF, 0xFF, 0xFF, 0xFF, 0xFF, 0xFF, 0xFF, 0xFF, 0xFF, 0xFF, 0xFF, 0xFF, 0xFF, 0xFF,
    0xFF, 0xFF, 0xFF, 0xFF, 0xFF, 0xFF, 0xFF, 0xFF, 0xFF, 0xFF, 0xFF, 0xFF, 0xFF, 0xFF, 0xFF, 0xFF,
    0xFF, 0xFF, 0xFF, 0xFF, 0xFF, 0xFF, 0xFF, 0xFF, 0xFF, 0xFF, 0xFF, 0xFF, 0xFF, 0xFF, 0xFF, 0xFF,
    0xFF, 0xFF, 0xFF, 0xFF, 0xFF, 0xFF, 0xFF, 0xFF, 0xFF, 0xFF, 0xFF, 0xFF, 0xFF, 0xFF, 0xFF, 0xFF,
    0xFF, 0xFF, 0xFF, 0xFF, 0xFF, 0xFF, 0xFF, 0xFF, 0xFF, 0xFF, 0xFF, 0xFF, 0xFF, 0xFF, 0xFF, 0xFF,
    0xFF, 0xFF, 0xFF, 0xFF, 0xFF, 0xFF, 0xFF, 0xFF, 0xFF, 0xFF, 0xBA, 0xD6, 0xA6, 0x31, 0x24, 0x21,
    0x24, 0x21, 0x24, 0x21, 0x24, 0x21, 0x24, 0x21, 0x24, 0x21, 0x24, 0x21, 0x24, 0x21, 0x24, 0x21,
    0x24, 0x21, 0x24, 0x21, 0x24, 0x21, 0x24, 0x21, 0x24, 0x21, 0x24, 0x21, 0x24, 0x21, 0x24, 0x21,
    0x24, 0x21, 0x24, 0x21, 0x24, 0x21, 0x24, 0x21, 0x24, 0x21, 0x24, 0x21, 0x24, 0x21, 0x24, 0x21,
    0x24, 0x21, 0x24, 0x21, 0x24, 0x21, 0x24, 0x21, 0x24, 0x21, 0x24, 0x21, 0x24, 0x21, 0x24, 0x21,
    0x24, 0x21, 0x24, 0x21, 0x24, 0x21, 0x24, 0x21, 0x24, 0x21, 0x24, 0x21, 0x24, 0x21, 0x24, 0x21,
    0x24, 0x21, 0x24, 0x21, 0x24, 0x21, 0x24, 0x21, 0x24, 0x21, 0x24, 0x21, 0x24, 0x21, 0x24, 0x21,
    0x24, 0x21, 0x24, 0x21, 0x24, 0x21, 0x24, 0x21, 0x24, 0x21, 0x24, 0x21, 0x24, 0x21, 0x24, 0x21,
    0x24, 0x21, 0x24, 0x21, 0x24, 0x21, 0x24, 0x21, 0x24, 0x21, 0x24, 0x21, 0x24, 0x21, 0x24, 0x21,
    0x24, 0x21, 0x24, 0x21, 0x24, 0x21, 0x24, 0x21, 0x24, 0x21, 0x24, 0x21, 0x24, 0x21, 0x24, 0x21,
    0x24, 0x21, 0x24, 0x21, 0x24, 0x21, 0x24, 0x21, 0x24, 0x21, 0x24, 0x21, 0x24, 0x21, 0x24, 0x21,
    0x24, 0x21, 0x24, 0x21, 0x24, 0x21, 0x24, 0x21, 0x24, 0x21, 0x24, 0x21, 0x24, 0x21, 0x24, 0x21,
    0x24, 0x21, 0x24, 0x21, 0x24, 0x21, 0x1C, 0xDF, 0x3C, 0xE7, 0x5D, 0xE7, 0x5D, 0xEF, 0x9E, 0xF7,
    0xFB, 0xDE, 0x1C, 0xE7, 0x1C, 0xE7, 0x1C, 0xE7, 0x1C, 0xE7, 0x1C, 0xE7, 0x1C, 0xE7, 0x1C, 0xE7,
    0x1C, 0xE7, 0x1C, 0xE7, 0x1C, 0xE7, 0x1C, 0xE7, 0x1C, 0xE7, 0x1C, 0xE7, 0x1C, 0xE7, 0x1C, 0xE7,
    0x1C, 0xE7, 0x1C, 0xE7, 0x1C, 0xE7, 0x1C, 0xE7, 0x1C, 0xE7, 0x1C, 0xE7, 0x1C, 0xE7, 0x3C, 0xE7,
    0x3C, 0xE7, 0x3C, 0xE7, 0x3C, 0xE7, 0x3C, 0xE7, 0x3C, 0xE7, 0x3C, 0xE7, 0x3C, 0xE7, 0x3C, 0xE7,
    0x3C, 0xE7, 0x3C, 0xE7, 0x3C, 0xE7, 0x3C, 0xE7, 0x3C, 0xE7, 0x5D, 0xEF, 0x5D, 0xEF, 0x5D, 0xEF,
    0x5D, 0xEF, 0x5D, 0xEF, 0x5D, 0xEF, 0x5D, 0xEF, 0x5D, 0xEF, 0x5D, 0xEF, 0x5D, 0xEF, 0x5D, 0xEF,
    0x5D, 0xEF, 0x5D, 0xEF, 0x7D, 0xEF, 0x7D, 0xEF, 0x7D, 0xEF, 0x7D, 0xEF, 0x7D, 0xEF, 0x7D, 0xEF,
    0x7D, 0xEF, 0x7D, 0xEF, 0x7D, 0xEF, 0x7D, 0xEF, 0x7D, 0xEF, 0x7D, 0xEF, 0x9E, 0xF7, 0x9E, 0xF7,
    0x9E, 0xF7, 0x9E, 0xF7, 0x9E, 0xF7, 0x9E, 0xF7, 0x9E, 0xF7, 0x9E, 0xF7, 0x9E, 0xF7, 0x9E, 0xF7,
    0x9E, 0xF7, 0x9E, 0xF7, 0x9E, 0xF7, 0x9E, 0xF7, 0xBE, 0xF7, 0xBE, 0xF7, 0xBE, 0xF7, 0xBE, 0xF7,
    0xBE, 0xF7, 0xBE, 0xF7, 0xBE, 0xF7, 0xBE, 0xF7, 0xBE, 0xF7, 0xBE, 0xF7, 0xBE, 0xF7, 0xBE, 0xF7,
    0xBE, 0xF7, 0xBE, 0xF7, 0xBE, 0xF7, 0xBE, 0xF7, 0xBE, 0xF7, 0xBE, 0xF7, 0xBE, 0xF7, 0xDE, 0xF7,
    0xDF, 0xFF, 0xDF, 0xFF, 0xDF, 0xFF, 0xDF, 0xFF, 0xDF, 0xFF, 0xDF, 0xFF, 0xDF, 0xFF, 0xDF, 0xFF,
    0xDF, 0xFF, 0xDF, 0xFF, 0xDF, 0xFF, 0xDF, 0xFF, 0xDF, 0xFF, 0xDF, 0xFF, 0xDF, 0xFF, 0xDF, 0xFF,
    0xDF, 0xFF, 0xDF, 0xFF, 0xDF, 0xFF, 0xDF, 0xFF, 0xDF, 0xFF, 0xDF, 0xFF, 0xDF, 0xFF, 0xDF, 0xFF,
    0xDF, 0xFF, 0xDF, 0xFF, 0xDF, 0xFF, 0xFF, 0xFF, 0xFF, 0xFF, 0xFF, 0xFF, 0xFF, 0xFF, 0xFF, 0xFF,
    0xFF, 0xFF, 0xFF, 0xFF, 0xFF, 0xFF, 0xFF, 0xFF, 0xFF, 0xFF, 0xFF, 0xFF, 0xFF, 0xFF, 0xFF, 0xFF,
    0xFF, 0xFF, 0xFF, 0xFF, 0xFF, 0xFF, 0xFF, 0xFF, 0xFF, 0xFF, 0xFF, 0xFF, 0xFF, 0xFF, 0xFF, 0xFF,
    0xFF, 0xFF, 0xFF, 0xFF, 0xFF, 0xFF, 0xFF, 0xFF, 0xFF, 0xFF, 0xFF, 0xFF, 0xFF, 0xFF, 0xFF, 0xFF,
    0xFF, 0xFF, 0xFF, 0xFF, 0xFF, 0xFF, 0xFF, 0xFF, 0xFF, 0xFF, 0xFF, 0xFF, 0xFF, 0xFF, 0xFF, 0xFF,
    0xFF, 0xFF, 0xFF, 0xFF, 0xFF, 0xFF, 0xFF, 0xFF, 0xFF, 0xFF, 0xFF, 0xFF, 0xFF, 0xFF, 0xFF, 0xFF,
    0xFF, 0xFF, 0xFF, 0xFF, 0xFF, 0xFF, 0xFF, 0xFF, 0xFF, 0xFF, 0xFF, 0xFF, 0xFF, 0xFF, 0xFF, 0xFF,
    0xFF, 0xFF, 0xFF, 0xFF, 0xFF, 0xFF, 0xFF, 0xFF, 0xFF, 0xFF, 0xFF, 0xFF, 0xFF, 0xFF, 0xFF, 0xFF,
    0xFF, 0xFF, 0xFF, 0xFF, 0xFF, 0xFF, 0xFF, 0xFF, 0xFF, 0xFF, 0xFF, 0xFF, 0xFF, 0xFF, 0xFF, 0xFF,
    0xFF, 0xFF, 0xFF, 0xFF, 0xFF, 0xFF, 0xFF, 0xFF, 0xFF, 0xFF, 0xFF, 0xFF, 0xFF, 0xFF, 0xFF, 0xFF,
    0xFF, 0xFF, 0xFF, 0xFF, 0xFF, 0xFF, 0xFF, 0xFF, 0xFF, 0xFF, 0xFF, 0xFF, 0xFF, 0xFF, 0xFF, 0xFF,
    0xFF, 0xFF, 0xFF, 0xFF, 0xFF, 0xFF, 0xFF, 0xFF, 0xFF, 0xFF, 0xFF, 0xFF, 0xFF, 0xFF, 0xFF, 0xFF,
    0xFF, 0xFF, 0xFF, 0xFF, 0xFF, 0xFF, 0xFF, 0xFF, 0x75, 0xAD, 0x24, 0x21, 0x24, 0x21, 0x24, 0x21,
    0x24, 0x21, 0x24, 0x21, 0x24, 0x21, 0x24, 0x21, 0x24, 0x21, 0x24, 0x21, 0x24, 0x21, 0x24, 0x21,
    0x24, 0x21, 0x24, 0x21, 0x24, 0x21, 0x24, 0x21, 0x24, 0x21, 0x24, 0x21, 0x24, 0x21, 0x24, 0x21,
    0x24, 0x21, 0x24, 0x21, 0x24, 0x21, 0x24, 0x21, 0x24, 0x21, 0x24, 0x21, 0x24, 0x21, 0x24, 0x21,
    0x24, 0x21, 0x24, 0x21, 0x24, 0x21, 0x24, 0x21, 0x24, 0x21, 0x24, 0x21, 0x24, 0x21, 0x24, 0x21,
    0x24, 0x21, 0x24, 0x21, 0x24, 0x21, 0x24, 0x21, 0x24, 0x21, 0x24, 0x21, 0x24, 0x21, 0x24, 0x21,
    0x24, 0x21, 0x24, 0x21, 0x24, 0x21, 0x24, 0x21, 0x24, 0x21, 0x24, 0x21, 0x24, 0x21, 0x24, 0x21,
    0x24, 0x21, 0x24, 0x21, 0x24, 0x21, 0x24, 0x21, 0x24, 0x21, 0x24, 0x21, 0x24, 0x21, 0x24, 0x21,
    0x24, 0x21, 0x24, 0x21, 0x24, 0x21, 0x24, 0x21, 0x24, 0x21, 0x24, 0x21, 0x24, 0x21, 0x24, 0x21,
    0x24, 0x21, 0x24, 0x21, 0x24, 0x21, 0x24, 0x21, 0x24, 0x21, 0x24, 0x21, 0x24, 0x21, 0x24, 0x21,
    0x24, 0x21, 0x24, 0x21, 0x24, 0x21, 0x24, 0x21, 0x24, 0x21, 0x24, 0x21, 0x24, 0x21, 0x24, 0x21,
    0x24, 0x21, 0x24, 0x21, 0x24, 0x21, 0x24, 0x21, 0x24, 0x21, 0x24, 0x21, 0x24, 0x21, 0x24, 0x21,
    0x24, 0x21, 0x24, 0x21, 0x24, 0x21, 0x1C, 0xDF, 0x1C, 0xE7, 0x3C, 0xE7, 0x5D, 0xEF, 0x7D, 0xEF,
    0xFB, 0xDE, 0xFB, 0xDE, 0xFB, 0xDE, 0x1C, 0xE7, 0x1C, 0xE7, 0x1C, 0xE7, 0x1C, 0xE7, 0x1C, 0xE7,
    0x1C, 0xE7, 0x1C, 0xE7, 0x1C, 0xE7, 0x1C, 0xE7, 0x1C, 0xE7, 0x1C, 0xE7, 0x1C, 0xE7, 0x1C, 0xE7,
    0x1C, 0xE7, 0x1C, 0xE7, 0x1C, 0xE7, 0x1C, 0xE7, 0x1C, 0xE7, 0x1C, 0xE7, 0x1C, 0xE7, 0x1C, 0xE7,
    0x3C, 0xE7, 0x3C, 0xE7, 0x3C, 0xE7, 0x3C, 0xE7, 0x3C, 0xE7, 0x3C, 0xE7, 0x3C, 0xE7, 0x3C, 0xE7,
    0x3C, 0xE7, 0x3C, 0xE7, 0x3C, 0xE7, 0x3C, 0xE7, 0x3C, 0xE7, 0x3C, 0xE7, 0x5D, 0xEF, 0x5D, 0xEF,
    0x5D, 0xEF, 0x5D, 0xEF, 0x5D, 0xEF, 0x5D, 0xEF, 0x5D, 0xEF, 0x5D, 0xEF, 0x5D, 0xEF, 0x5D, 0xEF,
    0x5D, 0xEF, 0x5D, 0xEF, 0x5D, 0xEF, 0x7D, 0xEF, 0x7D, 0xEF, 0x7D, 0xEF, 0x7D, 0xEF, 0x7D, 0xEF,
    0x7D, 0xEF, 0x7D, 0xEF, 0x7D, 0xEF, 0x7D, 0xEF, 0x7D, 0xEF, 0x7D, 0xEF, 0x7D, 0xEF, 0x9E, 0xF7,
    0x9E, 0xF7, 0x9E, 0xF7, 0x9E, 0xF7, 0x9E, 0xF7, 0x9E, 0xF7, 0x9E, 0xF7, 0x9E, 0xF7, 0x9E, 0xF7,
    0x9E, 0xF7, 0x9E, 0xF7, 0x9E, 0xF7, 0x9E, 0xF7, 0xBE, 0xF7, 0xBE, 0xF7, 0xBE, 0xF7, 0xBE, 0xF7,
    0xBE, 0xF7, 0xBE, 0xF7, 0xBE, 0xF7, 0xBE, 0xF7, 0xBE, 0xF7, 0xBE, 0xF7, 0xBE, 0xF7, 0xBE, 0xF7,
    0xBE, 0xF7, 0xBE, 0xF7, 0xBE, 0xF7, 0xBE, 0xF7, 0xBE, 0xF7, 0xBE, 0xF7, 0xBE, 0xF7, 0xBE, 0xF7,
    0xDF, 0xFF, 0xDF, 0xFF, 0xDF, 0xFF, 0xDF, 0xFF, 0xDF, 0xFF, 0xDF, 0xFF, 0xDF, 0xFF, 0xDF, 0xFF,
    0xDF, 0xFF, 0xDF, 0xFF, 0xDF, 0xFF, 0xDF, 0xFF, 0xDF, 0xFF, 0xDF, 0xFF, 0xDF, 0xFF, 0xDF, 0xFF,
    0xDF, 0xFF, 0xDF, 0xFF, 0xDF, 0xFF, 0xDF, 0xFF, 0xDF, 0xFF, 0xDF, 0xFF, 0xDF, 0xFF, 0xDF, 0xFF,
    0xDF, 0xFF, 0xDF, 0xFF, 0xDF, 0xFF, 0xFF, 0xFF, 0xFF, 0xFF, 0xFF, 0xFF, 0xFF, 0xFF, 0xFF, 0xFF,
    0xFF, 0xFF, 0xFF, 0xFF, 0xFF, 0xFF, 0xFF, 0xFF, 0xFF, 0xFF, 0xFF, 0xFF, 0xFF, 0xFF, 0xFF, 0xFF,
    0xFF, 0xFF, 0xFF, 0xFF, 0xFF, 0xFF, 0xFF, 0xFF, 0xFF, 0xFF, 0xFF, 0xFF, 0xFF, 0xFF, 0xFF, 0xFF,
    0xFF, 0xFF, 0xFF, 0xFF, 0xFF, 0xFF, 0xFF, 0xFF, 0xFF, 0xFF, 0xFF, 0xFF, 0xFF, 0xFF, 0xFF, 0xFF,
    0xFF, 0xFF, 0xFF, 0xFF, 0xFF, 0xFF, 0xFF, 0xFF, 0xFF, 0xFF, 0xFF, 0xFF, 0xFF, 0xFF, 0xFF, 0xFF,
    0xFF, 0xFF, 0xFF, 0xFF, 0xFF, 0xFF, 0xFF, 0xFF, 0xFF, 0xFF, 0xFF, 0xFF, 0xFF, 0xFF, 0xFF, 0xFF,
    0xFF, 0xFF, 0xFF, 0xFF, 0xFF, 0xFF, 0xFF, 0xFF, 0xFF, 0xFF, 0xFF, 0xFF, 0xFF, 0xFF, 0xFF, 0xFF,
    0xFF, 0xFF, 0xFF, 0xFF, 0xFF, 0xFF, 0xFF, 0xFF, 0xFF, 0xFF, 0xFF, 0xFF, 0xFF, 0xFF, 0xFF, 0xFF,
    0xFF, 0xFF, 0xFF, 0xFF, 0xFF, 0xFF, 0xFF, 0xFF, 0xFF, 0xFF, 0xFF, 0xFF, 0xFF, 0xFF, 0xFF, 0xFF,
    0xFF, 0xFF, 0xFF, 0xFF, 0xFF, 0xFF, 0xFF, 0xFF, 0xFF, 0xFF, 0xFF, 0xFF, 0xFF, 0xFF, 0xFF, 0xFF,
    0xFF, 0xFF, 0xFF, 0xFF, 0xFF, 0xFF, 0xFF, 0xFF, 0xFF, 0xFF, 0xFF, 0xFF, 0xFF, 0xFF, 0xFF, 0xFF,
    0xFF, 0xFF, 0xFF, 0xFF, 0xFF, 0xFF, 0xFF, 0xFF, 0xFF, 0xFF, 0xFF, 0xFF, 0xFF, 0xFF, 0xFF, 0xFF,
    0xFF, 0xFF, 0xFF, 0xFF, 0xFF, 0xFF, 0xF3, 0x9C, 0x24, 0x21, 0x24, 0x21, 0x24, 0x21, 0x24, 0x21,
    0x24, 0x21, 0x24, 0x21, 0x24, 0x21, 0x24, 0x21, 0x24, 0x21, 0x24, 0x21, 0x24, 0x21, 0x24, 0x21,
    0x24, 0x21, 0x24, 0x21, 0x24, 0x21, 0x24, 0x21, 0x24, 0x21, 0x24, 0x21, 0x24, 0x21, 0x24, 0x21,
    0x24, 0x21, 0x24, 0x21, 0x24, 0x21, 0x24, 0x21, 0x24, 0x21, 0x24, 0x21, 0x24, 0x21, 0x24, 0x21,
    0x24, 0x21, 0x24, 0x21, 0x24, 0x21, 0x24, 0x21, 0x24, 0x21, 0x24, 0x21, 0x24, 0x21, 0x24, 0x21,
    0x24, 0x21, 0x24, 0x21, 0x24, 0x21, 0x24, 0x21, 0x24, 0x21, 0x24, 0x21, 0x24, 0x21, 0x24, 0x21,
    0x24, 0x21, 0x24, 0x21, 0x24, 0x21, 0x24, 0x21, 0x24, 0x21, 0x24, 0x21, 0x24, 0x21, 0x24, 0x21,
    0x24, 0x21, 0x24, 0x21, 0x24, 0x21, 0x24, 0x21, 0x24, 0x21, 0x24, 0x21, 0x24, 0x21, 0x24, 0x21,
    0x24, 0x21, 0x24, 0x21, 0x24, 0x21, 0x24, 0x21, 0x24, 0x21, 0x24, 0x21, 0x24, 0x21, 0x24, 0x21,
    0x24, 0x21, 0x24, 0x21, 0x24, 0x21, 0x24, 0x21, 0x24, 0x21, 0x24, 0x21, 0x24, 0x21, 0x24, 0x21,
    0x24, 0x21, 0x24, 0x21, 0x24, 0x21, 0x24, 0x21, 0x24, 0x21, 0x24, 0x21, 0x24, 0x21, 0x24, 0x21,
    0x24, 0x21, 0x24, 0x21, 0x24, 0x21, 0x24, 0x21, 0x24, 0x21, 0x24, 0x21, 0x24, 0x21, 0x24, 0x21,
    0x24, 0x21, 0x24, 0x21, 0x24, 0x21, 0xFB, 0xDE, 0x1C, 0xE7, 0x3C, 0xE7, 0x5D, 0xEF, 0x7D, 0xEF,
    0xFB, 0xDE, 0xFB, 0xDE, 0xFB, 0xDE, 0xFB, 0xDE, 0xFB, 0xDE, 0xFB, 0xDE, 0x1C, 0xE7, 0x1C, 0xE7,
    0x1C, 0xE7, 0x1C, 0xE7, 0x1C, 0xE7, 0x1C, 0xE7, 0x1C, 0xE7, 0x1C, 0xE7, 0x1C, 0xE7, 0x1C, 0xE7,
    0x1C, 0xE7, 0x1C, 0xE7, 0x1C, 0xE7, 0x1C, 0xE7, 0x1C, 0xE7, 0x1C, 0xE7, 0x1C, 0xE7, 0x1C, 0xE7,
    0x1C, 0xE7, 0x3C, 0xE7, 0x3C, 0xE7, 0x3C, 0xE7, 0x3C, 0xE7, 0x3C, 0xE7, 0x3C, 0xE7, 0x3C, 0xE7,
    0x3C, 0xE7, 0x3C, 0xE7, 0x3C, 0xE7, 0x3C, 0xE7, 0x3C, 0xE7, 0x3C, 0xE7, 0x3C, 0xE7, 0x5D, 0xEF,
    0x5D, 0xEF, 0x5D, 0xEF, 0x5D, 0xEF, 0x5D, 0xEF, 0x5D, 0xEF, 0x5D, 0xEF, 0x5D, 0xEF, 0x5D, 0xEF,
    0x5D, 0xEF, 0x5D, 0xEF, 0x5D, 0xEF, 0x5D, 0xEF, 0x7D, 0xEF, 0x7D, 0xEF, 0x7D, 0xEF, 0x7D, 0xEF,
    0x7D, 0xEF, 0x7D, 0xEF, 0x7D, 0xEF, 0x7D, 0xEF, 0x7D, 0xEF, 0x7D, 0xEF, 0x7D, 0xEF, 0x7D, 0xEF,
    0x9E, 0xF7, 0x9E, 0xF7, 0x9E, 0xF7, 0x9E, 0xF7, 0x9E, 0xF7, 0x9E, 0xF7, 0x9E, 0xF7, 0x9E, 0xF7,
    0x9E, 0xF7, 0x9E, 0xF7, 0x9E, 0xF7, 0x9E, 0xF7, 0x9E, 0xF7, 0xBE, 0xF7, 0xBE, 0xF7, 0xBE, 0xF7,
    0xBE, 0xF7, 0xBE, 0xF7, 0xBE, 0xF7, 0xBE, 0xF7, 0xBE, 0xF7, 0xBE, 0xF7, 0xBE, 0xF7, 0xBE, 0xF7,
    0xBE, 0xF7, 0xBE, 0xF7, 0xBE, 0xF7, 0xBE, 0xF7, 0xBE, 0xF7, 0xBE, 0xF7, 0xBE, 0xF7, 0xBE, 0xF7,
    0xDF, 0xFF, 0xDF, 0xFF, 0xDF, 0xFF, 0xDF, 0xFF, 0xDF, 0xFF, 0xDF, 0xFF, 0xDF, 0xFF, 0xDF, 0xFF,
    0xDF, 0xFF, 0xDF, 0xFF, 0xDF, 0xFF, 0xDF, 0xFF, 0xDF, 0xFF, 0xDF, 0xFF, 0xDF, 0xFF, 0xDF, 0xFF,
    0xDF, 0xFF, 0xDF, 0xFF, 0xDF, 0xFF, 0xDF, 0xFF, 0xDF, 0xFF, 0xDF, 0xFF, 0xDF, 0xFF, 0xDF, 0xFF,
    0xDF, 0xFF, 0xDF, 0xFF, 0xDF, 0xFF, 0xFF, 0xFF, 0xFF, 0xFF, 0xFF, 0xFF, 0xFF, 0xFF, 0xFF, 0xFF,
    0xFF, 0xFF, 0xFF, 0xFF, 0xFF, 0xFF, 0xFF, 0xFF, 0xFF, 0xFF, 0xFF, 0xFF, 0xFF, 0xFF, 0xFF, 0xFF,
    0xFF, 0xFF, 0xFF, 0xFF, 0xFF, 0xFF, 0xFF, 0xFF, 0xFF, 0xFF, 0xFF, 0xFF, 0xFF, 0xFF, 0xFF, 0xFF,
    0xFF, 0xFF, 0xFF, 0xFF, 0xFF, 0xFF, 0xFF, 0xFF, 0xFF, 0xFF, 0xFF, 0xFF, 0xFF, 0xFF, 0xFF, 0xFF,
    0xFF, 0xFF, 0xFF, 0xFF, 0xFF, 0xFF, 0xFF, 0xFF, 0xFF, 0xFF, 0xFF, 0xFF, 0xFF, 0xFF, 0xFF, 0xFF,
    0xFF, 0xFF, 0xFF, 0xFF, 0x1C, 0xE7, 0x92, 0x94, 0x92, 0x94, 0x92, 0x94, 0x92, 0x94, 0x92, 0x94,
    0x92, 0x94, 0x92, 0x94, 0x92, 0x94, 0x92, 0x94, 0x92, 0x94, 0x92, 0x94, 0x92, 0x94, 0x92, 0x94,
    0x92, 0x94, 0x92, 0x94, 0x92, 0x94, 0x92, 0x94, 0x92, 0x94, 0x92, 0x94, 0x92, 0x94, 0x92, 0x94,
    0x92, 0x94, 0x92, 0x94, 0x92, 0x94, 0x92, 0x94, 0x92, 0x94, 0x92, 0x94, 0x92, 0x94, 0x92, 0x94,
    0x92, 0x94, 0x92, 0x94, 0x92, 0x94, 0x92, 0x94, 0x92, 0x94, 0x92, 0x94, 0x92, 0x94, 0x92, 0x94,
    0x92, 0x94, 0x92, 0x94, 0x92, 0x94, 0x92, 0x94, 0x92, 0x94, 0x92, 0x94, 0x92, 0x94, 0x92, 0x94,
    0x92, 0x94, 0x92, 0x94, 0x92, 0x94, 0x92, 0x94, 0x92, 0x94, 0x92, 0x94, 0x92, 0x94, 0x92, 0x94,
    0x92, 0x94, 0x92, 0x94, 0xAE, 0x73, 0x24, 0x21, 0x24, 0x21, 0x24, 0x21, 0x24, 0x21, 0x24, 0x21,
    0x24, 0x21, 0x24, 0x21, 0x24, 0x21, 0x24, 0x21, 0x24, 0x21, 0x24, 0x21, 0x24, 0x21, 0x24, 0x21,
    0x24, 0x21, 0x24, 0x21, 0x24, 0x21, 0x24, 0x21, 0x24, 0x21, 0x24, 0x21, 0x24, 0x21, 0x24, 0x21,
    0x24, 0x21, 0x24, 0x21, 0x24, 0x21, 0x24, 0x21, 0x24, 0x21, 0x24, 0x21, 0x24, 0x21, 0x24, 0x21,
    0x24, 0x21, 0x24, 0x21, 0x24, 0x21, 0x24, 0x21, 0x24, 0x21, 0x24, 0x21, 0x24, 0x21, 0x24, 0x21,
    0x24, 0x21, 0x24, 0x21, 0x24, 0x21, 0x24, 0x21, 0x24, 0x21, 0x24, 0x21, 0x24, 0x21, 0x24, 0x21,
    0x24, 0x21, 0x24, 0x21, 0x24, 0x21, 0x24, 0x21, 0x24, 0x21, 0x24, 0x21, 0x24, 0x21, 0x24, 0x21,
    0x24, 0x21, 0x24, 0x21, 0x24, 0x21, 0x24, 0x21, 0x24, 0x21, 0x24, 0x21, 0x24, 0x21, 0x24, 0x21,
    0x24, 0x21, 0x24, 0x21, 0x24, 0x21, 0x24, 0x21, 0x24, 0x21, 0x24, 0x21, 0x24, 0x21, 0x24, 0x21,
    0x24, 0x21, 0x24, 0x21, 0x24, 0x21, 0x24, 0x21, 0x24, 0x21, 0x24, 0x21, 0x24, 0x21, 0x24, 0x21,
    0x24, 0x21, 0x24, 0x21, 0x24, 0x21, 0x24, 0x21, 0x24, 0x21, 0x24, 0x21, 0x24, 0x21, 0x24, 0x21,
    0x24, 0x21, 0x24, 0x21, 0x24, 0x21, 0x24, 0x21, 0x24, 0x21, 0x24, 0x21, 0x24, 0x21, 0x24, 0x21,
    0x24, 0x21, 0x24, 0x21, 0x24, 0x21, 0xFB, 0xDE, 0x1C, 0xE7, 0x3C, 0xE7, 0x5D, 0xEF, 0x7D, 0xEF,
    0xFB, 0xDE, 0xFB, 0xDE, 0xFB, 0xDE, 0xFB, 0xDE, 0xFB, 0xDE, 0xFB, 0xDE, 0xFB, 0xDE, 0xFB, 0xDE,
    0x1C, 0xE7, 0x1C, 0xE7, 0x1C, 0xE7, 0x1C, 0xE7, 0x1C, 0xE7, 0x1C, 0xE7, 0x1C, 0xE7, 0x1C, 0xE7,
    0x1C, 0xE7, 0x1C, 0xE7, 0x1C, 0xE7, 0x1C, 0xE7, 0x1C, 0xE7, 0x1C, 0xE7, 0x1C, 0xE7, 0x1C, 0xE7,
    0x1C, 0xE7, 0x1C, 0xE7, 0x3C, 0xE7, 0x3C, 0xE7, 0x3C, 0xE7, 0x3C, 0xE7, 0x3C, 0xE7, 0x3C, 0xE7,
    0x3C, 0xE7, 0x3C, 0xE7, 0x3C, 0xE7, 0x3C, 0xE7, 0x3C, 0xE7, 0x3C, 0xE7, 0x3C, 0xE7, 0x3C, 0xE7,
    0x5D, 0xEF, 0x5D, 0xEF, 0x5D, 0xEF, 0x5D, 0xEF, 0x5D, 0xEF, 0x5D, 0xEF, 0x5D, 0xEF, 0x5D, 0xEF,
    0x5D, 0xEF, 0x5D, 0xEF, 0x5D, 0xEF, 0x5D, 0xEF, 0x7D, 0xEF, 0x7D, 0xEF, 0x7D, 0xEF, 0x7D, 0xEF,
    0x7D, 0xEF, 0x7D, 0xEF, 0x7D, 0xEF, 0x7D, 0xEF, 0x7D, 0xEF, 0x7D, 0xEF, 0x7D, 0xEF, 0x7D, 0xEF,
    0x9E, 0xF7, 0x9E, 0xF7, 0x9E, 0xF7, 0x9E, 0xF7, 0x9E, 0xF7, 0x9E, 0xF7, 0x9E, 0xF7, 0x9E, 0xF7,
    0x9E, 0xF7, 0x9E, 0xF7, 0x9E, 0xF7, 0x9E, 0xF7, 0x9E, 0xF7, 0xBE, 0xF7, 0xBE, 0xF7, 0xBE, 0xF7,
    0xBE, 0xF7, 0xBE, 0xF7, 0xBE, 0xF7, 0xBE, 0xF7, 0xBE, 0xF7, 0xBE, 0xF7, 0xBE, 0xF7, 0xBE, 0xF7,
    0xBE, 0xF7, 0xBE, 0xF7, 0xBE, 0xF7, 0xBE, 0xF7, 0xBE, 0xF7, 0xBE, 0xF7, 0xBE, 0xF7, 0xBE, 0xF7,
    0xDF, 0xFF, 0xDF, 0xFF, 0xDF, 0xFF, 0xDF, 0xFF, 0xDF, 0xFF, 0xDF, 0xFF, 0xDF, 0xFF, 0xDF, 0xFF,
    0xDF, 0xFF, 0xDF, 0xFF, 0xDF, 0xFF, 0xDF, 0xFF, 0xDF, 0xFF, 0xDF, 0xFF, 0xDF, 0xFF, 0xDF, 0xFF,
    0xDF, 0xFF, 0xDF, 0xFF, 0xDF, 0xFF, 0xDF, 0xFF, 0xDF, 0xFF, 0xDF, 0xFF, 0xDF, 0xFF, 0xDF, 0xFF,
    0xDF, 0xFF, 0xDF, 0xFF, 0xDF, 0xFF, 0xDF, 0xFF, 0xFF, 0xFF, 0xFF, 0xFF, 0xFF, 0xFF, 0xFF, 0xFF,
    0xFF, 0xFF, 0xFF, 0xFF, 0xFF, 0xFF, 0xFF, 0xFF, 0xFF, 0xFF, 0xFF, 0xFF, 0xFF, 0xFF, 0xFF, 0xFF,
    0xFF, 0xFF, 0xFF, 0xFF, 0xFF, 0xFF, 0xFF, 0xFF, 0xFF, 0xFF, 0xFF, 0xFF, 0xFF, 0xFF, 0xFF, 0xFF,
    0xFF, 0xFF, 0xFF, 0xFF, 0xFF, 0xFF, 0xFF, 0xFF, 0xFF, 0xFF, 0xFF, 0xFF, 0xFF, 0xFF, 0xFF, 0xFF,
    0xFF, 0xFF, 0xFF, 0xFF, 0xFF, 0xFF, 0xFF, 0xFF, 0xFF, 0xFF, 0xFF, 0xFF, 0xFF, 0xFF, 0xFF, 0xFF,
    0xFF, 0xFF, 0x9E, 0xF7, 0x08, 0x42, 0x24, 0x21, 0x24, 0x21, 0x24, 0x21, 0x24, 0x21, 0x24, 0x21,
    0x24, 0x21, 0x24, 0x21, 0x24, 0x21, 0x24, 0x21, 0x24, 0x21, 0x24, 0x21, 0x24, 0x21, 0x24, 0x21,
    0x24, 0x21, 0x24, 0x21, 0x24, 0x21, 0x24, 0x21, 0x24, 0x21, 0x24, 0x21, 0x24, 0x21, 0x24, 0x21,
    0x24, 0x21, 0x24, 0x21, 0x24, 0x21, 0x24, 0x21, 0x24, 0x21, 0x24, 0x21, 0x24, 0x21, 0x24, 0x21,
    0x24, 0x21, 0x24, 0x21, 0x24, 0x21, 0x24, 0x21, 0x24, 0x21, 0x24, 0x21, 0x24, 0x21, 0x24, 0x21,
    0x24, 0x21, 0x24, 0x21, 0x24, 0x21, 0x24, 0x21, 0x24, 0x21, 0x24, 0x21, 0x24, 0x21, 0x24, 0x21,
    0x24, 0x21, 0x24, 0x21, 0x24, 0x21, 0x24, 0x21, 0x24, 0x21, 0x24, 0x21, 0x24, 0x21, 0x24, 0x21,
    0x24, 0x21, 0x24, 0x21, 0x24, 0x21, 0x24, 0x21, 0x24, 0x21, 0x24, 0x21, 0x24, 0x21, 0x24, 0x21,
    0x24, 0x21, 0x24, 0x21, 0x24, 0x21, 0x24, 0x21, 0x24, 0x21, 0x24, 0x21, 0x24, 0x21, 0x24, 0x21,
    0x24, 0x21, 0x24, 0x21, 0x24, 0x21, 0x24, 0x21, 0x24, 0x21, 0x24, 0x21, 0x24, 0x21, 0x24, 0x21,
    0x24, 0x21, 0x24, 0x21, 0x24, 0x21, 0x24, 0x21, 0x24, 0x21, 0x24, 0x21, 0x24, 0x21, 0x24, 0x21,
    0x24, 0x21, 0x24, 0x21, 0x24, 0x21, 0x24, 0x21, 0x24, 0x21, 0x24, 0x21, 0x24, 0x21, 0x24, 0x21,
    0x24, 0x21, 0x24, 0x21, 0x24, 0x21, 0x24, 0x21, 0x24, 0x21, 0x24, 0x21, 0x24, 0x21, 0x24, 0x21,
    0x24, 0x21, 0x24, 0x21, 0x24, 0x21, 0x24, 0x21, 0x24, 0x21, 0x24, 0x21, 0x24, 0x21, 0x24, 0x21,
    0x24, 0x21, 0x24, 0x21, 0x24, 0x21, 0x24, 0x21, 0x24, 0x21, 0x24, 0x21, 0x24, 0x21, 0x24, 0x21,
    0x24, 0x21, 0x24, 0x21, 0x24, 0x21, 0x24, 0x21, 0x24, 0x21, 0x24, 0x21, 0x24, 0x21, 0x24, 0x21,
    0x24, 0x21, 0x24, 0x21, 0x24, 0x21, 0x24, 0x21, 0x24, 0x21, 0x24, 0x21, 0x24, 0x21, 0x24, 0x21,
    0x24, 0x21, 0x24, 0x21, 0x24, 0x21, 0x24, 0x21, 0x24, 0x21, 0x24, 0x21, 0x24, 0x21, 0x24, 0x21,
    0x24, 0x21, 0x24, 0x21, 0x24, 0x21, 0x24, 0x21, 0x24, 0x21, 0x24, 0x21, 0x24, 0x21, 0x24, 0x21,
    0x24, 0x21, 0x24, 0x21, 0x24, 0x21, 0x1C, 0xDF, 0x1C, 0xE7, 0x3C, 0xE7, 0x5D, 0xEF, 0x7D, 0xEF,
    0xFB, 0xDE, 0xFB, 0xDE, 0xFB, 0xDE, 0xFB, 0xDE, 0xFB, 0xDE, 0xFB, 0xDE, 0xFB, 0xDE, 0xFB, 0xDE,
    0xFB, 0xDE, 0xFB, 0xDE, 0x1C, 0xE7, 0x1C, 0xE7, 0x1C, 0xE7, 0x1C, 0xE7, 0x1C, 0xE7, 0x1C, 0xE7,
    0x1C, 0xE7, 0x1C, 0xE7, 0x1C, 0xE7, 0x1C, 0xE7, 0x1C, 0xE7, 0x1C, 0xE7, 0x1C, 0xE7, 0x1C, 0xE7,
    0x1C, 0xE7, 0x1C, 0xE7, 0x1C, 0xE7, 0x3C, 0xE7, 0x3C, 0xE7, 0x3C, 0xE7, 0x3C, 0xE7, 0x3C, 0xE7,
    0x3C, 0xE7, 0x3C, 0xE7, 0x3C, 0xE7, 0x3C, 0xE7, 0x3C, 0xE7, 0x3C, 0xE7, 0x3C, 0xE7, 0x3C, 0xE7,
    0x3C, 0xE7, 0x5D, 0xEF, 0x5D, 0xEF, 0x5D, 0xEF, 0x5D, 0xEF, 0x5D, 0xEF, 0x5D, 0xEF, 0x5D, 0xEF,
    0x5D, 0xEF, 0x5D, 0xEF, 0x5D, 0xEF, 0x5D, 0xEF, 0x5D, 0xEF, 0x7D, 0xEF, 0x7D, 0xEF, 0x7D, 0xEF,
    0x7D, 0xEF, 0x7D, 0xEF, 0x7D, 0xEF, 0x7D, 0xEF, 0x7D, 0xEF, 0x7D, 0xEF, 0x7D, 0xEF, 0x7D, 0xEF,
    0x7D, 0xEF, 0x9E, 0xF7, 0x9E, 0xF7, 0x9E, 0xF7, 0x9E, 0xF7, 0x9E, 0xF7, 0x9E, 0xF7, 0x9E, 0xF7,
    0x9E, 0xF7, 0x9E, 0xF7, 0x9E, 0xF7, 0x9E, 0xF7, 0x9E, 0xF7, 0x9E, 0xF7, 0xBE, 0xF7, 0xBE, 0xF7,
    0xBE, 0xF7, 0xBE, 0xF7, 0xBE, 0xF7, 0xBE, 0xF7, 0xBE, 0xF7, 0xBE, 0xF7, 0xBE, 0xF7, 0xBE, 0xF7,
    0xBE, 0xF7, 0xBE, 0xF7, 0xBE, 0xF7, 0xBE, 0xF7, 0xBE, 0xF7, 0xBE, 0xF7, 0xBE, 0xF7, 0xBE, 0xF7,
    0xDE, 0xF7, 0xDF, 0xFF, 0xDF, 0xFF, 0xDF, 0xFF, 0xDF, 0xFF, 0xDF, 0xFF, 0xDF, 0xFF, 0xDF, 0xFF,
    0xDF, 0xFF, 0xDF, 0xFF, 0xDF, 0xFF, 0xDF, 0xFF, 0xDF, 0xFF, 0xDF, 0xFF, 0xDF, 0xFF, 0xDF, 0xFF,
    0xDF, 0xFF, 0xDF, 0xFF, 0xDF, 0xFF, 0xDF, 0xFF, 0xDF, 0xFF, 0xDF, 0xFF, 0xDF, 0xFF, 0xDF, 0xFF,
    0xDF, 0xFF, 0xDF, 0xFF, 0xDF, 0xFF, 0xDF, 0xFF, 0xFF, 0xFF, 0xFF, 0xFF, 0xFF, 0xFF, 0xFF, 0xFF,
    0xFF, 0xFF, 0xFF, 0xFF, 0xFF, 0xFF, 0xFF, 0xFF, 0xFF, 0xFF, 0xFF, 0xFF, 0xFF, 0xFF, 0xFF, 0xFF,
    0xFF, 0xFF, 0xFF, 0xFF, 0xFF, 0xFF, 0xFF, 0xFF, 0xFF, 0xFF, 0xFF, 0xFF, 0xFF, 0xFF, 0xFF, 0xFF,
    0xFF, 0xFF, 0xFF, 0xFF, 0xFF, 0xFF, 0xFF, 0xFF, 0xFF, 0xFF, 0xFF, 0xFF, 0xFF, 0xFF, 0xFF, 0xFF,
    0xFF, 0xFF, 0xFF, 0xFF, 0xFF, 0xFF, 0xFF, 0xFF, 0xFF, 0xFF, 0xFF, 0xFF, 0xFF, 0xFF, 0xFF, 0xFF,
    0xFF, 0xFF, 0x69, 0x4A, 0x24, 0x21, 0x24, 0x21, 0x24, 0x21, 0x24, 0x21, 0x24, 0x21, 0x24, 0x21,
    0x24, 0x21, 0x24, 0x21, 0x24, 0x21, 0x24, 0x21, 0x24, 0x21, 0x24, 0x21, 0x24, 0x21, 0x24, 0x21,
    0x24, 0x21, 0x24, 0x21, 0x24, 0x21, 0x24, 0x21, 0x24, 0x21, 0x24, 0x21, 0x24, 0x21, 0x24, 0x21,
    0x24, 0x21, 0x24, 0x21, 0x24, 0x21, 0x24, 0x21, 0x24, 0x21, 0x24, 0x21, 0x24, 0x21, 0x24, 0x21,
    0x24, 0x21, 0x24, 0x21, 0x24, 0x21, 0x24, 0x21, 0x24, 0x21, 0x24, 0x21, 0x24, 0x21, 0x24, 0x21,
    0x24, 0x21, 0x24, 0x21, 0x24, 0x21, 0x24, 0x21, 0x24, 0x21, 0x24, 0x21, 0x24, 0x21, 0x24, 0x21,
    0x24, 0x21, 0x24, 0x21, 0x24, 0x21, 0x24, 0x21, 0x24, 0x21, 0x24, 0x21, 0x24, 0x21, 0x24, 0x21,
    0x24, 0x21, 0x24, 0x21, 0x24, 0x21, 0x24, 0x21, 0x24, 0x21, 0x24, 0x21, 0x24, 0x21, 0x24, 0x21,
    0x24, 0x21, 0x24, 0x21, 0x24, 0x21, 0x24, 0x21, 0x24, 0x21, 0x24, 0x21, 0x24, 0x21, 0x24, 0x21,
    0x24, 0x21, 0x24, 0x21, 0x24, 0x21, 0x24, 0x21, 0x24, 0x21, 0x24, 0x21, 0x24, 0x21, 0x24, 0x21,
    0x24, 0x21, 0x24, 0x21, 0x24, 0x21, 0x24, 0x21, 0x24, 0x21, 0x24, 0x21, 0x24, 0x21, 0x24, 0x21,
    0x24, 0x21, 0x24, 0x21, 0x24, 0x21, 0x24, 0x21, 0x24, 0x21, 0x24, 0x21, 0x24, 0x21, 0x24, 0x21,
    0x24, 0x21, 0x24, 0x21, 0x24, 0x21, 0x24, 0x21, 0x24, 0x21, 0x24, 0x21, 0x24, 0x21, 0x24, 0x21,
    0x24, 0x21, 0x24, 0x21, 0x24, 0x21, 0x24, 0x21, 0x24, 0x21, 0x24, 0x21, 0x24, 0x21, 0x24, 0x21,
    0x24, 0x21, 0x24, 0x21, 0x24, 0x21, 0x24, 0x21, 0x24, 0x21, 0x24, 0x21, 0x24, 0x21, 0x24, 0x21,
    0x24, 0x21, 0x24, 0x21, 0x24, 0x21, 0x24, 0x21, 0x24, 0x21, 0x24, 0x21, 0x24, 0x21, 0x24, 0x21,
    0x24, 0x21, 0x24, 0x21, 0x24, 0x21, 0x24, 0x21, 0x24, 0x21, 0x24, 0x21, 0x24, 0x21, 0x24, 0x21,
    0x24, 0x21, 0x24, 0x21, 0x24, 0x21, 0x24, 0x21, 0x24, 0x21, 0x24, 0x21, 0x24, 0x21, 0x24, 0x21,
    0x24, 0x21, 0x24, 0x21, 0x24, 0x21, 0x24, 0x21, 0x24, 0x21, 0x24, 0x21, 0x24, 0x21, 0x24, 0x21,
    0x24, 0x21, 0x24, 0x21, 0x24, 0x21, 0x1C, 0xDF, 0x1C, 0xE7, 0x3C, 0xE7, 0x5D, 0xEF, 0x7D, 0xEF,
    0xFB, 0xDE, 0xFB, 0xDE, 0xFB, 0xDE, 0xFB, 0xDE, 0xFB, 0xDE, 0xFB, 0xDE, 0xFB, 0xDE, 0xFB, 0xDE,
    0xFB, 0xDE, 0xFB, 0xDE, 0xFB, 0xDE, 0xFB, 0xDE, 0x1C, 0xE7, 0x1C, 0xE7, 0x1C, 0xE7, 0x1C, 0xE7,
    0x1C, 0xE7, 0x1C, 0xE7, 0x1C, 0xE7, 0x1C, 0xE7, 0x1C, 0xE7, 0x1C, 0xE7, 0x1C, 0xE7, 0x1C, 0xE7,
    0x1C, 0xE7, 0x1C, 0xE7, 0x1C, 0xE7, 0x1C, 0xE7, 0x1C, 0xE7, 0x3C, 0xE7, 0x3C, 0xE7, 0x3C, 0xE7,
    0x3C, 0xE7, 0x3C, 0xE7, 0x3C, 0xE7, 0x3C, 0xE7, 0x3C, 0xE7, 0x3C, 0xE7, 0x3C, 0xE7, 0x3C, 0xE7,
    0x3C, 0xE7, 0x3C, 0xE7, 0x5D, 0xEF, 0x5D, 0xEF, 0x5D, 0xEF, 0x5D, 0xEF, 0x5D, 0xEF, 0x5D, 0xEF,
    0x5D, 0xEF, 0x5D, 0xEF, 0x5D, 0xEF, 0x5D, 0xEF, 0x5D, 0xEF, 0x5D, 0xEF, 0x7D, 0xEF, 0x7D, 0xEF,
    0x7D, 0xEF, 0x7D, 0xEF, 0x7D, 0xEF, 0x7D, 0xEF, 0x7D, 0xEF, 0x7D, 0xEF, 0x7D, 0xEF, 0x7D, 0xEF,
    0x7D, 0xEF, 0x7D, 0xEF, 0x9E, 0xF7, 0x9E, 0xF7, 0x9E, 0xF7, 0x9E, 0xF7, 0x9E, 0xF7, 0x9E, 0xF7,
    0x9E, 0xF7, 0x9E, 0xF7, 0x9E, 0xF7, 0x9E, 0xF7, 0x9E, 0xF7, 0x9E, 0xF7, 0x9E, 0xF7, 0xBE, 0xF7,
    0xBE, 0xF7, 0xBE, 0xF7, 0xBE, 0xF7, 0xBE, 0xF7, 0xBE, 0xF7, 0xBE, 0xF7, 0xBE, 0xF7, 0xBE, 0xF7,
    0xBE, 0xF7, 0xBE, 0xF7, 0xBE, 0xF7, 0xBE, 0xF7, 0xBE, 0xF7, 0xBE, 0xF7, 0xBE, 0xF7, 0xBE, 0xF7,
    0xDE, 0xF7, 0xDF, 0xFF, 0xDF, 0xFF, 0xDF, 0xFF, 0xDF, 0xFF, 0xDF, 0xFF, 0xDF, 0xFF, 0xDF, 0xFF,
    0xDF, 0xFF, 0xDF, 0xFF, 0xDF, 0xFF, 0xDF, 0xFF, 0xDF, 0xFF, 0xDF, 0xFF, 0xDF, 0xFF, 0xDF, 0xFF,
    0xDF, 0xFF, 0xDF, 0xFF, 0xDF, 0xFF, 0xDF, 0xFF, 0xDF, 0xFF, 0xDF, 0xFF, 0xDF, 0xFF, 0xDF, 0xFF,
    0xDF, 0xFF, 0xDF, 0xFF, 0xDF, 0xFF, 0xDF, 0xFF, 0xFF, 0xFF, 0xFF, 0xFF, 0xFF, 0xFF, 0xFF, 0xFF,
    0xFF, 0xFF, 0xFF, 0xFF, 0xFF, 0xFF, 0xFF, 0xFF, 0xFF, 0xFF, 0xFF, 0xFF, 0xFF, 0xFF, 0xFF, 0xFF,
    0xFF, 0xFF, 0xFF, 0xFF, 0xFF, 0xFF, 0xFF, 0xFF, 0xFF, 0xFF, 0xFF, 0xFF, 0xFF, 0xFF, 0xFF, 0xFF,
    0xFF, 0xFF, 0xFF, 0xFF, 0xFF, 0xFF, 0xFF, 0xFF, 0xFF, 0xFF, 0xFF, 0xFF, 0xFF, 0xFF, 0xFF, 0xFF,
    0xFF, 0xFF, 0xFF, 0xFF, 0xFF, 0xFF, 0xFF, 0xFF, 0xFF, 0xFF, 0xFF, 0xFF, 0xFF, 0xFF, 0xFF, 0xFF,
    0xAE, 0x73, 0x24, 0x21, 0x24, 0x21, 0x24, 0x21, 0x24, 0x21, 0x24, 0x21, 0x24, 0x21, 0x24, 0x21,
    0x24, 0x21, 0x24, 0x21, 0x24, 0x21, 0x24, 0x21, 0x24, 0x21, 0x24, 0x21, 0x24, 0x21, 0x24, 0x21,
    0x24, 0x21, 0x24, 0x21, 0x24, 0x21, 0x24, 0x21, 0x24, 0x21, 0x24, 0x21, 0x24, 0x21, 0x24, 0x21,
    0x24, 0x21, 0x24, 0x21, 0x24, 0x21, 0x24, 0x21, 0x24, 0x21, 0x24, 0x21, 0x24, 0x21, 0x24, 0x21,
    0x24, 0x21, 0x24, 0x21, 0x24, 0x21, 0x24, 0x21, 0x24, 0x21, 0x24, 0x21, 0x24, 0x21, 0x24, 0x21,
    0x24, 0x21, 0x24, 0x21, 0x24, 0x21, 0x24, 0x21, 0x24, 0x21, 0x24, 0x21, 0x24, 0x21, 0x24, 0x21,
    0x24, 0x21, 0x24, 0x21, 0x24, 0x21, 0x24, 0x21, 0x24, 0x21, 0x24, 0x21, 0x24, 0x21, 0x24, 0x21,
    0x24, 0x21, 0x24, 0x21, 0x24, 0x21, 0x24, 0x21, 0x24, 0x21, 0x24, 0x21, 0x24, 0x21, 0x24, 0x21,
    0x24, 0x21, 0x24, 0x21, 0x24, 0x21, 0x24, 0x21, 0x24, 0x21, 0x24, 0x21, 0x24, 0x21, 0x24, 0x21,
    0x24, 0x21, 0x24, 0x21, 0x24, 0x21, 0x24, 0x21, 0x24, 0x21, 0x24, 0x21, 0x24, 0x21, 0x24, 0x21,
    0x24, 0x21, 0x24, 0x21, 0x24, 0x21, 0x24, 0x21, 0x24, 0x21, 0x24, 0x21, 0x24, 0x21, 0x24, 0x21,
    0x24, 0x21, 0x24, 0x21, 0x24, 0x21, 0x24, 0x21, 0x24, 0x21, 0x24, 0x21, 0x24, 0x21, 0x24, 0x21,
    0x24, 0x21, 0x24, 0x21, 0x24, 0x21, 0x24, 0x21, 0x24, 0x21, 0x24, 0x21, 0x24, 0x21, 0x24, 0x21,
    0x24, 0x21, 0x24, 0x21, 0x24, 0x21, 0x24, 0x21, 0x24, 0x21, 0x24, 0x21, 0x24, 0x21, 0x24, 0x21,
    0x24, 0x21, 0x24, 0x21, 0x24, 0x21, 0x24, 0x21, 0x24, 0x21, 0x24, 0x21, 0x24, 0x21, 0x24, 0x21,
    0x24, 0x21, 0x24, 0x21, 0x24, 0x21, 0x24, 0x21, 0x24, 0x21, 0x24, 0x21, 0x24, 0x21, 0x24, 0x21,
    0x24, 0x21, 0x24, 0x21, 0x24, 0x21, 0x24, 0x21, 0x24, 0x21, 0x24, 0x21, 0x24, 0x21, 0x24, 0x21,
    0x24, 0x21, 0x24, 0x21, 0x24, 0x21, 0x24, 0x21, 0x24, 0x21, 0x24, 0x21, 0x24, 0x21, 0x24, 0x21,
    0x24, 0x21, 0x24, 0x21, 0x24, 0x21, 0x24, 0x21, 0x24, 0x21, 0x24, 0x21, 0x24, 0x21, 0x24, 0x21,
    0x24, 0x21, 0x24, 0x21, 0x24, 0x21, 0x1C, 0xDF, 0x1C, 0xE7, 0x3C, 0xE7, 0x5D, 0xEF, 0x7D, 0xEF,
    0xFB, 0xDE, 0xFB, 0xDE, 0xFB, 0xDE, 0xFB, 0xDE, 0xFB, 0xDE, 0xFB, 0xDE, 0xFB, 0xDE, 0xFB, 0xDE,
    0xFB, 0xDE, 0xFB, 0xDE, 0xFB, 0xDE, 0xFB, 0xDE, 0xFB, 0xDE, 0xFB, 0xDE, 0x1C, 0xE7, 0x1C, 0xE7,
    0x1C, 0xE7, 0x1C, 0xE7, 0x1C, 0xE7, 0x1C, 0xE7, 0x1C, 0xE7, 0x1C, 0xE7, 0x1C, 0xE7, 0x1C, 0xE7,
    0x1C, 0xE7, 0x1C, 0xE7, 0x1C, 0xE7, 0x1C, 0xE7, 0x1C, 0xE7, 0x1C, 0xE7, 0x3C, 0xE7, 0x3C, 0xE7,
    0x3C, 0xE7, 0x3C, 0xE7, 0x3C, 0xE7, 0x3C, 0xE7, 0x3C, 0xE7, 0x3C, 0xE7, 0x3C, 0xE7, 0x3C, 0xE7,
    0x3C, 0xE7, 0x3C, 0xE7, 0x3C, 0xE7, 0x5C, 0xE7, 0x5D, 0xEF, 0x5D, 0xEF, 0x5D, 0xEF, 0x5D, 0xEF,
    0x5D, 0xEF, 0x5D, 0xEF, 0x5D, 0xEF, 0x5D, 0xEF, 0x5D, 0xEF, 0x5D, 0xEF, 0x5D, 0xEF, 0x7D, 0xEF,
    0x7D, 0xEF, 0x7D, 0xEF, 0x7D, 0xEF, 0x7D, 0xEF, 0x7D, 0xEF, 0x7D, 0xEF, 0x7D, 0xEF, 0x7D, 0xEF,
    0x7D, 0xEF, 0x7D, 0xEF, 0x7D, 0xEF, 0x9E, 0xF7, 0x9E, 0xF7, 0x9E, 0xF7, 0x9E, 0xF7, 0x9E, 0xF7,
    0x9E, 0xF7, 0x9E, 0xF7, 0x9E, 0xF7, 0x9E, 0xF7, 0x9E, 0xF7, 0x9E, 0xF7, 0x9E, 0xF7, 0xBE, 0xF7,
    0xBE, 0xF7, 0xBE, 0xF7, 0xBE, 0xF7, 0xBE, 0xF7, 0xBE, 0xF7, 0xBE, 0xF7, 0xBE, 0xF7, 0xBE, 0xF7,
    0xBE, 0xF7, 0xBE, 0xF7, 0xBE, 0xF7, 0xBE, 0xF7, 0xBE, 0xF7, 0xBE, 0xF7, 0xBE, 0xF7, 0xBE, 0xF7,
    0xDE, 0xF7, 0xDF, 0xFF, 0xDF, 0xFF, 0xDF, 0xFF, 0xDF, 0xFF, 0xDF, 0xFF, 0xDF, 0xFF, 0xDF, 0xFF,
    0xDF, 0xFF, 0xDF, 0xFF, 0xDF, 0xFF, 0xDF, 0xFF, 0xDF, 0xFF, 0xDF, 0xFF, 0xDF, 0xFF, 0xDF, 0xFF,
    0xDF, 0xFF, 0xDF, 0xFF, 0xDF, 0xFF, 0xDF, 0xFF, 0xDF, 0xFF, 0xDF, 0xFF, 0xDF, 0xFF, 0xDF, 0xFF,
    0xDF, 0xFF, 0xDF, 0xFF, 0xDF, 0xFF, 0xDF, 0xFF, 0xDF, 0xFF, 0xFF, 0xFF, 0xFF, 0xFF, 0xFF, 0xFF,
    0xFF, 0xFF, 0xFF, 0xFF, 0xFF, 0xFF, 0xFF, 0xFF, 0xFF, 0xFF, 0xFF, 0xFF, 0xFF, 0xFF, 0xFF, 0xFF,
    0xFF, 0xFF, 0xFF, 0xFF, 0xFF, 0xFF, 0xFF, 0xFF, 0xFF, 0xFF, 0xFF, 0xFF, 0xFF, 0xFF, 0xFF, 0xFF,
    0xFF, 0xFF, 0xFF, 0xFF, 0xFF, 0xFF, 0xFF, 0xFF, 0xFF, 0xFF, 0xFF, 0xFF, 0xFF, 0xFF, 0xFF, 0xFF,
    0xFF, 0xFF, 0xFF, 0xFF, 0xFF, 0xFF, 0xFF, 0xFF, 0xFF, 0xFF, 0xFF, 0xFF, 0xFF, 0xFF, 0x92, 0x94,
    0x24, 0x21, 0x24, 0x21, 0x24, 0x21, 0x24, 0x21, 0x24, 0x21, 0x24, 0x21, 0x24, 0x21, 0x24, 0x21,
    0x24, 0x21, 0x24, 0x21, 0x24, 0x21, 0x24, 0x21, 0x24, 0x21, 0x24, 0x21, 0x24, 0x21, 0x24, 0x21,
    0x24, 0x21, 0x24, 0x21, 0x24, 0x21, 0x24, 0x21, 0x24, 0x21, 0x24, 0x21, 0x24, 0x21, 0x24, 0x21,
    0x24, 0x21, 0x24, 0x21, 0x24, 0x21, 0x24, 0x21, 0x24, 0x21, 0x24, 0x21, 0x24, 0x21, 0x24, 0x21,
    0x24, 0x21, 0x24, 0x21, 0x24, 0x21, 0x24, 0x21, 0x24, 0x21, 0x24, 0x21, 0x24, 0x21, 0x24, 0x21,
    0x24, 0x21, 0x24, 0x21, 0x24, 0x21, 0x24, 0x21, 0x24, 0x21, 0x24, 0x21, 0x24, 0x21, 0x24, 0x21,
    0x24, 0x21, 0x24, 0x21, 0x24, 0x21, 0x24, 0x21, 0x24, 0x21, 0x24, 0x21, 0x24, 0x21, 0x24, 0x21,
    0x24, 0x21, 0x24, 0x21, 0x24, 0x21, 0x24, 0x21, 0x24, 0x21, 0x24, 0x21, 0x24, 0x21, 0x24, 0x21,
    0x24, 0x21, 0x24, 0x21, 0x24, 0x21, 0x24, 0x21, 0x24, 0x21, 0x24, 0x21, 0x24, 0x21, 0x24, 0x21,
    0x24, 0x21, 0x24, 0x21, 0x24, 0x21, 0x24, 0x21, 0x24, 0x21, 0x24, 0x21, 0x24, 0x21, 0x24, 0x21,
    0x24, 0x21, 0x24, 0x21, 0x24, 0x21, 0x24, 0x21, 0x24, 0x21, 0x24, 0x21, 0x24, 0x21, 0x24, 0x21,
    0x24, 0x21, 0x24, 0x21, 0x24, 0x21, 0x24, 0x21, 0x24, 0x21, 0x24, 0x21, 0x24, 0x21, 0x24, 0x21,
    0x24, 0x21, 0x24, 0x21, 0x24, 0x21, 0x24, 0x21, 0x24, 0x21, 0x24, 0x21, 0x24, 0x21, 0x24, 0x21,
    0x24, 0x21, 0x24, 0x21, 0x24, 0x21, 0x24, 0x21, 0x24, 0x21, 0x24, 0x21, 0x24, 0x21, 0x24, 0x21,
    0x24, 0x21, 0x24, 0x21, 0x24, 0x21, 0x24, 0x21, 0x24, 0x21, 0x24, 0x21, 0x24, 0x21, 0x24, 0x21,
    0x24, 0x21, 0x24, 0x21, 0x24, 0x21, 0x24, 0x21, 0x24, 0x21, 0x24, 0x21, 0x24, 0x21, 0x24, 0x21,
    0x24, 0x21, 0x24, 0x21, 0x24, 0x21, 0x24, 0x21, 0x24, 0x21, 0x24, 0x21, 0x24, 0x21, 0x24, 0x21,
    0x24, 0x21, 0x24, 0x21, 0x24, 0x21, 0x24, 0x21, 0x24, 0x21, 0x24, 0x21, 0x24, 0x21, 0x24, 0x21,
    0x24, 0x21, 0x24, 0x21, 0x24, 0x21, 0x24, 0x21, 0x24, 0x21, 0x24, 0x21, 0x24, 0x21, 0x24, 0x21,
    0x24, 0x21, 0x24, 0x21, 0x24, 0x21, 0x1C, 0xDF, 0x1C, 0xE7, 0x3C, 0xE7, 0x5D, 0xEF, 0x7D, 0xEF,
    0xFB, 0xDE, 0xFB, 0xDE, 0xFB, 0xDE, 0xFB, 0xDE, 0xFB, 0xDE, 0xFB, 0xDE, 0xFB, 0xDE, 0xFB, 0xDE,
    0xFB, 0xDE, 0xFB, 0xDE, 0xFB, 0xDE, 0xFB, 0xDE, 0xFB, 0xDE, 0xFB, 0xDE, 0xFB, 0xDE, 0x1C, 0xE7,
    0x1C, 0xE7, 0x1C, 0xE7, 0x1C, 0xE7, 0x1C, 0xE7, 0x1C, 0xE7, 0x1C, 0xE7, 0x1C, 0xE7, 0x1C, 0xE7,
    0x1C, 0xE7, 0x1C, 0xE7, 0x1C, 0xE7, 0x1C, 0xE7, 0x1C, 0xE7, 0x1C, 0xE7, 0x1C, 0xE7, 0x1C, 0xE7,
    0x3C, 0xE7, 0x3C, 0xE7, 0x3C, 0xE7, 0x3C, 0xE7, 0x3C, 0xE7, 0x3C, 0xE7, 0x3C, 0xE7, 0x3C, 0xE7,
    0x3C, 0xE7, 0x3C, 0xE7, 0x3C, 0xE7, 0x3C, 0xE7, 0x3C, 0xE7, 0x5D, 0xEF, 0x5D, 0xEF, 0x5D, 0xEF,
    0x5D, 0xEF, 0x5D, 0xEF, 0x5D, 0xEF, 0x5D, 0xEF, 0x5D, 0xEF, 0x5D, 0xEF, 0x5D, 0xEF, 0x5D, 0xEF,
    0x5D, 0xEF, 0x7D, 0xEF, 0x7D, 0xEF, 0x7D, 0xEF, 0x7D, 0xEF, 0x7D, 0xEF, 0x7D, 0xEF, 0x7D, 0xEF,
    0x7D, 0xEF, 0x7D, 0xEF, 0x7D, 0xEF, 0x7D, 0xEF, 0x9E, 0xF7, 0x9E, 0xF7, 0x9E, 0xF7, 0x9E, 0xF7,
    0x9E, 0xF7, 0x9E, 0xF7, 0x9E, 0xF7, 0x9E, 0xF7, 0x9E, 0xF7, 0x9E, 0xF7, 0x9E, 0xF7, 0x9E, 0xF7,
    0xBE, 0xF7, 0xBE, 0xF7, 0xBE, 0xF7, 0xBE, 0xF7, 0xBE, 0xF7, 0xBE, 0xF7, 0xBE, 0xF7, 0xBE, 0xF7,
    0xBE, 0xF7, 0xBE, 0xF7, 0xBE, 0xF7, 0xBE, 0xF7, 0xBE, 0xF7, 0xBE, 0xF7, 0xBE, 0xF7, 0xBE, 0xF7,
    0xDE, 0xF7, 0xDF, 0xFF, 0xDF, 0xFF, 0xDF, 0xFF, 0xDF, 0xFF, 0xDF, 0xFF, 0xDF, 0xFF, 0xDF, 0xFF,
    0xDF, 0xFF, 0xDF, 0xFF, 0xDF, 0xFF, 0xDF, 0xFF, 0xDF, 0xFF, 0xDF, 0xFF, 0xDF, 0xFF, 0xDF, 0xFF,
    0xDF, 0xFF, 0xDF, 0xFF, 0xDF, 0xFF, 0xDF, 0xFF, 0xDF, 0xFF, 0xDF, 0xFF, 0xDF, 0xFF, 0xDF, 0xFF,
    0xDF, 0xFF, 0xDF, 0xFF, 0xDF, 0xFF, 0xDF, 0xFF, 0xDF, 0xFF, 0xFF, 0xFF, 0xFF, 0xFF, 0xFF, 0xFF,
    0xFF, 0xFF, 0xFF, 0xFF, 0xFF, 0xFF, 0xFF, 0xFF, 0xFF, 0xFF, 0xFF, 0xFF, 0xFF, 0xFF, 0xFF, 0xFF,
    0xFF, 0xFF, 0xFF, 0xFF, 0xFF, 0xFF, 0xFF, 0xFF, 0xFF, 0xFF, 0xFF, 0xFF, 0xFF, 0xFF, 0xFF, 0xFF,
    0xFF, 0xFF, 0xFF, 0xFF, 0xFF, 0xFF, 0xFF, 0xFF, 0xFF, 0xFF, 0xFF, 0xFF, 0xFF, 0xFF, 0xFF, 0xFF,
    0xFF, 0xFF, 0xFF, 0xFF, 0xFF, 0xFF, 0xFF, 0xFF, 0xFF, 0xFF, 0xFF, 0xFF, 0x92, 0x94, 0x24, 0x21,
    0x24, 0x21, 0x24, 0x21, 0x24, 0x21, 0x24, 0x21, 0x24, 0x21, 0x24, 0x21, 0x24, 0x21, 0x24, 0x21,
    0x24, 0x21, 0x24, 0x21, 0x24, 0x21, 0x24, 0x21, 0x24, 0x21, 0x24, 0x21, 0x24, 0x21, 0x24, 0x21,
    0x24, 0x21, 0x24, 0x21, 0x24, 0x21, 0x24, 0x21, 0x24, 0x21, 0x24, 0x21, 0x24, 0x21, 0x24, 0x21,
    0x24, 0x21, 0x24, 0x21, 0x24, 0x21, 0x24, 0x21, 0x24, 0x21, 0x24, 0x21, 0x24, 0x21, 0x24, 0x21,
    0x24, 0x21, 0x24, 0x21, 0x24, 0x21, 0x24, 0x21, 0x24, 0x21, 0x24, 0x21, 0x24, 0x21, 0x24, 0x21,
    0x24, 0x21, 0x24, 0x21, 0x24, 0x21, 0x24, 0x21, 0x24, 0x21, 0x24, 0x21, 0x24, 0x21, 0x24, 0x21,
    0x24, 0x21, 0x24, 0x21, 0x24, 0x21, 0x24, 0x21, 0x24, 0x21, 0x24, 0x21, 0x24, 0x21, 0x24, 0x21,
    0x24, 0x21, 0x24, 0x21, 0x24, 0x21, 0x24, 0x21, 0x24, 0x21, 0x24, 0x21, 0x24, 0x21, 0x24, 0x21,
    0x24, 0x21, 0x24, 0x21, 0x24, 0x21, 0x24, 0x21, 0x24, 0x21, 0x24, 0x21, 0x24, 0x21, 0x24, 0x21,
    0x24, 0x21, 0x24, 0x21, 0x24, 0x21, 0x24, 0x21, 0x24, 0x21, 0x24, 0x21, 0x24, 0x21, 0x24, 0x21,
    0x24, 0x21, 0x24, 0x21, 0x24, 0x21, 0x24, 0x21, 0x24, 0x21, 0x24, 0x21, 0x24, 0x21, 0x24, 0x21,
    0x24, 0x21, 0x24, 0x21, 0x24, 0x21, 0x24, 0x21, 0x24, 0x21, 0x24, 0x21, 0x24, 0x21, 0x24, 0x21,
    0x24, 0x21, 0x24, 0x21, 0x24, 0x21, 0x24, 0x21, 0x24, 0x21, 0x24, 0x21, 0x24, 0x21, 0x24, 0x21,
    0x24, 0x21, 0x24, 0x21, 0x24, 0x21, 0x24, 0x21, 0x24, 0x21, 0x24, 0x21, 0x24, 0x21, 0x24, 0x21,
    0x24, 0x21, 0x24, 0x21, 0x24, 0x21, 0x24, 0x21, 0x24, 0x21, 0x24, 0x21, 0x24, 0x21, 0x24, 0x21,
    0x24, 0x21, 0x24, 0x21, 0x24, 0x21, 0x24, 0x21, 0x24, 0x21, 0x24, 0x21, 0x24, 0x21, 0x24, 0x21,
    0x24, 0x21, 0x24, 0x21, 0x24, 0x21, 0x24, 0x21, 0x24, 0x21, 0x24, 0x21, 0x24, 0x21, 0x24, 0x21,
    0x24, 0x21, 0x24, 0x21, 0x24, 0x21, 0x24, 0x21, 0x24, 0x21, 0x24, 0x21, 0x24, 0x21, 0x24, 0x21,
    0x24, 0x21, 0x24, 0x21, 0x24, 0x21, 0x24, 0x21, 0x24, 0x21, 0x24, 0x21, 0x24, 0x21, 0x24, 0x21,
    0x24, 0x21, 0x24, 0x21, 0x24, 0x21, 0x1C, 0xDF, 0x1C, 0xE7, 0x3C, 0xE7, 0x5D, 0xEF, 0x7D, 0xEF,
    0xFB, 0xDE, 0xFB, 0xDE, 0xFB, 0xDE, 0xFB, 0xDE, 0xFB, 0xDE, 0xFB, 0xDE, 0xFB, 0xDE, 0xFB, 0xDE,
    0xFB, 0xDE, 0xFB, 0xDE, 0xFB, 0xDE, 0xFB, 0xDE, 0xFB, 0xDE, 0xFB, 0xDE, 0xFB, 0xDE, 0xFB, 0xDE,
    0xFB, 0xDE, 0x1C, 0xE7, 0x1C, 0xE7, 0x1C, 0xE7, 0x1C, 0xE7, 0x1C, 0xE7, 0x1C, 0xE7, 0x1C, 0xE7,
    0x1C, 0xE7, 0x1C, 0xE7, 0x1C, 0xE7, 0x1C, 0xE7, 0x1C, 0xE7, 0x1C, 0xE7, 0x1C, 0xE7, 0x1C, 0xE7,
    0x1C, 0xE7, 0x3C, 0xE7, 0x3C, 0xE7, 0x3C, 0xE7, 0x3C, 0xE7, 0x3C, 0xE7, 0x3C, 0xE7, 0x3C, 0xE7,
    0x3C, 0xE7, 0x3C, 0xE7, 0x3C, 0xE7, 0x3C, 0xE7, 0x3C, 0xE7, 0x3C, 0xE7, 0x5D, 0xEF, 0x5D, 0xEF,
    0x5D, 0xEF, 0x5D, 0xEF, 0x5D, 0xEF, 0x5D, 0xEF, 0x5D, 0xEF, 0x5D, 0xEF, 0x5D, 0xEF, 0x5D, 0xEF,
    0x5D, 0xEF, 0x5D, 0xEF, 0x7D, 0xEF, 0x7D, 0xEF, 0x7D, 0xEF, 0x7D, 0xEF, 0x7D, 0xEF, 0x7D, 0xEF,
    0x7D, 0xEF, 0x7D, 0xEF, 0x7D, 0xEF, 0x7D, 0xEF, 0x7D, 0xEF, 0x9E, 0xF7, 0x9E, 0xF7, 0x9E, 0xF7,
    0x9E, 0xF7, 0x9E, 0xF7, 0x9E, 0xF7, 0x9E, 0xF7, 0x9E, 0xF7, 0x9E, 0xF7, 0x9E, 0xF7, 0x9E, 0xF7,
    0xBE, 0xF7, 0xBE, 0xF7, 0xBE, 0xF7, 0xBE, 0xF7, 0xBE, 0xF7, 0xBE, 0xF7, 0xBE, 0xF7, 0xBE, 0xF7,
    0xBE, 0xF7, 0xBE, 0xF7, 0xBE, 0xF7, 0xBE, 0xF7, 0xDE, 0xF7, 0xDF, 0xFF, 0xBE, 0xF7, 0xBE, 0xF7,
    0xDE, 0xF7, 0xDE, 0xF7, 0xDF, 0xFF, 0xDF, 0xFF, 0xDF, 0xFF, 0xDF, 0xFF, 0xDF, 0xFF, 0xDF, 0xFF,
    0xDF, 0xFF, 0xDF, 0xFF, 0xDF, 0xFF, 0xDF, 0xFF, 0xDF, 0xFF, 0xDF, 0xFF, 0xDF, 0xFF, 0xDF, 0xFF,
    0xDF, 0xFF, 0xDF, 0xFF, 0xDF, 0xFF, 0xDF, 0xFF, 0xDF, 0xFF, 0xDF, 0xFF, 0xDF, 0xFF, 0xDF, 0xFF,
    0xDF, 0xFF, 0xDF, 0xFF, 0xDF, 0xFF, 0xDF, 0xFF, 0xDF, 0xFF, 0xDF, 0xFF, 0xFF, 0xFF, 0xFF, 0xFF,
    0xFF, 0xFF, 0xFF, 0xFF, 0xFF, 0xFF, 0xFF, 0xFF, 0xFF, 0xFF, 0xFF, 0xFF, 0xFF, 0xFF, 0xFF, 0xFF,
    0xFF, 0xFF, 0xFF, 0xFF, 0xFF, 0xFF, 0xFF, 0xFF, 0xFF, 0xFF, 0xFF, 0xFF, 0xFF, 0xFF, 0xFF, 0xFF,
    0xFF, 0xFF, 0xFF, 0xFF, 0xFF, 0xFF, 0xFF, 0xFF, 0xFF, 0xFF, 0xFF, 0xFF, 0xFF, 0xFF, 0xFF, 0xFF,
    0xFF, 0xFF, 0xFF, 0xFF, 0xFF, 0xFF, 0xFF, 0xFF, 0xFF, 0xFF, 0x75, 0xAD, 0x24, 0x21, 0x24, 0x21,
    0x24, 0x21, 0x24, 0x21, 0x24, 0x21, 0x24, 0x21, 0x24, 0x21, 0x24, 0x21, 0x24, 0x21, 0x24, 0x21,
    0x24, 0x21, 0x24, 0x21, 0x24, 0x21, 0x24, 0x21, 0x24, 0x21, 0x24, 0x21, 0x24, 0x21, 0x24, 0x21,
    0x08, 0x42, 0xAE, 0x73, 0xCF, 0x7B, 0x92, 0x94, 0xAE, 0x73, 0x4D, 0x6B, 0x69, 0x4A, 0x24, 0x21,
    0x24, 0x21, 0x24, 0x21, 0x24, 0x21, 0x24, 0x21, 0x24, 0x21, 0x24, 0x21, 0x24, 0x21, 0x24, 0x21,
    0x24, 0x21, 0x24, 0x21, 0x24, 0x21, 0x24, 0x21, 0x24, 0x21, 0x24, 0x21, 0x24, 0x21, 0x24, 0x21,
    0x24, 0x21, 0x24, 0x21, 0x24, 0x21, 0x24, 0x21, 0x24, 0x21, 0x24, 0x21, 0x24, 0x21, 0x24, 0x21,
    0x24, 0x21, 0x24, 0x21, 0x24, 0x21, 0x24, 0x21, 0x24, 0x21, 0x24, 0x21, 0x24, 0x21, 0x24, 0x21,
    0x24, 0x21, 0x24, 0x21, 0x24, 0x21, 0x24, 0x21, 0x24, 0x21, 0x24, 0x21, 0x24, 0x21, 0x24, 0x21,
    0x24, 0x21, 0x24, 0x21, 0x24, 0x21, 0x24, 0x21, 0x24, 0x21, 0x24, 0x21, 0x24, 0x21, 0x24, 0x21,
    0x24, 0x21, 0x24, 0x21, 0x24, 0x21, 0x24, 0x21, 0x24, 0x21, 0x24, 0x21, 0x24, 0x21, 0x24, 0x21,
    0x24, 0x21, 0x24, 0x21, 0x24, 0x21, 0x24, 0x21, 0x24, 0x21, 0x24, 0x21, 0x24, 0x21, 0x24, 0x21,
    0x24, 0x21, 0x24, 0x21, 0x24, 0x21, 0x24, 0x21, 0x24, 0x21, 0x24, 0x21, 0x24, 0x21, 0x24, 0x21,
    0x24, 0x21, 0x24, 0x21, 0x24, 0x21, 0x24, 0x21, 0x24, 0x21, 0x24, 0x21, 0x24, 0x21, 0x24, 0x21,
    0x24, 0x21, 0x24, 0x21, 0x24, 0x21, 0x24, 0x21, 0x24, 0x21, 0x24, 0x21, 0x24, 0x21, 0x24, 0x21,
    0x24, 0x21, 0x24, 0x21, 0x24, 0x21, 0x24, 0x21, 0x24, 0x21, 0x24, 0x21, 0x24, 0x21, 0x24, 0x21,
    0x24, 0x21, 0x24, 0x21, 0x24, 0x21, 0x24, 0x21, 0x24, 0x21, 0x24, 0x21, 0x24, 0x21, 0x24, 0x21,
    0x24, 0x21, 0x24, 0x21, 0x24, 0x21, 0x24, 0x21, 0x24, 0x21, 0x24, 0x21, 0x24, 0x21, 0x24, 0x21,
    0x24, 0x21, 0x24, 0x21, 0x24, 0x21, 0x24, 0x21, 0x24, 0x21, 0x24, 0x21, 0x24, 0x21, 0x24, 0x21,
    0x24, 0x21, 0x24, 0x21, 0x24, 0x21, 0x24, 0x21, 0x24, 0x21, 0x24, 0x21, 0x24, 0x21, 0x24, 0x21,
    0x24, 0x21, 0x24, 0x21, 0x24, 0x21, 0xFB, 0xDE, 0x1C, 0xE7, 0x3C, 0xE7, 0x5D, 0xEF, 0x7D, 0xEF,
    0xFB, 0xDE, 0xFB, 0xDE, 0xFB, 0xDE, 0xFB, 0xDE, 0xFB, 0xDE, 0xFB, 0xDE, 0xFB, 0xDE, 0xFB, 0xDE,
    0xFB, 0xDE, 0xFB, 0xDE, 0xFB, 0xDE, 0xFB, 0xDE, 0xFB, 0xDE, 0xFB, 0xDE, 0xFB, 0xDE, 0xFB, 0xDE,
    0xFB, 0xDE, 0xFB, 0xDE, 0xFB, 0xDE, 0x1C, 0xE7, 0x1C, 0xE7, 0x1C, 0xE7, 0x1C, 0xE7, 0x1C, 0xE7,
    0x1C, 0xE7, 0x1C, 0xE7, 0x1C, 0xE7, 0x1C, 0xE7, 0x1C, 0xE7, 0x1C, 0xE7, 0x1C, 0xE7, 0x1C, 0xE7,
    0x1C, 0xE7, 0x1C, 0xE7, 0x1C, 0xE7, 0x3C, 0xE7, 0x3C, 0xE7, 0x3C, 0xE7, 0x3C, 0xE7, 0x3C, 0xE7,
    0x3C, 0xE7, 0x3C, 0xE7, 0x3C, 0xE7, 0x3C, 0xE7, 0x3C, 0xE7, 0x3C, 0xE7, 0x3C, 0xE7, 0x3C, 0xE7,
    0x5D, 0xEF, 0x5D, 0xEF, 0x5D, 0xEF, 0x5D, 0xEF, 0x5D, 0xEF, 0x5D, 0xEF, 0x5D, 0xEF, 0x5D, 0xEF,
    0x5D, 0xEF, 0x5D, 0xEF, 0x5D, 0xEF, 0x7D, 0xEF, 0x7D, 0xEF, 0x7D, 0xEF, 0x7D, 0xEF, 0x7D, 0xEF,
    0x7D, 0xEF, 0x7D, 0xEF, 0x7D, 0xEF, 0x7D, 0xEF, 0x7D, 0xEF, 0x7D, 0xEF, 0x9E, 0xF7, 0x9E, 0xF7,
    0x9E, 0xF7, 0x9E, 0xF7, 0x9E, 0xF7, 0x9E, 0xF7, 0x9E, 0xF7, 0x9E, 0xF7, 0x9E, 0xF7, 0x9E, 0xF7,
    0x9E, 0xF7, 0xBE, 0xF7, 0xBE, 0xF7, 0xBE, 0xF7, 0xBE, 0xF7, 0xBE, 0xF7, 0xBE, 0xF7, 0xDF, 0xFF,
    0xDF, 0xFF, 0xDF, 0xFF, 0xDF, 0xFF, 0xDF, 0xFF, 0xDF, 0xFF, 0xDF, 0xFF, 0xDF, 0xFF, 0xDF, 0xFF,
    0xBE, 0xF7, 0xDE, 0xF7, 0xDF, 0xFF, 0xDF, 0xFF, 0xDF, 0xFF, 0xDF, 0xFF, 0xDF, 0xFF, 0xDF, 0xFF,
    0xDF, 0xFF, 0xDF, 0xFF, 0xDF, 0xFF, 0xDF, 0xFF, 0xDF, 0xFF, 0xDF, 0xFF, 0xDF, 0xFF, 0xDF, 0xFF,
    0xDF, 0xFF, 0xDF, 0xFF, 0xDF, 0xFF, 0xDF, 0xFF, 0xDF, 0xFF, 0xDF, 0xFF, 0xDF, 0xFF, 0xDF, 0xFF,
    0xDF, 0xFF, 0xDF, 0xFF, 0xDF, 0xFF, 0xDF, 0xFF, 0xDF, 0xFF, 0xDF, 0xFF, 0xFF, 0xFF, 0xFF, 0xFF,
    0xFF, 0xFF, 0xFF, 0xFF, 0xFF, 0xFF, 0xFF, 0xFF, 0xFF, 0xFF, 0xFF, 0xFF, 0xFF, 0xFF, 0xFF, 0xFF,
    0xFF, 0xFF, 0xFF, 0xFF, 0xFF, 0xFF, 0xFF, 0xFF, 0xFF, 0xFF, 0xFF, 0xFF, 0xFF, 0xFF, 0xFF, 0xFF,
    0xFF, 0xFF, 0xFF, 0xFF, 0xFF, 0xFF, 0xFF, 0xFF, 0xFF, 0xFF, 0xFF, 0xFF, 0xFF, 0xFF, 0xFF, 0xFF,
    0xFF, 0xFF, 0xFF, 0xFF, 0xFF, 0xFF, 0xFF, 0xFF, 0xBA, 0xD6, 0x24, 0x21, 0x24, 0x21, 0x24, 0x21,
    0x24, 0x21, 0x24, 0x21, 0x24, 0x21, 0x24, 0x21, 0x24, 0x21, 0x24, 0x21, 0x24, 0x21, 0x24, 0x21,
    0x24, 0x21, 0x24, 0x21, 0x24, 0x21, 0x24, 0x21, 0x86, 0x31, 0x4D, 0x6B, 0x59, 0xCE, 0x9E, 0xF7,
    0xFF, 0xFF, 0x3C, 0xE7, 0xBA, 0xD6, 0x59, 0xCE, 0x59, 0xCE, 0x3C, 0xE7, 0xFF, 0xFF, 0x9E, 0xF7,
    0xD7, 0xBD, 0xCF, 0x7B, 0x24, 0x21, 0x24, 0x21, 0x24, 0x21, 0x24, 0x21, 0x24, 0x21, 0x24, 0x21,
    0x24, 0x21, 0x24, 0x21, 0x24, 0x21, 0x24, 0x21, 0x24, 0x21, 0x24, 0x21, 0x24, 0x21, 0x24, 0x21,
    0x24, 0x21, 0x24, 0x21, 0x24, 0x21, 0x24, 0x21, 0x24, 0x21, 0x24, 0x21, 0x24, 0x21, 0x24, 0x21,
    0x24, 0x21, 0x24, 0x21, 0x24, 0x21, 0x24, 0x21, 0x24, 0x21, 0x24, 0x21, 0x24, 0x21, 0x24, 0x21,
    0x24, 0x21, 0x24, 0x21, 0x24, 0x21, 0x24, 0x21, 0x24, 0x21, 0x24, 0x21, 0x24, 0x21, 0x24, 0x21,
    0x24, 0x21, 0x24, 0x21, 0x24, 0x21, 0x24, 0x21, 0x24, 0x21, 0x24, 0x21, 0x24, 0x21, 0x24, 0x21,
    0x24, 0x21, 0x24, 0x21, 0x24, 0x21, 0x24, 0x21, 0x24, 0x21, 0x24, 0x21, 0x24, 0x21, 0x24, 0x21,
    0x24, 0x21, 0x24, 0x21, 0x24, 0x21, 0x24, 0x21, 0x24, 0x21, 0x24, 0x21, 0x24, 0x21, 0x24, 0x21,
    0x24, 0x21, 0x24, 0x21, 0x24, 0x21, 0x24, 0x21, 0x24, 0x21, 0x24, 0x21, 0x24, 0x21, 0x24, 0x21,
    0x24, 0x21, 0x24, 0x21, 0x24, 0x21, 0x24, 0x21, 0x24, 0x21, 0x24, 0x21, 0x24, 0x21, 0x24, 0x21,
    0x24, 0x21, 0x24, 0x21, 0x24, 0x21, 0x24, 0x21, 0x24, 0x21, 0x24, 0x21, 0x24, 0x21, 0x24, 0x21,
    0x24, 0x21, 0x24, 0x21, 0x24, 0x21, 0x24, 0x21, 0x24, 0x21, 0x24, 0x21, 0x24, 0x21, 0x24, 0x21,
    0x24, 0x21, 0x24, 0x21, 0x24, 0x21, 0x24, 0x21, 0x24, 0x21, 0x24, 0x21, 0x24, 0x21, 0x24, 0x21,
    0x24, 0x21, 0x24, 0x21, 0x24, 0x21, 0x24, 0x21, 0x24, 0x21, 0x24, 0x21, 0x24, 0x21, 0x24, 0x21,
    0x24, 0x21, 0x24, 0x21, 0x24, 0x21, 0x24, 0x21, 0x24, 0x21, 0x24, 0x21, 0x24, 0x21, 0x24, 0x21,
    0x24, 0x21, 0x24, 0x21, 0x24, 0x21, 0x24, 0x21, 0x24, 0x21, 0x24, 0x21, 0x24, 0x21, 0x24, 0x21,
    0x24, 0x21, 0x24, 0x21, 0x24, 0x21, 0x1C, 0xDF, 0x1C, 0xE7, 0x3C, 0xE7, 0x5D, 0xEF, 0x7D, 0xEF,
    0xFB, 0xDE, 0xFB, 0xDE, 0xDB, 0xDE, 0xFB, 0xDE, 0xFB, 0xDE, 0xFB, 0xDE, 0xFB, 0xDE, 0xFB, 0xDE,
    0xFB, 0xDE, 0xFB, 0xDE, 0xFB, 0xDE, 0xFB, 0xDE, 0xFB, 0xDE, 0xFB, 0xDE, 0xFB, 0xDE, 0xFB, 0xDE,
    0xFB, 0xDE, 0xFB, 0xDE, 0xFB, 0xDE, 0xFB, 0xDE, 0xFB, 0xDE, 0x1C, 0xE7, 0x1C, 0xE7, 0x1C, 0xE7,
    0x1C, 0xE7, 0x1C, 0xE7, 0x1C, 0xE7, 0x1C, 0xE7, 0x1C, 0xE7, 0x1C, 0xE7, 0x1C, 0xE7, 0x1C, 0xE7,
    0x1C, 0xE7, 0x1C, 0xE7, 0x1C, 0xE7, 0x1C, 0xE7, 0x3C, 0xE7, 0x3C, 0xE7, 0x3C, 0xE7, 0x3C, 0xE7,
    0x3C, 0xE7, 0x3C, 0xE7, 0x3C, 0xE7, 0x3C, 0xE7, 0x3C, 0xE7, 0x3C, 0xE7, 0x5D, 0xEF, 0x3C, 0xE7,
    0x3C, 0xE7, 0x5D, 0xEF, 0x5D, 0xEF, 0x5D, 0xEF, 0x5D, 0xEF, 0x5D, 0xEF, 0x5D, 0xEF, 0x5D, 0xEF,
    0x5D, 0xEF, 0x5D, 0xEF, 0x7D, 0xEF, 0x7D, 0xEF, 0x7D, 0xEF, 0x7D, 0xEF, 0x7D, 0xEF, 0x7D, 0xEF,
    0x7D, 0xEF, 0x7D, 0xEF, 0x7D, 0xEF, 0x7D, 0xEF, 0x7D, 0xEF, 0x7D, 0xEF, 0x7D, 0xEF, 0x9E, 0xF7,
    0x9E, 0xF7, 0x9E, 0xF7, 0x9E, 0xF7, 0x9E, 0xF7, 0x9E, 0xF7, 0x9E, 0xF7, 0x9E, 0xF7, 0x9E, 0xF7,
    0x9E, 0xF7, 0xBE, 0xF7, 0xBE, 0xF7, 0xBE, 0xF7, 0xBE, 0xF7, 0xDE, 0xF7, 0xDF, 0xFF, 0xDF, 0xFF,
    0xDF, 0xFF, 0xDF, 0xFF, 0xDF, 0xFF, 0xDF, 0xFF, 0xDF, 0xFF, 0xDF, 0xFF, 0xDF, 0xFF, 0xDF, 0xFF,
    0xDF, 0xFF, 0xDE, 0xF7, 0xDF, 0xFF, 0xDF, 0xFF, 0xDF, 0xFF, 0xDF, 0xFF, 0xDF, 0xFF, 0xDF, 0xFF,
    0xDF, 0xFF, 0xDF, 0xFF, 0xDF, 0xFF, 0xDF, 0xFF, 0xDF, 0xFF, 0xDF, 0xFF, 0xDF, 0xFF, 0xDF, 0xFF,
    0xDF, 0xFF, 0xDF, 0xFF, 0xDF, 0xFF, 0xDF, 0xFF, 0xDF, 0xFF, 0xDF, 0xFF, 0xDF, 0xFF, 0xDF, 0xFF,
    0xDF, 0xFF, 0xDF, 0xFF, 0xDF, 0xFF, 0xDF, 0xFF, 0xDF, 0xFF, 0xDF, 0xFF, 0xDF, 0xFF, 0xFF, 0xFF,
    0xFF, 0xFF, 0xFF, 0xFF, 0xFF, 0xFF, 0xFF, 0xFF, 0xFF, 0xFF, 0xFF, 0xFF, 0xFF, 0xFF, 0xFF, 0xFF,
    0xFF, 0xFF, 0xFF, 0xFF, 0xFF, 0xFF, 0xFF, 0xFF, 0xFF, 0xFF, 0xFF, 0xFF, 0xFF, 0xFF, 0xFF, 0xFF,
    0xFF, 0xFF, 0xFF, 0xFF, 0xFF, 0xFF, 0xFF, 0xFF, 0xFF, 0xFF, 0xFF, 0xFF, 0xFF, 0xFF, 0xFF, 0xFF,
    0xFF, 0xFF, 0xFF, 0xFF, 0xFF, 0xFF, 0x3C, 0xE7, 0xA6, 0x31, 0x24, 0x21, 0x24, 0x21, 0x24, 0x21,
    0x24, 0x21, 0x24, 0x21, 0x24, 0x21, 0x24, 0x21, 0x24, 0x21, 0x24, 0x21, 0x24, 0x21, 0x24, 0x21,
    0x24, 0x21, 0x24, 0x21, 0x24, 0x21, 0x92, 0x94, 0x9E, 0xF7, 0x9E, 0xF7, 0x14, 0xA5, 0xEB, 0x5A,
    0xA6, 0x31, 0x24, 0x21, 0x24, 0x21, 0x24, 0x21, 0x24, 0x21, 0x24, 0x21, 0xA6, 0x31, 0xEB, 0x5A,
    0x75, 0xAD, 0x3C, 0xE7, 0x3C, 0xE7, 0xAE, 0x73, 0x24, 0x21, 0x24, 0x21, 0x24, 0x21, 0x24, 0x21,
    0x24, 0x21, 0x24, 0x21, 0x24, 0x21, 0x24, 0x21, 0x24, 0x21, 0x24, 0x21, 0x24, 0x21, 0x24, 0x21,
    0x24, 0x21, 0x24, 0x21, 0x24, 0x21, 0x24, 0x21, 0x24, 0x21, 0x24, 0x21, 0x24, 0x21, 0x24, 0x21,
    0xCB, 0x5A, 0xAE, 0x73, 0xAE, 0x73, 0xAE, 0x73, 0xCF, 0x7B, 0xAE, 0x73, 0xAE, 0x73, 0xAE, 0x73,
    0xCF, 0x7B, 0xCF, 0x7B, 0xAE, 0x73, 0xAE, 0x73, 0xAE, 0x73, 0xCF, 0x7B, 0xAE, 0x73, 0xCF, 0x7B,
    0xAE, 0x73, 0xAE, 0x73, 0xAE, 0x73, 0xCF, 0x7B, 0xAE, 0x73, 0xAE, 0x73, 0xAE, 0x73, 0xAE, 0x73,
    0xCF, 0x7B, 0xCF, 0x7B, 0xAE, 0x73, 0xAE, 0x73, 0xAE, 0x73, 0xAE, 0x73, 0xAE, 0x73, 0xAE, 0x73,
    0xCF, 0x7B, 0xCF, 0x7B, 0xAE, 0x73, 0xCF, 0x7B, 0xAE, 0x73, 0xCF, 0x7B, 0xCF, 0x7B, 0xAE, 0x73,
    0xCF, 0x7B, 0xAE, 0x73, 0xAE, 0x73, 0xAE, 0x73, 0xAE, 0x73, 0xAE, 0x73, 0xAE, 0x73, 0xAE, 0x73,
    0xAE, 0x73, 0xAE, 0x73, 0xAE, 0x73, 0xCF, 0x7B, 0xAE, 0x73, 0xAE, 0x73, 0xAE, 0x73, 0xAE, 0x73,
    0xAE, 0x73, 0xAE, 0x73, 0xAE, 0x73, 0xAE, 0x73, 0xAE, 0x73, 0xAE, 0x73, 0xAE, 0x73, 0xAE, 0x73,
    0xCF, 0x7B, 0xAE, 0x73, 0xAE, 0x73, 0xCF, 0x7B, 0xCF, 0x7B, 0xAE, 0x73, 0xAE, 0x73, 0xCF, 0x7B,
    0xCF, 0x7B, 0xAE, 0x73, 0xCF, 0x7B, 0xAE, 0x73, 0xCF, 0x7B, 0xCF, 0x7B, 0xAE, 0x73, 0xAE, 0x73,
    0xAE, 0x73, 0xCF, 0x7B, 0xCF, 0x7B, 0xAE, 0x73, 0xAE, 0x73, 0xAE, 0x73, 0xCF, 0x7B, 0xAE, 0x73,
    0xAE, 0x73, 0xCF, 0x7B, 0xAE, 0x73, 0xAE, 0x73, 0xAE, 0x73, 0xAE, 0x73, 0xAE, 0x73, 0xAE, 0x73,
    0xAE, 0x73, 0xCF, 0x7B, 0xAE, 0x73, 0xAE, 0x73, 0xAE, 0x73, 0xAE, 0x73, 0xAE, 0x73, 0xAE, 0x73,
    0xAE, 0x73, 0xAE, 0x73, 0x86, 0x31, 0x1C, 0xDF, 0x1C, 0xE7, 0x3C, 0xE7, 0x5D, 0xEF, 0x7D, 0xEF,
    0xDB, 0xDE, 0xFB, 0xDE, 0xFB, 0xDE, 0xFB, 0xDE, 0xFB, 0xDE, 0xFB, 0xDE, 0xFB, 0xDE, 0xFB, 0xDE,
    0xFB, 0xDE, 0xFB, 0xDE, 0xFB, 0xDE, 0xFB, 0xDE, 0xFB, 0xDE, 0xFB, 0xDE, 0xFB, 0xDE, 0xFB, 0xDE,
    0xFB, 0xDE, 0xFB, 0xDE, 0xFB, 0xDE, 0xFB, 0xDE, 0xFB, 0xDE, 0xFB, 0xDE, 0xFB, 0xDE, 0x1C, 0xE7,
    0x1C, 0xE7, 0x1C, 0xE7, 0x1C, 0xE7, 0x1C, 0xE7, 0x1C, 0xE7, 0x1C, 0xE7, 0x1C, 0xE7, 0x1C, 0xE7,
    0x1C, 0xE7, 0x1C, 0xE7, 0x1C, 0xE7, 0x3C, 0xE7, 0x3C, 0xE7, 0x3C, 0xE7, 0x3C, 0xE7, 0x3C, 0xE7,
    0x3C, 0xE7, 0x3C, 0xE7, 0x3C, 0xE7, 0x3C, 0xE7, 0x3C, 0xE7, 0x3C, 0xE7, 0x3C, 0xE7, 0x3C, 0xE7,
    0x5D, 0xEF, 0x5D, 0xEF, 0x5D, 0xEF, 0x5D, 0xEF, 0x5D, 0xEF, 0x5D, 0xEF, 0x5D, 0xEF, 0x5D, 0xEF,
    0x7D, 0xEF, 0x7D, 0xEF, 0x7D, 0xEF, 0x7D, 0xEF, 0x7D, 0xEF, 0x7D, 0xEF, 0x7D, 0xEF, 0x7D, 0xEF,
    0x7D, 0xEF, 0x7D, 0xEF, 0x7D, 0xEF, 0x7D, 0xEF, 0x7D, 0xEF, 0x7D, 0xEF, 0x7D, 0xEF, 0x7D, 0xEF,
    0x9E, 0xF7, 0x9E, 0xF7, 0x9E, 0xF7, 0x9E, 0xF7, 0x9E, 0xF7, 0x9E, 0xF7, 0x9E, 0xF7, 0x9E, 0xF7,
    0xBE, 0xF7, 0xBE, 0xF7, 0xBE, 0xF7, 0xBE, 0xF7, 0xDF, 0xFF, 0xDF, 0xFF, 0xDF, 0xFF, 0xFD, 0xEF,
    0xFC, 0xDF, 0xFC, 0xDF, 0xFC, 0xDF, 0xFE, 0xF7, 0xDF, 0xFF, 0xDF, 0xFF, 0xDF, 0xFF, 0xDF, 0xFF,
    0xDF, 0xFF, 0xDF, 0xFF, 0xDF, 0xF7, 0xDF, 0xFF, 0xDF, 0xFF, 0xDF, 0xFF, 0xDF, 0xFF, 0xDF, 0xFF,
    0xDF, 0xFF, 0xDF, 0xFF, 0xDF, 0xFF, 0xDF, 0xFF, 0xDF, 0xFF, 0xDF, 0xFF, 0xDF, 0xFF, 0xDF, 0xFF,
    0xDF, 0xFF, 0xDF, 0xFF, 0xDF, 0xFF, 0xDF, 0xFF, 0xDF, 0xFF, 0xDF, 0xFF, 0xDF, 0xFF, 0xDF, 0xFF,
    0xDF, 0xFF, 0xDF, 0xFF, 0xDF, 0xFF, 0xDF, 0xFF, 0xDF, 0xFF, 0xDF, 0xFF, 0xDF, 0xFF, 0xDF, 0xFF,
    0xFF, 0xFF, 0xFF, 0xFF, 0xFF, 0xFF, 0xFF, 0xFF, 0xFF, 0xFF, 0xFF, 0xFF, 0xFF, 0xFF, 0xF4, 0x87,
    0xF9, 0xC7, 0xFF, 0xFF, 0xFF, 0xFF, 0xFF, 0xFF, 0xFF, 0xFF, 0xFF, 0xFF, 0xFF, 0xFF, 0xFF, 0xFF,
    0xFF, 0xFF, 0xFF, 0xFF, 0xFF, 0xFF, 0xFF, 0xFF, 0xFF, 0xFF, 0xFF, 0xFF, 0xFF, 0xFF, 0xFF, 0xFF,
    0xFF, 0xFF, 0xFF, 0xFF, 0xFF, 0xFF, 0x08, 0x42, 0x24, 0x21, 0x24, 0x21, 0x24, 0x21, 0x24, 0x21,
    0x24, 0x21, 0x24, 0x21, 0x24, 0x21, 0x24, 0x21, 0x24, 0x21, 0x24, 0x21, 0x24, 0x21, 0x24, 0x21,
    0x24, 0x21, 0x69, 0x4A, 0x3C, 0xE7, 0x9E, 0xF7, 0x30, 0x84, 0xA6, 0x31, 0x24, 0x21, 0x24, 0x21,
    0x24, 0x21, 0x24, 0x21, 0x24, 0x21, 0x24, 0x21, 0x24, 0x21, 0x24, 0x21, 0x24, 0x21, 0x24, 0x21,
    0x24, 0x21, 0x24, 0x21, 0xAE, 0x73, 0x3C, 0xE7, 0x3C, 0xE7, 0x08, 0x42, 0x24, 0x21, 0x24, 0x21,
    0x24, 0x21, 0x24, 0x21, 0x24, 0x21, 0x24, 0x21, 0x24, 0x21, 0x24, 0x21, 0x24, 0x21, 0x24, 0x21,
    0x24, 0x21, 0x24, 0x21, 0x24, 0x21, 0x24, 0x21, 0x24, 0x21, 0x24, 0x21, 0x24, 0x21, 0xC7, 0x39,
    0xF7, 0xBD, 0x59, 0xCE, 0x59, 0xCE, 0x59, 0xCE, 0x59, 0xCE, 0x59, 0xCE, 0x59, 0xCE, 0x59, 0xCE,
    0x59, 0xCE, 0x59, 0xCE, 0x59, 0xCE, 0x59, 0xCE, 0x59, 0xCE, 0x59, 0xCE, 0x59, 0xCE, 0x59, 0xCE,
    0x59, 0xCE, 0x59, 0xCE, 0x59, 0xCE, 0x59, 0xCE, 0x59, 0xCE, 0x59, 0xCE, 0x59, 0xCE, 0x59, 0xCE,
    0x59, 0xCE, 0x59, 0xCE, 0x59, 0xCE, 0x59, 0xCE, 0x59, 0xCE, 0x59, 0xCE, 0x59, 0xCE, 0x59, 0xCE,
    0x59, 0xCE, 0x59, 0xCE, 0x59, 0xCE, 0x59, 0xCE, 0x59, 0xCE, 0x59, 0xCE, 0x59, 0xCE, 0x59, 0xCE,
    0x59, 0xCE, 0x59, 0xCE, 0x59, 0xCE, 0x59, 0xCE, 0x59, 0xCE, 0x59, 0xCE, 0x59, 0xCE, 0x59, 0xCE,
    0x59, 0xCE, 0x59, 0xCE, 0x59, 0xCE, 0x59, 0xCE, 0x59, 0xCE, 0x59, 0xCE, 0x59, 0xCE, 0x59, 0xCE,
    0x59, 0xCE, 0x59, 0xCE, 0x59, 0xCE, 0x59, 0xCE, 0x59, 0xCE, 0x59, 0xCE, 0x59, 0xCE, 0x59, 0xCE,
    0x59, 0xCE, 0x59, 0xCE, 0x59, 0xCE, 0x59, 0xCE, 0x59, 0xCE, 0x59, 0xCE, 0x59, 0xCE, 0x59, 0xCE,
    0x59, 0xCE, 0x59, 0xCE, 0x59, 0xCE, 0x59, 0xCE, 0x59, 0xCE, 0x59, 0xCE, 0x59, 0xCE, 0x59, 0xCE,
    0x59, 0xCE, 0x59, 0xCE, 0x59, 0xCE, 0x59, 0xCE, 0x59, 0xCE, 0x59, 0xCE, 0x59, 0xCE, 0x59, 0xCE,
    0x59, 0xCE, 0x59, 0xCE, 0x59, 0xCE, 0x59, 0xCE, 0x59, 0xCE, 0x59, 0xCE, 0x59, 0xCE, 0x59, 0xCE,
    0x59, 0xCE, 0x59, 0xCE, 0x59, 0xCE, 0x59, 0xCE, 0x59, 0xCE, 0x59, 0xCE, 0x59, 0xCE, 0x59, 0xCE,
    0x59, 0xCE, 0x59, 0xCE, 0xC7, 0x39, 0x1C, 0xDF, 0x1C, 0xE7, 0x3C, 0xE7, 0x5D, 0xEF, 0x7D, 0xEF,
    0xDB, 0xDE, 0xDB, 0xDE, 0xDB, 0xDE, 0xFB, 0xDE, 0xFB, 0xDE, 0xFB, 0xDE, 0xFB, 0xDE, 0xFB, 0xDE,
    0xFB, 0xDE, 0xFB, 0xDE, 0xFB, 0xDE, 0xFB, 0xDE, 0xFB, 0xDE, 0xFB, 0xDE, 0xFB, 0xDE, 0xFB, 0xDE,
    0xFB, 0xDE, 0xFB, 0xDE, 0xFB, 0xDE, 0xFB, 0xDE, 0xFB, 0xDE, 0xFB, 0xDE, 0xFB, 0xDE, 0xFB, 0xDE,
    0xFB, 0xDE, 0x1C, 0xE7, 0x1C, 0xE7, 0x1C, 0xE7, 0x1C, 0xE7, 0x1C, 0xE7, 0x1C, 0xE7, 0x1C, 0xE7,
    0x1C, 0xE7, 0x3C, 0xE7, 0x3C, 0xE7, 0x3C, 0xE7, 0x3C, 0xE7, 0x3C, 0xE7, 0x3C, 0xE7, 0x5D, 0xEF,
    0x5D, 0xEF, 0x5D, 0xEF, 0x5D, 0xEF, 0x5D, 0xEF, 0x5D, 0xEF, 0x5D, 0xEF, 0x5D, 0xEF, 0x5D, 0xEF,
    0x5D, 0xEF, 0x5D, 0xEF, 0x5D, 0xEF, 0x5D, 0xEF, 0x5D, 0xEF, 0x7D, 0xEF, 0x7D, 0xEF, 0x7D, 0xEF,
    0x7D, 0xEF, 0x7D, 0xEF, 0x7D, 0xEF, 0x7D, 0xEF, 0x7D, 0xEF, 0x7D, 0xEF, 0x7D, 0xEF, 0x7D, 0xEF,
    0x7D, 0xEF, 0x7D, 0xEF, 0x7D, 0xEF, 0x7D, 0xEF, 0x7D, 0xEF, 0x7D, 0xEF, 0x7D, 0xEF, 0x9E, 0xF7,
    0x9E, 0xF7, 0x9E, 0xF7, 0x9E, 0xF7, 0x9E, 0xF7, 0x9E, 0xF7, 0x9E, 0xF7, 0x9E, 0xF7, 0x9E, 0xF7,
    0xBE, 0xF7, 0xBE, 0xF7, 0xBE, 0xF7, 0xDE, 0xF7, 0xDF, 0xFF, 0xDC, 0xD7, 0xEE, 0x47, 0xE9, 0x17,
    0xE9, 0x17, 0xE9, 0x17, 0xE9, 0x17, 0xE9, 0x17, 0xF0, 0x67, 0xFE, 0xF7, 0xDF, 0xFF, 0xDF, 0xFF,
    0xDF, 0xFF, 0xDF, 0xFF, 0xDF, 0xFF, 0xDF, 0xFF, 0xDF, 0xFF, 0xDF, 0xFF, 0xDF, 0xFF, 0xDF, 0xFF,
    0xDF, 0xFF, 0xDF, 0xFF, 0xDF, 0xFF, 0xDF, 0xFF, 0xDF, 0xFF, 0xDF, 0xFF, 0xDF, 0xFF, 0xDF, 0xFF,
    0xDF, 0xFF, 0xDF, 0xFF, 0xDF, 0xFF, 0xDF, 0xFF, 0xDF, 0xFF, 0xDF, 0xFF, 0xDF, 0xFF, 0xDF, 0xFF,
    0xDF, 0xFF, 0xDF, 0xFF, 0xDF, 0xFF, 0xDF, 0xFF, 0xDF, 0xFF, 0xDF, 0xFF, 0xDF, 0xFF, 0xDF, 0xFF,
    0xDF, 0xFF, 0xFF, 0xFF, 0xFF, 0xFF, 0xFF, 0xFF, 0xFF, 0xFF, 0xFF, 0xFF, 0xFF, 0xFF, 0xEC, 0x37,
    0xF4, 0x87, 0xFF, 0xFF, 0xFF, 0xFF, 0xFF, 0xFF, 0xFF, 0xFF, 0xFF, 0xFF, 0xFF, 0xFF, 0xFF, 0xFF,
    0xFF, 0xFF, 0xFF, 0xFF, 0xFF, 0xFF, 0xFF, 0xFF, 0xFF, 0xFF, 0xFF, 0xFF, 0xFF, 0xFF, 0xFF, 0xFF,
    0xFF, 0xFF, 0xFF, 0xFF, 0xFF, 0xFF, 0x24, 0x21, 0x24, 0x21, 0x24, 0x21, 0x24, 0x21, 0x24, 0x21,
    0x24, 0x21, 0x24, 0x21, 0x24, 0x21, 0x24, 0x21, 0x24, 0x21, 0x24, 0x21, 0x24, 0x21, 0x24, 0x21,
    0x30, 0x84, 0xFF, 0xFF, 0x14, 0xA5, 0xA6, 0x31, 0x24, 0x21, 0x24, 0x21, 0x24, 0x21, 0x24, 0x21,
    0x24, 0x21, 0x24, 0x21, 0x24, 0x21, 0x24, 0x21, 0x24, 0x21, 0x24, 0x21, 0x24, 0x21, 0x24, 0x21,
    0x24, 0x21, 0x24, 0x21, 0x24, 0x21, 0xA6, 0x31, 0x14, 0xA5, 0xFF, 0xFF, 0x30, 0x84, 0x24, 0x21,
    0x24, 0x21, 0x24, 0x21, 0x24, 0x21, 0x24, 0x21, 0x24, 0x21, 0x24, 0x21, 0x24, 0x21, 0x24, 0x21,
    0x24, 0x21, 0x24, 0x21, 0x24, 0x21, 0x24, 0x21, 0x24, 0x21, 0x24, 0x21, 0xC7, 0x39, 0xB6, 0xB5,
    0x59, 0xCE, 0x59, 0xCE, 0x59, 0xCE, 0x59, 0xCE, 0x59, 0xCE, 0x59, 0xCE, 0x59, 0xCE, 0x59, 0xCE,
    0x59, 0xCE, 0x59, 0xCE, 0x59, 0xCE, 0x59, 0xCE, 0x59, 0xCE, 0x59, 0xCE, 0x59, 0xCE, 0x59, 0xCE,
    0x59, 0xCE, 0x59, 0xCE, 0x59, 0xCE, 0x59, 0xCE, 0x59, 0xCE, 0x59, 0xCE, 0x59, 0xCE, 0x59, 0xCE,
    0x59, 0xCE, 0x59, 0xCE, 0x59, 0xCE, 0x59, 0xCE, 0x59, 0xCE, 0x59, 0xCE, 0x59, 0xCE, 0x59, 0xCE,
    0x59, 0xCE, 0x59, 0xCE, 0x59, 0xCE, 0x59, 0xCE, 0x59, 0xCE, 0x59, 0xCE, 0x59, 0xCE, 0x59, 0xCE,
    0x59, 0xCE, 0x59, 0xCE, 0x59, 0xCE, 0x59, 0xCE, 0x59, 0xCE, 0x59, 0xCE, 0x59, 0xCE, 0x59, 0xCE,
    0x59, 0xCE, 0x59, 0xCE, 0x59, 0xCE, 0x59, 0xCE, 0x59, 0xCE, 0x59, 0xCE, 0x59, 0xCE, 0x59, 0xCE,
    0x59, 0xCE, 0x59, 0xCE, 0x59, 0xCE, 0x59, 0xCE, 0x59, 0xCE, 0x59, 0xCE, 0x59, 0xCE, 0x59, 0xCE,
    0x59, 0xCE, 0x59, 0xCE, 0x59, 0xCE, 0x59, 0xCE, 0x59, 0xCE, 0x59, 0xCE, 0x59, 0xCE, 0x59, 0xCE,
    0x59, 0xCE, 0x59, 0xCE, 0x59, 0xCE, 0x59, 0xCE, 0x59, 0xCE, 0x59, 0xCE, 0x59, 0xCE, 0x59, 0xCE,
    0x59, 0xCE, 0x59, 0xCE, 0x59, 0xCE, 0x59, 0xCE, 0x59, 0xCE, 0x59, 0xCE, 0x59, 0xCE, 0x59, 0xCE,
    0x59, 0xCE, 0x59, 0xCE, 0x59, 0xCE, 0x59, 0xCE, 0x59, 0xCE, 0x59, 0xCE, 0x59, 0xCE, 0x59, 0xCE,
    0x59, 0xCE, 0x59, 0xCE, 0x59, 0xCE, 0x59, 0xCE, 0x59, 0xCE, 0x59, 0xCE, 0x59, 0xCE, 0x59, 0xCE,
    0x59, 0xCE, 0x59, 0xCE, 0xC7, 0x39, 0x1C, 0xDF, 0x1C, 0xE7, 0x3C, 0xE7, 0x5D, 0xEF, 0x7D, 0xEF,
    0xDB, 0xDE, 0xDB, 0xDE, 0xDB, 0xDE, 0xFB, 0xDE, 0xFB, 0xDE, 0xFB, 0xDE, 0xFB, 0xDE, 0xFB, 0xDE,
    0xFB, 0xDE, 0xFB, 0xDE, 0xFB, 0xDE, 0xFB, 0xDE, 0xFB, 0xDE, 0xFB, 0xDE, 0xFB, 0xDE, 0xFB, 0xDE,
    0xFB, 0xDE, 0xFB, 0xDE, 0xFB, 0xDE, 0xFB, 0xDE, 0xFB, 0xDE, 0xFB, 0xDE, 0xFB, 0xDE, 0xFB, 0xDE,
    0xFB, 0xDE, 0xFB, 0xDE, 0xFB, 0xDE, 0x1C, 0xE7, 0x1C, 0xE7, 0x1C, 0xE7, 0x1C, 0xE7, 0x1C, 0xE7,
    0x3C, 0xE7, 0x3C, 0xE7, 0x3C, 0xE7, 0x3C, 0xE7, 0x5D, 0xEF, 0x5D, 0xEF, 0x5D, 0xEF, 0x5D, 0xEF,
    0x5D, 0xEF, 0x5D, 0xEF, 0x7D, 0xEF, 0x5D, 0xEF, 0x5D, 0xEF, 0x5D, 0xEF, 0x5D, 0xEF, 0x5D, 0xEF,
    0x5D, 0xEF, 0x5D, 0xEF, 0x5D, 0xEF, 0x7D, 0xEF, 0x7D, 0xEF, 0x7D, 0xEF, 0x7D, 0xEF, 0x9E, 0xF7,
    0x9E, 0xF7, 0x9E, 0xF7, 0x9E, 0xF7, 0x7D, 0xEF, 0x7D, 0xEF, 0x7D, 0xEF, 0x7D, 0xEF, 0x7D, 0xEF,
    0x7D, 0xEF, 0x7D, 0xEF, 0x7D, 0xEF, 0x7D, 0xEF, 0x7D, 0xEF, 0x7D, 0xEF, 0x7D, 0xEF, 0x7D, 0xEF,
    0x9E, 0xF7, 0x9E, 0xF7, 0x9E, 0xF7, 0x9E, 0xF7, 0x9E, 0xF7, 0x9E, 0xF7, 0x9E, 0xF7, 0x9E, 0xF7,
    0xBE, 0xF7, 0xBE, 0xF7, 0xBE, 0xF7, 0xDF, 0xFF, 0xDE, 0xEF, 0xEB, 0x2F, 0xE9, 0x17, 0xE9, 0x17,
    0xE9, 0x17, 0xE9, 0x17, 0xE9, 0x17, 0xE9, 0x17, 0xE9, 0x17, 0xEF, 0x57, 0xFF, 0xFF, 0xDF, 0xFF,
    0xDF, 0xFF, 0xDF, 0xFF, 0xDF, 0xFF, 0xDF, 0xFF, 0xDF, 0xFF, 0xDF, 0xFF, 0xDF, 0xFF, 0xDF, 0xFF,
    0xDF, 0xFF, 0xDF, 0xFF, 0xDF, 0xFF, 0xDF, 0xFF, 0xDF, 0xFF, 0xDF, 0xFF, 0xDF, 0xFF, 0xDF, 0xFF,
    0xDF, 0xFF, 0xDF, 0xFF, 0xDF, 0xFF, 0xDF, 0xFF, 0xDF, 0xFF, 0xDF, 0xFF, 0xDF, 0xFF, 0xDF, 0xFF,
    0xDF, 0xFF, 0xDF, 0xFF, 0xDF, 0xFF, 0xDF, 0xFF, 0xDF, 0xFF, 0xDF, 0xFF, 0xDF, 0xFF, 0xFF, 0xFF,
    0xFF, 0xFF, 0xFF, 0xFF, 0xFF, 0xFF, 0xFF, 0xFF, 0xFF, 0xFF, 0xFF, 0xFF, 0xFF, 0xFF, 0xED, 0x3F,
    0xF4, 0x87, 0xFF, 0xFF, 0xFF, 0xFF, 0xFF, 0xFF, 0xFF, 0xFF, 0xFF, 0xFF, 0xFF, 0xFF, 0xFF, 0xFF,
    0xFF, 0xFF, 0xFF, 0xFF, 0xFF, 0xFF, 0xFF, 0xFF, 0xFF, 0xFF, 0xFF, 0xFF, 0xFF, 0xFF, 0xFF, 0xFF,
    0xFF, 0xFF, 0xFF, 0xFF, 0xFF, 0xFF, 0x24, 0x21, 0x24, 0x21, 0x24, 0x21, 0x24, 0x21, 0x24, 0x21,
    0x24, 0x21, 0x24, 0x21, 0x24, 0x21, 0x24, 0x21, 0x24, 0x21, 0x24, 0x21, 0x24, 0x21, 0x92, 0x94,
    0xFF, 0xFF, 0xAE, 0x73, 0x24, 0x21, 0x24, 0x21, 0x24, 0x21, 0x24, 0x21, 0x24, 0x21, 0x24, 0x21,
    0x24, 0x21, 0x24, 0x21, 0x24, 0x21, 0x24, 0x21, 0x24, 0x21, 0x24, 0x21, 0xCF, 0x7B, 0x59, 0xCE,
    0x3C, 0xE7, 0xBA, 0xD6, 0x30, 0x84, 0xA6, 0x31, 0x24, 0x21, 0x30, 0x84, 0xFF, 0xFF, 0x92, 0x94,
    0x24, 0x21, 0x24, 0x21, 0x24, 0x21, 0x24, 0x21, 0x24, 0x21, 0x24, 0x21, 0x24, 0x21, 0x24, 0x21,
    0x24, 0x21, 0x24, 0x21, 0x24, 0x21, 0x24, 0x21, 0x24, 0x21, 0x86, 0x31, 0xB6, 0xB5, 0x59, 0xCE,
    0x59, 0xCE, 0x59, 0xCE, 0x59, 0xCE, 0x59, 0xCE, 0x59, 0xCE, 0x59, 0xCE, 0x59, 0xCE, 0x59, 0xCE,
    0x59, 0xCE, 0x59, 0xCE, 0x59, 0xCE, 0x59, 0xCE, 0x59, 0xCE, 0x59, 0xCE, 0x59, 0xCE, 0x59, 0xCE,
    0x59, 0xCE, 0x59, 0xCE, 0x59, 0xCE, 0x59, 0xCE, 0x59, 0xCE, 0x59, 0xCE, 0x59, 0xCE, 0x59, 0xCE,
    0x59, 0xCE, 0x59, 0xCE, 0x59, 0xCE, 0x59, 0xCE, 0x59, 0xCE, 0x59, 0xCE, 0x59, 0xCE, 0x59, 0xCE,
    0x59, 0xCE, 0x59, 0xCE, 0x59, 0xCE, 0x59, 0xCE, 0x59, 0xCE, 0x59, 0xCE, 0x59, 0xCE, 0x59, 0xCE,
    0x59, 0xCE, 0x59, 0xCE, 0x59, 0xCE, 0x59, 0xCE, 0x59, 0xCE, 0x59, 0xCE, 0x59, 0xCE, 0x59, 0xCE,
    0x59, 0xCE, 0x59, 0xCE, 0x59, 0xCE, 0x59, 0xCE, 0x59, 0xCE, 0x59, 0xCE, 0x59, 0xCE, 0x59, 0xCE,
    0x59, 0xCE, 0x59, 0xCE, 0x59, 0xCE, 0x59, 0xCE, 0x59, 0xCE, 0x59, 0xCE, 0x59, 0xCE, 0x59, 0xCE,
    0x59, 0xCE, 0x59, 0xCE, 0x59, 0xCE, 0x59, 0xCE, 0x59, 0xCE, 0x59, 0xCE, 0x59, 0xCE, 0x59, 0xCE,
    0x59, 0xCE, 0x59, 0xCE, 0x59, 0xCE, 0x59, 0xCE, 0x59, 0xCE, 0x59, 0xCE, 0x59, 0xCE, 0x59, 0xCE,
    0x59, 0xCE, 0x59, 0xCE, 0x59, 0xCE, 0x59, 0xCE, 0x59, 0xCE, 0x59, 0xCE, 0x59, 0xCE, 0x59, 0xCE,
    0x59, 0xCE, 0x59, 0xCE, 0x59, 0xCE, 0x59, 0xCE, 0x59, 0xCE, 0x59, 0xCE, 0x59, 0xCE, 0x59, 0xCE,
    0x59, 0xCE, 0x59, 0xCE, 0x59, 0xCE, 0x59, 0xCE, 0x59, 0xCE, 0x59, 0xCE, 0x59, 0xCE, 0x59, 0xCE,
    0x59, 0xCE, 0x59, 0xCE, 0xC7, 0x39, 0x1C, 0xDF, 0x1C, 0xE7, 0x3C, 0xE7, 0x5D, 0xEF, 0x7D, 0xEF,
    0xDB, 0xDE, 0xDB, 0xDE, 0xDB, 0xDE, 0xDB, 0xDE, 0xDB, 0xDE, 0xDB, 0xDE, 0xDB, 0xDE, 0xFB, 0xDE,
    0xFB, 0xDE, 0xFB, 0xDE, 0xFB, 0xDE, 0xFB, 0xDE, 0xFB, 0xDE, 0xFB, 0xDE, 0xFB, 0xDE, 0xFB, 0xDE,
    0xFB, 0xDE, 0xFB, 0xDE, 0xFB, 0xDE, 0xFB, 0xDE, 0xFB, 0xDE, 0xFB, 0xDE, 0xFB, 0xDE, 0xFB, 0xDE,
    0xFB, 0xDE, 0xFB, 0xDE, 0xFB, 0xDE, 0x1C, 0xE7, 0x1C, 0xE7, 0x1C, 0xE7, 0x3C, 0xE7, 0x3C, 0xE7,
    0x3C, 0xE7, 0x3C, 0xE7, 0x5D, 0xEF, 0x5D, 0xEF, 0x5D, 0xEF, 0x7D, 0xEF, 0x7D, 0xEF, 0x9E, 0xF7,
    0x9E, 0xF7, 0x9E, 0xF7, 0x7D, 0xEF, 0x7D, 0xEF, 0x7D, 0xEF, 0x7D, 0xEF, 0x7D, 0xEF, 0x7D, 0xEF,
    0x7D, 0xEF, 0x5D, 0xEF, 0x7D, 0xEF, 0x7D, 0xEF, 0x9E, 0xF7, 0x9E, 0xF7, 0x9E, 0xF7, 0x9E, 0xF7,
    0xBE, 0xF7, 0xBE, 0xF7, 0x9E, 0xF7, 0x9E, 0xF7, 0x9E, 0xF7, 0x9E, 0xF7, 0x7D, 0xEF, 0x7D, 0xEF,
    0x7D, 0xEF, 0x7D, 0xEF, 0x7D, 0xEF, 0x7D, 0xEF, 0x7D, 0xEF, 0x7D, 0xEF, 0x7D, 0xEF, 0x9E, 0xF7,
    0x9E, 0xF7, 0x9E, 0xF7, 0x9E, 0xF7, 0xBE, 0xF7, 0xBE, 0xF7, 0xBE, 0xF7, 0xBE, 0xF7, 0xBE, 0xF7,
    0xBE, 0xF7, 0xBE, 0xF7, 0xBE, 0xF7, 0xDF, 0xFF, 0xF3, 0x87, 0xE9, 0x17, 0xE9, 0x17, 0xE9, 0x17,
    0xE9, 0x17, 0xE9, 0x17, 0xE9, 0x17, 0xE9, 0x17, 0xE9, 0x17, 0xE9, 0x17, 0xF9, 0xBF, 0xDF, 0xFF,
    0xDF, 0xFF, 0xDF, 0xFF, 0xDF, 0xFF, 0xDF, 0xFF, 0xDF, 0xFF, 0xDF, 0xFF, 0xDF, 0xFF, 0xDF, 0xFF,
    0xDF, 0xFF, 0xDF, 0xFF, 0xDF, 0xFF, 0xDF, 0xFF, 0xDF, 0xFF, 0xDF, 0xFF, 0xDF, 0xFF, 0xDF, 0xFF,
    0xDF, 0xFF, 0xDF, 0xFF, 0xDF, 0xFF, 0xFF, 0xFF, 0xFF, 0xFF, 0xFF, 0xFF, 0xFF, 0xFF, 0xFF, 0xFF,
    0xFF, 0xFF, 0xDF, 0xFF, 0xDF, 0xFF, 0xDF, 0xFF, 0xDF, 0xFF, 0xFF, 0xFF, 0xFF, 0xFF, 0xFF, 0xFF,
    0xFF, 0xFF, 0xFF, 0xFF, 0xFF, 0xFF, 0xFF, 0xFF, 0xF5, 0x8F, 0xF2, 0x77, 0xF2, 0x77, 0xEB, 0x27,
    0xEE, 0x47, 0xF2, 0x77, 0xF2, 0x6F, 0xF9, 0xBF, 0xFF, 0xFF, 0xFF, 0xFF, 0xFF, 0xFF, 0xFF, 0xFF,
    0xFF, 0xFF, 0xFF, 0xFF, 0xFF, 0xFF, 0xFF, 0xFF, 0xFF, 0xFF, 0xFF, 0xFF, 0xFF, 0xFF, 0xFF, 0xFF,
    0xFF, 0xFF, 0xFF, 0xFF, 0xFF, 0xFF, 0x24, 0x21, 0x24, 0x21, 0x24, 0x21, 0x24, 0x21, 0x24, 0x21,
    0x24, 0x21, 0x24, 0x21, 0x24, 0x21, 0x24, 0x21, 0x24, 0x21, 0x24, 0x21, 0x30, 0x84, 0xFF, 0xFF,
    0x69, 0x4A, 0x24, 0x21, 0x24, 0x21, 0x69, 0x4A, 0xEB, 0x5A, 0x24, 0x21, 0x24, 0x21, 0x24, 0x21,
    0x24, 0x21, 0x24, 0x21, 0x24, 0x21, 0x24, 0x21, 0x24, 0x21, 0x92, 0x94, 0xFF, 0xFF, 0xFF, 0xFF,
    0xFF, 0xFF, 0xFF, 0xFF, 0xFF, 0xFF, 0x3C, 0xE7, 0x69, 0x4A, 0x24, 0x21, 0x69, 0x4A, 0xFF, 0xFF,
    0x30, 0x84, 0x24, 0x21, 0x24, 0x21, 0x24, 0x21, 0x24, 0x21, 0x24, 0x21, 0x24, 0x21, 0x24, 0x21,
    0x24, 0x21, 0x24, 0x21, 0x24, 0x21, 0x24, 0x21, 0x24, 0x21, 0xB2, 0x94, 0x59, 0xCE, 0x59, 0xCE,
    0x59, 0xCE, 0x59, 0xCE, 0x59, 0xCE, 0x59, 0xCE, 0x59, 0xCE, 0x59, 0xCE, 0x59, 0xCE, 0x59, 0xCE,
    0x59, 0xCE, 0x59, 0xCE, 0x59, 0xCE, 0x59, 0xCE, 0x59, 0xCE, 0x59, 0xCE, 0x59, 0xCE, 0x59, 0xCE,
    0x59, 0xCE, 0x59, 0xCE, 0x59, 0xCE, 0x59, 0xCE, 0x59, 0xCE, 0x59, 0xCE, 0x59, 0xCE, 0x59, 0xCE,
    0x59, 0xCE, 0x59, 0xCE, 0x59, 0xCE, 0x59, 0xCE, 0x59, 0xCE, 0x59, 0xCE, 0x59, 0xCE, 0x59, 0xCE,
    0x59, 0xCE, 0x59, 0xCE, 0x59, 0xCE, 0x59, 0xCE, 0x59, 0xCE, 0x59, 0xCE, 0x59, 0xCE, 0x59, 0xCE,
    0x59, 0xCE, 0x59, 0xCE, 0x59, 0xCE, 0x59, 0xCE, 0x59, 0xCE, 0x59, 0xCE, 0x59, 0xCE, 0x59, 0xCE,
    0x59, 0xCE, 0x59, 0xCE, 0x59, 0xCE, 0x59, 0xCE, 0x59, 0xCE, 0x59, 0xCE, 0x59, 0xCE, 0x59, 0xCE,
    0x59, 0xCE, 0x59, 0xCE, 0x59, 0xCE, 0x59, 0xCE, 0x59, 0xCE, 0x59, 0xCE, 0x59, 0xCE, 0x59, 0xCE,
    0x59, 0xCE, 0x59, 0xCE, 0x59, 0xCE, 0x59, 0xCE, 0x59, 0xCE, 0x59, 0xCE, 0x59, 0xCE, 0x59, 0xCE,
    0x59, 0xCE, 0x59, 0xCE, 0x59, 0xCE, 0x59, 0xCE, 0x59, 0xCE, 0x59, 0xCE, 0x59, 0xCE, 0x59, 0xCE,
    0x59, 0xCE, 0x59, 0xCE, 0x59, 0xCE, 0x59, 0xCE, 0x59, 0xCE, 0x59, 0xCE, 0x59, 0xCE, 0x59, 0xCE,
    0x59, 0xCE, 0x59, 0xCE, 0x59, 0xCE, 0x59, 0xCE, 0x59, 0xCE, 0x59, 0xCE, 0x59, 0xCE, 0x59, 0xCE,
    0x59, 0xCE, 0x59, 0xCE, 0x59, 0xCE, 0x59, 0xCE, 0x59, 0xCE, 0x59, 0xCE, 0x59, 0xCE, 0x59, 0xCE,
    0x59, 0xCE, 0x59, 0xCE, 0xC7, 0x39, 0xFB, 0xDE, 0x1C, 0xE7, 0x3C, 0xE7, 0x5D, 0xEF, 0x7D, 0xEF,
    0xDB, 0xDE, 0xDB, 0xDE, 0xDB, 0xDE, 0xDB, 0xDE, 0xDB, 0xDE, 0xDB, 0xDE, 0xDB, 0xDE, 0xDB, 0xDE,
    0xDB, 0xDE, 0xDB, 0xDE, 0xFB, 0xDE, 0xFB, 0xDE, 0xFB, 0xDE, 0xFB, 0xDE, 0xFB, 0xDE, 0xFB, 0xDE,
    0xFB, 0xDE, 0xFB, 0xDE, 0xFB, 0xDE, 0xFB, 0xDE, 0xFB, 0xDE, 0xFB, 0xDE, 0xFB, 0xDE, 0xFB, 0xDE,
    0xFB, 0xDE, 0xFB, 0xDE, 0xFB, 0xDE, 0x1C, 0xE7, 0x1C, 0xE7, 0x1C, 0xE7, 0x3C, 0xE7, 0x1C, 0xE7,
    0x5D, 0xEF, 0x5D, 0xEF, 0x5D, 0xEF, 0x7D, 0xEF, 0x51, 0x8C, 0x0C, 0x63, 0x28, 0x42, 0x69, 0x4A,
    0xCB, 0x5A, 0x4D, 0x6B, 0x10, 0x84, 0xF3, 0x9C, 0xD7, 0xBD, 0xFB, 0xDE, 0x9E, 0xF7, 0x9E, 0xF7,
    0x7D, 0xEF, 0x7D, 0xEF, 0x7D, 0xEF, 0x9E, 0xF7, 0x14, 0xA5, 0x86, 0x31, 0xE3, 0x18, 0xE3, 0x18,
    0x65, 0x29, 0x28, 0x42, 0x6D, 0x6B, 0x92, 0x94, 0xBA, 0xD6, 0xBE, 0xF7, 0x9E, 0xF7, 0x7D, 0xEF,
    0x7D, 0xEF, 0x7D, 0xEF, 0x7D, 0xEF, 0x7D, 0xEF, 0x7D, 0xEF, 0x7D, 0xEF, 0x9E, 0xF7, 0x9E, 0xF7,
    0xBE, 0xF7, 0xBE, 0xF7, 0xBE, 0xF7, 0xBE, 0xF7, 0xBE, 0xF7, 0xBE, 0xF7, 0xBE, 0xF7, 0xBE, 0xF7,
    0xBE, 0xF7, 0xBE, 0xF7, 0xDF, 0xFF, 0xDF, 0xFF, 0xEE, 0x4F, 0xE9, 0x17, 0xE9, 0x17, 0xEC, 0x37,
    0xF7, 0xA7, 0xF7, 0xAF, 0xF5, 0x97, 0xE9, 0x17, 0xE9, 0x17, 0xE9, 0x17, 0xF3, 0x7F, 0xDF, 0xFF,
    0xDF, 0xFF, 0xDF, 0xFF, 0xDF, 0xFF, 0xDF, 0xFF, 0xDF, 0xFF, 0xDF, 0xFF, 0xDF, 0xFF, 0xFF, 0xFF,
    0xDF, 0xFF, 0xDF, 0xFF, 0xDF, 0xFF, 0xDF, 0xFF, 0xDF, 0xFF, 0xFF, 0xFF, 0xFF, 0xFF, 0xFF, 0xFF,
    0xFF, 0xFF, 0xFF, 0xFF, 0xFF, 0xFF, 0xFF, 0xFF, 0xFF, 0xFF, 0xFF, 0xFF, 0xFF, 0xFF, 0xFF, 0xFF,
    0xFF, 0xFF, 0xFF, 0xFF, 0xFF, 0xFF, 0xFF, 0xFF, 0xFF, 0xFF, 0xFF, 0xFF, 0xFF, 0xFF, 0xFF, 0xFF,
    0xFF, 0xFF, 0xFF, 0xFF, 0xFF, 0xFF, 0xFF, 0xFF, 0xF1, 0x67, 0xEE, 0x47, 0xEE, 0x4F, 0xEA, 0x1F,
    0xEC, 0x2F, 0xEE, 0x47, 0xEE, 0x47, 0xF6, 0x9F, 0xFF, 0xFF, 0xFF, 0xFF, 0xFF, 0xFF, 0xFF, 0xFF,
    0xFF, 0xFF, 0xFF, 0xFF, 0xFF, 0xFF, 0xFF, 0xFF, 0xFF, 0xFF, 0xFF, 0xFF, 0xFF, 0xFF, 0xFF, 0xFF,
    0xFF, 0xFF, 0xFF, 0xFF, 0xFF, 0xFF, 0x24, 0x21, 0x24, 0x21, 0x24, 0x21, 0x24, 0x21, 0x24, 0x21,
    0x24, 0x21, 0x24, 0x21, 0x24, 0x21, 0x24, 0x21, 0x24, 0x21, 0x08, 0x42, 0xFF, 0xFF, 0x30, 0x84,
    0x24, 0x21, 0x69, 0x4A, 0x3C, 0xE7, 0xFF, 0xFF, 0xFF, 0xFF, 0x3C, 0xE7, 0x08, 0x42, 0x24, 0x21,
    0x24, 0x21, 0x24, 0x21, 0x24, 0x21, 0x24, 0x21, 0x30, 0x84, 0xFF, 0xFF, 0xFF, 0xFF, 0xFF, 0xFF,
    0xFF, 0xFF, 0xFF, 0xFF, 0xFF, 0xFF, 0xFF, 0xFF, 0x9E, 0xF7, 0x69, 0x4A, 0x24, 0x21, 0xAE, 0x73,
    0xFF, 0xFF, 0x8A, 0x52, 0x24, 0x21, 0x24, 0x21, 0x24, 0x21, 0x24, 0x21, 0x24, 0x21, 0x24, 0x21,
    0x24, 0x21, 0x24, 0x21, 0x24, 0x21, 0x24, 0x21, 0xCF, 0x7B, 0x59, 0xCE, 0x59, 0xCE, 0x59, 0xCE,
    0x59, 0xCE, 0x59, 0xCE, 0x59, 0xCE, 0x59, 0xCE, 0x59, 0xCE, 0x59, 0xCE, 0x59, 0xCE, 0x59, 0xCE,
    0x59, 0xCE, 0x59, 0xCE, 0x59, 0xCE, 0x59, 0xCE, 0x59, 0xCE, 0x59, 0xCE, 0x59, 0xCE, 0x59, 0xCE,
    0x59, 0xCE, 0x59, 0xCE, 0x59, 0xCE, 0x59, 0xCE, 0x59, 0xCE, 0x59, 0xCE, 0x59, 0xCE, 0x59, 0xCE,
    0x59, 0xCE, 0x59, 0xCE, 0x59, 0xCE, 0x59, 0xCE, 0x59, 0xCE, 0x59, 0xCE, 0x59, 0xCE, 0x59, 0xCE,
    0x59, 0xCE, 0x59, 0xCE, 0x59, 0xCE, 0x59, 0xCE, 0x59, 0xCE, 0x59, 0xCE, 0x59, 0xCE, 0x59, 0xCE,
    0x59, 0xCE, 0x59, 0xCE, 0x59, 0xCE, 0x59, 0xCE, 0x59, 0xCE, 0x59, 0xCE, 0x59, 0xCE, 0x59, 0xCE,
    0x59, 0xCE, 0x59, 0xCE, 0x59, 0xCE, 0x59, 0xCE, 0x59, 0xCE, 0x59, 0xCE, 0x59, 0xCE, 0x59, 0xCE,
    0x59, 0xCE, 0x59, 0xCE, 0x59, 0xCE, 0x59, 0xCE, 0x59, 0xCE, 0x59, 0xCE, 0x59, 0xCE, 0x59, 0xCE,
    0x59, 0xCE, 0x59, 0xCE, 0x59, 0xCE, 0x59, 0xCE, 0x59, 0xCE, 0x59, 0xCE, 0x59, 0xCE, 0x59, 0xCE,
    0x59, 0xCE, 0x59, 0xCE, 0x59, 0xCE, 0x59, 0xCE, 0x59, 0xCE, 0x59, 0xCE, 0x59, 0xCE, 0x59, 0xCE,
    0x59, 0xCE, 0x59, 0xCE, 0x59, 0xCE, 0x59, 0xCE, 0x59, 0xCE, 0x59, 0xCE, 0x59, 0xCE, 0x59, 0xCE,
    0x59, 0xCE, 0x59, 0xCE, 0x59, 0xCE, 0x59, 0xCE, 0x59, 0xCE, 0x59, 0xCE, 0x59, 0xCE, 0x59, 0xCE,
    0x59, 0xCE, 0x59, 0xCE, 0x59, 0xCE, 0x59, 0xCE, 0x59, 0xCE, 0x59, 0xCE, 0x59, 0xCE, 0x59, 0xCE,
    0x59, 0xCE, 0x59, 0xCE, 0xC7, 0x39, 0xFB, 0xDE, 0x1C, 0xE7, 0x3C, 0xE7, 0x5D, 0xEF, 0x7D, 0xEF,
    0xDB, 0xDE, 0xDB, 0xDE, 0xDB, 0xDE, 0xDB, 0xDE, 0xDB, 0xDE, 0xDB, 0xDE, 0xDB, 0xDE, 0xDB, 0xDE,
    0xDB, 0xDE, 0xDB, 0xDE, 0xDB, 0xDE, 0xDB, 0xDE, 0xDB, 0xDE, 0xFB, 0xDE, 0xFB, 0xDE, 0xFB, 0xDE,
    0xFB, 0xDE, 0xFB, 0xDE, 0xFB, 0xDE, 0xFB, 0xDE, 0xFB, 0xDE, 0xFB, 0xDE, 0xFB, 0xDE, 0xFB, 0xDE,
    0xFB, 0xDE, 0xFB, 0xDE, 0xFB, 0xDE, 0x1C, 0xE7, 0x1C, 0xE7, 0x3C, 0xE7, 0x5D, 0xEF, 0xA2, 0x10,
    0xD3, 0x9C, 0x7D, 0xEF, 0x7D, 0xEF, 0xF3, 0x9C, 0x00, 0x00, 0x00, 0x00, 0x00, 0x00, 0x00, 0x00,
    0x00, 0x00, 0x00, 0x00, 0x00, 0x00, 0x00, 0x00, 0x00, 0x00, 0x00, 0x00, 0x61, 0x08, 0xC7, 0x39,
    0x71, 0x8C, 0x9E, 0xF7, 0x9E, 0xF7, 0x9A, 0xD6, 0x20, 0x00, 0x00, 0x00, 0x00, 0x00, 0x00, 0x00,
    0x00, 0x00, 0x00, 0x00, 0x00, 0x00, 0x00, 0x00, 0x00, 0x00, 0x8A, 0x52, 0x1C, 0xE7, 0x9E, 0xF7,
    0x7D, 0xEF, 0x7D, 0xEF, 0x7D, 0xEF, 0x7D, 0xEF, 0x7D, 0xEF, 0x9E, 0xF7, 0x9E, 0xF7, 0xBE, 0xF7,
    0xBE, 0xF7, 0x9E, 0xF7, 0x18, 0xC6, 0xF7, 0xBD, 0x9E, 0xF7, 0xDF, 0xFF, 0xBE, 0xF7, 0xBE, 0xF7,
    0xBE, 0xF7, 0xBE, 0xF7, 0xDF, 0xFF, 0xDF, 0xFF, 0xED, 0x3F, 0xE9, 0x17, 0xE9, 0x17, 0xF6, 0x9F,
    0xFF, 0xFF, 0xFF, 0xFF, 0xFF, 0xFF, 0xF0, 0x5F, 0xE9, 0x17, 0xE9, 0x17, 0xF2, 0x77, 0xFF, 0xFF,
    0xDF, 0xFF, 0xDF, 0xFF, 0xDF, 0xFF, 0xDF, 0xFF, 0xDF, 0xFF, 0xFE, 0xF7, 0xF5, 0x8F, 0xFD, 0xE7,
    0xFF, 0xFF, 0xFF, 0xFF, 0xFF, 0xFF, 0xFF, 0xFF, 0xFF, 0xFF, 0xFF, 0xFF, 0xFE, 0xF7, 0xF8, 0xAF,
    0xFF, 0xFF, 0xFF, 0xFF, 0xFF, 0xFF, 0xFF, 0xFF, 0xFF, 0xFF, 0xF7, 0xA7, 0xFE, 0xF7, 0xFF, 0xFF,
    0xFF, 0xFF, 0xFF, 0xFF, 0xFF, 0xFF, 0xFF, 0xFF, 0xFF, 0xFF, 0xFF, 0xFF, 0xFF, 0xFF, 0xF6, 0x9F,
    0xFA, 0xC7, 0xFF, 0xFF, 0xFF, 0xFF, 0xFF, 0xFF, 0xFF, 0xFF, 0xFF, 0xFF, 0xFF, 0xFF, 0xED, 0x3F,
    0xF4, 0x8F, 0xFF, 0xFF, 0xFF, 0xFF, 0xFF, 0xFF, 0xFF, 0xFF, 0xFF, 0xFF, 0xFF, 0xFF, 0xFF, 0xFF,
    0xFF, 0xFF, 0xFF, 0xFF, 0xFF, 0xFF, 0xFF, 0xFF, 0xFF, 0xFF, 0xFF, 0xFF, 0xFF, 0xFF, 0xFF, 0xFF,
    0xFF, 0xFF, 0xFF, 0xFF, 0xFF, 0xFF, 0x24, 0x21, 0x24, 0x21, 0x24, 0x21, 0x24, 0x21, 0x24, 0x21,
    0x24, 0x21, 0x24, 0x21, 0x24, 0x21, 0x24, 0x21, 0x45, 0x29, 0x3C, 0xE7, 0x14, 0xA5, 0x24, 0x21,
    0x69, 0x4A, 0x9E, 0xF7, 0xFF, 0xFF, 0xFF, 0xFF, 0xFF, 0xFF, 0xFF, 0xFF, 0x59, 0xCE, 0x24, 0x21,
    0x24, 0x21, 0x24, 0x21, 0x24, 0x21, 0x08, 0x42, 0x3C, 0xE7, 0xFF, 0xFF, 0xFF, 0xFF, 0xFF, 0xFF,
    0xFF, 0xFF, 0xFF, 0xFF, 0xFF, 0xFF, 0xFF, 0xFF, 0xFF, 0xFF, 0x3C, 0xE7, 0x45, 0x29, 0x24, 0x21,
    0x14, 0xA5, 0x3C, 0xE7, 0x24, 0x21, 0x24, 0x21, 0x24, 0x21, 0x24, 0x21, 0x24, 0x21, 0x24, 0x21,
    0x24, 0x21, 0x24, 0x21, 0x24, 0x21, 0x24, 0x21, 0x59, 0xCE, 0x59, 0xCE, 0x59, 0xCE, 0x59, 0xCE,
    0x59, 0xCE, 0x59, 0xCE, 0x59, 0xCE, 0x59, 0xCE, 0x59, 0xCE, 0x59, 0xCE, 0x59, 0xCE, 0x59, 0xCE,
    0x59, 0xCE, 0x59, 0xCE, 0x59, 0xCE, 0x59, 0xCE, 0x59, 0xCE, 0x59, 0xCE, 0x59, 0xCE, 0x59, 0xCE,
    0x59, 0xCE, 0x59, 0xCE, 0x59, 0xCE, 0x59, 0xCE, 0x59, 0xCE, 0x59, 0xCE, 0x59, 0xCE, 0x59, 0xCE,
    0x59, 0xCE, 0x59, 0xCE, 0x59, 0xCE, 0x59, 0xCE, 0x59, 0xCE, 0x59, 0xCE, 0x59, 0xCE, 0x59, 0xCE,
    0x59, 0xCE, 0x59, 0xCE, 0x59, 0xCE, 0x59, 0xCE, 0x59, 0xCE, 0x59, 0xCE, 0x59, 0xCE, 0x59, 0xCE,
    0x59, 0xCE, 0x59, 0xCE, 0x59, 0xCE, 0x59, 0xCE, 0x59, 0xCE, 0x59, 0xCE, 0x59, 0xCE, 0x59, 0xCE,
    0x59, 0xCE, 0x59, 0xCE, 0x59, 0xCE, 0x59, 0xCE, 0x59, 0xCE, 0x59, 0xCE, 0x59, 0xCE, 0x59, 0xCE,
    0x59, 0xCE, 0x59, 0xCE, 0x59, 0xCE, 0x59, 0xCE, 0x59, 0xCE, 0x59, 0xCE, 0x59, 0xCE, 0x59, 0xCE,
    0x59, 0xCE, 0x59, 0xCE, 0x59, 0xCE, 0x59, 0xCE, 0x59, 0xCE, 0x59, 0xCE, 0x59, 0xCE, 0x59, 0xCE,
    0x59, 0xCE, 0x59, 0xCE, 0x59, 0xCE, 0x59, 0xCE, 0x59, 0xCE, 0x59, 0xCE, 0x59, 0xCE, 0x59, 0xCE,
    0x59, 0xCE, 0x59, 0xCE, 0x59, 0xCE, 0x59, 0xCE, 0x59, 0xCE, 0x59, 0xCE, 0x59, 0xCE, 0x59, 0xCE,
    0x59, 0xCE, 0x59, 0xCE, 0x59, 0xCE, 0x59, 0xCE, 0x59, 0xCE, 0x59, 0xCE, 0x59, 0xCE, 0x59, 0xCE,
    0x59, 0xCE, 0x59, 0xCE, 0x59, 0xCE, 0x59, 0xCE, 0x59, 0xCE, 0x59, 0xCE, 0x59, 0xCE, 0x59, 0xCE,
    0x59, 0xCE, 0x59, 0xCE, 0xC7, 0x39, 0xFB, 0xDE, 0x1C, 0xE7, 0x3C, 0xE7, 0x5D, 0xEF, 0x7D, 0xEF,
    0xDB, 0xDE, 0xDB, 0xDE, 0xDB, 0xDE, 0xDB, 0xDE, 0xDB, 0xDE, 0xDB, 0xDE, 0xDB, 0xDE, 0xDB, 0xDE,
    0xDB, 0xDE, 0xDB, 0xDE, 0xDB, 0xDE, 0xDB, 0xDE, 0xDB, 0xDE, 0xDB, 0xDE, 0xDB, 0xDE, 0xDB, 0xDE,
    0xFB, 0xDE, 0xFB, 0xDE, 0xFB, 0xDE, 0xFB, 0xDE, 0xFB, 0xDE, 0xFB, 0xDE, 0xFB, 0xDE, 0xFB, 0xDE,
    0xFB, 0xDE, 0xFB, 0xDE, 0xFB, 0xDE, 0x1C, 0xE7, 0x1C, 0xE7, 0x3C, 0xE7, 0x5D, 0xEF, 0x00, 0x00,
    0xA6, 0x31, 0x7D, 0xEF, 0x7D, 0xEF, 0x5D, 0xEF, 0x61, 0x08, 0x00, 0x00, 0x00, 0x00, 0x00, 0x00,
    0x00, 0x00, 0x00, 0x00, 0x00, 0x00, 0x00, 0x00, 0x00, 0x00, 0x00, 0x00, 0x00, 0x00, 0x00, 0x00,
    0x00, 0x00, 0xD3, 0x9C, 0xBE, 0xF7, 0x30, 0x84, 0x00, 0x00, 0x00, 0x00, 0x00, 0x00, 0x00, 0x00,
    0x00, 0x00, 0x00, 0x00, 0x00, 0x00, 0x00, 0x00, 0x00, 0x00, 0x00, 0x00, 0xE7, 0x39, 0x9E, 0xF7,
    0x7D, 0xEF, 0x7D, 0xEF, 0x7D, 0xEF, 0x7D, 0xEF, 0x9E, 0xF7, 0x9E, 0xF7, 0x9A, 0xD6, 0x0C, 0x63,
    0x65, 0x29, 0x20, 0x00, 0x00, 0x00, 0x00, 0x00, 0x20, 0x00, 0x65, 0x29, 0x96, 0xB5, 0xDF, 0xFF,
    0xDE, 0xF7, 0xDF, 0xFF, 0xDF, 0xFF, 0xDF, 0xFF, 0xED, 0x3F, 0xE9, 0x17, 0xE9, 0x17, 0xF7, 0xA7,
    0xFF, 0xFF, 0xFF, 0xFF, 0xFF, 0xFF, 0xF1, 0x67, 0xE9, 0x17, 0xE9, 0x17, 0xF2, 0x6F, 0xFF, 0xFF,
    0xDF, 0xFF, 0xDF, 0xFF, 0xDF, 0xFF, 0xFF, 0xFF, 0xFF, 0xFF, 0xF4, 0x87, 0xE9, 0x17, 0xE9, 0x17,
    0xEF, 0x57, 0xF8, 0xAF, 0xFF, 0xFF, 0xFF, 0xFF, 0xFF, 0xF7, 0xFF, 0xFF, 0xF2, 0x77, 0xE9, 0x17,
    0xF2, 0x6F, 0xFE, 0xEF, 0xFF, 0xFF, 0xFF, 0xFF, 0xFA, 0xCF, 0xE9, 0x17, 0xED, 0x3F, 0xFA, 0xC7,
    0xFF, 0xFF, 0xFF, 0xFF, 0xFF, 0xFF, 0xFF, 0xFF, 0xFF, 0xFF, 0xFF, 0xFF, 0xFC, 0xDF, 0xEA, 0x17,
    0xE9, 0x17, 0xED, 0x37, 0xF5, 0x97, 0xFE, 0xEF, 0xFF, 0xFF, 0xFF, 0xFF, 0xFF, 0xFF, 0xED, 0x3F,
    0xF4, 0x87, 0xFF, 0xFF, 0xFF, 0xFF, 0xFF, 0xFF, 0xFF, 0xFF, 0xFF, 0xFF, 0xFF, 0xFF, 0xFF, 0xFF,
    0xFF, 0xFF, 0xFF, 0xFF, 0xFF, 0xFF, 0xFF, 0xFF, 0xFF, 0xFF, 0xFF, 0xFF, 0xFF, 0xFF, 0xFF, 0xFF,
    0xFF, 0xFF, 0xFF, 0xFF, 0xFF, 0xFF, 0x24, 0x21, 0x24, 0x21, 0x24, 0x21, 0x24, 0x21, 0x24, 0x21,
    0x24, 0x21, 0x24, 0x21, 0x24, 0x21, 0x45, 0x29, 0xCF, 0x7B, 0x3C, 0xE7, 0xA6, 0x31, 0xA6, 0x31,
    0x3C, 0xE7, 0xFF, 0xFF, 0xFF, 0xFF, 0xFF, 0xFF, 0xFF, 0xFF, 0xFF, 0xFF, 0xFF, 0xFF, 0xA6, 0x31,
    0x24, 0x21, 0x24, 0x21, 0x45, 0x29, 0xCF, 0x7B, 0xFF, 0xFF, 0xFF, 0xFF, 0xFF, 0xFF, 0xFF, 0xFF,
    0xFF, 0xFF, 0xFF, 0xFF, 0xFF, 0xFF, 0xFF, 0xFF, 0xFF, 0xFF, 0xFF, 0xFF, 0x8A, 0x52, 0x45, 0x29,
    0xA6, 0x31, 0x9E, 0xF7, 0xB2, 0x94, 0x24, 0x21, 0x24, 0x21, 0x24, 0x21, 0x24, 0x21, 0x24, 0x21,
    0x24, 0x21, 0x24, 0x21, 0x24, 0x21, 0x24, 0x21, 0x59, 0xCE, 0x59, 0xCE, 0x59, 0xCE, 0x59, 0xCE,
    0x59, 0xCE, 0x59, 0xCE, 0x59, 0xCE, 0x59, 0xCE, 0x59, 0xCE, 0x59, 0xCE, 0x59, 0xCE, 0x59, 0xCE,
    0x59, 0xCE, 0x59, 0xCE, 0x59, 0xCE, 0x59, 0xCE, 0x59, 0xCE, 0x59, 0xCE, 0x59, 0xCE, 0x59, 0xCE,
    0x59, 0xCE, 0x59, 0xCE, 0x59, 0xCE, 0x59, 0xCE, 0x59, 0xCE, 0x59, 0xCE, 0x59, 0xCE, 0x59, 0xCE,
    0x59, 0xCE, 0x59, 0xCE, 0x59, 0xCE, 0x59, 0xCE, 0x59, 0xCE, 0x59, 0xCE, 0x59, 0xCE, 0x59, 0xCE,
    0x59, 0xCE, 0x59, 0xCE, 0x59, 0xCE, 0x59, 0xCE, 0x59, 0xCE, 0x59, 0xCE, 0x59, 0xCE, 0x59, 0xCE,
    0x59, 0xCE, 0x59, 0xCE, 0x59, 0xCE, 0x59, 0xCE, 0x59, 0xCE, 0x59, 0xCE, 0x59, 0xCE, 0x59, 0xCE,
    0x59, 0xCE, 0x59, 0xCE, 0x59, 0xCE, 0x59, 0xCE, 0x59, 0xCE, 0x59, 0xCE, 0x59, 0xCE, 0x59, 0xCE,
    0x59, 0xCE, 0x59, 0xCE, 0x59, 0xCE, 0x59, 0xCE, 0x59, 0xCE, 0x59, 0xCE, 0x59, 0xCE, 0x59, 0xCE,
    0x59, 0xCE, 0x59, 0xCE, 0x59, 0xCE, 0x59, 0xCE, 0x59, 0xCE, 0x59, 0xCE, 0x59, 0xCE, 0x59, 0xCE,
    0x59, 0xCE, 0x59, 0xCE, 0x59, 0xCE, 0x59, 0xCE, 0x59, 0xCE, 0x59, 0xCE, 0x59, 0xCE, 0x59, 0xCE,
    0x59, 0xCE, 0x59, 0xCE, 0x59, 0xCE, 0x59, 0xCE, 0x59, 0xCE, 0x59, 0xCE, 0x59, 0xCE, 0x59, 0xCE,
    0x59, 0xCE, 0x59, 0xCE, 0x59, 0xCE, 0x59, 0xCE, 0x59, 0xCE, 0x59, 0xCE, 0x59, 0xCE, 0x59, 0xCE,
    0x59, 0xCE, 0x59, 0xCE, 0x59, 0xCE, 0x59, 0xCE, 0x59, 0xCE, 0x59, 0xCE, 0x59, 0xCE, 0x59, 0xCE,
    0x59, 0xCE, 0x59, 0xCE, 0xC7, 0x39, 0x1C, 0xDF, 0x1C, 0xE7, 0x3C, 0xE7, 0x5D, 0xEF, 0x7D, 0xEF,
    0xDB, 0xDE, 0xDB, 0xDE, 0xDB, 0xDE, 0xDB, 0xDE, 0xDB, 0xDE, 0xDB, 0xDE, 0xDB, 0xDE, 0xDB, 0xDE,
    0xDB, 0xDE, 0xDB, 0xDE, 0xDB, 0xDE, 0xDB, 0xDE, 0xDB, 0xDE, 0xDB, 0xDE, 0xDB, 0xDE, 0xDB, 0xDE,
    0xDB, 0xDE, 0xFB, 0xDE, 0xFB, 0xDE, 0xFB, 0xDE, 0xFB, 0xDE, 0xFB, 0xDE, 0xFB, 0xDE, 0xFB, 0xDE,
    0xFB, 0xDE, 0xFB, 0xDE, 0xFB, 0xDE, 0x1C, 0xE7, 0x1C, 0xE7, 0x3C, 0xE7, 0x5D, 0xEF, 0x00, 0x00,
    0x00, 0x00, 0x3C, 0xE7, 0x9E, 0xF7, 0x9E, 0xF7, 0xAA, 0x52, 0x00, 0x00, 0x00, 0x00, 0x00, 0x00,
    0xAE, 0x73, 0x8E, 0x73, 0xEB, 0x5A, 0x49, 0x4A, 0xC7, 0x39, 0x45, 0x29, 0xE3, 0x18, 0xE3, 0x18,
    0xA6, 0x31, 0x59, 0xCE, 0xBE, 0xF7, 0x6D, 0x6B, 0x00, 0x00, 0x00, 0x00, 0x59, 0xCE, 0x9A, 0xD6,
    0xF7, 0xBD, 0xF3, 0x9C, 0x4D, 0x6B, 0x41, 0x08, 0x00, 0x00, 0x00, 0x00, 0x00, 0x00, 0x18, 0xC6,
    0x9E, 0xF7, 0x7D, 0xEF, 0x7D, 0xEF, 0x7D, 0xEF, 0x9E, 0xF7, 0x1C, 0xE7, 0x82, 0x10, 0x00, 0x00,
    0x00, 0x00, 0x00, 0x00, 0x00, 0x00, 0x00, 0x00, 0x00, 0x00, 0x00, 0x00, 0x20, 0x00, 0x92, 0x94,
    0xDF, 0xFF, 0xDF, 0xFF, 0xDF, 0xFF, 0xDF, 0xFF, 0xED, 0x3F, 0xE9, 0x17, 0xE9, 0x17, 0xF7, 0xAF,
    0xFF, 0xFF, 0xFF, 0xFF, 0xFF, 0xFF, 0xF1, 0x67, 0xE9, 0x17, 0xE9, 0x17, 0xF2, 0x6F, 0xFF, 0xFF,
    0xDF, 0xFF, 0xDF, 0xFF, 0xFF, 0xFF, 0xFF, 0xFF, 0xF7, 0xA7, 0xE9, 0x17, 0xE9, 0x17, 0xE9, 0x17,
    0xE9, 0x17, 0xE9, 0x17, 0xEA, 0x27, 0xF0, 0x5F, 0xFB, 0xCF, 0xF9, 0xC7, 0xE9, 0x17, 0xE9, 0x17,
    0xE9, 0x17, 0xEA, 0x1F, 0xFB, 0xCF, 0xFF, 0xFF, 0xEC, 0x3F, 0xE9, 0x17, 0xE9, 0x17, 0xE9, 0x17,
    0xF3, 0x7F, 0xFF, 0xFF, 0xFF, 0xFF, 0xFF, 0xFF, 0xFF, 0xFF, 0xFD, 0xEF, 0xEC, 0x37, 0xE9, 0x17,
    0xE9, 0x17, 0xE9, 0x17, 0xE9, 0x17, 0xE9, 0x17, 0xEF, 0x4F, 0xF4, 0x8F, 0xFF, 0xFF, 0xF1, 0x67,
    0xF7, 0xAF, 0xFF, 0xFF, 0xFF, 0xFF, 0xFF, 0xFF, 0xFF, 0xFF, 0xFF, 0xFF, 0xFF, 0xFF, 0xFF, 0xFF,
    0xFF, 0xFF, 0xFF, 0xFF, 0xFF, 0xFF, 0xFF, 0xFF, 0xFF, 0xFF, 0xFF, 0xFF, 0xFF, 0xFF, 0xFF, 0xFF,
    0xFF, 0xFF, 0xFF, 0xFF, 0xFF, 0xFF, 0x24, 0x21, 0x24, 0x21, 0x24, 0x21, 0x24, 0x21, 0x24, 0x21,
    0x24, 0x21, 0x24, 0x21, 0x24, 0x21, 0x45, 0x29, 0x3C, 0xE7, 0xAE, 0x73, 0x45, 0x29, 0xCF, 0x7B,
    0xFF, 0xFF, 0xFF, 0xFF, 0xFF, 0xFF, 0xFF, 0xFF, 0xFF, 0xFF, 0xFF, 0xFF, 0xFF, 0xFF, 0x28, 0x42,
    0x45, 0x29, 0x45, 0x29, 0x45, 0x29, 0x59, 0xCE, 0xFF, 0xFF, 0xFF, 0xFF, 0xFF, 0xFF, 0xFF, 0xFF,
    0xFF, 0xFF, 0xFF, 0xFF, 0xFF, 0xFF, 0xFF, 0xFF, 0xFF, 0xFF, 0xFF, 0xFF, 0x0C, 0x63, 0x45, 0x29,
    0x24, 0x21, 0x30, 0x84, 0x9E, 0xF7, 0xA6, 0x31, 0x24, 0x21, 0x24, 0x21, 0x24, 0x21, 0x24, 0x21,
    0x24, 0x21, 0x24, 0x21, 0x24, 0x21, 0x24, 0x21, 0x59, 0xCE, 0x59, 0xCE, 0x59, 0xCE, 0x59, 0xCE,
    0x59, 0xCE, 0x59, 0xCE, 0x59, 0xCE, 0x55, 0xAD, 0x45, 0x29, 0x04, 0x21, 0x04, 0x21, 0x04, 0x21,
    0x04, 0x21, 0x04, 0x21, 0x04, 0x21, 0x04, 0x21, 0x04, 0x21, 0x04, 0x21, 0x04, 0x21, 0x04, 0x21,
    0x04, 0x21, 0x04, 0x21, 0x04, 0x21, 0xA6, 0x31, 0x55, 0xAD, 0x59, 0xCE, 0x59, 0xCE, 0x59, 0xCE,
    0x59, 0xCE, 0x59, 0xCE, 0x59, 0xCE, 0x59, 0xCE, 0x59, 0xCE, 0x59, 0xCE, 0x59, 0xCE, 0x59, 0xCE,
    0x59, 0xCE, 0x59, 0xCE, 0x59, 0xCE, 0x59, 0xCE, 0x59, 0xCE, 0x59, 0xCE, 0x59, 0xCE, 0x59, 0xCE,
    0x59, 0xCE, 0x59, 0xCE, 0x59, 0xCE, 0x59, 0xCE, 0x59, 0xCE, 0x59, 0xCE, 0x59, 0xCE, 0x59, 0xCE,
    0x59, 0xCE, 0x59, 0xCE, 0x59, 0xCE, 0x59, 0xCE, 0x59, 0xCE, 0x59, 0xCE, 0x59, 0xCE, 0x59, 0xCE,
    0x59, 0xCE, 0x59, 0xCE, 0x59, 0xCE, 0x59, 0xCE, 0x59, 0xCE, 0x59, 0xCE, 0x59, 0xCE, 0x59, 0xCE,
    0x59, 0xCE, 0x59, 0xCE, 0x59, 0xCE, 0x59, 0xCE, 0x59, 0xCE, 0x59, 0xCE, 0x59, 0xCE, 0x59, 0xCE,
    0x59, 0xCE, 0x59, 0xCE, 0x59, 0xCE, 0x59, 0xCE, 0x59, 0xCE, 0x59, 0xCE, 0x59, 0xCE, 0x59, 0xCE,
    0x59, 0xCE, 0x59, 0xCE, 0x59, 0xCE, 0x59, 0xCE, 0x59, 0xCE, 0x59, 0xCE, 0x59, 0xCE, 0x59, 0xCE,
    0x59, 0xCE, 0x59, 0xCE, 0x59, 0xCE, 0x59, 0xCE, 0x59, 0xCE, 0x59, 0xCE, 0x59, 0xCE, 0x59, 0xCE,
    0x59, 0xCE, 0x59, 0xCE, 0x59, 0xCE, 0x59, 0xCE, 0x59, 0xCE, 0x59, 0xCE, 0x59, 0xCE, 0x59, 0xCE,
    0x59, 0xCE, 0x59, 0xCE, 0xC7, 0x39, 0xFB, 0xDE, 0x1C, 0xE7, 0x3C, 0xE7, 0x5D, 0xEF, 0x7D, 0xEF,
    0xDB, 0xDE, 0xDB, 0xDE, 0xDB, 0xDE, 0xDB, 0xDE, 0xDB, 0xDE, 0xDB, 0xDE, 0xDB, 0xDE, 0xDB, 0xDE,
    0xDB, 0xDE, 0xDB, 0xDE, 0xDB, 0xDE, 0xDB, 0xDE, 0xDB, 0xDE, 0xDB, 0xDE, 0xDB, 0xDE, 0xFB, 0xDE,
    0xFB, 0xDE, 0xFB, 0xDE, 0xFB, 0xDE, 0xFB, 0xDE, 0xFB, 0xDE, 0xFB, 0xDE, 0xFB, 0xDE, 0xFB, 0xDE,
    0xFB, 0xDE, 0xFB, 0xDE, 0xFB, 0xDE, 0x1C, 0xE7, 0x1C, 0xE7, 0x3C, 0xE7, 0x7D, 0xEF, 0x41, 0x08,
    0x00, 0x00, 0x55, 0xAD, 0x9E, 0xF7, 0x9E, 0xF7, 0xB2, 0x94, 0x00, 0x00, 0x00, 0x00, 0x00, 0x00,
    0xFB, 0xDE, 0xBE, 0xF7, 0x9E, 0xF7, 0x9E, 0xF7, 0x9E, 0xF7, 0x9E, 0xF7, 0x9E, 0xF7, 0x7D, 0xEF,
    0x9E, 0xF7, 0x9E, 0xF7, 0x9E, 0xF7, 0x0C, 0x63, 0x00, 0x00, 0x00, 0x00, 0xFB, 0xDE, 0xBE, 0xF7,
    0xBE, 0xF7, 0xBE, 0xF7, 0xDF, 0xFF, 0x79, 0xCE, 0x00, 0x00, 0x00, 0x00, 0x00, 0x00, 0x9A, 0xD6,
    0x9D, 0xEF, 0x7D, 0xEF, 0x7D, 0xEF, 0x7D, 0xEF, 0x9E, 0xF7, 0x96, 0xB5, 0x00, 0x00, 0x00, 0x00,
    0x00, 0x00, 0x00, 0x00, 0xA2, 0x10, 0x65, 0x29, 0x82, 0x10, 0x00, 0x00, 0x00, 0x00, 0x00, 0x00,
    0xF7, 0xBD, 0xDF, 0xFF, 0xDF, 0xFF, 0xDF, 0xFF, 0xED, 0x3F, 0xE9, 0x17, 0xE9, 0x17, 0xF7, 0xAF,
    0xFF, 0xFF, 0xDF, 0xFF, 0xFF, 0xFF, 0xF1, 0x67, 0xE9, 0x17, 0xE9, 0x17, 0xF2, 0x6F, 0xFF, 0xFF,
    0xFF, 0xFF, 0xFF, 0xF7, 0xF9, 0xBF, 0xF1, 0x67, 0xEB, 0x2F, 0xF4, 0x87, 0xEB, 0x2F, 0xE9, 0x17,
    0xE9, 0x17, 0xE9, 0x17, 0xE9, 0x17, 0xF7, 0xA7, 0xFF, 0xFF, 0xFA, 0xCF, 0xEC, 0x37, 0xE9, 0x17,
    0xE9, 0x17, 0xED, 0x3F, 0xFF, 0xFF, 0xFF, 0xF7, 0xF1, 0x67, 0xE9, 0x17, 0xE9, 0x17, 0xE9, 0x17,
    0xFB, 0xD7, 0xFF, 0xFF, 0xFF, 0xFF, 0xFB, 0xD7, 0xF4, 0x8F, 0xEB, 0x27, 0xF3, 0x7F, 0xEF, 0x4F,
    0xE9, 0x17, 0xE9, 0x17, 0xE9, 0x17, 0xE9, 0x17, 0xEF, 0x4F, 0xFF, 0xFF, 0xFF, 0xFF, 0xFF, 0xFF,
    0xFF, 0xFF, 0xFF, 0xFF, 0xFF, 0xFF, 0xDF, 0xFF, 0xFF, 0xFF, 0xFF, 0xFF, 0xFF, 0xFF, 0xFF, 0xFF,
    0xFF, 0xFF, 0xFF, 0xFF, 0xFF, 0xFF, 0xFF, 0xFF, 0xFF, 0xFF, 0xFF, 0xFF, 0xFF, 0xFF, 0xFF, 0xFF,
    0xFF, 0xFF, 0xFF, 0xFF, 0xFF, 0xFF, 0x24, 0x21, 0x24, 0x21, 0x24, 0x21, 0x24, 0x21, 0x24, 0x21,
    0x24, 0x21, 0x24, 0x21, 0x45, 0x29, 0xCF, 0x7B, 0x3C, 0xE7, 0x24, 0x21, 0x45, 0x29, 0xBA, 0xD6,
    0xFF, 0xFF, 0xFF, 0xFF, 0xFF, 0xFF, 0xFF, 0xFF, 0xFF, 0xFF, 0xFF, 0xFF, 0xFF, 0xFF, 0x0C, 0x63,
    0x45, 0x29, 0x45, 0x29, 0x65, 0x29, 0x9E, 0xF7, 0xFF, 0xFF, 0xFF, 0xFF, 0xFF, 0xFF, 0xFF, 0xFF,
    0xFF, 0xFF, 0xFF, 0xFF, 0xFF, 0xFF, 0xFF, 0xFF, 0xFF, 0xFF, 0x3C, 0xE7, 0x86, 0x31, 0x65, 0x29,
    0x45, 0x29, 0xA6, 0x31, 0x9E, 0xF7, 0x6D, 0x6B, 0x45, 0x29, 0x24, 0x21, 0x24, 0x21, 0x24, 0x21,
    0x24, 0x21, 0x24, 0x21, 0x24, 0x21, 0x24, 0x21, 0x59, 0xCE, 0x59, 0xCE, 0x59, 0xCE, 0x59, 0xCE,
    0x59, 0xCE, 0x59, 0xCE, 0x59, 0xCE, 0xA6, 0x31, 0x04, 0x21, 0x04, 0x21, 0x04, 0x21, 0x04, 0x21,
    0x04, 0x21, 0x04, 0x21, 0x04, 0x21, 0x04, 0x21, 0x04, 0x21, 0x04, 0x21, 0x04, 0x21, 0x04, 0x21,
    0x04, 0x21, 0x04, 0x21, 0x04, 0x21, 0x04, 0x21, 0x45, 0x29, 0x59, 0xCE, 0x59, 0xCE, 0x59, 0xCE,
    0x59, 0xCE, 0x59, 0xCE, 0x59, 0xCE, 0x59, 0xCE, 0x59, 0xCE, 0x59, 0xCE, 0x59, 0xCE, 0x59, 0xCE,
    0x59, 0xCE, 0x59, 0xCE, 0x59, 0xCE, 0x59, 0xCE, 0x59, 0xCE, 0x59, 0xCE, 0x59, 0xCE, 0x59, 0xCE,
    0x59, 0xCE, 0x59, 0xCE, 0x59, 0xCE, 0x59, 0xCE, 0x59, 0xCE, 0x59, 0xCE, 0x59, 0xCE, 0x59, 0xCE,
    0x59, 0xCE, 0x59, 0xCE, 0x59, 0xCE, 0x59, 0xCE, 0x59, 0xCE, 0x59, 0xCE, 0x59, 0xCE, 0x59, 0xCE,
    0x59, 0xCE, 0x59, 0xCE, 0x59, 0xCE, 0x59, 0xCE, 0x59, 0xCE, 0x59, 0xCE, 0x59, 0xCE, 0x59, 0xCE,
    0x59, 0xCE, 0x59, 0xCE, 0x59, 0xCE, 0x59, 0xCE, 0x59, 0xCE, 0x59, 0xCE, 0x59, 0xCE, 0x59, 0xCE,
    0x59, 0xCE, 0x59, 0xCE, 0x59, 0xCE, 0x59, 0xCE, 0x59, 0xCE, 0x59, 0xCE, 0x59, 0xCE, 0x59, 0xCE,
    0x59, 0xCE, 0x59, 0xCE, 0x59, 0xCE, 0x59, 0xCE, 0x59, 0xCE, 0x59, 0xCE, 0x59, 0xCE, 0x59, 0xCE,
    0x59, 0xCE, 0x59, 0xCE, 0x59, 0xCE, 0x59, 0xCE, 0x59, 0xCE, 0x59, 0xCE, 0x59, 0xCE, 0x59, 0xCE,
    0x59, 0xCE, 0x59, 0xCE, 0x59, 0xCE, 0x59, 0xCE, 0x59, 0xCE, 0x59, 0xCE, 0x59, 0xCE, 0x59, 0xCE,
    0x59, 0xCE, 0x59, 0xCE, 0xC7, 0x39, 0xFB, 0xDE, 0x1C, 0xE7, 0x3C, 0xE7, 0x5D, 0xEF, 0x7D, 0xEF,
    0xDB, 0xDE, 0xDB, 0xDE, 0xDB, 0xDE, 0xDB, 0xDE, 0xDB, 0xDE, 0xDB, 0xDE, 0xDB, 0xDE, 0xDB, 0xDE,
    0xDB, 0xDE, 0xDB, 0xDE, 0xDB, 0xDE, 0xDB, 0xDE, 0xDB, 0xDE, 0xDB, 0xDE, 0xDB, 0xDE, 0xDB, 0xDE,
    0xFB, 0xDE, 0xFB, 0xDE, 0xFB, 0xDE, 0x1C, 0xE7, 0x1C, 0xE7, 0x1C, 0xE7, 0x1C, 0xE7, 0x1C, 0xE7,
    0x1C, 0xE7, 0x1C, 0xE7, 0x1C, 0xE7, 0x1C, 0xE7, 0x1C, 0xE7, 0x3C, 0xE7, 0x7D, 0xEF, 0x24, 0x21,
    0x00, 0x00, 0x8E, 0x73, 0x9E, 0xF7, 0x9E, 0xF7, 0x18, 0xC6, 0x00, 0x00, 0x00, 0x00, 0x00, 0x00,
    0xDB, 0xDE, 0x9E, 0xF7, 0x7D, 0xEF, 0x7D, 0xEF, 0x7D, 0xEF, 0x5D, 0xEF, 0x5D, 0xEF, 0x7D, 0xEF,
    0x7D, 0xEF, 0x7D, 0xEF, 0x9E, 0xF7, 0x2C, 0x63, 0x00, 0x00, 0x00, 0x00, 0xFB, 0xDE, 0xBE, 0xF7,
    0xBE, 0xF7, 0xBE, 0xF7, 0xBE, 0xF7, 0x38, 0xC6, 0x00, 0x00, 0x00, 0x00, 0x0C, 0x63, 0x9E, 0xF7,
    0x7D, 0xEF, 0x7D, 0xEF, 0x7D, 0xEF, 0x7D, 0xEF, 0x9E, 0xF7, 0xB6, 0xB5, 0x00, 0x00, 0x00, 0x00,
    0x04, 0x21, 0xBA, 0xD6, 0xDF, 0xFF, 0xDF, 0xFF, 0xDF, 0xFF, 0x92, 0x94, 0x00, 0x00, 0x00, 0x00,
    0xAA, 0x52, 0xDF, 0xFF, 0xDF, 0xFF, 0xDF, 0xFF, 0xED, 0x3F, 0xE9, 0x17, 0xE9, 0x17, 0xF8, 0xAF,
    0xFF, 0xFF, 0xDF, 0xFF, 0xFF, 0xFF, 0xF1, 0x67, 0xE9, 0x17, 0xE9, 0x17, 0xF2, 0x6F, 0xFF, 0xFF,
    0xFF, 0xFF, 0xF7, 0xA7, 0xE9, 0x17, 0xE9, 0x17, 0xEC, 0x37, 0xFF, 0xFF, 0xFF, 0xFF, 0xF9, 0xBF,
    0xEA, 0x1F, 0xE9, 0x17, 0xE9, 0x17, 0xF9, 0xBF, 0xFF, 0xFF, 0xFF, 0xFF, 0xF5, 0x97, 0xE9, 0x17,
    0xE9, 0x17, 0xED, 0x47, 0xFF, 0xFF, 0xFF, 0xFF, 0xFF, 0xFF, 0xEA, 0x1F, 0xE9, 0x17, 0xE9, 0x17,
    0xFC, 0xDF, 0xFF, 0xFF, 0xFF, 0xFF, 0xEC, 0x2F, 0xE9, 0x17, 0xE9, 0x17, 0xFA, 0xCF, 0xFF, 0xFF,
    0xFD, 0xE7, 0xEF, 0x57, 0xE9, 0x17, 0xE9, 0x17, 0xEF, 0x4F, 0xFF, 0xFF, 0xFF, 0xFF, 0xFF, 0xFF,
    0xFF, 0xFF, 0xFF, 0xFF, 0xFF, 0xFF, 0xDF, 0xFF, 0xFF, 0xFF, 0xFF, 0xFF, 0xFF, 0xFF, 0xFF, 0xFF,
    0xFF, 0xFF, 0xFF, 0xFF, 0xFF, 0xFF, 0xFF, 0xFF, 0xFF, 0xFF, 0xFF, 0xFF, 0xFF, 0xFF, 0xFF, 0xFF,
    0xFF, 0xFF, 0xFF, 0xFF, 0xFF, 0xFF, 0x24, 0x21, 0x24, 0x21, 0x24, 0x21, 0x24, 0x21, 0x24, 0x21,
    0x24, 0x21, 0x45, 0x29, 0x45, 0x29, 0xF7, 0xBD, 0x75, 0xAD, 0x45, 0x29, 0x65, 0x29, 0x3C, 0xE7,
    0xFF, 0xFF, 0xFF, 0xFF, 0xFF, 0xFF, 0xFF, 0xFF, 0xFF, 0xFF, 0xFF, 0xFF, 0xFF, 0xFF, 0xD3, 0x9C,
    0x65, 0x29, 0x65, 0x29, 0xE7, 0x39, 0xFF, 0xFF, 0xFF, 0xFF, 0xFF, 0xFF, 0xFF, 0xFF, 0xFF, 0xFF,
    0xFF, 0xFF, 0xFF, 0xFF, 0xFF, 0xFF, 0xBE, 0xF7, 0x9A, 0xD6, 0xCB, 0x5A, 0xA6, 0x31, 0x65, 0x29,
    0x45, 0x29, 0x24, 0x21, 0x14, 0xA5, 0x59, 0xCE, 0x45, 0x29, 0x24, 0x21, 0x24, 0x21, 0x24, 0x21,
    0x24, 0x21, 0x24, 0x21, 0x24, 0x21, 0x24, 0x21, 0x59, 0xCE, 0x59, 0xCE, 0x59, 0xCE, 0x59, 0xCE,
    0x59, 0xCE, 0x59, 0xCE, 0x59, 0xCE, 0x04, 0x21, 0x04, 0x21, 0x04, 0x21, 0x04, 0x21, 0x04, 0x21,
    0x04, 0x21, 0x04, 0x21, 0x04, 0x21, 0x04, 0x21, 0x04, 0x21, 0x04, 0x21, 0x04, 0x21, 0x04, 0x21,
    0x04, 0x21, 0x04, 0x21, 0x04, 0x21, 0x04, 0x21, 0x04, 0x21, 0x59, 0xCE, 0x59, 0xCE, 0x59, 0xCE,
    0x59, 0xCE, 0x59, 0xCE, 0x59, 0xCE, 0x59, 0xCE, 0x59, 0xCE, 0x59, 0xCE, 0x59, 0xCE, 0x59, 0xCE,
    0x59, 0xCE, 0x59, 0xCE, 0x59, 0xCE, 0x59, 0xCE, 0x59, 0xCE, 0x59, 0xCE, 0x59, 0xCE, 0x59, 0xCE,
    0x59, 0xCE, 0x59, 0xCE, 0x59, 0xCE, 0x59, 0xCE, 0x59, 0xCE, 0x59, 0xCE, 0x59, 0xCE, 0x59, 0xCE,
    0x59, 0xCE, 0x59, 0xCE, 0x59, 0xCE, 0x59, 0xCE, 0x59, 0xCE, 0x59, 0xCE, 0x59, 0xCE, 0x59, 0xCE,
    0x59, 0xCE, 0x59, 0xCE, 0x59, 0xCE, 0x59, 0xCE, 0x59, 0xCE, 0x59, 0xCE, 0x59, 0xCE, 0x59, 0xCE,
    0x59, 0xCE, 0x59, 0xCE, 0x59, 0xCE, 0x59, 0xCE, 0x59, 0xCE, 0x59, 0xCE, 0x59, 0xCE, 0x59, 0xCE,
    0x59, 0xCE, 0x59, 0xCE, 0x59, 0xCE, 0x59, 0xCE, 0x59, 0xCE, 0x59, 0xCE, 0x59, 0xCE, 0x59, 0xCE,
    0x59, 0xCE, 0x59, 0xCE, 0x59, 0xCE, 0x59, 0xCE, 0x59, 0xCE, 0x59, 0xCE, 0x59, 0xCE, 0x59, 0xCE,
    0x59, 0xCE, 0x59, 0xCE, 0x59, 0xCE, 0x59, 0xCE, 0x59, 0xCE, 0x59, 0xCE, 0x59, 0xCE, 0x59, 0xCE,
    0x59, 0xCE, 0x59, 0xCE, 0x59, 0xCE, 0x59, 0xCE, 0x59, 0xCE, 0x59, 0xCE, 0x59, 0xCE, 0x59, 0xCE,
    0x59, 0xCE, 0x59, 0xCE, 0xC7, 0x39, 0x1C, 0xDF, 0x1C, 0xE7, 0x3C, 0xE7, 0x5D, 0xEF, 0x7D, 0xEF,
    0xBA, 0xD6, 0xBA, 0xD6, 0xDB, 0xDE, 0xDB, 0xDE, 0xDB, 0xDE, 0xDB, 0xDE, 0xDB, 0xDE, 0xDB, 0xDE,
    0xDB, 0xDE, 0xDB, 0xDE, 0xDB, 0xDE, 0xDB, 0xDE, 0xDB, 0xDE, 0xDB, 0xDE, 0xDB, 0xDE, 0xFB, 0xDE,
    0xFB, 0xDE, 0xFB, 0xDE, 0x1C, 0xE7, 0x3C, 0xE7, 0x3C, 0xE7, 0x3C, 0xE7, 0x3C, 0xE7, 0x3C, 0xE7,
    0x1C, 0xE7, 0x1C, 0xE7, 0x1C, 0xE7, 0x1C, 0xE7, 0x1C, 0xE7, 0x3C, 0xE7, 0x7D, 0xEF, 0xE7, 0x39,
    0x00, 0x00, 0xE7, 0x39, 0x9E, 0xF7, 0x9E, 0xF7, 0x5D, 0xEF, 0x00, 0x00, 0x00, 0x00, 0x00, 0x00,
    0xDB, 0xDE, 0x9E, 0xF7, 0x7D, 0xEF, 0x5D, 0xEF, 0x5D, 0xEF, 0x5D, 0xEF, 0x5D, 0xEF, 0x5D, 0xEF,
    0x5D, 0xEF, 0x7D, 0xEF, 0x9E, 0xF7, 0xAE, 0x73, 0x00, 0x00, 0x00, 0x00, 0x9A, 0xD6, 0xBE, 0xF7,
    0xBE, 0xF7, 0xBE, 0xF7, 0x3C, 0xE7, 0x04, 0x21, 0x00, 0x00, 0xE7, 0x39, 0x7D, 0xEF, 0x7D, 0xEF,
    0x7D, 0xEF, 0x5D, 0xEF, 0x5D, 0xEF, 0x7D, 0xEF, 0x9E, 0xF7, 0x79, 0xCE, 0x00, 0x00, 0x00, 0x00,
    0xF3, 0x9C, 0xDF, 0xFF, 0xDE, 0xF7, 0xDF, 0xFF, 0xDF, 0xFF, 0xDF, 0xFF, 0x08, 0x42, 0x00, 0x00,
    0x41, 0x08, 0x7D, 0xEF, 0xDF, 0xFF, 0xDF, 0xFF, 0xED, 0x3F, 0xE9, 0x17, 0xE9, 0x17, 0xF8, 0xAF,
    0xDF, 0xFF, 0xDF, 0xFF, 0xFF, 0xFF, 0xF1, 0x67, 0xE9, 0x17, 0xE9, 0x17, 0xF2, 0x6F, 0xFF, 0xFF,
    0xFF, 0xFF, 0xFA, 0xC7, 0xF1, 0x67, 0xE9, 0x17, 0xEC, 0x2F, 0xFF, 0xFF, 0xFF, 0xFF, 0xFF, 0xFF,
    0xEC, 0x2F, 0xE9, 0x17, 0xE9, 0x17, 0xF9, 0xBF, 0xFF, 0xFF, 0xFF, 0xFF, 0xF5, 0x97, 0xE9, 0x17,
    0xE9, 0x17, 0xEE, 0x47, 0xFF, 0xFF, 0xFF, 0xFF, 0xFF, 0xFF, 0xEA, 0x1F, 0xE9, 0x17, 0xE9, 0x17,
    0xFD, 0xE7, 0xFF, 0xFF, 0xFF, 0xFF, 0xEB, 0x2F, 0xE9, 0x17, 0xE9, 0x17, 0xFB, 0xCF, 0xFF, 0xFF,
    0xFF, 0xFF, 0xF3, 0x7F, 0xE9, 0x17, 0xED, 0x3F, 0xF6, 0x9F, 0xFF, 0xFF, 0xFF, 0xFF, 0xFF, 0xFF,
    0xDF, 0xFF, 0xDF, 0xFF, 0xDF, 0xFF, 0xFF, 0xFF, 0xFF, 0xFF, 0xFF, 0xFF, 0xFF, 0xFF, 0xFF, 0xFF,
    0xFF, 0xFF, 0xFF, 0xFF, 0xFF, 0xFF, 0xFF, 0xFF, 0xFF, 0xFF, 0xFF, 0xFF, 0xFF, 0xFF, 0xFF, 0xFF,
    0xFF, 0xFF, 0xFF, 0xFF, 0xFF, 0xFF, 0x24, 0x21, 0x24, 0x21, 0x24, 0x21, 0x24, 0x21, 0x24, 0x21,
    0x24, 0x21, 0x45, 0x29, 0x65, 0x29, 0x9E, 0xF7, 0xEB, 0x5A, 0x45, 0x29, 0x86, 0x31, 0x79, 0xCE,
    0xFF, 0xFF, 0xFF, 0xFF, 0xFF, 0xFF, 0xFF, 0xFF, 0xFF, 0xFF, 0xFF, 0xFF, 0xFF, 0xFF, 0xFF, 0xFF,
    0xAA, 0x52, 0x0C, 0x63, 0x96, 0xB5, 0xFF, 0xFF, 0xFF, 0xFF, 0xFF, 0xFF, 0xFF, 0xFF, 0xBE, 0xF7,
    0x75, 0xAD, 0x6D, 0x6B, 0xCB, 0x5A, 0xAA, 0x52, 0x69, 0x4A, 0x08, 0x42, 0xC7, 0x39, 0x65, 0x29,
    0x45, 0x29, 0x24, 0x21, 0xEB, 0x5A, 0x9E, 0xF7, 0x65, 0x29, 0x45, 0x29, 0x24, 0x21, 0x24, 0x21,
    0x24, 0x21, 0x24, 0x21, 0x24, 0x21, 0x24, 0x21, 0x59, 0xCE, 0x59, 0xCE, 0x59, 0xCE, 0x59, 0xCE,
    0x59, 0xCE, 0x59, 0xCE, 0x59, 0xCE, 0x04, 0x21, 0x04, 0x21, 0x04, 0x21, 0x04, 0x21, 0x04, 0x21,
    0x04, 0x21, 0x04, 0x21, 0x04, 0x21, 0x04, 0x21, 0x04, 0x21, 0x04, 0x21, 0x04, 0x21, 0x04, 0x21,
    0x04, 0x21, 0x04, 0x21, 0x04, 0x21, 0x04, 0x21, 0x04, 0x21, 0x59, 0xCE, 0x59, 0xCE, 0x59, 0xCE,
    0x59, 0xCE, 0x59, 0xCE, 0x59, 0xCE, 0x59, 0xCE, 0x59, 0xCE, 0x59, 0xCE, 0x59, 0xCE, 0x59, 0xCE,
    0x59, 0xCE, 0x59, 0xCE, 0x59, 0xCE, 0x59, 0xCE, 0x59, 0xCE, 0x59, 0xCE, 0x59, 0xCE, 0x59, 0xCE,
    0x59, 0xCE, 0x59, 0xCE, 0x59, 0xCE, 0x59, 0xCE, 0x59, 0xCE, 0x59, 0xCE, 0x59, 0xCE, 0x59, 0xCE,
    0x59, 0xCE, 0x59, 0xCE, 0x59, 0xCE, 0x59, 0xCE, 0x59, 0xCE, 0x59, 0xCE, 0x59, 0xCE, 0x59, 0xCE,
    0x59, 0xCE, 0x59, 0xCE, 0x59, 0xCE, 0x59, 0xCE, 0x59, 0xCE, 0x59, 0xCE, 0x59, 0xCE, 0x59, 0xCE,
    0x59, 0xCE, 0x59, 0xCE, 0x59, 0xCE, 0x59, 0xCE, 0x59, 0xCE, 0x59, 0xCE, 0x59, 0xCE, 0x59, 0xCE,
    0x59, 0xCE, 0x59, 0xCE, 0x59, 0xCE, 0x59, 0xCE, 0x59, 0xCE, 0x59, 0xCE, 0x59, 0xCE, 0x59, 0xCE,
    0x59, 0xCE, 0x59, 0xCE, 0x59, 0xCE, 0x59, 0xCE, 0x59, 0xCE, 0x59, 0xCE, 0x59, 0xCE, 0x59, 0xCE,
    0x59, 0xCE, 0x59, 0xCE, 0x59, 0xCE, 0x59, 0xCE, 0x59, 0xCE, 0x59, 0xCE, 0x59, 0xCE, 0x59, 0xCE,
    0x59, 0xCE, 0x59, 0xCE, 0x59, 0xCE, 0x59, 0xCE, 0x59, 0xCE, 0x59, 0xCE, 0x59, 0xCE, 0x59, 0xCE,
    0x59, 0xCE, 0x59, 0xCE, 0xC7, 0x39, 0x1C, 0xDF, 0x1C, 0xE7, 0x3C, 0xE7, 0x5D, 0xEF, 0x7D, 0xEF,
    0xBA, 0xD6, 0xBA, 0xD6, 0xBA, 0xD6, 0xDB, 0xDE, 0xDB, 0xDE, 0xDB, 0xDE, 0xDB, 0xDE, 0xDB, 0xDE,
    0xDB, 0xDE, 0xDB, 0xDE, 0xDB, 0xDE, 0xDB, 0xDE, 0xDB, 0xDE, 0xDB, 0xDE, 0xDB, 0xDE, 0xDB, 0xDE,
    0xFB, 0xDE, 0x1C, 0xE7, 0x3C, 0xE7, 0x38, 0xC6, 0x4D, 0x6B, 0x30, 0x84, 0xBA, 0xD6, 0x5D, 0xEF,
    0x5D, 0xEF, 0x3C, 0xE7, 0x3C, 0xE7, 0x1C, 0xE7, 0x3C, 0xE7, 0x5D, 0xEF, 0x7D, 0xEF, 0xCB, 0x5A,
    0x00, 0x00, 0x61, 0x08, 0x9E, 0xF7, 0x9E, 0xF7, 0x9E, 0xF7, 0x61, 0x08, 0x00, 0x00, 0x00, 0x00,
    0xDB, 0xDE, 0x9E, 0xF7, 0x7D, 0xEF, 0x5D, 0xEF, 0x5D, 0xEF, 0x5D, 0xEF, 0x5D, 0xEF, 0x3C, 0xE7,
    0x5D, 0xEF, 0x5D, 0xEF, 0x7D, 0xEF, 0x51, 0x8C, 0x00, 0x00, 0x00, 0x00, 0xB6, 0xB5, 0xBE, 0xF7,
    0xBE, 0xF7, 0x3C, 0xE7, 0xA6, 0x31, 0x00, 0x00, 0x65, 0x29, 0x5D, 0xEF, 0x9D, 0xEF, 0x7D, 0xEF,
    0x5D, 0xEF, 0x5D, 0xEF, 0x5D, 0xEF, 0x7D, 0xEF, 0x9E, 0xF7, 0x5D, 0xEF, 0x00, 0x00, 0x00, 0x00,
    0x38, 0xC6, 0xBE, 0xF7, 0xBE, 0xF7, 0xBE, 0xF7, 0xBE, 0xF7, 0xDF, 0xFF, 0x30, 0x84, 0x00, 0x00,
    0x00, 0x00, 0xB6, 0xB5, 0xDF, 0xFF, 0xDF, 0xFF, 0xED, 0x3F, 0xE9, 0x17, 0xE9, 0x17, 0xF8, 0xAF,
    0xDF, 0xFF, 0xDF, 0xFF, 0xFF, 0xFF, 0xF1, 0x67, 0xE9, 0x17, 0xE9, 0x17, 0xF2, 0x6F, 0xFF, 0xFF,
    0xDF, 0xFF, 0xDF, 0xFF, 0xFF, 0xFF, 0xF4, 0x87, 0xEB, 0x27, 0xFF, 0xFF, 0xFF, 0xFF, 0xFF, 0xFF,
    0xEC, 0x2F, 0xE9, 0x17, 0xE9, 0x17, 0xF9, 0xBF, 0xFF, 0xFF, 0xFF, 0xFF, 0xF5, 0x97, 0xE9, 0x17,
    0xE9, 0x17, 0xEE, 0x47, 0xFF, 0xFF, 0xFF, 0xFF, 0xFF, 0xFF, 0xEA, 0x1F, 0xE9, 0x17, 0xE9, 0x17,
    0xFD, 0xE7, 0xFF, 0xFF, 0xFF, 0xFF, 0xEB, 0x2F, 0xE9, 0x17, 0xE9, 0x17, 0xFB, 0xCF, 0xFF, 0xFF,
    0xFF, 0xFF, 0xF0, 0x57, 0xEF, 0x57, 0xFF, 0xF7, 0xFF, 0xFF, 0xFF, 0xFF, 0xFF, 0xFF, 0xDF, 0xFF,
    0xDF, 0xFF, 0xDF, 0xFF, 0xDF, 0xFF, 0xFF, 0xFF, 0xFF, 0xFF, 0xFF, 0xFF, 0xFF, 0xFF, 0xFF, 0xFF,
    0xFF, 0xFF, 0xFF, 0xFF, 0xFF, 0xFF, 0xFF, 0xFF, 0xFF, 0xFF, 0xFF, 0xFF, 0xFF, 0xFF, 0xFF, 0xFF,
    0xFF, 0xFF, 0xFF, 0xFF, 0xFF, 0xFF, 0x24, 0x21, 0x24, 0x21, 0x24, 0x21, 0x24, 0x21, 0x24, 0x21,
    0x24, 0x21, 0x45, 0x29, 0xAA, 0x52, 0xFF, 0xFF, 0xA6, 0x31, 0x45, 0x29, 0x86, 0x31, 0x6D, 0x6B,
    0xFF, 0xFF, 0xFF, 0xFF, 0xFF, 0xFF, 0xFF, 0xFF, 0xFF, 0xFF, 0xFF, 0xFF, 0xFF, 0xFF, 0xFF, 0xFF,
    0x9E, 0xF7, 0xFF, 0xFF, 0xFF, 0xFF, 0xFF, 0xFF, 0xFF, 0xFF, 0xFF, 0xFF, 0xFF, 0xFF, 0xCF, 0x7B,
    0xCB, 0x5A, 0xCB, 0x5A, 0xCB, 0x5A, 0x8A, 0x52, 0x49, 0x4A, 0x08, 0x42, 0xA6, 0x31, 0x65, 0x29,
    0x45, 0x29, 0x24, 0x21, 0xA6, 0x31, 0xFF, 0xFF, 0x49, 0x4A, 0x45, 0x29, 0x24, 0x21, 0x24, 0x21,
    0x24, 0x21, 0x24, 0x21, 0x24, 0x21, 0x24, 0x21, 0x59, 0xCE, 0x59, 0xCE, 0x59, 0xCE, 0x59, 0xCE,
    0x59, 0xCE, 0x59, 0xCE, 0x59, 0xCE, 0x04, 0x21, 0x04, 0x21, 0x04, 0x21, 0x04, 0x21, 0x04, 0x21,
    0x04, 0x21, 0x04, 0x21, 0x04, 0x21, 0x04, 0x21, 0x04, 0x21, 0x04, 0x21, 0x04, 0x21, 0x2C, 0x63,
    0xE7, 0x39, 0x04, 0x21, 0x04, 0x21, 0x04, 0x21, 0x04, 0x21, 0x59, 0xCE, 0x59, 0xCE, 0x59, 0xCE,
    0x59, 0xCE, 0x59, 0xCE, 0x59, 0xCE, 0x59, 0xCE, 0x59, 0xCE, 0x59, 0xCE, 0x59, 0xCE, 0x59, 0xCE,
    0x59, 0xCE, 0x59, 0xCE, 0x59, 0xCE, 0x59, 0xCE, 0x59, 0xCE, 0x59, 0xCE, 0x59, 0xCE, 0x59, 0xCE,
    0x59, 0xCE, 0x59, 0xCE, 0x59, 0xCE, 0x59, 0xCE, 0x59, 0xCE, 0x59, 0xCE, 0x59, 0xCE, 0x59, 0xCE,
    0x59, 0xCE, 0x59, 0xCE, 0x59, 0xCE, 0x59, 0xCE, 0x59, 0xCE, 0x59, 0xCE, 0x59, 0xCE, 0x59, 0xCE,
    0x59, 0xCE, 0x59, 0xCE, 0x59, 0xCE, 0x59, 0xCE, 0x59, 0xCE, 0x59, 0xCE, 0x59, 0xCE, 0x59, 0xCE,
    0x59, 0xCE, 0x59, 0xCE, 0x59, 0xCE, 0x59, 0xCE, 0x59, 0xCE, 0x59, 0xCE, 0x59, 0xCE, 0x59, 0xCE,
    0x59, 0xCE, 0x59, 0xCE, 0x59, 0xCE, 0x59, 0xCE, 0x59, 0xCE, 0x59, 0xCE, 0x59, 0xCE, 0x59, 0xCE,
    0x59, 0xCE, 0x59, 0xCE, 0x59, 0xCE, 0x59, 0xCE, 0x59, 0xCE, 0x59, 0xCE, 0x59, 0xCE, 0x59, 0xCE,
    0x59, 0xCE, 0x59, 0xCE, 0x59, 0xCE, 0x59, 0xCE, 0x59, 0xCE, 0x59, 0xCE, 0x59, 0xCE, 0x59, 0xCE,
    0x59, 0xCE, 0x59, 0xCE, 0x59, 0xCE, 0x59, 0xCE, 0x59, 0xCE, 0x59, 0xCE, 0x59, 0xCE, 0x59, 0xCE,
    0x59, 0xCE, 0x59, 0xCE, 0xC7, 0x39, 0x1C, 0xDF, 0x1C, 0xE7, 0x3C, 0xE7, 0x5D, 0xEF, 0x7D, 0xEF,
    0xBA, 0xD6, 0xBA, 0xD6, 0xBA, 0xD6, 0xDB, 0xDE, 0xDB, 0xDE, 0xDB, 0xDE, 0xDB, 0xDE, 0xDB, 0xDE,
    0xDB, 0xDE, 0xDB, 0xDE, 0xDB, 0xDE, 0xDB, 0xDE, 0xDB, 0xDE, 0xDB, 0xDE, 0xDB, 0xDE, 0xFB, 0xDE,
    0xFB, 0xDE, 0x3C, 0xE7, 0x1C, 0xE7, 0x41, 0x08, 0x00, 0x00, 0x00, 0x00, 0x00, 0x00, 0x69, 0x4A,
    0xFB, 0xDE, 0x5D, 0xEF, 0x5D, 0xEF, 0x3C, 0xE7, 0x3C, 0xE7, 0x5D, 0xEF, 0x7D, 0xEF, 0xCF, 0x7B,
    0x00, 0x00, 0x00, 0x00, 0xBA, 0xD6, 0x9E, 0xF7, 0x9E, 0xF7, 0x45, 0x29, 0x00, 0x00, 0x00, 0x00,
    0xDB, 0xDE, 0x9E, 0xF7, 0x9E, 0xF7, 0x7D, 0xEF, 0x7D, 0xEF, 0x5D, 0xEF, 0x5D, 0xEF, 0x5D, 0xEF,
    0x5D, 0xEF, 0x5D, 0xEF, 0x7D, 0xEF, 0x14, 0xA5, 0x00, 0x00, 0x00, 0x00, 0x8E, 0x73, 0xDF, 0xFF,
    0xF7, 0xBD, 0xE3, 0x18, 0x00, 0x00, 0x24, 0x21, 0x1C, 0xE7, 0x7D, 0xEF, 0x7D, 0xEF, 0x5D, 0xEF,
    0x5D, 0xEF, 0x5D, 0xEF, 0x5D, 0xEF, 0x5D, 0xEF, 0x7D, 0xEF, 0x9E, 0xF7, 0xC3, 0x18, 0x00, 0x00,
    0xD7, 0xBD, 0xBE, 0xF7, 0x9E, 0xF7, 0x9E, 0xF7, 0xBE, 0xF7, 0xBE, 0xF7, 0xD7, 0xBD, 0x00, 0x00,
    0x00, 0x00, 0x34, 0xA5, 0xDF, 0xFF, 0xDF, 0xFF, 0xED, 0x3F, 0xE9, 0x17, 0xE9, 0x17, 0xF8, 0xAF,
    0xDF, 0xFF, 0xDF, 0xFF, 0xDF, 0xFF, 0xF1, 0x67, 0xE9, 0x17, 0xE9, 0x17, 0xF2, 0x6F, 0xFF, 0xFF,
    0xDF, 0xFF, 0xDF, 0xFF, 0xDF, 0xFF, 0xFF, 0xFF, 0xF3, 0x7F, 0xFB, 0xCF, 0xFF, 0xFF, 0xFF, 0xFF,
    0xEC, 0x2F, 0xE9, 0x17, 0xE9, 0x17, 0xF9, 0xBF, 0xFF, 0xFF, 0xFF, 0xFF, 0xF5, 0x97, 0xE9, 0x17,
    0xE9, 0x17, 0xEE, 0x47, 0xFF, 0xFF, 0xFF, 0xFF, 0xFF, 0xFF, 0xEA, 0x1F, 0xE9, 0x17, 0xE9, 0x17,
    0xFE, 0xEF, 0xFF, 0xFF, 0xFF, 0xFF, 0xEB, 0x27, 0xE9, 0x17, 0xE9, 0x17, 0xFB, 0xCF, 0xFF, 0xFF,
    0xFC, 0xD7, 0xEE, 0x47, 0xFF, 0xF7, 0xFF, 0xFF, 0xFF, 0xFF, 0xDF, 0xFF, 0xDF, 0xFF, 0xDF, 0xFF,
    0xDF, 0xFF, 0xDF, 0xFF, 0xDF, 0xFF, 0xFF, 0xFF, 0xFF, 0xFF, 0xFF, 0xFF, 0xFF, 0xFF, 0xFF, 0xFF,
    0xFF, 0xFF, 0xFF, 0xFF, 0xFF, 0xFF, 0xFF, 0xFF, 0xFF, 0xFF, 0xFF, 0xFF, 0xFF, 0xFF, 0xFF, 0xFF,
    0xFF, 0xFF, 0xFF, 0xFF, 0xFF, 0xFF, 0x24, 0x21, 0x24, 0x21, 0x24, 0x21, 0x24, 0x21, 0x24, 0x21,
    0x45, 0x29, 0x65, 0x29, 0x8E, 0x73, 0x3C, 0xE7, 0x45, 0x29, 0x65, 0x29, 0xA6, 0x31, 0x08, 0x42,
    0x34, 0xA5, 0xFF, 0xFF, 0xFF, 0xFF, 0xFF, 0xFF, 0xFF, 0xFF, 0xFF, 0xFF, 0xFF, 0xFF, 0xFF, 0xFF,
    0xFF, 0xFF, 0xFF, 0xFF, 0xFF, 0xFF, 0xFF, 0xFF, 0xFF, 0xFF, 0xFF, 0xFF, 0xFF, 0xFF, 0x10, 0x84,
    0xAA, 0x52, 0xAA, 0x52, 0x8A, 0x52, 0x69, 0x4A, 0x28, 0x42, 0xE7, 0x39, 0xA6, 0x31, 0x65, 0x29,
    0x45, 0x29, 0x24, 0x21, 0x24, 0x21, 0x3C, 0xE7, 0xEF, 0x7B, 0x65, 0x29, 0x45, 0x29, 0x24, 0x21,
    0x24, 0x21, 0x24, 0x21, 0x24, 0x21, 0x24, 0x21, 0x59, 0xCE, 0x59, 0xCE, 0x59, 0xCE, 0x59, 0xCE,
    0x59, 0xCE, 0x59, 0xCE, 0x59, 0xCE, 0x04, 0x21, 0x04, 0x21, 0x04, 0x21, 0xE7, 0x39, 0x1C, 0xE7,
    0x10, 0x84, 0x04, 0x21, 0x04, 0x21, 0x04, 0x21, 0xBA, 0xD6, 0x75, 0xAD, 0xCB, 0x5A, 0xFF, 0xFF,
    0x92, 0x94, 0x04, 0x21, 0x04, 0x21, 0x04, 0x21, 0x04, 0x21, 0x59, 0xCE, 0x59, 0xCE, 0x59, 0xCE,
    0x59, 0xCE, 0x59, 0xCE, 0x59, 0xCE, 0x59, 0xCE, 0x59, 0xCE, 0x59, 0xCE, 0x59, 0xCE, 0x59, 0xCE,
    0x59, 0xCE, 0x59, 0xCE, 0x59, 0xCE, 0x59, 0xCE, 0x59, 0xCE, 0x59, 0xCE, 0x59, 0xCE, 0x59, 0xCE,
    0x59, 0xCE, 0x59, 0xCE, 0x59, 0xCE, 0x59, 0xCE, 0x59, 0xCE, 0x59, 0xCE, 0x59, 0xCE, 0x59, 0xCE,
    0x59, 0xCE, 0x59, 0xCE, 0x59, 0xCE, 0x59, 0xCE, 0x59, 0xCE, 0x59, 0xCE, 0x59, 0xCE, 0x59, 0xCE,
    0x59, 0xCE, 0x59, 0xCE, 0x59, 0xCE, 0x59, 0xCE, 0x59, 0xCE, 0x59, 0xCE, 0x59, 0xCE, 0x59, 0xCE,
    0x59, 0xCE, 0x59, 0xCE, 0x59, 0xCE, 0x59, 0xCE, 0x59, 0xCE, 0x59, 0xCE, 0x59, 0xCE, 0x59, 0xCE,
    0x59, 0xCE, 0x59, 0xCE, 0x59, 0xCE, 0x59, 0xCE, 0x59, 0xCE, 0x59, 0xCE, 0x59, 0xCE, 0x59, 0xCE,
    0x59, 0xCE, 0x59, 0xCE, 0x59, 0xCE, 0x59, 0xCE, 0x59, 0xCE, 0x59, 0xCE, 0x59, 0xCE, 0x59, 0xCE,
    0x59, 0xCE, 0x59, 0xCE, 0x59, 0xCE, 0x59, 0xCE, 0x59, 0xCE, 0x59, 0xCE, 0x59, 0xCE, 0x59, 0xCE,
    0x59, 0xCE, 0x59, 0xCE, 0x59, 0xCE, 0x59, 0xCE, 0x59, 0xCE, 0x59, 0xCE, 0x59, 0xCE, 0x59, 0xCE,
    0x59, 0xCE, 0x59, 0xCE, 0xC7, 0x39, 0x1C, 0xDF, 0x1C, 0xE7, 0x3C, 0xE7, 0x5D, 0xEF, 0x7D, 0xEF,
    0xBA, 0xD6, 0xBA, 0xD6, 0xBA, 0xD6, 0xDB, 0xDE, 0xDB, 0xDE, 0xDB, 0xDE, 0xDB, 0xDE, 0xDB, 0xDE,
    0xDB, 0xDE, 0xDB, 0xDE, 0xDB, 0xDE, 0xDB, 0xDE, 0xDB, 0xDE, 0xDB, 0xDE, 0xDB, 0xDE, 0xFB, 0xDE,
    0x1C, 0xE7, 0x3C, 0xE7, 0x30, 0x84, 0x00, 0x00, 0x00, 0x00, 0x00, 0x00, 0x00, 0x00, 0x00, 0x00,
    0x82, 0x10, 0xF3, 0x9C, 0x7D, 0xEF, 0x5D, 0xEF, 0x5D, 0xEF, 0x5D, 0xEF, 0x7D, 0xEF, 0xD3, 0x9C,
    0x00, 0x00, 0x00, 0x00, 0x34, 0xA5, 0x9E, 0xF7, 0x9E, 0xF7, 0x08, 0x42, 0x00, 0x00, 0x00, 0x00,
    0xA6, 0x31, 0x49, 0x4A, 0xCB, 0x5A, 0x2C, 0x63, 0xEF, 0x7B, 0xF3, 0x9C, 0xBA, 0xD6, 0x5D, 0xEF,
    0x5D, 0xEF, 0x5D, 0xEF, 0x7D, 0xEF, 0x79, 0xCE, 0x00, 0x00, 0x00, 0x00, 0x00, 0x00, 0xC3, 0x18,
    0x00, 0x00, 0x00, 0x00, 0xE3, 0x18, 0xFB, 0xDE, 0x9E, 0xF7, 0x7D, 0xEF, 0x5D, 0xEF, 0x5D, 0xEF,
    0x3C, 0xE7, 0x5D, 0xEF, 0x5D, 0xEF, 0x5D, 0xEF, 0x7D, 0xEF, 0x9E, 0xF7, 0xE7, 0x39, 0x00, 0x00,
    0xF3, 0x9C, 0xBE, 0xF7, 0x9E, 0xF7, 0x9E, 0xF7, 0xBE, 0xF7, 0xBE, 0xF7, 0xF7, 0xBD, 0x00, 0x00,
    0x00, 0x00, 0x96, 0xB5, 0xDF, 0xFF, 0xDF, 0xFF, 0xED, 0x3F, 0xE9, 0x17, 0xE9, 0x17, 0xF8, 0xAF,
    0xDF, 0xFF, 0xDF, 0xFF, 0xDF, 0xFF, 0xF1, 0x67, 0xE9, 0x17, 0xE9, 0x17, 0xF2, 0x6F, 0xFF, 0xFF,
    0xDF, 0xFF, 0xDF, 0xFF, 0xDF, 0xFF, 0xDF, 0xFF, 0xFF, 0xFF, 0xFE, 0xF7, 0xFF, 0xFF, 0xFF, 0xFF,
    0xEC, 0x2F, 0xE9, 0x17, 0xE9, 0x17, 0xF9, 0xBF, 0xFF, 0xFF, 0xFF, 0xFF, 0xF6, 0x97, 0xE9, 0x17,
    0xE9, 0x17, 0xE9, 0x17, 0xED, 0x47, 0xF6, 0x9F, 0xFE, 0xF7, 0xE9, 0x17, 0xEF, 0x4F, 0xFC, 0xD7,
    0xFF, 0xFF, 0xFF, 0xFF, 0xFF, 0xFF, 0xEA, 0x1F, 0xE9, 0x17, 0xE9, 0x17, 0xFA, 0xC7, 0xFD, 0xEF,
    0xF0, 0x57, 0xFE, 0xEF, 0xFF, 0xFF, 0xFF, 0xFF, 0xDF, 0xFF, 0xDF, 0xFF, 0xDF, 0xFF, 0xDF, 0xFF,
    0xDF, 0xFF, 0xDF, 0xFF, 0xDF, 0xFF, 0xDF, 0xFF, 0xDF, 0xFF, 0xDF, 0xFF, 0xFF, 0xFF, 0xFF, 0xFF,
    0xFF, 0xFF, 0xFF, 0xFF, 0xFF, 0xFF, 0xFF, 0xFF, 0xFF, 0xFF, 0xFF, 0xFF, 0xFF, 0xFF, 0xFF, 0xFF,
    0xFF, 0xFF, 0xFF, 0xFF, 0xFF, 0xFF, 0x24, 0x21, 0x24, 0x21, 0x24, 0x21, 0x24, 0x21, 0x24, 0x21,
    0x45, 0x29, 0x65, 0x29, 0x10, 0x84, 0x59, 0xCE, 0x45, 0x29, 0x65, 0x29, 0xA6, 0x31, 0x08, 0x42,
    0x69, 0x4A, 0xB2, 0x94, 0x5D, 0xEF, 0xFF, 0xFF, 0xFF, 0xFF, 0xFF, 0xFF, 0xFF, 0xFF, 0xFF, 0xFF,
    0xFF, 0xFF, 0xFF, 0xFF, 0x75, 0xAD, 0x0C, 0x63, 0x96, 0xB5, 0xFF, 0xFF, 0xFF, 0xFF, 0xF7, 0xBD,
    0xCB, 0x5A, 0x69, 0x4A, 0x28, 0x42, 0x08, 0x42, 0xE7, 0x39, 0xA6, 0x31, 0x86, 0x31, 0x45, 0x29,
    0x45, 0x29, 0x24, 0x21, 0x24, 0x21, 0xBA, 0xD6, 0x10, 0x84, 0x65, 0x29, 0x45, 0x29, 0x24, 0x21,
    0x24, 0x21, 0x24, 0x21, 0x24, 0x21, 0x24, 0x21, 0x59, 0xCE, 0x59, 0xCE, 0x59, 0xCE, 0x59, 0xCE,
    0x59, 0xCE, 0x59, 0xCE, 0x59, 0xCE, 0x04, 0x21, 0x04, 0x21, 0x04, 0x21, 0x04, 0x21, 0x38, 0xC6,
    0x1C, 0xE7, 0x04, 0x21, 0x04, 0x21, 0xCB, 0x5A, 0xFF, 0xFF, 0xAE, 0x73, 0x04, 0x21, 0xCB, 0x5A,
    0x65, 0x29, 0x04, 0x21, 0x04, 0x21, 0x04, 0x21, 0x04, 0x21, 0x59, 0xCE, 0x59, 0xCE, 0x59, 0xCE,
    0x59, 0xCE, 0x59, 0xCE, 0x59, 0xCE, 0x59, 0xCE, 0x59, 0xCE, 0x59, 0xCE, 0x59, 0xCE, 0x59, 0xCE,
    0x59, 0xCE, 0x59, 0xCE, 0x59, 0xCE, 0x59, 0xCE, 0x59, 0xCE, 0x59, 0xCE, 0x59, 0xCE, 0x59, 0xCE,
    0x59, 0xCE, 0x59, 0xCE, 0x59, 0xCE, 0x59, 0xCE, 0x59, 0xCE, 0x59, 0xCE, 0x59, 0xCE, 0x59, 0xCE,
    0x59, 0xCE, 0x59, 0xCE, 0x59, 0xCE, 0x59, 0xCE, 0x59, 0xCE, 0x59, 0xCE, 0x59, 0xCE, 0x59, 0xCE,
    0x59, 0xCE, 0x59, 0xCE, 0x59, 0xCE, 0x59, 0xCE, 0x59, 0xCE, 0x59, 0xCE, 0x59, 0xCE, 0x59, 0xCE,
    0x59, 0xCE, 0x59, 0xCE, 0x59, 0xCE, 0x59, 0xCE, 0x59, 0xCE, 0x59, 0xCE, 0x59, 0xCE, 0x59, 0xCE,
    0x59, 0xCE, 0x59, 0xCE, 0x59, 0xCE, 0x59, 0xCE, 0x59, 0xCE, 0x59, 0xCE, 0x59, 0xCE, 0x59, 0xCE,
    0x59, 0xCE, 0x59, 0xCE, 0x59, 0xCE, 0x59, 0xCE, 0x59, 0xCE, 0x59, 0xCE, 0x59, 0xCE, 0x59, 0xCE,
    0x59, 0xCE, 0x59, 0xCE, 0x59, 0xCE, 0x59, 0xCE, 0x59, 0xCE, 0x59, 0xCE, 0x59, 0xCE, 0x59, 0xCE,
    0x59, 0xCE, 0x59, 0xCE, 0x59, 0xCE, 0x59, 0xCE, 0x59, 0xCE, 0x59, 0xCE, 0x59, 0xCE, 0x59, 0xCE,
    0x59, 0xCE, 0x59, 0xCE, 0xC7, 0x39, 0x1C, 0xDF, 0x1C, 0xE7, 0x3C, 0xE7, 0x5D, 0xEF, 0x7D, 0xEF,
    0xBA, 0xD6, 0xBA, 0xD6, 0xBA, 0xD6, 0xBA, 0xD6, 0xBA, 0xD6, 0xDB, 0xDE, 0xDB, 0xDE, 0xDB, 0xDE,
    0xDB, 0xDE, 0xDB, 0xDE, 0xDB, 0xDE, 0xDB, 0xDE, 0xDB, 0xDE, 0xDB, 0xDE, 0xDB, 0xDE, 0xFB, 0xDE,
    0x1C, 0xE7, 0x5D, 0xEF, 0x0C, 0x63, 0x00, 0x00, 0x00, 0x00, 0x00, 0x00, 0x41, 0x08, 0x00, 0x00,
    0x00, 0x00, 0x00, 0x00, 0xAA, 0x52, 0x5D, 0xEF, 0x7D, 0xEF, 0x7D, 0xEF, 0x7D, 0xEF, 0xD7, 0xBD,
    0x00, 0x00, 0x00, 0x00, 0xAE, 0x73, 0x9E, 0xF7, 0x9E, 0xF7, 0xCB, 0x5A, 0x00, 0x00, 0x00, 0x00,
    0x00, 0x00, 0x00, 0x00, 0x00, 0x00, 0x00, 0x00, 0x00, 0x00, 0x00, 0x00, 0x20, 0x00, 0xD3, 0x9C,
    0x5D, 0xEF, 0x5D, 0xEF, 0x7D, 0xEF, 0x7D, 0xEF, 0x00, 0x00, 0x00, 0x00, 0x00, 0x00, 0x00, 0x00,
    0x00, 0x00, 0xC3, 0x18, 0xDB, 0xDE, 0xBE, 0xF7, 0x9E, 0xF7, 0x7D, 0xEF, 0x5D, 0xEF, 0x5D, 0xEF,
    0x5C, 0xE7, 0x3C, 0xE7, 0x5D, 0xEF, 0x5D, 0xEF, 0x7D, 0xEF, 0x9E, 0xF7, 0x6D, 0x6B, 0x00, 0x00,
    0x2C, 0x63, 0xBE, 0xF7, 0x9E, 0xF7, 0x9E, 0xF7, 0x9E, 0xF7, 0xBE, 0xF7, 0x96, 0xB5, 0x00, 0x00,
    0x00, 0x00, 0x79, 0xCE, 0xDF, 0xFF, 0xDF, 0xFF, 0xED, 0x3F, 0xE9, 0x17, 0xE9, 0x17, 0xF8, 0xAF,
    0xDF, 0xFF, 0xDF, 0xFF, 0xDF, 0xFF, 0xF1, 0x67, 0xE9, 0x17, 0xE9, 0x17, 0xF2, 0x6F, 0xFF, 0xFF,
    0xDF, 0xFF, 0xDF, 0xFF, 0xDF, 0xFF, 0xDF, 0xFF, 0xDF, 0xFF, 0xFD, 0xEF, 0xF2, 0x6F, 0xF2, 0x6F,
    0xEA, 0x1F, 0xE9, 0x17, 0xE9, 0x17, 0xF2, 0x77, 0xFF, 0xFF, 0xFC, 0xDF, 0xEC, 0x2F, 0xE9, 0x17,
    0xE9, 0x17, 0xE9, 0x17, 0xE9, 0x17, 0xE9, 0x17, 0xEA, 0x1F, 0xEA, 0x27, 0xF9, 0xBF, 0xFF, 0xFF,
    0xFE, 0xF7, 0xFF, 0xFF, 0xFA, 0xCF, 0xE9, 0x17, 0xE9, 0x17, 0xE9, 0x17, 0xF3, 0x77, 0xF1, 0x6F,
    0xFD, 0xE7, 0xFF, 0xFF, 0xDF, 0xFF, 0xDF, 0xFF, 0xDF, 0xFF, 0xDF, 0xFF, 0xDF, 0xFF, 0xDF, 0xFF,
    0xDF, 0xFF, 0xDF, 0xFF, 0xDF, 0xFF, 0xDF, 0xFF, 0xDF, 0xFF, 0xFF, 0xFF, 0xDF, 0xFF, 0xDF, 0xFF,
    0xFF, 0xFF, 0xFF, 0xFF, 0xFF, 0xFF, 0xFF, 0xFF, 0xFF, 0xFF, 0xFF, 0xFF, 0xFF, 0xFF, 0xFF, 0xFF,
    0xFF, 0xFF, 0xFF, 0xFF, 0xFF, 0xFF, 0x24, 0x21, 0x24, 0x21, 0x24, 0x21, 0x24, 0x21, 0x24, 0x21,
    0x45, 0x29, 0x86, 0x31, 0xD3, 0x9C, 0x59, 0xCE, 0x45, 0x29, 0x65, 0x29, 0xA6, 0x31, 0x08, 0x42,
    0x49, 0x4A, 0x8A, 0x52, 0xAA, 0x52, 0xD3, 0x9C, 0x79, 0xCE, 0xBE, 0xF7, 0xFF, 0xFF, 0xFF, 0xFF,
    0xFF, 0xFF, 0xFF, 0xFF, 0x0C, 0x63, 0x69, 0x4A, 0x4D, 0x6B, 0xFF, 0xFF, 0xFF, 0xFF, 0xFF, 0xFF,
    0xFF, 0xFF, 0xBE, 0xF7, 0x9A, 0xD6, 0x30, 0x84, 0x69, 0x4A, 0x86, 0x31, 0x65, 0x29, 0x45, 0x29,
    0x24, 0x21, 0x24, 0x21, 0x24, 0x21, 0x59, 0xCE, 0xD3, 0x9C, 0x86, 0x31, 0x45, 0x29, 0x24, 0x21,
    0x24, 0x21, 0x24, 0x21, 0x24, 0x21, 0x24, 0x21, 0x59, 0xCE, 0x59, 0xCE, 0x59, 0xCE, 0x59, 0xCE,
    0x59, 0xCE, 0x59, 0xCE, 0x59, 0xCE, 0x04, 0x21, 0x04, 0x21, 0x04, 0x21, 0x04, 0x21, 0x92, 0x94,
    0xFF, 0xFF, 0xE7, 0x39, 0x04, 0x21, 0xF3, 0x9C, 0xFF, 0xFF, 0xE7, 0x39, 0xCB, 0x5A, 0xFF, 0xFF,
    0xAE, 0x73, 0x04, 0x21, 0x04, 0x21, 0x04, 0x21, 0x04, 0x21, 0x59, 0xCE, 0x59, 0xCE, 0x59, 0xCE,
    0x59, 0xCE, 0x59, 0xCE, 0x59, 0xCE, 0x59, 0xCE, 0x59, 0xCE, 0x59, 0xCE, 0x59, 0xCE, 0x59, 0xCE,
    0x59, 0xCE, 0x59, 0xCE, 0x59, 0xCE, 0x59, 0xCE, 0x59, 0xCE, 0x59, 0xCE, 0x59, 0xCE, 0x59, 0xCE,
    0x59, 0xCE, 0x59, 0xCE, 0x59, 0xCE, 0x59, 0xCE, 0x59, 0xCE, 0x59, 0xCE, 0x59, 0xCE, 0x59, 0xCE,
    0x59, 0xCE, 0x59, 0xCE, 0x59, 0xCE, 0x59, 0xCE, 0x59, 0xCE, 0x59, 0xCE, 0x59, 0xCE, 0x59, 0xCE,
    0x59, 0xCE, 0x59, 0xCE, 0x59, 0xCE, 0x59, 0xCE, 0x59, 0xCE, 0x59, 0xCE, 0x59, 0xCE, 0x59, 0xCE,
    0x59, 0xCE, 0x59, 0xCE, 0x59, 0xCE, 0x59, 0xCE, 0x59, 0xCE, 0x59, 0xCE, 0x59, 0xCE, 0x59, 0xCE,
    0x59, 0xCE, 0x59, 0xCE, 0x59, 0xCE, 0x59, 0xCE, 0x59, 0xCE, 0x59, 0xCE, 0x59, 0xCE, 0x59, 0xCE,
    0x59, 0xCE, 0x59, 0xCE, 0x59, 0xCE, 0x59, 0xCE, 0x59, 0xCE, 0x59, 0xCE, 0x59, 0xCE, 0x59, 0xCE,
    0x59, 0xCE, 0x59, 0xCE, 0x59, 0xCE, 0x59, 0xCE, 0x59, 0xCE, 0x59, 0xCE, 0x59, 0xCE, 0x59, 0xCE,
    0x59, 0xCE, 0x59, 0xCE, 0x59, 0xCE, 0x59, 0xCE, 0x59, 0xCE, 0x59, 0xCE, 0x59, 0xCE, 0x59, 0xCE,
    0x59, 0xCE, 0x59, 0xCE, 0xC7, 0x39, 0xFB, 0xDE, 0x1C, 0xE7, 0x3C, 0xE7, 0x5D, 0xEF, 0x7D, 0xEF,
    0xBA, 0xD6, 0xBA, 0xD6, 0xBA, 0xD6, 0xBA, 0xD6, 0xBA, 0xD6, 0xBA, 0xD6, 0xBA, 0xD6, 0xBA, 0xD6,
    0xDB, 0xDE, 0xDB, 0xDE, 0xDB, 0xDE, 0xDB, 0xDE, 0xDB, 0xDE, 0xDB, 0xDE, 0xDB, 0xDE, 0xFB, 0xDE,
    0x1C, 0xE7, 0x5D, 0xEF, 0x0C, 0x63, 0x00, 0x00, 0x00, 0x00, 0xA2, 0x10, 0x1C, 0xE7, 0xCB, 0x5A,
    0x00, 0x00, 0x00, 0x00, 0x00, 0x00, 0x65, 0x29, 0xDB, 0xDE, 0x7D, 0xEF, 0x9E, 0xF7, 0xFB, 0xDE,
    0x00, 0x00, 0x00, 0x00, 0x8A, 0x52, 0x9E, 0xF7, 0x9E, 0xF7, 0xCF, 0x7B, 0x00, 0x00, 0x00, 0x00,
    0x00, 0x00, 0x00, 0x00, 0x00, 0x00, 0x00, 0x00, 0x00, 0x00, 0x61, 0x08, 0xA6, 0x31, 0x79, 0xCE,
    0x3C, 0xE7, 0x5D, 0xEF, 0x5D, 0xEF, 0x9E, 0xF7, 0x24, 0x21, 0x00, 0x00, 0x00, 0x00, 0x00, 0x00,
    0x00, 0x00, 0xC7, 0x39, 0x38, 0xC6, 0xBE, 0xF7, 0x9E, 0xF7, 0x7D, 0xEF, 0x7D, 0xEF, 0x5D, 0xEF,
    0x5D, 0xEF, 0x3C, 0xE7, 0x5D, 0xEF, 0x5D, 0xEF, 0x7D, 0xEF, 0x9E, 0xF7, 0x34, 0xA5, 0x00, 0x00,
    0x24, 0x21, 0xBE, 0xF7, 0xBE, 0xF7, 0x9E, 0xF7, 0xBE, 0xF7, 0xBE, 0xF7, 0x51, 0x8C, 0x00, 0x00,
    0x00, 0x00, 0x3C, 0xE7, 0xDF, 0xFF, 0xDF, 0xFF, 0xED, 0x3F, 0xE9, 0x17, 0xE9, 0x17, 0xF8, 0xAF,
    0xDF, 0xFF, 0xDF, 0xFF, 0xDF, 0xFF, 0xF1, 0x67, 0xE9, 0x17, 0xE9, 0x17, 0xF2, 0x6F, 0xDF, 0xFF,
    0xDF, 0xFF, 0xDF, 0xFF, 0xDF, 0xFF, 0xDF, 0xFF, 0xFA, 0xC7, 0xED, 0x3F, 0xFC, 0xDF, 0xFF, 0xFF,
    0xEC, 0x2F, 0xE9, 0x17, 0xE9, 0x17, 0xF4, 0x8F, 0xFF, 0xFF, 0xFC, 0xDF, 0xFD, 0xE7, 0xF7, 0xA7,
    0xED, 0x3F, 0xE9, 0x17, 0xE9, 0x17, 0xE9, 0x17, 0xE9, 0x17, 0xE9, 0x17, 0xE9, 0x17, 0xEB, 0x2F,
    0xF4, 0x87, 0xFF, 0xFF, 0xFC, 0xD7, 0xEA, 0x1F, 0xE9, 0x17, 0xE9, 0x17, 0xF7, 0xA7, 0xFF, 0xFF,
    0xFF, 0xFF, 0xFF, 0xFF, 0xFF, 0xFF, 0xDF, 0xFF, 0xDF, 0xFF, 0xDF, 0xFF, 0xDF, 0xFF, 0xDF, 0xFF,
    0xDF, 0xFF, 0xDF, 0xFF, 0xDF, 0xFF, 0xDF, 0xFF, 0xDF, 0xFF, 0xFF, 0xFF, 0xFF, 0xFF, 0xFF, 0xFF,
    0xFF, 0xFF, 0xFF, 0xFF, 0xFF, 0xFF, 0xFF, 0xFF, 0xFF, 0xFF, 0xFF, 0xFF, 0xFF, 0xFF, 0xFF, 0xFF,
    0xFF, 0xFF, 0xFF, 0xFF, 0xFF, 0xFF, 0x24, 0x21, 0x24, 0x21, 0x24, 0x21, 0x24, 0x21, 0x24, 0x21,
    0x45, 0x29, 0x86, 0x31, 0x10, 0x84, 0xBA, 0xD6, 0x24, 0x21, 0x45, 0x29, 0x86, 0x31, 0xC7, 0x39,
    0x28, 0x42, 0x69, 0x4A, 0xAA, 0x52, 0xAA, 0x52, 0xCB, 0x5A, 0xCB, 0x5A, 0xAA, 0x52, 0xB6, 0xB5,
    0xFF, 0xFF, 0xFF, 0xFF, 0x96, 0xB5, 0x2C, 0x63, 0xB6, 0xB5, 0xFF, 0xFF, 0xFF, 0xFF, 0xFF, 0xFF,
    0xFF, 0xFF, 0xFF, 0xFF, 0xFF, 0xFF, 0xFF, 0xFF, 0x3C, 0xE7, 0xB2, 0x94, 0x45, 0x29, 0x24, 0x21,
    0x24, 0x21, 0x24, 0x21, 0x24, 0x21, 0x59, 0xCE, 0x10, 0x84, 0x86, 0x31, 0x45, 0x29, 0x24, 0x21,
    0x24, 0x21, 0x24, 0x21, 0x24, 0x21, 0x24, 0x21, 0x59, 0xCE, 0x59, 0xCE, 0x59, 0xCE, 0x59, 0xCE,
    0x59, 0xCE, 0x59, 0xCE, 0x59, 0xCE, 0x04, 0x21, 0x04, 0x21, 0x04, 0x21, 0x04, 0x21, 0x65, 0x29,
    0xFF, 0xFF, 0x71, 0x8C, 0x04, 0x21, 0x1C, 0xE7, 0x38, 0xC6, 0x04, 0x21, 0xCB, 0x5A, 0xFF, 0xFF,
    0xAE, 0x73, 0x04, 0x21, 0x04, 0x21, 0x04, 0x21, 0x04, 0x21, 0x59, 0xCE, 0x59, 0xCE, 0x59, 0xCE,
    0x59, 0xCE, 0x59, 0xCE, 0x59, 0xCE, 0x59, 0xCE, 0x59, 0xCE, 0x59, 0xCE, 0x59, 0xCE, 0x59, 0xCE,
    0x59, 0xCE, 0x59, 0xCE, 0x59, 0xCE, 0x59, 0xCE, 0x59, 0xCE, 0x59, 0xCE, 0x59, 0xCE, 0x59, 0xCE,
    0x59, 0xCE, 0x59, 0xCE, 0x59, 0xCE, 0x59, 0xCE, 0x59, 0xCE, 0x59, 0xCE, 0x59, 0xCE, 0x59, 0xCE,
    0x59, 0xCE, 0x59, 0xCE, 0x59, 0xCE, 0x59, 0xCE, 0x59, 0xCE, 0x59, 0xCE, 0x59, 0xCE, 0x59, 0xCE,
    0x59, 0xCE, 0x59, 0xCE, 0x59, 0xCE, 0x59, 0xCE, 0x59, 0xCE, 0x59, 0xCE, 0x59, 0xCE, 0x59, 0xCE,
    0x59, 0xCE, 0x59, 0xCE, 0x59, 0xCE, 0x59, 0xCE, 0x59, 0xCE, 0x59, 0xCE, 0x59, 0xCE, 0x59, 0xCE,
    0x59, 0xCE, 0x59, 0xCE, 0x59, 0xCE, 0x59, 0xCE, 0x59, 0xCE, 0x59, 0xCE, 0x59, 0xCE, 0x59, 0xCE,
    0x59, 0xCE, 0x59, 0xCE, 0x59, 0xCE, 0x59, 0xCE, 0x59, 0xCE, 0x59, 0xCE, 0x59, 0xCE, 0x59, 0xCE,
    0x59, 0xCE, 0x59, 0xCE, 0x59, 0xCE, 0x59, 0xCE, 0x59, 0xCE, 0x59, 0xCE, 0x59, 0xCE, 0x59, 0xCE,
    0x59, 0xCE, 0x59, 0xCE, 0x59, 0xCE, 0x59, 0xCE, 0x59, 0xCE, 0x59, 0xCE, 0x59, 0xCE, 0x59, 0xCE,
    0x59, 0xCE, 0x59, 0xCE, 0xC7, 0x39, 0x1C, 0xDF, 0x1C, 0xE7, 0x3C, 0xE7, 0x5D, 0xEF, 0x7D, 0xEF,
    0xBA, 0xD6, 0xBA, 0xD6, 0xBA, 0xD6, 0xBA, 0xD6, 0xBA, 0xD6, 0xBA, 0xD6, 0xBA, 0xD6, 0xBA, 0xD6,
    0xBA, 0xD6, 0xBA, 0xD6, 0xBA, 0xD6, 0xDB, 0xDE, 0xDB, 0xDE, 0xDB, 0xDE, 0xDB, 0xDE, 0xFB, 0xDE,
    0x1C, 0xE7, 0x5D, 0xEF, 0x0C, 0x63, 0x00, 0x00, 0x00, 0x00, 0x65, 0x29, 0x9E, 0xF7, 0x9E, 0xF7,
    0xB2, 0x94, 0x41, 0x08, 0x00, 0x00, 0x00, 0x00, 0xA2, 0x10, 0xD7, 0xBD, 0x9E, 0xF7, 0x9E, 0xF7,
    0x00, 0x00, 0x00, 0x00, 0x65, 0x29, 0x9E, 0xF7, 0x9E, 0xF7, 0x14, 0xA5, 0x00, 0x00, 0x00, 0x00,
    0x00, 0x00, 0x55, 0xAD, 0x9E, 0xF7, 0x9E, 0xF7, 0x7D, 0xEF, 0x7D, 0xEF, 0x5D, 0xEF, 0x5D, 0xEF,
    0x3C, 0xE7, 0x5D, 0xEF, 0x5D, 0xEF, 0x7D, 0xEF, 0xAA, 0x52, 0x00, 0x00, 0x00, 0x00, 0x00, 0x00,
    0x00, 0x00, 0x00, 0x00, 0x00, 0x00, 0xA6, 0x31, 0xB6, 0xB5, 0x9E, 0xF7, 0x7D, 0xEF, 0x7D, 0xEF,
    0x5D, 0xEF, 0x5D, 0xEF, 0x5D, 0xEF, 0x5D, 0xEF, 0x7D, 0xEF, 0x7D, 0xEF, 0x1C, 0xE7, 0x00, 0x00,
    0x00, 0x00, 0xDB, 0xDE, 0xBE, 0xF7, 0xBE, 0xF7, 0xBE, 0xF7, 0xDE, 0xF7, 0xC7, 0x39, 0x00, 0x00,
    0x20, 0x00, 0xDF, 0xFF, 0xDF, 0xFF, 0xDF, 0xFF, 0xED, 0x3F, 0xE9, 0x17, 0xE9, 0x17, 0xF8, 0xAF,
    0xDF, 0xFF, 0xDF, 0xFF, 0xDF, 0xFF, 0xF0, 0x67, 0xE9, 0x17, 0xE9, 0x17, 0xF2, 0x6F, 0xFF, 0xFF,
    0xDF, 0xFF, 0xDF, 0xFF, 0xFE, 0xF7, 0xF4, 0x87, 0xE9, 0x17, 0xF8, 0xB7, 0xFF, 0xFF, 0xFF, 0xFF,
    0xEC, 0x2F, 0xE9, 0x17, 0xE9, 0x17, 0xF9, 0xB7, 0xFF, 0xFF, 0xFF, 0xFF, 0xFF, 0xFF, 0xF8, 0xB7,
    0xEB, 0x2F, 0xF3, 0x77, 0xF3, 0x7F, 0xEB, 0x27, 0xE9, 0x17, 0xE9, 0x17, 0xE9, 0x17, 0xEE, 0x47,
    0xFF, 0xFF, 0xFF, 0xFF, 0xFF, 0xFF, 0xEC, 0x2F, 0xE9, 0x17, 0xE9, 0x17, 0xF9, 0xBF, 0xFF, 0xFF,
    0xFF, 0xFF, 0xFF, 0xFF, 0xFF, 0xFF, 0xFF, 0xFF, 0xDF, 0xFF, 0xDF, 0xFF, 0xDF, 0xFF, 0xDF, 0xFF,
    0xDF, 0xFF, 0xDF, 0xFF, 0xDF, 0xFF, 0xDF, 0xFF, 0xDF, 0xFF, 0xDF, 0xFF, 0xFF, 0xFF, 0xDF, 0xFF,
    0xFF, 0xFF, 0xFF, 0xFF, 0xFF, 0xFF, 0xFF, 0xFF, 0xFF, 0xFF, 0xFF, 0xFF, 0xFF, 0xFF, 0xFF, 0xFF,
    0xFF, 0xFF, 0xFF, 0xFF, 0xFF, 0xFF, 0x24, 0x21, 0x24, 0x21, 0x24, 0x21, 0x24, 0x21, 0x45, 0x29,
    0x45, 0x29, 0x86, 0x31, 0x30, 0x84, 0x3C, 0xE7, 0x24, 0x21, 0x45, 0x29, 0x65, 0x29, 0xA6, 0x31,
    0xE7, 0x39, 0x28, 0x42, 0x69, 0x4A, 0x8A, 0x52, 0xAA, 0x52, 0xAA, 0x52, 0xAA, 0x52, 0x4D, 0x6B,
    0xBE, 0xF7, 0xFF, 0xFF, 0xFF, 0xFF, 0xFF, 0xFF, 0xFF, 0xFF, 0xFF, 0xFF, 0xFF, 0xFF, 0xFF, 0xFF,
    0xFF, 0xFF, 0xFF, 0xFF, 0xFF, 0xFF, 0xFF, 0xFF, 0xFF, 0xFF, 0xFF, 0xFF, 0x92, 0x94, 0x24, 0x21,
    0x24, 0x21, 0x24, 0x21, 0x24, 0x21, 0x3C, 0xE7, 0xCF, 0x7B, 0x86, 0x31, 0x45, 0x29, 0x24, 0x21,
    0x24, 0x21, 0x24, 0x21, 0x24, 0x21, 0x24, 0x21, 0x59, 0xCE, 0x59, 0xCE, 0x59, 0xCE, 0x59, 0xCE,
    0x59, 0xCE, 0x59, 0xCE, 0x59, 0xCE, 0x04, 0x21, 0x04, 0x21, 0x04, 0x21, 0x04, 0x21, 0x04, 0x21,
    0x38, 0xC6, 0x38, 0xC6, 0x49, 0x4A, 0xFF, 0xFF, 0xAE, 0x73, 0x04, 0x21, 0xCB, 0x5A, 0xFF, 0xFF,
    0xAE, 0x73, 0x04, 0x21, 0x04, 0x21, 0x04, 0x21, 0x04, 0x21, 0x59, 0xCE, 0x59, 0xCE, 0x59, 0xCE,
    0x59, 0xCE, 0x59, 0xCE, 0x59, 0xCE, 0x59, 0xCE, 0x59, 0xCE, 0x59, 0xCE, 0x59, 0xCE, 0x59, 0xCE,
    0x59, 0xCE, 0x59, 0xCE, 0x59, 0xCE, 0x59, 0xCE, 0x59, 0xCE, 0x59, 0xCE, 0x59, 0xCE, 0x59, 0xCE,
    0x59, 0xCE, 0x59, 0xCE, 0x59, 0xCE, 0x59, 0xCE, 0x59, 0xCE, 0x59, 0xCE, 0x59, 0xCE, 0x59, 0xCE,
    0x59, 0xCE, 0x59, 0xCE, 0x59, 0xCE, 0x59, 0xCE, 0x59, 0xCE, 0x59, 0xCE, 0x59, 0xCE, 0x59, 0xCE,
    0x59, 0xCE, 0x59, 0xCE, 0x59, 0xCE, 0x59, 0xCE, 0x59, 0xCE, 0x59, 0xCE, 0x59, 0xCE, 0x59, 0xCE,
    0x59, 0xCE, 0x59, 0xCE, 0x59, 0xCE, 0x59, 0xCE, 0x59, 0xCE, 0x59, 0xCE, 0x59, 0xCE, 0x59, 0xCE,
    0x59, 0xCE, 0x59, 0xCE, 0x59, 0xCE, 0x59, 0xCE, 0x59, 0xCE, 0x59, 0xCE, 0x59, 0xCE, 0x59, 0xCE,
    0x59, 0xCE, 0x59, 0xCE, 0x59, 0xCE, 0x59, 0xCE, 0x59, 0xCE, 0x59, 0xCE, 0x59, 0xCE, 0x59, 0xCE,
    0x59, 0xCE, 0x59, 0xCE, 0x59, 0xCE, 0x59, 0xCE, 0x59, 0xCE, 0x59, 0xCE, 0x59, 0xCE, 0x59, 0xCE,
    0x59, 0xCE, 0x59, 0xCE, 0x59, 0xCE, 0x59, 0xCE, 0x59, 0xCE, 0x59, 0xCE, 0x59, 0xCE, 0x59, 0xCE,
    0x59, 0xCE, 0x59, 0xCE, 0xC7, 0x39, 0x1C, 0xDF, 0x1C, 0xE7, 0x3C, 0xE7, 0x5D, 0xEF, 0x7D, 0xEF,
    0xBA, 0xD6, 0xBA, 0xD6, 0xBA, 0xD6, 0xBA, 0xD6, 0xBA, 0xD6, 0xBA, 0xD6, 0xBA, 0xD6, 0xBA, 0xD6,
    0xBA, 0xD6, 0xBA, 0xD6, 0xBA, 0xD6, 0xBA, 0xD6, 0xBA, 0xD6, 0xBA, 0xD6, 0xDB, 0xDE, 0xFB, 0xDE,
    0x1C, 0xE7, 0x5D, 0xEF, 0x6D, 0x6B, 0x00, 0x00, 0x00, 0x00, 0x86, 0x31, 0x9E, 0xF7, 0x7D, 0xEF,
    0x7D, 0xEF, 0x38, 0xC6, 0xC3, 0x18, 0x00, 0x00, 0x00, 0x00, 0x20, 0x00, 0x10, 0x84, 0xBE, 0xF7,
    0x61, 0x08, 0x00, 0x00, 0x41, 0x08, 0x9E, 0xF7, 0x9E, 0xF7, 0x59, 0xCE, 0x00, 0x00, 0x00, 0x00,
    0x00, 0x00, 0xD3, 0x9C, 0x9E, 0xF7, 0x7D, 0xEF, 0x5D, 0xEF, 0x5D, 0xEF, 0x5D, 0xEF, 0x3C, 0xE7,
    0x3C, 0xE7, 0x5D, 0xEF, 0x5D, 0xEF, 0x7D, 0xEF, 0x92, 0x94, 0x00, 0x00, 0x00, 0x00, 0x00, 0x00,
    0x00, 0x00, 0x00, 0x00, 0x00, 0x00, 0x00, 0x00, 0x00, 0x00, 0xC7, 0x39, 0x75, 0xAD, 0x9E, 0xF7,
    0x7D, 0xEF, 0x7D, 0xEF, 0x5D, 0xEF, 0x5D, 0xEF, 0x7D, 0xEF, 0x7D, 0xEF, 0x9E, 0xF7, 0x24, 0x21,
    0x00, 0x00, 0xAE, 0x73, 0xBE, 0xF7, 0xBE, 0xF7, 0xBE, 0xF7, 0xDB, 0xDE, 0x00, 0x00, 0x00, 0x00,
    0x65, 0x29, 0xDF, 0xFF, 0xDF, 0xFF, 0xDF, 0xFF, 0xED, 0x3F, 0xE9, 0x17, 0xE9, 0x17, 0xF8, 0xAF,
    0xDF, 0xFF, 0xDF, 0xFF, 0xDF, 0xFF, 0xF0, 0x67, 0xE9, 0x17, 0xE9, 0x17, 0xF2, 0x6F, 0xFF, 0xFF,
    0xFF, 0xFF, 0xF2, 0x77, 0xEA, 0x1F, 0xE9, 0x17, 0xEA, 0x27, 0xFF, 0xFF, 0xFF, 0xFF, 0xFF, 0xFF,
    0xEC, 0x2F, 0xE9, 0x17, 0xE9, 0x17, 0xF9, 0xBF, 0xFF, 0xFF, 0xFF, 0xFF, 0xF0, 0x5F, 0xE9, 0x17,
    0xE9, 0x17, 0xF6, 0x9F, 0xFF, 0xFF, 0xFF, 0xFF, 0xF3, 0x7F, 0xE9, 0x17, 0xE9, 0x17, 0xEE, 0x4F,
    0xFF, 0xFF, 0xFF, 0xFF, 0xFF, 0xFF, 0xEC, 0x2F, 0xE9, 0x17, 0xE9, 0x17, 0xFA, 0xC7, 0xFF, 0xFF,
    0xFF, 0xFF, 0xFF, 0xFF, 0xFF, 0xFF, 0xFF, 0xFF, 0xF2, 0x6F, 0xDD, 0xE7, 0xDF, 0xFF, 0xDF, 0xFF,
    0xDF, 0xFF, 0xDF, 0xFF, 0xDF, 0xFF, 0xDF, 0xFF, 0xDF, 0xFF, 0xDF, 0xFF, 0xDF, 0xFF, 0xFF, 0xFF,
    0xDF, 0xFF, 0xFF, 0xFF, 0xDF, 0xFF, 0xFF, 0xFF, 0xFF, 0xFF, 0xFF, 0xFF, 0xFF, 0xFF, 0xFF, 0xFF,
    0xFF, 0xFF, 0xFF, 0xFF, 0xFF, 0xFF, 0x24, 0x21, 0x24, 0x21, 0x24, 0x21, 0x24, 0x21, 0x45, 0x29,
    0x65, 0x29, 0xA6, 0x31, 0xAA, 0x52, 0xFF, 0xFF, 0x86, 0x31, 0x24, 0x21, 0x45, 0x29, 0x65, 0x29,
    0xA6, 0x31, 0xE7, 0x39, 0x08, 0x42, 0x49, 0x4A, 0x69, 0x4A, 0x8A, 0x52, 0x8A, 0x52, 0xAE, 0x73,
    0xBE, 0xF7, 0xFF, 0xFF, 0xFF, 0xFF, 0xFF, 0xFF, 0xFF, 0xFF, 0xFF, 0xFF, 0xBE, 0xF7, 0xFF, 0xFF,
    0xFF, 0xFF, 0xFF, 0xFF, 0xFF, 0xFF, 0xFF, 0xFF, 0xFF, 0xFF, 0xFF, 0xFF, 0xFF, 0xFF, 0xCF, 0x7B,
    0x24, 0x21, 0x24, 0x21, 0xA6, 0x31, 0xFF, 0xFF, 0x0C, 0x63, 0x86, 0x31, 0x65, 0x29, 0x24, 0x21,
    0x24, 0x21, 0x24, 0x21, 0x24, 0x21, 0x24, 0x21, 0x59, 0xCE, 0x59, 0xCE, 0x59, 0xCE, 0x59, 0xCE,
    0x59, 0xCE, 0x59, 0xCE, 0x59, 0xCE, 0x04, 0x21, 0x04, 0x21, 0x04, 0x21, 0x04, 0x21, 0x04, 0x21,
    0x10, 0x84, 0xFF, 0xFF, 0x92, 0x94, 0xFF, 0xFF, 0xE7, 0x39, 0x04, 0x21, 0xCB, 0x5A, 0xFF, 0xFF,
    0xAE, 0x73, 0x04, 0x21, 0x04, 0x21, 0x04, 0x21, 0x04, 0x21, 0x59, 0xCE, 0x59, 0xCE, 0x59, 0xCE,
    0x59, 0xCE, 0x59, 0xCE, 0x59, 0xCE, 0x59, 0xCE, 0x59, 0xCE, 0x59, 0xCE, 0x59, 0xCE, 0x59, 0xCE,
    0x59, 0xCE, 0x59, 0xCE, 0x59, 0xCE, 0x59, 0xCE, 0x59, 0xCE, 0x59, 0xCE, 0x59, 0xCE, 0x59, 0xCE,
    0x59, 0xCE, 0x59, 0xCE, 0x59, 0xCE, 0x59, 0xCE, 0x59, 0xCE, 0x59, 0xCE, 0x59, 0xCE, 0x59, 0xCE,
    0x59, 0xCE, 0x59, 0xCE, 0x59, 0xCE, 0x59, 0xCE, 0x59, 0xCE, 0x59, 0xCE, 0x59, 0xCE, 0x59, 0xCE,
    0x59, 0xCE, 0x59, 0xCE, 0x59, 0xCE, 0x59, 0xCE, 0x59, 0xCE, 0x59, 0xCE, 0x59, 0xCE, 0x59, 0xCE,
    0x59, 0xCE, 0x59, 0xCE, 0x59, 0xCE, 0x59, 0xCE, 0x59, 0xCE, 0x59, 0xCE, 0x59, 0xCE, 0x59, 0xCE,
    0x59, 0xCE, 0x59, 0xCE, 0x59, 0xCE, 0x59, 0xCE, 0x59, 0xCE, 0x59, 0xCE, 0x59, 0xCE, 0x59, 0xCE,
    0x59, 0xCE, 0x59, 0xCE, 0x59, 0xCE, 0x59, 0xCE, 0x59, 0xCE, 0x59, 0xCE, 0x59, 0xCE, 0x59, 0xCE,
    0x59, 0xCE, 0x59, 0xCE, 0x59, 0xCE, 0x59, 0xCE, 0x59, 0xCE, 0x59, 0xCE, 0x59, 0xCE, 0x59, 0xCE,
    0x59, 0xCE, 0x59, 0xCE, 0x59, 0xCE, 0x59, 0xCE, 0x59, 0xCE, 0x59, 0xCE, 0x59, 0xCE, 0x59, 0xCE,
    0x59, 0xCE, 0x59, 0xCE, 0xC7, 0x39, 0xFB, 0xDE, 0x1C, 0xE7, 0x3C, 0xE7, 0x5D, 0xEF, 0x7D, 0xEF,
    0xBA, 0xD6, 0xBA, 0xD6, 0xBA, 0xD6, 0xBA, 0xD6, 0xBA, 0xD6, 0xBA, 0xD6, 0xBA, 0xD6, 0xBA, 0xD6,
    0xBA, 0xD6, 0xBA, 0xD6, 0xBA, 0xD6, 0xBA, 0xD6, 0xBA, 0xD6, 0xBA, 0xD6, 0xDB, 0xDE, 0xFB, 0xDE,
    0x1C, 0xE7, 0x3C, 0xE7, 0xB2, 0x94, 0x00, 0x00, 0x00, 0x00, 0x24, 0x21, 0x7D, 0xEF, 0x5D, 0xEF,
    0x5D, 0xEF, 0x5D, 0xEF, 0xFB, 0xDE, 0x86, 0x31, 0x00, 0x00, 0x00, 0x00, 0x00, 0x00, 0x86, 0x31,
    0x20, 0x00, 0x00, 0x00, 0x00, 0x00, 0x3C, 0xE7, 0x9E, 0xF7, 0x5D, 0xEF, 0x00, 0x00, 0x00, 0x00,
    0x00, 0x00, 0x30, 0x84, 0x7D, 0xEF, 0x7D, 0xEF, 0x5D, 0xEF, 0x5D, 0xEF, 0x5D, 0xEF, 0x5D, 0xEF,
    0x5D, 0xEF, 0x5D, 0xEF, 0x5D, 0xEF, 0x7D, 0xEF, 0x9A, 0xD6, 0x00, 0x00, 0x00, 0x00, 0x00, 0x00,
    0x00, 0x00, 0x20, 0x00, 0x00, 0x00, 0x00, 0x00, 0x00, 0x00, 0x00, 0x00, 0x00, 0x00, 0xA6, 0x31,
    0xD7, 0xBD, 0x9E, 0xF7, 0x7D, 0xEF, 0x7D, 0xEF, 0x7D, 0xEF, 0x7D, 0xEF, 0x9E, 0xF7, 0x4D, 0x6B,
    0x00, 0x00, 0x82, 0x10, 0x9E, 0xF7, 0xDE, 0xF7, 0xDF, 0xFF, 0x8A, 0x52, 0x00, 0x00, 0x00, 0x00,
    0xCF, 0x7B, 0xDF, 0xFF, 0xDF, 0xFF, 0xDF, 0xFF, 0xED, 0x3F, 0xE9, 0x17, 0xE9, 0x17, 0xF8, 0xAF,
    0xDF, 0xFF, 0xDF, 0xFF, 0xDF, 0xFF, 0xF0, 0x67, 0xE9, 0x17, 0xE9, 0x17, 0xF2, 0x6F, 0xFF, 0xFF,
    0xFF, 0xFF, 0xF6, 0x9F, 0xE9, 0x17, 0xE9, 0x17, 0xEB, 0x27, 0xFF, 0xFF, 0xFF, 0xFF, 0xFF, 0xFF,
    0xEC, 0x2F, 0xE9, 0x17, 0xE9, 0x17, 0xF9, 0xBF, 0xFF, 0xFF, 0xFF, 0xFF, 0xEF, 0x4F, 0xE9, 0x17,
    0xE9, 0x17, 0xF6, 0x9F, 0xFF, 0xFF, 0xFF, 0xFF, 0xF6, 0x9F, 0xE9, 0x17, 0xE9, 0x17, 0xEE, 0x4F,
    0xFF, 0xFF, 0xFF, 0xFF, 0xFF, 0xFF, 0xEC, 0x2F, 0xE9, 0x17, 0xE9, 0x17, 0xFA, 0xC7, 0xFF, 0xFF,
    0xFF, 0xFF, 0xFF, 0xFF, 0xFF, 0xFF, 0xF1, 0x6F, 0xEE, 0x4F, 0xDF, 0xFF, 0xDF, 0xFF, 0xDF, 0xFF,
    0xDF, 0xFF, 0xDF, 0xFF, 0xDF, 0xFF, 0xDF, 0xFF, 0xDF, 0xFF, 0xDF, 0xFF, 0xDF, 0xFF, 0xDF, 0xFF,
    0xFF, 0xFF, 0xDF, 0xFF, 0xFF, 0xFF, 0xDF, 0xFF, 0xFF, 0xFF, 0xFF, 0xFF, 0xFF, 0xFF, 0xFF, 0xFF,
    0xFF, 0xFF, 0xFF, 0xFF, 0xFF, 0xFF, 0x24, 0x21, 0x24, 0x21, 0x24, 0x21, 0x24, 0x21, 0x45, 0x29,
    0x65, 0x29, 0xA6, 0x31, 0xE7, 0x39, 0xBE, 0xF7, 0xEB, 0x5A, 0x24, 0x21, 0x24, 0x21, 0x45, 0x29,
    0x65, 0x29, 0x86, 0x31, 0xC7, 0x39, 0xE7, 0x39, 0xCB, 0x5A, 0x4D, 0x6B, 0x34, 0xA5, 0xFF, 0xFF,
    0xFF, 0xFF, 0xFF, 0xFF, 0xFF, 0xFF, 0xFF, 0xFF, 0xF7, 0xBD, 0x2C, 0x63, 0x8E, 0x73, 0xBE, 0xF7,
    0xFF, 0xFF, 0xFF, 0xFF, 0xFF, 0xFF, 0xFF, 0xFF, 0xFF, 0xFF, 0xFF, 0xFF, 0xFF, 0xFF, 0x59, 0xCE,
    0x45, 0x29, 0x24, 0x21, 0xEB, 0x5A, 0x9E, 0xF7, 0xE7, 0x39, 0xA6, 0x31, 0x65, 0x29, 0x45, 0x29,
    0x24, 0x21, 0x24, 0x21, 0x24, 0x21, 0x24, 0x21, 0x59, 0xCE, 0x59, 0xCE, 0x59, 0xCE, 0x59, 0xCE,
    0x59, 0xCE, 0x59, 0xCE, 0x59, 0xCE, 0x04, 0x21, 0x04, 0x21, 0x04, 0x21, 0x04, 0x21, 0x04, 0x21,
    0x65, 0x29, 0xFF, 0xFF, 0x9E, 0xF7, 0x38, 0xC6, 0x04, 0x21, 0x04, 0x21, 0xCB, 0x5A, 0xFF, 0xFF,
    0xAE, 0x73, 0x04, 0x21, 0x04, 0x21, 0x04, 0x21, 0x04, 0x21, 0x59, 0xCE, 0x59, 0xCE, 0x59, 0xCE,
    0x59, 0xCE, 0x59, 0xCE, 0x59, 0xCE, 0x59, 0xCE, 0x59, 0xCE, 0x59, 0xCE, 0x59, 0xCE, 0x59, 0xCE,
    0x59, 0xCE, 0x59, 0xCE, 0x59, 0xCE, 0x59, 0xCE, 0x59, 0xCE, 0x59, 0xCE, 0x59, 0xCE, 0x59, 0xCE,
    0x59, 0xCE, 0x59, 0xCE, 0x59, 0xCE, 0x59, 0xCE, 0x59, 0xCE, 0x59, 0xCE, 0x59, 0xCE, 0x59, 0xCE,
    0x59, 0xCE, 0x59, 0xCE, 0x59, 0xCE, 0x59, 0xCE, 0x59, 0xCE, 0x59, 0xCE, 0x59, 0xCE, 0x59, 0xCE,
    0x59, 0xCE, 0x59, 0xCE, 0x59, 0xCE, 0x59, 0xCE, 0x59, 0xCE, 0x59, 0xCE, 0x59, 0xCE, 0x59, 0xCE,
    0x59, 0xCE, 0x59, 0xCE, 0x59, 0xCE, 0x59, 0xCE, 0x59, 0xCE, 0x59, 0xCE, 0x59, 0xCE, 0x59, 0xCE,
    0x59, 0xCE, 0x59, 0xCE, 0x59, 0xCE, 0x59, 0xCE, 0x59, 0xCE, 0x59, 0xCE, 0x59, 0xCE, 0x59, 0xCE,
    0x59, 0xCE, 0x59, 0xCE, 0x59, 0xCE, 0x59, 0xCE, 0x59, 0xCE, 0x59, 0xCE, 0x59, 0xCE, 0x59, 0xCE,
    0x59, 0xCE, 0x59, 0xCE, 0x59, 0xCE, 0x59, 0xCE, 0x59, 0xCE, 0x59, 0xCE, 0x59, 0xCE, 0x59, 0xCE,
    0x59, 0xCE, 0x59, 0xCE, 0x59, 0xCE, 0x59, 0xCE, 0x59, 0xCE, 0x59, 0xCE, 0x59, 0xCE, 0x59, 0xCE,
    0x59, 0xCE, 0x59, 0xCE, 0xC7, 0x39, 0xFB, 0xDE, 0x1C, 0xE7, 0x3C, 0xE7, 0x5D, 0xEF, 0x7D, 0xEF,
    0xBA, 0xD6, 0xBA, 0xD6, 0xBA, 0xD6, 0xBA, 0xD6, 0xBA, 0xD6, 0xBA, 0xD6, 0xBA, 0xD6, 0xBA, 0xD6,
    0xBA, 0xD6, 0xBA, 0xD6, 0xBA, 0xD6, 0xBA, 0xD6, 0xBA, 0xD6, 0xBA, 0xD6, 0xDB, 0xDE, 0xFB, 0xDE,
    0x1C, 0xE7, 0x3C, 0xE7, 0x18, 0xC6, 0x00, 0x00, 0x00, 0x00, 0xC3, 0x18, 0x7D, 0xEF, 0x5D, 0xEF,
    0x3C, 0xE7, 0x3C, 0xE7, 0x5D, 0xEF, 0x5D, 0xEF, 0xCB, 0x5A, 0x00, 0x00, 0x00, 0x00, 0x00, 0x00,
    0x00, 0x00, 0x00, 0x00, 0x00, 0x00, 0x59, 0xCE, 0x7D, 0xEF, 0x9E, 0xF7, 0x04, 0x21, 0x00, 0x00,
    0x00, 0x00, 0x8E, 0x73, 0x7D, 0xEF, 0x7D, 0xEF, 0x5D, 0xEF, 0x5D, 0xEF, 0x5D, 0xEF, 0x5D, 0xEF,
    0x18, 0xC6, 0xEF, 0x7B, 0x92, 0x94, 0x7D, 0xEF, 0x9E, 0xF7, 0xC3, 0x18, 0x00, 0x00, 0x00, 0x00,
    0x86, 0x31, 0x9E, 0xF7, 0x38, 0xC6, 0x0C, 0x63, 0x41, 0x08, 0x00, 0x00, 0x00, 0x00, 0x00, 0x00,
    0x00, 0x00, 0x28, 0x42, 0x79, 0xCE, 0x7D, 0xEF, 0x7D, 0xEF, 0x7D, 0xEF, 0x9E, 0xF7, 0x96, 0xB5,
    0x00, 0x00, 0x00, 0x00, 0xB2, 0x94, 0xDF, 0xFF, 0xD7, 0xBD, 0x00, 0x00, 0x00, 0x00, 0x00, 0x00,
    0x79, 0xCE, 0xBE, 0xF7, 0xBE, 0xF7, 0xDF, 0xFF, 0xED, 0x3F, 0xE9, 0x17, 0xE9, 0x17, 0xF7, 0xAF,
    0xDF, 0xFF, 0xDF, 0xFF, 0xDF, 0xFF, 0xF0, 0x67, 0xE9, 0x17, 0xE9, 0x17, 0xF2, 0x6F, 0xFF, 0xFF,
    0xFF, 0xFF, 0xF8, 0xB7, 0xE9, 0x17, 0xE9, 0x17, 0xEB, 0x27, 0xFF, 0xFF, 0xFF, 0xFF, 0xFF, 0xFF,
    0xEB, 0x2F, 0xE9, 0x17, 0xE9, 0x17, 0xF9, 0xBF, 0xFF, 0xFF, 0xFF, 0xFF, 0xEE, 0x4F, 0xE9, 0x17,
    0xE9, 0x17, 0xF6, 0x9F, 0xFF, 0xFF, 0xFF, 0xFF, 0xF6, 0x9F, 0xE9, 0x17, 0xE9, 0x17, 0xEE, 0x4F,
    0xFF, 0xFF, 0xFF, 0xFF, 0xFF, 0xFF, 0xEC, 0x2F, 0xE9, 0x17, 0xE9, 0x17, 0xFA, 0xCF, 0xFF, 0xFF,
    0xFF, 0xFF, 0xFB, 0xD7, 0xF1, 0x6F, 0xE9, 0x17, 0xF0, 0x5F, 0xFF, 0xFF, 0xDF, 0xFF, 0xDF, 0xFF,
    0xDF, 0xFF, 0xDF, 0xFF, 0xDF, 0xFF, 0xDF, 0xFF, 0xDF, 0xFF, 0xDF, 0xFF, 0xDF, 0xFF, 0xDF, 0xFF,
    0xDF, 0xFF, 0xDF, 0xFF, 0xFF, 0xFF, 0xFF, 0xFF, 0xFF, 0xFF, 0xFF, 0xFF, 0xFF, 0xFF, 0xFF, 0xFF,
    0xFF, 0xFF, 0xFF, 0xFF, 0xFF, 0xFF, 0x24, 0x21, 0x24, 0x21, 0x24, 0x21, 0x24, 0x21, 0x45, 0x29,
    0x65, 0x29, 0xA6, 0x31, 0xE7, 0x39, 0x9A, 0xD6, 0x14, 0xA5, 0x24, 0x21, 0x24, 0x21, 0x24, 0x21,
    0x45, 0x29, 0x28, 0x42, 0x79, 0xCE, 0xFF, 0xFF, 0xFF, 0xFF, 0xFF, 0xFF, 0xFF, 0xFF, 0xFF, 0xFF,
    0xFF, 0xFF, 0xFF, 0xFF, 0xFF, 0xFF, 0xFF, 0xFF, 0xCB, 0x5A, 0x8A, 0x52, 0x8A, 0x52, 0x55, 0xAD,
    0xFF, 0xFF, 0xFF, 0xFF, 0xFF, 0xFF, 0xFF, 0xFF, 0xFF, 0xFF, 0xFF, 0xFF, 0xFF, 0xFF, 0x3C, 0xE7,
    0x45, 0x29, 0x45, 0x29, 0x75, 0xAD, 0x38, 0xC6, 0xE7, 0x39, 0x86, 0x31, 0x65, 0x29, 0x45, 0x29,
    0x24, 0x21, 0x24, 0x21, 0x24, 0x21, 0x24, 0x21, 0x59, 0xCE, 0x59, 0xCE, 0x59, 0xCE, 0x59, 0xCE,
    0x59, 0xCE, 0x59, 0xCE, 0x59, 0xCE, 0x04, 0x21, 0x04, 0x21, 0x04, 0x21, 0x04, 0x21, 0x04, 0x21,
    0x04, 0x21, 0x38, 0xC6, 0xFF, 0xFF, 0xAE, 0x73, 0x04, 0x21, 0x04, 0x21, 0xCB, 0x5A, 0xFF, 0xFF,
    0xAE, 0x73, 0x04, 0x21, 0x04, 0x21, 0x04, 0x21, 0x04, 0x21, 0x59, 0xCE, 0x59, 0xCE, 0x59, 0xCE,
    0x59, 0xCE, 0x59, 0xCE, 0x59, 0xCE, 0x59, 0xCE, 0x59, 0xCE, 0x59, 0xCE, 0x59, 0xCE, 0x59, 0xCE,
    0x59, 0xCE, 0x59, 0xCE, 0x59, 0xCE, 0x59, 0xCE, 0x59, 0xCE, 0x59, 0xCE, 0x59, 0xCE, 0x59, 0xCE,
    0x59, 0xCE, 0x59, 0xCE, 0x59, 0xCE, 0x59, 0xCE, 0x59, 0xCE, 0x59, 0xCE, 0x59, 0xCE, 0x59, 0xCE,
    0x59, 0xCE, 0x59, 0xCE, 0x59, 0xCE, 0x59, 0xCE, 0x59, 0xCE, 0x59, 0xCE, 0x59, 0xCE, 0x59, 0xCE,
    0x59, 0xCE, 0x59, 0xCE, 0x59, 0xCE, 0x59, 0xCE, 0x59, 0xCE, 0x59, 0xCE, 0x59, 0xCE, 0x59, 0xCE,
    0x59, 0xCE, 0x59, 0xCE, 0x59, 0xCE, 0x59, 0xCE, 0x59, 0xCE, 0x59, 0xCE, 0x59, 0xCE, 0x59, 0xCE,
    0x59, 0xCE, 0x59, 0xCE, 0x59, 0xCE, 0x59, 0xCE, 0x59, 0xCE, 0x59, 0xCE, 0x59, 0xCE, 0x59, 0xCE,
    0x59, 0xCE, 0x59, 0xCE, 0x59, 0xCE, 0x59, 0xCE, 0x59, 0xCE, 0x59, 0xCE, 0x59, 0xCE, 0x59, 0xCE,
    0x59, 0xCE, 0x59, 0xCE, 0x59, 0xCE, 0x59, 0xCE, 0x59, 0xCE, 0x59, 0xCE, 0x59, 0xCE, 0x59, 0xCE,
    0x59, 0xCE, 0x59, 0xCE, 0x59, 0xCE, 0x59, 0xCE, 0x59, 0xCE, 0x59, 0xCE, 0x59, 0xCE, 0x59, 0xCE,
    0x59, 0xCE, 0x59, 0xCE, 0xC7, 0x39, 0xFB, 0xDE, 0x1C, 0xE7, 0x3C, 0xE7, 0x5D, 0xEF, 0x7D, 0xEF,
    0xBA, 0xD6, 0xBA, 0xD6, 0xBA, 0xD6, 0xBA, 0xD6, 0xBA, 0xD6, 0xBA, 0xD6, 0xBA, 0xD6, 0xBA, 0xD6,
    0xBA, 0xD6, 0xBA, 0xD6, 0xBA, 0xD6, 0xBA, 0xD6, 0xBA, 0xD6, 0xBA, 0xD6, 0xDB, 0xDE, 0xDB, 0xDE,
    0xFB, 0xDE, 0x3C, 0xE7, 0x3C, 0xE7, 0x00, 0x00, 0x00, 0x00, 0x41, 0x08, 0x7D, 0xEF, 0x3C, 0xE7,
    0x3C, 0xE7, 0x1C, 0xE7, 0x3C, 0xE7, 0x3C, 0xE7, 0x5D, 0xEF, 0x51, 0x8C, 0x20, 0x00, 0x00, 0x00,
    0x00, 0x00, 0x00, 0x00, 0x00, 0x00, 0xF7, 0xBD, 0x7D, 0xEF, 0x7D, 0xEF, 0xEB, 0x5A, 0x00, 0x00,
    0x00, 0x00, 0xAA, 0x52, 0x9E, 0xF7, 0x7D, 0xEF, 0x7D, 0xEF, 0x7D, 0xEF, 0xD7, 0xBD, 0x08, 0x42,
    0x00, 0x00, 0x00, 0x00, 0x6D, 0x6B, 0x7D, 0xEF, 0x7D, 0xEF, 0x6D, 0x6B, 0x00, 0x00, 0x00, 0x00,
    0x41, 0x08, 0x5D, 0xEF, 0xBE, 0xF7, 0x9E, 0xF7, 0x3C, 0xE7, 0xEF, 0x7B, 0xC3, 0x18, 0x00, 0x00,
    0x00, 0x00, 0x00, 0x00, 0x41, 0x08, 0x30, 0x84, 0x7D, 0xEF, 0x7D, 0xEF, 0x9E, 0xF7, 0x7D, 0xEF,
    0x41, 0x08, 0x00, 0x00, 0x45, 0x29, 0xFB, 0xDE, 0xA2, 0x10, 0x00, 0x00, 0x00, 0x00, 0x04, 0x21,
    0xBE, 0xF7, 0xBE, 0xF7, 0xBE, 0xF7, 0xDF, 0xFF, 0xED, 0x3F, 0xE9, 0x17, 0xE9, 0x17, 0xF7, 0xAF,
    0xDF, 0xFF, 0xDF, 0xFF, 0xDF, 0xFF, 0xF0, 0x5F, 0xE9, 0x17, 0xE9, 0x17, 0xF2, 0x77, 0xFF, 0xFF,
    0xFF, 0xFF, 0xF8, 0xB7, 0xE9, 0x17, 0xE9, 0x17, 0xEB, 0x2F, 0xFF, 0xFF, 0xFF, 0xFF, 0xFF, 0xFF,
    0xEB, 0x2F, 0xE9, 0x17, 0xE9, 0x17, 0xF9, 0xBF, 0xFF, 0xFF, 0xFF, 0xFF, 0xEE, 0x4F, 0xE9, 0x17,
    0xE9, 0x17, 0xF6, 0x9F, 0xFF, 0xFF, 0xFF, 0xFF, 0xF6, 0x9F, 0xE9, 0x17, 0xE9, 0x17, 0xEE, 0x4F,
    0xFF, 0xFF, 0xFF, 0xFF, 0xFF, 0xFF, 0xEC, 0x2F, 0xE9, 0x17, 0xE9, 0x17, 0xFA, 0xC7, 0xFF, 0xFF,
    0xFF, 0xFF, 0xF0, 0x67, 0xE9, 0x17, 0xE9, 0x17, 0xF1, 0x67, 0xFF, 0xFF, 0xDF, 0xFF, 0xDF, 0xFF,
    0xDF, 0xFF, 0xDF, 0xFF, 0xDF, 0xFF, 0xDF, 0xFF, 0xDF, 0xFF, 0xDF, 0xFF, 0xDF, 0xFF, 0xDF, 0xFF,
    0xDF, 0xFF, 0xDF, 0xFF, 0xFF, 0xFF, 0xFF, 0xFF, 0xFF, 0xFF, 0xFF, 0xFF, 0xFF, 0xFF, 0xDF, 0xFF,
    0xFF, 0xFF, 0xFF, 0xFF, 0xFF, 0xFF, 0x24, 0x21, 0x24, 0x21, 0x24, 0x21, 0x24, 0x21, 0x45, 0x29,
    0x65, 0x29, 0x86, 0x31, 0xE7, 0x39, 0x10, 0x84, 0x9E, 0xF7, 0xA6, 0x31, 0x24, 0x21, 0x24, 0x21,
    0x45, 0x29, 0x3C, 0xE7, 0xFF, 0xFF, 0xFF, 0xFF, 0xFF, 0xFF, 0xFF, 0xFF, 0xFF, 0xFF, 0xFF, 0xFF,
    0xFF, 0xFF, 0xFF, 0xFF, 0xFF, 0xFF, 0xBE, 0xF7, 0x8A, 0x52, 0x8A, 0x52, 0x8A, 0x52, 0xAE, 0x73,
    0xFF, 0xFF, 0xFF, 0xFF, 0xFF, 0xFF, 0xFF, 0xFF, 0xFF, 0xFF, 0xFF, 0xFF, 0xFF, 0xFF, 0xDB, 0xDE,
    0x65, 0x29, 0x45, 0x29, 0x3C, 0xE7, 0x71, 0x8C, 0xE7, 0x39, 0x86, 0x31, 0x65, 0x29, 0x24, 0x21,
    0x24, 0x21, 0x24, 0x21, 0x24, 0x21, 0x24, 0x21, 0x59, 0xCE, 0x59, 0xCE, 0x59, 0xCE, 0x59, 0xCE,
    0x59, 0xCE, 0x59, 0xCE, 0x59, 0xCE, 0x04, 0x21, 0x04, 0x21, 0x04, 0x21, 0x04, 0x21, 0x04, 0x21,
    0x04, 0x21, 0x04, 0x21, 0x04, 0x21, 0x04, 0x21, 0x04, 0x21, 0x04, 0x21, 0x04, 0x21, 0x04, 0x21,
    0x04, 0x21, 0x04, 0x21, 0x04, 0x21, 0x04, 0x21, 0x04, 0x21, 0x59, 0xCE, 0x59, 0xCE, 0x59, 0xCE,
    0x59, 0xCE, 0x59, 0xCE, 0x59, 0xCE, 0x59, 0xCE, 0x59, 0xCE, 0x59, 0xCE, 0x59, 0xCE, 0x59, 0xCE,
    0x59, 0xCE, 0x59, 0xCE, 0x59, 0xCE, 0x59, 0xCE, 0x59, 0xCE, 0x59, 0xCE, 0x59, 0xCE, 0x59, 0xCE,
    0x59, 0xCE, 0x59, 0xCE, 0x59, 0xCE, 0x59, 0xCE, 0x59, 0xCE, 0x59, 0xCE, 0x59, 0xCE, 0x59, 0xCE,
    0x59, 0xCE, 0x59, 0xCE, 0x59, 0xCE, 0x59, 0xCE, 0x59, 0xCE, 0x59, 0xCE, 0x59, 0xCE, 0x59, 0xCE,
    0x59, 0xCE, 0x59, 0xCE, 0x59, 0xCE, 0x59, 0xCE, 0x59, 0xCE, 0x59, 0xCE, 0x59, 0xCE, 0x59, 0xCE,
    0x59, 0xCE, 0x59, 0xCE, 0x59, 0xCE, 0x59, 0xCE, 0x59, 0xCE, 0x59, 0xCE, 0x59, 0xCE, 0x59, 0xCE,
    0x59, 0xCE, 0x59, 0xCE, 0x59, 0xCE, 0x59, 0xCE, 0x59, 0xCE, 0x59, 0xCE, 0x59, 0xCE, 0x59, 0xCE,
    0x59, 0xCE, 0x59, 0xCE, 0x59, 0xCE, 0x59, 0xCE, 0x59, 0xCE, 0x59, 0xCE, 0x59, 0xCE, 0x59, 0xCE,
    0x59, 0xCE, 0x59, 0xCE, 0x59, 0xCE, 0x59, 0xCE, 0x59, 0xCE, 0x59, 0xCE, 0x59, 0xCE, 0x59, 0xCE,
    0x59, 0xCE, 0x59, 0xCE, 0x59, 0xCE, 0x59, 0xCE, 0x59, 0xCE, 0x59, 0xCE, 0x59, 0xCE, 0x59, 0xCE,
    0x59, 0xCE, 0x59, 0xCE, 0xC7, 0x39, 0xFB, 0xDE, 0x1C, 0xE7, 0x3C, 0xE7, 0x5D, 0xEF, 0x7D, 0xEF,
    0xBA, 0xD6, 0xBA, 0xD6, 0xBA, 0xD6, 0xBA, 0xD6, 0xBA, 0xD6, 0xBA, 0xD6, 0xBA, 0xD6, 0xBA, 0xD6,
    0xBA, 0xD6, 0xBA, 0xD6, 0xBA, 0xD6, 0xBA, 0xD6, 0xBA, 0xD6, 0xBA, 0xD6, 0xDB, 0xDE, 0xDB, 0xDE,
    0xFB, 0xDE, 0x1C, 0xE7, 0x5D, 0xEF, 0xE3, 0x18, 0x00, 0x00, 0x00, 0x00, 0x3C, 0xE7, 0x3C, 0xE7,
    0x1C, 0xE7, 0x1C, 0xE7, 0x1C, 0xE7, 0x1C, 0xE7, 0x3C, 0xE7, 0x5D, 0xEF, 0xBA, 0xD6, 0x49, 0x4A,
    0x00, 0x00, 0x00, 0x00, 0x82, 0x10, 0xFB, 0xDE, 0x5D, 0xEF, 0x7D, 0xEF, 0x14, 0xA5, 0x00, 0x00,
    0x00, 0x00, 0x65, 0x29, 0xBE, 0xF7, 0x9E, 0xF7, 0xB6, 0xB5, 0xA6, 0x31, 0x00, 0x00, 0x00, 0x00,
    0x00, 0x00, 0x08, 0x42, 0x3C, 0xE7, 0x5D, 0xEF, 0x7D, 0xEF, 0x38, 0xC6, 0x00, 0x00, 0x00, 0x00,
    0x00, 0x00, 0x92, 0x94, 0x9E, 0xF7, 0x7D, 0xEF, 0x7D, 0xEF, 0x7D, 0xEF, 0x7D, 0xEF, 0xF3, 0x9C,
    0xE7, 0x39, 0x00, 0x00, 0x00, 0x00, 0x00, 0x00, 0xAE, 0x73, 0x7D, 0xEF, 0x7D, 0xEF, 0x9E, 0xF7,
    0x69, 0x4A, 0x00, 0x00, 0x00, 0x00, 0xC3, 0x18, 0x00, 0x00, 0x00, 0x00, 0x00, 0x00, 0xB2, 0x94,
    0xBE, 0xF7, 0xBE, 0xF7, 0xBE, 0xF7, 0xBE, 0xF7, 0xED, 0x47, 0xE9, 0x17, 0xE9, 0x17, 0xF7, 0xA7,
    0xDF, 0xFF, 0xDF, 0xFF, 0xFF, 0xFF, 0xF0, 0x5F, 0xE9, 0x17, 0xE9, 0x17, 0xF2, 0x77, 0xDF, 0xFF,
    0xDF, 0xFF, 0xF8, 0xAF, 0xE9, 0x17, 0xE9, 0x17, 0xE9, 0x17, 0xF3, 0x7F, 0xFB, 0xD7, 0xFF, 0xFF,
    0xEB, 0x2F, 0xE9, 0x17, 0xE9, 0x17, 0xF9, 0xBF, 0xFF, 0xFF, 0xFF, 0xFF, 0xEE, 0x47, 0xE9, 0x17,
    0xE9, 0x17, 0xF6, 0x9F, 0xFF, 0xFF, 0xFF, 0xFF, 0xF7, 0xA7, 0xE9, 0x17, 0xE9, 0x17, 0xEE, 0x47,
    0xFF, 0xFF, 0xFF, 0xFF, 0xFF, 0xFF, 0xEC, 0x2F, 0xE9, 0x17, 0xE9, 0x17, 0xEF, 0x57, 0xF9, 0xB7,
    0xFF, 0xFF, 0xF4, 0x87, 0xE9, 0x17, 0xE9, 0x17, 0xF2, 0x77, 0xFF, 0xFF, 0xDF, 0xFF, 0xDF, 0xFF,
    0xDF, 0xFF, 0xDF, 0xFF, 0xDF, 0xFF, 0xDF, 0xFF, 0xDF, 0xFF, 0xDF, 0xFF, 0xDF, 0xFF, 0xDF, 0xFF,
    0xDF, 0xFF, 0xDF, 0xFF, 0xDF, 0xFF, 0xDF, 0xFF, 0xFF, 0xFF, 0xFF, 0xFF, 0xFF, 0xFF, 0xFF, 0xFF,
    0xFF, 0xFF, 0xFF, 0xFF, 0xFF, 0xFF, 0x24, 0x21, 0x24, 0x21, 0x24, 0x21, 0x24, 0x21, 0x24, 0x21,
    0x45, 0x29, 0x86, 0x31, 0xE7, 0x39, 0xAA, 0x52, 0xBE, 0xF7, 0x30, 0x84, 0x24, 0x21, 0x45, 0x29,
    0xEB, 0x5A, 0xFF, 0xFF, 0xFF, 0xFF, 0xFF, 0xFF, 0xFF, 0xFF, 0xFF, 0xFF, 0xFF, 0xFF, 0xFF, 0xFF,
    0xFF, 0xFF, 0xFF, 0xFF, 0xFF, 0xFF, 0x9A, 0xD6, 0x69, 0x4A, 0x69, 0x4A, 0x69, 0x4A, 0x4D, 0x6B,
    0xFF, 0xFF, 0xFF, 0xFF, 0xFF, 0xFF, 0xFF, 0xFF, 0xFF, 0xFF, 0xFF, 0xFF, 0xFF, 0xFF, 0x92, 0x94,
    0x86, 0x31, 0xCF, 0x7B, 0x5D, 0xEF, 0x49, 0x4A, 0xC7, 0x39, 0x86, 0x31, 0x45, 0x29, 0x24, 0x21,
    0x24, 0x21, 0x24, 0x21, 0x24, 0x21, 0x24, 0x21, 0x59, 0xCE, 0x59, 0xCE, 0x59, 0xCE, 0x59, 0xCE,
    0x59, 0xCE, 0x59, 0xCE, 0x59, 0xCE, 0x04, 0x21, 0x04, 0x21, 0x04, 0x21, 0x04, 0x21, 0x04, 0x21,
    0x04, 0x21, 0x04, 0x21, 0x04, 0x21, 0x04, 0x21, 0x04, 0x21, 0x04, 0x21, 0x04, 0x21, 0x04, 0x21,
    0x04, 0x21, 0x04, 0x21, 0x04, 0x21, 0x04, 0x21, 0x04, 0x21, 0x59, 0xCE, 0x59, 0xCE, 0x59, 0xCE,
    0x59, 0xCE, 0x59, 0xCE, 0x59, 0xCE, 0x59, 0xCE, 0x59, 0xCE, 0x59, 0xCE, 0x59, 0xCE, 0x59, 0xCE,
    0x59, 0xCE, 0x59, 0xCE, 0x59, 0xCE, 0x59, 0xCE, 0x59, 0xCE, 0x59, 0xCE, 0x59, 0xCE, 0x59, 0xCE,
    0x59, 0xCE, 0x59, 0xCE, 0x59, 0xCE, 0x59, 0xCE, 0x59, 0xCE, 0x59, 0xCE, 0x59, 0xCE, 0x59, 0xCE,
    0x59, 0xCE, 0x59, 0xCE, 0x59, 0xCE, 0x59, 0xCE, 0x59, 0xCE, 0x59, 0xCE, 0x59, 0xCE, 0x59, 0xCE,
    0x59, 0xCE, 0x59, 0xCE, 0x59, 0xCE, 0x59, 0xCE, 0x59, 0xCE, 0x59, 0xCE, 0x59, 0xCE, 0x59, 0xCE,
    0x59, 0xCE, 0x59, 0xCE, 0x59, 0xCE, 0x59, 0xCE, 0x59, 0xCE, 0x59, 0xCE, 0x59, 0xCE, 0x59, 0xCE,
    0x59, 0xCE, 0x59, 0xCE, 0x59, 0xCE, 0x59, 0xCE, 0x59, 0xCE, 0x59, 0xCE, 0x59, 0xCE, 0x59, 0xCE,
    0x59, 0xCE, 0x59, 0xCE, 0x59, 0xCE, 0x59, 0xCE, 0x59, 0xCE, 0x59, 0xCE, 0x59, 0xCE, 0x59, 0xCE,
    0x59, 0xCE, 0x59, 0xCE, 0x59, 0xCE, 0x59, 0xCE, 0x59, 0xCE, 0x59, 0xCE, 0x59, 0xCE, 0x59, 0xCE,
    0x59, 0xCE, 0x59, 0xCE, 0x59, 0xCE, 0x59, 0xCE, 0x59, 0xCE, 0x59, 0xCE, 0x59, 0xCE, 0x59, 0xCE,
    0x59, 0xCE, 0x59, 0xCE, 0xC7, 0x39, 0x1C, 0xDF, 0x1C, 0xE7, 0x3C, 0xE7, 0x5D, 0xEF, 0x7D, 0xEF,
    0xBA, 0xD6, 0xBA, 0xD6, 0xBA, 0xD6, 0xBA, 0xD6, 0xBA, 0xD6, 0xBA, 0xD6, 0xBA, 0xD6, 0xBA, 0xD6,
    0xBA, 0xD6, 0xBA, 0xD6, 0xBA, 0xD6, 0xBA, 0xD6, 0xBA, 0xD6, 0xBA, 0xD6, 0xDB, 0xDE, 0xDB, 0xDE,
    0xFB, 0xDE, 0x1C, 0xE7, 0x3C, 0xE7, 0x8A, 0x52, 0x00, 0x00, 0x00, 0x00, 0xBA, 0xD6, 0x3C, 0xE7,
    0x1C, 0xE7, 0xFB, 0xDE, 0xFB, 0xDE, 0xFB, 0xDE, 0x1C, 0xE7, 0x1C, 0xE7, 0x3C, 0xE7, 0x5D, 0xEF,
    0x18, 0xC6, 0xB2, 0x94, 0x59, 0xCE, 0x3C, 0xE7, 0x3C, 0xE7, 0x5D, 0xEF, 0x1C, 0xE7, 0x00, 0x00,
    0x00, 0x00, 0x00, 0x00, 0x2C, 0x63, 0x45, 0x29, 0x00, 0x00, 0x00, 0x00, 0x00, 0x00, 0x00, 0x00,
    0xAA, 0x52, 0x5D, 0xEF, 0x5D, 0xEF, 0x5D, 0xEF, 0x5D, 0xEF, 0x7D, 0xEF, 0x65, 0x29, 0x00, 0x00,
    0x00, 0x00, 0xC7, 0x39, 0x7D, 0xEF, 0x5D, 0xEF, 0x5D, 0xEF, 0x5D, 0xEF, 0x5D, 0xEF, 0x7D, 0xEF,
    0x7D, 0xEF, 0xDB, 0xDE, 0x92, 0x94, 0x2C, 0x63, 0x75, 0xAD, 0x7D, 0xEF, 0x7D, 0xEF, 0x9E, 0xF7,
    0x75, 0xAD, 0x00, 0x00, 0x00, 0x00, 0x00, 0x00, 0x00, 0x00, 0x00, 0x00, 0x28, 0x42, 0xBE, 0xF7,
    0x9E, 0xF7, 0x9E, 0xF7, 0x9E, 0xF7, 0xBE, 0xF7, 0xEE, 0x47, 0xE9, 0x17, 0xE9, 0x17, 0xF0, 0x5F,
    0xFF, 0xF7, 0xFF, 0xFF, 0xFE, 0xEF, 0xEC, 0x37, 0xE9, 0x17, 0xE9, 0x17, 0xF3, 0x7F, 0xDF, 0xFF,
    0xDF, 0xFF, 0xF1, 0x6F, 0xE9, 0x17, 0xE9, 0x17, 0xE9, 0x17, 0xE9, 0x17, 0xE9, 0x17, 0xED, 0x3F,
    0xE9, 0x17, 0xE9, 0x17, 0xE9, 0x17, 0xEC, 0x37, 0xF9, 0xBF, 0xFF, 0xFF, 0xEE, 0x47, 0xE9, 0x17,
    0xE9, 0x17, 0xEB, 0x2F, 0xF7, 0x9F, 0xFF, 0xFF, 0xF7, 0xA7, 0xE9, 0x17, 0xE9, 0x17, 0xE9, 0x17,
    0xF2, 0x77, 0xFE, 0xF7, 0xFA, 0xC7, 0xEA, 0x1F, 0xE9, 0x17, 0xE9, 0x17, 0xE9, 0x17, 0xE9, 0x17,
    0xEB, 0x27, 0xED, 0x37, 0xF2, 0x6F, 0xFD, 0xE7, 0xFF, 0xFF, 0xDF, 0xFF, 0xDF, 0xFF, 0xDF, 0xFF,
    0xDF, 0xFF, 0xDF, 0xFF, 0xDF, 0xFF, 0xDF, 0xFF, 0xDF, 0xFF, 0xDF, 0xFF, 0xDF, 0xFF, 0xDF, 0xFF,
    0xDF, 0xFF, 0xDF, 0xFF, 0xFF, 0xFF, 0xDF, 0xFF, 0xFF, 0xFF, 0xFF, 0xFF, 0xFF, 0xFF, 0xFF, 0xFF,
    0xFF, 0xFF, 0xFF, 0xFF, 0xFF, 0xFF, 0x24, 0x21, 0x24, 0x21, 0x24, 0x21, 0x24, 0x21, 0x24, 0x21,
    0x45, 0x29, 0x65, 0x29, 0xC7, 0x39, 0x28, 0x42, 0x34, 0xA5, 0x9E, 0xF7, 0xA6, 0x31, 0x45, 0x29,
    0x8A, 0x52, 0xFF, 0xFF, 0xFF, 0xFF, 0xFF, 0xFF, 0xFF, 0xFF, 0xFF, 0xFF, 0xFF, 0xFF, 0xFF, 0xFF,
    0xFF, 0xFF, 0xFF, 0xFF, 0xFF, 0xFF, 0x92, 0x94, 0x49, 0x4A, 0x28, 0x42, 0x49, 0x4A, 0x69, 0x4A,
    0xBE, 0xF7, 0xFF, 0xFF, 0xFF, 0xFF, 0xFF, 0xFF, 0xFF, 0xFF, 0xFF, 0xFF, 0x5D, 0xEF, 0x69, 0x4A,
    0x08, 0x42, 0x3C, 0xE7, 0x92, 0x94, 0x28, 0x42, 0xC7, 0x39, 0x86, 0x31, 0x45, 0x29, 0x24, 0x21,
    0x24, 0x21, 0x24, 0x21, 0x24, 0x21, 0x24, 0x21, 0x59, 0xCE, 0x59, 0xCE, 0x59, 0xCE, 0x59, 0xCE,
    0x59, 0xCE, 0x59, 0xCE, 0x59, 0xCE, 0x04, 0x21, 0x04, 0x21, 0x04, 0x21, 0x04, 0x21, 0x04, 0x21,
    0x04, 0x21, 0x04, 0x21, 0x04, 0x21, 0x04, 0x21, 0x04, 0x21, 0x04, 0x21, 0x04, 0x21, 0x04, 0x21,
    0x04, 0x21, 0x04, 0x21, 0x04, 0x21, 0x04, 0x21, 0x04, 0x21, 0x59, 0xCE, 0x59, 0xCE, 0x59, 0xCE,
    0x59, 0xCE, 0x59, 0xCE, 0x59, 0xCE, 0x59, 0xCE, 0x59, 0xCE, 0x59, 0xCE, 0x59, 0xCE, 0x59, 0xCE,
    0x59, 0xCE, 0x59, 0xCE, 0x59, 0xCE, 0x59, 0xCE, 0x59, 0xCE, 0x59, 0xCE, 0x59, 0xCE, 0x59, 0xCE,
    0x59, 0xCE, 0x59, 0xCE, 0x59, 0xCE, 0x59, 0xCE, 0x59, 0xCE, 0x59, 0xCE, 0x59, 0xCE, 0x59, 0xCE,
    0x59, 0xCE, 0x59, 0xCE, 0x59, 0xCE, 0x59, 0xCE, 0x59, 0xCE, 0x59, 0xCE, 0x59, 0xCE, 0x59, 0xCE,
    0x59, 0xCE, 0x59, 0xCE, 0x59, 0xCE, 0x59, 0xCE, 0x59, 0xCE, 0x59, 0xCE, 0x59, 0xCE, 0x59, 0xCE,
    0x59, 0xCE, 0x59, 0xCE, 0x59, 0xCE, 0x59, 0xCE, 0x59, 0xCE, 0x59, 0xCE, 0x59, 0xCE, 0x59, 0xCE,
    0x59, 0xCE, 0x59, 0xCE, 0x59, 0xCE, 0x59, 0xCE, 0x59, 0xCE, 0x59, 0xCE, 0x59, 0xCE, 0x59, 0xCE,
    0x59, 0xCE, 0x59, 0xCE, 0x59, 0xCE, 0x59, 0xCE, 0x59, 0xCE, 0x59, 0xCE, 0x59, 0xCE, 0x59, 0xCE,
    0x59, 0xCE, 0x59, 0xCE, 0x59, 0xCE, 0x59, 0xCE, 0x59, 0xCE, 0x59, 0xCE, 0x59, 0xCE, 0x59, 0xCE,
    0x59, 0xCE, 0x59, 0xCE, 0x59, 0xCE, 0x59, 0xCE, 0x59, 0xCE, 0x59, 0xCE, 0x59, 0xCE, 0x59, 0xCE,
    0x59, 0xCE, 0x59, 0xCE, 0xC7, 0x39, 0x1C, 0xDF, 0x1C, 0xE7, 0x3C, 0xE7, 0x5D, 0xEF, 0x7D, 0xEF,
    0xBA, 0xD6, 0xBA, 0xD6, 0xBA, 0xD6, 0xBA, 0xD6, 0xBA, 0xD6, 0xBA, 0xD6, 0xBA, 0xD6, 0xBA, 0xD6,
    0xBA, 0xD6, 0xBA, 0xD6, 0xBA, 0xD6, 0xBA, 0xD6, 0xBA, 0xD6, 0xBA, 0xD6, 0xBA, 0xD6, 0xDB, 0xDE,
    0xFB, 0xDE, 0xFB, 0xDE, 0x3C, 0xE7, 0x14, 0xA5, 0x00, 0x00, 0x00, 0x00, 0x59, 0xCE, 0x1C, 0xE7,
    0xFB, 0xDE, 0xFB, 0xDE, 0xFB, 0xDE, 0xFB, 0xDE, 0xFB, 0xDE, 0xFB, 0xDE, 0x1C, 0xE7, 0x1C, 0xE7,
    0x1C, 0xE7, 0x1C, 0xE7, 0x1C, 0xE7, 0x1C, 0xE7, 0x1C, 0xE7, 0x3C, 0xE7, 0x5D, 0xEF, 0x49, 0x4A,
    0x00, 0x00, 0x00, 0x00, 0x00, 0x00, 0x00, 0x00, 0x00, 0x00, 0x00, 0x00, 0x41, 0x08, 0x71, 0x8C,
    0x5D, 0xEF, 0x3C, 0xE7, 0x3C, 0xE7, 0x3C, 0xE7, 0x3C, 0xE7, 0x5D, 0xEF, 0x96, 0xB5, 0x00, 0x00,
    0x00, 0x00, 0xA2, 0x10, 0x7D, 0xEF, 0x5D, 0xEF, 0x3C, 0xE7, 0x3C, 0xE7, 0x3C, 0xE7, 0x3C, 0xE7,
    0x5D, 0xEF, 0x5D, 0xEF, 0x5D, 0xEF, 0x5D, 0xEF, 0x5D, 0xEF, 0x5D, 0xEF, 0x5D, 0xEF, 0x7D, 0xEF,
    0x9E, 0xF7, 0x45, 0x29, 0x00, 0x00, 0x00, 0x00, 0x00, 0x00, 0x82, 0x10, 0xFB, 0xDE, 0x9E, 0xF7,
    0x9E, 0xF7, 0x9D, 0xEF, 0x9E, 0xF7, 0xBE, 0xF7, 0xD0, 0x67, 0xE9, 0x17, 0xE9, 0x17, 0xE9, 0x17,
    0xE9, 0x17, 0xEA, 0x17, 0xE9, 0x17, 0xE9, 0x17, 0xE9, 0x17, 0xE9, 0x17, 0xF6, 0x9F, 0xDF, 0xFF,
    0xDA, 0xC7, 0xF6, 0x9F, 0xF0, 0x5F, 0xEA, 0x1F, 0xE9, 0x17, 0xE9, 0x17, 0xE9, 0x17, 0xEC, 0x37,
    0xF0, 0x5F, 0xE9, 0x17, 0xE9, 0x17, 0xF3, 0x7F, 0xFF, 0xFF, 0xFF, 0xFF, 0xF1, 0x67, 0xE9, 0x17,
    0xE9, 0x17, 0xF0, 0x5F, 0xFF, 0xFF, 0xFF, 0xFF, 0xFA, 0xC7, 0xE9, 0x17, 0xE9, 0x17, 0xEB, 0x27,
    0xFC, 0xDF, 0xFF, 0xF7, 0xF4, 0x8F, 0xF2, 0x77, 0xEB, 0x2F, 0xE9, 0x17, 0xE9, 0x17, 0xE9, 0x17,
    0xE9, 0x17, 0xF6, 0x9F, 0xFF, 0xFF, 0xDF, 0xFF, 0xDF, 0xFF, 0xDF, 0xFF, 0xDF, 0xFF, 0xDF, 0xFF,
    0xDF, 0xFF, 0xDF, 0xFF, 0xDF, 0xFF, 0xDF, 0xFF, 0xDF, 0xFF, 0xDF, 0xFF, 0xDF, 0xFF, 0xDF, 0xFF,
    0xDF, 0xFF, 0xDF, 0xFF, 0xDF, 0xFF, 0xDF, 0xFF, 0xDF, 0xFF, 0xFF, 0xFF, 0xFF, 0xFF, 0xFF, 0xFF,
    0xFF, 0xFF, 0xFF, 0xFF, 0xFF, 0xFF, 0x24, 0x21, 0x24, 0x21, 0x24, 0x21, 0x24, 0x21, 0x24, 0x21,
    0x45, 0x29, 0x65, 0x29, 0xA6, 0x31, 0x08, 0x42, 0x69, 0x4A, 0x5D, 0xEF, 0x14, 0xA5, 0x45, 0x29,
    0x86, 0x31, 0x3C, 0xE7, 0xFF, 0xFF, 0xFF, 0xFF, 0xFF, 0xFF, 0xFF, 0xFF, 0xFF, 0xFF, 0xFF, 0xFF,
    0xFF, 0xFF, 0xFF, 0xFF, 0x5D, 0xEF, 0x0C, 0x63, 0x28, 0x42, 0x08, 0x42, 0x08, 0x42, 0x28, 0x42,
    0x9A, 0xD6, 0xFF, 0xFF, 0xFF, 0xFF, 0xFF, 0xFF, 0xFF, 0xFF, 0xBE, 0xF7, 0x6D, 0x6B, 0x08, 0x42,
    0x34, 0xA5, 0x5D, 0xEF, 0x69, 0x4A, 0x08, 0x42, 0xA6, 0x31, 0x65, 0x29, 0x45, 0x29, 0x24, 0x21,
    0x24, 0x21, 0x24, 0x21, 0x24, 0x21, 0x24, 0x21, 0x59, 0xCE, 0x59, 0xCE, 0x59, 0xCE, 0x59, 0xCE,
    0x59, 0xCE, 0x59, 0xCE, 0x59, 0xCE, 0x45, 0x29, 0x04, 0x21, 0x04, 0x21, 0x04, 0x21, 0x04, 0x21,
    0x04, 0x21, 0x04, 0x21, 0x04, 0x21, 0x04, 0x21, 0x04, 0x21, 0x04, 0x21, 0x04, 0x21, 0x04, 0x21,
    0x04, 0x21, 0x04, 0x21, 0x04, 0x21, 0x04, 0x21, 0xA6, 0x31, 0x59, 0xCE, 0x59, 0xCE, 0x59, 0xCE,
    0x59, 0xCE, 0x59, 0xCE, 0x59, 0xCE, 0x59, 0xCE, 0x59, 0xCE, 0x59, 0xCE, 0x59, 0xCE, 0x59, 0xCE,
    0x59, 0xCE, 0x59, 0xCE, 0x59, 0xCE, 0x59, 0xCE, 0x59, 0xCE, 0x59, 0xCE, 0x59, 0xCE, 0x59, 0xCE,
    0x59, 0xCE, 0x59, 0xCE, 0x59, 0xCE, 0x59, 0xCE, 0x59, 0xCE, 0x59, 0xCE, 0x59, 0xCE, 0x59, 0xCE,
    0x59, 0xCE, 0x59, 0xCE, 0x59, 0xCE, 0x59, 0xCE, 0x59, 0xCE, 0x59, 0xCE, 0x59, 0xCE, 0x59, 0xCE,
    0x59, 0xCE, 0x59, 0xCE, 0x59, 0xCE, 0x59, 0xCE, 0x59, 0xCE, 0x59, 0xCE, 0x59, 0xCE, 0x59, 0xCE,
    0x59, 0xCE, 0x59, 0xCE, 0x59, 0xCE, 0x59, 0xCE, 0x59, 0xCE, 0x59, 0xCE, 0x59, 0xCE, 0x59, 0xCE,
    0x59, 0xCE, 0x59, 0xCE, 0x59, 0xCE, 0x59, 0xCE, 0x59, 0xCE, 0x59, 0xCE, 0x59, 0xCE, 0x59, 0xCE,
    0x59, 0xCE, 0x59, 0xCE, 0x59, 0xCE, 0x59, 0xCE, 0x59, 0xCE, 0x59, 0xCE, 0x59, 0xCE, 0x59, 0xCE,
    0x59, 0xCE, 0x59, 0xCE, 0x59, 0xCE, 0x59, 0xCE, 0x59, 0xCE, 0x59, 0xCE, 0x59, 0xCE, 0x59, 0xCE,
    0x59, 0xCE, 0x59, 0xCE, 0x59, 0xCE, 0x59, 0xCE, 0x59, 0xCE, 0x59, 0xCE, 0x59, 0xCE, 0x59, 0xCE,
    0x59, 0xCE, 0x59, 0xCE, 0xC7, 0x39, 0xFB, 0xDE, 0x1C, 0xE7, 0x3C, 0xE7, 0x5D, 0xEF, 0x7D, 0xEF,
    0xBA, 0xD6, 0xBA, 0xD6, 0xBA, 0xD6, 0xBA, 0xD6, 0xBA, 0xD6, 0xBA, 0xD6, 0xBA, 0xD6, 0xBA, 0xD6,
    0xBA, 0xD6, 0xBA, 0xD6, 0xBA, 0xD6, 0xBA, 0xD6, 0xBA, 0xD6, 0xBA, 0xD6, 0xBA, 0xD6, 0xDB, 0xDE,
    0xDB, 0xDE, 0xFB, 0xDE, 0x1C, 0xE7, 0x3C, 0xE7, 0xA2, 0x10, 0x00, 0x00, 0x79, 0xCE, 0x1C, 0xE7,
    0xFB, 0xDE, 0xDB, 0xDE, 0xDB, 0xDE, 0xDB, 0xDE, 0xDB, 0xDE, 0xFB, 0xDE, 0xFB, 0xDE, 0xFB, 0xDE,
    0xFB, 0xDE, 0xFB, 0xDE, 0xFB, 0xDE, 0xFB, 0xDE, 0xFB, 0xDE, 0x1C, 0xE7, 0x3C, 0xE7, 0x59, 0xCE,
    0x00, 0x00, 0x00, 0x00, 0x00, 0x00, 0x00, 0x00, 0x00, 0x00, 0x08, 0x42, 0xBA, 0xD6, 0x5D, 0xEF,
    0x3C, 0xE7, 0x1C, 0xE7, 0x1C, 0xE7, 0x1C, 0xE7, 0x1C, 0xE7, 0x3C, 0xE7, 0x5D, 0xEF, 0x0C, 0x63,
    0x00, 0x00, 0x04, 0x21, 0x5D, 0xEF, 0x3C, 0xE7, 0x3C, 0xE7, 0x1C, 0xE7, 0x1C, 0xE7, 0x3C, 0xE7,
    0x3C, 0xE7, 0x3C, 0xE7, 0x3C, 0xE7, 0x3C, 0xE7, 0x3C, 0xE7, 0x3C, 0xE7, 0x5D, 0xEF, 0x5D, 0xEF,
    0x7D, 0xEF, 0x34, 0xA5, 0x00, 0x00, 0x00, 0x00, 0x04, 0x21, 0x9A, 0xD6, 0x9E, 0xF7, 0x7D, 0xEF,
    0x7D, 0xEF, 0x7D, 0xEF, 0x9D, 0xEF, 0x9E, 0xF7, 0xDA, 0xC7, 0xE9, 0x17, 0xE9, 0x17, 0xE9, 0x17,
    0xE9, 0x17, 0xE9, 0x17, 0xE9, 0x17, 0xE9, 0x17, 0xE9, 0x17, 0xEB, 0x27, 0xDE, 0xEF, 0xDF, 0xFF,
    0xDE, 0xF7, 0xDF, 0xFF, 0xDF, 0xFF, 0xDE, 0xEF, 0xF6, 0x97, 0xED, 0x3F, 0xE9, 0x17, 0xF9, 0xB7,
    0xDF, 0xFF, 0xF1, 0x67, 0xF0, 0x57, 0xDF, 0xFF, 0xDF, 0xFF, 0xDF, 0xFF, 0xDF, 0xFF, 0xF1, 0x67,
    0xED, 0x3F, 0xDF, 0xF7, 0xDF, 0xFF, 0xDF, 0xFF, 0xDF, 0xFF, 0xF8, 0xB7, 0xEA, 0x1F, 0xFA, 0xCF,
    0xDF, 0xFF, 0xDF, 0xFF, 0xDF, 0xFF, 0xFF, 0xFF, 0xFF, 0xFF, 0xF8, 0xB7, 0xF0, 0x5F, 0xE9, 0x17,
    0xEF, 0x57, 0xFF, 0xFF, 0xDF, 0xFF, 0xDF, 0xFF, 0xDF, 0xFF, 0xDF, 0xFF, 0xDF, 0xFF, 0xDF, 0xFF,
    0xDF, 0xFF, 0xDF, 0xFF, 0xDF, 0xFF, 0xDF, 0xFF, 0xDF, 0xFF, 0xDF, 0xFF, 0xDF, 0xFF, 0xDF, 0xFF,
    0xDF, 0xFF, 0xDF, 0xFF, 0xDF, 0xFF, 0xDF, 0xFF, 0xDF, 0xFF, 0xDF, 0xFF, 0xFF, 0xFF, 0xFF, 0xFF,
    0xFF, 0xFF, 0xFF, 0xFF, 0xFF, 0xFF, 0x24, 0x21, 0x24, 0x21, 0x24, 0x21, 0x24, 0x21, 0x24, 0x21,
    0x45, 0x29, 0x65, 0x29, 0xA6, 0x31, 0xE7, 0x39, 0x49, 0x4A, 0x8E, 0x73, 0xFF, 0xFF, 0xCF, 0x7B,
    0xA6, 0x31, 0x0C, 0x63, 0x9E, 0xF7, 0xFF, 0xFF, 0xFF, 0xFF, 0xFF, 0xFF, 0xFF, 0xFF, 0xFF, 0xFF,
    0xFF, 0xFF, 0xFF, 0xFF, 0xF3, 0x9C, 0x28, 0x42, 0xE7, 0x39, 0xC7, 0x39, 0xC7, 0x39, 0x08, 0x42,
    0x0C, 0x63, 0x5D, 0xEF, 0xFF, 0xFF, 0xFF, 0xFF, 0x5D, 0xEF, 0x8E, 0x73, 0x69, 0x4A, 0xB2, 0x94,
    0xFF, 0xFF, 0x6D, 0x6B, 0x49, 0x4A, 0xE7, 0x39, 0x86, 0x31, 0x65, 0x29, 0x24, 0x21, 0x24, 0x21,
    0x24, 0x21, 0x24, 0x21, 0x24, 0x21, 0x24, 0x21, 0x59, 0xCE, 0x59, 0xCE, 0x59, 0xCE, 0x59, 0xCE,
    0x59, 0xCE, 0x59, 0xCE, 0x59, 0xCE, 0x55, 0xAD, 0xA6, 0x31, 0x04, 0x21, 0x04, 0x21, 0x04, 0x21,
    0x04, 0x21, 0x04, 0x21, 0x04, 0x21, 0x04, 0x21, 0x04, 0x21, 0x04, 0x21, 0x04, 0x21, 0x04, 0x21,
    0x04, 0x21, 0x04, 0x21, 0x04, 0x21, 0x45, 0x29, 0x55, 0xAD, 0x59, 0xCE, 0x59, 0xCE, 0x59, 0xCE,
    0x59, 0xCE, 0x59, 0xCE, 0x59, 0xCE, 0x59, 0xCE, 0x59, 0xCE, 0x59, 0xCE, 0x59, 0xCE, 0x59, 0xCE,
    0x59, 0xCE, 0x59, 0xCE, 0x59, 0xCE, 0x59, 0xCE, 0x59, 0xCE, 0x59, 0xCE, 0x59, 0xCE, 0x59, 0xCE,
    0x59, 0xCE, 0x59, 0xCE, 0x59, 0xCE, 0x59, 0xCE, 0x59, 0xCE, 0x59, 0xCE, 0x59, 0xCE, 0x59, 0xCE,
    0x59, 0xCE, 0x59, 0xCE, 0x59, 0xCE, 0x59, 0xCE, 0x59, 0xCE, 0x59, 0xCE, 0x59, 0xCE, 0x59, 0xCE,
    0x59, 0xCE, 0x59, 0xCE, 0x59, 0xCE, 0x59, 0xCE, 0x59, 0xCE, 0x59, 0xCE, 0x59, 0xCE, 0x59, 0xCE,
    0x59, 0xCE, 0x59, 0xCE, 0x59, 0xCE, 0x59, 0xCE, 0x59, 0xCE, 0x59, 0xCE, 0x59, 0xCE, 0x59, 0xCE,
    0x59, 0xCE, 0x59, 0xCE, 0x59, 0xCE, 0x59, 0xCE, 0x59, 0xCE, 0x59, 0xCE, 0x59, 0xCE, 0x59, 0xCE,
    0x59, 0xCE, 0x59, 0xCE, 0x59, 0xCE, 0x59, 0xCE, 0x59, 0xCE, 0x59, 0xCE, 0x59, 0xCE, 0x59, 0xCE,
    0x59, 0xCE, 0x59, 0xCE, 0x59, 0xCE, 0x59, 0xCE, 0x59, 0xCE, 0x59, 0xCE, 0x59, 0xCE, 0x59, 0xCE,
    0x59, 0xCE, 0x59, 0xCE, 0x59, 0xCE, 0x59, 0xCE, 0x59, 0xCE, 0x59, 0xCE, 0x59, 0xCE, 0x59, 0xCE,
    0x59, 0xCE, 0x59, 0xCE, 0xC7, 0x39, 0x1C, 0xDF, 0x1C, 0xE7, 0x3C, 0xE7, 0x5D, 0xEF, 0x7D, 0xEF,
    0xBA, 0xD6, 0xBA, 0xD6, 0xBA, 0xD6, 0xBA, 0xD6, 0xBA, 0xD6, 0xBA, 0xD6, 0xBA, 0xD6, 0xBA, 0xD6,
    0xBA, 0xD6, 0xBA, 0xD6, 0xBA, 0xD6, 0xBA, 0xD6, 0xBA, 0xD6, 0xBA, 0xD6, 0xBA, 0xD6, 0xBA, 0xD6,
    0xDB, 0xDE, 0xDB, 0xDE, 0xFB, 0xDE, 0x1C, 0xE7, 0x18, 0xC6, 0x4D, 0x6B, 0x1C, 0xE7, 0xFB, 0xDE,
    0xDB, 0xDE, 0xDB, 0xDE, 0xDB, 0xDE, 0xDB, 0xDE, 0xDB, 0xDE, 0xDB, 0xDE, 0xDB, 0xDE, 0xDB, 0xDE,
    0xDB, 0xDE, 0xDB, 0xDE, 0xDB, 0xDE, 0xFB, 0xDE, 0xFB, 0xDE, 0xFB, 0xDE, 0x1C, 0xE7, 0x3C, 0xE7,
    0x2C, 0x63, 0x00, 0x00, 0x00, 0x00, 0x45, 0x29, 0xF3, 0x9C, 0x5D, 0xEF, 0x3C, 0xE7, 0x3C, 0xE7,
    0x1C, 0xE7, 0x1C, 0xE7, 0xFB, 0xDE, 0xFB, 0xDE, 0x1C, 0xE7, 0x1C, 0xE7, 0x3C, 0xE7, 0x3C, 0xE7,
    0xEF, 0x7B, 0x96, 0xB5, 0x3C, 0xE7, 0x1C, 0xE7, 0x1C, 0xE7, 0x1C, 0xE7, 0x1C, 0xE7, 0x1C, 0xE7,
    0x1C, 0xE7, 0x1C, 0xE7, 0x1C, 0xE7, 0x1C, 0xE7, 0x3C, 0xE7, 0x3C, 0xE7, 0x3C, 0xE7, 0x3C, 0xE7,
    0x5D, 0xEF, 0x7D, 0xEF, 0x75, 0xAD, 0x92, 0x94, 0x3C, 0xE7, 0x9D, 0xEF, 0x7D, 0xEF, 0x7D, 0xEF,
    0x5D, 0xEF, 0x7D, 0xEF, 0x7D, 0xEF, 0x9E, 0xEF, 0x9E, 0xF7, 0xD5, 0x97, 0xE9, 0x17, 0xE9, 0x17,
    0xE9, 0x17, 0xE9, 0x17, 0xE9, 0x17, 0xE9, 0x17, 0xE9, 0x17, 0xF9, 0xBF, 0xDF, 0xFF, 0xBE, 0xF7,
    0xBE, 0xF7, 0xBE, 0xF7, 0xBE, 0xF7, 0xDE, 0xF7, 0xDF, 0xFF, 0xDF, 0xFF, 0xDB, 0xD7, 0xDF, 0xFF,
    0xDF, 0xFF, 0xDF, 0xFF, 0xDE, 0xF7, 0xDF, 0xFF, 0xDF, 0xFF, 0xDF, 0xFF, 0xDF, 0xFF, 0xDF, 0xFF,
    0xDD, 0xE7, 0xDF, 0xFF, 0xDF, 0xFF, 0xDF, 0xFF, 0xDF, 0xFF, 0xDF, 0xFF, 0xDD, 0xEF, 0xDF, 0xFF,
    0xDF, 0xFF, 0xDF, 0xFF, 0xDF, 0xFF, 0xDF, 0xFF, 0xDF, 0xFF, 0xDF, 0xFF, 0xDF, 0xFF, 0xFD, 0xE7,
    0xFD, 0xE7, 0xDF, 0xFF, 0xDF, 0xFF, 0xDF, 0xFF, 0xDF, 0xFF, 0xDF, 0xFF, 0xDF, 0xFF, 0xDF, 0xFF,
    0xDF, 0xFF, 0xDF, 0xFF, 0xDF, 0xFF, 0xDF, 0xFF, 0xDF, 0xFF, 0xDF, 0xFF, 0xDF, 0xFF, 0xDF, 0xFF,
    0xDF, 0xFF, 0xDF, 0xFF, 0xDF, 0xFF, 0xDF, 0xFF, 0xDF, 0xFF, 0xDF, 0xFF, 0xDF, 0xFF, 0xFF, 0xFF,
    0xDF, 0xFF, 0xFF, 0xFF, 0xFF, 0xFF, 0x24, 0x21, 0x24, 0x21, 0x24, 0x21, 0x24, 0x21, 0x24, 0x21,
    0x24, 0x21, 0x45, 0x29, 0x86, 0x31, 0xC7, 0x39, 0x28, 0x42, 0x69, 0x4A, 0x14, 0xA5, 0xFF, 0xFF,
    0xEB, 0x5A, 0x08, 0x42, 0x6D, 0x6B, 0x5D, 0xEF, 0xFF, 0xFF, 0xFF, 0xFF, 0xFF, 0xFF, 0xFF, 0xFF,
    0xFF, 0xFF, 0x55, 0xAD, 0x69, 0x4A, 0x08, 0x42, 0xC7, 0x39, 0xA6, 0x31, 0xA6, 0x31, 0xE7, 0x39,
    0x49, 0x4A, 0x8A, 0x52, 0x10, 0x84, 0xCF, 0x7B, 0xCB, 0x5A, 0x8A, 0x52, 0x4D, 0x6B, 0xFF, 0xFF,
    0x34, 0xA5, 0x8A, 0x52, 0x28, 0x42, 0xC7, 0x39, 0x86, 0x31, 0x45, 0x29, 0x24, 0x21, 0x24, 0x21,
    0x24, 0x21, 0x24, 0x21, 0x24, 0x21, 0x24, 0x21, 0x59, 0xCE, 0x59, 0xCE, 0x59, 0xCE, 0x59, 0xCE,
    0x59, 0xCE, 0x59, 0xCE, 0x59, 0xCE, 0x59, 0xCE, 0x59, 0xCE, 0x59, 0xCE, 0x59, 0xCE, 0x59, 0xCE,
    0x59, 0xCE, 0x59, 0xCE, 0x59, 0xCE, 0x59, 0xCE, 0x59, 0xCE, 0x59, 0xCE, 0x59, 0xCE, 0x59, 0xCE,
    0x59, 0xCE, 0x59, 0xCE, 0x59, 0xCE, 0x59, 0xCE, 0x59, 0xCE, 0x59, 0xCE, 0x59, 0xCE, 0x59, 0xCE,
    0x59, 0xCE, 0x59, 0xCE, 0x59, 0xCE, 0x59, 0xCE, 0x59, 0xCE, 0x59, 0xCE, 0x59, 0xCE, 0x59, 0xCE,
    0x59, 0xCE, 0x59, 0xCE, 0x59, 0xCE, 0x59, 0xCE, 0x59, 0xCE, 0x59, 0xCE, 0x59, 0xCE, 0x59, 0xCE,
    0x59, 0xCE, 0x59, 0xCE, 0x59, 0xCE, 0x59, 0xCE, 0x59, 0xCE, 0x59, 0xCE, 0x59, 0xCE, 0x59, 0xCE,
    0x59, 0xCE, 0x59, 0xCE, 0x59, 0xCE, 0x59, 0xCE, 0x59, 0xCE, 0x59, 0xCE, 0x59, 0xCE, 0x59, 0xCE,
    0x59, 0xCE, 0x59, 0xCE, 0x59, 0xCE, 0x59, 0xCE, 0x59, 0xCE, 0x59, 0xCE, 0x59, 0xCE, 0x59, 0xCE,
    0x59, 0xCE, 0x59, 0xCE, 0x59, 0xCE, 0x59, 0xCE, 0x59, 0xCE, 0x59, 0xCE, 0x59, 0xCE, 0x59, 0xCE,
    0x59, 0xCE, 0x59, 0xCE, 0x59, 0xCE, 0x59, 0xCE, 0x59, 0xCE, 0x59, 0xCE, 0x59, 0xCE, 0x59, 0xCE,
    0x59, 0xCE, 0x59, 0xCE, 0x59, 0xCE, 0x59, 0xCE, 0x59, 0xCE, 0x59, 0xCE, 0x59, 0xCE, 0x59, 0xCE,
    0x59, 0xCE, 0x59, 0xCE, 0x59, 0xCE, 0x59, 0xCE, 0x59, 0xCE, 0x59, 0xCE, 0x59, 0xCE, 0x59, 0xCE,
    0x59, 0xCE, 0x59, 0xCE, 0x59, 0xCE, 0x59, 0xCE, 0x59, 0xCE, 0x59, 0xCE, 0x59, 0xCE, 0x59, 0xCE,
    0x59, 0xCE, 0x59, 0xCE, 0xC7, 0x39, 0x1C, 0xDF, 0x1C, 0xE7, 0x3C, 0xE7, 0x5D, 0xEF, 0x7D, 0xEF,
    0xBA, 0xD6, 0xBA, 0xD6, 0xBA, 0xD6, 0xBA, 0xD6, 0xBA, 0xD6, 0xBA, 0xD6, 0xBA, 0xD6, 0xBA, 0xD6,
    0xBA, 0xD6, 0xBA, 0xD6, 0xBA, 0xD6, 0xBA, 0xD6, 0xBA, 0xD6, 0xBA, 0xD6, 0xBA, 0xD6, 0xBA, 0xD6,
    0xDB, 0xDE, 0xDB, 0xDE, 0xDB, 0xDE, 0xFB, 0xDE, 0xFB, 0xDE, 0xFB, 0xDE, 0xFB, 0xDE, 0xFB, 0xDE,
    0xDB, 0xDE, 0xDB, 0xDE, 0xDB, 0xDE, 0xDB, 0xDE, 0xDB, 0xDE, 0xDB, 0xDE, 0xDB, 0xDE, 0xDB, 0xDE,
    0xDB, 0xDE, 0xDB, 0xDE, 0xDB, 0xDE, 0xDB, 0xDE, 0xDB, 0xDE, 0xFB, 0xDE, 0xFB, 0xDE, 0x1C, 0xE7,
    0x3C, 0xE7, 0x38, 0xC6, 0x18, 0xC6, 0x5D, 0xEF, 0x3C, 0xE7, 0x3C, 0xE7, 0x1C, 0xE7, 0x1C, 0xE7,
    0xFB, 0xDE, 0xFB, 0xDE, 0xFB, 0xDE, 0xFB, 0xDE, 0xFB, 0xDE, 0xFB, 0xDE, 0x1C, 0xE7, 0x1C, 0xE7,
    0x3C, 0xE7, 0x1C, 0xE7, 0x1C, 0xE7, 0x1C, 0xE7, 0xFB, 0xDE, 0x1B, 0xDF, 0xFB, 0xDE, 0xFB, 0xDE,
    0x1C, 0xE7, 0x1C, 0xE7, 0x1C, 0xE7, 0x1C, 0xE7, 0x1C, 0xE7, 0x1C, 0xE7, 0x1C, 0xE7, 0x3C, 0xE7,
    0x3C, 0xE7, 0x5D, 0xEF, 0x7D, 0xEF, 0x7D, 0xEF, 0x7D, 0xEF, 0x5D, 0xEF, 0x5D, 0xEF, 0x5D, 0xEF,
    0x5D, 0xEF, 0x5D, 0xEF, 0x5D, 0xEF, 0x7D, 0xEF, 0x9E, 0xF7, 0x9E, 0xF7, 0xBC, 0xDF, 0xD5, 0x97,
    0xF4, 0x87, 0xF3, 0x7F, 0xE9, 0x17, 0xE9, 0x17, 0xE9, 0x17, 0xD8, 0xB7, 0xDE, 0xF7, 0xBE, 0xF7,
    0xBE, 0xF7, 0x9E, 0xF7, 0xBE, 0xF7, 0xBE, 0xF7, 0xBE, 0xF7, 0xBE, 0xF7, 0xBE, 0xF7, 0xBE, 0xF7,
    0xBE, 0xF7, 0xBE, 0xF7, 0xBE, 0xF7, 0xBE, 0xF7, 0xBE, 0xF7, 0xBE, 0xF7, 0xBE, 0xF7, 0xDE, 0xF7,
    0xDE, 0xF7, 0xDF, 0xFF, 0xDF, 0xFF, 0xDE, 0xF7, 0xDF, 0xFF, 0xDF, 0xFF, 0xDF, 0xFF, 0xDF, 0xFF,
    0xDF, 0xFF, 0xDF, 0xFF, 0xDF, 0xFF, 0xDF, 0xFF, 0xDF, 0xFF, 0xDF, 0xFF, 0xDF, 0xFF, 0xDF, 0xFF,
    0xDF, 0xFF, 0xDF, 0xFF, 0xDF, 0xFF, 0xDF, 0xFF, 0xDF, 0xFF, 0xDF, 0xFF, 0xBE, 0xF7, 0xDF, 0xFF,
    0xDF, 0xFF, 0xDF, 0xFF, 0xDF, 0xFF, 0xDF, 0xFF, 0xDF, 0xFF, 0xDF, 0xFF, 0xDF, 0xFF, 0xDF, 0xFF,
    0xDF, 0xFF, 0xDF, 0xFF, 0xDF, 0xFF, 0xDF, 0xFF, 0xDF, 0xFF, 0xDF, 0xFF, 0xDF, 0xFF, 0xFF, 0xFF,
    0xFF, 0xFF, 0xFF, 0xFF, 0xDF, 0xFF, 0x24, 0x21, 0x24, 0x21, 0x24, 0x21, 0x24, 0x21, 0x24, 0x21,
    0x24, 0x21, 0x45, 0x29, 0x65, 0x29, 0xA6, 0x31, 0xE7, 0x39, 0x49, 0x4A, 0xAA, 0x52, 0x75, 0xAD,
    0xFF, 0xFF, 0xB2, 0x94, 0x69, 0x4A, 0x0C, 0x63, 0x14, 0xA5, 0x1C, 0xE7, 0x5D, 0xEF, 0xBA, 0xD6,
    0xB2, 0x94, 0x8A, 0x52, 0x49, 0x4A, 0xE7, 0x39, 0xA6, 0x31, 0x86, 0x31, 0x86, 0x31, 0xC7, 0x39,
    0x08, 0x42, 0x69, 0x4A, 0x8A, 0x52, 0xAA, 0x52, 0x8A, 0x52, 0x92, 0x94, 0xFF, 0xFF, 0x96, 0xB5,
    0xCB, 0x5A, 0x69, 0x4A, 0x08, 0x42, 0xA6, 0x31, 0x65, 0x29, 0x45, 0x29, 0x24, 0x21, 0x24, 0x21,
    0x24, 0x21, 0x24, 0x21, 0x24, 0x21, 0x24, 0x21, 0x59, 0xCE, 0x59, 0xCE, 0x59, 0xCE, 0x59, 0xCE,
    0x59, 0xCE, 0x59, 0xCE, 0x59, 0xCE, 0x59, 0xCE, 0x59, 0xCE, 0x59, 0xCE, 0x59, 0xCE, 0x59, 0xCE,
    0x59, 0xCE, 0x59, 0xCE, 0x59, 0xCE, 0x59, 0xCE, 0x59, 0xCE, 0x59, 0xCE, 0x59, 0xCE, 0x59, 0xCE,
    0x59, 0xCE, 0x59, 0xCE, 0x59, 0xCE, 0x59, 0xCE, 0x59, 0xCE, 0x59, 0xCE, 0x59, 0xCE, 0x59, 0xCE,
    0x59, 0xCE, 0x59, 0xCE, 0x59, 0xCE, 0x59, 0xCE, 0x59, 0xCE, 0x59, 0xCE, 0x59, 0xCE, 0x59, 0xCE,
    0x59, 0xCE, 0x59, 0xCE, 0x59, 0xCE, 0x59, 0xCE, 0x59, 0xCE, 0x59, 0xCE, 0x59, 0xCE, 0x59, 0xCE,
    0x59, 0xCE, 0x59, 0xCE, 0x59, 0xCE, 0x59, 0xCE, 0x59, 0xCE, 0x59, 0xCE, 0x59, 0xCE, 0x59, 0xCE,
    0x59, 0xCE, 0x59, 0xCE, 0x59, 0xCE, 0x59, 0xCE, 0x59, 0xCE, 0x59, 0xCE, 0x59, 0xCE, 0x59, 0xCE,
    0x59, 0xCE, 0x59, 0xCE, 0x59, 0xCE, 0x59, 0xCE, 0x59, 0xCE, 0x59, 0xCE, 0x59, 0xCE, 0x59, 0xCE,
    0x59, 0xCE, 0x59, 0xCE, 0x59, 0xCE, 0x59, 0xCE, 0x59, 0xCE, 0x59, 0xCE, 0x59, 0xCE, 0x59, 0xCE,
    0x59, 0xCE, 0x59, 0xCE, 0x59, 0xCE, 0x59, 0xCE, 0x59, 0xCE, 0x59, 0xCE, 0x59, 0xCE, 0x59, 0xCE,
    0x59, 0xCE, 0x59, 0xCE, 0x59, 0xCE, 0x59, 0xCE, 0x59, 0xCE, 0x59, 0xCE, 0x59, 0xCE, 0x59, 0xCE,
    0x59, 0xCE, 0x59, 0xCE, 0x59, 0xCE, 0x59, 0xCE, 0x59, 0xCE, 0x59, 0xCE, 0x59, 0xCE, 0x59, 0xCE,
    0x59, 0xCE, 0x59, 0xCE, 0x59, 0xCE, 0x59, 0xCE, 0x59, 0xCE, 0x59, 0xCE, 0x59, 0xCE, 0x59, 0xCE,
    0x59, 0xCE, 0x59, 0xCE, 0xC7, 0x39, 0xFB, 0xDE, 0x1C, 0xE7, 0x3C, 0xE7, 0x5D, 0xEF, 0x7D, 0xEF,
    0xBA, 0xD6, 0xBA, 0xD6, 0xBA, 0xD6, 0xBA, 0xD6, 0xBA, 0xD6, 0xBA, 0xD6, 0xBA, 0xD6, 0xBA, 0xD6,
    0xBA, 0xD6, 0xBA, 0xD6, 0xBA, 0xD6, 0xBA, 0xD6, 0xBA, 0xD6, 0xBA, 0xD6, 0xBA, 0xD6, 0xBA, 0xD6,
    0xBA, 0xD6, 0xDB, 0xDE, 0xDB, 0xDE, 0xDB, 0xDE, 0xDB, 0xDE, 0xDB, 0xDE, 0xDB, 0xDE, 0xDB, 0xDE,
    0xDB, 0xDE, 0xDB, 0xDE, 0xBA, 0xD6, 0xBA, 0xD6, 0xBA, 0xD6, 0xBA, 0xD6, 0xDB, 0xDE, 0xDB, 0xDE,
    0xDB, 0xDE, 0xDB, 0xDE, 0xDB, 0xDE, 0xDB, 0xDE, 0xDB, 0xDE, 0xDB, 0xDE, 0xFB, 0xDE, 0xFB, 0xDE,
    0x1C, 0xE7, 0x1C, 0xE7, 0x1C, 0xE7, 0x1C, 0xE7, 0x1C, 0xE7, 0x1C, 0xE7, 0xFB, 0xDE, 0xFB, 0xDE,
    0xFB, 0xDE, 0xFB, 0xDE, 0xDB, 0xDE, 0xDB, 0xDE, 0xFB, 0xDE, 0xFB, 0xDE, 0xFB, 0xDE, 0xFB, 0xDE,
    0x1C, 0xE7, 0x1C, 0xE7, 0xFB, 0xDE, 0xFB, 0xDE, 0xFB, 0xDE, 0xFB, 0xDE, 0xFB, 0xDE, 0xFB, 0xDE,
    0x1B, 0xDF, 0x1C, 0xE7, 0x1C, 0xE7, 0x1C, 0xE7, 0x1C, 0xE7, 0x1C, 0xE7, 0x1C, 0xE7, 0x3C, 0xE7,
    0x3C, 0xE7, 0x3C, 0xE7, 0x3C, 0xE7, 0x5D, 0xEF, 0x5D, 0xEF, 0x5D, 0xEF, 0x5D, 0xEF, 0x5D, 0xEF,
    0x5D, 0xEF, 0x5D, 0xEF, 0x5D, 0xEF, 0x5D, 0xEF, 0x7D, 0xEF, 0x9E, 0xF7, 0x9E, 0xF7, 0xBE, 0xF7,
    0xBE, 0xF7, 0xDF, 0xFF, 0xD2, 0x6F, 0xE9, 0x17, 0xE9, 0x17, 0xEC, 0x37, 0xBE, 0xF7, 0xBE, 0xF7,
    0x9E, 0xF7, 0x9E, 0xF7, 0x9E, 0xF7, 0x9E, 0xF7, 0x9E, 0xF7, 0x9E, 0xF7, 0xBE, 0xF7, 0xBE, 0xF7,
    0xBE, 0xF7, 0xBE, 0xF7, 0xBE, 0xF7, 0xBE, 0xF7, 0xBE, 0xF7, 0xBE, 0xF7, 0xBE, 0xF7, 0xBE, 0xF7,
    0xBE, 0xF7, 0xBE, 0xF7, 0xBE, 0xF7, 0xBE, 0xF7, 0xBE, 0xF7, 0xBE, 0xF7, 0xBE, 0xF7, 0xBE, 0xF7,
    0xBE, 0xF7, 0xBE, 0xF7, 0xDE, 0xF7, 0xDE, 0xF7, 0xDF, 0xFF, 0xDF, 0xFF, 0xDF, 0xFF, 0xDF, 0xFF,
    0xDF, 0xFF, 0xDF, 0xFF, 0xDF, 0xFF, 0xDF, 0xFF, 0xDF, 0xFF, 0xBE, 0xF7, 0xDF, 0xFF, 0xDF, 0xFF,
    0xDF, 0xFF, 0xDF, 0xFF, 0xDF, 0xFF, 0xDF, 0xFF, 0xDF, 0xFF, 0xDF, 0xFF, 0xDF, 0xFF, 0xDF, 0xFF,
    0xDF, 0xFF, 0xDF, 0xFF, 0xDF, 0xFF, 0xDF, 0xFF, 0xDF, 0xFF, 0xDF, 0xFF, 0xDF, 0xFF, 0xDF, 0xFF,
    0xDF, 0xFF, 0xFF, 0xFF, 0xFF, 0xFF, 0x24, 0x21, 0x24, 0x21, 0x24, 0x21, 0x24, 0x21, 0x24, 0x21,
    0x24, 0x21, 0x24, 0x21, 0x45, 0x29, 0x86, 0x31, 0xC7, 0x39, 0x28, 0x42, 0x69, 0x4A, 0xCB, 0x5A,
    0x34, 0xA5, 0xFF, 0xFF, 0x96, 0xB5, 0xEB, 0x5A, 0xAA, 0x52, 0xCB, 0x5A, 0xCB, 0x5A, 0xCB, 0x5A,
    0xAA, 0x52, 0x69, 0x4A, 0x28, 0x42, 0xC7, 0x39, 0x86, 0x31, 0x65, 0x29, 0x65, 0x29, 0xA6, 0x31,
    0xE7, 0x39, 0x28, 0x42, 0x49, 0x4A, 0xCB, 0x5A, 0x96, 0xB5, 0xFF, 0xFF, 0x55, 0xAD, 0xEB, 0x5A,
    0x8A, 0x52, 0x28, 0x42, 0xC7, 0x39, 0x86, 0x31, 0x45, 0x29, 0x45, 0x29, 0x24, 0x21, 0x24, 0x21,
    0x24, 0x21, 0x24, 0x21, 0x24, 0x21, 0x24, 0x21, 0x59, 0xCE, 0x59, 0xCE, 0x59, 0xCE, 0x59, 0xCE,
    0x59, 0xCE, 0x59, 0xCE, 0x59, 0xCE, 0x59, 0xCE, 0x59, 0xCE, 0x59, 0xCE, 0x59, 0xCE, 0x59, 0xCE,
    0x59, 0xCE, 0x59, 0xCE, 0x59, 0xCE, 0x59, 0xCE, 0x59, 0xCE, 0x59, 0xCE, 0x59, 0xCE, 0x59, 0xCE,
    0x59, 0xCE, 0x59, 0xCE, 0x59, 0xCE, 0x59, 0xCE, 0x59, 0xCE, 0x59, 0xCE, 0x59, 0xCE, 0x59, 0xCE,
    0x59, 0xCE, 0x59, 0xCE, 0x59, 0xCE, 0x59, 0xCE, 0x59, 0xCE, 0x59, 0xCE, 0x59, 0xCE, 0x59, 0xCE,
    0x59, 0xCE, 0x59, 0xCE, 0x59, 0xCE, 0x59, 0xCE, 0x59, 0xCE, 0x59, 0xCE, 0x59, 0xCE, 0x59, 0xCE,
    0x59, 0xCE, 0x59, 0xCE, 0x59, 0xCE, 0x59, 0xCE, 0x59, 0xCE, 0x59, 0xCE, 0x59, 0xCE, 0x59, 0xCE,
    0x59, 0xCE, 0x59, 0xCE, 0x59, 0xCE, 0x59, 0xCE, 0x59, 0xCE, 0x59, 0xCE, 0x59, 0xCE, 0x59, 0xCE,
    0x59, 0xCE, 0x59, 0xCE, 0x59, 0xCE, 0x59, 0xCE, 0x59, 0xCE, 0x59, 0xCE, 0x59, 0xCE, 0x59, 0xCE,
    0x59, 0xCE, 0x59, 0xCE, 0x59, 0xCE, 0x59, 0xCE, 0x59, 0xCE, 0x59, 0xCE, 0x59, 0xCE, 0x59, 0xCE,
    0x59, 0xCE, 0x59, 0xCE, 0x59, 0xCE, 0x59, 0xCE, 0x59, 0xCE, 0x59, 0xCE, 0x59, 0xCE, 0x59, 0xCE,
    0x59, 0xCE, 0x59, 0xCE, 0x59, 0xCE, 0x59, 0xCE, 0x59, 0xCE, 0x59, 0xCE, 0x59, 0xCE, 0x59, 0xCE,
    0x59, 0xCE, 0x59, 0xCE, 0x59, 0xCE, 0x59, 0xCE, 0x59, 0xCE, 0x59, 0xCE, 0x59, 0xCE, 0x59, 0xCE,
    0x59, 0xCE, 0x59, 0xCE, 0x59, 0xCE, 0x59, 0xCE, 0x59, 0xCE, 0x59, 0xCE, 0x59, 0xCE, 0x59, 0xCE,
    0x59, 0xCE, 0x59, 0xCE, 0xC7, 0x39, 0x1C, 0xDF, 0x1C, 0xE7, 0x3C, 0xE7, 0x5D, 0xEF, 0x7D, 0xEF,
    0xBA, 0xD6, 0xBA, 0xD6, 0xBA, 0xD6, 0xBA, 0xD6, 0xBA, 0xD6, 0xBA, 0xD6, 0xBA, 0xD6, 0xBA, 0xD6,
    0xBA, 0xD6, 0xBA, 0xD6, 0xBA, 0xD6, 0xBA, 0xD6, 0xBA, 0xD6, 0xBA, 0xD6, 0xBA, 0xD6, 0xBA, 0xD6,
    0xBA, 0xD6, 0xBA, 0xD6, 0xBA, 0xD6, 0xDB, 0xDE, 0xDB, 0xDE, 0xDB, 0xDE, 0xDB, 0xDE, 0xDB, 0xDE,
    0xDB, 0xDE, 0xBA, 0xD6, 0xBA, 0xD6, 0xBA, 0xD6, 0xBA, 0xD6, 0xBA, 0xD6, 0xBA, 0xD6, 0xBA, 0xD6,
    0xBA, 0xD6, 0xBA, 0xD6, 0xBA, 0xD6, 0xDB, 0xDE, 0xDB, 0xDE, 0xDB, 0xDE, 0xDB, 0xDE, 0xDB, 0xDE,
    0xFB, 0xDE, 0xFB, 0xDE, 0xFB, 0xDE, 0xFB, 0xDE, 0xFB, 0xDE, 0xFB, 0xDE, 0xFB, 0xDE, 0xDB, 0xDE,
    0xDB, 0xDE, 0xDB, 0xDE, 0xDB, 0xDE, 0xDB, 0xDE, 0xDB, 0xDE, 0xFB, 0xDE, 0xFB, 0xDE, 0xFB, 0xDE,
    0xFB, 0xDE, 0xFB, 0xDE, 0xFB, 0xDE, 0xFB, 0xDE, 0xFB, 0xDE, 0xFB, 0xDE, 0xFB, 0xDE, 0xFB, 0xDE,
    0xFB, 0xDE, 0xFB, 0xDE, 0xFB, 0xDE, 0x1C, 0xE7, 0x1C, 0xE7, 0x1C, 0xE7, 0x1C, 0xE7, 0x1C, 0xE7,
    0x1C, 0xE7, 0x3C, 0xE7, 0x3C, 0xE7, 0x3C, 0xE7, 0x3C, 0xE7, 0x3C, 0xE7, 0x3C, 0xE7, 0x3C, 0xE7,
    0x3C, 0xE7, 0x5C, 0xE7, 0x5D, 0xEF, 0x5D, 0xEF, 0x5D, 0xEF, 0x7D, 0xEF, 0x7D, 0xEF, 0x9E, 0xF7,
    0x9E, 0xF7, 0xBE, 0xF7, 0xBD, 0xE7, 0xD1, 0x67, 0xD0, 0x67, 0xD0, 0x5F, 0xBA, 0xC7, 0x9E, 0xF7,
    0x9E, 0xF7, 0x9E, 0xF7, 0x9D, 0xEF, 0x9E, 0xF7, 0x9E, 0xF7, 0x9E, 0xF7, 0x9E, 0xF7, 0x9E, 0xF7,
    0x9E, 0xF7, 0x9E, 0xF7, 0x9E, 0xF7, 0x9E, 0xF7, 0xBE, 0xF7, 0xBE, 0xF7, 0xBE, 0xF7, 0xBE, 0xF7,
    0xBE, 0xF7, 0xBE, 0xF7, 0xBE, 0xF7, 0xBE, 0xF7, 0xBE, 0xF7, 0xBE, 0xF7, 0xBE, 0xF7, 0xBE, 0xF7,
    0xBE, 0xF7, 0xBE, 0xF7, 0xBE, 0xF7, 0xBE, 0xF7, 0xBE, 0xF7, 0xDE, 0xF7, 0xDF, 0xFF, 0xDF, 0xFF,
    0xDF, 0xFF, 0xDF, 0xFF, 0xDF, 0xFF, 0xDF, 0xFF, 0xDF, 0xFF, 0xBE, 0xF7, 0xDF, 0xFF, 0xDF, 0xFF,
    0xBE, 0xF7, 0xDF, 0xFF, 0xDF, 0xFF, 0xDF, 0xFF, 0xDF, 0xFF, 0xDF, 0xFF, 0xDF, 0xFF, 0xDF, 0xFF,
    0xDF, 0xFF, 0xDF, 0xFF, 0xDF, 0xFF, 0xDF, 0xFF, 0xDF, 0xFF, 0xDF, 0xFF, 0xDF, 0xFF, 0xDF, 0xFF,
    0xDF, 0xFF, 0xFF, 0xFF, 0xFF, 0xFF, 0x24, 0x21, 0x24, 0x21, 0x24, 0x21, 0x24, 0x21, 0x24, 0x21,
    0x24, 0x21, 0x24, 0x21, 0x45, 0x29, 0x65, 0x29, 0xA6, 0x31, 0xE7, 0x39, 0x49, 0x4A, 0xAA, 0x52,
    0xEB, 0x5A, 0xCF, 0x7B, 0x7D, 0xEF, 0x5D, 0xEF, 0x92, 0x94, 0xAA, 0x52, 0xAA, 0x52, 0x8A, 0x52,
    0x69, 0x4A, 0x28, 0x42, 0xE7, 0x39, 0xA6, 0x31, 0x65, 0x29, 0x45, 0x29, 0x45, 0x29, 0x65, 0x29,
    0xA6, 0x31, 0x49, 0x4A, 0xB2, 0x94, 0xBE, 0xF7, 0x7D, 0xEF, 0x10, 0x84, 0x0C, 0x63, 0xAA, 0x52,
    0x49, 0x4A, 0xE7, 0x39, 0x86, 0x31, 0x65, 0x29, 0x45, 0x29, 0x24, 0x21, 0x24, 0x21, 0x24, 0x21,
    0x24, 0x21, 0x24, 0x21, 0x24, 0x21, 0x24, 0x21, 0x59, 0xCE, 0x59, 0xCE, 0x59, 0xCE, 0x59, 0xCE,
    0x59, 0xCE, 0x59, 0xCE, 0x59, 0xCE, 0x59, 0xCE, 0x59, 0xCE, 0x59, 0xCE, 0x59, 0xCE, 0x59, 0xCE,
    0x59, 0xCE, 0x59, 0xCE, 0x59, 0xCE, 0x59, 0xCE, 0x59, 0xCE, 0x59, 0xCE, 0x59, 0xCE, 0x59, 0xCE,
    0x59, 0xCE, 0x59, 0xCE, 0x59, 0xCE, 0x59, 0xCE, 0x59, 0xCE, 0x59, 0xCE, 0x59, 0xCE, 0x59, 0xCE,
    0x59, 0xCE, 0x59, 0xCE, 0x59, 0xCE, 0x59, 0xCE, 0x59, 0xCE, 0x59, 0xCE, 0x59, 0xCE, 0x59, 0xCE,
    0x59, 0xCE, 0x59, 0xCE, 0x59, 0xCE, 0x59, 0xCE, 0x59, 0xCE, 0x59, 0xCE, 0x59, 0xCE, 0x59, 0xCE,
    0x59, 0xCE, 0x59, 0xCE, 0x59, 0xCE, 0x59, 0xCE, 0x59, 0xCE, 0x59, 0xCE, 0x59, 0xCE, 0x59, 0xCE,
    0x59, 0xCE, 0x59, 0xCE, 0x59, 0xCE, 0x59, 0xCE, 0x59, 0xCE, 0x59, 0xCE, 0x59, 0xCE, 0x59, 0xCE,
    0x59, 0xCE, 0x59, 0xCE, 0x59, 0xCE, 0x59, 0xCE, 0x59, 0xCE, 0x59, 0xCE, 0x59, 0xCE, 0x59, 0xCE,
    0x59, 0xCE, 0x59, 0xCE, 0x59, 0xCE, 0x59, 0xCE, 0x59, 0xCE, 0x59, 0xCE, 0x59, 0xCE, 0x59, 0xCE,
    0x59, 0xCE, 0x59, 0xCE, 0x59, 0xCE, 0x59, 0xCE, 0x59, 0xCE, 0x59, 0xCE, 0x59, 0xCE, 0x59, 0xCE,
    0x59, 0xCE, 0x59, 0xCE, 0x59, 0xCE, 0x59, 0xCE, 0x59, 0xCE, 0x59, 0xCE, 0x59, 0xCE, 0x59, 0xCE,
    0x59, 0xCE, 0x59, 0xCE, 0x59, 0xCE, 0x59, 0xCE, 0x59, 0xCE, 0x59, 0xCE, 0x59, 0xCE, 0x59, 0xCE,
    0x59, 0xCE, 0x59, 0xCE, 0x59, 0xCE, 0x59, 0xCE, 0x59, 0xCE, 0x59, 0xCE, 0x59, 0xCE, 0x59, 0xCE,
    0x59, 0xCE, 0x59, 0xCE, 0xC7, 0x39, 0x1C, 0xDF, 0x1C, 0xE7, 0x3C, 0xE7, 0x5D, 0xEF, 0x7D, 0xEF,
    0xBA, 0xD6, 0xBA, 0xD6, 0xBA, 0xD6, 0xBA, 0xD6, 0xBA, 0xD6, 0xBA, 0xD6, 0xBA, 0xD6, 0xBA, 0xD6,
    0xBA, 0xD6, 0xBA, 0xD6, 0xBA, 0xD6, 0xBA, 0xD6, 0xBA, 0xD6, 0xBA, 0xD6, 0xBA, 0xD6, 0xBA, 0xD6,
    0xBA, 0xD6, 0xBA, 0xD6, 0xBA, 0xD6, 0xBA, 0xD6, 0xBA, 0xD6, 0xBA, 0xD6, 0xBA, 0xD6, 0xDB, 0xDE,
    0xBA, 0xD6, 0xBA, 0xD6, 0xBA, 0xD6, 0xBA, 0xD6, 0xBA, 0xD6, 0xBA, 0xD6, 0xBA, 0xD6, 0xBA, 0xD6,
    0xBA, 0xD6, 0xBA, 0xD6, 0xBA, 0xD6, 0xBA, 0xD6, 0xBA, 0xD6, 0xDB, 0xDE, 0xDB, 0xDE, 0xDB, 0xDE,
    0xDB, 0xDE, 0xDB, 0xDE, 0xDB, 0xDE, 0xDB, 0xDE, 0xDB, 0xDE, 0xDB, 0xDE, 0xDB, 0xDE, 0xDB, 0xDE,
    0xDB, 0xDE, 0xDB, 0xDE, 0xDB, 0xDE, 0xDB, 0xDE, 0xDB, 0xDE, 0xDB, 0xDE, 0xFB, 0xDE, 0xFB, 0xDE,
    0xFB, 0xDE, 0xFB, 0xDE, 0xFB, 0xDE, 0xFB, 0xDE, 0xFB, 0xDE, 0xFB, 0xDE, 0xFB, 0xDE, 0xFB, 0xDE,
    0xFB, 0xDE, 0xFB, 0xDE, 0xFB, 0xDE, 0xFB, 0xDE, 0x1C, 0xE7, 0x1C, 0xE7, 0x1C, 0xE7, 0x1C, 0xE7,
    0x1C, 0xE7, 0x1C, 0xE7, 0x3C, 0xE7, 0x3C, 0xE7, 0x3C, 0xE7, 0x3C, 0xE7, 0x3C, 0xE7, 0x3C, 0xE7,
    0x3C, 0xE7, 0x3C, 0xE7, 0x5D, 0xEF, 0x5D, 0xEF, 0x5D, 0xEF, 0x5D, 0xEF, 0x7D, 0xEF, 0x7D, 0xEF,
    0x7D, 0xEF, 0x9E, 0xF7, 0x9E, 0xF7, 0x9E, 0xF7, 0xBE, 0xF7, 0x9E, 0xF7, 0x9E, 0xF7, 0x9E, 0xF7,
    0x7D, 0xEF, 0x7D, 0xEF, 0x7D, 0xEF, 0x9D, 0xEF, 0x9E, 0xF7, 0x9E, 0xF7, 0x9E, 0xF7, 0x9E, 0xF7,
    0x9E, 0xF7, 0x9E, 0xF7, 0x9E, 0xF7, 0x9E, 0xF7, 0x9E, 0xF7, 0x9E, 0xF7, 0x9E, 0xF7, 0x9E, 0xF7,
    0xBE, 0xF7, 0xBE, 0xF7, 0xBE, 0xF7, 0xBE, 0xF7, 0xBE, 0xF7, 0xBE, 0xF7, 0xBE, 0xF7, 0xBE, 0xF7,
    0xBE, 0xF7, 0xBE, 0xF7, 0xBE, 0xF7, 0xBE, 0xF7, 0xBE, 0xF7, 0xBE, 0xF7, 0xBE, 0xF7, 0xBE, 0xF7,
    0xBE, 0xF7, 0xDF, 0xFF, 0xBE, 0xF7, 0xDF, 0xFF, 0xDF, 0xFF, 0xBE, 0xF7, 0xBE, 0xF7, 0xDF, 0xFF,
    0xDF, 0xFF, 0xDF, 0xFF, 0xDF, 0xFF, 0xDF, 0xFF, 0xDF, 0xFF, 0xDF, 0xFF, 0xDF, 0xFF, 0xDF, 0xFF,
    0xDF, 0xFF, 0xDF, 0xFF, 0xDF, 0xFF, 0xDF, 0xFF, 0xDF, 0xFF, 0xDF, 0xFF, 0xDF, 0xFF, 0xDF, 0xFF,
    0xDF, 0xFF, 0xDF, 0xFF, 0xDF, 0xFF, 0x24, 0x21, 0x24, 0x21, 0x24, 0x21, 0x24, 0x21, 0x24, 0x21,
    0x24, 0x21, 0x24, 0x21, 0x24, 0x21, 0x45, 0x29, 0x65, 0x29, 0xA6, 0x31, 0xE7, 0x39, 0x49, 0x4A,
    0xAA, 0x52, 0x0C, 0x63, 0x4D, 0x6B, 0x34, 0xA5, 0x7D, 0xEF, 0x5D, 0xEF, 0xF7, 0xBD, 0xCF, 0x7B,
    0x8A, 0x52, 0xE7, 0x39, 0xA6, 0x31, 0x65, 0x29, 0x45, 0x29, 0x45, 0x29, 0xA6, 0x31, 0x0C, 0x63,
    0x34, 0xA5, 0x9E, 0xF7, 0xBE, 0xF7, 0x96, 0xB5, 0x2C, 0x63, 0xEB, 0x5A, 0xAA, 0x52, 0x49, 0x4A,
    0x08, 0x42, 0xA6, 0x31, 0x65, 0x29, 0x45, 0x29, 0x24, 0x21, 0x24, 0x21, 0x24, 0x21, 0x24, 0x21,
    0x24, 0x21, 0x24, 0x21, 0x24, 0x21, 0x24, 0x21, 0x59, 0xCE, 0x59, 0xCE, 0x59, 0xCE, 0x59, 0xCE,
    0x59, 0xCE, 0x59, 0xCE, 0x59, 0xCE, 0xB6, 0xB5, 0xAA, 0x52, 0x49, 0x4A, 0x49, 0x4A, 0x49, 0x4A,
    0x49, 0x4A, 0x49, 0x4A, 0x49, 0x4A, 0x49, 0x4A, 0x49, 0x4A, 0x49, 0x4A, 0x49, 0x4A, 0x49, 0x4A,
    0x49, 0x4A, 0x49, 0x4A, 0x49, 0x4A, 0xEB, 0x5A, 0x96, 0xB5, 0x59, 0xCE, 0x59, 0xCE, 0x59, 0xCE,
    0x59, 0xCE, 0x59, 0xCE, 0x59, 0xCE, 0x59, 0xCE, 0x59, 0xCE, 0x59, 0xCE, 0x59, 0xCE, 0x59, 0xCE,
    0x59, 0xCE, 0x59, 0xCE, 0x59, 0xCE, 0x59, 0xCE, 0x59, 0xCE, 0x59, 0xCE, 0x59, 0xCE, 0x59, 0xCE,
    0x59, 0xCE, 0x59, 0xCE, 0x59, 0xCE, 0x59, 0xCE, 0x59, 0xCE, 0x59, 0xCE, 0x59, 0xCE, 0x59, 0xCE,
    0x59, 0xCE, 0x59, 0xCE, 0x59, 0xCE, 0x59, 0xCE, 0x59, 0xCE, 0x59, 0xCE, 0x59, 0xCE, 0x59, 0xCE,
    0x59, 0xCE, 0x59, 0xCE, 0x59, 0xCE, 0x59, 0xCE, 0x59, 0xCE, 0x59, 0xCE, 0x59, 0xCE, 0x59, 0xCE,
    0x59, 0xCE, 0x59, 0xCE, 0x59, 0xCE, 0x59, 0xCE, 0x59, 0xCE, 0x59, 0xCE, 0x59, 0xCE, 0x59, 0xCE,
    0x59, 0xCE, 0x59, 0xCE, 0x59, 0xCE, 0x59, 0xCE, 0x59, 0xCE, 0x59, 0xCE, 0x59, 0xCE, 0x59, 0xCE,
    0x59, 0xCE, 0x59, 0xCE, 0x59, 0xCE, 0x59, 0xCE, 0x59, 0xCE, 0x59, 0xCE, 0x59, 0xCE, 0x59, 0xCE,
    0x59, 0xCE, 0x59, 0xCE, 0x59, 0xCE, 0x59, 0xCE, 0x59, 0xCE, 0x59, 0xCE, 0x59, 0xCE, 0x59, 0xCE,
    0x59, 0xCE, 0x59, 0xCE, 0x59, 0xCE, 0x59, 0xCE, 0x59, 0xCE, 0x59, 0xCE, 0x59, 0xCE, 0x59, 0xCE,
    0x59, 0xCE, 0x59, 0xCE, 0xC7, 0x39, 0xFB, 0xDE, 0x1C, 0xE7, 0x3C, 0xE7, 0x5D, 0xEF, 0x7D, 0xEF,
    0xBA, 0xD6, 0xBA, 0xD6, 0xBA, 0xD6, 0xBA, 0xD6, 0xBA, 0xD6, 0xBA, 0xD6, 0xBA, 0xD6, 0xBA, 0xD6,
    0xBA, 0xD6, 0xBA, 0xD6, 0xBA, 0xD6, 0xBA, 0xD6, 0xBA, 0xD6, 0xBA, 0xD6, 0xBA, 0xD6, 0xBA, 0xD6,
    0xBA, 0xD6, 0xBA, 0xD6, 0xBA, 0xD6, 0xBA, 0xD6, 0xBA, 0xD6, 0xBA, 0xD6, 0xBA, 0xD6, 0xBA, 0xD6,
    0xBA, 0xD6, 0xBA, 0xD6, 0xBA, 0xD6, 0xBA, 0xD6, 0xBA, 0xD6, 0xBA, 0xD6, 0xBA, 0xD6, 0xBA, 0xD6,
    0xBA, 0xD6, 0xBA, 0xD6, 0xBA, 0xD6, 0xBA, 0xD6, 0xBA, 0xD6, 0xBA, 0xD6, 0xDB, 0xDE, 0xDB, 0xDE,
    0xDB, 0xDE, 0xDB, 0xDE, 0xDB, 0xDE, 0xDB, 0xDE, 0xDB, 0xDE, 0xDB, 0xDE, 0xDB, 0xDE, 0xDB, 0xDE,
    0xDB, 0xDE, 0xDB, 0xDE, 0xDB, 0xDE, 0xDB, 0xDE, 0xDB, 0xDE, 0xDB, 0xDE, 0xDB, 0xDE, 0xDB, 0xDE,
    0xDB, 0xDE, 0xFB, 0xDE, 0xFB, 0xDE, 0xFB, 0xDE, 0xFB, 0xDE, 0xFB, 0xDE, 0xFB, 0xDE, 0xFB, 0xDE,
    0xFB, 0xDE, 0xFB, 0xDE, 0xFB, 0xDE, 0xFB, 0xDE, 0x1C, 0xE7, 0x1C, 0xE7, 0x1C, 0xE7, 0x1C, 0xE7,
    0x1C, 0xE7, 0x1C, 0xE7, 0x1C, 0xE7, 0x1C, 0xE7, 0x1C, 0xE7, 0x3C, 0xE7, 0x3C, 0xE7, 0x3C, 0xE7,
    0x3C, 0xE7, 0x3C, 0xE7, 0x3C, 0xE7, 0x5D, 0xEF, 0x5D, 0xEF, 0x5D, 0xEF, 0x5D, 0xEF, 0x5D, 0xEF,
    0x7D, 0xEF, 0x7D, 0xEF, 0x7D, 0xEF, 0x9D, 0xEF, 0x9E, 0xF7, 0x9D, 0xEF, 0x7D, 0xEF, 0x7D, 0xEF,
    0x7D, 0xEF, 0x7D, 0xEF, 0x7D, 0xEF, 0x7D, 0xEF, 0x7D, 0xEF, 0x7D, 0xEF, 0x7D, 0xEF, 0x9E, 0xF7,
    0x9E, 0xF7, 0x9E, 0xF7, 0x9E, 0xF7, 0x9E, 0xF7, 0x9E, 0xF7, 0x9E, 0xF7, 0x9E, 0xF7, 0x9E, 0xF7,
    0x9E, 0xF7, 0x9E, 0xF7, 0xBE, 0xF7, 0xBE, 0xF7, 0xBE, 0xF7, 0xBE, 0xF7, 0xBE, 0xF7, 0xBE, 0xF7,
    0xBE, 0xF7, 0xBE, 0xF7, 0xBE, 0xF7, 0xBE, 0xF7, 0xBE, 0xF7, 0xBE, 0xF7, 0xBE, 0xF7, 0xBE, 0xF7,
    0xBE, 0xF7, 0xBE, 0xF7, 0xBE, 0xF7, 0xDF, 0xFF, 0xBE, 0xF7, 0xDF, 0xFF, 0xDF, 0xFF, 0xDF, 0xFF,
    0xDF, 0xFF, 0xDF, 0xFF, 0xDF, 0xFF, 0xDF, 0xFF, 0xDF, 0xFF, 0xDF, 0xFF, 0xDF, 0xFF, 0xDF, 0xFF,
    0xDF, 0xFF, 0xDF, 0xFF, 0xDF, 0xFF, 0xDF, 0xFF, 0xDF, 0xFF, 0xDF, 0xFF, 0xDF, 0xFF, 0xDF, 0xFF,
    0xDF, 0xFF, 0xDF, 0xFF, 0xFF, 0xFF, 0x24, 0x21, 0x24, 0x21, 0x24, 0x21, 0x24, 0x21, 0x24, 0x21,
    0x24, 0x21, 0x24, 0x21, 0x24, 0x21, 0x45, 0x29, 0x45, 0x29, 0x86, 0x31, 0xC7, 0x39, 0x08, 0x42,
    0x49, 0x4A, 0xAA, 0x52, 0xEB, 0x5A, 0x2C, 0x63, 0x6D, 0x6B, 0x34, 0xA5, 0x9A, 0xD6, 0xBE, 0xF7,
    0xFF, 0xFF, 0x3C, 0xE7, 0x79, 0xCE, 0x59, 0xCE, 0xBA, 0xD6, 0x3C, 0xE7, 0xFF, 0xFF, 0xBE, 0xF7,
    0xBA, 0xD6, 0x92, 0x94, 0x4D, 0x6B, 0xEB, 0x5A, 0xCB, 0x5A, 0xAA, 0x52, 0x49, 0x4A, 0x08, 0x42,
    0xC7, 0x39, 0x86, 0x31, 0x45, 0x29, 0x45, 0x29, 0x24, 0x21, 0x24, 0x21, 0x24, 0x21, 0x24, 0x21,
    0x24, 0x21, 0x24, 0x21, 0x24, 0x21, 0x24, 0x21, 0x59, 0xCE, 0x59, 0xCE, 0x59, 0xCE, 0x59, 0xCE,
    0x59, 0xCE, 0x59, 0xCE, 0x59, 0xCE, 0x08, 0x42, 0x04, 0x21, 0x04, 0x21, 0x04, 0x21, 0x04, 0x21,
    0x04, 0x21, 0x04, 0x21, 0x04, 0x21, 0x04, 0x21, 0x04, 0x21, 0x04, 0x21, 0x04, 0x21, 0x04, 0x21,
    0x04, 0x21, 0x04, 0x21, 0x04, 0x21, 0x04, 0x21, 0x49, 0x4A, 0x59, 0xCE, 0x59, 0xCE, 0x59, 0xCE,
    0x59, 0xCE, 0x59, 0xCE, 0x59, 0xCE, 0x59, 0xCE, 0x59, 0xCE, 0x59, 0xCE, 0x59, 0xCE, 0x59, 0xCE,
    0x59, 0xCE, 0x59, 0xCE, 0x59, 0xCE, 0x59, 0xCE, 0x59, 0xCE, 0x59, 0xCE, 0x59, 0xCE, 0x59, 0xCE,
    0x59, 0xCE, 0x59, 0xCE, 0x59, 0xCE, 0x59, 0xCE, 0x59, 0xCE, 0x59, 0xCE, 0x59, 0xCE, 0x59, 0xCE,
    0x59, 0xCE, 0x59, 0xCE, 0x59, 0xCE, 0x59, 0xCE, 0x59, 0xCE, 0x59, 0xCE, 0x59, 0xCE, 0x59, 0xCE,
    0x59, 0xCE, 0x59, 0xCE, 0x59, 0xCE, 0x59, 0xCE, 0x59, 0xCE, 0x59, 0xCE, 0x59, 0xCE, 0x59, 0xCE,
    0x59, 0xCE, 0x59, 0xCE, 0x59, 0xCE, 0x59, 0xCE, 0x59, 0xCE, 0x59, 0xCE, 0x59, 0xCE, 0x59, 0xCE,
    0x59, 0xCE, 0x59, 0xCE, 0x59, 0xCE, 0x59, 0xCE, 0x59, 0xCE, 0x59, 0xCE, 0x59, 0xCE, 0x59, 0xCE,
    0x59, 0xCE, 0x59, 0xCE, 0x59, 0xCE, 0x59, 0xCE, 0x59, 0xCE, 0x59, 0xCE, 0x59, 0xCE, 0x59, 0xCE,
    0x59, 0xCE, 0x59, 0xCE, 0x59, 0xCE, 0x59, 0xCE, 0x59, 0xCE, 0x59, 0xCE, 0x59, 0xCE, 0x59, 0xCE,
    0x59, 0xCE, 0x59, 0xCE, 0x59, 0xCE, 0x59, 0xCE, 0x59, 0xCE, 0x59, 0xCE, 0x59, 0xCE, 0x59, 0xCE,
    0x59, 0xCE, 0x59, 0xCE, 0xC7, 0x39, 0x1C, 0xDF, 0x1C, 0xE7, 0x3C, 0xE7, 0x5D, 0xEF, 0x7D, 0xEF,
    0xBA, 0xD6, 0xBA, 0xD6, 0xBA, 0xD6, 0xBA, 0xD6, 0xBA, 0xD6, 0xBA, 0xD6, 0xBA, 0xD6, 0xBA, 0xD6,
    0xBA, 0xD6, 0xBA, 0xD6, 0xBA, 0xD6, 0xBA, 0xD6, 0xBA, 0xD6, 0xBA, 0xD6, 0xBA, 0xD6, 0xBA, 0xD6,
    0xBA, 0xD6, 0xBA, 0xD6, 0xBA, 0xD6, 0xBA, 0xD6, 0xBA, 0xD6, 0xBA, 0xD6, 0xBA, 0xD6, 0xBA, 0xD6,
    0xBA, 0xD6, 0xBA, 0xD6, 0xBA, 0xD6, 0xBA, 0xD6, 0xBA, 0xD6, 0xBA, 0xD6, 0xBA, 0xD6, 0xBA, 0xD6,
    0xBA, 0xD6, 0xBA, 0xD6, 0xBA, 0xD6, 0xBA, 0xD6, 0xBA, 0xD6, 0xBA, 0xD6, 0xBA, 0xD6, 0xBA, 0xD6,
    0xDB, 0xDE, 0xDB, 0xDE, 0xDB, 0xDE, 0xDB, 0xDE, 0xDB, 0xDE, 0xDB, 0xDE, 0xDB, 0xDE, 0xDB, 0xDE,
    0xDB, 0xDE, 0xDB, 0xDE, 0xDB, 0xDE, 0xDB, 0xDE, 0xDB, 0xDE, 0xDB, 0xDE, 0xDB, 0xDE, 0xDB, 0xDE,
    0xDB, 0xDE, 0xDB, 0xDE, 0xFB, 0xDE, 0xFB, 0xDE, 0xFB, 0xDE, 0xFB, 0xDE, 0xFB, 0xDE, 0xFB, 0xDE,
    0xFB, 0xDE, 0xFB, 0xDE, 0xFB, 0xDE, 0xFB, 0xDE, 0x1C, 0xE7, 0x1C, 0xE7, 0x1C, 0xE7, 0x1C, 0xE7,
    0x1C, 0xE7, 0x1C, 0xE7, 0x1C, 0xE7, 0x1C, 0xE7, 0x1C, 0xE7, 0x3C, 0xE7, 0x3C, 0xE7, 0x3C, 0xE7,
    0x3C, 0xE7, 0x3C, 0xE7, 0x3C, 0xE7, 0x3C, 0xE7, 0x3C, 0xE7, 0x5D, 0xEF, 0x5D, 0xEF, 0x5D, 0xEF,
    0x5D, 0xEF, 0x5D, 0xEF, 0x7D, 0xEF, 0x7D, 0xEF, 0x7D, 0xEF, 0x7D, 0xEF, 0x7D, 0xEF, 0x7D, 0xEF,
    0x7D, 0xEF, 0x7D, 0xEF, 0x7D, 0xEF, 0x7D, 0xEF, 0x7D, 0xEF, 0x7D, 0xEF, 0x7D, 0xEF, 0x7D, 0xEF,
    0x9E, 0xF7, 0x9E, 0xF7, 0x9E, 0xF7, 0x9E, 0xF7, 0x9E, 0xF7, 0x9E, 0xF7, 0x9E, 0xF7, 0x9E, 0xF7,
    0x9E, 0xF7, 0x9E, 0xF7, 0x9E, 0xF7, 0xBE, 0xF7, 0xBE, 0xF7, 0xBE, 0xF7, 0xBE, 0xF7, 0xBE, 0xF7,
    0xBE, 0xF7, 0xBE, 0xF7, 0xBE, 0xF7, 0xBE, 0xF7, 0xBE, 0xF7, 0xBE, 0xF7, 0xBE, 0xF7, 0xBE, 0xF7,
    0xBE, 0xF7, 0xBE, 0xF7, 0xBE, 0xF7, 0xBE, 0xF7, 0xDF, 0xFF, 0xBE, 0xF7, 0xBE, 0xF7, 0xBE, 0xF7,
    0xDF, 0xFF, 0xDF, 0xFF, 0xDF, 0xFF, 0xDF, 0xFF, 0xDF, 0xFF, 0xDF, 0xFF, 0xDF, 0xFF, 0xDF, 0xFF,
    0xDF, 0xFF, 0xDF, 0xFF, 0xDF, 0xFF, 0xDF, 0xFF, 0xDF, 0xFF, 0xDF, 0xFF, 0xDF, 0xFF, 0xDF, 0xFF,
    0xDF, 0xFF, 0xDF, 0xFF, 0xDF, 0xFF, 0x24, 0x21, 0x24, 0x21, 0x24, 0x21, 0x24, 0x21, 0x24, 0x21,
    0x24, 0x21, 0x24, 0x21, 0x24, 0x21, 0x24, 0x21, 0x45, 0x29, 0x45, 0x29, 0x65, 0x29, 0xA6, 0x31,
    0xE7, 0x39, 0x49, 0x4A, 0x8A, 0x52, 0xCB, 0x5A, 0x0C, 0x63, 0x0C, 0x63, 0x2C, 0x63, 0x2C, 0x63,
    0x10, 0x84, 0x92, 0x94, 0xD3, 0x9C, 0x75, 0xAD, 0xD3, 0x9C, 0xD3, 0x9C, 0x6D, 0x6B, 0xCB, 0x5A,
    0xCB, 0x5A, 0xCB, 0x5A, 0xCB, 0x5A, 0xAA, 0x52, 0x8A, 0x52, 0x28, 0x42, 0xE7, 0x39, 0xC7, 0x39,
    0x86, 0x31, 0x65, 0x29, 0x45, 0x29, 0x24, 0x21, 0x24, 0x21, 0x24, 0x21, 0x24, 0x21, 0x24, 0x21,
    0x24, 0x21, 0x24, 0x21, 0x24, 0x21, 0x24, 0x21, 0x59, 0xCE, 0x59, 0xCE, 0x59, 0xCE, 0x59, 0xCE,
    0x59, 0xCE, 0x59, 0xCE, 0x59, 0xCE, 0x04, 0x21, 0x04, 0x21, 0x04, 0x21, 0x04, 0x21, 0x04, 0x21,
    0x04, 0x21, 0x04, 0x21, 0x04, 0x21, 0x04, 0x21, 0x04, 0x21, 0x04, 0x21, 0x04, 0x21, 0x04, 0x21,
    0x04, 0x21, 0x04, 0x21, 0x04, 0x21, 0x04, 0x21, 0x04, 0x21, 0x59, 0xCE, 0x59, 0xCE, 0x59, 0xCE,
    0x59, 0xCE, 0x59, 0xCE, 0x59, 0xCE, 0x59, 0xCE, 0x59, 0xCE, 0x59, 0xCE, 0x59, 0xCE, 0x59, 0xCE,
    0x59, 0xCE, 0x59, 0xCE, 0x59, 0xCE, 0x59, 0xCE, 0x59, 0xCE, 0x59, 0xCE, 0x59, 0xCE, 0x59, 0xCE,
    0x59, 0xCE, 0x59, 0xCE, 0x59, 0xCE, 0x59, 0xCE, 0x59, 0xCE, 0x59, 0xCE, 0x59, 0xCE, 0x59, 0xCE,
    0x59, 0xCE, 0x59, 0xCE, 0x59, 0xCE, 0x59, 0xCE, 0x59, 0xCE, 0x59, 0xCE, 0x59, 0xCE, 0x59, 0xCE,
    0x59, 0xCE, 0x59, 0xCE, 0x59, 0xCE, 0x59, 0xCE, 0x59, 0xCE, 0x59, 0xCE, 0x59, 0xCE, 0x59, 0xCE,
    0x59, 0xCE, 0x59, 0xCE, 0x59, 0xCE, 0x59, 0xCE, 0x59, 0xCE, 0x59, 0xCE, 0x59, 0xCE, 0x59, 0xCE,
    0x59, 0xCE, 0x59, 0xCE, 0x59, 0xCE, 0x59, 0xCE, 0x59, 0xCE, 0x59, 0xCE, 0x59, 0xCE, 0x59, 0xCE,
    0x59, 0xCE, 0x59, 0xCE, 0x59, 0xCE, 0x59, 0xCE, 0x59, 0xCE, 0x59, 0xCE, 0x59, 0xCE, 0x59, 0xCE,
    0x59, 0xCE, 0x59, 0xCE, 0x59, 0xCE, 0x59, 0xCE, 0x59, 0xCE, 0x59, 0xCE, 0x59, 0xCE, 0x59, 0xCE,
    0x59, 0xCE, 0x59, 0xCE, 0x59, 0xCE, 0x59, 0xCE, 0x59, 0xCE, 0x59, 0xCE, 0x59, 0xCE, 0x59, 0xCE,
    0x59, 0xCE, 0x59, 0xCE, 0xC7, 0x39, 0x1C, 0xDF, 0x1C, 0xE7, 0x3C, 0xE7, 0x5D, 0xEF, 0x7D, 0xEF,
    0xBA, 0xD6, 0xBA, 0xD6, 0xBA, 0xD6, 0xBA, 0xD6, 0xBA, 0xD6, 0xBA, 0xD6, 0xBA, 0xD6, 0xBA, 0xD6,
    0xBA, 0xD6, 0xBA, 0xD6, 0xBA, 0xD6, 0xBA, 0xD6, 0xBA, 0xD6, 0xBA, 0xD6, 0xBA, 0xD6, 0xBA, 0xD6,
    0xBA, 0xD6, 0xBA, 0xD6, 0xBA, 0xD6, 0xBA, 0xD6, 0xBA, 0xD6, 0xBA, 0xD6, 0xBA, 0xD6, 0xBA, 0xD6,
    0xBA, 0xD6, 0xBA, 0xD6, 0xBA, 0xD6, 0xBA, 0xD6, 0xBA, 0xD6, 0xBA, 0xD6, 0xBA, 0xD6, 0xBA, 0xD6,
    0xBA, 0xD6, 0xBA, 0xD6, 0xBA, 0xD6, 0xBA, 0xD6, 0xBA, 0xD6, 0xBA, 0xD6, 0xBA, 0xD6, 0xBA, 0xD6,
    0xBA, 0xD6, 0xDB, 0xDE, 0xDB, 0xDE, 0xDB, 0xDE, 0xDB, 0xDE, 0xDB, 0xDE, 0xDB, 0xDE, 0xDB, 0xDE,
    0xDB, 0xDE, 0xDB, 0xDE, 0xDB, 0xDE, 0xDB, 0xDE, 0xDB, 0xDE, 0xDB, 0xDE, 0xDB, 0xDE, 0xDB, 0xDE,
    0xDB, 0xDE, 0xDB, 0xDE, 0xFB, 0xDE, 0xFB, 0xDE, 0xFB, 0xDE, 0xFB, 0xDE, 0xFB, 0xDE, 0xFB, 0xDE,
    0xFB, 0xDE, 0xFB, 0xDE, 0xFB, 0xDE, 0xFB, 0xDE, 0xFB, 0xDE, 0x1C, 0xE7, 0x1C, 0xE7, 0x1C, 0xE7,
    0x1C, 0xE7, 0x1C, 0xE7, 0x1C, 0xE7, 0x1C, 0xE7, 0x1C, 0xE7, 0x1C, 0xE7, 0x3C, 0xE7, 0x3C, 0xE7,
    0x3C, 0xE7, 0x3C, 0xE7, 0x3C, 0xE7, 0x3C, 0xE7, 0x3C, 0xE7, 0x3C, 0xE7, 0x5D, 0xEF, 0x5D, 0xEF,
    0x5D, 0xEF, 0x5D, 0xEF, 0x5D, 0xEF, 0x5D, 0xEF, 0x5D, 0xEF, 0x7D, 0xEF, 0x7D, 0xEF, 0x7D, 0xEF,
    0x7D, 0xEF, 0x7D, 0xEF, 0x7D, 0xEF, 0x7D, 0xEF, 0x7D, 0xEF, 0x7D, 0xEF, 0x7D, 0xEF, 0x7D, 0xEF,
    0x7D, 0xEF, 0x9E, 0xF7, 0x9E, 0xF7, 0x9E, 0xF7, 0x9E, 0xF7, 0x9E, 0xF7, 0x9E, 0xF7, 0x9E, 0xF7,
    0x9E, 0xF7, 0x9E, 0xF7, 0x9E, 0xF7, 0x9E, 0xF7, 0xBE, 0xF7, 0xBE, 0xF7, 0xBE, 0xF7, 0xBE, 0xF7,
    0xBE, 0xF7, 0xBE, 0xF7, 0xBE, 0xF7, 0xBE, 0xF7, 0xBE, 0xF7, 0xBE, 0xF7, 0xBE, 0xF7, 0xBE, 0xF7,
    0xBE, 0xF7, 0xBE, 0xF7, 0xBE, 0xF7, 0xBE, 0xF7, 0xBE, 0xF7, 0xDF, 0xFF, 0xDF, 0xFF, 0xDF, 0xFF,
    0xDF, 0xFF, 0xDF, 0xFF, 0xDF, 0xFF, 0xDF, 0xFF, 0xDF, 0xFF, 0xDF, 0xFF, 0xDF, 0xFF, 0xDF, 0xFF,
    0xDF, 0xFF, 0xDF, 0xFF, 0xDF, 0xFF, 0xDF, 0xFF, 0xDF, 0xFF, 0xDF, 0xFF, 0xDF, 0xFF, 0xDF, 0xFF,
    0xDF, 0xFF, 0xDF, 0xFF, 0xDF, 0xFF, 0x24, 0x21, 0x24, 0x21, 0x24, 0x21, 0x24, 0x21, 0x24, 0x21,
    0x24, 0x21, 0x24, 0x21, 0x24, 0x21, 0x24, 0x21, 0x24, 0x21, 0x45, 0x29, 0x45, 0x29, 0x86, 0x31,
    0xA6, 0x31, 0xE7, 0x39, 0x28, 0x42, 0x49, 0x4A, 0x8A, 0x52, 0xCB, 0x5A, 0xCB, 0x5A, 0xEB, 0x5A,
    0xEB, 0x5A, 0xEB, 0x5A, 0xCB, 0x5A, 0xCB, 0x5A, 0xCB, 0x5A, 0xCB, 0x5A, 0xCB, 0x5A, 0xAA, 0x52,
    0xAA, 0x52, 0x8A, 0x52, 0x69, 0x4A, 0x49, 0x4A, 0x08, 0x42, 0xE7, 0x39, 0xA6, 0x31, 0x86, 0x31,
    0x45, 0x29, 0x45, 0x29, 0x24, 0x21, 0x24, 0x21, 0x24, 0x21, 0x24, 0x21, 0x24, 0x21, 0x24, 0x21,
    0x24, 0x21, 0x24, 0x21, 0x24, 0x21, 0x24, 0x21, 0x59, 0xCE, 0x59, 0xCE, 0x59, 0xCE, 0x59, 0xCE,
    0x59, 0xCE, 0x59, 0xCE, 0x59, 0xCE, 0x04, 0x21, 0x04, 0x21, 0x04, 0x21, 0x04, 0x21, 0x04, 0x21,
    0x04, 0x21, 0x04, 0x21, 0x04, 0x21, 0x04, 0x21, 0x04, 0x21, 0x04, 0x21, 0x04, 0x21, 0x04, 0x21,
    0x04, 0x21, 0x04, 0x21, 0x04, 0x21, 0x04, 0x21, 0x04, 0x21, 0x59, 0xCE, 0x59, 0xCE, 0x59, 0xCE,
    0x59, 0xCE, 0x59, 0xCE, 0x59, 0xCE, 0x59, 0xCE, 0x59, 0xCE, 0x59, 0xCE, 0x59, 0xCE, 0x59, 0xCE,
    0x59, 0xCE, 0x59, 0xCE, 0x59, 0xCE, 0x59, 0xCE, 0x59, 0xCE, 0x59, 0xCE, 0x59, 0xCE, 0x59, 0xCE,
    0x59, 0xCE, 0x59, 0xCE, 0x59, 0xCE, 0x59, 0xCE, 0x59, 0xCE, 0x59, 0xCE, 0x59, 0xCE, 0x59, 0xCE,
    0x59, 0xCE, 0x59, 0xCE, 0x59, 0xCE, 0x59, 0xCE, 0x59, 0xCE, 0x59, 0xCE, 0x59, 0xCE, 0x59, 0xCE,
    0x59, 0xCE, 0x59, 0xCE, 0x59, 0xCE, 0x59, 0xCE, 0x59, 0xCE, 0x59, 0xCE, 0x59, 0xCE, 0x59, 0xCE,
    0x59, 0xCE, 0x59, 0xCE, 0x59, 0xCE, 0x59, 0xCE, 0x59, 0xCE, 0x59, 0xCE, 0x59, 0xCE, 0x59, 0xCE,
    0x59, 0xCE, 0x59, 0xCE, 0x59, 0xCE, 0x59, 0xCE, 0x59, 0xCE, 0x59, 0xCE, 0x59, 0xCE, 0x59, 0xCE,
    0x59, 0xCE, 0x59, 0xCE, 0x59, 0xCE, 0x59, 0xCE, 0x59, 0xCE, 0x59, 0xCE, 0x59, 0xCE, 0x59, 0xCE,
    0x59, 0xCE, 0x59, 0xCE, 0x59, 0xCE, 0x59, 0xCE, 0x59, 0xCE, 0x59, 0xCE, 0x59, 0xCE, 0x59, 0xCE,
    0x59, 0xCE, 0x59, 0xCE, 0x59, 0xCE, 0x59, 0xCE, 0x59, 0xCE, 0x59, 0xCE, 0x59, 0xCE, 0x59, 0xCE,
    0x59, 0xCE, 0x59, 0xCE, 0xC7, 0x39, 0x1C, 0xDF, 0x1C, 0xE7, 0x3C, 0xE7, 0x5D, 0xEF, 0x7D, 0xEF,
    0xBA, 0xD6, 0xBA, 0xD6, 0xBA, 0xD6, 0xBA, 0xD6, 0xBA, 0xD6, 0xBA, 0xD6, 0xBA, 0xD6, 0xBA, 0xD6,
    0xBA, 0xD6, 0xBA, 0xD6, 0xBA, 0xD6, 0xBA, 0xD6, 0xBA, 0xD6, 0xBA, 0xD6, 0xBA, 0xD6, 0xBA, 0xD6,
    0xBA, 0xD6, 0xBA, 0xD6, 0xBA, 0xD6, 0xBA, 0xD6, 0xBA, 0xD6, 0xBA, 0xD6, 0xBA, 0xD6, 0xBA, 0xD6,
    0xBA, 0xD6, 0xBA, 0xD6, 0xBA, 0xD6, 0xBA, 0xD6, 0xBA, 0xD6, 0xBA, 0xD6, 0xBA, 0xD6, 0xBA, 0xD6,
    0xBA, 0xD6, 0xBA, 0xD6, 0xBA, 0xD6, 0xBA, 0xD6, 0xBA, 0xD6, 0xBA, 0xD6, 0xBA, 0xD6, 0xBA, 0xD6,
    0xBA, 0xD6, 0xBA, 0xD6, 0xDB, 0xDE, 0xDB, 0xDE, 0xDB, 0xDE, 0xDB, 0xDE, 0xDB, 0xDE, 0xDB, 0xDE,
    0xDB, 0xDE, 0xDB, 0xDE, 0xDB, 0xDE, 0xDB, 0xDE, 0xDB, 0xDE, 0xDB, 0xDE, 0xDB, 0xDE, 0xDB, 0xDE,
    0xDB, 0xDE, 0xDB, 0xDE, 0xFB, 0xDE, 0xFB, 0xDE, 0xFB, 0xDE, 0xFB, 0xDE, 0xFB, 0xDE, 0xFB, 0xDE,
    0xFB, 0xDE, 0xFB, 0xDE, 0xFB, 0xDE, 0xFB, 0xDE, 0xFB, 0xDE, 0x1C, 0xE7, 0x1C, 0xE7, 0x1C, 0xE7,
    0x1C, 0xE7, 0x1C, 0xE7, 0x1C, 0xE7, 0x1C, 0xE7, 0x1C, 0xE7, 0x1C, 0xE7, 0x3C, 0xE7, 0x3C, 0xE7,
    0x3C, 0xE7, 0x3C, 0xE7, 0x3C, 0xE7, 0x3C, 0xE7, 0x3C, 0xE7, 0x3C, 0xE7, 0x3C, 0xE7, 0x5D, 0xEF,
    0x5D, 0xEF, 0x5D, 0xEF, 0x5D, 0xEF, 0x5D, 0xEF, 0x5D, 0xEF, 0x5D, 0xEF, 0x5D, 0xEF, 0x5D, 0xEF,
    0x7D, 0xEF, 0x7D, 0xEF, 0x7D, 0xEF, 0x7D, 0xEF, 0x7D, 0xEF, 0x7D, 0xEF, 0x7D, 0xEF, 0x7D, 0xEF,
    0x7D, 0xEF, 0x9D, 0xEF, 0x9E, 0xF7, 0x9E, 0xF7, 0x9E, 0xF7, 0x9E, 0xF7, 0x9E, 0xF7, 0x9E, 0xF7,
    0x9E, 0xF7, 0x9E, 0xF7, 0x9E, 0xF7, 0x9E, 0xF7, 0x9E, 0xF7, 0xBE, 0xF7, 0xBE, 0xF7, 0xBE, 0xF7,
    0xBE, 0xF7, 0xBE, 0xF7, 0xBE, 0xF7, 0xBE, 0xF7, 0xBE, 0xF7, 0xBE, 0xF7, 0xBE, 0xF7, 0xBE, 0xF7,
    0xBE, 0xF7, 0xBE, 0xF7, 0xBE, 0xF7, 0xBE, 0xF7, 0xBE, 0xF7, 0xDF, 0xFF, 0xDF, 0xFF, 0xDF, 0xFF,
    0xDF, 0xFF, 0xDF, 0xFF, 0xDF, 0xFF, 0xDF, 0xFF, 0xDF, 0xFF, 0xDF, 0xFF, 0xDF, 0xFF, 0xDF, 0xFF,
    0xDF, 0xFF, 0xDF, 0xFF, 0xDF, 0xFF, 0xDF, 0xFF, 0xDF, 0xFF, 0xDF, 0xFF, 0xDF, 0xFF, 0xDF, 0xFF,
    0xDF, 0xFF, 0xDF, 0xFF, 0xDF, 0xFF, 0x24, 0x21, 0x24, 0x21, 0x24, 0x21, 0x24, 0x21, 0x24, 0x21,
    0x24, 0x21, 0x24, 0x21, 0x24, 0x21, 0x24, 0x21, 0x24, 0x21, 0x24, 0x21, 0x45, 0x29, 0x45, 0x29,
    0x65, 0x29, 0x86, 0x31, 0xC7, 0x39, 0xE7, 0x39, 0x28, 0x42, 0x49, 0x4A, 0x69, 0x4A, 0x8A, 0x52,
    0x8A, 0x52, 0x8A, 0x52, 0xAA, 0x52, 0xAA, 0x52, 0xAA, 0x52, 0x8A, 0x52, 0x8A, 0x52, 0x69, 0x4A,
    0x69, 0x4A, 0x49, 0x4A, 0x28, 0x42, 0xE7, 0x39, 0xC7, 0x39, 0x86, 0x31, 0x65, 0x29, 0x45, 0x29,
    0x45, 0x29, 0x24, 0x21, 0x24, 0x21, 0x24, 0x21, 0x24, 0x21, 0x24, 0x21, 0x24, 0x21, 0x24, 0x21,
    0x24, 0x21, 0x24, 0x21, 0x24, 0x21, 0x24, 0x21, 0x59, 0xCE, 0x59, 0xCE, 0x59, 0xCE, 0x59, 0xCE,
    0x59, 0xCE, 0x59, 0xCE, 0x59, 0xCE, 0x04, 0x21, 0x04, 0x21, 0x04, 0x21, 0x04, 0x21, 0x04, 0x21,
    0x04, 0x21, 0x04, 0x21, 0x04, 0x21, 0x04, 0x21, 0x04, 0x21, 0x04, 0x21, 0x04, 0x21, 0x04, 0x21,
    0x04, 0x21, 0x04, 0x21, 0x04, 0x21, 0x04, 0x21, 0x04, 0x21, 0x59, 0xCE, 0x59, 0xCE, 0x59, 0xCE,
    0x59, 0xCE, 0x59, 0xCE, 0x59, 0xCE, 0x59, 0xCE, 0x59, 0xCE, 0x59, 0xCE, 0x59, 0xCE, 0x59, 0xCE,
    0x59, 0xCE, 0x59, 0xCE, 0x59, 0xCE, 0x59, 0xCE, 0x59, 0xCE, 0x59, 0xCE, 0x59, 0xCE, 0x59, 0xCE,
    0x59, 0xCE, 0x59, 0xCE, 0x59, 0xCE, 0x59, 0xCE, 0x59, 0xCE, 0x59, 0xCE, 0x59, 0xCE, 0x59, 0xCE,
    0x59, 0xCE, 0x59, 0xCE, 0x59, 0xCE, 0x59, 0xCE, 0x59, 0xCE, 0x59, 0xCE, 0x59, 0xCE, 0x59, 0xCE,
    0x59, 0xCE, 0x59, 0xCE, 0x59, 0xCE, 0x59, 0xCE, 0x59, 0xCE, 0x59, 0xCE, 0x59, 0xCE, 0x59, 0xCE,
    0x59, 0xCE, 0x59, 0xCE, 0x59, 0xCE, 0x59, 0xCE, 0x59, 0xCE, 0x59, 0xCE, 0x59, 0xCE, 0x59, 0xCE,
    0x59, 0xCE, 0x59, 0xCE, 0x59, 0xCE, 0x59, 0xCE, 0x59, 0xCE, 0x59, 0xCE, 0x59, 0xCE, 0x59, 0xCE,
    0x59, 0xCE, 0x59, 0xCE, 0x59, 0xCE, 0x59, 0xCE, 0x59, 0xCE, 0x59, 0xCE, 0x59, 0xCE, 0x59, 0xCE,
    0x59, 0xCE, 0x59, 0xCE, 0x59, 0xCE, 0x59, 0xCE, 0x59, 0xCE, 0x59, 0xCE, 0x59, 0xCE, 0x59, 0xCE,
    0x59, 0xCE, 0x59, 0xCE, 0x59, 0xCE, 0x59, 0xCE, 0x59, 0xCE, 0x59, 0xCE, 0x59, 0xCE, 0x59, 0xCE,
    0x59, 0xCE, 0x59, 0xCE, 0xC7, 0x39, 0x1C, 0xE7, 0x1C, 0xE7, 0x3C, 0xE7, 0x5D, 0xEF, 0x7D, 0xEF,
    0xBA, 0xD6, 0xBA, 0xD6, 0xBA, 0xD6, 0xBA, 0xD6, 0xBA, 0xD6, 0xBA, 0xD6, 0xBA, 0xD6, 0xBA, 0xD6,
    0xBA, 0xD6, 0xBA, 0xD6, 0xBA, 0xD6, 0xBA, 0xD6, 0xBA, 0xD6, 0xBA, 0xD6, 0xBA, 0xD6, 0xBA, 0xD6,
    0xBA, 0xD6, 0xBA, 0xD6, 0xBA, 0xD6, 0xBA, 0xD6, 0xBA, 0xD6, 0xBA, 0xD6, 0xBA, 0xD6, 0xBA, 0xD6,
    0xBA, 0xD6, 0xBA, 0xD6, 0xBA, 0xD6, 0xBA, 0xD6, 0xBA, 0xD6, 0xBA, 0xD6, 0xBA, 0xD6, 0xBA, 0xD6,
    0xBA, 0xD6, 0xBA, 0xD6, 0xBA, 0xD6, 0xBA, 0xD6, 0xBA, 0xD6, 0xBA, 0xD6, 0xBA, 0xD6, 0xBA, 0xD6,
    0xBA, 0xD6, 0xBA, 0xD6, 0xBA, 0xD6, 0xDB, 0xDE, 0xDB, 0xDE, 0xDB, 0xDE, 0xDB, 0xDE, 0xDB, 0xDE,
    0xDB, 0xDE, 0xDB, 0xDE, 0xDB, 0xDE, 0xDB, 0xDE, 0xDB, 0xDE, 0xDB, 0xDE, 0xDB, 0xDE, 0xDB, 0xDE,
    0xDB, 0xDE, 0xDB, 0xDE, 0xDB, 0xDE, 0xFB, 0xDE, 0xFB, 0xDE, 0xFB, 0xDE, 0xFB, 0xDE, 0xFB, 0xDE,
    0xFB, 0xDE, 0xFB, 0xDE, 0xFB, 0xDE, 0xFB, 0xDE, 0xFB, 0xDE, 0x1C, 0xE7, 0x1C, 0xE7, 0x1C, 0xE7,
    0x1C, 0xE7, 0x1C, 0xE7, 0x1C, 0xE7, 0x1C, 0xE7, 0x1C, 0xE7, 0x1C, 0xE7, 0x1C, 0xE7, 0x3C, 0xE7,
    0x3C, 0xE7, 0x3C, 0xE7, 0x3C, 0xE7, 0x3C, 0xE7, 0x3C, 0xE7, 0x3C, 0xE7, 0x3C, 0xE7, 0x5C, 0xE7,
    0x5D, 0xEF, 0x5D, 0xEF, 0x5D, 0xEF, 0x5D, 0xEF, 0x5D, 0xEF, 0x5D, 0xEF, 0x5D, 0xEF, 0x5D, 0xEF,
    0x5D, 0xEF, 0x7D, 0xEF, 0x7D, 0xEF, 0x7D, 0xEF, 0x7D, 0xEF, 0x7D, 0xEF, 0x7D, 0xEF, 0x7D, 0xEF,
    0x7D, 0xEF, 0x7D, 0xEF, 0x9D, 0xEF, 0x9E, 0xF7, 0x9E, 0xF7, 0x9E, 0xF7, 0x9E, 0xF7, 0x9E, 0xF7,
    0x9E, 0xF7, 0x9E, 0xF7, 0x9E, 0xF7, 0x9E, 0xF7, 0x9E, 0xF7, 0x9E, 0xF7, 0xBE, 0xF7, 0xBE, 0xF7,
    0xBE, 0xF7, 0xBE, 0xF7, 0xBE, 0xF7, 0xBE, 0xF7, 0xBE, 0xF7, 0xBE, 0xF7, 0xBE, 0xF7, 0xBE, 0xF7,
    0xBE, 0xF7, 0xBE, 0xF7, 0xBE, 0xF7, 0xBE, 0xF7, 0xBE, 0xF7, 0xBE, 0xF7, 0xBE, 0xF7, 0xDF, 0xFF,
    0xDF, 0xFF, 0xDF, 0xFF, 0xDF, 0xFF, 0xDF, 0xFF, 0xDF, 0xFF, 0xDF, 0xFF, 0xDF, 0xFF, 0xDF, 0xFF,
    0xDF, 0xFF, 0xDF, 0xFF, 0xDF, 0xFF, 0xDF, 0xFF, 0xDF, 0xFF, 0xDF, 0xFF, 0xDF, 0xFF, 0xDF, 0xFF,
    0xDF, 0xFF, 0xDF, 0xFF, 0xDF, 0xFF, 0x24, 0x21, 0x24, 0x21, 0x24, 0x21, 0x24, 0x21, 0x24, 0x21,
    0x24, 0x21, 0x24, 0x21, 0x24, 0x21, 0x24, 0x21, 0x24, 0x21, 0x24, 0x21, 0x24, 0x21, 0x45, 0x29,
    0x45, 0x29, 0x65, 0x29, 0x86, 0x31, 0xA6, 0x31, 0xC7, 0x39, 0xE7, 0x39, 0x08, 0x42, 0x28, 0x42,
    0x28, 0x42, 0x49, 0x4A, 0x49, 0x4A, 0x49, 0x4A, 0x49, 0x4A, 0x49, 0x4A, 0x49, 0x4A, 0x28, 0x42,
    0x08, 0x42, 0xE7, 0x39, 0xC7, 0x39, 0xA6, 0x31, 0x86, 0x31, 0x65, 0x29, 0x45, 0x29, 0x45, 0x29,
    0x24, 0x21, 0x24, 0x21, 0x24, 0x21, 0x24, 0x21, 0x24, 0x21, 0x24, 0x21, 0x24, 0x21, 0x24, 0x21,
    0x24, 0x21, 0x24, 0x21, 0x24, 0x21, 0x24, 0x21, 0x59, 0xCE, 0x59, 0xCE, 0x59, 0xCE, 0x59, 0xCE,
    0x59, 0xCE, 0x59, 0xCE, 0x59, 0xCE, 0x04, 0x21, 0x04, 0x21, 0xCB, 0x5A, 0x55, 0xAD, 0x49, 0x4A,
    0x04, 0x21, 0x04, 0x21, 0x04, 0x21, 0x55, 0xAD, 0xAE, 0x73, 0x04, 0x21, 0x04, 0x21, 0x04, 0x21,
    0x04, 0x21, 0x04, 0x21, 0x04, 0x21, 0x04, 0x21, 0x04, 0x21, 0x59, 0xCE, 0x59, 0xCE, 0x59, 0xCE,
    0x59, 0xCE, 0x59, 0xCE, 0x59, 0xCE, 0x59, 0xCE, 0x59, 0xCE, 0x59, 0xCE, 0x59, 0xCE, 0x59, 0xCE,
    0x59, 0xCE, 0x59, 0xCE, 0x59, 0xCE, 0x59, 0xCE, 0x59, 0xCE, 0x59, 0xCE, 0x59, 0xCE, 0x59, 0xCE,
    0x59, 0xCE, 0x59, 0xCE, 0x59, 0xCE, 0x59, 0xCE, 0x59, 0xCE, 0x59, 0xCE, 0x59, 0xCE, 0x59, 0xCE,
    0x59, 0xCE, 0x59, 0xCE, 0x59, 0xCE, 0x59, 0xCE, 0x59, 0xCE, 0x59, 0xCE, 0x59, 0xCE, 0x59, 0xCE,
    0x59, 0xCE, 0x59, 0xCE, 0x59, 0xCE, 0x59, 0xCE, 0x59, 0xCE, 0x59, 0xCE, 0x59, 0xCE, 0x59, 0xCE,
    0x59, 0xCE, 0x59, 0xCE, 0x59, 0xCE, 0x59, 0xCE, 0x59, 0xCE, 0x59, 0xCE, 0x59, 0xCE, 0x59, 0xCE,
    0x59, 0xCE, 0x59, 0xCE, 0x59, 0xCE, 0x59, 0xCE, 0x59, 0xCE, 0x59, 0xCE, 0x59, 0xCE, 0x59, 0xCE,
    0x59, 0xCE, 0x59, 0xCE, 0x59, 0xCE, 0x59, 0xCE, 0x59, 0xCE, 0x59, 0xCE, 0x59, 0xCE, 0x59, 0xCE,
    0x59, 0xCE, 0x59, 0xCE, 0x59, 0xCE, 0x59, 0xCE, 0x59, 0xCE, 0x59, 0xCE, 0x59, 0xCE, 0x59, 0xCE,
    0x59, 0xCE, 0x59, 0xCE, 0x59, 0xCE, 0x59, 0xCE, 0x59, 0xCE, 0x59, 0xCE, 0x59, 0xCE, 0x59, 0xCE,
    0x59, 0xCE, 0x59, 0xCE, 0xC7, 0x39, 0x1C, 0xDF, 0x1C, 0xE7, 0x3C, 0xE7, 0x5D, 0xEF, 0x7D, 0xEF,
    0xBA, 0xD6, 0xBA, 0xD6, 0xBA, 0xD6, 0xBA, 0xD6, 0xBA, 0xD6, 0xBA, 0xD6, 0xBA, 0xD6, 0xBA, 0xD6,
    0xBA, 0xD6, 0xBA, 0xD6, 0xBA, 0xD6, 0xBA, 0xD6, 0xBA, 0xD6, 0xBA, 0xD6, 0xBA, 0xD6, 0xBA, 0xD6,
    0xBA, 0xD6, 0xBA, 0xD6, 0xBA, 0xD6, 0xBA, 0xD6, 0xBA, 0xD6, 0xBA, 0xD6, 0xBA, 0xD6, 0xBA, 0xD6,
    0xBA, 0xD6, 0xBA, 0xD6, 0xBA, 0xD6, 0xBA, 0xD6, 0xBA, 0xD6, 0xBA, 0xD6, 0xBA, 0xD6, 0xBA, 0xD6,
    0xBA, 0xD6, 0xBA, 0xD6, 0xBA, 0xD6, 0xBA, 0xD6, 0xBA, 0xD6, 0xBA, 0xD6, 0xBA, 0xD6, 0xBA, 0xD6,
    0xBA, 0xD6, 0xBA, 0xD6, 0xBA, 0xD6, 0xDB, 0xDE, 0xDB, 0xDE, 0xDB, 0xDE, 0xDB, 0xDE, 0xDB, 0xDE,
    0xDB, 0xDE, 0xDB, 0xDE, 0xDB, 0xDE, 0xDB, 0xDE, 0xDB, 0xDE, 0xDB, 0xDE, 0xDB, 0xDE, 0xDB, 0xDE,
    0xDB, 0xDE, 0xDB, 0xDE, 0xDB, 0xDE, 0xFB, 0xDE, 0xFB, 0xDE, 0xFB, 0xDE, 0xFB, 0xDE, 0xFB, 0xDE,
    0xFB, 0xDE, 0xFB, 0xDE, 0xFB, 0xDE, 0xFB, 0xDE, 0xFB, 0xDE, 0xFB, 0xDE, 0x1C, 0xE7, 0x1C, 0xE7,
    0x1C, 0xE7, 0x1C, 0xE7, 0x1C, 0xE7, 0x1C, 0xE7, 0x1C, 0xE7, 0x1C, 0xE7, 0x1C, 0xE7, 0x3C, 0xE7,
    0x3C, 0xE7, 0x3C, 0xE7, 0x3C, 0xE7, 0x3C, 0xE7, 0x3C, 0xE7, 0x3C, 0xE7, 0x3C, 0xE7, 0x3C, 0xE7,
    0x5D, 0xEF, 0x5D, 0xEF, 0x5D, 0xEF, 0x5D, 0xEF, 0x5D, 0xEF, 0x5D, 0xEF, 0x5D, 0xEF, 0x5D, 0xEF,
    0x5D, 0xEF, 0x7D, 0xEF, 0x7D, 0xEF, 0x7D, 0xEF, 0x7D, 0xEF, 0x7D, 0xEF, 0x7D, 0xEF, 0x7D, 0xEF,
    0x7D, 0xEF, 0x7D, 0xEF, 0x7D, 0xEF, 0x9D, 0xEF, 0x9E, 0xF7, 0x9E, 0xF7, 0x9E, 0xF7, 0x9E, 0xF7,
    0x9E, 0xF7, 0x9E, 0xF7, 0x9E, 0xF7, 0x9E, 0xF7, 0x9E, 0xF7, 0x9E, 0xF7, 0x9E, 0xF7, 0xBE, 0xF7,
    0xBE, 0xF7, 0xBE, 0xF7, 0xBE, 0xF7, 0xBE, 0xF7, 0xBE, 0xF7, 0xBE, 0xF7, 0xBE, 0xF7, 0xBE, 0xF7,
    0xBE, 0xF7, 0xBE, 0xF7, 0xBE, 0xF7, 0xBE, 0xF7, 0xBE, 0xF7, 0xBE, 0xF7, 0xDF, 0xFF, 0xBE, 0xF7,
    0xDF, 0xFF, 0xBE, 0xF7, 0xBE, 0xF7, 0xDF, 0xFF, 0xDF, 0xFF, 0xDF, 0xFF, 0xDF, 0xFF, 0xDF, 0xFF,
    0xDF, 0xFF, 0xDF, 0xFF, 0xDF, 0xFF, 0xDF, 0xFF, 0xDF, 0xFF, 0xDF, 0xFF, 0xDF, 0xFF, 0xDF, 0xFF,
    0xDF, 0xFF, 0xDF, 0xFF, 0xDF, 0xFF, 0x24, 0x21, 0x24, 0x21, 0x24, 0x21, 0x24, 0x21, 0x24, 0x21,
    0x24, 0x21, 0x24, 0x21, 0x24, 0x21, 0x24, 0x21, 0x24, 0x21, 0x24, 0x21, 0x24, 0x21, 0x24, 0x21,
    0x24, 0x21, 0x45, 0x29, 0x45, 0x29, 0x65, 0x29, 0x86, 0x31, 0x86, 0x31, 0xA6, 0x31, 0xC7, 0x39,
    0xC7, 0x39, 0xE7, 0x39, 0xE7, 0x39, 0xE7, 0x39, 0xE7, 0x39, 0xE7, 0x39, 0xC7, 0x39, 0xC7, 0x39,
    0xC7, 0x39, 0xA6, 0x31, 0x65, 0x29, 0x65, 0x29, 0x45, 0x29, 0x45, 0x29, 0x24, 0x21, 0x24, 0x21,
    0x24, 0x21, 0x24, 0x21, 0x24, 0x21, 0x24, 0x21, 0x24, 0x21, 0x24, 0x21, 0x24, 0x21, 0x24, 0x21,
    0x24, 0x21, 0x24, 0x21, 0x24, 0x21, 0x24, 0x21, 0x59, 0xCE, 0x59, 0xCE, 0x59, 0xCE, 0x59, 0xCE,
    0x59, 0xCE, 0x59, 0xCE, 0x59, 0xCE, 0x04, 0x21, 0x04, 0x21, 0x65, 0x29, 0x9E, 0xF7, 0x75, 0xAD,
    0x04, 0x21, 0x04, 0x21, 0x2C, 0x63, 0xFF, 0xFF, 0xAE, 0x73, 0x04, 0x21, 0x04, 0x21, 0x04, 0x21,
    0x04, 0x21, 0x04, 0x21, 0x04, 0x21, 0x04, 0x21, 0x04, 0x21, 0x59, 0xCE, 0x59, 0xCE, 0x59, 0xCE,
    0x59, 0xCE, 0x59, 0xCE, 0x59, 0xCE, 0x59, 0xCE, 0x59, 0xCE, 0x59, 0xCE, 0x59, 0xCE, 0x59, 0xCE,
    0x59, 0xCE, 0x59, 0xCE, 0x59, 0xCE, 0x59, 0xCE, 0x59, 0xCE, 0x59, 0xCE, 0x59, 0xCE, 0x59, 0xCE,
    0x59, 0xCE, 0x59, 0xCE, 0x59, 0xCE, 0x59, 0xCE, 0x59, 0xCE, 0x59, 0xCE, 0x59, 0xCE, 0x59, 0xCE,
    0x59, 0xCE, 0x59, 0xCE, 0x59, 0xCE, 0x59, 0xCE, 0x59, 0xCE, 0x59, 0xCE, 0x59, 0xCE, 0x59, 0xCE,
    0x59, 0xCE, 0x59, 0xCE, 0x59, 0xCE, 0x59, 0xCE, 0x59, 0xCE, 0x59, 0xCE, 0x59, 0xCE, 0x59, 0xCE,
    0x59, 0xCE, 0x59, 0xCE, 0x59, 0xCE, 0x59, 0xCE, 0x59, 0xCE, 0x59, 0xCE, 0x59, 0xCE, 0x59, 0xCE,
    0x59, 0xCE, 0x59, 0xCE, 0x59, 0xCE, 0x59, 0xCE, 0x59, 0xCE, 0x59, 0xCE, 0x59, 0xCE, 0x59, 0xCE,
    0x59, 0xCE, 0x59, 0xCE, 0x59, 0xCE, 0x59, 0xCE, 0x59, 0xCE, 0x59, 0xCE, 0x59, 0xCE, 0x59, 0xCE,
    0x59, 0xCE, 0x59, 0xCE, 0x59, 0xCE, 0x59, 0xCE, 0x59, 0xCE, 0x59, 0xCE, 0x59, 0xCE, 0x59, 0xCE,
    0x59, 0xCE, 0x59, 0xCE, 0x59, 0xCE, 0x59, 0xCE, 0x59, 0xCE, 0x59, 0xCE, 0x59, 0xCE, 0x59, 0xCE,
    0x59, 0xCE, 0x59, 0xCE, 0xC7, 0x39, 0xFB, 0xDE, 0x1C, 0xE7, 0x3C, 0xE7, 0x5D, 0xEF, 0x7D, 0xEF,
    0xBA, 0xD6, 0xBA, 0xD6, 0xBA, 0xD6, 0xBA, 0xD6, 0xBA, 0xD6, 0xBA, 0xD6, 0xBA, 0xD6, 0xBA, 0xD6,
    0xBA, 0xD6, 0xBA, 0xD6, 0xBA, 0xD6, 0xBA, 0xD6, 0xBA, 0xD6, 0xBA, 0xD6, 0xBA, 0xD6, 0xBA, 0xD6,
    0xBA, 0xD6, 0xBA, 0xD6, 0xBA, 0xD6, 0xBA, 0xD6, 0xBA, 0xD6, 0xBA, 0xD6, 0xBA, 0xD6, 0xBA, 0xD6,
    0xBA, 0xD6, 0xBA, 0xD6, 0xBA, 0xD6, 0xBA, 0xD6, 0xBA, 0xD6, 0xBA, 0xD6, 0xBA, 0xD6, 0xBA, 0xD6,
    0xBA, 0xD6, 0xBA, 0xD6, 0xBA, 0xD6, 0xBA, 0xD6, 0xBA, 0xD6, 0xBA, 0xD6, 0xBA, 0xD6, 0xBA, 0xD6,
    0xBA, 0xD6, 0xBA, 0xD6, 0xBA, 0xD6, 0xBA, 0xD6, 0xDB, 0xDE, 0xDB, 0xDE, 0xDB, 0xDE, 0xDB, 0xDE,
    0xDB, 0xDE, 0xDB, 0xDE, 0xDB, 0xDE, 0xDB, 0xDE, 0xDB, 0xDE, 0xDB, 0xDE, 0xDB, 0xDE, 0xDB, 0xDE,
    0xDB, 0xDE, 0xDB, 0xDE, 0xDB, 0xDE, 0xFB, 0xDE, 0xFB, 0xDE, 0xFB, 0xDE, 0xFB, 0xDE, 0xFB, 0xDE,
    0xFB, 0xDE, 0xFB, 0xDE, 0xFB, 0xDE, 0xFB, 0xDE, 0xFB, 0xDE, 0xFB, 0xDE, 0x1C, 0xE7, 0x1C, 0xE7,
    0x1C, 0xE7, 0x1C, 0xE7, 0x1C, 0xE7, 0x1C, 0xE7, 0x1C, 0xE7, 0x1C, 0xE7, 0x1C, 0xE7, 0x3C, 0xE7,
    0x3C, 0xE7, 0x3C, 0xE7, 0x3C, 0xE7, 0x3C, 0xE7, 0x3C, 0xE7, 0x3C, 0xE7, 0x3C, 0xE7, 0x3C, 0xE7,
    0x3C, 0xE7, 0x5D, 0xEF, 0x5D, 0xEF, 0x5D, 0xEF, 0x5D, 0xEF, 0x5D, 0xEF, 0x5D, 0xEF, 0x5D, 0xEF,
    0x5D, 0xEF, 0x5D, 0xEF, 0x7D, 0xEF, 0x7D, 0xEF, 0x7D, 0xEF, 0x7D, 0xEF, 0x7D, 0xEF, 0x7D, 0xEF,
    0x7D, 0xEF, 0x7D, 0xEF, 0x7D, 0xEF, 0x7D, 0xEF, 0x9E, 0xF7, 0x9E, 0xF7, 0x9E, 0xF7, 0x9E, 0xF7,
    0x9E, 0xF7, 0x9E, 0xF7, 0x9E, 0xF7, 0x9E, 0xF7, 0x9E, 0xF7, 0x9E, 0xF7, 0x9E, 0xF7, 0x9E, 0xF7,
    0x9E, 0xF7, 0xBE, 0xF7, 0xBE, 0xF7, 0xBE, 0xF7, 0xBE, 0xF7, 0xBE, 0xF7, 0xBE, 0xF7, 0xBE, 0xF7,
    0xBE, 0xF7, 0xBE, 0xF7, 0xBE, 0xF7, 0xBE, 0xF7, 0xBE, 0xF7, 0xBE, 0xF7, 0xBE, 0xF7, 0xBE, 0xF7,
    0xBE, 0xF7, 0xDF, 0xFF, 0xDF, 0xFF, 0xDF, 0xFF, 0xDF, 0xFF, 0xDF, 0xFF, 0xDF, 0xFF, 0xDF, 0xFF,
    0xDF, 0xFF, 0xDF, 0xFF, 0xDF, 0xFF, 0xDF, 0xFF, 0xDF, 0xFF, 0xDF, 0xFF, 0xDF, 0xFF, 0xDF, 0xFF,
    0xDF, 0xFF, 0xDF, 0xFF, 0xDF, 0xFF, 0x24, 0x21, 0x24, 0x21, 0x24, 0x21, 0x24, 0x21, 0x24, 0x21,
    0x24, 0x21, 0x24, 0x21, 0x24, 0x21, 0x24, 0x21, 0x24, 0x21, 0x24, 0x21, 0x24, 0x21, 0x24, 0x21,
    0x24, 0x21, 0x24, 0x21, 0x24, 0x21, 0x45, 0x29, 0x45, 0x29, 0x65, 0x29, 0x65, 0x29, 0x86, 0x31,
    0x86, 0x31, 0x86, 0x31, 0x86, 0x31, 0x86, 0x31, 0x86, 0x31, 0x86, 0x31, 0x86, 0x31, 0x86, 0x31,
    0x65, 0x29, 0x65, 0x29, 0x45, 0x29, 0x45, 0x29, 0x24, 0x21, 0x24, 0x21, 0x24, 0x21, 0x24, 0x21,
    0x24, 0x21, 0x24, 0x21, 0x24, 0x21, 0x24, 0x21, 0x24, 0x21, 0x24, 0x21, 0x24, 0x21, 0x24, 0x21,
    0x24, 0x21, 0x24, 0x21, 0x24, 0x21, 0x24, 0x21, 0x59, 0xCE, 0x59, 0xCE, 0x59, 0xCE, 0x59, 0xCE,
    0x59, 0xCE, 0x59, 0xCE, 0x59, 0xCE, 0x04, 0x21, 0x04, 0x21, 0x04, 0x21, 0x38, 0xC6, 0x9E, 0xF7,
    0x04, 0x21, 0x04, 0x21, 0x55, 0xAD, 0xFF, 0xFF, 0x65, 0x29, 0x04, 0x21, 0x10, 0x84, 0x1C, 0xE7,
    0x1C, 0xE7, 0xD7, 0xBD, 0x04, 0x21, 0x04, 0x21, 0x04, 0x21, 0x59, 0xCE, 0x59, 0xCE, 0x59, 0xCE,
    0x59, 0xCE, 0x59, 0xCE, 0x59, 0xCE, 0x59, 0xCE, 0x59, 0xCE, 0x59, 0xCE, 0x59, 0xCE, 0x59, 0xCE,
    0x59, 0xCE, 0x59, 0xCE, 0x59, 0xCE, 0x59, 0xCE, 0x59, 0xCE, 0x59, 0xCE, 0x59, 0xCE, 0x59, 0xCE,
    0x59, 0xCE, 0x59, 0xCE, 0x59, 0xCE, 0x59, 0xCE, 0x59, 0xCE, 0x59, 0xCE, 0x59, 0xCE, 0x59, 0xCE,
    0x59, 0xCE, 0x59, 0xCE, 0x59, 0xCE, 0x59, 0xCE, 0x59, 0xCE, 0x59, 0xCE, 0x59, 0xCE, 0x59, 0xCE,
    0x59, 0xCE, 0x59, 0xCE, 0x59, 0xCE, 0x59, 0xCE, 0x59, 0xCE, 0x59, 0xCE, 0x59, 0xCE, 0x59, 0xCE,
    0x59, 0xCE, 0x59, 0xCE, 0x59, 0xCE, 0x59, 0xCE, 0x59, 0xCE, 0x59, 0xCE, 0x59, 0xCE, 0x59, 0xCE,
    0x59, 0xCE, 0x59, 0xCE, 0x59, 0xCE, 0x59, 0xCE, 0x59, 0xCE, 0x59, 0xCE, 0x59, 0xCE, 0x59, 0xCE,
    0x59, 0xCE, 0x59, 0xCE, 0x59, 0xCE, 0x59, 0xCE, 0x59, 0xCE, 0x59, 0xCE, 0x59, 0xCE, 0x59, 0xCE,
    0x59, 0xCE, 0x59, 0xCE, 0x59, 0xCE, 0x59, 0xCE, 0x59, 0xCE, 0x59, 0xCE, 0x59, 0xCE, 0x59, 0xCE,
    0x59, 0xCE, 0x59, 0xCE, 0x59, 0xCE, 0x59, 0xCE, 0x59, 0xCE, 0x59, 0xCE, 0x59, 0xCE, 0x59, 0xCE,
    0x59, 0xCE, 0x59, 0xCE, 0xC7, 0x39, 0xFB, 0xDE, 0x1C, 0xE7, 0x3C, 0xE7, 0x5D, 0xEF, 0x7D, 0xEF,
    0xBA, 0xD6, 0xBA, 0xD6, 0xBA, 0xD6, 0xBA, 0xD6, 0xBA, 0xD6, 0xBA, 0xD6, 0xBA, 0xD6, 0xBA, 0xD6,
    0xBA, 0xD6, 0xBA, 0xD6, 0xBA, 0xD6, 0xBA, 0xD6, 0xBA, 0xD6, 0xBA, 0xD6, 0xBA, 0xD6, 0xBA, 0xD6,
    0xBA, 0xD6, 0xBA, 0xD6, 0xBA, 0xD6, 0xBA, 0xD6, 0xBA, 0xD6, 0xBA, 0xD6, 0xBA, 0xD6, 0xBA, 0xD6,
    0xBA, 0xD6, 0xBA, 0xD6, 0xBA, 0xD6, 0xBA, 0xD6, 0xBA, 0xD6, 0xBA, 0xD6, 0xBA, 0xD6, 0xBA, 0xD6,
    0xBA, 0xD6, 0xBA, 0xD6, 0xBA, 0xD6, 0xBA, 0xD6, 0xBA, 0xD6, 0xBA, 0xD6, 0xBA, 0xD6, 0xBA, 0xD6,
    0xBA, 0xD6, 0xBA, 0xD6, 0xBA, 0xD6, 0xBA, 0xD6, 0xDB, 0xDE, 0xDB, 0xDE, 0xDB, 0xDE, 0xDB, 0xDE,
    0xDB, 0xDE, 0xDB, 0xDE, 0xDB, 0xDE, 0xDB, 0xDE, 0xDB, 0xDE, 0xDB, 0xDE, 0xDB, 0xDE, 0xDB, 0xDE,
    0xDB, 0xDE, 0xDB, 0xDE, 0xDB, 0xDE, 0xFB, 0xDE, 0xFB, 0xDE, 0xFB, 0xDE, 0xFB, 0xDE, 0xFB, 0xDE,
    0xFB, 0xDE, 0xFB, 0xDE, 0xFB, 0xDE, 0xFB, 0xDE, 0xFB, 0xDE, 0xFB, 0xDE, 0x1C, 0xE7, 0x1C, 0xE7,
    0x1C, 0xE7, 0x1C, 0xE7, 0x1C, 0xE7, 0x1C, 0xE7, 0x1C, 0xE7, 0x1C, 0xE7, 0x1C, 0xE7, 0x1C, 0xE7,
    0x3C, 0xE7, 0x3C, 0xE7, 0x3C, 0xE7, 0x3C, 0xE7, 0x3C, 0xE7, 0x3C, 0xE7, 0x3C, 0xE7, 0x3C, 0xE7,
    0x3C, 0xE7, 0x5D, 0xEF, 0x5D, 0xEF, 0x5D, 0xEF, 0x5D, 0xEF, 0x5D, 0xEF, 0x5D, 0xEF, 0x5D, 0xEF,
    0x5D, 0xEF, 0x5D, 0xEF, 0x5D, 0xEF, 0x7D, 0xEF, 0x7D, 0xEF, 0x7D, 0xEF, 0x7D, 0xEF, 0x7D, 0xEF,
    0x7D, 0xEF, 0x7D, 0xEF, 0x7D, 0xEF, 0x7D, 0xEF, 0x7D, 0xEF, 0x9E, 0xF7, 0x9E, 0xF7, 0x9E, 0xF7,
    0x9E, 0xF7, 0x9E, 0xF7, 0x9E, 0xF7, 0x9E, 0xF7, 0x9E, 0xF7, 0x9E, 0xF7, 0x9E, 0xF7, 0x9E, 0xF7,
    0x9E, 0xF7, 0x9E, 0xF7, 0xBE, 0xF7, 0xBE, 0xF7, 0xBE, 0xF7, 0xBE, 0xF7, 0xBE, 0xF7, 0xBE, 0xF7,
    0xBE, 0xF7, 0xBE, 0xF7, 0xBE, 0xF7, 0xBE, 0xF7, 0xBE, 0xF7, 0xBE, 0xF7, 0xBE, 0xF7, 0xBE, 0xF7,
    0xBE, 0xF7, 0xDF, 0xFF, 0xDF, 0xFF, 0xBE, 0xF7, 0xDF, 0xFF, 0xDF, 0xFF, 0xDF, 0xFF, 0xDF, 0xFF,
    0xDF, 0xFF, 0xDF, 0xFF, 0xDF, 0xFF, 0xDF, 0xFF, 0xDF, 0xFF, 0xDF, 0xFF, 0xDF, 0xFF, 0xDF, 0xFF,
    0xDF, 0xFF, 0xDF, 0xFF, 0xDF, 0xFF, 0x24, 0x21, 0x24, 0x21, 0x24, 0x21, 0x24, 0x21, 0x24, 0x21,
    0x24, 0x21, 0x24, 0x21, 0x24, 0x21, 0x24, 0x21, 0x24, 0x21, 0x24, 0x21, 0x24, 0x21, 0x24, 0x21,
    0x24, 0x21, 0x24, 0x21, 0x24, 0x21, 0x24, 0x21, 0x24, 0x21, 0x24, 0x21, 0x45, 0x29, 0x45, 0x29,
    0x45, 0x29, 0x45, 0x29, 0x65, 0x29, 0x65, 0x29, 0x65, 0x29, 0x45, 0x29, 0x45, 0x29, 0x45, 0x29,
    0x45, 0x29, 0x45, 0x29, 0x24, 0x21, 0x24, 0x21, 0x24, 0x21, 0x24, 0x21, 0x24, 0x21, 0x24, 0x21,
    0x24, 0x21, 0x24, 0x21, 0x24, 0x21, 0x24, 0x21, 0x24, 0x21, 0x24, 0x21, 0x24, 0x21, 0x24, 0x21,
    0x24, 0x21, 0x24, 0x21, 0x24, 0x21, 0x24, 0x21, 0x59, 0xCE, 0x59, 0xCE, 0x59, 0xCE, 0x59, 0xCE,
    0x59, 0xCE, 0x59, 0xCE, 0x59, 0xCE, 0x04, 0x21, 0x04, 0x21, 0x04, 0x21, 0xAE, 0x73, 0xFF, 0xFF,
    0xCB, 0x5A, 0x04, 0x21, 0x1C, 0xE7, 0xD7, 0xBD, 0x04, 0x21, 0xAE, 0x73, 0xFF, 0xFF, 0x75, 0xAD,
    0x92, 0x94, 0x92, 0x94, 0x04, 0x21, 0x04, 0x21, 0x04, 0x21, 0x59, 0xCE, 0x59, 0xCE, 0x59, 0xCE,
    0x59, 0xCE, 0x59, 0xCE, 0x59, 0xCE, 0x59, 0xCE, 0x59, 0xCE, 0x59, 0xCE, 0x59, 0xCE, 0x59, 0xCE,
    0x59, 0xCE, 0x59, 0xCE, 0x59, 0xCE, 0x59, 0xCE, 0x59, 0xCE, 0x59, 0xCE, 0x59, 0xCE, 0x59, 0xCE,
    0x59, 0xCE, 0x59, 0xCE, 0x59, 0xCE, 0x59, 0xCE, 0x59, 0xCE, 0x59, 0xCE, 0x59, 0xCE, 0x59, 0xCE,
    0x59, 0xCE, 0x59, 0xCE, 0x59, 0xCE, 0x59, 0xCE, 0x59, 0xCE, 0x59, 0xCE, 0x59, 0xCE, 0x59, 0xCE,
    0x59, 0xCE, 0x59, 0xCE, 0x59, 0xCE, 0x59, 0xCE, 0x59, 0xCE, 0x59, 0xCE, 0x59, 0xCE, 0x59, 0xCE,
    0x59, 0xCE, 0x59, 0xCE, 0x59, 0xCE, 0x59, 0xCE, 0x59, 0xCE, 0x59, 0xCE, 0x59, 0xCE, 0x59, 0xCE,
    0x59, 0xCE, 0x59, 0xCE, 0x59, 0xCE, 0x59, 0xCE, 0x59, 0xCE, 0x59, 0xCE, 0x59, 0xCE, 0x59, 0xCE,
    0x59, 0xCE, 0x59, 0xCE, 0x59, 0xCE, 0x59, 0xCE, 0x59, 0xCE, 0x59, 0xCE, 0x59, 0xCE, 0x59, 0xCE,
    0x59, 0xCE, 0x59, 0xCE, 0x59, 0xCE, 0x59, 0xCE, 0x59, 0xCE, 0x59, 0xCE, 0x59, 0xCE, 0x59, 0xCE,
    0x59, 0xCE, 0x59, 0xCE, 0x59, 0xCE, 0x59, 0xCE, 0x59, 0xCE, 0x59, 0xCE, 0x59, 0xCE, 0x59, 0xCE,
    0x59, 0xCE, 0x59, 0xCE, 0xC7, 0x39, 0xFB, 0xDE, 0x1C, 0xE7, 0x3C, 0xE7, 0x5D, 0xEF, 0x7D, 0xEF,
    0xBA, 0xD6, 0xBA, 0xD6, 0xBA, 0xD6, 0xBA, 0xD6, 0xBA, 0xD6, 0xBA, 0xD6, 0xBA, 0xD6, 0xBA, 0xD6,
    0xBA, 0xD6, 0xBA, 0xD6, 0xBA, 0xD6, 0xBA, 0xD6, 0xBA, 0xD6, 0xBA, 0xD6, 0xBA, 0xD6, 0xBA, 0xD6,
    0xBA, 0xD6, 0xBA, 0xD6, 0xBA, 0xD6, 0xBA, 0xD6, 0xBA, 0xD6, 0xBA, 0xD6, 0xBA, 0xD6, 0xBA, 0xD6,
    0xBA, 0xD6, 0xBA, 0xD6, 0xBA, 0xD6, 0xBA, 0xD6, 0xBA, 0xD6, 0xBA, 0xD6, 0xBA, 0xD6, 0xBA, 0xD6,
    0xBA, 0xD6, 0xBA, 0xD6, 0xBA, 0xD6, 0xBA, 0xD6, 0xBA, 0xD6, 0xBA, 0xD6, 0xBA, 0xD6, 0xBA, 0xD6,
    0xBA, 0xD6, 0xBA, 0xD6, 0xBA, 0xD6, 0xBA, 0xD6, 0xBA, 0xD6, 0xDB, 0xDE, 0xDB, 0xDE, 0xDB, 0xDE,
    0xDB, 0xDE, 0xDB, 0xDE, 0xDB, 0xDE, 0xDB, 0xDE, 0xDB, 0xDE, 0xDB, 0xDE, 0xDB, 0xDE, 0xDB, 0xDE,
    0xDB, 0xDE, 0xDB, 0xDE, 0xDB, 0xDE, 0xDB, 0xDE, 0xFB, 0xDE, 0xFB, 0xDE, 0xFB, 0xDE, 0xFB, 0xDE,
    0xFB, 0xDE, 0xFB, 0xDE, 0xFB, 0xDE, 0xFB, 0xDE, 0xFB, 0xDE, 0xFB, 0xDE, 0x1B, 0xDF, 0x1C, 0xE7,
    0x1C, 0xE7, 0x1C, 0xE7, 0x1C, 0xE7, 0x1C, 0xE7, 0x1C, 0xE7, 0x1C, 0xE7, 0x1C, 0xE7, 0x1C, 0xE7,
    0x3C, 0xE7, 0x3C, 0xE7, 0x3C, 0xE7, 0x3C, 0xE7, 0x3C, 0xE7, 0x3C, 0xE7, 0x3C, 0xE7, 0x3C, 0xE7,
    0x3C, 0xE7, 0x3C, 0xE7, 0x5D, 0xEF, 0x5D, 0xEF, 0x5D, 0xEF, 0x5D, 0xEF, 0x5D, 0xEF, 0x5D, 0xEF,
    0x5D, 0xEF, 0x5D, 0xEF, 0x5D, 0xEF, 0x7D, 0xEF, 0x7D, 0xEF, 0x7D, 0xEF, 0x7D, 0xEF, 0x7D, 0xEF,
    0x7D, 0xEF, 0x7D, 0xEF, 0x7D, 0xEF, 0x7D, 0xEF, 0x7D, 0xEF, 0x7D, 0xEF, 0x9E, 0xF7, 0x9E, 0xF7,
    0x9E, 0xF7, 0x9E, 0xF7, 0x9E, 0xF7, 0x9E, 0xF7, 0x9E, 0xF7, 0x9E, 0xF7, 0x9E, 0xF7, 0x9E, 0xF7,
    0x9E, 0xF7, 0x9E, 0xF7, 0x9E, 0xF7, 0xBE, 0xF7, 0xBE, 0xF7, 0xBE, 0xF7, 0xBE, 0xF7, 0xBE, 0xF7,
    0xBE, 0xF7, 0xBE, 0xF7, 0xBE, 0xF7, 0xBE, 0xF7, 0xBE, 0xF7, 0xBE, 0xF7, 0xBE, 0xF7, 0xDF, 0xFF,
    0xBE, 0xF7, 0xDF, 0xFF, 0xBE, 0xF7, 0xDF, 0xFF, 0xDF, 0xFF, 0xDF, 0xFF, 0xDF, 0xFF, 0xDF, 0xFF,
    0xDF, 0xFF, 0xDF, 0xFF, 0xDF, 0xFF, 0xDF, 0xFF, 0xDF, 0xFF, 0xDF, 0xFF, 0xDF, 0xFF, 0xDF, 0xFF,
    0xDF, 0xFF, 0xDF, 0xFF, 0xDF, 0xFF, 0x24, 0x21, 0x24, 0x21, 0x24, 0x21, 0x24, 0x21, 0x24, 0x21,
    0x24, 0x21, 0x24, 0x21, 0x24, 0x21, 0x24, 0x21, 0x24, 0x21, 0x24, 0x21, 0x24, 0x21, 0x24, 0x21,
    0x24, 0x21, 0x24, 0x21, 0x24, 0x21, 0x24, 0x21, 0x24, 0x21, 0x24, 0x21, 0x24, 0x21, 0x24, 0x21,
    0x24, 0x21, 0x24, 0x21, 0x45, 0x29, 0x45, 0x29, 0x45, 0x29, 0x45, 0x29, 0x24, 0x21, 0x24, 0x21,
    0x24, 0x21, 0x24, 0x21, 0x24, 0x21, 0x24, 0x21, 0x24, 0x21, 0x24, 0x21, 0x24, 0x21, 0x24, 0x21,
    0x24, 0x21, 0x24, 0x21, 0x24, 0x21, 0x24, 0x21, 0x24, 0x21, 0x24, 0x21, 0x24, 0x21, 0x24, 0x21,
    0x24, 0x21, 0x24, 0x21, 0x24, 0x21, 0x24, 0x21, 0x59, 0xCE, 0x59, 0xCE, 0x59, 0xCE, 0x59, 0xCE,
    0x59, 0xCE, 0x59, 0xCE, 0x59, 0xCE, 0x04, 0x21, 0x04, 0x21, 0x04, 0x21, 0x65, 0x29, 0x9E, 0xF7,
    0xF3, 0x9C, 0xCB, 0x5A, 0xFF, 0xFF, 0xAE, 0x73, 0x04, 0x21, 0x38, 0xC6, 0xFF, 0xFF, 0x04, 0x21,
    0x04, 0x21, 0x04, 0x21, 0x04, 0x21, 0x04, 0x21, 0x04, 0x21, 0x59, 0xCE, 0x59, 0xCE, 0x59, 0xCE,
    0x59, 0xCE, 0x59, 0xCE, 0x59, 0xCE, 0x59, 0xCE, 0x59, 0xCE, 0x59, 0xCE, 0x59, 0xCE, 0x59, 0xCE,
    0x59, 0xCE, 0x59, 0xCE, 0x59, 0xCE, 0x59, 0xCE, 0x59, 0xCE, 0x59, 0xCE, 0x59, 0xCE, 0x59, 0xCE,
    0x59, 0xCE, 0x59, 0xCE, 0x59, 0xCE, 0x59, 0xCE, 0x59, 0xCE, 0x59, 0xCE, 0x59, 0xCE, 0x59, 0xCE,
    0x59, 0xCE, 0x59, 0xCE, 0x59, 0xCE, 0x59, 0xCE, 0x59, 0xCE, 0x59, 0xCE, 0x59, 0xCE, 0x59, 0xCE,
    0x59, 0xCE, 0x59, 0xCE, 0x59, 0xCE, 0x59, 0xCE, 0x59, 0xCE, 0x59, 0xCE, 0x59, 0xCE, 0x59, 0xCE,
    0x59, 0xCE, 0x59, 0xCE, 0x59, 0xCE, 0x59, 0xCE, 0x59, 0xCE, 0x59, 0xCE, 0x59, 0xCE, 0x59, 0xCE,
    0x59, 0xCE, 0x59, 0xCE, 0x59, 0xCE, 0x59, 0xCE, 0x59, 0xCE, 0x59, 0xCE, 0x59, 0xCE, 0x59, 0xCE,
    0x59, 0xCE, 0x59, 0xCE, 0x59, 0xCE, 0x59, 0xCE, 0x59, 0xCE, 0x59, 0xCE, 0x59, 0xCE, 0x59, 0xCE,
    0x59, 0xCE, 0x59, 0xCE, 0x59, 0xCE, 0x59, 0xCE, 0x59, 0xCE, 0x59, 0xCE, 0x59, 0xCE, 0x59, 0xCE,
    0x59, 0xCE, 0x59, 0xCE, 0x59, 0xCE, 0x59, 0xCE, 0x59, 0xCE, 0x59, 0xCE, 0x59, 0xCE, 0x59, 0xCE,
    0x59, 0xCE, 0x59, 0xCE, 0xC7, 0x39, 0x1C, 0xDF, 0x1C, 0xE7, 0x3C, 0xE7, 0x5D, 0xEF, 0x7D, 0xEF,
    0xBA, 0xD6, 0xBA, 0xD6, 0xBA, 0xD6, 0xBA, 0xD6, 0xBA, 0xD6, 0xBA, 0xD6, 0xBA, 0xD6, 0xBA, 0xD6,
    0xBA, 0xD6, 0xBA, 0xD6, 0xBA, 0xD6, 0xBA, 0xD6, 0xBA, 0xD6, 0xBA, 0xD6, 0xBA, 0xD6, 0xBA, 0xD6,
    0xBA, 0xD6, 0xBA, 0xD6, 0xBA, 0xD6, 0xBA, 0xD6, 0xBA, 0xD6, 0xBA, 0xD6, 0xBA, 0xD6, 0xBA, 0xD6,
    0xBA, 0xD6, 0xBA, 0xD6, 0xBA, 0xD6, 0xBA, 0xD6, 0xBA, 0xD6, 0xBA, 0xD6, 0xBA, 0xD6, 0xBA, 0xD6,
    0xBA, 0xD6, 0xBA, 0xD6, 0xBA, 0xD6, 0xBA, 0xD6, 0xBA, 0xD6, 0xBA, 0xD6, 0xBA, 0xD6, 0xBA, 0xD6,
    0xBA, 0xD6, 0xBA, 0xD6, 0xBA, 0xD6, 0xBA, 0xD6, 0xBA, 0xD6, 0xDB, 0xDE, 0xDB, 0xDE, 0xDB, 0xDE,
    0xDB, 0xDE, 0xDB, 0xDE, 0xDB, 0xDE, 0xDB, 0xDE, 0xDB, 0xDE, 0xDB, 0xDE, 0xDB, 0xDE, 0xDB, 0xDE,
    0xDB, 0xDE, 0xDB, 0xDE, 0xDB, 0xDE, 0xDB, 0xDE, 0xFB, 0xDE, 0xFB, 0xDE, 0xFB, 0xDE, 0xFB, 0xDE,
    0xFB, 0xDE, 0xFB, 0xDE, 0xFB, 0xDE, 0xFB, 0xDE, 0xFB, 0xDE, 0xFB, 0xDE, 0xFB, 0xDE, 0x1C, 0xE7,
    0x1C, 0xE7, 0x1C, 0xE7, 0x1C, 0xE7, 0x1C, 0xE7, 0x1C, 0xE7, 0x1C, 0xE7, 0x1C, 0xE7, 0x1C, 0xE7,
    0x1C, 0xE7, 0x3C, 0xE7, 0x3C, 0xE7, 0x3C, 0xE7, 0x3C, 0xE7, 0x3C, 0xE7, 0x3C, 0xE7, 0x3C, 0xE7,
    0x3C, 0xE7, 0x3C, 0xE7, 0x5D, 0xEF, 0x5D, 0xEF, 0x5D, 0xEF, 0x5D, 0xEF, 0x5D, 0xEF, 0x5D, 0xEF,
    0x5D, 0xEF, 0x5D, 0xEF, 0x5D, 0xEF, 0x5D, 0xEF, 0x7D, 0xEF, 0x7D, 0xEF, 0x7D, 0xEF, 0x7D, 0xEF,
    0x7D, 0xEF, 0x7D, 0xEF, 0x7D, 0xEF, 0x7D, 0xEF, 0x7D, 0xEF, 0x7D, 0xEF, 0x9E, 0xF7, 0x9E, 0xF7,
    0x9E, 0xF7, 0x9E, 0xF7, 0x9E, 0xF7, 0x9E, 0xF7, 0x9E, 0xF7, 0x9E, 0xF7, 0x9E, 0xF7, 0x9E, 0xF7,
    0x9E, 0xF7, 0x9E, 0xF7, 0x9E, 0xF7, 0x9E, 0xF7, 0xBE, 0xF7, 0xBE, 0xF7, 0xBE, 0xF7, 0xBE, 0xF7,
    0xBE, 0xF7, 0xBE, 0xF7, 0xBE, 0xF7, 0xBE, 0xF7, 0xBE, 0xF7, 0xBE, 0xF7, 0xBE, 0xF7, 0xDF, 0xFF,
    0xBE, 0xF7, 0xBE, 0xF7, 0xDF, 0xFF, 0xBE, 0xF7, 0xDF, 0xFF, 0xDF, 0xFF, 0xDF, 0xFF, 0xDF, 0xFF,
    0xDF, 0xFF, 0xDF, 0xFF, 0xDF, 0xFF, 0xDF, 0xFF, 0xDF, 0xFF, 0xDF, 0xFF, 0xDF, 0xFF, 0xDF, 0xFF,
    0xDF, 0xFF, 0xDF, 0xFF, 0xDF, 0xFF, 0x24, 0x21, 0x24, 0x21, 0x24, 0x21, 0x24, 0x21, 0x24, 0x21,
    0x24, 0x21, 0x24, 0x21, 0x24, 0x21, 0x24, 0x21, 0x24, 0x21, 0x24, 0x21, 0x24, 0x21, 0x24, 0x21,
    0x24, 0x21, 0x24, 0x21, 0x24, 0x21, 0x24, 0x21, 0x24, 0x21, 0x24, 0x21, 0x24, 0x21, 0x24, 0x21,
    0x24, 0x21, 0x24, 0x21, 0x24, 0x21, 0x24, 0x21, 0x24, 0x21, 0x24, 0x21, 0x24, 0x21, 0x24, 0x21,
    0x24, 0x21, 0x24, 0x21, 0x24, 0x21, 0x24, 0x21, 0x24, 0x21, 0x24, 0x21, 0x24, 0x21, 0x24, 0x21,
    0x24, 0x21, 0x24, 0x21, 0x24, 0x21, 0x24, 0x21, 0x24, 0x21, 0x24, 0x21, 0x24, 0x21, 0x24, 0x21,
    0x24, 0x21, 0x24, 0x21, 0x24, 0x21, 0x24, 0x21, 0x59, 0xCE, 0x59, 0xCE, 0x59, 0xCE, 0x59, 0xCE,
    0x59, 0xCE, 0x59, 0xCE, 0x59, 0xCE, 0x04, 0x21, 0x04, 0x21, 0x04, 0x21, 0x04, 0x21, 0x38, 0xC6,
    0x1C, 0xE7, 0xF3, 0x9C, 0xFF, 0xFF, 0x65, 0x29, 0x04, 0x21, 0x38, 0xC6, 0x1C, 0xE7, 0x04, 0x21,
    0x04, 0x21, 0x04, 0x21, 0x04, 0x21, 0x04, 0x21, 0x04, 0x21, 0x59, 0xCE, 0x59, 0xCE, 0x59, 0xCE,
    0x59, 0xCE, 0x59, 0xCE, 0x59, 0xCE, 0x59, 0xCE, 0x59, 0xCE, 0x59, 0xCE, 0x59, 0xCE, 0x59, 0xCE,
    0x59, 0xCE, 0x59, 0xCE, 0x59, 0xCE, 0x59, 0xCE, 0x59, 0xCE, 0x59, 0xCE, 0x59, 0xCE, 0x59, 0xCE,
    0x59, 0xCE, 0x59, 0xCE, 0x59, 0xCE, 0x59, 0xCE, 0x59, 0xCE, 0x59, 0xCE, 0x59, 0xCE, 0x59, 0xCE,
    0x59, 0xCE, 0x59, 0xCE, 0x59, 0xCE, 0x59, 0xCE, 0x59, 0xCE, 0x59, 0xCE, 0x59, 0xCE, 0x59, 0xCE,
    0x59, 0xCE, 0x59, 0xCE, 0x59, 0xCE, 0x59, 0xCE, 0x59, 0xCE, 0x59, 0xCE, 0x59, 0xCE, 0x59, 0xCE,
    0x59, 0xCE, 0x59, 0xCE, 0x59, 0xCE, 0x59, 0xCE, 0x59, 0xCE, 0x59, 0xCE, 0x59, 0xCE, 0x59, 0xCE,
    0x59, 0xCE, 0x59, 0xCE, 0x59, 0xCE, 0x59, 0xCE, 0x59, 0xCE, 0x59, 0xCE, 0x59, 0xCE, 0x59, 0xCE,
    0x59, 0xCE, 0x59, 0xCE, 0x59, 0xCE, 0x59, 0xCE, 0x59, 0xCE, 0x59, 0xCE, 0x59, 0xCE, 0x59, 0xCE,
    0x59, 0xCE, 0x59, 0xCE, 0x59, 0xCE, 0x59, 0xCE, 0x59, 0xCE, 0x59, 0xCE, 0x59, 0xCE, 0x59, 0xCE,
    0x59, 0xCE, 0x59, 0xCE, 0x59, 0xCE, 0x59, 0xCE, 0x59, 0xCE, 0x59, 0xCE, 0x59, 0xCE, 0x59, 0xCE,
    0x59, 0xCE, 0x59, 0xCE, 0xC7, 0x39, 0xFB, 0xDE, 0x1C, 0xE7, 0x3C, 0xE7, 0x5D, 0xEF, 0x7D, 0xEF,
    0xBA, 0xD6, 0xBA, 0xD6, 0xBA, 0xD6, 0xBA, 0xD6, 0xBA, 0xD6, 0xBA, 0xD6, 0xBA, 0xD6, 0xBA, 0xD6,
    0xBA, 0xD6, 0xBA, 0xD6, 0xBA, 0xD6, 0xBA, 0xD6, 0xBA, 0xD6, 0xBA, 0xD6, 0xBA, 0xD6, 0xBA, 0xD6,
    0xBA, 0xD6, 0xBA, 0xD6, 0xBA, 0xD6, 0xBA, 0xD6, 0xBA, 0xD6, 0xBA, 0xD6, 0xBA, 0xD6, 0xBA, 0xD6,
    0xBA, 0xD6, 0xBA, 0xD6, 0xBA, 0xD6, 0xBA, 0xD6, 0xBA, 0xD6, 0xBA, 0xD6, 0xBA, 0xD6, 0xBA, 0xD6,
    0xBA, 0xD6, 0xBA, 0xD6, 0xBA, 0xD6, 0xBA, 0xD6, 0xBA, 0xD6, 0xBA, 0xD6, 0xBA, 0xD6, 0xBA, 0xD6,
    0xBA, 0xD6, 0xBA, 0xD6, 0xBA, 0xD6, 0xBA, 0xD6, 0xBA, 0xD6, 0xBA, 0xD6, 0xDB, 0xDE, 0xDB, 0xDE,
    0xDB, 0xDE, 0xDB, 0xDE, 0xDB, 0xDE, 0xDB, 0xDE, 0xDB, 0xDE, 0xDB, 0xDE, 0xDB, 0xDE, 0xDB, 0xDE,
    0xDB, 0xDE, 0xDB, 0xDE, 0xDB, 0xDE, 0xDB, 0xDE, 0xFB, 0xDE, 0xFB, 0xDE, 0xFB, 0xDE, 0xFB, 0xDE,
    0xFB, 0xDE, 0xFB, 0xDE, 0xFB, 0xDE, 0xFB, 0xDE, 0xFB, 0xDE, 0xFB, 0xDE, 0xFB, 0xDE, 0x1C, 0xE7,
    0x1C, 0xE7, 0x1C, 0xE7, 0x1C, 0xE7, 0x1C, 0xE7, 0x1C, 0xE7, 0x1C, 0xE7, 0x1C, 0xE7, 0x1C, 0xE7,
    0x1C, 0xE7, 0x3C, 0xE7, 0x3C, 0xE7, 0x3C, 0xE7, 0x3C, 0xE7, 0x3C, 0xE7, 0x3C, 0xE7, 0x3C, 0xE7,
    0x3C, 0xE7, 0x3C, 0xE7, 0x3C, 0xE7, 0x5D, 0xEF, 0x5D, 0xEF, 0x5D, 0xEF, 0x5D, 0xEF, 0x5D, 0xEF,
    0x5D, 0xEF, 0x5D, 0xEF, 0x5D, 0xEF, 0x5D, 0xEF, 0x5D, 0xEF, 0x7D, 0xEF, 0x7D, 0xEF, 0x7D, 0xEF,
    0x7D, 0xEF, 0x7D, 0xEF, 0x7D, 0xEF, 0x7D, 0xEF, 0x7D, 0xEF, 0x7D, 0xEF, 0x7D, 0xEF, 0x9E, 0xF7,
    0x9E, 0xF7, 0x9E, 0xF7, 0x9E, 0xF7, 0x9E, 0xF7, 0x9E, 0xF7, 0x9E, 0xF7, 0x9E, 0xF7, 0x9E, 0xF7,
    0x9E, 0xF7, 0x9E, 0xF7, 0x9E, 0xF7, 0x9E, 0xF7, 0x9E, 0xF7, 0xBE, 0xF7, 0xBE, 0xF7, 0xBE, 0xF7,
    0xBE, 0xF7, 0xBE, 0xF7, 0xBE, 0xF7, 0xBE, 0xF7, 0xBE, 0xF7, 0xBE, 0xF7, 0xBE, 0xF7, 0xBE, 0xF7,
    0xBE, 0xF7, 0xBE, 0xF7, 0xBE, 0xF7, 0xBE, 0xF7, 0xDF, 0xFF, 0xBE, 0xF7, 0xDF, 0xFF, 0xDF, 0xFF,
    0xDF, 0xFF, 0xDF, 0xFF, 0xDF, 0xFF, 0xDF, 0xFF, 0xDF, 0xFF, 0xDF, 0xFF, 0xDF, 0xFF, 0xDF, 0xFF,
    0xDF, 0xFF, 0xDF, 0xFF, 0xDF, 0xFF, 0x24, 0x21, 0x24, 0x21, 0x24, 0x21, 0x24, 0x21, 0x24, 0x21,
    0x24, 0x21, 0x24, 0x21, 0x24, 0x21, 0x24, 0x21, 0x24, 0x21, 0x24, 0x21, 0x24, 0x21, 0x24, 0x21,
    0x24, 0x21, 0x24, 0x21, 0x24, 0x21, 0x24, 0x21, 0x24, 0x21, 0x24, 0x21, 0x24, 0x21, 0x24, 0x21,
    0x24, 0x21, 0x24, 0x21, 0x24, 0x21, 0x24, 0x21, 0x24, 0x21, 0x24, 0x21, 0x24, 0x21, 0x24, 0x21,
    0x24, 0x21, 0x24, 0x21, 0x24, 0x21, 0x24, 0x21, 0x24, 0x21, 0x24, 0x21, 0x24, 0x21, 0x24, 0x21,
    0x24, 0x21, 0x24, 0x21, 0x24, 0x21, 0x24, 0x21, 0x24, 0x21, 0x24, 0x21, 0x24, 0x21, 0x24, 0x21,
    0x24, 0x21, 0x24, 0x21, 0x24, 0x21, 0x24, 0x21, 0x59, 0xCE, 0x59, 0xCE, 0x59, 0xCE, 0x59, 0xCE,
    0x59, 0xCE, 0x59, 0xCE, 0x59, 0xCE, 0x04, 0x21, 0x04, 0x21, 0x04, 0x21, 0x04, 0x21, 0xCB, 0x5A,
    0xFF, 0xFF, 0x1C, 0xE7, 0x75, 0xAD, 0x04, 0x21, 0x04, 0x21, 0xF3, 0x9C, 0xFF, 0xFF, 0xCB, 0x5A,
    0x04, 0x21, 0x49, 0x4A, 0x04, 0x21, 0x04, 0x21, 0x04, 0x21, 0x59, 0xCE, 0x59, 0xCE, 0x59, 0xCE,
    0x59, 0xCE, 0x59, 0xCE, 0x59, 0xCE, 0x59, 0xCE, 0x59, 0xCE, 0x59, 0xCE, 0x59, 0xCE, 0x59, 0xCE,
    0x59, 0xCE, 0x59, 0xCE, 0x59, 0xCE, 0x59, 0xCE, 0x59, 0xCE, 0x59, 0xCE, 0x59, 0xCE, 0x59, 0xCE,
    0x59, 0xCE, 0x59, 0xCE, 0x59, 0xCE, 0x59, 0xCE, 0x59, 0xCE, 0x59, 0xCE, 0x59, 0xCE, 0x59, 0xCE,
    0x59, 0xCE, 0x59, 0xCE, 0x59, 0xCE, 0x59, 0xCE, 0x59, 0xCE, 0x59, 0xCE, 0x59, 0xCE, 0x59, 0xCE,
    0x59, 0xCE, 0x59, 0xCE, 0x59, 0xCE, 0x59, 0xCE, 0x59, 0xCE, 0x59, 0xCE, 0x59, 0xCE, 0x59, 0xCE,
    0x59, 0xCE, 0x59, 0xCE, 0x59, 0xCE, 0x59, 0xCE, 0x59, 0xCE, 0x59, 0xCE, 0x59, 0xCE, 0x59, 0xCE,
    0x59, 0xCE, 0x59, 0xCE, 0x59, 0xCE, 0x59, 0xCE, 0x59, 0xCE, 0x59, 0xCE, 0x59, 0xCE, 0x59, 0xCE,
    0x59, 0xCE, 0x59, 0xCE, 0x59, 0xCE, 0x59, 0xCE, 0x59, 0xCE, 0x59, 0xCE, 0x59, 0xCE, 0x59, 0xCE,
    0x59, 0xCE, 0x59, 0xCE, 0x59, 0xCE, 0x59, 0xCE, 0x59, 0xCE, 0x59, 0xCE, 0x59, 0xCE, 0x59, 0xCE,
    0x59, 0xCE, 0x59, 0xCE, 0x59, 0xCE, 0x59, 0xCE, 0x59, 0xCE, 0x59, 0xCE, 0x59, 0xCE, 0x59, 0xCE,
    0x59, 0xCE, 0x59, 0xCE, 0xC7, 0x39, 0x1C, 0xDF, 0x1C, 0xE7, 0x3C, 0xE7, 0x5D, 0xEF, 0x7D, 0xEF,
    0xBA, 0xD6, 0xBA, 0xD6, 0xBA, 0xD6, 0xBA, 0xD6, 0xBA, 0xD6, 0xBA, 0xD6, 0xBA, 0xD6, 0xBA, 0xD6,
    0xBA, 0xD6, 0xBA, 0xD6, 0xBA, 0xD6, 0xBA, 0xD6, 0xBA, 0xD6, 0xBA, 0xD6, 0xBA, 0xD6, 0xBA, 0xD6,
    0xBA, 0xD6, 0xBA, 0xD6, 0xBA, 0xD6, 0xBA, 0xD6, 0xBA, 0xD6, 0xBA, 0xD6, 0xBA, 0xD6, 0xBA, 0xD6,
    0xBA, 0xD6, 0xBA, 0xD6, 0xBA, 0xD6, 0xBA, 0xD6, 0xBA, 0xD6, 0xBA, 0xD6, 0xBA, 0xD6, 0xBA, 0xD6,
    0xBA, 0xD6, 0xBA, 0xD6, 0xBA, 0xD6, 0xBA, 0xD6, 0xBA, 0xD6, 0xBA, 0xD6, 0xBA, 0xD6, 0xBA, 0xD6,
    0xBA, 0xD6, 0xBA, 0xD6, 0xBA, 0xD6, 0xBA, 0xD6, 0xBA, 0xD6, 0xBA, 0xD6, 0xDB, 0xDE, 0xDB, 0xDE,
    0xDB, 0xDE, 0xDB, 0xDE, 0xDB, 0xDE, 0xDB, 0xDE, 0xDB, 0xDE, 0xDB, 0xDE, 0xDB, 0xDE, 0xDB, 0xDE,
    0xDB, 0xDE, 0xDB, 0xDE, 0xDB, 0xDE, 0xDB, 0xDE, 0xFB, 0xDE, 0xFB, 0xDE, 0xFB, 0xDE, 0xFB, 0xDE,
    0xFB, 0xDE, 0xFB, 0xDE, 0xFB, 0xDE, 0xFB, 0xDE, 0xFB, 0xDE, 0xFB, 0xDE, 0xFB, 0xDE, 0x1C, 0xE7,
    0x1C, 0xE7, 0x1C, 0xE7, 0x1C, 0xE7, 0x1C, 0xE7, 0x1C, 0xE7, 0x1C, 0xE7, 0x1C, 0xE7, 0x1C, 0xE7,
    0x1C, 0xE7, 0x3C, 0xE7, 0x3C, 0xE7, 0x3C, 0xE7, 0x3C, 0xE7, 0x3C, 0xE7, 0x3C, 0xE7, 0x3C, 0xE7,
    0x3C, 0xE7, 0x3C, 0xE7, 0x3C, 0xE7, 0x5D, 0xEF, 0x5D, 0xEF, 0x5D, 0xEF, 0x5D, 0xEF, 0x5D, 0xEF,
    0x5D, 0xEF, 0x5D, 0xEF, 0x5D, 0xEF, 0x5D, 0xEF, 0x5D, 0xEF, 0x7D, 0xEF, 0x7D, 0xEF, 0x7D, 0xEF,
    0x7D, 0xEF, 0x7D, 0xEF, 0x7D, 0xEF, 0x7D, 0xEF, 0x7D, 0xEF, 0x7D, 0xEF, 0x7D, 0xEF, 0x7D, 0xEF,
    0x9E, 0xF7, 0x9E, 0xF7, 0x9E, 0xF7, 0x9E, 0xF7, 0x9E, 0xF7, 0x9E, 0xF7, 0x9E, 0xF7, 0x9E, 0xF7,
    0x9E, 0xF7, 0x9E, 0xF7, 0x9E, 0xF7, 0x9E, 0xF7, 0x9E, 0xF7, 0xBE, 0xF7, 0xBE, 0xF7, 0xBE, 0xF7,
    0xBE, 0xF7, 0xBE, 0xF7, 0xBE, 0xF7, 0xBE, 0xF7, 0xBE, 0xF7, 0xBE, 0xF7, 0xBE, 0xF7, 0xBE, 0xF7,
    0xBE, 0xF7, 0xBE, 0xF7, 0xBE, 0xF7, 0xBE, 0xF7, 0xDF, 0xFF, 0xDF, 0xFF, 0xBE, 0xF7, 0xDF, 0xFF,
    0xDF, 0xFF, 0xDF, 0xFF, 0xDF, 0xFF, 0xDF, 0xFF, 0xDF, 0xFF, 0xDF, 0xFF, 0xDF, 0xFF, 0xDF, 0xFF,
    0xDF, 0xFF, 0xDF, 0xFF, 0xDF, 0xFF, 0x24, 0x21, 0x24, 0x21, 0x24, 0x21, 0x24, 0x21, 0x24, 0x21,
    0x24, 0x21, 0x24, 0x21, 0x24, 0x21, 0x24, 0x21, 0x24, 0x21, 0x24, 0x21, 0x24, 0x21, 0x24, 0x21,
    0x24, 0x21, 0x24, 0x21, 0x24, 0x21, 0x24, 0x21, 0x24, 0x21, 0x24, 0x21, 0x24, 0x21, 0x24, 0x21,
    0x24, 0x21, 0x24, 0x21, 0x24, 0x21, 0x24, 0x21, 0x24, 0x21, 0x24, 0x21, 0x24, 0x21, 0x24, 0x21,
    0x24, 0x21, 0x24, 0x21, 0x24, 0x21, 0x24, 0x21, 0x24, 0x21, 0x24, 0x21, 0x24, 0x21, 0x24, 0x21,
    0x24, 0x21, 0x24, 0x21, 0x24, 0x21, 0x24, 0x21, 0x24, 0x21, 0x24, 0x21, 0x24, 0x21, 0x24, 0x21,
    0x24, 0x21, 0x24, 0x21, 0x24, 0x21, 0x24, 0x21, 0x59, 0xCE, 0x59, 0xCE, 0x59, 0xCE, 0x59, 0xCE,
    0x59, 0xCE, 0x59, 0xCE, 0x59, 0xCE, 0x04, 0x21, 0x04, 0x21, 0x04, 0x21, 0x04, 0x21, 0x65, 0x29,
    0x9E, 0xF7, 0xFF, 0xFF, 0x2C, 0x63, 0x04, 0x21, 0x04, 0x21, 0xE7, 0x39, 0x1C, 0xE7, 0xFF, 0xFF,
    0xFF, 0xFF, 0xBA, 0xD6, 0x04, 0x21, 0x04, 0x21, 0x04, 0x21, 0x59, 0xCE, 0x59, 0xCE, 0x59, 0xCE,
    0x59, 0xCE, 0x59, 0xCE, 0x59, 0xCE, 0x59, 0xCE, 0x59, 0xCE, 0x59, 0xCE, 0x59, 0xCE, 0x59, 0xCE,
    0x59, 0xCE, 0x59, 0xCE, 0x59, 0xCE, 0x59, 0xCE, 0x59, 0xCE, 0x59, 0xCE, 0x59, 0xCE, 0x59, 0xCE,
    0x59, 0xCE, 0x59, 0xCE, 0x59, 0xCE, 0x59, 0xCE, 0x59, 0xCE, 0x59, 0xCE, 0x59, 0xCE, 0x59, 0xCE,
    0x59, 0xCE, 0x59, 0xCE, 0x59, 0xCE, 0x59, 0xCE, 0x59, 0xCE, 0x59, 0xCE, 0x59, 0xCE, 0x59, 0xCE,
    0x59, 0xCE, 0x59, 0xCE, 0x59, 0xCE, 0x59, 0xCE, 0x59, 0xCE, 0x59, 0xCE, 0x59, 0xCE, 0x59, 0xCE,
    0x59, 0xCE, 0x59, 0xCE, 0x59, 0xCE, 0x59, 0xCE, 0x59, 0xCE, 0x59, 0xCE, 0x59, 0xCE, 0x59, 0xCE,
    0x59, 0xCE, 0x59, 0xCE, 0x59, 0xCE, 0x59, 0xCE, 0x59, 0xCE, 0x59, 0xCE, 0x59, 0xCE, 0x59, 0xCE,
    0x59, 0xCE, 0x59, 0xCE, 0x59, 0xCE, 0x59, 0xCE, 0x59, 0xCE, 0x59, 0xCE, 0x59, 0xCE, 0x59, 0xCE,
    0x59, 0xCE, 0x59, 0xCE, 0x59, 0xCE, 0x59, 0xCE, 0x59, 0xCE, 0x59, 0xCE, 0x59, 0xCE, 0x59, 0xCE,
    0x59, 0xCE, 0x59, 0xCE, 0x59, 0xCE, 0x59, 0xCE, 0x59, 0xCE, 0x59, 0xCE, 0x59, 0xCE, 0x59, 0xCE,
    0x59, 0xCE, 0x59, 0xCE, 0xC7, 0x39, 0xFB, 0xDE, 0x1C, 0xE7, 0x3C, 0xE7, 0x5D, 0xEF, 0x7D, 0xEF,
    0xBA, 0xD6, 0xBA, 0xD6, 0xBA, 0xD6, 0xBA, 0xD6, 0xBA, 0xD6, 0xBA, 0xD6, 0xBA, 0xD6, 0xBA, 0xD6,
    0xBA, 0xD6, 0xBA, 0xD6, 0xBA, 0xD6, 0xBA, 0xD6, 0xBA, 0xD6, 0xBA, 0xD6, 0xBA, 0xD6, 0xBA, 0xD6,
    0xBA, 0xD6, 0xBA, 0xD6, 0xBA, 0xD6, 0xBA, 0xD6, 0xBA, 0xD6, 0xBA, 0xD6, 0xBA, 0xD6, 0xBA, 0xD6,
    0xBA, 0xD6, 0xBA, 0xD6, 0xBA, 0xD6, 0xBA, 0xD6, 0xBA, 0xD6, 0xBA, 0xD6, 0xBA, 0xD6, 0xBA, 0xD6,
    0xBA, 0xD6, 0xBA, 0xD6, 0xBA, 0xD6, 0xBA, 0xD6, 0xBA, 0xD6, 0xBA, 0xD6, 0xBA, 0xD6, 0xBA, 0xD6,
    0xBA, 0xD6, 0xBA, 0xD6, 0xBA, 0xD6, 0xBA, 0xD6, 0xBA, 0xD6, 0xBA, 0xD6, 0xBA, 0xD6, 0xDB, 0xDE,
    0xDB, 0xDE, 0xDB, 0xDE, 0xDB, 0xDE, 0xDB, 0xDE, 0xDB, 0xDE, 0xDB, 0xDE, 0xDB, 0xDE, 0xDB, 0xDE,
    0xDB, 0xDE, 0xDB, 0xDE, 0xDB, 0xDE, 0xDB, 0xDE, 0xDB, 0xDE, 0xFB, 0xDE, 0xFB, 0xDE, 0xFB, 0xDE,
    0xFB, 0xDE, 0xFB, 0xDE, 0xFB, 0xDE, 0xFB, 0xDE, 0xFB, 0xDE, 0xFB, 0xDE, 0xFB, 0xDE, 0xFB, 0xDE,
    0x1C, 0xE7, 0x1C, 0xE7, 0x1C, 0xE7, 0x1C, 0xE7, 0x1C, 0xE7, 0x1C, 0xE7, 0x1C, 0xE7, 0x1C, 0xE7,
    0x1C, 0xE7, 0x1C, 0xE7, 0x3C, 0xE7, 0x3C, 0xE7, 0x3C, 0xE7, 0x3C, 0xE7, 0x3C, 0xE7, 0x3C, 0xE7,
    0x3C, 0xE7, 0x3C, 0xE7, 0x3C, 0xE7, 0x3C, 0xE7, 0x5D, 0xEF, 0x5D, 0xEF, 0x5D, 0xEF, 0x5D, 0xEF,
    0x5D, 0xEF, 0x5D, 0xEF, 0x5D, 0xEF, 0x5D, 0xEF, 0x5D, 0xEF, 0x5D, 0xEF, 0x7D, 0xEF, 0x7D, 0xEF,
    0x7D, 0xEF, 0x7D, 0xEF, 0x7D, 0xEF, 0x7D, 0xEF, 0x7D, 0xEF, 0x7D, 0xEF, 0x7D, 0xEF, 0x7D, 0xEF,
    0x9E, 0xF7, 0x9E, 0xF7, 0x9E, 0xF7, 0x9E, 0xF7, 0x9E, 0xF7, 0x9E, 0xF7, 0x9E, 0xF7, 0x9E, 0xF7,
    0x9E, 0xF7, 0x9E, 0xF7, 0x9E, 0xF7, 0x9E, 0xF7, 0x9E, 0xF7, 0x9E, 0xF7, 0xBE, 0xF7, 0xBE, 0xF7,
    0xBE, 0xF7, 0xBE, 0xF7, 0xBE, 0xF7, 0xBE, 0xF7, 0xBE, 0xF7, 0xBE, 0xF7, 0xBE, 0xF7, 0xBE, 0xF7,
    0xBE, 0xF7, 0xBE, 0xF7, 0xBE, 0xF7, 0xBE, 0xF7, 0xBE, 0xF7, 0xDF, 0xFF, 0xBE, 0xF7, 0xDF, 0xFF,
    0xDF, 0xFF, 0xDF, 0xFF, 0xDF, 0xFF, 0xDF, 0xFF, 0xDF, 0xFF, 0xDF, 0xFF, 0xDF, 0xFF, 0xDF, 0xFF,
    0xDF, 0xFF, 0xDF, 0xFF, 0xDF, 0xFF, 0x24, 0x21, 0x24, 0x21, 0x24, 0x21, 0x24, 0x21, 0x24, 0x21,
    0x24, 0x21, 0x24, 0x21, 0x24, 0x21, 0x24, 0x21, 0x24, 0x21, 0x24, 0x21, 0x24, 0x21, 0x24, 0x21,
    0x24, 0x21, 0x24, 0x21, 0x24, 0x21, 0x24, 0x21, 0x24, 0x21, 0x24, 0x21, 0x24, 0x21, 0x24, 0x21,
    0x24, 0x21, 0x24, 0x21, 0x24, 0x21, 0x24, 0x21, 0x24, 0x21, 0x24, 0x21, 0x24, 0x21, 0x24, 0x21,
    0x24, 0x21, 0x24, 0x21, 0x24, 0x21, 0x24, 0x21, 0x24, 0x21, 0x24, 0x21, 0x24, 0x21, 0x24, 0x21,
    0x24, 0x21, 0x24, 0x21, 0x24, 0x21, 0x24, 0x21, 0x24, 0x21, 0x24, 0x21, 0x24, 0x21, 0x24, 0x21,
    0x24, 0x21, 0x24, 0x21, 0x24, 0x21, 0x24, 0x21, 0x59, 0xCE, 0x59, 0xCE, 0x59, 0xCE, 0x59, 0xCE,
    0x59, 0xCE, 0x59, 0xCE, 0x59, 0xCE, 0x04, 0x21, 0x04, 0x21, 0x04, 0x21, 0x04, 0x21, 0x04, 0x21,
    0x49, 0x4A, 0xCB, 0x5A, 0x04, 0x21, 0x04, 0x21, 0x04, 0x21, 0x04, 0x21, 0xE7, 0x39, 0x2C, 0x63,
    0xAE, 0x73, 0x65, 0x29, 0x04, 0x21, 0x04, 0x21, 0x04, 0x21, 0x59, 0xCE, 0x59, 0xCE, 0x59, 0xCE,
    0x59, 0xCE, 0x59, 0xCE, 0x59, 0xCE, 0x59, 0xCE, 0x59, 0xCE, 0x59, 0xCE, 0x59, 0xCE, 0x59, 0xCE,
    0x59, 0xCE, 0x59, 0xCE, 0x59, 0xCE, 0x59, 0xCE, 0x59, 0xCE, 0x59, 0xCE, 0x59, 0xCE, 0x59, 0xCE,
    0x59, 0xCE, 0x59, 0xCE, 0x59, 0xCE, 0x59, 0xCE, 0x59, 0xCE, 0x59, 0xCE, 0x59, 0xCE, 0x59, 0xCE,
    0x59, 0xCE, 0x59, 0xCE, 0x59, 0xCE, 0x59, 0xCE, 0x59, 0xCE, 0x59, 0xCE, 0x59, 0xCE, 0x59, 0xCE,
    0x59, 0xCE, 0x59, 0xCE, 0x59, 0xCE, 0x59, 0xCE, 0x59, 0xCE, 0x59, 0xCE, 0x59, 0xCE, 0x59, 0xCE,
    0x59, 0xCE, 0x59, 0xCE, 0x59, 0xCE, 0x59, 0xCE, 0x59, 0xCE, 0x59, 0xCE, 0x59, 0xCE, 0x59, 0xCE,
    0x59, 0xCE, 0x59, 0xCE, 0x59, 0xCE, 0x59, 0xCE, 0x59, 0xCE, 0x59, 0xCE, 0x59, 0xCE, 0x59, 0xCE,
    0x59, 0xCE, 0x59, 0xCE, 0x59, 0xCE, 0x59, 0xCE, 0x59, 0xCE, 0x59, 0xCE, 0x59, 0xCE, 0x59, 0xCE,
    0x59, 0xCE, 0x59, 0xCE, 0x59, 0xCE, 0x59, 0xCE, 0x59, 0xCE, 0x59, 0xCE, 0x59, 0xCE, 0x59, 0xCE,
    0x59, 0xCE, 0x59, 0xCE, 0x59, 0xCE, 0x59, 0xCE, 0x59, 0xCE, 0x59, 0xCE, 0x59, 0xCE, 0x59, 0xCE,
    0x59, 0xCE, 0x59, 0xCE, 0xC7, 0x39, 0x1C, 0xE7, 0x1C, 0xE7, 0x3C, 0xE7, 0x5D, 0xEF, 0x7D, 0xEF,
    0xBA, 0xD6, 0xBA, 0xD6, 0xBA, 0xD6, 0xBA, 0xD6, 0xBA, 0xD6, 0xBA, 0xD6, 0xBA, 0xD6, 0xBA, 0xD6,
    0xBA, 0xD6, 0xBA, 0xD6, 0xBA, 0xD6, 0xBA, 0xD6, 0xBA, 0xD6, 0xBA, 0xD6, 0xBA, 0xD6, 0xBA, 0xD6,
    0xBA, 0xD6, 0xBA, 0xD6, 0xBA, 0xD6, 0xBA, 0xD6, 0xBA, 0xD6, 0xBA, 0xD6, 0xBA, 0xD6, 0xBA, 0xD6,
    0xBA, 0xD6, 0xBA, 0xD6, 0xBA, 0xD6, 0xBA, 0xD6, 0xBA, 0xD6, 0xBA, 0xD6, 0xBA, 0xD6, 0xBA, 0xD6,
    0xBA, 0xD6, 0xBA, 0xD6, 0xBA, 0xD6, 0xBA, 0xD6, 0xBA, 0xD6, 0xBA, 0xD6, 0xBA, 0xD6, 0xBA, 0xD6,
    0xBA, 0xD6, 0xBA, 0xD6, 0xBA, 0xD6, 0xBA, 0xD6, 0xBA, 0xD6, 0xBA, 0xD6, 0xBA, 0xD6, 0xDB, 0xDE,
    0xDB, 0xDE, 0xDB, 0xDE, 0xDB, 0xDE, 0xDB, 0xDE, 0xDB, 0xDE, 0xDB, 0xDE, 0xDB, 0xDE, 0xDB, 0xDE,
    0xDB, 0xDE, 0xDB, 0xDE, 0xDB, 0xDE, 0xDB, 0xDE, 0xDB, 0xDE, 0xFB, 0xDE, 0xFB, 0xDE, 0xFB, 0xDE,
    0xFB, 0xDE, 0xFB, 0xDE, 0xFB, 0xDE, 0xFB, 0xDE, 0xFB, 0xDE, 0xFB, 0xDE, 0xFB, 0xDE, 0xFB, 0xDE,
    0x1C, 0xE7, 0x1C, 0xE7, 0x1C, 0xE7, 0x1C, 0xE7, 0x1C, 0xE7, 0x1C, 0xE7, 0x1C, 0xE7, 0x1C, 0xE7,
    0x1C, 0xE7, 0x1C, 0xE7, 0x3C, 0xE7, 0x3C, 0xE7, 0x3C, 0xE7, 0x3C, 0xE7, 0x3C, 0xE7, 0x3C, 0xE7,
    0x3C, 0xE7, 0x3C, 0xE7, 0x3C, 0xE7, 0x3C, 0xE7, 0x5D, 0xEF, 0x5D, 0xEF, 0x5D, 0xEF, 0x5D, 0xEF,
    0x5D, 0xEF, 0x5D, 0xEF, 0x5D, 0xEF, 0x5D, 0xEF, 0x5D, 0xEF, 0x5D, 0xEF, 0x7D, 0xEF, 0x7D, 0xEF,
    0x7D, 0xEF, 0x7D, 0xEF, 0x7D, 0xEF, 0x7D, 0xEF, 0x7D, 0xEF, 0x7D, 0xEF, 0x7D, 0xEF, 0x7D, 0xEF,
    0x7D, 0xEF, 0x9E, 0xF7, 0x9E, 0xF7, 0x9E, 0xF7, 0x9E, 0xF7, 0x9E, 0xF7, 0x9E, 0xF7, 0x9E, 0xF7,
    0x9E, 0xF7, 0x9E, 0xF7, 0x9E, 0xF7, 0x9E, 0xF7, 0x9E, 0xF7, 0x9E, 0xF7, 0x9E, 0xF7, 0xBE, 0xF7,
    0xBE, 0xF7, 0xBE, 0xF7, 0xBE, 0xF7, 0xBE, 0xF7, 0xBE, 0xF7, 0xBE, 0xF7, 0xBE, 0xF7, 0xBE, 0xF7,
    0xBE, 0xF7, 0xBE, 0xF7, 0xBE, 0xF7, 0xBE, 0xF7, 0xBE, 0xF7, 0xDF, 0xFF, 0xDF, 0xFF, 0xDF, 0xFF,
    0xDF, 0xFF, 0xDF, 0xFF, 0xDF, 0xFF, 0xDF, 0xFF, 0xDF, 0xFF, 0xDF, 0xFF, 0xDF, 0xFF, 0xDF, 0xFF,
    0xDF, 0xFF, 0xDF, 0xFF, 0xDF, 0xFF, 0x24, 0x21, 0x24, 0x21, 0x24, 0x21, 0x24, 0x21, 0x24, 0x21,
    0x24, 0x21, 0x24, 0x21, 0x24, 0x21, 0x24, 0x21, 0x24, 0x21, 0x24, 0x21, 0x24, 0x21, 0x24, 0x21,
    0x24, 0x21, 0x24, 0x21, 0x24, 0x21, 0x24, 0x21, 0x24, 0x21, 0x24, 0x21, 0x24, 0x21, 0x24, 0x21,
    0x24, 0x21, 0x24, 0x21, 0x24, 0x21, 0x24, 0x21, 0x24, 0x21, 0x24, 0x21, 0x24, 0x21, 0x24, 0x21,
    0x24, 0x21, 0x24, 0x21, 0x24, 0x21, 0x24, 0x21, 0x24, 0x21, 0x24, 0x21, 0x24, 0x21, 0x24, 0x21,
    0x24, 0x21, 0x24, 0x21, 0x24, 0x21, 0x24, 0x21, 0x24, 0x21, 0x24, 0x21, 0x24, 0x21, 0x24, 0x21,
    0x24, 0x21, 0x24, 0x21, 0x24, 0x21, 0x24, 0x21, 0x59, 0xCE, 0x59, 0xCE, 0x59, 0xCE, 0x59, 0xCE,
    0x59, 0xCE, 0x59, 0xCE, 0x59, 0xCE, 0x04, 0x21, 0x04, 0x21, 0x04, 0x21, 0x04, 0x21, 0x04, 0x21,
    0x04, 0x21, 0x04, 0x21, 0x04, 0x21, 0x04, 0x21, 0x04, 0x21, 0x04, 0x21, 0x04, 0x21, 0x04, 0x21,
    0x04, 0x21, 0x04, 0x21, 0x04, 0x21, 0x04, 0x21, 0x04, 0x21, 0x59, 0xCE, 0x59, 0xCE, 0x59, 0xCE,
    0x59, 0xCE, 0x59, 0xCE, 0x59, 0xCE, 0x59, 0xCE, 0x59, 0xCE, 0x59, 0xCE, 0x59, 0xCE, 0x59, 0xCE,
    0x59, 0xCE, 0x59, 0xCE, 0x59, 0xCE, 0x59, 0xCE, 0x59, 0xCE, 0x59, 0xCE, 0x59, 0xCE, 0x59, 0xCE,
    0x59, 0xCE, 0x59, 0xCE, 0x59, 0xCE, 0x59, 0xCE, 0x59, 0xCE, 0x59, 0xCE, 0x59, 0xCE, 0x59, 0xCE,
    0x59, 0xCE, 0x59, 0xCE, 0x59, 0xCE, 0x59, 0xCE, 0x59, 0xCE, 0x59, 0xCE, 0x59, 0xCE, 0x59, 0xCE,
    0x59, 0xCE, 0x59, 0xCE, 0x59, 0xCE, 0x59, 0xCE, 0x59, 0xCE, 0x59, 0xCE, 0x59, 0xCE, 0x59, 0xCE,
    0x59, 0xCE, 0x59, 0xCE, 0x59, 0xCE, 0x59, 0xCE, 0x59, 0xCE, 0x59, 0xCE, 0x59, 0xCE, 0x59, 0xCE,
    0x59, 0xCE, 0x59, 0xCE, 0x59, 0xCE, 0x59, 0xCE, 0x59, 0xCE, 0x59, 0xCE, 0x59, 0xCE, 0x59, 0xCE,
    0x59, 0xCE, 0x59, 0xCE, 0x59, 0xCE, 0x59, 0xCE, 0x59, 0xCE, 0x59, 0xCE, 0x59, 0xCE, 0x59, 0xCE,
    0x59, 0xCE, 0x59, 0xCE, 0x59, 0xCE, 0x59, 0xCE, 0x59, 0xCE, 0x59, 0xCE, 0x59, 0xCE, 0x59, 0xCE,
    0x59, 0xCE, 0x59, 0xCE, 0x59, 0xCE, 0x59, 0xCE, 0x59, 0xCE, 0x59, 0xCE, 0x59, 0xCE, 0x59, 0xCE,
    0x59, 0xCE, 0x59, 0xCE, 0xC7, 0x39, 0x1C, 0xDF, 0x1C, 0xE7, 0x3C, 0xE7, 0x5D, 0xEF, 0x7D, 0xEF,
    0xBA, 0xD6, 0xBA, 0xD6, 0xBA, 0xD6, 0xBA, 0xD6, 0xBA, 0xD6, 0xBA, 0xD6, 0xBA, 0xD6, 0xBA, 0xD6,
    0xBA, 0xD6, 0xBA, 0xD6, 0xBA, 0xD6, 0xBA, 0xD6, 0xBA, 0xD6, 0xBA, 0xD6, 0xBA, 0xD6, 0xBA, 0xD6,
    0xBA, 0xD6, 0xBA, 0xD6, 0xBA, 0xD6, 0xBA, 0xD6, 0xBA, 0xD6, 0xBA, 0xD6, 0xBA, 0xD6, 0xBA, 0xD6,
    0xBA, 0xD6, 0xBA, 0xD6, 0xBA, 0xD6, 0xBA, 0xD6, 0xBA, 0xD6, 0xBA, 0xD6, 0xBA, 0xD6, 0xBA, 0xD6,
    0xBA, 0xD6, 0xBA, 0xD6, 0xBA, 0xD6, 0xBA, 0xD6, 0xBA, 0xD6, 0xBA, 0xD6, 0xBA, 0xD6, 0xBA, 0xD6,
    0xBA, 0xD6, 0xBA, 0xD6, 0xBA, 0xD6, 0xBA, 0xD6, 0xBA, 0xD6, 0xBA, 0xD6, 0xBA, 0xD6, 0xBA, 0xD6,
    0xDB, 0xDE, 0xDB, 0xDE, 0xDB, 0xDE, 0xDB, 0xDE, 0xDB, 0xDE, 0xDB, 0xDE, 0xDB, 0xDE, 0xDB, 0xDE,
    0xDB, 0xDE, 0xDB, 0xDE, 0xDB, 0xDE, 0xDB, 0xDE, 0xDB, 0xDE, 0xFB, 0xDE, 0xFB, 0xDE, 0xFB, 0xDE,
    0xFB, 0xDE, 0xFB, 0xDE, 0xFB, 0xDE, 0xFB, 0xDE, 0xFB, 0xDE, 0xFB, 0xDE, 0xFB, 0xDE, 0xFB, 0xDE,
    0x1C, 0xE7, 0x1C, 0xE7, 0x1C, 0xE7, 0x1C, 0xE7, 0x1C, 0xE7, 0x1C, 0xE7, 0x1C, 0xE7, 0x1C, 0xE7,
    0x1C, 0xE7, 0x1C, 0xE7, 0x3C, 0xE7, 0x3C, 0xE7, 0x3C, 0xE7, 0x3C, 0xE7, 0x3C, 0xE7, 0x3C, 0xE7,
    0x3C, 0xE7, 0x3C, 0xE7, 0x3C, 0xE7, 0x3C, 0xE7, 0x3C, 0xE7, 0x5D, 0xEF, 0x5D, 0xEF, 0x5D, 0xEF,
    0x5D, 0xEF, 0x5D, 0xEF, 0x5D, 0xEF, 0x5D, 0xEF, 0x5D, 0xEF, 0x5D, 0xEF, 0x5D, 0xEF, 0x7D, 0xEF,
    0x7D, 0xEF, 0x7D, 0xEF, 0x7D, 0xEF, 0x7D, 0xEF, 0x7D, 0xEF, 0x7D, 0xEF, 0x7D, 0xEF, 0x7D, 0xEF,
    0x7D, 0xEF, 0x7D, 0xEF, 0x9E, 0xF7, 0x9E, 0xF7, 0x9E, 0xF7, 0x9E, 0xF7, 0x9E, 0xF7, 0x9E, 0xF7,
    0x9E, 0xF7, 0x9E, 0xF7, 0x9E, 0xF7, 0x9E, 0xF7, 0x9E, 0xF7, 0x9E, 0xF7, 0x9E, 0xF7, 0x9E, 0xF7,
    0xBE, 0xF7, 0xBE, 0xF7, 0xBE, 0xF7, 0xBE, 0xF7, 0xBE, 0xF7, 0xBE, 0xF7, 0xBE, 0xF7, 0xBE, 0xF7,
    0xBE, 0xF7, 0xBE, 0xF7, 0xBE, 0xF7, 0xBE, 0xF7, 0xBE, 0xF7, 0xBE, 0xF7, 0xBE, 0xF7, 0xBE, 0xF7,
    0xDF, 0xFF, 0xDF, 0xFF, 0xDF, 0xFF, 0xDF, 0xFF, 0xDF, 0xFF, 0xDF, 0xFF, 0xDF, 0xFF, 0xDF, 0xFF,
    0xDF, 0xFF, 0xDF, 0xFF, 0xDF, 0xFF, 0x24, 0x21, 0x24, 0x21, 0x24, 0x21, 0x24, 0x21, 0x24, 0x21,
    0x24, 0x21, 0x24, 0x21, 0x24, 0x21, 0x24, 0x21, 0x24, 0x21, 0x24, 0x21, 0x24, 0x21, 0x24, 0x21,
    0x24, 0x21, 0x24, 0x21, 0x24, 0x21, 0x24, 0x21, 0x24, 0x21, 0x24, 0x21, 0x24, 0x21, 0x24, 0x21,
    0x24, 0x21, 0x24, 0x21, 0x24, 0x21, 0x24, 0x21, 0x24, 0x21, 0x24, 0x21, 0x24, 0x21, 0x24, 0x21,
    0x24, 0x21, 0x24, 0x21, 0x24, 0x21, 0x24, 0x21, 0x24, 0x21, 0x24, 0x21, 0x24, 0x21, 0x24, 0x21,
    0x24, 0x21, 0x24, 0x21, 0x24, 0x21, 0x24, 0x21, 0x24, 0x21, 0x24, 0x21, 0x24, 0x21, 0x24, 0x21,
    0x24, 0x21, 0x24, 0x21, 0x24, 0x21, 0x24, 0x21, 0x59, 0xCE, 0x59, 0xCE, 0x59, 0xCE, 0x59, 0xCE,
    0x59, 0xCE, 0x59, 0xCE, 0x59, 0xCE, 0x04, 0x21, 0x04, 0x21, 0x04, 0x21, 0x04, 0x21, 0x04, 0x21,
    0x04, 0x21, 0x04, 0x21, 0x04, 0x21, 0x04, 0x21, 0x04, 0x21, 0x04, 0x21, 0x04, 0x21, 0x04, 0x21,
    0x04, 0x21, 0x04, 0x21, 0x04, 0x21, 0x04, 0x21, 0x04, 0x21, 0x59, 0xCE, 0x59, 0xCE, 0x59, 0xCE,
    0x59, 0xCE, 0x59, 0xCE, 0x59, 0xCE, 0x59, 0xCE, 0x59, 0xCE, 0x59, 0xCE, 0x59, 0xCE, 0x59, 0xCE,
    0x59, 0xCE, 0x59, 0xCE, 0x59, 0xCE, 0x59, 0xCE, 0x59, 0xCE, 0x59, 0xCE, 0x59, 0xCE, 0x59, 0xCE,
    0x59, 0xCE, 0x59, 0xCE, 0x59, 0xCE, 0x59, 0xCE, 0x59, 0xCE, 0x59, 0xCE, 0x59, 0xCE, 0x59, 0xCE,
    0x59, 0xCE, 0x59, 0xCE, 0x59, 0xCE, 0x59, 0xCE, 0x59, 0xCE, 0x59, 0xCE, 0x59, 0xCE, 0x59, 0xCE,
    0x59, 0xCE, 0x59, 0xCE, 0x59, 0xCE, 0x59, 0xCE, 0x59, 0xCE, 0x59, 0xCE, 0x59, 0xCE, 0x59, 0xCE,
    0x59, 0xCE, 0x59, 0xCE, 0x59, 0xCE, 0x59, 0xCE, 0x59, 0xCE, 0x59, 0xCE, 0x59, 0xCE, 0x59, 0xCE,
    0x59, 0xCE, 0x59, 0xCE, 0x59, 0xCE, 0x59, 0xCE, 0x59, 0xCE, 0x59, 0xCE, 0x59, 0xCE, 0x59, 0xCE,
    0x59, 0xCE, 0x59, 0xCE, 0x59, 0xCE, 0x59, 0xCE, 0x59, 0xCE, 0x59, 0xCE, 0x59, 0xCE, 0x59, 0xCE,
    0x59, 0xCE, 0x59, 0xCE, 0x59, 0xCE, 0x59, 0xCE, 0x59, 0xCE, 0x59, 0xCE, 0x59, 0xCE, 0x59, 0xCE,
    0x59, 0xCE, 0x59, 0xCE, 0x59, 0xCE, 0x59, 0xCE, 0x59, 0xCE, 0x59, 0xCE, 0x59, 0xCE, 0x59, 0xCE,
    0x59, 0xCE, 0x59, 0xCE, 0xC7, 0x39, 0x1C, 0xDF, 0x1C, 0xE7, 0x3C, 0xE7, 0x5D, 0xEF, 0x7D, 0xEF,
    0xBA, 0xD6, 0xBA, 0xD6, 0xBA, 0xD6, 0xBA, 0xD6, 0xBA, 0xD6, 0xBA, 0xD6, 0xBA, 0xD6, 0xBA, 0xD6,
    0xBA, 0xD6, 0xBA, 0xD6, 0xBA, 0xD6, 0xBA, 0xD6, 0xBA, 0xD6, 0xBA, 0xD6, 0xBA, 0xD6, 0xBA, 0xD6,
    0xBA, 0xD6, 0xBA, 0xD6, 0xBA, 0xD6, 0xBA, 0xD6, 0xBA, 0xD6, 0xBA, 0xD6, 0xBA, 0xD6, 0xBA, 0xD6,
    0xBA, 0xD6, 0xBA, 0xD6, 0xBA, 0xD6, 0xBA, 0xD6, 0xBA, 0xD6, 0xBA, 0xD6, 0xBA, 0xD6, 0xBA, 0xD6,
    0xBA, 0xD6, 0xBA, 0xD6, 0xBA, 0xD6, 0xBA, 0xD6, 0xBA, 0xD6, 0xBA, 0xD6, 0xBA, 0xD6, 0xBA, 0xD6,
    0xBA, 0xD6, 0xBA, 0xD6, 0xBA, 0xD6, 0xBA, 0xD6, 0xBA, 0xD6, 0xBA, 0xD6, 0xBA, 0xD6, 0xBA, 0xD6,
    0xDB, 0xDE, 0xDB, 0xDE, 0xDB, 0xDE, 0xDB, 0xDE, 0xDB, 0xDE, 0xDB, 0xDE, 0xDB, 0xDE, 0xDB, 0xDE,
    0xDB, 0xDE, 0xDB, 0xDE, 0xDB, 0xDE, 0xDB, 0xDE, 0xDB, 0xDE, 0xDB, 0xDE, 0xFB, 0xDE, 0xFB, 0xDE,
    0xFB, 0xDE, 0xFB, 0xDE, 0xFB, 0xDE, 0xFB, 0xDE, 0xFB, 0xDE, 0xFB, 0xDE, 0xFB, 0xDE, 0xFB, 0xDE,
    0xFB, 0xDE, 0x1C, 0xE7, 0x1C, 0xE7, 0x1C, 0xE7, 0x1C, 0xE7, 0x1C, 0xE7, 0x1C, 0xE7, 0x1C, 0xE7,
    0x1C, 0xE7, 0x1C, 0xE7, 0x1C, 0xE7, 0x3C, 0xE7, 0x3C, 0xE7, 0x3C, 0xE7, 0x3C, 0xE7, 0x3C, 0xE7,
    0x3C, 0xE7, 0x3C, 0xE7, 0x3C, 0xE7, 0x3C, 0xE7, 0x3C, 0xE7, 0x5D, 0xEF, 0x5D, 0xEF, 0x5D, 0xEF,
    0x5D, 0xEF, 0x5D, 0xEF, 0x5D, 0xEF, 0x5D, 0xEF, 0x5D, 0xEF, 0x5D, 0xEF, 0x5D, 0xEF, 0x7D, 0xEF,
    0x7D, 0xEF, 0x7D, 0xEF, 0x7D, 0xEF, 0x7D, 0xEF, 0x7D, 0xEF, 0x7D, 0xEF, 0x7D, 0xEF, 0x7D, 0xEF,
    0x7D, 0xEF, 0x7D, 0xEF, 0x9E, 0xF7, 0x9E, 0xF7, 0x9E, 0xF7, 0x9E, 0xF7, 0x9E, 0xF7, 0x9E, 0xF7,
    0x9E, 0xF7, 0x9E, 0xF7, 0x9E, 0xF7, 0x9E, 0xF7, 0x9E, 0xF7, 0x9E, 0xF7, 0x9E, 0xF7, 0x9E, 0xF7,
    0x9E, 0xF7, 0xBE, 0xF7, 0xBE, 0xF7, 0xBE, 0xF7, 0xBE, 0xF7, 0xBE, 0xF7, 0xBE, 0xF7, 0xBE, 0xF7,
    0xBE, 0xF7, 0xBE, 0xF7, 0xBE, 0xF7, 0xBE, 0xF7, 0xBE, 0xF7, 0xBE, 0xF7, 0xDF, 0xFF, 0xDF, 0xFF,
    0xDF, 0xFF, 0xDF, 0xFF, 0xDF, 0xFF, 0xDF, 0xFF, 0xDF, 0xFF, 0xDF, 0xFF, 0xDF, 0xFF, 0xDF, 0xFF,
    0xDF, 0xFF, 0xDF, 0xFF, 0xDF, 0xFF, 0x24, 0x21, 0x24, 0x21, 0x24, 0x21, 0x24, 0x21, 0x24, 0x21,
    0x24, 0x21, 0x24, 0x21, 0x24, 0x21, 0x24, 0x21, 0x24, 0x21, 0x24, 0x21, 0x24, 0x21, 0x24, 0x21,
    0x24, 0x21, 0x24, 0x21, 0x24, 0x21, 0x24, 0x21, 0x24, 0x21, 0x24, 0x21, 0x24, 0x21, 0x24, 0x21,
    0x24, 0x21, 0x24, 0x21, 0x24, 0x21, 0x24, 0x21, 0x24, 0x21, 0x24, 0x21, 0x24, 0x21, 0x24, 0x21,
    0x24, 0x21, 0x24, 0x21, 0x24, 0x21, 0x24, 0x21, 0x24, 0x21, 0x24, 0x21, 0x24, 0x21, 0x24, 0x21,
    0x24, 0x21, 0x24, 0x21, 0x24, 0x21, 0x24, 0x21, 0x24, 0x21, 0x24, 0x21, 0x24, 0x21, 0x24, 0x21,
    0x24, 0x21, 0x24, 0x21, 0x24, 0x21, 0x24, 0x21, 0x59, 0xCE, 0x59, 0xCE, 0x59, 0xCE, 0x59, 0xCE,
    0x59, 0xCE, 0x59, 0xCE, 0x59, 0xCE, 0x45, 0x29, 0x04, 0x21, 0x04, 0x21, 0x04, 0x21, 0x04, 0x21,
    0x04, 0x21, 0x04, 0x21, 0x04, 0x21, 0x04, 0x21, 0x04, 0x21, 0x04, 0x21, 0x04, 0x21, 0x04, 0x21,
    0x04, 0x21, 0x04, 0x21, 0x04, 0x21, 0x04, 0x21, 0x45, 0x29, 0x59, 0xCE, 0x59, 0xCE, 0x59, 0xCE,
    0x59, 0xCE, 0x59, 0xCE, 0x59, 0xCE, 0x59, 0xCE, 0x59, 0xCE, 0x59, 0xCE, 0x59, 0xCE, 0x59, 0xCE,
    0x59, 0xCE, 0x59, 0xCE, 0x59, 0xCE, 0x59, 0xCE, 0x59, 0xCE, 0x59, 0xCE, 0x59, 0xCE, 0x59, 0xCE,
    0x59, 0xCE, 0x59, 0xCE, 0x59, 0xCE, 0x59, 0xCE, 0x59, 0xCE, 0x59, 0xCE, 0x59, 0xCE, 0x59, 0xCE,
    0x59, 0xCE, 0x59, 0xCE, 0x59, 0xCE, 0x59, 0xCE, 0x59, 0xCE, 0x59, 0xCE, 0x59, 0xCE, 0x59, 0xCE,
    0x59, 0xCE, 0x59, 0xCE, 0x59, 0xCE, 0x59, 0xCE, 0x59, 0xCE, 0x59, 0xCE, 0x59, 0xCE, 0x59, 0xCE,
    0x59, 0xCE, 0x59, 0xCE, 0x59, 0xCE, 0x59, 0xCE, 0x59, 0xCE, 0x59, 0xCE, 0x59, 0xCE, 0x59, 0xCE,
    0x59, 0xCE, 0x59, 0xCE, 0x59, 0xCE, 0x59, 0xCE, 0x59, 0xCE, 0x59, 0xCE, 0x59, 0xCE, 0x59, 0xCE,
    0x59, 0xCE, 0x59, 0xCE, 0x59, 0xCE, 0x59, 0xCE, 0x59, 0xCE, 0x59, 0xCE, 0x59, 0xCE, 0x59, 0xCE,
    0x59, 0xCE, 0x59, 0xCE, 0x59, 0xCE, 0x59, 0xCE, 0x59, 0xCE, 0x59, 0xCE, 0x59, 0xCE, 0x59, 0xCE,
    0x59, 0xCE, 0x59, 0xCE, 0x59, 0xCE, 0x59, 0xCE, 0x59, 0xCE, 0x59, 0xCE, 0x59, 0xCE, 0x59, 0xCE,
    0x59, 0xCE, 0x59, 0xCE, 0xC7, 0x39, 0x1C, 0xDF, 0x1C, 0xE7, 0x3C, 0xE7, 0x5D, 0xEF, 0x7D, 0xEF,
    0xBA, 0xD6, 0xBA, 0xD6, 0xBA, 0xD6, 0xBA, 0xD6, 0xBA, 0xD6, 0xBA, 0xD6, 0xBA, 0xD6, 0xBA, 0xD6,
    0xBA, 0xD6, 0xBA, 0xD6, 0xBA, 0xD6, 0xBA, 0xD6, 0xBA, 0xD6, 0xBA, 0xD6, 0xBA, 0xD6, 0xBA, 0xD6,
    0xBA, 0xD6, 0xBA, 0xD6, 0xBA, 0xD6, 0xBA, 0xD6, 0xBA, 0xD6, 0xBA, 0xD6, 0xBA, 0xD6, 0xBA, 0xD6,
    0xBA, 0xD6, 0xBA, 0xD6, 0xBA, 0xD6, 0xBA, 0xD6, 0xBA, 0xD6, 0xBA, 0xD6, 0xBA, 0xD6, 0xBA, 0xD6,
    0xBA, 0xD6, 0xBA, 0xD6, 0xBA, 0xD6, 0xBA, 0xD6, 0xBA, 0xD6, 0xBA, 0xD6, 0xBA, 0xD6, 0xBA, 0xD6,
    0xBA, 0xD6, 0xBA, 0xD6, 0xBA, 0xD6, 0xBA, 0xD6, 0xBA, 0xD6, 0xBA, 0xD6, 0xBA, 0xD6, 0xBA, 0xD6,
    0xDB, 0xDE, 0xDB, 0xDE, 0xDB, 0xDE, 0xDB, 0xDE, 0xDB, 0xDE, 0xDB, 0xDE, 0xDB, 0xDE, 0xDB, 0xDE,
    0xDB, 0xDE, 0xDB, 0xDE, 0xDB, 0xDE, 0xDB, 0xDE, 0xDB, 0xDE, 0xDB, 0xDE, 0xFB, 0xDE, 0xFB, 0xDE,
    0xFB, 0xDE, 0xFB, 0xDE, 0xFB, 0xDE, 0xFB, 0xDE, 0xFB, 0xDE, 0xFB, 0xDE, 0xFB, 0xDE, 0xFB, 0xDE,
    0xFB, 0xDE, 0x1C, 0xE7, 0x1C, 0xE7, 0x1C, 0xE7, 0x1C, 0xE7, 0x1C, 0xE7, 0x1C, 0xE7, 0x1C, 0xE7,
    0x1C, 0xE7, 0x1C, 0xE7, 0x1C, 0xE7, 0x3C, 0xE7, 0x3C, 0xE7, 0x3C, 0xE7, 0x3C, 0xE7, 0x3C, 0xE7,
    0x3C, 0xE7, 0x3C, 0xE7, 0x3C, 0xE7, 0x3C, 0xE7, 0x3C, 0xE7, 0x5D, 0xEF, 0x5D, 0xEF, 0x5D, 0xEF,
    0x5D, 0xEF, 0x5D, 0xEF, 0x5D, 0xEF, 0x5D, 0xEF, 0x5D, 0xEF, 0x5D, 0xEF, 0x5D, 0xEF, 0x5D, 0xEF,
    0x7D, 0xEF, 0x7D, 0xEF, 0x7D, 0xEF, 0x7D, 0xEF, 0x7D, 0xEF, 0x7D, 0xEF, 0x7D, 0xEF, 0x7D, 0xEF,
    0x7D, 0xEF, 0x7D, 0xEF, 0x7D, 0xEF, 0x9E, 0xF7, 0x9E, 0xF7, 0x9E, 0xF7, 0x9E, 0xF7, 0x9E, 0xF7,
    0x9E, 0xF7, 0x9E, 0xF7, 0x9E, 0xF7, 0x9E, 0xF7, 0x9E, 0xF7, 0x9E, 0xF7, 0x9E, 0xF7, 0x9E, 0xF7,
    0x9E, 0xF7, 0xBE, 0xF7, 0xBE, 0xF7, 0xBE, 0xF7, 0xBE, 0xF7, 0xBE, 0xF7, 0xBB, 0xDF, 0xEC, 0x57,
    0xBE, 0xF7, 0xBE, 0xF7, 0xBE, 0xF7, 0xBE, 0xF7, 0xBE, 0xF7, 0xBE, 0xF7, 0xEC, 0x57, 0xD9, 0xCF,
    0xDF, 0xFF, 0xDF, 0xFF, 0xDF, 0xFF, 0xDF, 0xFF, 0xDF, 0xFF, 0xDF, 0xFF, 0xDF, 0xFF, 0xDF, 0xFF,
    0xDF, 0xFF, 0xDF, 0xFF, 0xDF, 0xFF, 0x24, 0x21, 0x24, 0x21, 0x24, 0x21, 0x24, 0x21, 0x24, 0x21,
    0x24, 0x21, 0x24, 0x21, 0x24, 0x21, 0x24, 0x21, 0x24, 0x21, 0x24, 0x21, 0x24, 0x21, 0x24, 0x21,
    0x24, 0x21, 0x24, 0x21, 0x24, 0x21, 0x24, 0x21, 0x24, 0x21, 0x24, 0x21, 0x24, 0x21, 0x24, 0x21,
    0x24, 0x21, 0x24, 0x21, 0x24, 0x21, 0x24, 0x21, 0x24, 0x21, 0x24, 0x21, 0x24, 0x21, 0x24, 0x21,
    0x24, 0x21, 0x24, 0x21, 0x24, 0x21, 0x24, 0x21, 0x24, 0x21, 0x24, 0x21, 0x24, 0x21, 0x24, 0x21,
    0x24, 0x21, 0x24, 0x21, 0x24, 0x21, 0x24, 0x21, 0x24, 0x21, 0x24, 0x21, 0x24, 0x21, 0x24, 0x21,
    0x24, 0x21, 0x24, 0x21, 0x24, 0x21, 0x24, 0x21, 0x59, 0xCE, 0x59, 0xCE, 0x59, 0xCE, 0x59, 0xCE,
    0x59, 0xCE, 0x59, 0xCE, 0x59, 0xCE, 0xEF, 0x7B, 0x04, 0x21, 0x04, 0x21, 0x04, 0x21, 0x04, 0x21,
    0x04, 0x21, 0x04, 0x21, 0x04, 0x21, 0x04, 0x21, 0x04, 0x21, 0x04, 0x21, 0x04, 0x21, 0x04, 0x21,
    0x04, 0x21, 0x04, 0x21, 0x04, 0x21, 0x04, 0x21, 0xAE, 0x73, 0x59, 0xCE, 0x59, 0xCE, 0x59, 0xCE,
    0x59, 0xCE, 0x59, 0xCE, 0x59, 0xCE, 0x59, 0xCE, 0x59, 0xCE, 0x59, 0xCE, 0x59, 0xCE, 0x59, 0xCE,
    0x59, 0xCE, 0x59, 0xCE, 0x59, 0xCE, 0x59, 0xCE, 0x59, 0xCE, 0x59, 0xCE, 0x59, 0xCE, 0x59, 0xCE,
    0x59, 0xCE, 0x59, 0xCE, 0x59, 0xCE, 0x59, 0xCE, 0x59, 0xCE, 0x59, 0xCE, 0x59, 0xCE, 0x59, 0xCE,
    0x59, 0xCE, 0x59, 0xCE, 0x59, 0xCE, 0x59, 0xCE, 0x59, 0xCE, 0x59, 0xCE, 0x59, 0xCE, 0x59, 0xCE,
    0x59, 0xCE, 0x59, 0xCE, 0x59, 0xCE, 0x59, 0xCE, 0x59, 0xCE, 0x59, 0xCE, 0x59, 0xCE, 0x59, 0xCE,
    0x59, 0xCE, 0x59, 0xCE, 0x59, 0xCE, 0x59, 0xCE, 0x59, 0xCE, 0x59, 0xCE, 0x59, 0xCE, 0x59, 0xCE,
    0x59, 0xCE, 0x59, 0xCE, 0x59, 0xCE, 0x59, 0xCE, 0x59, 0xCE, 0x59, 0xCE, 0x59, 0xCE, 0x59, 0xCE,
    0x59, 0xCE, 0x59, 0xCE, 0x59, 0xCE, 0x59, 0xCE, 0x59, 0xCE, 0x59, 0xCE, 0x59, 0xCE, 0x59, 0xCE,
    0x59, 0xCE, 0x59, 0xCE, 0x59, 0xCE, 0x59, 0xCE, 0x59, 0xCE, 0x59, 0xCE, 0x59, 0xCE, 0x59, 0xCE,
    0x59, 0xCE, 0x59, 0xCE, 0x59, 0xCE, 0x59, 0xCE, 0x59, 0xCE, 0x59, 0xCE, 0x59, 0xCE, 0x59, 0xCE,
    0x59, 0xCE, 0x59, 0xCE, 0xC7, 0x39, 0x1C, 0xDF, 0x1C, 0xE7, 0x3C, 0xE7, 0x5D, 0xEF, 0x7D, 0xEF,
    0xBA, 0xD6, 0xBA, 0xD6, 0xBA, 0xD6, 0xBA, 0xD6, 0xBA, 0xD6, 0xBA, 0xD6, 0xBA, 0xD6, 0xBA, 0xD6,
    0xBA, 0xD6, 0xBA, 0xD6, 0xBA, 0xD6, 0xBA, 0xD6, 0xBA, 0xD6, 0xBA, 0xD6, 0xBA, 0xD6, 0xBA, 0xD6,
    0xBA, 0xD6, 0xBA, 0xD6, 0xBA, 0xD6, 0xBA, 0xD6, 0xBA, 0xD6, 0xBA, 0xD6, 0xBA, 0xD6, 0xBA, 0xD6,
    0xBA, 0xD6, 0xBA, 0xD6, 0xBA, 0xD6, 0xBA, 0xD6, 0xBA, 0xD6, 0xBA, 0xD6, 0xBA, 0xD6, 0xBA, 0xD6,
    0xBA, 0xD6, 0xBA, 0xD6, 0xBA, 0xD6, 0xBA, 0xD6, 0xBA, 0xD6, 0xBA, 0xD6, 0xBA, 0xD6, 0xBA, 0xD6,
    0xBA, 0xD6, 0xBA, 0xD6, 0xBA, 0xD6, 0xBA, 0xD6, 0xBA, 0xD6, 0xBA, 0xD6, 0xBA, 0xD6, 0xBA, 0xD6,
    0xBA, 0xD6, 0xDB, 0xDE, 0xDB, 0xDE, 0xDB, 0xDE, 0xDB, 0xDE, 0xDB, 0xDE, 0xDB, 0xDE, 0xDB, 0xDE,
    0xDB, 0xDE, 0xDB, 0xDE, 0xDB, 0xDE, 0xDB, 0xDE, 0xDB, 0xDE, 0xDB, 0xDE, 0xFB, 0xDE, 0xFB, 0xDE,
    0xFB, 0xDE, 0xFB, 0xDE, 0xFB, 0xDE, 0xFB, 0xDE, 0xFB, 0xDE, 0xFB, 0xDE, 0xFB, 0xDE, 0xFB, 0xDE,
    0xFB, 0xDE, 0x1C, 0xE7, 0x1C, 0xE7, 0x1C, 0xE7, 0x1C, 0xE7, 0x1C, 0xE7, 0x1C, 0xE7, 0x1C, 0xE7,
    0x1C, 0xE7, 0x1C, 0xE7, 0x1C, 0xE7, 0x1C, 0xE7, 0x3C, 0xE7, 0x3C, 0xE7, 0x3C, 0xE7, 0x3C, 0xE7,
    0x3C, 0xE7, 0x3C, 0xE7, 0x3C, 0xE7, 0x3C, 0xE7, 0x3C, 0xE7, 0x3C, 0xE7, 0x5D, 0xEF, 0x5D, 0xEF,
    0x5D, 0xEF, 0x5D, 0xEF, 0x5D, 0xEF, 0x5D, 0xEF, 0x5D, 0xEF, 0x5D, 0xEF, 0x5D, 0xEF, 0x5D, 0xEF,
    0x7D, 0xEF, 0x7D, 0xEF, 0x7D, 0xEF, 0x7D, 0xEF, 0x7D, 0xEF, 0x7D, 0xEF, 0x7D, 0xEF, 0x7D, 0xEF,
    0x7D, 0xEF, 0x7D, 0xEF, 0x7D, 0xEF, 0x9E, 0xF7, 0x9E, 0xF7, 0x9E, 0xF7, 0x9E, 0xF7, 0x9E, 0xF7,
    0x9E, 0xF7, 0x9E, 0xF7, 0x9E, 0xF7, 0x9E, 0xF7, 0x9E, 0xF7, 0x9E, 0xF7, 0x9E, 0xF7, 0x9E, 0xF7,
    0x9E, 0xF7, 0xBE, 0xF7, 0xBE, 0xF7, 0xBE, 0xF7, 0xBE, 0xF7, 0xBB, 0xDF, 0xE7, 0x2F, 0xD1, 0x87,
    0xBD, 0xEF, 0xD1, 0x87, 0xE7, 0x2F, 0xE8, 0x3F, 0xED, 0x67, 0xDB, 0xDF, 0xD9, 0xCF, 0xE7, 0x2F,
    0xD9, 0xCF, 0xBE, 0xF7, 0xDF, 0xFF, 0xDF, 0xFF, 0xDF, 0xFF, 0xDF, 0xFF, 0xDF, 0xFF, 0xDF, 0xFF,
    0xDF, 0xFF, 0xDF, 0xFF, 0xDF, 0xFF, 0x24, 0x21, 0x24, 0x21, 0x24, 0x21, 0x24, 0x21, 0x24, 0x21,
    0x24, 0x21, 0x24, 0x21, 0x24, 0x21, 0x24, 0x21, 0x24, 0x21, 0x24, 0x21, 0x24, 0x21, 0x24, 0x21,
    0x24, 0x21, 0xA6, 0x31, 0x08, 0x42, 0x08, 0x42, 0x08, 0x42, 0x24, 0x21, 0x24, 0x21, 0x24, 0x21,
    0xA6, 0x31, 0x08, 0x42, 0x08, 0x42, 0xA6, 0x31, 0x24, 0x21, 0x24, 0x21, 0xA6, 0x31, 0x08, 0x42,
    0xA6, 0x31, 0x24, 0x21, 0x24, 0x21, 0x24, 0x21, 0x08, 0x42, 0x08, 0x42, 0x24, 0x21, 0x24, 0x21,
    0x24, 0x21, 0x24, 0x21, 0x24, 0x21, 0x24, 0x21, 0x24, 0x21, 0x24, 0x21, 0x24, 0x21, 0x24, 0x21,
    0x24, 0x21, 0x24, 0x21, 0x24, 0x21, 0x24, 0x21, 0x59, 0xCE, 0x59, 0xCE, 0x59, 0xCE, 0x59, 0xCE,
    0x59, 0xCE, 0x59, 0xCE, 0x59, 0xCE, 0x59, 0xCE, 0xB6, 0xB5, 0xF3, 0x9C, 0xF3, 0x9C, 0xF3, 0x9C,
    0xF3, 0x9C, 0xF3, 0x9C, 0xF3, 0x9C, 0xF3, 0x9C, 0xF3, 0x9C, 0xF3, 0x9C, 0xF3, 0x9C, 0xF3, 0x9C,
    0xF3, 0x9C, 0xF3, 0x9C, 0xF3, 0x9C, 0xB6, 0xB5, 0x59, 0xCE, 0x59, 0xCE, 0x59, 0xCE, 0x59, 0xCE,
    0x59, 0xCE, 0x59, 0xCE, 0x59, 0xCE, 0x59, 0xCE, 0x59, 0xCE, 0x59, 0xCE, 0x59, 0xCE, 0x59, 0xCE,
    0x59, 0xCE, 0x59, 0xCE, 0x59, 0xCE, 0x59, 0xCE, 0x59, 0xCE, 0x59, 0xCE, 0x59, 0xCE, 0x59, 0xCE,
    0x59, 0xCE, 0x59, 0xCE, 0x59, 0xCE, 0x59, 0xCE, 0x59, 0xCE, 0x59, 0xCE, 0x59, 0xCE, 0x59, 0xCE,
    0x59, 0xCE, 0x59, 0xCE, 0x59, 0xCE, 0x59, 0xCE, 0x59, 0xCE, 0x59, 0xCE, 0x59, 0xCE, 0x59, 0xCE,
    0x59, 0xCE, 0x59, 0xCE, 0x59, 0xCE, 0x59, 0xCE, 0x59, 0xCE, 0x59, 0xCE, 0x59, 0xCE, 0x59, 0xCE,
    0x59, 0xCE, 0x59, 0xCE, 0x59, 0xCE, 0x59, 0xCE, 0x59, 0xCE, 0x59, 0xCE, 0x59, 0xCE, 0x59, 0xCE,
    0x59, 0xCE, 0x59, 0xCE, 0x59, 0xCE, 0x59, 0xCE, 0x59, 0xCE, 0x59, 0xCE, 0x59, 0xCE, 0x59, 0xCE,
    0x59, 0xCE, 0x59, 0xCE, 0x59, 0xCE, 0x59, 0xCE, 0x59, 0xCE, 0x59, 0xCE, 0x59, 0xCE, 0x59, 0xCE,
    0x59, 0xCE, 0x59, 0xCE, 0x59, 0xCE, 0x59, 0xCE, 0x59, 0xCE, 0x59, 0xCE, 0x59, 0xCE, 0x59, 0xCE,
    0x59, 0xCE, 0x59, 0xCE, 0x59, 0xCE, 0x59, 0xCE, 0x59, 0xCE, 0x59, 0xCE, 0x59, 0xCE, 0x59, 0xCE,
    0x59, 0xCE, 0x59, 0xCE, 0xC7, 0x39, 0x1C, 0xDF, 0x1C, 0xE7, 0x3C, 0xE7, 0x5D, 0xEF, 0x7D, 0xEF,
    0xBA, 0xD6, 0xBA, 0xD6, 0xBA, 0xD6, 0xBA, 0xD6, 0xBA, 0xD6, 0xBA, 0xD6, 0xBA, 0xD6, 0xBA, 0xD6,
    0xBA, 0xD6, 0xBA, 0xD6, 0xBA, 0xD6, 0xBA, 0xD6, 0xBA, 0xD6, 0xBA, 0xD6, 0xBA, 0xD6, 0xBA, 0xD6,
    0xBA, 0xD6, 0xBA, 0xD6, 0xBA, 0xD6, 0xBA, 0xD6, 0xBA, 0xD6, 0xBA, 0xD6, 0xBA, 0xD6, 0xBA, 0xD6,
    0xBA, 0xD6, 0xBA, 0xD6, 0xBA, 0xD6, 0xBA, 0xD6, 0xBA, 0xD6, 0xBA, 0xD6, 0xBA, 0xD6, 0xBA, 0xD6,
    0xBA, 0xD6, 0xBA, 0xD6, 0xBA, 0xD6, 0xBA, 0xD6, 0xBA, 0xD6, 0xBA, 0xD6, 0xBA, 0xD6, 0xBA, 0xD6,
    0xBA, 0xD6, 0xBA, 0xD6, 0xBA, 0xD6, 0xBA, 0xD6, 0xBA, 0xD6, 0xBA, 0xD6, 0xBA, 0xD6, 0xBA, 0xD6,
    0xBA, 0xD6, 0xDB, 0xDE, 0xDB, 0xDE, 0xDB, 0xDE, 0xDB, 0xDE, 0xDB, 0xDE, 0xDB, 0xDE, 0xDB, 0xDE,
    0xDB, 0xDE, 0xDB, 0xDE, 0xDB, 0xDE, 0xDB, 0xDE, 0xDB, 0xDE, 0xDB, 0xDE, 0xDB, 0xDE, 0xFB, 0xDE,
    0xFB, 0xDE, 0xFB, 0xDE, 0xFB, 0xDE, 0xFB, 0xDE, 0xFB, 0xDE, 0xFB, 0xDE, 0xFB, 0xDE, 0xFB, 0xDE,
    0xFB, 0xDE, 0x1C, 0xDF, 0x1C, 0xE7, 0x1C, 0xE7, 0x1C, 0xE7, 0x1C, 0xE7, 0x1C, 0xE7, 0x1C, 0xE7,
    0x1C, 0xE7, 0x1C, 0xE7, 0x1C, 0xE7, 0x1C, 0xE7, 0x3C, 0xE7, 0x3C, 0xE7, 0x3C, 0xE7, 0x3C, 0xE7,
    0x3C, 0xE7, 0x3C, 0xE7, 0x3C, 0xE7, 0x3C, 0xE7, 0x3C, 0xE7, 0x3C, 0xE7, 0x5D, 0xEF, 0x5D, 0xEF,
    0x5D, 0xEF, 0x5D, 0xEF, 0x5D, 0xEF, 0x5D, 0xEF, 0x5D, 0xEF, 0x5D, 0xEF, 0x5D, 0xEF, 0x5D, 0xEF,
    0x5D, 0xEF, 0x7D, 0xEF, 0x7D, 0xEF, 0x7D, 0xEF, 0x7D, 0xEF, 0x7D, 0xEF, 0x7D, 0xEF, 0x7D, 0xEF,
    0x7D, 0xEF, 0x7D, 0xEF, 0x7D, 0xEF, 0x7D, 0xEF, 0x9E, 0xF7, 0x9E, 0xF7, 0x9E, 0xF7, 0x9E, 0xF7,
    0x9E, 0xF7, 0x9E, 0xF7, 0x9E, 0xF7, 0x9E, 0xF7, 0x9E, 0xF7, 0x9E, 0xF7, 0x9E, 0xF7, 0x9E, 0xF7,
    0x9E, 0xF7, 0xBE, 0xF7, 0xBE, 0xF7, 0xBE, 0xF7, 0xBE, 0xF7, 0xD6, 0xAF, 0xD2, 0x97, 0xBB, 0xDF,
    0xE7, 0x2F, 0xEF, 0x77, 0xB9, 0xCF, 0xB9, 0xCF, 0xD4, 0xA7, 0xE7, 0x2F, 0xD2, 0x97, 0xD9, 0xCF,
    0xD8, 0xBF, 0xBE, 0xF7, 0xDF, 0xFF, 0xBE, 0xF7, 0xBE, 0xF7, 0xDF, 0xFF, 0xDF, 0xFF, 0xDF, 0xFF,
    0xDF, 0xFF, 0xDF, 0xFF, 0xDF, 0xFF, 0x24, 0x21, 0x24, 0x21, 0x24, 0x21, 0x24, 0x21, 0x24, 0x21,
    0x24, 0x21, 0x24, 0x21, 0x24, 0x21, 0x24, 0x21, 0x24, 0x21, 0x24, 0x21, 0x24, 0x21, 0x24, 0x21,
    0x24, 0x21, 0xEB, 0x5A, 0xFF, 0xFF, 0xFF, 0xFF, 0xFF, 0xFF, 0x3C, 0xE7, 0x08, 0x42, 0x24, 0x21,
    0x75, 0xAD, 0xFF, 0xFF, 0xFF, 0xFF, 0xFF, 0xFF, 0x14, 0xA5, 0x24, 0x21, 0xCF, 0x7B, 0xFF, 0xFF,
    0x9E, 0xF7, 0x24, 0x21, 0x24, 0x21, 0xA6, 0x31, 0xFF, 0xFF, 0xFF, 0xFF, 0xEB, 0x5A, 0x24, 0x21,
    0x24, 0x21, 0x24, 0x21, 0x24, 0x21, 0x24, 0x21, 0x24, 0x21, 0x24, 0x21, 0x24, 0x21, 0x24, 0x21,
    0x24, 0x21, 0x24, 0x21, 0x24, 0x21, 0x24, 0x21, 0x59, 0xCE, 0x59, 0xCE, 0x59, 0xCE, 0x59, 0xCE,
    0x59, 0xCE, 0x59, 0xCE, 0x59, 0xCE, 0x59, 0xCE, 0x59, 0xCE, 0x59, 0xCE, 0x59, 0xCE, 0x59, 0xCE,
    0x59, 0xCE, 0x59, 0xCE, 0x59, 0xCE, 0x59, 0xCE, 0x59, 0xCE, 0x59, 0xCE, 0x59, 0xCE, 0x59, 0xCE,
    0x59, 0xCE, 0x59, 0xCE, 0x59, 0xCE, 0x59, 0xCE, 0x59, 0xCE, 0x59, 0xCE, 0x59, 0xCE, 0x59, 0xCE,
    0x59, 0xCE, 0x59, 0xCE, 0x59, 0xCE, 0x59, 0xCE, 0x59, 0xCE, 0x59, 0xCE, 0x59, 0xCE, 0x59, 0xCE,
    0x59, 0xCE, 0x59, 0xCE, 0x59, 0xCE, 0x59, 0xCE, 0x59, 0xCE, 0x59, 0xCE, 0x59, 0xCE, 0x59, 0xCE,
    0x59, 0xCE, 0x59, 0xCE, 0x59, 0xCE, 0x59, 0xCE, 0x59, 0xCE, 0x59, 0xCE, 0x59, 0xCE, 0x59, 0xCE,
    0x59, 0xCE, 0x59, 0xCE, 0x59, 0xCE, 0x59, 0xCE, 0x59, 0xCE, 0x59, 0xCE, 0x59, 0xCE, 0x59, 0xCE,
    0x59, 0xCE, 0x59, 0xCE, 0x59, 0xCE, 0x59, 0xCE, 0x59, 0xCE, 0x59, 0xCE, 0x59, 0xCE, 0x59, 0xCE,
    0x59, 0xCE, 0x59, 0xCE, 0x59, 0xCE, 0x59, 0xCE, 0x59, 0xCE, 0x59, 0xCE, 0x59, 0xCE, 0x59, 0xCE,
    0x59, 0xCE, 0x59, 0xCE, 0x59, 0xCE, 0x59, 0xCE, 0x59, 0xCE, 0x59, 0xCE, 0x59, 0xCE, 0x59, 0xCE,
    0x59, 0xCE, 0x59, 0xCE, 0x59, 0xCE, 0x59, 0xCE, 0x59, 0xCE, 0x59, 0xCE, 0x59, 0xCE, 0x59, 0xCE,
    0x59, 0xCE, 0x59, 0xCE, 0x59, 0xCE, 0x59, 0xCE, 0x59, 0xCE, 0x59, 0xCE, 0x59, 0xCE, 0x59, 0xCE,
    0x59, 0xCE, 0x59, 0xCE, 0x59, 0xCE, 0x59, 0xCE, 0x59, 0xCE, 0x59, 0xCE, 0x59, 0xCE, 0x59, 0xCE,
    0x59, 0xCE, 0x59, 0xCE, 0xC7, 0x39, 0x1C, 0xDF, 0x1C, 0xE7, 0x3C, 0xE7, 0x5D, 0xEF, 0x7D, 0xEF,
    0xBA, 0xD6, 0xBA, 0xD6, 0xBA, 0xD6, 0xBA, 0xD6, 0xBA, 0xD6, 0xBA, 0xD6, 0xBA, 0xD6, 0xBA, 0xD6,
    0xBA, 0xD6, 0xBA, 0xD6, 0xBA, 0xD6, 0xBA, 0xD6, 0xBA, 0xD6, 0xBA, 0xD6, 0xBA, 0xD6, 0xBA, 0xD6,
    0xBA, 0xD6, 0xBA, 0xD6, 0xBA, 0xD6, 0xBA, 0xD6, 0xBA, 0xD6, 0xBA, 0xD6, 0xBA, 0xD6, 0xBA, 0xD6,
    0xBA, 0xD6, 0xBA, 0xD6, 0xBA, 0xD6, 0xBA, 0xD6, 0xBA, 0xD6, 0xBA, 0xD6, 0xBA, 0xD6, 0xBA, 0xD6,
    0xBA, 0xD6, 0xBA, 0xD6, 0xBA, 0xD6, 0xBA, 0xD6, 0xBA, 0xD6, 0xBA, 0xD6, 0xBA, 0xD6, 0xBA, 0xD6,
    0xBA, 0xD6, 0xBA, 0xD6, 0xBA, 0xD6, 0xBA, 0xD6, 0xBA, 0xD6, 0xBA, 0xD6, 0xBA, 0xD6, 0xBA, 0xD6,
    0xBA, 0xD6, 0xBA, 0xD6, 0xDB, 0xDE, 0xDB, 0xDE, 0xDB, 0xDE, 0xDB, 0xDE, 0xDB, 0xDE, 0xDB, 0xDE,
    0xDB, 0xDE, 0xDB, 0xDE, 0xDB, 0xDE, 0xDB, 0xDE, 0xDB, 0xDE, 0xDB, 0xDE, 0xDB, 0xDE, 0xFB, 0xDE,
    0xFB, 0xDE, 0xFB, 0xDE, 0xFB, 0xDE, 0xFB, 0xDE, 0xFB, 0xDE, 0xFB, 0xDE, 0xFB, 0xDE, 0xFB, 0xDE,
    0xFB, 0xDE, 0xFB, 0xDE, 0x1C, 0xE7, 0x1C, 0xE7, 0x1C, 0xE7, 0x1C, 0xE7, 0x1C, 0xE7, 0x1C, 0xE7,
    0x1C, 0xE7, 0x1C, 0xE7, 0x1C, 0xE7, 0x1C, 0xE7, 0x3C, 0xE7, 0x3C, 0xE7, 0x3C, 0xE7, 0x3C, 0xE7,
    0x3C, 0xE7, 0x3C, 0xE7, 0x3C, 0xE7, 0x3C, 0xE7, 0x3C, 0xE7, 0x3C, 0xE7, 0x3C, 0xE7, 0x5D, 0xEF,
    0x5D, 0xEF, 0x5D, 0xEF, 0x5D, 0xEF, 0x5D, 0xEF, 0x5D, 0xEF, 0x5D, 0xEF, 0x5D, 0xEF, 0x5D, 0xEF,
    0x5D, 0xEF, 0x7D, 0xEF, 0x7D, 0xEF, 0x7D, 0xEF, 0x7D, 0xEF, 0x7D, 0xEF, 0x7D, 0xEF, 0x7D, 0xEF,
    0x7D, 0xEF, 0x7D, 0xEF, 0x7D, 0xEF, 0x7D, 0xEF, 0x9E, 0xF7, 0x9E, 0xF7, 0x9E, 0xF7, 0x9E, 0xF7,
    0x9E, 0xF7, 0x9E, 0xF7, 0x9E, 0xF7, 0x9E, 0xF7, 0x9E, 0xF7, 0x9E, 0xF7, 0x9E, 0xF7, 0x9E, 0xF7,
    0x9E, 0xF7, 0xBE, 0xF7, 0xBE, 0xF7, 0xBE, 0xF7, 0xBE, 0xF7, 0xBE, 0xF7, 0xBE, 0xF7, 0xE7, 0x2F,
    0xD2, 0x97, 0xBE, 0xF7, 0xD6, 0xAF, 0xD2, 0x97, 0xBE, 0xF7, 0xBB, 0xDF, 0xE7, 0x2F, 0xDD, 0xEF,
    0xBE, 0xF7, 0xBE, 0xF7, 0xBE, 0xF7, 0xDF, 0xFF, 0xDF, 0xFF, 0xDF, 0xFF, 0xDF, 0xFF, 0xDF, 0xFF,
    0xDF, 0xFF, 0xDF, 0xFF, 0xDF, 0xFF, 0x24, 0x21, 0x24, 0x21, 0x24, 0x21, 0x24, 0x21, 0x24, 0x21,
    0x24, 0x21, 0x24, 0x21, 0x24, 0x21, 0x24, 0x21, 0x24, 0x21, 0x24, 0x21, 0x24, 0x21, 0x24, 0x21,
    0x24, 0x21, 0xEB, 0x5A, 0xFF, 0xFF, 0x4D, 0x6B, 0x69, 0x4A, 0x9E, 0xF7, 0x75, 0xAD, 0x24, 0x21,
    0x75, 0xAD, 0x3C, 0xE7, 0x08, 0x42, 0x14, 0xA5, 0xFF, 0xFF, 0x69, 0x4A, 0xCF, 0x7B, 0x9E, 0xF7,
    0xFF, 0xFF, 0xEB, 0x5A, 0x24, 0x21, 0xCF, 0x7B, 0x9E, 0xF7, 0xFF, 0xFF, 0xEB, 0x5A, 0x24, 0x21,
    0x24, 0x21, 0x24, 0x21, 0x24, 0x21, 0x24, 0x21, 0x24, 0x21, 0x24, 0x21, 0x24, 0x21, 0x24, 0x21,
    0x24, 0x21, 0x24, 0x21, 0x24, 0x21, 0x24, 0x21, 0x59, 0xCE, 0x59, 0xCE, 0x59, 0xCE, 0x59, 0xCE,
    0x59, 0xCE, 0x59, 0xCE, 0x59, 0xCE, 0x59, 0xCE, 0x59, 0xCE, 0x59, 0xCE, 0x59, 0xCE, 0x59, 0xCE,
    0x59, 0xCE, 0x59, 0xCE, 0x59, 0xCE, 0x59, 0xCE, 0x59, 0xCE, 0x59, 0xCE, 0x59, 0xCE, 0x59, 0xCE,
    0x59, 0xCE, 0x59, 0xCE, 0x59, 0xCE, 0x59, 0xCE, 0x59, 0xCE, 0x59, 0xCE, 0x59, 0xCE, 0x59, 0xCE,
    0x59, 0xCE, 0x59, 0xCE, 0x59, 0xCE, 0x59, 0xCE, 0x59, 0xCE, 0x59, 0xCE, 0x59, 0xCE, 0x59, 0xCE,
    0x59, 0xCE, 0x59, 0xCE, 0x59, 0xCE, 0x59, 0xCE, 0x59, 0xCE, 0x59, 0xCE, 0x59, 0xCE, 0x59, 0xCE,
    0x59, 0xCE, 0x59, 0xCE, 0x59, 0xCE, 0x59, 0xCE, 0x59, 0xCE, 0x59, 0xCE, 0x59, 0xCE, 0x59, 0xCE,
    0x59, 0xCE, 0x59, 0xCE, 0x59, 0xCE, 0x59, 0xCE, 0x59, 0xCE, 0x59, 0xCE, 0x59, 0xCE, 0x59, 0xCE,
    0x59, 0xCE, 0x59, 0xCE, 0x59, 0xCE, 0x59, 0xCE, 0x59, 0xCE, 0x59, 0xCE, 0x59, 0xCE, 0x59, 0xCE,
    0x59, 0xCE, 0x59, 0xCE, 0x59, 0xCE, 0x59, 0xCE, 0x59, 0xCE, 0x59, 0xCE, 0x59, 0xCE, 0x59, 0xCE,
    0x59, 0xCE, 0x59, 0xCE, 0x59, 0xCE, 0x59, 0xCE, 0x59, 0xCE, 0x59, 0xCE, 0x59, 0xCE, 0x59, 0xCE,
    0x59, 0xCE, 0x59, 0xCE, 0x59, 0xCE, 0x59, 0xCE, 0x59, 0xCE, 0x59, 0xCE, 0x59, 0xCE, 0x59, 0xCE,
    0x59, 0xCE, 0x59, 0xCE, 0x59, 0xCE, 0x59, 0xCE, 0x59, 0xCE, 0x59, 0xCE, 0x59, 0xCE, 0x59, 0xCE,
    0x59, 0xCE, 0x59, 0xCE, 0x59, 0xCE, 0x59, 0xCE, 0x59, 0xCE, 0x59, 0xCE, 0x59, 0xCE, 0x59, 0xCE,
    0x59, 0xCE, 0x59, 0xCE, 0xC7, 0x39, 0xFB, 0xDE, 0x1C, 0xE7, 0x3C, 0xE7, 0x5D, 0xEF, 0x7D, 0xEF,
    0xBA, 0xD6, 0xBA, 0xD6, 0xBA, 0xD6, 0xBA, 0xD6, 0xBA, 0xD6, 0xBA, 0xD6, 0xBA, 0xD6, 0xBA, 0xD6,
    0xBA, 0xD6, 0xBA, 0xD6, 0xBA, 0xD6, 0xBA, 0xD6, 0xBA, 0xD6, 0xBA, 0xD6, 0xBA, 0xD6, 0xBA, 0xD6,
    0xBA, 0xD6, 0xBA, 0xD6, 0xBA, 0xD6, 0xBA, 0xD6, 0xBA, 0xD6, 0xBA, 0xD6, 0xBA, 0xD6, 0xBA, 0xD6,
    0xBA, 0xD6, 0xBA, 0xD6, 0xBA, 0xD6, 0xBA, 0xD6, 0xBA, 0xD6, 0xBA, 0xD6, 0xBA, 0xD6, 0xBA, 0xD6,
    0xBA, 0xD6, 0xBA, 0xD6, 0xBA, 0xD6, 0xBA, 0xD6, 0xBA, 0xD6, 0xBA, 0xD6, 0xBA, 0xD6, 0xBA, 0xD6,
    0xBA, 0xD6, 0xBA, 0xD6, 0xBA, 0xD6, 0xBA, 0xD6, 0xBA, 0xD6, 0xBA, 0xD6, 0xBA, 0xD6, 0xBA, 0xD6,
    0xBA, 0xD6, 0xBA, 0xD6, 0xDB, 0xDE, 0xDB, 0xDE, 0xDB, 0xDE, 0xDB, 0xDE, 0xDB, 0xDE, 0xDB, 0xDE,
    0xDB, 0xDE, 0xDB, 0xDE, 0xDB, 0xDE, 0xDB, 0xDE, 0xDB, 0xDE, 0xDB, 0xDE, 0xDB, 0xDE, 0xFB, 0xDE,
    0xFB, 0xDE, 0xFB, 0xDE, 0xFB, 0xDE, 0xFB, 0xDE, 0xFB, 0xDE, 0xFB, 0xDE, 0xFB, 0xDE, 0xFB, 0xDE,
    0xFB, 0xDE, 0xFB, 0xDE, 0x1C, 0xE7, 0x1C, 0xE7, 0x1C, 0xE7, 0x1C, 0xE7, 0x1C, 0xE7, 0x1C, 0xE7,
    0x1C, 0xE7, 0x1C, 0xE7, 0x1C, 0xE7, 0x1C, 0xE7, 0x1C, 0xE7, 0x3C, 0xE7, 0x3C, 0xE7, 0x3C, 0xE7,
    0x3C, 0xE7, 0x3C, 0xE7, 0x3C, 0xE7, 0x3C, 0xE7, 0x3C, 0xE7, 0x3C, 0xE7, 0x3C, 0xE7, 0x5D, 0xEF,
    0x5D, 0xEF, 0x5D, 0xEF, 0x5D, 0xEF, 0x5D, 0xEF, 0x5D, 0xEF, 0x5D, 0xEF, 0x5D, 0xEF, 0x5D, 0xEF,
    0x5D, 0xEF, 0x5D, 0xEF, 0x7D, 0xEF, 0x7D, 0xEF, 0x7D, 0xEF, 0x7D, 0xEF, 0x7D, 0xEF, 0x7D, 0xEF,
    0x7D, 0xEF, 0x7D, 0xEF, 0x7D, 0xEF, 0x7D, 0xEF, 0x7D, 0xEF, 0x9E, 0xF7, 0x9E, 0xF7, 0x9E, 0xF7,
    0x9E, 0xF7, 0x9E, 0xF7, 0x9E, 0xF7, 0x9E, 0xF7, 0x9E, 0xF7, 0x9E, 0xF7, 0x9E, 0xF7, 0x9E, 0xF7,
    0x9E, 0xF7, 0xBE, 0xF7, 0xBE, 0xF7, 0xBE, 0xF7, 0xBE, 0xF7, 0xBE, 0xF7, 0xB7, 0xBF, 0xE7, 0x2F,
    0xBE, 0xF7, 0xBE, 0xF7, 0xD4, 0x9F, 0xED, 0x67, 0xBE, 0xF7, 0xBE, 0xF7, 0xCF, 0x77, 0xD1, 0x87,
    0xBE, 0xF7, 0xDF, 0xFF, 0xBE, 0xF7, 0xDF, 0xFF, 0xDF, 0xFF, 0xDF, 0xFF, 0xDF, 0xFF, 0xDF, 0xFF,
    0xDF, 0xFF, 0xDF, 0xFF, 0xDF, 0xFF, 0x24, 0x21, 0x24, 0x21, 0x24, 0x21, 0x24, 0x21, 0x24, 0x21,
    0x24, 0x21, 0x24, 0x21, 0x24, 0x21, 0x24, 0x21, 0x24, 0x21, 0x24, 0x21, 0x24, 0x21, 0x24, 0x21,
    0x24, 0x21, 0xEB, 0x5A, 0xFF, 0xFF, 0xEB, 0x5A, 0x08, 0x42, 0x9E, 0xF7, 0x14, 0xA5, 0x24, 0x21,
    0x75, 0xAD, 0x3C, 0xE7, 0x24, 0x21, 0xCF, 0x7B, 0xFF, 0xFF, 0xEB, 0x5A, 0xCF, 0x7B, 0x9E, 0xF7,
    0x59, 0xCE, 0x92, 0x94, 0x24, 0x21, 0xF7, 0xBD, 0xF7, 0xBD, 0xFF, 0xFF, 0xEB, 0x5A, 0x24, 0x21,
    0x24, 0x21, 0x24, 0x21, 0x24, 0x21, 0x24, 0x21, 0x24, 0x21, 0x24, 0x21, 0x24, 0x21, 0x24, 0x21,
    0x24, 0x21, 0x24, 0x21, 0x24, 0x21, 0x24, 0x21, 0x59, 0xCE, 0x59, 0xCE, 0x59, 0xCE, 0x59, 0xCE,
    0x59, 0xCE, 0x59, 0xCE, 0x59, 0xCE, 0x59, 0xCE, 0x59, 0xCE, 0x59, 0xCE, 0x59, 0xCE, 0x59, 0xCE,
    0x59, 0xCE, 0x59, 0xCE, 0x59, 0xCE, 0x59, 0xCE, 0x59, 0xCE, 0x59, 0xCE, 0x59, 0xCE, 0x59, 0xCE,
    0x59, 0xCE, 0x59, 0xCE, 0x59, 0xCE, 0x59, 0xCE, 0x59, 0xCE, 0x59, 0xCE, 0x59, 0xCE, 0x59, 0xCE,
    0x59, 0xCE, 0x59, 0xCE, 0x59, 0xCE, 0x59, 0xCE, 0x59, 0xCE, 0x59, 0xCE, 0x59, 0xCE, 0x59, 0xCE,
    0x59, 0xCE, 0x59, 0xCE, 0x59, 0xCE, 0x59, 0xCE, 0x59, 0xCE, 0x59, 0xCE, 0x59, 0xCE, 0x59, 0xCE,
    0x59, 0xCE, 0x59, 0xCE, 0x59, 0xCE, 0x59, 0xCE, 0x59, 0xCE, 0x59, 0xCE, 0x59, 0xCE, 0x59, 0xCE,
    0x59, 0xCE, 0x59, 0xCE, 0x59, 0xCE, 0x59, 0xCE, 0x59, 0xCE, 0x59, 0xCE, 0x59, 0xCE, 0x59, 0xCE,
    0x59, 0xCE, 0x59, 0xCE, 0x59, 0xCE, 0x59, 0xCE, 0x59, 0xCE, 0x59, 0xCE, 0x59, 0xCE, 0x59, 0xCE,
    0x59, 0xCE, 0x59, 0xCE, 0x59, 0xCE, 0x59, 0xCE, 0x59, 0xCE, 0x59, 0xCE, 0x59, 0xCE, 0x59, 0xCE,
    0x59, 0xCE, 0x59, 0xCE, 0x59, 0xCE, 0x59, 0xCE, 0x59, 0xCE, 0x59, 0xCE, 0x59, 0xCE, 0x59, 0xCE,
    0x59, 0xCE, 0x59, 0xCE, 0x59, 0xCE, 0x59, 0xCE, 0x59, 0xCE, 0x59, 0xCE, 0x59, 0xCE, 0x59, 0xCE,
    0x59, 0xCE, 0x59, 0xCE, 0x59, 0xCE, 0x59, 0xCE, 0x59, 0xCE, 0x59, 0xCE, 0x59, 0xCE, 0x59, 0xCE,
    0x59, 0xCE, 0x59, 0xCE, 0x59, 0xCE, 0x59, 0xCE, 0x59, 0xCE, 0x59, 0xCE, 0x59, 0xCE, 0x59, 0xCE,
    0x59, 0xCE, 0x59, 0xCE, 0xC7, 0x39, 0x1C, 0xDF, 0x1C, 0xE7, 0x3C, 0xE7, 0x5D, 0xEF, 0x7D, 0xEF,
    0xBA, 0xD6, 0xBA, 0xD6, 0xBA, 0xD6, 0xBA, 0xD6, 0xBA, 0xD6, 0xBA, 0xD6, 0xBA, 0xD6, 0xBA, 0xD6,
    0xBA, 0xD6, 0xBA, 0xD6, 0xBA, 0xD6, 0xBA, 0xD6, 0xBA, 0xD6, 0xBA, 0xD6, 0xBA, 0xD6, 0xBA, 0xD6,
    0xBA, 0xD6, 0xBA, 0xD6, 0xBA, 0xD6, 0xBA, 0xD6, 0xBA, 0xD6, 0xBA, 0xD6, 0xBA, 0xD6, 0xBA, 0xD6,
    0xBA, 0xD6, 0xBA, 0xD6, 0xBA, 0xD6, 0xBA, 0xD6, 0xBA, 0xD6, 0xBA, 0xD6, 0xBA, 0xD6, 0xBA, 0xD6,
    0xBA, 0xD6, 0xBA, 0xD6, 0xBA, 0xD6, 0xBA, 0xD6, 0xBA, 0xD6, 0xBA, 0xD6, 0xBA, 0xD6, 0xBA, 0xD6,
    0xBA, 0xD6, 0xBA, 0xD6, 0xBA, 0xD6, 0xBA, 0xD6, 0xBA, 0xD6, 0xBA, 0xD6, 0xBA, 0xD6, 0xBA, 0xD6,
    0xBA, 0xD6, 0xBA, 0xD6, 0xDB, 0xDE, 0xDB, 0xDE, 0xDB, 0xDE, 0xDB, 0xDE, 0xDB, 0xDE, 0xDB, 0xDE,
    0xDB, 0xDE, 0xDB, 0xDE, 0xDB, 0xDE, 0xDB, 0xDE, 0xDB, 0xDE, 0xDB, 0xDE, 0xDB, 0xDE, 0xFB, 0xDE,
    0xFB, 0xDE, 0xFB, 0xDE, 0xFB, 0xDE, 0xFB, 0xDE, 0xFB, 0xDE, 0xFB, 0xDE, 0xFB, 0xDE, 0xFB, 0xDE,
    0xFB, 0xDE, 0xFB, 0xDE, 0x1C, 0xE7, 0x1C, 0xE7, 0x1C, 0xE7, 0x1C, 0xE7, 0x1C, 0xE7, 0x1C, 0xE7,
    0x1C, 0xE7, 0x1C, 0xE7, 0x1C, 0xE7, 0x1C, 0xE7, 0x1C, 0xE7, 0x3C, 0xE7, 0x3C, 0xE7, 0x3C, 0xE7,
    0x3C, 0xE7, 0x3C, 0xE7, 0x3C, 0xE7, 0x3C, 0xE7, 0x3C, 0xE7, 0x3C, 0xE7, 0x3C, 0xE7, 0x5D, 0xEF,
    0x5D, 0xEF, 0x5D, 0xEF, 0x5D, 0xEF, 0x5D, 0xEF, 0x5D, 0xEF, 0x5D, 0xEF, 0x5D, 0xEF, 0x5D, 0xEF,
    0x5D, 0xEF, 0x5D, 0xEF, 0x7D, 0xEF, 0x7D, 0xEF, 0x7D, 0xEF, 0x7D, 0xEF, 0x7D, 0xEF, 0x7D, 0xEF,
    0x7D, 0xEF, 0x7D, 0xEF, 0x7D, 0xEF, 0x7D, 0xEF, 0x7D, 0xEF, 0x9E, 0xF7, 0x9E, 0xF7, 0x9E, 0xF7,
    0x9E, 0xF7, 0x9E, 0xF7, 0x9E, 0xF7, 0x9E, 0xF7, 0x9E, 0xF7, 0x9E, 0xF7, 0x9E, 0xF7, 0x9E, 0xF7,
    0x9E, 0xF7, 0xBE, 0xF7, 0xBE, 0xF7, 0xBE, 0xF7, 0xBE, 0xF7, 0xBE, 0xF7, 0xD4, 0x9F, 0xCB, 0x57,
    0xBE, 0xF7, 0xBE, 0xF7, 0xD4, 0x9F, 0xEA, 0x4F, 0xBE, 0xF7, 0xBE, 0xF7, 0xD4, 0xA7, 0xED, 0x67,
    0xBE, 0xF7, 0xBE, 0xF7, 0xBE, 0xF7, 0xDF, 0xFF, 0xDF, 0xFF, 0xDF, 0xFF, 0xDF, 0xFF, 0xDF, 0xFF,
    0xDF, 0xFF, 0xDF, 0xFF, 0xDF, 0xFF, 0x24, 0x21, 0x24, 0x21, 0x24, 0x21, 0x24, 0x21, 0x24, 0x21,
    0x24, 0x21, 0x24, 0x21, 0x24, 0x21, 0x24, 0x21, 0x24, 0x21, 0x24, 0x21, 0x24, 0x21, 0x24, 0x21,
    0x24, 0x21, 0xEB, 0x5A, 0xFF, 0xFF, 0xFF, 0xFF, 0xFF, 0xFF, 0xBA, 0xD6, 0x08, 0x42, 0x24, 0x21,
    0x75, 0xAD, 0x9E, 0xF7, 0xBA, 0xD6, 0x9E, 0xF7, 0x3C, 0xE7, 0x24, 0x21, 0xCF, 0x7B, 0xFF, 0xFF,
    0x30, 0x84, 0x59, 0xCE, 0x24, 0x21, 0xFF, 0xFF, 0x4D, 0x6B, 0xFF, 0xFF, 0xEB, 0x5A, 0x24, 0x21,
    0x24, 0x21, 0x24, 0x21, 0x24, 0x21, 0x24, 0x21, 0x24, 0x21, 0x24, 0x21, 0x24, 0x21, 0x24, 0x21,
    0x24, 0x21, 0x24, 0x21, 0x24, 0x21, 0x24, 0x21, 0x59, 0xCE, 0x59, 0xCE, 0x59, 0xCE, 0x59, 0xCE,
    0x59, 0xCE, 0x59, 0xCE, 0x59, 0xCE, 0xF3, 0x9C, 0xA6, 0x31, 0x04, 0x21, 0x04, 0x21, 0x04, 0x21,
    0x04, 0x21, 0x04, 0x21, 0x04, 0x21, 0x04, 0x21, 0x04, 0x21, 0x04, 0x21, 0x04, 0x21, 0x04, 0x21,
    0x04, 0x21, 0x04, 0x21, 0x04, 0x21, 0x08, 0x42, 0xB2, 0x94, 0x59, 0xCE, 0x59, 0xCE, 0x59, 0xCE,
    0x59, 0xCE, 0x59, 0xCE, 0x59, 0xCE, 0x59, 0xCE, 0x59, 0xCE, 0x59, 0xCE, 0x59, 0xCE, 0x59, 0xCE,
    0x59, 0xCE, 0x59, 0xCE, 0x59, 0xCE, 0x59, 0xCE, 0x59, 0xCE, 0x59, 0xCE, 0x59, 0xCE, 0x59, 0xCE,
    0x59, 0xCE, 0x59, 0xCE, 0x59, 0xCE, 0x59, 0xCE, 0x59, 0xCE, 0x59, 0xCE, 0x59, 0xCE, 0x59, 0xCE,
    0x59, 0xCE, 0x59, 0xCE, 0x59, 0xCE, 0x59, 0xCE, 0x59, 0xCE, 0x59, 0xCE, 0x59, 0xCE, 0x59, 0xCE,
    0x59, 0xCE, 0x59, 0xCE, 0x59, 0xCE, 0x59, 0xCE, 0x59, 0xCE, 0x59, 0xCE, 0x59, 0xCE, 0x59, 0xCE,
    0x59, 0xCE, 0x59, 0xCE, 0x59, 0xCE, 0x59, 0xCE, 0x59, 0xCE, 0x59, 0xCE, 0x59, 0xCE, 0x59, 0xCE,
    0x59, 0xCE, 0x59, 0xCE, 0x59, 0xCE, 0x59, 0xCE, 0x59, 0xCE, 0x59, 0xCE, 0x59, 0xCE, 0x59, 0xCE,
    0x59, 0xCE, 0x59, 0xCE, 0x59, 0xCE, 0x59, 0xCE, 0x59, 0xCE, 0x59, 0xCE, 0x59, 0xCE, 0x59, 0xCE,
    0x59, 0xCE, 0x59, 0xCE, 0x59, 0xCE, 0x59, 0xCE, 0x59, 0xCE, 0x59, 0xCE, 0x59, 0xCE, 0x59, 0xCE,
    0x59, 0xCE, 0x59, 0xCE, 0x59, 0xCE, 0x59, 0xCE, 0x59, 0xCE, 0x59, 0xCE, 0x59, 0xCE, 0x59, 0xCE,
    0x59, 0xCE, 0x59, 0xCE, 0xC7, 0x39, 0x1C, 0xDF, 0x1C, 0xE7, 0x3C, 0xE7, 0x5D, 0xEF, 0x7D, 0xEF,
    0xBA, 0xD6, 0xBA, 0xD6, 0xBA, 0xD6, 0xBA, 0xD6, 0xBA, 0xD6, 0xBA, 0xD6, 0xBA, 0xD6, 0xBA, 0xD6,
    0xBA, 0xD6, 0xBA, 0xD6, 0xBA, 0xD6, 0xBA, 0xD6, 0xBA, 0xD6, 0xBA, 0xD6, 0xBA, 0xD6, 0xBA, 0xD6,
    0xBA, 0xD6, 0xBA, 0xD6, 0xBA, 0xD6, 0xBA, 0xD6, 0xBA, 0xD6, 0xBA, 0xD6, 0xBA, 0xD6, 0xBA, 0xD6,
    0xBA, 0xD6, 0xBA, 0xD6, 0xBA, 0xD6, 0xBA, 0xD6, 0xBA, 0xD6, 0xBA, 0xD6, 0xBA, 0xD6, 0xBA, 0xD6,
    0xBA, 0xD6, 0xBA, 0xD6, 0xBA, 0xD6, 0xBA, 0xD6, 0xBA, 0xD6, 0xBA, 0xD6, 0xBA, 0xD6, 0xBA, 0xD6,
    0xBA, 0xD6, 0xBA, 0xD6, 0xBA, 0xD6, 0xBA, 0xD6, 0xBA, 0xD6, 0xBA, 0xD6, 0xBA, 0xD6, 0xBA, 0xD6,
    0xBA, 0xD6, 0xBA, 0xD6, 0xBA, 0xD6, 0xDB, 0xDE, 0xDB, 0xDE, 0xDB, 0xDE, 0xDB, 0xDE, 0xDB, 0xDE,
    0xDB, 0xDE, 0xDB, 0xDE, 0xDB, 0xDE, 0xDB, 0xDE, 0xDB, 0xDE, 0xDB, 0xDE, 0xDB, 0xDE, 0xDB, 0xDE,
    0xFB, 0xDE, 0xFB, 0xDE, 0xFB, 0xDE, 0xFB, 0xDE, 0xFB, 0xDE, 0xFB, 0xDE, 0xFB, 0xDE, 0xFB, 0xDE,
    0xFB, 0xDE, 0xFB, 0xDE, 0xFB, 0xDE, 0x1C, 0xE7, 0x1C, 0xE7, 0x1C, 0xE7, 0x1C, 0xE7, 0x1C, 0xE7,
    0x1C, 0xE7, 0x1C, 0xE7, 0x1C, 0xE7, 0x1C, 0xE7, 0x1C, 0xE7, 0x3C, 0xE7, 0x3C, 0xE7, 0x3C, 0xE7,
    0x3C, 0xE7, 0x3C, 0xE7, 0x3C, 0xE7, 0x3C, 0xE7, 0x3C, 0xE7, 0x3C, 0xE7, 0x3C, 0xE7, 0x3C, 0xE7,
    0x5D, 0xEF, 0x5D, 0xEF, 0x5D, 0xEF, 0x5D, 0xEF, 0x5D, 0xEF, 0x5D, 0xEF, 0x5D, 0xEF, 0x5D, 0xEF,
    0x5D, 0xEF, 0x5D, 0xEF, 0x7D, 0xEF, 0x7D, 0xEF, 0x7D, 0xEF, 0x7D, 0xEF, 0x7D, 0xEF, 0x7D, 0xEF,
    0x7D, 0xEF, 0x7D, 0xEF, 0x7D, 0xEF, 0x7D, 0xEF, 0x7D, 0xEF, 0x7D, 0xEF, 0x9E, 0xF7, 0x9E, 0xF7,
    0x9E, 0xF7, 0x9E, 0xF7, 0x9E, 0xF7, 0x9E, 0xF7, 0x9E, 0xF7, 0x9E, 0xF7, 0x9E, 0xF7, 0x9E, 0xF7,
    0x9E, 0xF7, 0x9E, 0xF7, 0xBE, 0xF7, 0xBE, 0xF7, 0xBE, 0xF7, 0xBE, 0xF7, 0xB7, 0xBF, 0xEA, 0x4F,
    0xBE, 0xF7, 0xBE, 0xF7, 0xBE, 0xF7, 0xCD, 0x67, 0xED, 0x67, 0xBE, 0xF7, 0xD2, 0x97, 0xEF, 0x77,
    0xBE, 0xF7, 0xBE, 0xF7, 0xBE, 0xF7, 0xBE, 0xF7, 0xBE, 0xF7, 0xDF, 0xFF, 0xDF, 0xFF, 0xDF, 0xFF,
    0xDF, 0xFF, 0xDF, 0xFF, 0xDF, 0xFF, 0x24, 0x21, 0x24, 0x21, 0x24, 0x21, 0x24, 0x21, 0x24, 0x21,
    0x24, 0x21, 0x24, 0x21, 0x24, 0x21, 0x24, 0x21, 0x24, 0x21, 0x24, 0x21, 0x24, 0x21, 0x24, 0x21,
    0x24, 0x21, 0xEB, 0x5A, 0xFF, 0xFF, 0x30, 0x84, 0x59, 0xCE, 0x59, 0xCE, 0x24, 0x21, 0x24, 0x21,
    0x75, 0xAD, 0x9E, 0xF7, 0x92, 0x94, 0xAE, 0x73, 0xA6, 0x31, 0x24, 0x21, 0xCF, 0x7B, 0xFF, 0xFF,
    0x08, 0x42, 0xFF, 0xFF, 0xCF, 0x7B, 0x3C, 0xE7, 0x08, 0x42, 0xFF, 0xFF, 0xEB, 0x5A, 0x24, 0x21,
    0x24, 0x21, 0x24, 0x21, 0x24, 0x21, 0x24, 0x21, 0x24, 0x21, 0x24, 0x21, 0x24, 0x21, 0x24, 0x21,
    0x24, 0x21, 0x24, 0x21, 0x24, 0x21, 0x24, 0x21, 0x59, 0xCE, 0x59, 0xCE, 0x59, 0xCE, 0x59, 0xCE,
    0x59, 0xCE, 0x59, 0xCE, 0x59, 0xCE, 0xA6, 0x31, 0x04, 0x21, 0x04, 0x21, 0x04, 0x21, 0x04, 0x21,
    0x04, 0x21, 0x04, 0x21, 0x04, 0x21, 0x04, 0x21, 0x04, 0x21, 0x04, 0x21, 0x04, 0x21, 0x04, 0x21,
    0x04, 0x21, 0x04, 0x21, 0x04, 0x21, 0x04, 0x21, 0x45, 0x29, 0x59, 0xCE, 0x59, 0xCE, 0x59, 0xCE,
    0x59, 0xCE, 0x59, 0xCE, 0x59, 0xCE, 0x59, 0xCE, 0x59, 0xCE, 0x59, 0xCE, 0x59, 0xCE, 0x59, 0xCE,
    0x59, 0xCE, 0x59, 0xCE, 0x59, 0xCE, 0x59, 0xCE, 0x59, 0xCE, 0x59, 0xCE, 0x59, 0xCE, 0x59, 0xCE,
    0x59, 0xCE, 0x59, 0xCE, 0x59, 0xCE, 0x59, 0xCE, 0x59, 0xCE, 0x59, 0xCE, 0x59, 0xCE, 0x59, 0xCE,
    0x59, 0xCE, 0x59, 0xCE, 0x59, 0xCE, 0x59, 0xCE, 0x59, 0xCE, 0x59, 0xCE, 0x59, 0xCE, 0x59, 0xCE,
    0x59, 0xCE, 0x59, 0xCE, 0x59, 0xCE, 0x59, 0xCE, 0x59, 0xCE, 0x59, 0xCE, 0x59, 0xCE, 0x59, 0xCE,
    0x59, 0xCE, 0x59, 0xCE, 0x59, 0xCE, 0x59, 0xCE, 0x59, 0xCE, 0x59, 0xCE, 0x59, 0xCE, 0x59, 0xCE,
    0x59, 0xCE, 0x59, 0xCE, 0x59, 0xCE, 0x59, 0xCE, 0x59, 0xCE, 0x59, 0xCE, 0x59, 0xCE, 0x59, 0xCE,
    0x59, 0xCE, 0x59, 0xCE, 0x59, 0xCE, 0x59, 0xCE, 0x59, 0xCE, 0x59, 0xCE, 0x59, 0xCE, 0x59, 0xCE,
    0x59, 0xCE, 0x59, 0xCE, 0x59, 0xCE, 0x59, 0xCE, 0x59, 0xCE, 0x59, 0xCE, 0x59, 0xCE, 0x59, 0xCE,
    0x59, 0xCE, 0x59, 0xCE, 0x59, 0xCE, 0x59, 0xCE, 0x59, 0xCE, 0x59, 0xCE, 0x59, 0xCE, 0x59, 0xCE,
    0x59, 0xCE, 0x59, 0xCE, 0xC7, 0x39, 0x1C, 0xDF, 0x1C, 0xE7, 0x3C, 0xE7, 0x5D, 0xEF, 0x7D, 0xEF,
    0xF7, 0xBD, 0xBA, 0xD6, 0xBA, 0xD6, 0xBA, 0xD6, 0xBA, 0xD6, 0xBA, 0xD6, 0xBA, 0xD6, 0xBA, 0xD6,
    0xBA, 0xD6, 0xBA, 0xD6, 0xBA, 0xD6, 0xBA, 0xD6, 0xBA, 0xD6, 0xBA, 0xD6, 0xBA, 0xD6, 0xBA, 0xD6,
    0xBA, 0xD6, 0xBA, 0xD6, 0xBA, 0xD6, 0xBA, 0xD6, 0xBA, 0xD6, 0xBA, 0xD6, 0xBA, 0xD6, 0xBA, 0xD6,
    0xBA, 0xD6, 0xBA, 0xD6, 0xBA, 0xD6, 0xBA, 0xD6, 0xBA, 0xD6, 0xBA, 0xD6, 0xBA, 0xD6, 0xBA, 0xD6,
    0xBA, 0xD6, 0xBA, 0xD6, 0xBA, 0xD6, 0xBA, 0xD6, 0xBA, 0xD6, 0xBA, 0xD6, 0xBA, 0xD6, 0xBA, 0xD6,
    0xBA, 0xD6, 0xBA, 0xD6, 0xBA, 0xD6, 0xBA, 0xD6, 0xBA, 0xD6, 0xBA, 0xD6, 0xBA, 0xD6, 0xBA, 0xD6,
    0xBA, 0xD6, 0xBA, 0xD6, 0xBA, 0xD6, 0xDB, 0xDE, 0xDB, 0xDE, 0xDB, 0xDE, 0xDB, 0xDE, 0xDB, 0xDE,
    0xDB, 0xDE, 0xDB, 0xDE, 0xDB, 0xDE, 0xDB, 0xDE, 0xDB, 0xDE, 0xDB, 0xDE, 0xDB, 0xDE, 0xDB, 0xDE,
    0xFB, 0xDE, 0xFB, 0xDE, 0xFB, 0xDE, 0xFB, 0xDE, 0xFB, 0xDE, 0xFB, 0xDE, 0xFB, 0xDE, 0xFB, 0xDE,
    0xFB, 0xDE, 0xFB, 0xDE, 0xFB, 0xDE, 0x1C, 0xE7, 0x1C, 0xE7, 0x1C, 0xE7, 0x1C, 0xE7, 0x1C, 0xE7,
    0x1C, 0xE7, 0x1C, 0xE7, 0x1C, 0xE7, 0x1C, 0xE7, 0x1C, 0xE7, 0x1C, 0xE7, 0x3C, 0xE7, 0x3C, 0xE7,
    0x3C, 0xE7, 0x3C, 0xE7, 0x3C, 0xE7, 0x3C, 0xE7, 0x3C, 0xE7, 0x3C, 0xE7, 0x3C, 0xE7, 0x3C, 0xE7,
    0x5D, 0xEF, 0x5D, 0xEF, 0x5D, 0xEF, 0x5D, 0xEF, 0x5D, 0xEF, 0x5D, 0xEF, 0x5D, 0xEF, 0x5D, 0xEF,
    0x5D, 0xEF, 0x5D, 0xEF, 0x5D, 0xEF, 0x7D, 0xEF, 0x7D, 0xEF, 0x7D, 0xEF, 0x7D, 0xEF, 0x7D, 0xEF,
    0x7D, 0xEF, 0x7D, 0xEF, 0x7D, 0xEF, 0x7D, 0xEF, 0x7D, 0xEF, 0x7D, 0xEF, 0x9E, 0xF7, 0x9E, 0xF7,
    0x9E, 0xF7, 0x9E, 0xF7, 0x9E, 0xF7, 0x9E, 0xF7, 0x9E, 0xF7, 0x9E, 0xF7, 0x9E, 0xF7, 0x9E, 0xF7,
    0x9E, 0xF7, 0x9E, 0xF7, 0xBE, 0xF7, 0xBE, 0xF7, 0xBE, 0xF7, 0xBE, 0xF7, 0xBC, 0xE7, 0xE5, 0x1F,
    0xD7, 0xBF, 0xBE, 0xF7, 0xBE, 0xF7, 0xBE, 0xF7, 0xBD, 0xEF, 0xBD, 0xEF, 0xE7, 0x2F, 0xD8, 0xBF,
    0xBE, 0xF7, 0xBE, 0xF7, 0xBE, 0xF7, 0xBE, 0xF7, 0xDF, 0xFF, 0xBE, 0xF7, 0xDF, 0xFF, 0xDF, 0xFF,
    0xDF, 0xFF, 0xDF, 0xFF, 0xDF, 0xFF, 0x24, 0x21, 0x24, 0x21, 0x24, 0x21, 0x24, 0x21, 0x24, 0x21,
    0x24, 0x21, 0x24, 0x21, 0x24, 0x21, 0x24, 0x21, 0x24, 0x21, 0x24, 0x21, 0x24, 0x21, 0x24, 0x21,
    0x24, 0x21, 0xEB, 0x5A, 0xFF, 0xFF, 0xEB, 0x5A, 0x69, 0x4A, 0xFF, 0xFF, 0x30, 0x84, 0x24, 0x21,
    0x75, 0xAD, 0x3C, 0xE7, 0x24, 0x21, 0x24, 0x21, 0x24, 0x21, 0x24, 0x21, 0xCF, 0x7B, 0xFF, 0xFF,
    0x24, 0x21, 0x59, 0xCE, 0x9E, 0xF7, 0x14, 0xA5, 0x08, 0x42, 0xFF, 0xFF, 0xEB, 0x5A, 0x24, 0x21,
    0x24, 0x21, 0x24, 0x21, 0x24, 0x21, 0x24, 0x21, 0x24, 0x21, 0x24, 0x21, 0x24, 0x21, 0x24, 0x21,
    0x24, 0x21, 0x24, 0x21, 0x24, 0x21, 0x24, 0x21, 0x59, 0xCE, 0x59, 0xCE, 0x59, 0xCE, 0x59, 0xCE,
    0x59, 0xCE, 0x59, 0xCE, 0x59, 0xCE, 0x04, 0x21, 0x04, 0x21, 0x04, 0x21, 0x04, 0x21, 0x04, 0x21,
    0x04, 0x21, 0x04, 0x21, 0x04, 0x21, 0x04, 0x21, 0x04, 0x21, 0x04, 0x21, 0x04, 0x21, 0x04, 0x21,
    0x04, 0x21, 0x04, 0x21, 0x04, 0x21, 0x04, 0x21, 0x04, 0x21, 0x59, 0xCE, 0x59, 0xCE, 0x59, 0xCE,
    0x59, 0xCE, 0x59, 0xCE, 0x59, 0xCE, 0x59, 0xCE, 0x59, 0xCE, 0x59, 0xCE, 0x59, 0xCE, 0x59, 0xCE,
    0x59, 0xCE, 0x59, 0xCE, 0x59, 0xCE, 0x59, 0xCE, 0x59, 0xCE, 0x59, 0xCE, 0x59, 0xCE, 0x59, 0xCE,
    0x59, 0xCE, 0x59, 0xCE, 0x59, 0xCE, 0x59, 0xCE, 0x59, 0xCE, 0x59, 0xCE, 0x59, 0xCE, 0x59, 0xCE,
    0x59, 0xCE, 0x59, 0xCE, 0x59, 0xCE, 0x59, 0xCE, 0x59, 0xCE, 0x59, 0xCE, 0x59, 0xCE, 0x59, 0xCE,
    0x59, 0xCE, 0x59, 0xCE, 0x59, 0xCE, 0x59, 0xCE, 0x59, 0xCE, 0x59, 0xCE, 0x59, 0xCE, 0x59, 0xCE,
    0x59, 0xCE, 0x59, 0xCE, 0x59, 0xCE, 0x59, 0xCE, 0x59, 0xCE, 0x59, 0xCE, 0x59, 0xCE, 0x59, 0xCE,
    0x59, 0xCE, 0x59, 0xCE, 0x59, 0xCE, 0x59, 0xCE, 0x59, 0xCE, 0x59, 0xCE, 0x59, 0xCE, 0x59, 0xCE,
    0x59, 0xCE, 0x59, 0xCE, 0x59, 0xCE, 0x59, 0xCE, 0x59, 0xCE, 0x59, 0xCE, 0x59, 0xCE, 0x59, 0xCE,
    0x59, 0xCE, 0x59, 0xCE, 0x59, 0xCE, 0x59, 0xCE, 0x59, 0xCE, 0x59, 0xCE, 0x59, 0xCE, 0x59, 0xCE,
    0x59, 0xCE, 0x59, 0xCE, 0x59, 0xCE, 0x59, 0xCE, 0x59, 0xCE, 0x59, 0xCE, 0x59, 0xCE, 0x59, 0xCE,
    0x59, 0xCE, 0x59, 0xCE, 0xC7, 0x39, 0xFB, 0xDE, 0x1C, 0xE7, 0x3C, 0xE7, 0x5D, 0xEF, 0x7D, 0xEF,
    0xE7, 0x39, 0xF7, 0xBD, 0xBA, 0xD6, 0xBA, 0xD6, 0xBA, 0xD6, 0xBA, 0xD6, 0xBA, 0xD6, 0xBA, 0xD6,
    0xBA, 0xD6, 0xBA, 0xD6, 0xBA, 0xD6, 0xBA, 0xD6, 0xBA, 0xD6, 0xBA, 0xD6, 0xBA, 0xD6, 0xBA, 0xD6,
    0xBA, 0xD6, 0xBA, 0xD6, 0xBA, 0xD6, 0xBA, 0xD6, 0xBA, 0xD6, 0xBA, 0xD6, 0xBA, 0xD6, 0xBA, 0xD6,
    0xBA, 0xD6, 0xBA, 0xD6, 0xBA, 0xD6, 0xBA, 0xD6, 0xBA, 0xD6, 0xBA, 0xD6, 0xBA, 0xD6, 0xBA, 0xD6,
    0xBA, 0xD6, 0xBA, 0xD6, 0xBA, 0xD6, 0xBA, 0xD6, 0xBA, 0xD6, 0xBA, 0xD6, 0xBA, 0xD6, 0xBA, 0xD6,
    0xBA, 0xD6, 0xBA, 0xD6, 0xBA, 0xD6, 0xBA, 0xD6, 0xBA, 0xD6, 0xBA, 0xD6, 0xBA, 0xD6, 0xBA, 0xD6,
    0xBA, 0xD6, 0xBA, 0xD6, 0xBA, 0xD6, 0xBA, 0xD6, 0xBA, 0xD6, 0xBA, 0xD6, 0xBA, 0xD6, 0xBA, 0xD6,
    0xBA, 0xD6, 0xBA, 0xD6, 0xDB, 0xDE, 0xDB, 0xDE, 0xDB, 0xDE, 0xDB, 0xDE, 0xDB, 0xDE, 0xDB, 0xDE,
    0xDB, 0xDE, 0xDB, 0xDE, 0xDB, 0xDE, 0xDB, 0xDE, 0xFB, 0xDE, 0xFB, 0xDE, 0xFB, 0xDE, 0xFB, 0xDE,
    0xFB, 0xDE, 0xFB, 0xDE, 0xFB, 0xDE, 0xFB, 0xDE, 0xFB, 0xDE, 0xFB, 0xDE, 0x1C, 0xE7, 0x1C, 0xE7,
    0x1C, 0xE7, 0x1C, 0xE7, 0x1C, 0xE7, 0x1C, 0xE7, 0x1C, 0xE7, 0x1C, 0xE7, 0x1C, 0xE7, 0x1C, 0xE7,
    0x3C, 0xE7, 0x3C, 0xE7, 0x3C, 0xE7, 0x3C, 0xE7, 0x3C, 0xE7, 0x3C, 0xE7, 0x3C, 0xE7, 0x3C, 0xE7,
    0x3C, 0xE7, 0x3C, 0xE7, 0x5D, 0xEF, 0x5D, 0xEF, 0x5D, 0xEF, 0x5D, 0xEF, 0x5D, 0xEF, 0x5D, 0xEF,
    0x5D, 0xEF, 0x5D, 0xEF, 0x5D, 0xEF, 0x5D, 0xEF, 0x5D, 0xEF, 0x7D, 0xEF, 0x7D, 0xEF, 0x7D, 0xEF,
    0x7D, 0xEF, 0x7D, 0xEF, 0x7D, 0xEF, 0x7D, 0xEF, 0x7D, 0xEF, 0x7D, 0xEF, 0x7D, 0xEF, 0x7D, 0xEF,
    0x7D, 0xEF, 0x9E, 0xF7, 0x9E, 0xF7, 0x9E, 0xF7, 0x9E, 0xF7, 0x9E, 0xF7, 0x9E, 0xF7, 0x9E, 0xF7,
    0x9E, 0xF7, 0x9E, 0xF7, 0x9E, 0xF7, 0xBE, 0xF7, 0xBE, 0xF7, 0xBE, 0xF7, 0xBE, 0xF7, 0xCF, 0x77,
    0xE7, 0x2F, 0xD6, 0xAF, 0xBE, 0xF7, 0xBE, 0xF7, 0xB9, 0xCF, 0xE9, 0x3F, 0xE7, 0x2F, 0xDB, 0xDF,
    0xBE, 0xF7, 0xBE, 0xF7, 0xBE, 0xF7, 0xBE, 0xF7, 0xBE, 0xF7, 0xBE, 0xF7, 0xDF, 0xFF, 0xDF, 0xFF,
    0xDF, 0xFF, 0xDF, 0xFF, 0xDF, 0xFF, 0x24, 0x21, 0x24, 0x21, 0x24, 0x21, 0x24, 0x21, 0x24, 0x21,
    0x24, 0x21, 0x24, 0x21, 0x24, 0x21, 0x24, 0x21, 0x24, 0x21, 0x24, 0x21, 0x24, 0x21, 0x24, 0x21,
    0x24, 0x21, 0xEB, 0x5A, 0xFF, 0xFF, 0xEB, 0x5A, 0x24, 0x21, 0x14, 0xA5, 0x9E, 0xF7, 0x08, 0x42,
    0x75, 0xAD, 0x3C, 0xE7, 0x24, 0x21, 0x24, 0x21, 0x24, 0x21, 0x24, 0x21, 0xCF, 0x7B, 0xFF, 0xFF,
    0x24, 0x21, 0x92, 0x94, 0xFF, 0xFF, 0x69, 0x4A, 0x08, 0x42, 0xFF, 0xFF, 0xEB, 0x5A, 0x24, 0x21,
    0x24, 0x21, 0x24, 0x21, 0x24, 0x21, 0x24, 0x21, 0x24, 0x21, 0x24, 0x21, 0x24, 0x21, 0x24, 0x21,
    0x24, 0x21, 0x24, 0x21, 0x24, 0x21, 0x24, 0x21, 0x59, 0xCE, 0x59, 0xCE, 0x59, 0xCE, 0x59, 0xCE,
    0x59, 0xCE, 0x59, 0xCE, 0x59, 0xCE, 0x04, 0x21, 0x04, 0x21, 0x04, 0x21, 0x04, 0x21, 0x04, 0x21,
    0x04, 0x21, 0x04, 0x21, 0x04, 0x21, 0x04, 0x21, 0x04, 0x21, 0x04, 0x21, 0x04, 0x21, 0x04, 0x21,
    0x04, 0x21, 0x04, 0x21, 0x04, 0x21, 0x04, 0x21, 0x04, 0x21, 0x59, 0xCE, 0x59, 0xCE, 0x59, 0xCE,
    0x59, 0xCE, 0x59, 0xCE, 0x59, 0xCE, 0x59, 0xCE, 0x59, 0xCE, 0x59, 0xCE, 0x59, 0xCE, 0x59, 0xCE,
    0x59, 0xCE, 0x59, 0xCE, 0x59, 0xCE, 0x59, 0xCE, 0x59, 0xCE, 0x59, 0xCE, 0x59, 0xCE, 0x59, 0xCE,
    0x59, 0xCE, 0x59, 0xCE, 0x59, 0xCE, 0x59, 0xCE, 0x59, 0xCE, 0x59, 0xCE, 0x59, 0xCE, 0x59, 0xCE,
    0x59, 0xCE, 0x59, 0xCE, 0x59, 0xCE, 0x59, 0xCE, 0x59, 0xCE, 0x59, 0xCE, 0x59, 0xCE, 0x59, 0xCE,
    0x59, 0xCE, 0x59, 0xCE, 0x59, 0xCE, 0x59, 0xCE, 0x59, 0xCE, 0x59, 0xCE, 0x59, 0xCE, 0x59, 0xCE,
    0x59, 0xCE, 0x59, 0xCE, 0x59, 0xCE, 0x59, 0xCE, 0x59, 0xCE, 0x59, 0xCE, 0x59, 0xCE, 0x59, 0xCE,
    0x59, 0xCE, 0x59, 0xCE, 0x59, 0xCE, 0x59, 0xCE, 0x59, 0xCE, 0x59, 0xCE, 0x59, 0xCE, 0x59, 0xCE,
    0x59, 0xCE, 0x59, 0xCE, 0x59, 0xCE, 0x59, 0xCE, 0x59, 0xCE, 0x59, 0xCE, 0x59, 0xCE, 0x59, 0xCE,
    0x59, 0xCE, 0x59, 0xCE, 0x59, 0xCE, 0x59, 0xCE, 0x59, 0xCE, 0x59, 0xCE, 0x59, 0xCE, 0x59, 0xCE,
    0x59, 0xCE, 0x59, 0xCE, 0x59, 0xCE, 0x59, 0xCE, 0x59, 0xCE, 0x59, 0xCE, 0x59, 0xCE, 0x59, 0xCE,
    0x59, 0xCE, 0x59, 0xCE, 0xC7, 0x39, 0xFB, 0xDE, 0x1C, 0xE7, 0x3C, 0xE7, 0x5D, 0xEF, 0x7D, 0xEF,
    0x24, 0x21, 0x86, 0x31, 0xB6, 0xB5, 0xBA, 0xD6, 0xBA, 0xD6, 0xBA, 0xD6, 0xBA, 0xD6, 0xBA, 0xD6,
    0xBA, 0xD6, 0xBA, 0xD6, 0xBA, 0xD6, 0xBA, 0xD6, 0xBA, 0xD6, 0xBA, 0xD6, 0xBA, 0xD6, 0xBA, 0xD6,
    0xBA, 0xD6, 0xBA, 0xD6, 0xBA, 0xD6, 0xBA, 0xD6, 0xBA, 0xD6, 0xBA, 0xD6, 0xBA, 0xD6, 0xBA, 0xD6,
    0xBA, 0xD6, 0xBA, 0xD6, 0xBA, 0xD6, 0xBA, 0xD6, 0xBA, 0xD6, 0xBA, 0xD6, 0xBA, 0xD6, 0xBA, 0xD6,
    0xBA, 0xD6, 0xBA, 0xD6, 0xBA, 0xD6, 0xBA, 0xD6, 0xBA, 0xD6, 0xBA, 0xD6, 0xBA, 0xD6, 0xBA, 0xD6,
    0xBA, 0xD6, 0xBA, 0xD6, 0xBA, 0xD6, 0xBA, 0xD6, 0xBA, 0xD6, 0xBA, 0xD6, 0xBA, 0xD6, 0xBA, 0xD6,
    0xBA, 0xD6, 0xBA, 0xD6, 0xBA, 0xD6, 0xBA, 0xD6, 0xBA, 0xD6, 0xBA, 0xD6, 0xBA, 0xD6, 0xBA, 0xD6,
    0xBA, 0xD6, 0xDB, 0xDE, 0xDB, 0xDE, 0xDB, 0xDE, 0xDB, 0xDE, 0xDB, 0xDE, 0xDB, 0xDE, 0xDB, 0xDE,
    0xDB, 0xDE, 0xDB, 0xDE, 0xDB, 0xDE, 0xDB, 0xDE, 0xDB, 0xDE, 0xFB, 0xDE, 0xFB, 0xDE, 0xFB, 0xDE,
    0xFB, 0xDE, 0xFB, 0xDE, 0xFB, 0xDE, 0xFB, 0xDE, 0xFB, 0xDE, 0xFB, 0xDE, 0xFB, 0xDE, 0x1C, 0xE7,
    0x1C, 0xE7, 0x1C, 0xE7, 0x1C, 0xE7, 0x1C, 0xE7, 0x1C, 0xE7, 0x1C, 0xE7, 0x1C, 0xE7, 0x1C, 0xE7,
    0x1C, 0xE7, 0x3C, 0xE7, 0x3C, 0xE7, 0x3C, 0xE7, 0x3C, 0xE7, 0x3C, 0xE7, 0x3C, 0xE7, 0x3C, 0xE7,
    0x3C, 0xE7, 0x3C, 0xE7, 0x3C, 0xE7, 0x3C, 0xE7, 0x5D, 0xEF, 0x5D, 0xEF, 0x5D, 0xEF, 0x5D, 0xEF,
    0x5D, 0xEF, 0x5D, 0xEF, 0x5D, 0xEF, 0x5D, 0xEF, 0x5D, 0xEF, 0x5D, 0xEF, 0x5D, 0xEF, 0x7D, 0xEF,
    0x7D, 0xEF, 0x7D, 0xEF, 0x7D, 0xEF, 0x7D, 0xEF, 0x7D, 0xEF, 0x7D, 0xEF, 0x7D, 0xEF, 0x7D, 0xEF,
    0x9E, 0xF7, 0x9E, 0xF7, 0x9E, 0xF7, 0x9E, 0xF7, 0x9E, 0xF7, 0x9E, 0xF7, 0x9E, 0xF7, 0x9E, 0xF7,
    0x9E, 0xF7, 0x9E, 0xF7, 0x9E, 0xF7, 0xBE, 0xF7, 0xBE, 0xF7, 0xBE, 0xF7, 0xBB, 0xD7, 0xE5, 0x1F,
    0xD2, 0x97, 0xE8, 0x3F, 0xE5, 0x1F, 0xE7, 0x2F, 0xE5, 0x1F, 0xD2, 0x97, 0xD1, 0x87, 0xEC, 0x57,
    0xBE, 0xF7, 0xBE, 0xF7, 0xBE, 0xF7, 0xBE, 0xF7, 0xBE, 0xF7, 0xBE, 0xF7, 0xDF, 0xFF, 0xBE, 0xF7,
    0xDF, 0xFF, 0xDF, 0xFF, 0xDF, 0xFF, 0x24, 0x21, 0x88, 0xAD, 0x84, 0x29, 0x24, 0x21, 0x24, 0x21,
    0x24, 0x21, 0x24, 0x21, 0x24, 0x21, 0x24, 0x21, 0x24, 0x21, 0x24, 0x21, 0x24, 0x21, 0x24, 0x21,
    0x24, 0x21, 0x24, 0x21, 0x24, 0x21, 0x24, 0x21, 0x24, 0x21, 0x24, 0x21, 0x24, 0x21, 0x24, 0x21,
    0x24, 0x21, 0x24, 0x21, 0x24, 0x21, 0x24, 0x21, 0x24, 0x21, 0x24, 0x21, 0x24, 0x21, 0x24, 0x21,
    0x24, 0x21, 0x24, 0x21, 0x24, 0x21, 0x24, 0x21, 0x24, 0x21, 0x24, 0x21, 0x24, 0x21, 0x24, 0x21,
    0x24, 0x21, 0x24, 0x21, 0x24, 0x21, 0x24, 0x21, 0x24, 0x21, 0x24, 0x21, 0x24, 0x21, 0x24, 0x21,
    0x24, 0x21, 0x24, 0x21, 0x24, 0x21, 0x24, 0x21, 0x59, 0xCE, 0x59, 0xCE, 0x59, 0xCE, 0x59, 0xCE,
    0x59, 0xCE, 0x59, 0xCE, 0x59, 0xCE, 0x04, 0x21, 0x04, 0x21, 0x04, 0x21, 0x04, 0x21, 0x04, 0x21,
    0x04, 0x21, 0x04, 0x21, 0x04, 0x21, 0x04, 0x21, 0x04, 0x21, 0x04, 0x21, 0x04, 0x21, 0x04, 0x21,
    0x04, 0x21, 0x04, 0x21, 0x04, 0x21, 0x04, 0x21, 0x04, 0x21, 0x59, 0xCE, 0x59, 0xCE, 0x59, 0xCE,
    0x59, 0xCE, 0x59, 0xCE, 0x59, 0xCE, 0x59, 0xCE, 0x59, 0xCE, 0x59, 0xCE, 0x59, 0xCE, 0x59, 0xCE,
    0x59, 0xCE, 0x59, 0xCE, 0x59, 0xCE, 0x59, 0xCE, 0x59, 0xCE, 0x59, 0xCE, 0x59, 0xCE, 0x59, 0xCE,
    0x59, 0xCE, 0x59, 0xCE, 0x59, 0xCE, 0x59, 0xCE, 0x59, 0xCE, 0x59, 0xCE, 0x59, 0xCE, 0x59, 0xCE,
    0x59, 0xCE, 0x59, 0xCE, 0x59, 0xCE, 0x59, 0xCE, 0x59, 0xCE, 0x59, 0xCE, 0x59, 0xCE, 0x59, 0xCE,
    0x59, 0xCE, 0x59, 0xCE, 0x59, 0xCE, 0x59, 0xCE, 0x59, 0xCE, 0x59, 0xCE, 0x59, 0xCE, 0x59, 0xCE,
    0x59, 0xCE, 0x59, 0xCE, 0x59, 0xCE, 0x59, 0xCE, 0x59, 0xCE, 0x59, 0xCE, 0x59, 0xCE, 0x59, 0xCE,
    0x59, 0xCE, 0x59, 0xCE, 0x59, 0xCE, 0x59, 0xCE, 0x59, 0xCE, 0x59, 0xCE, 0x59, 0xCE, 0x59, 0xCE,
    0x59, 0xCE, 0x59, 0xCE, 0x59, 0xCE, 0x59, 0xCE, 0x59, 0xCE, 0x59, 0xCE, 0x59, 0xCE, 0x59, 0xCE,
    0x59, 0xCE, 0x59, 0xCE, 0x59, 0xCE, 0x59, 0xCE, 0x59, 0xCE, 0x59, 0xCE, 0x59, 0xCE, 0x59, 0xCE,
    0x59, 0xCE, 0x59, 0xCE, 0x59, 0xCE, 0x59, 0xCE, 0x59, 0xCE, 0x59, 0xCE, 0x59, 0xCE, 0x59, 0xCE,
    0x59, 0xCE, 0x59, 0xCE, 0xC7, 0x39, 0x1C, 0xDF, 0x1C, 0xE7, 0x3C, 0xE7, 0x5D, 0xEF, 0x7D, 0xEF,
    0x24, 0x21, 0x24, 0x21, 0x86, 0x31, 0x92, 0x94, 0xBA, 0xD6, 0xBA, 0xD6, 0xBA, 0xD6, 0xBA, 0xD6,
    0xBA, 0xD6, 0xBA, 0xD6, 0xBA, 0xD6, 0xBA, 0xD6, 0xBA, 0xD6, 0xBA, 0xD6, 0xBA, 0xD6, 0xBA, 0xD6,
    0xBA, 0xD6, 0xBA, 0xD6, 0xBA, 0xD6, 0xBA, 0xD6, 0xBA, 0xD6, 0xBA, 0xD6, 0xBA, 0xD6, 0xBA, 0xD6,
    0xBA, 0xD6, 0xBA, 0xD6, 0xBA, 0xD6, 0xBA, 0xD6, 0xBA, 0xD6, 0xBA, 0xD6, 0xBA, 0xD6, 0xBA, 0xD6,
    0xBA, 0xD6, 0xBA, 0xD6, 0xBA, 0xD6, 0xBA, 0xD6, 0xBA, 0xD6, 0xBA, 0xD6, 0xBA, 0xD6, 0xBA, 0xD6,
    0xBA, 0xD6, 0xBA, 0xD6, 0xBA, 0xD6, 0xBA, 0xD6, 0xBA, 0xD6, 0xBA, 0xD6, 0xBA, 0xD6, 0xBA, 0xD6,
    0xBA, 0xD6, 0xBA, 0xD6, 0xBA, 0xD6, 0xBA, 0xD6, 0xBA, 0xD6, 0xBA, 0xD6, 0xBA, 0xD6, 0xBA, 0xD6,
    0xBA, 0xD6, 0xDB, 0xDE, 0xBA, 0xD6, 0xDB, 0xDE, 0xDB, 0xDE, 0xDB, 0xDE, 0xDB, 0xDE, 0xDB, 0xDE,
    0xDB, 0xDE, 0xDB, 0xDE, 0xDB, 0xDE, 0xDB, 0xDE, 0xDB, 0xDE, 0xFB, 0xDE, 0xFB, 0xDE, 0xFB, 0xDE,
    0xFB, 0xDE, 0xFB, 0xDE, 0xFB, 0xDE, 0xFB, 0xDE, 0xFB, 0xDE, 0xFB, 0xDE, 0xFB, 0xDE, 0xFB, 0xDE,
    0x1C, 0xE7, 0x1C, 0xE7, 0x1C, 0xE7, 0x1C, 0xE7, 0x1C, 0xE7, 0x1C, 0xE7, 0x1C, 0xE7, 0x1C, 0xE7,
    0x1C, 0xE7, 0x3C, 0xE7, 0x3C, 0xE7, 0x3C, 0xE7, 0x3C, 0xE7, 0x3C, 0xE7, 0x3C, 0xE7, 0x3C, 0xE7,
    0x3C, 0xE7, 0x3C, 0xE7, 0x3C, 0xE7, 0x3C, 0xE7, 0x5D, 0xEF, 0x5D, 0xEF, 0x5D, 0xEF, 0x5D, 0xEF,
    0x5D, 0xEF, 0x5D, 0xEF, 0x5D, 0xEF, 0x5D, 0xEF, 0x5D, 0xEF, 0x5D, 0xEF, 0x5D, 0xEF, 0x7D, 0xEF,
    0x7D, 0xEF, 0x7D, 0xEF, 0x7D, 0xEF, 0x7D, 0xEF, 0x7D, 0xEF, 0x7D, 0xEF, 0x7D, 0xEF, 0x7D, 0xEF,
    0x7D, 0xEF, 0x7D, 0xEF, 0x9E, 0xF7, 0x9E, 0xF7, 0x9E, 0xF7, 0x9E, 0xF7, 0x9E, 0xF7, 0x9E, 0xF7,
    0x9E, 0xF7, 0x9E, 0xF7, 0x9E, 0xF7, 0x9E, 0xF7, 0xBE, 0xF7, 0xBE, 0xF7, 0xBE, 0xF7, 0xBC, 0xE7,
    0xBE, 0xF7, 0xBE, 0xF7, 0xBD, 0xE7, 0xBB, 0xDF, 0xBE, 0xF7, 0xBE, 0xF7, 0xBE, 0xF7, 0xBE, 0xF7,
    0xBE, 0xF7, 0xBE, 0xF7, 0xBE, 0xF7, 0xBE, 0xF7, 0xDF, 0xFF, 0xDF, 0xFF, 0xBE, 0xF7, 0xBE, 0xF7,
    0xDF, 0xFF, 0xDF, 0xFF, 0xDF, 0xFF, 0x24, 0x21, 0x87, 0xC6, 0x08, 0xB6, 0xE7, 0x5A, 0x24, 0x21,
    0x24, 0x21, 0x24, 0x21, 0x24, 0x21, 0x24, 0x21, 0x24, 0x21, 0x24, 0x21, 0x24, 0x21, 0x24, 0x21,
    0x24, 0x21, 0x24, 0x21, 0x24, 0x21, 0x24, 0x21, 0x24, 0x21, 0x24, 0x21, 0x24, 0x21, 0x24, 0x21,
    0x24, 0x21, 0x24, 0x21, 0x24, 0x21, 0x24, 0x21, 0x24, 0x21, 0x24, 0x21, 0x24, 0x21, 0x24, 0x21,
    0x24, 0x21, 0x24, 0x21, 0x24, 0x21, 0x24, 0x21, 0x24, 0x21, 0x24, 0x21, 0x24, 0x21, 0x24, 0x21,
    0x24, 0x21, 0x24, 0x21, 0x24, 0x21, 0x24, 0x21, 0x24, 0x21, 0x24, 0x21, 0x24, 0x21, 0x24, 0x21,
    0x24, 0x21, 0x24, 0x21, 0x24, 0x21, 0x24, 0x21, 0x59, 0xCE, 0x59, 0xCE, 0x59, 0xCE, 0x59, 0xCE,
    0x59, 0xCE, 0x59, 0xCE, 0x59, 0xCE, 0x04, 0x21, 0x04, 0x21, 0x04, 0x21, 0x04, 0x21, 0x04, 0x21,
    0x04, 0x21, 0x04, 0x21, 0xE7, 0x39, 0x1C, 0xE7, 0x1C, 0xE7, 0x65, 0x29, 0x04, 0x21, 0x04, 0x21,
    0x04, 0x21, 0x04, 0x21, 0x04, 0x21, 0x04, 0x21, 0x04, 0x21, 0x59, 0xCE, 0x59, 0xCE, 0x59, 0xCE,
    0x59, 0xCE, 0x59, 0xCE, 0x59, 0xCE, 0x59, 0xCE, 0x59, 0xCE, 0x59, 0xCE, 0x59, 0xCE, 0x59, 0xCE,
    0x59, 0xCE, 0x59, 0xCE, 0x59, 0xCE, 0x59, 0xCE, 0x59, 0xCE, 0x59, 0xCE, 0x59, 0xCE, 0x59, 0xCE,
    0x59, 0xCE, 0x59, 0xCE, 0x59, 0xCE, 0x59, 0xCE, 0x59, 0xCE, 0x59, 0xCE, 0x59, 0xCE, 0x59, 0xCE,
    0x59, 0xCE, 0x59, 0xCE, 0x59, 0xCE, 0x59, 0xCE, 0x59, 0xCE, 0x59, 0xCE, 0x59, 0xCE, 0x59, 0xCE,
    0x59, 0xCE, 0x59, 0xCE, 0x59, 0xCE, 0x59, 0xCE, 0x59, 0xCE, 0x59, 0xCE, 0x59, 0xCE, 0x59, 0xCE,
    0x59, 0xCE, 0x59, 0xCE, 0x59, 0xCE, 0x59, 0xCE, 0x59, 0xCE, 0x59, 0xCE, 0x59, 0xCE, 0x59, 0xCE,
    0x59, 0xCE, 0x59, 0xCE, 0x59, 0xCE, 0x59, 0xCE, 0x59, 0xCE, 0x59, 0xCE, 0x59, 0xCE, 0x59, 0xCE,
    0x59, 0xCE, 0x59, 0xCE, 0x59, 0xCE, 0x59, 0xCE, 0x59, 0xCE, 0x59, 0xCE, 0x59, 0xCE, 0x59, 0xCE,
    0x59, 0xCE, 0x59, 0xCE, 0x59, 0xCE, 0x59, 0xCE, 0x59, 0xCE, 0x59, 0xCE, 0x59, 0xCE, 0x59, 0xCE,
    0x59, 0xCE, 0x59, 0xCE, 0x59, 0xCE, 0x59, 0xCE, 0x59, 0xCE, 0x59, 0xCE, 0x59, 0xCE, 0x59, 0xCE,
    0x59, 0xCE, 0x59, 0xCE, 0xC7, 0x39, 0x1C, 0xDF, 0x1C, 0xE7, 0x3C, 0xE7, 0x5D, 0xEF, 0x7D, 0xEF,
    0x24, 0x21, 0x24, 0x21, 0x24, 0x21, 0x24, 0x21, 0x51, 0x8C, 0xBA, 0xD6, 0xBA, 0xD6, 0xBA, 0xD6,
    0xBA, 0xD6, 0xBA, 0xD6, 0xBA, 0xD6, 0xBA, 0xD6, 0xBA, 0xD6, 0xBA, 0xD6, 0xBA, 0xD6, 0xBA, 0xD6,
    0xBA, 0xD6, 0xBA, 0xD6, 0xBA, 0xD6, 0xBA, 0xD6, 0xBA, 0xD6, 0xBA, 0xD6, 0xBA, 0xD6, 0xBA, 0xD6,
    0xBA, 0xD6, 0xBA, 0xD6, 0xBA, 0xD6, 0xBA, 0xD6, 0xBA, 0xD6, 0xBA, 0xD6, 0xBA, 0xD6, 0xBA, 0xD6,
    0xBA, 0xD6, 0xBA, 0xD6, 0xBA, 0xD6, 0xBA, 0xD6, 0xBA, 0xD6, 0xBA, 0xD6, 0xBA, 0xD6, 0xBA, 0xD6,
    0xBA, 0xD6, 0xBA, 0xD6, 0xBA, 0xD6, 0xBA, 0xD6, 0xBA, 0xD6, 0xBA, 0xD6, 0xBA, 0xD6, 0xBA, 0xD6,
    0xBA, 0xD6, 0xBA, 0xD6, 0xBA, 0xD6, 0xBA, 0xD6, 0xBA, 0xD6, 0xBA, 0xD6, 0xBA, 0xD6, 0xBA, 0xD6,
    0xBA, 0xD6, 0xBA, 0xD6, 0xBA, 0xD6, 0xBA, 0xD6, 0xDB, 0xDE, 0xDB, 0xDE, 0xDB, 0xDE, 0xDB, 0xDE,
    0xDB, 0xDE, 0xDB, 0xDE, 0xDB, 0xDE, 0xDB, 0xDE, 0xDB, 0xDE, 0xFB, 0xDE, 0xFB, 0xDE, 0xFB, 0xDE,
    0xFB, 0xDE, 0xFB, 0xDE, 0xFB, 0xDE, 0xFB, 0xDE, 0xFB, 0xDE, 0xFB, 0xDE, 0xFB, 0xDE, 0xFB, 0xDE,
    0x1C, 0xE7, 0x1C, 0xE7, 0x1C, 0xE7, 0x1C, 0xE7, 0x1C, 0xE7, 0x1C, 0xE7, 0x1C, 0xE7, 0x1C, 0xE7,
    0x1C, 0xE7, 0x3C, 0xE7, 0x1C, 0xE7, 0x1C, 0xE7, 0x3C, 0xE7, 0x3C, 0xE7, 0x3C, 0xE7, 0x3C, 0xE7,
    0x3C, 0xE7, 0x3C, 0xE7, 0x3C, 0xE7, 0x3C, 0xE7, 0x3C, 0xE7, 0x3C, 0xE7, 0x3C, 0xE7, 0x5D, 0xEF,
    0x5D, 0xEF, 0x5D, 0xEF, 0x5D, 0xEF, 0x5D, 0xEF, 0x5D, 0xEF, 0x5D, 0xEF, 0x5D, 0xEF, 0x5D, 0xEF,
    0x7D, 0xEF, 0x7D, 0xEF, 0x7D, 0xEF, 0x7D, 0xEF, 0x7D, 0xEF, 0x7D, 0xEF, 0x7D, 0xEF, 0x7D, 0xEF,
    0x7D, 0xEF, 0x7D, 0xEF, 0x9E, 0xF7, 0x9E, 0xF7, 0x9E, 0xF7, 0x9E, 0xF7, 0x9E, 0xF7, 0x9E, 0xF7,
    0x9E, 0xF7, 0x9E, 0xF7, 0x9E, 0xF7, 0x9E, 0xF7, 0xBE, 0xF7, 0xBE, 0xF7, 0xBE, 0xF7, 0xBE, 0xF7,
    0xBE, 0xF7, 0xBE, 0xF7, 0xBE, 0xF7, 0xBE, 0xF7, 0xBE, 0xF7, 0xBE, 0xF7, 0xBE, 0xF7, 0xBE, 0xF7,
    0xBE, 0xF7, 0xBE, 0xF7, 0xBE, 0xF7, 0xBE, 0xF7, 0xBE, 0xF7, 0xBE, 0xF7, 0xBE, 0xF7, 0xBE, 0xF7,
    0xDF, 0xFF, 0xDF, 0xFF, 0xBE, 0xF7, 0x24, 0x21, 0x87, 0xC6, 0x87, 0xC6, 0x87, 0xC6, 0x88, 0x6B,
    0x24, 0x21, 0x24, 0x21, 0x24, 0x21, 0x24, 0x21, 0x24, 0x21, 0x24, 0x21, 0x24, 0x21, 0x24, 0x21,
    0x24, 0x21, 0x24, 0x21, 0x24, 0x21, 0x24, 0x21, 0x24, 0x21, 0x24, 0x21, 0x24, 0x21, 0x24, 0x21,
    0x24, 0x21, 0x24, 0x21, 0x24, 0x21, 0x24, 0x21, 0x24, 0x21, 0x24, 0x21, 0x24, 0x21, 0x24, 0x21,
    0x24, 0x21, 0x24, 0x21, 0x24, 0x21, 0x24, 0x21, 0x24, 0x21, 0x24, 0x21, 0x24, 0x21, 0x24, 0x21,
    0x24, 0x21, 0x24, 0x21, 0x24, 0x21, 0x24, 0x21, 0x24, 0x21, 0x24, 0x21, 0x24, 0x21, 0x24, 0x21,
    0x24, 0x21, 0x24, 0x21, 0x24, 0x21, 0x24, 0x21, 0x59, 0xCE, 0x59, 0xCE, 0x59, 0xCE, 0x59, 0xCE,
    0x59, 0xCE, 0x59, 0xCE, 0x59, 0xCE, 0x04, 0x21, 0x04, 0x21, 0x04, 0x21, 0x04, 0x21, 0x04, 0x21,
    0x04, 0x21, 0x04, 0x21, 0x10, 0x84, 0x9E, 0xF7, 0x9E, 0xF7, 0x71, 0x8C, 0x04, 0x21, 0x04, 0x21,
    0x04, 0x21, 0x04, 0x21, 0x04, 0x21, 0x04, 0x21, 0x04, 0x21, 0x59, 0xCE, 0x59, 0xCE, 0x59, 0xCE,
    0x59, 0xCE, 0x59, 0xCE, 0x59, 0xCE, 0x59, 0xCE, 0x59, 0xCE, 0x59, 0xCE, 0x59, 0xCE, 0x59, 0xCE,
    0x59, 0xCE, 0x59, 0xCE, 0x59, 0xCE, 0x59, 0xCE, 0x59, 0xCE, 0x59, 0xCE, 0x59, 0xCE, 0x59, 0xCE,
    0x59, 0xCE, 0x59, 0xCE, 0x59, 0xCE, 0x59, 0xCE, 0x59, 0xCE, 0x59, 0xCE, 0x59, 0xCE, 0x59, 0xCE,
    0x59, 0xCE, 0x59, 0xCE, 0x59, 0xCE, 0x59, 0xCE, 0x59, 0xCE, 0x59, 0xCE, 0x59, 0xCE, 0x59, 0xCE,
    0x59, 0xCE, 0x59, 0xCE, 0x59, 0xCE, 0x59, 0xCE, 0x59, 0xCE, 0x59, 0xCE, 0x59, 0xCE, 0x59, 0xCE,
    0x59, 0xCE, 0x59, 0xCE, 0x59, 0xCE, 0x59, 0xCE, 0x59, 0xCE, 0x59, 0xCE, 0x59, 0xCE, 0x59, 0xCE,
    0x59, 0xCE, 0x59, 0xCE, 0x59, 0xCE, 0x59, 0xCE, 0x59, 0xCE, 0x59, 0xCE, 0x59, 0xCE, 0x59, 0xCE,
    0x59, 0xCE, 0x59, 0xCE, 0x59, 0xCE, 0x59, 0xCE, 0x59, 0xCE, 0x59, 0xCE, 0x59, 0xCE, 0x59, 0xCE,
    0x59, 0xCE, 0x59, 0xCE, 0x59, 0xCE, 0x59, 0xCE, 0x59, 0xCE, 0x59, 0xCE, 0x59, 0xCE, 0x59, 0xCE,
    0x59, 0xCE, 0x59, 0xCE, 0x59, 0xCE, 0x59, 0xCE, 0x59, 0xCE, 0x59, 0xCE, 0x59, 0xCE, 0x59, 0xCE,
    0x59, 0xCE, 0x59, 0xCE, 0xC7, 0x39, 0xFB, 0xDE, 0x1C, 0xE7, 0x3C, 0xE7, 0x5D, 0xEF, 0x7D, 0xEF,
    0x24, 0x21, 0x24, 0x21, 0x24, 0x21, 0x24, 0x21, 0x24, 0x21, 0xEF, 0x7B, 0xBA, 0xD6, 0xBA, 0xD6,
    0xBA, 0xD6, 0xBA, 0xD6, 0xBA, 0xD6, 0xBA, 0xD6, 0xBA, 0xD6, 0xBA, 0xD6, 0xBA, 0xD6, 0xBA, 0xD6,
    0xBA, 0xD6, 0xBA, 0xD6, 0xBA, 0xD6, 0xBA, 0xD6, 0xBA, 0xD6, 0xBA, 0xD6, 0xBA, 0xD6, 0xBA, 0xD6,
    0xBA, 0xD6, 0xBA, 0xD6, 0xBA, 0xD6, 0xBA, 0xD6, 0xBA, 0xD6, 0xBA, 0xD6, 0xBA, 0xD6, 0xBA, 0xD6,
    0xBA, 0xD6, 0xBA, 0xD6, 0xBA, 0xD6, 0xBA, 0xD6, 0xBA, 0xD6, 0xBA, 0xD6, 0xBA, 0xD6, 0xBA, 0xD6,
    0xBA, 0xD6, 0xBA, 0xD6, 0xBA, 0xD6, 0xBA, 0xD6, 0xBA, 0xD6, 0xBA, 0xD6, 0xBA, 0xD6, 0xBA, 0xD6,
    0xBA, 0xD6, 0xBA, 0xD6, 0xBA, 0xD6, 0xBA, 0xD6, 0xBA, 0xD6, 0xBA, 0xD6, 0xBA, 0xD6, 0xBA, 0xD6,
    0xBA, 0xD6, 0xBA, 0xD6, 0xBA, 0xD6, 0xDB, 0xDE, 0xDB, 0xDE, 0xDB, 0xDE, 0xDB, 0xDE, 0xDB, 0xDE,
    0xDB, 0xDE, 0xDB, 0xDE, 0xDB, 0xDE, 0xDB, 0xDE, 0xDB, 0xDE, 0xDB, 0xDE, 0xDB, 0xDE, 0xFB, 0xDE,
    0xFB, 0xDE, 0xFB, 0xDE, 0xFB, 0xDE, 0xFB, 0xDE, 0xFB, 0xDE, 0xFB, 0xDE, 0xFB, 0xDE, 0xFB, 0xDE,
    0x1C, 0xE7, 0x1C, 0xE7, 0x1C, 0xE7, 0x1C, 0xE7, 0x1C, 0xE7, 0x1C, 0xE7, 0x1C, 0xE7, 0x1C, 0xE7,
    0x1C, 0xE7, 0x1C, 0xE7, 0x1C, 0xE7, 0x3C, 0xE7, 0x1C, 0xE7, 0x3C, 0xE7, 0x3C, 0xE7, 0x3C, 0xE7,
    0x3C, 0xE7, 0x3C, 0xE7, 0x3C, 0xE7, 0x3C, 0xE7, 0x3C, 0xE7, 0x3C, 0xE7, 0x5D, 0xEF, 0x5D, 0xEF,
    0x5D, 0xEF, 0x5D, 0xEF, 0x5D, 0xEF, 0x5D, 0xEF, 0x5D, 0xEF, 0x5D, 0xEF, 0x5D, 0xEF, 0x5D, 0xEF,
    0x7D, 0xEF, 0x7D, 0xEF, 0x7D, 0xEF, 0x7D, 0xEF, 0x7D, 0xEF, 0x7D, 0xEF, 0x7D, 0xEF, 0x7D, 0xEF,
    0x7D, 0xEF, 0x7D, 0xEF, 0x9E, 0xF7, 0x9E, 0xF7, 0x9E, 0xF7, 0x9E, 0xF7, 0x9E, 0xF7, 0x9E, 0xF7,
    0x9E, 0xF7, 0x9E, 0xF7, 0x9E, 0xF7, 0x9E, 0xF7, 0x9E, 0xF7, 0xBE, 0xF7, 0xBE, 0xF7, 0xBE, 0xF7,
    0xBE, 0xF7, 0xBE, 0xF7, 0xBE, 0xF7, 0xBE, 0xF7, 0xBE, 0xF7, 0xBE, 0xF7, 0xBE, 0xF7, 0xBE, 0xF7,
    0xBE, 0xF7, 0xBE, 0xF7, 0xBE, 0xF7, 0xBE, 0xF7, 0xBE, 0xF7, 0xBE, 0xF7, 0xBE, 0xF7, 0xBE, 0xF7,
    0xDF, 0xFF, 0xDF, 0xFF, 0xBE, 0xF7, 0x24, 0x21, 0x87, 0xC6, 0x87, 0xC6, 0x87, 0xC6, 0x87, 0xC6,
    0x88, 0xAD, 0x84, 0x29, 0x24, 0x21, 0x24, 0x21, 0x24, 0x21, 0x24, 0x21, 0x24, 0x21, 0x24, 0x21,
    0x24, 0x21, 0x24, 0x21, 0x24, 0x21, 0x24, 0x21, 0x24, 0x21, 0x24, 0x21, 0x24, 0x21, 0x24, 0x21,
    0x24, 0x21, 0x24, 0x21, 0x24, 0x21, 0x24, 0x21, 0x24, 0x21, 0x24, 0x21, 0x24, 0x21, 0x24, 0x21,
    0x24, 0x21, 0x24, 0x21, 0x24, 0x21, 0x24, 0x21, 0x24, 0x21, 0x24, 0x21, 0x24, 0x21, 0x24, 0x21,
    0x24, 0x21, 0x24, 0x21, 0x24, 0x21, 0x24, 0x21, 0x24, 0x21, 0x24, 0x21, 0x24, 0x21, 0x24, 0x21,
    0x24, 0x21, 0x24, 0x21, 0x24, 0x21, 0x24, 0x21, 0x59, 0xCE, 0x59, 0xCE, 0x59, 0xCE, 0x59, 0xCE,
    0x59, 0xCE, 0x59, 0xCE, 0x59, 0xCE, 0x04, 0x21, 0x04, 0x21, 0x04, 0x21, 0x04, 0x21, 0x04, 0x21,
    0x04, 0x21, 0x04, 0x21, 0x1C, 0xE7, 0xD7, 0xBD, 0x38, 0xC6, 0x38, 0xC6, 0x04, 0x21, 0x04, 0x21,
    0x04, 0x21, 0x04, 0x21, 0x04, 0x21, 0x04, 0x21, 0x04, 0x21, 0x59, 0xCE, 0x59, 0xCE, 0x59, 0xCE,
    0x59, 0xCE, 0x59, 0xCE, 0x59, 0xCE, 0x59, 0xCE, 0x59, 0xCE, 0x59, 0xCE, 0x59, 0xCE, 0x59, 0xCE,
    0x59, 0xCE, 0x59, 0xCE, 0x59, 0xCE, 0x59, 0xCE, 0x59, 0xCE, 0x59, 0xCE, 0x59, 0xCE, 0x59, 0xCE,
    0x59, 0xCE, 0x59, 0xCE, 0x59, 0xCE, 0x59, 0xCE, 0x59, 0xCE, 0x59, 0xCE, 0x59, 0xCE, 0x59, 0xCE,
    0x59, 0xCE, 0x59, 0xCE, 0x59, 0xCE, 0x59, 0xCE, 0x59, 0xCE, 0x59, 0xCE, 0x59, 0xCE, 0x59, 0xCE,
    0x59, 0xCE, 0x59, 0xCE, 0x59, 0xCE, 0x59, 0xCE, 0x59, 0xCE, 0x59, 0xCE, 0x59, 0xCE, 0x59, 0xCE,
    0x59, 0xCE, 0x59, 0xCE, 0x59, 0xCE, 0x59, 0xCE, 0x59, 0xCE, 0x59, 0xCE, 0x59, 0xCE, 0x59, 0xCE,
    0x59, 0xCE, 0x59, 0xCE, 0x59, 0xCE, 0x59, 0xCE, 0x59, 0xCE, 0x59, 0xCE, 0x59, 0xCE, 0x59, 0xCE,
    0x59, 0xCE, 0x59, 0xCE, 0x59, 0xCE, 0x59, 0xCE, 0x59, 0xCE, 0x59, 0xCE, 0x59, 0xCE, 0x59, 0xCE,
    0x59, 0xCE, 0x59, 0xCE, 0x59, 0xCE, 0x59, 0xCE, 0x59, 0xCE, 0x59, 0xCE, 0x59, 0xCE, 0x59, 0xCE,
    0x59, 0xCE, 0x59, 0xCE, 0x59, 0xCE, 0x59, 0xCE, 0x59, 0xCE, 0x59, 0xCE, 0x59, 0xCE, 0x59, 0xCE,
    0x59, 0xCE, 0x59, 0xCE, 0xC7, 0x39, 0xFB, 0xDE, 0x1C, 0xE7, 0x3C, 0xE7, 0x5D, 0xEF, 0x7D, 0xEF,
    0x10, 0x84, 0x24, 0x21, 0x24, 0x21, 0x24, 0x21, 0x24, 0x21, 0x24, 0x21, 0x24, 0x21, 0x24, 0x21,
    0x24, 0x21, 0x24, 0x21, 0x24, 0x21, 0x24, 0x21, 0x24, 0x21, 0x24, 0x21, 0x24, 0x21, 0x24, 0x21,
    0x24, 0x21, 0x24, 0x21, 0x24, 0x21, 0x24, 0x21, 0x24, 0x21, 0x24, 0x21, 0x24, 0x21, 0x24, 0x21,
    0x24, 0x21, 0x24, 0x21, 0x24, 0x21, 0x24, 0x21, 0x24, 0x21, 0x24, 0x21, 0x24, 0x21, 0x24, 0x21,
    0x24, 0x21, 0x24, 0x21, 0x24, 0x21, 0x24, 0x21, 0x24, 0x21, 0x24, 0x21, 0x24, 0x21, 0x24, 0x21,
    0x24, 0x21, 0x24, 0x21, 0x24, 0x21, 0x24, 0x21, 0x24, 0x21, 0x24, 0x21, 0x24, 0x21, 0x24, 0x21,
    0x24, 0x21, 0x24, 0x21, 0x24, 0x21, 0x24, 0x21, 0x24, 0x21, 0x24, 0x21, 0x24, 0x21, 0x24, 0x21,
    0x24, 0x21, 0x24, 0x21, 0x24, 0x21, 0x24, 0x21, 0x24, 0x21, 0x24, 0x21, 0x24, 0x21, 0x24, 0x21,
    0x24, 0x21, 0x24, 0x21, 0x24, 0x21, 0x24, 0x21, 0x24, 0x21, 0x24, 0x21, 0x24, 0x21, 0x24, 0x21,
    0x24, 0x21, 0x24, 0x21, 0x24, 0x21, 0x24, 0x21, 0x24, 0x21, 0x24, 0x21, 0x24, 0x21, 0x24, 0x21,
    0x24, 0x21, 0x24, 0x21, 0x24, 0x21, 0x24, 0x21, 0x24, 0x21, 0x24, 0x21, 0x24, 0x21, 0x24, 0x21,
    0x24, 0x21, 0x24, 0x21, 0x24, 0x21, 0x24, 0x21, 0x24, 0x21, 0x24, 0x21, 0x24, 0x21, 0x24, 0x21,
    0x24, 0x21, 0x24, 0x21, 0x24, 0x21, 0x24, 0x21, 0x24, 0x21, 0x24, 0x21, 0x24, 0x21, 0x24, 0x21,
    0x24, 0x21, 0x24, 0x21, 0x24, 0x21, 0x24, 0x21, 0x24, 0x21, 0x24, 0x21, 0x24, 0x21, 0x24, 0x21,
    0x24, 0x21, 0x24, 0x21, 0x24, 0x21, 0x24, 0x21, 0x24, 0x21, 0x24, 0x21, 0x24, 0x21, 0x24, 0x21,
    0x24, 0x21, 0x24, 0x21, 0x24, 0x21, 0x24, 0x21, 0x24, 0x21, 0x24, 0x21, 0x24, 0x21, 0x24, 0x21,
    0x24, 0x21, 0x24, 0x21, 0x8E, 0x73, 0x3C, 0xE7, 0x9E, 0xF7, 0x9E, 0xF7, 0xBE, 0xF7, 0xBE, 0xF7,
    0xBE, 0xF7, 0xBE, 0xF7, 0xBE, 0xF7, 0xBE, 0xF7, 0xBE, 0xF7, 0xBE, 0xF7, 0xBE, 0xF7, 0xBE, 0xF7,
    0xBE, 0xF7, 0xBE, 0xF7, 0xBE, 0xF7, 0xBE, 0xF7, 0xBE, 0xF7, 0xBE, 0xF7, 0xDF, 0xFF, 0xBE, 0xF7,
    0xBE, 0xF7, 0xDF, 0xFF, 0xDF, 0xFF, 0x24, 0x21, 0x87, 0xC6, 0x87, 0xC6, 0x87, 0xC6, 0x87, 0xC6,
    0x87, 0xC6, 0x08, 0xB6, 0xE7, 0x5A, 0x24, 0x21, 0x24, 0x21, 0x24, 0x21, 0x24, 0x21, 0x24, 0x21,
    0x24, 0x21, 0x24, 0x21, 0x24, 0x21, 0x24, 0x21, 0x24, 0x21, 0x24, 0x21, 0x24, 0x21, 0x24, 0x21,
    0x24, 0x21, 0x24, 0x21, 0x24, 0x21, 0x24, 0x21, 0x24, 0x21, 0x24, 0x21, 0x24, 0x21, 0x24, 0x21,
    0x24, 0x21, 0x24, 0x21, 0x24, 0x21, 0x24, 0x21, 0x24, 0x21, 0x24, 0x21, 0x24, 0x21, 0x24, 0x21,
    0x24, 0x21, 0x24, 0x21, 0x24, 0x21, 0x24, 0x21, 0x24, 0x21, 0x24, 0x21, 0x24, 0x21, 0x24, 0x21,
    0x24, 0x21, 0x24, 0x21, 0x24, 0x21, 0x24, 0x21, 0x59, 0xCE, 0x59, 0xCE, 0x59, 0xCE, 0x59, 0xCE,
    0x59, 0xCE, 0x59, 0xCE, 0x59, 0xCE, 0x04, 0x21, 0x04, 0x21, 0x04, 0x21, 0x04, 0x21, 0x04, 0x21,
    0x04, 0x21, 0x49, 0x4A, 0xFF, 0xFF, 0xAE, 0x73, 0xAE, 0x73, 0xFF, 0xFF, 0xCB, 0x5A, 0x04, 0x21,
    0x04, 0x21, 0x04, 0x21, 0x04, 0x21, 0x04, 0x21, 0x04, 0x21, 0x59, 0xCE, 0x59, 0xCE, 0x59, 0xCE,
    0x59, 0xCE, 0x59, 0xCE, 0x59, 0xCE, 0x59, 0xCE, 0x59, 0xCE, 0x59, 0xCE, 0x59, 0xCE, 0x59, 0xCE,
    0x59, 0xCE, 0x59, 0xCE, 0x59, 0xCE, 0x59, 0xCE, 0x59, 0xCE, 0x59, 0xCE, 0x59, 0xCE, 0x59, 0xCE,
    0x59, 0xCE, 0x59, 0xCE, 0x59, 0xCE, 0x59, 0xCE, 0x59, 0xCE, 0x59, 0xCE, 0x59, 0xCE, 0x59, 0xCE,
    0x59, 0xCE, 0x59, 0xCE, 0x59, 0xCE, 0x59, 0xCE, 0x59, 0xCE, 0x59, 0xCE, 0x59, 0xCE, 0x59, 0xCE,
    0x59, 0xCE, 0x59, 0xCE, 0x59, 0xCE, 0x59, 0xCE, 0x59, 0xCE, 0x59, 0xCE, 0x59, 0xCE, 0x59, 0xCE,
    0x59, 0xCE, 0x59, 0xCE, 0x59, 0xCE, 0x59, 0xCE, 0x59, 0xCE, 0x59, 0xCE, 0x59, 0xCE, 0x59, 0xCE,
    0x59, 0xCE, 0x59, 0xCE, 0x59, 0xCE, 0x59, 0xCE, 0x59, 0xCE, 0x59, 0xCE, 0x59, 0xCE, 0x59, 0xCE,
    0x59, 0xCE, 0x59, 0xCE, 0x59, 0xCE, 0x59, 0xCE, 0x59, 0xCE, 0x59, 0xCE, 0x59, 0xCE, 0x59, 0xCE,
    0x59, 0xCE, 0x59, 0xCE, 0x59, 0xCE, 0x59, 0xCE, 0x59, 0xCE, 0x59, 0xCE, 0x59, 0xCE, 0x59, 0xCE,
    0x59, 0xCE, 0x59, 0xCE, 0x59, 0xCE, 0x59, 0xCE, 0x59, 0xCE, 0x59, 0xCE, 0x59, 0xCE, 0x59, 0xCE,
    0x59, 0xCE, 0x59, 0xCE, 0xC7, 0x39, 0x1C, 0xDF, 0x1C, 0xE7, 0x3C, 0xE7, 0x5D, 0xEF, 0x7D, 0xEF,
    0x1C, 0xE7, 0x10, 0x84, 0x24, 0x21, 0x24, 0x21, 0x24, 0x21, 0x24, 0x21, 0x24, 0x21, 0x24, 0x21,
    0x24, 0x21, 0x24, 0x21, 0x24, 0x21, 0x24, 0x21, 0x24, 0x21, 0x24, 0x21, 0x24, 0x21, 0x24, 0x21,
    0x24, 0x21, 0x24, 0x21, 0x24, 0x21, 0x24, 0x21, 0x24, 0x21, 0x24, 0x21, 0x24, 0x21, 0x24, 0x21,
    0x24, 0x21, 0x24, 0x21, 0x24, 0x21, 0x24, 0x21, 0x24, 0x21, 0x24, 0x21, 0x24, 0x21, 0x24, 0x21,
    0x24, 0x21, 0x24, 0x21, 0x24, 0x21, 0x24, 0x21, 0x24, 0x21, 0x24, 0x21, 0x24, 0x21, 0x24, 0x21,
    0x24, 0x21, 0x24, 0x21, 0x24, 0x21, 0x24, 0x21, 0x24, 0x21, 0x24, 0x21, 0x24, 0x21, 0x24, 0x21,
    0x24, 0x21, 0x24, 0x21, 0x24, 0x21, 0x24, 0x21, 0x24, 0x21, 0x24, 0x21, 0x24, 0x21, 0x24, 0x21,
    0x24, 0x21, 0x24, 0x21, 0x24, 0x21, 0x24, 0x21, 0x24, 0x21, 0x24, 0x21, 0x24, 0x21, 0x24, 0x21,
    0x24, 0x21, 0x24, 0x21, 0x24, 0x21, 0x24, 0x21, 0x24, 0x21, 0x24, 0x21, 0x24, 0x21, 0x24, 0x21,
    0x24, 0x21, 0x24, 0x21, 0x24, 0x21, 0x24, 0x21, 0x24, 0x21, 0x24, 0x21, 0x24, 0x21, 0x24, 0x21,
    0x24, 0x21, 0x24, 0x21, 0x24, 0x21, 0x24, 0x21, 0x24, 0x21, 0x24, 0x21, 0x24, 0x21, 0x24, 0x21,
    0x24, 0x21, 0x24, 0x21, 0x24, 0x21, 0x24, 0x21, 0x24, 0x21, 0x24, 0x21, 0x24, 0x21, 0x24, 0x21,
    0x24, 0x21, 0x24, 0x21, 0x24, 0x21, 0x24, 0x21, 0x24, 0x21, 0x24, 0x21, 0x24, 0x21, 0x24, 0x21,
    0x24, 0x21, 0x24, 0x21, 0x24, 0x21, 0x24, 0x21, 0x24, 0x21, 0x24, 0x21, 0x24, 0x21, 0x24, 0x21,
    0x24, 0x21, 0x24, 0x21, 0x24, 0x21, 0x24, 0x21, 0x24, 0x21, 0x24, 0x21, 0x24, 0x21, 0x24, 0x21,
    0x24, 0x21, 0x24, 0x21, 0x24, 0x21, 0x24, 0x21, 0x24, 0x21, 0x24, 0x21, 0x24, 0x21, 0x24, 0x21,
    0x24, 0x21, 0x24, 0x21, 0x24, 0x21, 0x71, 0x8C, 0x9E, 0xF7, 0xBE, 0xF7, 0xBE, 0xF7, 0xBE, 0xF7,
    0xBE, 0xF7, 0xBE, 0xF7, 0xBE, 0xF7, 0xBE, 0xF7, 0xBE, 0xF7, 0xBE, 0xF7, 0xBE, 0xF7, 0xBE, 0xF7,
    0xBE, 0xF7, 0xBE, 0xF7, 0xBE, 0xF7, 0xBE, 0xF7, 0xBE, 0xF7, 0xBE, 0xF7, 0xBE, 0xF7, 0xBE, 0xF7,
    0xDF, 0xFF, 0xBE, 0xF7, 0xDF, 0xFF, 0x24, 0x21, 0x87, 0xC6, 0x87, 0xC6, 0x87, 0xC6, 0x87, 0xC6,
    0x87, 0xC6, 0x87, 0xC6, 0x87, 0xC6, 0x87, 0xC6, 0x87, 0xC6, 0x87, 0xC6, 0x87, 0xC6, 0x87, 0xC6,
    0x87, 0xC6, 0x87, 0xC6, 0x87, 0xC6, 0x87, 0xC6, 0x87, 0xC6, 0x87, 0xC6, 0x87, 0xC6, 0x87, 0xC6,
    0x87, 0xC6, 0x87, 0xC6, 0x87, 0xC6, 0x87, 0xC6, 0x87, 0xC6, 0x87, 0xC6, 0x87, 0xC6, 0x87, 0xC6,
    0x87, 0xC6, 0x87, 0xC6, 0x87, 0xC6, 0x87, 0xC6, 0x87, 0xC6, 0x87, 0xC6, 0x87, 0xC6, 0x87, 0xC6,
    0x87, 0xC6, 0x87, 0xC6, 0x87, 0xC6, 0x87, 0xC6, 0x87, 0xC6, 0x87, 0xC6, 0x87, 0xC6, 0x87, 0xC6,
    0x87, 0xC6, 0x87, 0xC6, 0x87, 0xC6, 0x24, 0x21, 0x59, 0xCE, 0x59, 0xCE, 0x59, 0xCE, 0x59, 0xCE,
    0x59, 0xCE, 0x59, 0xCE, 0x59, 0xCE, 0x04, 0x21, 0x04, 0x21, 0x04, 0x21, 0x04, 0x21, 0x04, 0x21,
    0x04, 0x21, 0x55, 0xAD, 0xFF, 0xFF, 0xAE, 0x73, 0x2C, 0x63, 0xFF, 0xFF, 0x71, 0x8C, 0x04, 0x21,
    0x04, 0x21, 0x04, 0x21, 0x04, 0x21, 0x04, 0x21, 0x04, 0x21, 0x59, 0xCE, 0x59, 0xCE, 0x59, 0xCE,
    0x59, 0xCE, 0x59, 0xCE, 0x59, 0xCE, 0x59, 0xCE, 0x59, 0xCE, 0x59, 0xCE, 0x59, 0xCE, 0x59, 0xCE,
    0x59, 0xCE, 0x59, 0xCE, 0x59, 0xCE, 0x59, 0xCE, 0x59, 0xCE, 0x59, 0xCE, 0x59, 0xCE, 0x59, 0xCE,
    0x59, 0xCE, 0x59, 0xCE, 0x59, 0xCE, 0x59, 0xCE, 0x59, 0xCE, 0x59, 0xCE, 0x59, 0xCE, 0x59, 0xCE,
    0x59, 0xCE, 0x59, 0xCE, 0x59, 0xCE, 0x59, 0xCE, 0x59, 0xCE, 0x59, 0xCE, 0x59, 0xCE, 0x59, 0xCE,
    0x59, 0xCE, 0x59, 0xCE, 0x59, 0xCE, 0x59, 0xCE, 0x59, 0xCE, 0x59, 0xCE, 0x59, 0xCE, 0x59, 0xCE,
    0x59, 0xCE, 0x59, 0xCE, 0x59, 0xCE, 0x59, 0xCE, 0x59, 0xCE, 0x59, 0xCE, 0x59, 0xCE, 0x59, 0xCE,
    0x59, 0xCE, 0x59, 0xCE, 0x59, 0xCE, 0x59, 0xCE, 0x59, 0xCE, 0x59, 0xCE, 0x59, 0xCE, 0x59, 0xCE,
    0x59, 0xCE, 0x59, 0xCE, 0x59, 0xCE, 0x59, 0xCE, 0x59, 0xCE, 0x59, 0xCE, 0x59, 0xCE, 0x59, 0xCE,
    0x59, 0xCE, 0x59, 0xCE, 0x59, 0xCE, 0x59, 0xCE, 0x59, 0xCE, 0x59, 0xCE, 0x59, 0xCE, 0x59, 0xCE,
    0x59, 0xCE, 0x59, 0xCE, 0x59, 0xCE, 0x59, 0xCE, 0x59, 0xCE, 0x59, 0xCE, 0x59, 0xCE, 0x59, 0xCE,
    0x59, 0xCE, 0x59, 0xCE, 0xC7, 0x39, 0xFB, 0xDE, 0x1C, 0xE7, 0x3C, 0xE7, 0x5D, 0xEF, 0x7D, 0xEF,
    0x1C, 0xE7, 0x1C, 0xE7, 0x10, 0x84, 0x24, 0x21, 0x24, 0x21, 0x24, 0x21, 0x24, 0x21, 0x24, 0x21,
    0x24, 0x21, 0x24, 0x21, 0x24, 0x21, 0x24, 0x21, 0x24, 0x21, 0x24, 0x21, 0x24, 0x21, 0x24, 0x21,
    0x24, 0x21, 0x24, 0x21, 0x24, 0x21, 0x24, 0x21, 0x24, 0x21, 0x24, 0x21, 0x24, 0x21, 0x24, 0x21,
    0x24, 0x21, 0x24, 0x21, 0x24, 0x21, 0x24, 0x21, 0x24, 0x21, 0x24, 0x21, 0x24, 0x21, 0x24, 0x21,
    0x24, 0x21, 0x24, 0x21, 0x24, 0x21, 0x24, 0x21, 0x24, 0x21, 0x24, 0x21, 0x24, 0x21, 0x24, 0x21,
    0x24, 0x21, 0x24, 0x21, 0x24, 0x21, 0x24, 0x21, 0x24, 0x21, 0x24, 0x21, 0x24, 0x21, 0x24, 0x21,
    0x24, 0x21, 0x24, 0x21, 0x24, 0x21, 0x24, 0x21, 0x24, 0x21, 0x24, 0x21, 0x24, 0x21, 0x24, 0x21,
    0x24, 0x21, 0x24, 0x21, 0x24, 0x21, 0x24, 0x21, 0x24, 0x21, 0x24, 0x21, 0x24, 0x21, 0x24, 0x21,
    0x24, 0x21, 0x24, 0x21, 0x24, 0x21, 0x24, 0x21, 0x24, 0x21, 0x24, 0x21, 0x24, 0x21, 0x24, 0x21,
    0x24, 0x21, 0x24, 0x21, 0x24, 0x21, 0x24, 0x21, 0x24, 0x21, 0x24, 0x21, 0x24, 0x21, 0x24, 0x21,
    0x24, 0x21, 0x24, 0x21, 0x24, 0x21, 0x24, 0x21, 0x24, 0x21, 0x24, 0x21, 0x24, 0x21, 0x24, 0x21,
    0x24, 0x21, 0x24, 0x21, 0x24, 0x21, 0x24, 0x21, 0x24, 0x21, 0x24, 0x21, 0x24, 0x21, 0x24, 0x21,
    0x24, 0x21, 0x24, 0x21, 0x24, 0x21, 0x24, 0x21, 0x24, 0x21, 0x24, 0x21, 0x24, 0x21, 0x24, 0x21,
    0x24, 0x21, 0x24, 0x21, 0x24, 0x21, 0x24, 0x21, 0x24, 0x21, 0x24, 0x21, 0x24, 0x21, 0x24, 0x21,
    0x24, 0x21, 0x24, 0x21, 0x24, 0x21, 0x24, 0x21, 0x24, 0x21, 0x24, 0x21, 0x24, 0x21, 0x24, 0x21,
    0x24, 0x21, 0x24, 0x21, 0x24, 0x21, 0x24, 0x21, 0x24, 0x21, 0x24, 0x21, 0x24, 0x21, 0x24, 0x21,
    0x24, 0x21, 0x24, 0x21, 0x24, 0x21, 0xCB, 0x5A, 0x9E, 0xF7, 0x9E, 0xF7, 0x9E, 0xF7, 0xBE, 0xF7,
    0xBE, 0xF7, 0xBE, 0xF7, 0xBE, 0xF7, 0xBE, 0xF7, 0xBE, 0xF7, 0xBE, 0xF7, 0xBE, 0xF7, 0xBE, 0xF7,
    0xBE, 0xF7, 0xBE, 0xF7, 0xBE, 0xF7, 0xBE, 0xF7, 0xBE, 0xF7, 0xBE, 0xF7, 0xBE, 0xF7, 0xDF, 0xFF,
    0xBE, 0xF7, 0xBE, 0xF7, 0xBE, 0xF7, 0x24, 0x21, 0x87, 0xC6, 0x87, 0xC6, 0x87, 0xC6, 0x87, 0xC6,
    0x87, 0xC6, 0x87, 0xC6, 0x87, 0xC6, 0x87, 0xC6, 0x87, 0xC6, 0x87, 0xC6, 0x87, 0xC6, 0x87, 0xC6,
    0x87, 0xC6, 0x87, 0xC6, 0x87, 0xC6, 0x87, 0xC6, 0x87, 0xC6, 0x87, 0xC6, 0x87, 0xC6, 0x87, 0xC6,
    0x87, 0xC6, 0x87, 0xC6, 0x87, 0xC6, 0x87, 0xC6, 0x87, 0xC6, 0x87, 0xC6, 0x87, 0xC6, 0x87, 0xC6,
    0x87, 0xC6, 0x87, 0xC6, 0x87, 0xC6, 0x87, 0xC6, 0x87, 0xC6, 0x87, 0xC6, 0x87, 0xC6, 0x87, 0xC6,
    0x87, 0xC6, 0x87, 0xC6, 0x87, 0xC6, 0x87, 0xC6, 0x87, 0xC6, 0x87, 0xC6, 0x87, 0xC6, 0x87, 0xC6,
    0x87, 0xC6, 0x87, 0xC6, 0x87, 0xC6, 0x24, 0x21, 0x59, 0xCE, 0x59, 0xCE, 0x59, 0xCE, 0x59, 0xCE,
    0x59, 0xCE, 0x59, 0xCE, 0x59, 0xCE, 0x04, 0x21, 0x04, 0x21, 0x04, 0x21, 0x04, 0x21, 0x04, 0x21,
    0x04, 0x21, 0x1C, 0xE7, 0xFF, 0xFF, 0xFF, 0xFF, 0xFF, 0xFF, 0xFF, 0xFF, 0x9E, 0xF7, 0x04, 0x21,
    0x04, 0x21, 0x04, 0x21, 0x04, 0x21, 0x04, 0x21, 0x04, 0x21, 0x59, 0xCE, 0x59, 0xCE, 0x59, 0xCE,
    0x59, 0xCE, 0x59, 0xCE, 0x59, 0xCE, 0x59, 0xCE, 0x59, 0xCE, 0x59, 0xCE, 0x59, 0xCE, 0x59, 0xCE,
    0x59, 0xCE, 0x59, 0xCE, 0x59, 0xCE, 0x59, 0xCE, 0x59, 0xCE, 0x59, 0xCE, 0x59, 0xCE, 0x59, 0xCE,
    0x59, 0xCE, 0x59, 0xCE, 0x59, 0xCE, 0x59, 0xCE, 0x59, 0xCE, 0x59, 0xCE, 0x59, 0xCE, 0x59, 0xCE,
    0x59, 0xCE, 0x59, 0xCE, 0x59, 0xCE, 0x59, 0xCE, 0x59, 0xCE, 0x59, 0xCE, 0x59, 0xCE, 0x59, 0xCE,
    0x59, 0xCE, 0x59, 0xCE, 0x59, 0xCE, 0x59, 0xCE, 0x59, 0xCE, 0x59, 0xCE, 0x59, 0xCE, 0x59, 0xCE,
    0x59, 0xCE, 0x59, 0xCE, 0x59, 0xCE, 0x59, 0xCE, 0x59, 0xCE, 0x59, 0xCE, 0x59, 0xCE, 0x59, 0xCE,
    0x59, 0xCE, 0x59, 0xCE, 0x59, 0xCE, 0x59, 0xCE, 0x59, 0xCE, 0x59, 0xCE, 0x59, 0xCE, 0x59, 0xCE,
    0x59, 0xCE, 0x59, 0xCE, 0x59, 0xCE, 0x59, 0xCE, 0x59, 0xCE, 0x59, 0xCE, 0x59, 0xCE, 0x59, 0xCE,
    0x59, 0xCE, 0x59, 0xCE, 0x59, 0xCE, 0x59, 0xCE, 0x59, 0xCE, 0x59, 0xCE, 0x59, 0xCE, 0x59, 0xCE,
    0x59, 0xCE, 0x59, 0xCE, 0x59, 0xCE, 0x59, 0xCE, 0x59, 0xCE, 0x59, 0xCE, 0x59, 0xCE, 0x59, 0xCE,
    0x59, 0xCE, 0x59, 0xCE, 0xC7, 0x39, 0xFB, 0xDE, 0x1C, 0xE7, 0x3C, 0xE7, 0x5D, 0xEF, 0x7D, 0xEF,
    0x1C, 0xE7, 0x1C, 0xE7, 0x1C, 0xE7, 0x10, 0x84, 0x24, 0x21, 0x24, 0x21, 0x24, 0x21, 0x24, 0x21,
    0x24, 0x21, 0x24, 0x21, 0x24, 0x21, 0x24, 0x21, 0x24, 0x21, 0x24, 0x21, 0x24, 0x21, 0x24, 0x21,
    0x24, 0x21, 0x24, 0x21, 0x24, 0x21, 0x24, 0x21, 0x24, 0x21, 0x24, 0x21, 0x24, 0x21, 0x24, 0x21,
    0x24, 0x21, 0x24, 0x21, 0x24, 0x21, 0x24, 0x21, 0x24, 0x21, 0x24, 0x21, 0x24, 0x21, 0x24, 0x21,
    0x24, 0x21, 0x24, 0x21, 0x24, 0x21, 0x24, 0x21, 0x24, 0x21, 0x24, 0x21, 0x24, 0x21, 0x24, 0x21,
    0x24, 0x21, 0x24, 0x21, 0x24, 0x21, 0x24, 0x21, 0x24, 0x21, 0x24, 0x21, 0x24, 0x21, 0x24, 0x21,
    0x24, 0x21, 0x24, 0x21, 0x24, 0x21, 0x24, 0x21, 0x24, 0x21, 0x24, 0x21, 0x24, 0x21, 0x24, 0x21,
    0x24, 0x21, 0x24, 0x21, 0x24, 0x21, 0x24, 0x21, 0x24, 0x21, 0x24, 0x21, 0x24, 0x21, 0x24, 0x21,
    0x24, 0x21, 0x24, 0x21, 0x24, 0x21, 0x24, 0x21, 0x24, 0x21, 0x24, 0x21, 0x24, 0x21, 0x24, 0x21,
    0x24, 0x21, 0x24, 0x21, 0x24, 0x21, 0x24, 0x21, 0x24, 0x21, 0x24, 0x21, 0x24, 0x21, 0x24, 0x21,
    0x24, 0x21, 0x24, 0x21, 0x24, 0x21, 0x24, 0x21, 0x24, 0x21, 0x24, 0x21, 0x24, 0x21, 0x24, 0x21,
    0x24, 0x21, 0x24, 0x21, 0x24, 0x21, 0x24, 0x21, 0x24, 0x21, 0x24, 0x21, 0x24, 0x21, 0x24, 0x21,
    0x24, 0x21, 0x24, 0x21, 0x24, 0x21, 0x24, 0x21, 0x24, 0x21, 0x24, 0x21, 0x24, 0x21, 0x24, 0x21,
    0x24, 0x21, 0x24, 0x21, 0x24, 0x21, 0x24, 0x21, 0x24, 0x21, 0x24, 0x21, 0x24, 0x21, 0x24, 0x21,
    0x24, 0x21, 0x24, 0x21, 0x24, 0x21, 0x24, 0x21, 0x24, 0x21, 0x24, 0x21, 0x24, 0x21, 0x24, 0x21,
    0x24, 0x21, 0x24, 0x21, 0x24, 0x21, 0x24, 0x21, 0x24, 0x21, 0x24, 0x21, 0x24, 0x21, 0x24, 0x21,
    0x24, 0x21, 0x24, 0x21, 0x24, 0x21, 0x8E, 0x73, 0x9E, 0xF7, 0x9E, 0xF7, 0x9E, 0xF7, 0xBE, 0xF7,
    0xBE, 0xF7, 0xBE, 0xF7, 0xBE, 0xF7, 0xBE, 0xF7, 0xBE, 0xF7, 0xBE, 0xF7, 0xBE, 0xF7, 0xBE, 0xF7,
    0xBE, 0xF7, 0xBE, 0xF7, 0xBE, 0xF7, 0xBE, 0xF7, 0xBE, 0xF7, 0xBE, 0xF7, 0xBE, 0xF7, 0xBE, 0xF7,
    0xBE, 0xF7, 0xBE, 0xF7, 0xBE, 0xF7, 0x24, 0x21, 0x87, 0xC6, 0x87, 0xC6, 0x87, 0xC6, 0x87, 0xC6,
    0x87, 0xC6, 0x87, 0xC6, 0x87, 0xC6, 0x87, 0xC6, 0x87, 0xC6, 0x87, 0xC6, 0x87, 0xC6, 0x87, 0xC6,
    0x87, 0xC6, 0x87, 0xC6, 0x87, 0xC6, 0x87, 0xC6, 0x87, 0xC6, 0x87, 0xC6, 0x87, 0xC6, 0x87, 0xC6,
    0x87, 0xC6, 0x87, 0xC6, 0x87, 0xC6, 0x87, 0xC6, 0x87, 0xC6, 0x87, 0xC6, 0x87, 0xC6, 0x87, 0xC6,
    0x87, 0xC6, 0x87, 0xC6, 0x87, 0xC6, 0x87, 0xC6, 0x87, 0xC6, 0x87, 0xC6, 0x87, 0xC6, 0x87, 0xC6,
    0x87, 0xC6, 0x87, 0xC6, 0x87, 0xC6, 0x87, 0xC6, 0x87, 0xC6, 0x87, 0xC6, 0x87, 0xC6, 0x87, 0xC6,
    0x87, 0xC6, 0x87, 0xC6, 0x87, 0xC6, 0x24, 0x21, 0x59, 0xCE, 0x59, 0xCE, 0x59, 0xCE, 0x59, 0xCE,
    0x59, 0xCE, 0x59, 0xCE, 0x59, 0xCE, 0x04, 0x21, 0x04, 0x21, 0x04, 0x21, 0x04, 0x21, 0x04, 0x21,
    0xCB, 0x5A, 0xFF, 0xFF, 0xF3, 0x9C, 0xCB, 0x5A, 0xCB, 0x5A, 0xF3, 0x9C, 0xFF, 0xFF, 0xCB, 0x5A,
    0x04, 0x21, 0x04, 0x21, 0x04, 0x21, 0x04, 0x21, 0x04, 0x21, 0x59, 0xCE, 0x59, 0xCE, 0x59, 0xCE,
    0x59, 0xCE, 0x59, 0xCE, 0x59, 0xCE, 0x59, 0xCE, 0x59, 0xCE, 0x59, 0xCE, 0x59, 0xCE, 0x59, 0xCE,
    0x59, 0xCE, 0x59, 0xCE, 0x59, 0xCE, 0x59, 0xCE, 0x59, 0xCE, 0x59, 0xCE, 0x59, 0xCE, 0x59, 0xCE,
    0x59, 0xCE, 0x59, 0xCE, 0x59, 0xCE, 0x59, 0xCE, 0x59, 0xCE, 0x59, 0xCE, 0x59, 0xCE, 0x59, 0xCE,
    0x59, 0xCE, 0x59, 0xCE, 0x59, 0xCE, 0x59, 0xCE, 0x59, 0xCE, 0x59, 0xCE, 0x59, 0xCE, 0x59, 0xCE,
    0x59, 0xCE, 0x59, 0xCE, 0x59, 0xCE, 0x59, 0xCE, 0x59, 0xCE, 0x59, 0xCE, 0x59, 0xCE, 0x59, 0xCE,
    0x59, 0xCE, 0x59, 0xCE, 0x59, 0xCE, 0x59, 0xCE, 0x59, 0xCE, 0x59, 0xCE, 0x59, 0xCE, 0x59, 0xCE,
    0x59, 0xCE, 0x59, 0xCE, 0x59, 0xCE, 0x59, 0xCE, 0x59, 0xCE, 0x59, 0xCE, 0x59, 0xCE, 0x59, 0xCE,
    0x59, 0xCE, 0x59, 0xCE, 0x59, 0xCE, 0x59, 0xCE, 0x59, 0xCE, 0x59, 0xCE, 0x59, 0xCE, 0x59, 0xCE,
    0x59, 0xCE, 0x59, 0xCE, 0x59, 0xCE, 0x59, 0xCE, 0x59, 0xCE, 0x59, 0xCE, 0x59, 0xCE, 0x59, 0xCE,
    0x59, 0xCE, 0x59, 0xCE, 0x59, 0xCE, 0x59, 0xCE, 0x59, 0xCE, 0x59, 0xCE, 0x59, 0xCE, 0x59, 0xCE,
    0x59, 0xCE, 0x59, 0xCE, 0xC7, 0x39, 0x1C, 0xDF, 0x1C, 0xE7, 0x3C, 0xE7, 0x5D, 0xEF, 0x7D, 0xEF,
    0x1C, 0xE7, 0x1C, 0xE7, 0x1C, 0xE7, 0x1C, 0xE7, 0x1C, 0xE7, 0x1C, 0xE7, 0x1C, 0xE7, 0x1C, 0xE7,
    0x1C, 0xE7, 0x1C, 0xE7, 0x1C, 0xE7, 0x1C, 0xE7, 0x1C, 0xE7, 0x1C, 0xE7, 0x1C, 0xE7, 0x1C, 0xE7,
    0x1C, 0xE7, 0x1C, 0xE7, 0x1C, 0xE7, 0x1C, 0xE7, 0x1C, 0xE7, 0x1C, 0xE7, 0x1C, 0xE7, 0x1C, 0xE7,
    0x1C, 0xE7, 0xBA, 0xD6, 0x71, 0x8C, 0x24, 0x21, 0x24, 0x21, 0x24, 0x21, 0x24, 0x21, 0x24, 0x21,
    0x24, 0x21, 0x24, 0x21, 0x24, 0x21, 0x24, 0x21, 0x24, 0x21, 0x24, 0x21, 0x24, 0x21, 0x24, 0x21,
    0x24, 0x21, 0x24, 0x21, 0x24, 0x21, 0x24, 0x21, 0x24, 0x21, 0x24, 0x21, 0x24, 0x21, 0x24, 0x21,
    0x24, 0x21, 0x24, 0x21, 0x24, 0x21, 0x24, 0x21, 0x24, 0x21, 0x24, 0x21, 0x24, 0x21, 0x24, 0x21,
    0x24, 0x21, 0x24, 0x21, 0x24, 0x21, 0x24, 0x21, 0x24, 0x21, 0x24, 0x21, 0x24, 0x21, 0x24, 0x21,
    0x24, 0x21, 0x24, 0x21, 0x24, 0x21, 0x24, 0x21, 0x24, 0x21, 0x24, 0x21, 0x24, 0x21, 0x24, 0x21,
    0x24, 0x21, 0x24, 0x21, 0x24, 0x21, 0x24, 0x21, 0x24, 0x21, 0x24, 0x21, 0x24, 0x21, 0x24, 0x21,
    0x24, 0x21, 0x24, 0x21, 0x24, 0x21, 0x24, 0x21, 0x24, 0x21, 0x24, 0x21, 0x24, 0x21, 0x24, 0x21,
    0x24, 0x21, 0x24, 0x21, 0x24, 0x21, 0x24, 0x21, 0x24, 0x21, 0x24, 0x21, 0x24, 0x21, 0x24, 0x21,
    0x24, 0x21, 0x24, 0x21, 0x24, 0x21, 0x24, 0x21, 0x24, 0x21, 0x24, 0x21, 0x24, 0x21, 0x24, 0x21,
    0x24, 0x21, 0x24, 0x21, 0x24, 0x21, 0x24, 0x21, 0x24, 0x21, 0x24, 0x21, 0x24, 0x21, 0x24, 0x21,
    0x24, 0x21, 0x24, 0x21, 0x24, 0x21, 0x24, 0x21, 0x24, 0x21, 0x24, 0x21, 0x24, 0x21, 0x24, 0x21,
    0x24, 0x21, 0x24, 0x21, 0x24, 0x21, 0x24, 0x21, 0x24, 0x21, 0x24, 0x21, 0x24, 0x21, 0x24, 0x21,
    0x24, 0x21, 0x24, 0x21, 0x69, 0x4A, 0xDB, 0xDE, 0x9E, 0xF7, 0x9E, 0xF7, 0x9E, 0xF7, 0x9E, 0xF7,
    0xBE, 0xF7, 0xBE, 0xF7, 0xBE, 0xF7, 0xBE, 0xF7, 0xBE, 0xF7, 0xBE, 0xF7, 0xBE, 0xF7, 0xBE, 0xF7,
    0xBE, 0xF7, 0xBE, 0xF7, 0xBE, 0xF7, 0xBE, 0xF7, 0xBE, 0xF7, 0xBE, 0xF7, 0xBE, 0xF7, 0xBE, 0xF7,
    0xBE, 0xF7, 0xBE, 0xF7, 0xBE, 0xF7, 0x24, 0x21, 0x87, 0xC6, 0x87, 0xC6, 0x87, 0xC6, 0x87, 0xC6,
    0x87, 0xC6, 0x87, 0xC6, 0x87, 0xC6, 0x87, 0xC6, 0x87, 0xC6, 0x87, 0xC6, 0x87, 0xC6, 0x87, 0xC6,
    0x87, 0xC6, 0x87, 0xC6, 0x87, 0xC6, 0x87, 0xC6, 0x87, 0xC6, 0x87, 0xC6, 0x87, 0xC6, 0x87, 0xC6,
    0x87, 0xC6, 0x87, 0xC6, 0x87, 0xC6, 0x87, 0xC6, 0x87, 0xC6, 0x87, 0xC6, 0x87, 0xC6, 0x87, 0xC6,
    0x87, 0xC6, 0x87, 0xC6, 0x87, 0xC6, 0x87, 0xC6, 0x87, 0xC6, 0x87, 0xC6, 0x87, 0xC6, 0x87, 0xC6,
    0x87, 0xC6, 0x87, 0xC6, 0x87, 0xC6, 0x87, 0xC6, 0x87, 0xC6, 0x87, 0xC6, 0x87, 0xC6, 0x87, 0xC6,
    0x87, 0xC6, 0x87, 0xC6, 0x87, 0xC6, 0x24, 0x21, 0x59, 0xCE, 0x59, 0xCE, 0x59, 0xCE, 0x59, 0xCE,
    0x59, 0xCE, 0x59, 0xCE, 0x59, 0xCE, 0x04, 0x21, 0x04, 0x21, 0x04, 0x21, 0x04, 0x21, 0x04, 0x21,
    0x55, 0xAD, 0xFF, 0xFF, 0x49, 0x4A, 0x04, 0x21, 0x04, 0x21, 0x49, 0x4A, 0xFF, 0xFF, 0xF3, 0x9C,
    0x04, 0x21, 0x04, 0x21, 0x04, 0x21, 0x04, 0x21, 0x04, 0x21, 0x59, 0xCE, 0x59, 0xCE, 0x59, 0xCE,
    0x59, 0xCE, 0x59, 0xCE, 0x59, 0xCE, 0x59, 0xCE, 0x59, 0xCE, 0x59, 0xCE, 0x59, 0xCE, 0x59, 0xCE,
    0x59, 0xCE, 0x59, 0xCE, 0x59, 0xCE, 0x59, 0xCE, 0x59, 0xCE, 0x59, 0xCE, 0x59, 0xCE, 0x59, 0xCE,
    0x59, 0xCE, 0x59, 0xCE, 0x59, 0xCE, 0x59, 0xCE, 0x59, 0xCE, 0x59, 0xCE, 0x59, 0xCE, 0x59, 0xCE,
    0x59, 0xCE, 0x59, 0xCE, 0x59, 0xCE, 0x59, 0xCE, 0x59, 0xCE, 0x59, 0xCE, 0x59, 0xCE, 0x59, 0xCE,
    0x59, 0xCE, 0x59, 0xCE, 0x59, 0xCE, 0x59, 0xCE, 0x59, 0xCE, 0x59, 0xCE, 0x59, 0xCE, 0x59, 0xCE,
    0x59, 0xCE, 0x59, 0xCE, 0x59, 0xCE, 0x59, 0xCE, 0x59, 0xCE, 0x59, 0xCE, 0x59, 0xCE, 0x59, 0xCE,
    0x59, 0xCE, 0x59, 0xCE, 0x59, 0xCE, 0x59, 0xCE, 0x59, 0xCE, 0x59, 0xCE, 0x59, 0xCE, 0x59, 0xCE,
    0x59, 0xCE, 0x59, 0xCE, 0x59, 0xCE, 0x59, 0xCE, 0x59, 0xCE, 0x59, 0xCE, 0x59, 0xCE, 0x59, 0xCE,
    0x59, 0xCE, 0x59, 0xCE, 0x59, 0xCE, 0x59, 0xCE, 0x59, 0xCE, 0x59, 0xCE, 0x59, 0xCE, 0x59, 0xCE,
    0x59, 0xCE, 0x59, 0xCE, 0x59, 0xCE, 0x59, 0xCE, 0x59, 0xCE, 0x59, 0xCE, 0x59, 0xCE, 0x59, 0xCE,
    0x59, 0xCE, 0x59, 0xCE, 0xC7, 0x39, 0x1C, 0xDF, 0x1C, 0xE7, 0x3C, 0xE7, 0x5D, 0xEF, 0x7D, 0xEF,
    0x1C, 0xE7, 0x1C, 0xE7, 0x1C, 0xE7, 0x1C, 0xE7, 0x1C, 0xE7, 0x1C, 0xE7, 0x1C, 0xE7, 0x1C, 0xE7,
    0x1C, 0xE7, 0x1C, 0xE7, 0x1C, 0xE7, 0x1C, 0xE7, 0x1C, 0xE7, 0x1C, 0xE7, 0x1C, 0xE7, 0x1C, 0xE7,
    0x1C, 0xE7, 0x1C, 0xE7, 0x1C, 0xE7, 0x1C, 0xE7, 0x1C, 0xE7, 0x1C, 0xE7, 0x1C, 0xE7, 0x1C, 0xE7,
    0x1C, 0xE7, 0x1C, 0xE7, 0x1C, 0xE7, 0x10, 0x84, 0x24, 0x21, 0x24, 0x21, 0x24, 0x21, 0x24, 0x21,
    0x24, 0x21, 0x24, 0x21, 0x24, 0x21, 0x24, 0x21, 0x24, 0x21, 0x24, 0x21, 0x24, 0x21, 0x24, 0x21,
    0x24, 0x21, 0x24, 0x21, 0x24, 0x21, 0x24, 0x21, 0x24, 0x21, 0x24, 0x21, 0x24, 0x21, 0x24, 0x21,
    0x24, 0x21, 0x24, 0x21, 0x24, 0x21, 0x24, 0x21, 0x24, 0x21, 0x24, 0x21, 0x24, 0x21, 0x24, 0x21,
    0x24, 0x21, 0x24, 0x21, 0x24, 0x21, 0x24, 0x21, 0x24, 0x21, 0x24, 0x21, 0x24, 0x21, 0x24, 0x21,
    0x24, 0x21, 0x24, 0x21, 0x24, 0x21, 0x24, 0x21, 0x24, 0x21, 0x24, 0x21, 0x24, 0x21, 0x24, 0x21,
    0x24, 0x21, 0x24, 0x21, 0x24, 0x21, 0x24, 0x21, 0x24, 0x21, 0x24, 0x21, 0x24, 0x21, 0x24, 0x21,
    0x24, 0x21, 0x24, 0x21, 0x24, 0x21, 0x24, 0x21, 0x24, 0x21, 0x24, 0x21, 0x24, 0x21, 0x24, 0x21,
    0x24, 0x21, 0x24, 0x21, 0x24, 0x21, 0x24, 0x21, 0x24, 0x21, 0x24, 0x21, 0x24, 0x21, 0x24, 0x21,
    0x24, 0x21, 0x24, 0x21, 0x24, 0x21, 0x24, 0x21, 0x24, 0x21, 0x24, 0x21, 0x24, 0x21, 0x24, 0x21,
    0x24, 0x21, 0x24, 0x21, 0x24, 0x21, 0x24, 0x21, 0x24, 0x21, 0x24, 0x21, 0x24, 0x21, 0x24, 0x21,
    0x24, 0x21, 0x24, 0x21, 0x24, 0x21, 0x24, 0x21, 0x24, 0x21, 0x24, 0x21, 0x24, 0x21, 0x24, 0x21,
    0x24, 0x21, 0x24, 0x21, 0x24, 0x21, 0x24, 0x21, 0x24, 0x21, 0x24, 0x21, 0x24, 0x21, 0x24, 0x21,
    0x24, 0x21, 0x69, 0x4A, 0x3C, 0xE7, 0x9E, 0xF7, 0x9E, 0xF7, 0x9E, 0xF7, 0x9E, 0xF7, 0x9E, 0xF7,
    0x9E, 0xF7, 0x9E, 0xF7, 0xBE, 0xF7, 0xBE, 0xF7, 0xBE, 0xF7, 0xBE, 0xF7, 0xBE, 0xF7, 0xBE, 0xF7,
    0xBE, 0xF7, 0xBE, 0xF7, 0xBE, 0xF7, 0xBE, 0xF7, 0xBE, 0xF7, 0xBE, 0xF7, 0xBE, 0xF7, 0xBE, 0xF7,
    0xBE, 0xF7, 0xBE, 0xF7, 0xBE, 0xF7, 0x24, 0x21, 0x87, 0xC6, 0x87, 0xC6, 0x87, 0xC6, 0x87, 0xC6,
    0x87, 0xC6, 0x87, 0xC6, 0x87, 0xC6, 0x87, 0xC6, 0x87, 0xC6, 0x87, 0xC6, 0x87, 0xC6, 0x87, 0xC6,
    0x87, 0xC6, 0x87, 0xC6, 0x87, 0xC6, 0x87, 0xC6, 0x87, 0xC6, 0x87, 0xC6, 0x87, 0xC6, 0x87, 0xC6,
    0x87, 0xC6, 0x87, 0xC6, 0x87, 0xC6, 0x87, 0xC6, 0x87, 0xC6, 0x87, 0xC6, 0x87, 0xC6, 0x87, 0xC6,
    0x87, 0xC6, 0x87, 0xC6, 0x87, 0xC6, 0x87, 0xC6, 0x87, 0xC6, 0x87, 0xC6, 0x87, 0xC6, 0x87, 0xC6,
    0x87, 0xC6, 0x87, 0xC6, 0x87, 0xC6, 0x87, 0xC6, 0x87, 0xC6, 0x87, 0xC6, 0x87, 0xC6, 0x87, 0xC6,
    0x87, 0xC6, 0x87, 0xC6, 0x87, 0xC6, 0x24, 0x21, 0x59, 0xCE, 0x59, 0xCE, 0x59, 0xCE, 0x59, 0xCE,
    0x59, 0xCE, 0x59, 0xCE, 0x59, 0xCE, 0x04, 0x21, 0x04, 0x21, 0x04, 0x21, 0x04, 0x21, 0x04, 0x21,
    0x04, 0x21, 0x04, 0x21, 0x04, 0x21, 0x04, 0x21, 0x04, 0x21, 0x04, 0x21, 0x04, 0x21, 0x04, 0x21,
    0x04, 0x21, 0x04, 0x21, 0x04, 0x21, 0x04, 0x21, 0x04, 0x21, 0x59, 0xCE, 0x59, 0xCE, 0x59, 0xCE,
    0x59, 0xCE, 0x59, 0xCE, 0x59, 0xCE, 0x59, 0xCE, 0x59, 0xCE, 0x59, 0xCE, 0x59, 0xCE, 0x59, 0xCE,
    0x59, 0xCE, 0x59, 0xCE, 0x59, 0xCE, 0x59, 0xCE, 0x59, 0xCE, 0x59, 0xCE, 0x59, 0xCE, 0x59, 0xCE,
    0x59, 0xCE, 0x59, 0xCE, 0x59, 0xCE, 0x59, 0xCE, 0x59, 0xCE, 0x59, 0xCE, 0x59, 0xCE, 0x59, 0xCE,
    0x59, 0xCE, 0x59, 0xCE, 0x59, 0xCE, 0x59, 0xCE, 0x59, 0xCE, 0x59, 0xCE, 0x59, 0xCE, 0x59, 0xCE,
    0x59, 0xCE, 0x59, 0xCE, 0x59, 0xCE, 0x59, 0xCE, 0x59, 0xCE, 0x59, 0xCE, 0x59, 0xCE, 0x59, 0xCE,
    0x59, 0xCE, 0x59, 0xCE, 0x59, 0xCE, 0x59, 0xCE, 0x59, 0xCE, 0x59, 0xCE, 0x59, 0xCE, 0x59, 0xCE,
    0x59, 0xCE, 0x59, 0xCE, 0x59, 0xCE, 0x59, 0xCE, 0x59, 0xCE, 0x59, 0xCE, 0x59, 0xCE, 0x59, 0xCE,
    0x59, 0xCE, 0x59, 0xCE, 0x59, 0xCE, 0x59, 0xCE, 0x59, 0xCE, 0x59, 0xCE, 0x59, 0xCE, 0x59, 0xCE,
    0x59, 0xCE, 0x59, 0xCE, 0x59, 0xCE, 0x59, 0xCE, 0x59, 0xCE, 0x59, 0xCE, 0x59, 0xCE, 0x59, 0xCE,
    0x59, 0xCE, 0x59, 0xCE, 0x59, 0xCE, 0x59, 0xCE, 0x59, 0xCE, 0x59, 0xCE, 0x59, 0xCE, 0x59, 0xCE,
    0x59, 0xCE, 0x59, 0xCE, 0xC7, 0x39, 0x1C, 0xDF, 0x1C, 0xE7, 0x3C, 0xE7, 0x5D, 0xEF, 0x7D, 0xEF,
    0x1C, 0xE7, 0x1C, 0xE7, 0x1C, 0xE7, 0x1C, 0xE7, 0x1C, 0xE7, 0x1C, 0xE7, 0x1C, 0xE7, 0x1C, 0xE7,
    0x1C, 0xE7, 0x1C, 0xE7, 0x1C, 0xE7, 0x1C, 0xE7, 0x1C, 0xE7, 0x1C, 0xE7, 0x1C, 0xE7, 0x1C, 0xE7,
    0x1C, 0xE7, 0x1C, 0xE7, 0x1C, 0xE7, 0x1C, 0xE7, 0x1C, 0xE7, 0x1C, 0xE7, 0x1C, 0xE7, 0x1C, 0xE7,
    0x1C, 0xE7, 0x1C, 0xE7, 0x1C, 0xE7, 0xBA, 0xD6, 0x24, 0x21, 0x24, 0x21, 0x24, 0x21, 0x24, 0x21,
    0x24, 0x21, 0x24, 0x21, 0x24, 0x21, 0x24, 0x21, 0x24, 0x21, 0x24, 0x21, 0x24, 0x21, 0x24, 0x21,
    0x24, 0x21, 0x24, 0x21, 0x24, 0x21, 0x24, 0x21, 0x24, 0x21, 0x24, 0x21, 0x24, 0x21, 0x24, 0x21,
    0x24, 0x21, 0x24, 0x21, 0x24, 0x21, 0x24, 0x21, 0x24, 0x21, 0x24, 0x21, 0x24, 0x21, 0x24, 0x21,
    0x24, 0x21, 0x24, 0x21, 0x24, 0x21, 0x24, 0x21, 0x24, 0x21, 0x24, 0x21, 0x24, 0x21, 0x24, 0x21,
    0x24, 0x21, 0x24, 0x21, 0x24, 0x21, 0x24, 0x21, 0x24, 0x21, 0x24, 0x21, 0x24, 0x21, 0x24, 0x21,
    0x24, 0x21, 0x24, 0x21, 0x24, 0x21, 0x24, 0x21, 0x24, 0x21, 0x24, 0x21, 0x24, 0x21, 0x24, 0x21,
    0x24, 0x21, 0x24, 0x21, 0x24, 0x21, 0x24, 0x21, 0x24, 0x21, 0x24, 0x21, 0x24, 0x21, 0x24, 0x21,
    0x24, 0x21, 0x24, 0x21, 0x24, 0x21, 0x24, 0x21, 0x24, 0x21, 0x24, 0x21, 0x24, 0x21, 0x24, 0x21,
    0x24, 0x21, 0x24, 0x21, 0x24, 0x21, 0x24, 0x21, 0x24, 0x21, 0x24, 0x21, 0x24, 0x21, 0x24, 0x21,
    0x24, 0x21, 0x24, 0x21, 0x24, 0x21, 0x24, 0x21, 0x24, 0x21, 0x24, 0x21, 0x24, 0x21, 0x24, 0x21,
    0x24, 0x21, 0x24, 0x21, 0x24, 0x21, 0x24, 0x21, 0x24, 0x21, 0x24, 0x21, 0x24, 0x21, 0x24, 0x21,
    0x24, 0x21, 0x24, 0x21, 0x24, 0x21, 0x24, 0x21, 0x24, 0x21, 0x24, 0x21, 0x24, 0x21, 0x24, 0x21,
    0xE7, 0x39, 0x1C, 0xE7, 0x9E, 0xF7, 0x9E, 0xF7, 0x9E, 0xF7, 0x9E, 0xF7, 0x9E, 0xF7, 0x3C, 0xE7,
    0x71, 0x94, 0x28, 0x52, 0x44, 0x39, 0x44, 0x39, 0x28, 0x52, 0x8D, 0x7B, 0xDA, 0xDE, 0xBE, 0xF7,
    0xBE, 0xF7, 0xBE, 0xF7, 0xBE, 0xF7, 0xBE, 0xF7, 0xBE, 0xF7, 0xBE, 0xF7, 0xBE, 0xF7, 0xBE, 0xF7,
    0xBE, 0xF7, 0xBE, 0xF7, 0xBE, 0xF7, 0x24, 0x21, 0x87, 0xC6, 0x87, 0xC6, 0x87, 0xC6, 0x87, 0xC6,
    0x87, 0xC6, 0x87, 0xC6, 0x87, 0xC6, 0x87, 0xC6, 0x87, 0xC6, 0x87, 0xC6, 0x87, 0xC6, 0x87, 0xC6,
    0x87, 0xC6, 0x87, 0xC6, 0x87, 0xC6, 0x87, 0xC6, 0x87, 0xC6, 0x87, 0xC6, 0x87, 0xC6, 0x87, 0xC6,
    0x87, 0xC6, 0x87, 0xC6, 0x87, 0xC6, 0x87, 0xC6, 0x87, 0xC6, 0x87, 0xC6, 0x87, 0xC6, 0x87, 0xC6,
    0x87, 0xC6, 0x87, 0xC6, 0x87, 0xC6, 0x87, 0xC6, 0x87, 0xC6, 0x87, 0xC6, 0x87, 0xC6, 0x87, 0xC6,
    0x87, 0xC6, 0x87, 0xC6, 0x87, 0xC6, 0x87, 0xC6, 0x87, 0xC6, 0x87, 0xC6, 0x87, 0xC6, 0x87, 0xC6,
    0x87, 0xC6, 0x87, 0xC6, 0x87, 0xC6, 0x24, 0x21, 0x59, 0xCE, 0x59, 0xCE, 0x59, 0xCE, 0x59, 0xCE,
    0x59, 0xCE, 0x59, 0xCE, 0x59, 0xCE, 0x04, 0x21, 0x04, 0x21, 0x04, 0x21, 0x04, 0x21, 0x04, 0x21,
    0x04, 0x21, 0x04, 0x21, 0x04, 0x21, 0x04, 0x21, 0x04, 0x21, 0x04, 0x21, 0x04, 0x21, 0x04, 0x21,
    0x04, 0x21, 0x04, 0x21, 0x04, 0x21, 0x04, 0x21, 0x04, 0x21, 0x59, 0xCE, 0x59, 0xCE, 0x59, 0xCE,
    0x59, 0xCE, 0x59, 0xCE, 0x59, 0xCE, 0x59, 0xCE, 0x59, 0xCE, 0x59, 0xCE, 0x59, 0xCE, 0x59, 0xCE,
    0x59, 0xCE, 0x59, 0xCE, 0x59, 0xCE, 0x59, 0xCE, 0x59, 0xCE, 0x59, 0xCE, 0x59, 0xCE, 0x59, 0xCE,
    0x59, 0xCE, 0x59, 0xCE, 0x59, 0xCE, 0x59, 0xCE, 0x59, 0xCE, 0x59, 0xCE, 0x59, 0xCE, 0x59, 0xCE,
    0x59, 0xCE, 0x59, 0xCE, 0x59, 0xCE, 0x59, 0xCE, 0x59, 0xCE, 0x59, 0xCE, 0x59, 0xCE, 0x59, 0xCE,
    0x59, 0xCE, 0x59, 0xCE, 0x59, 0xCE, 0x59, 0xCE, 0x59, 0xCE, 0x59, 0xCE, 0x59, 0xCE, 0x59, 0xCE,
    0x59, 0xCE, 0x59, 0xCE, 0x59, 0xCE, 0x59, 0xCE, 0x59, 0xCE, 0x59, 0xCE, 0x59, 0xCE, 0x59, 0xCE,
    0x59, 0xCE, 0x59, 0xCE, 0x59, 0xCE, 0x59, 0xCE, 0x59, 0xCE, 0x59, 0xCE, 0x59, 0xCE, 0x59, 0xCE,
    0x59, 0xCE, 0x59, 0xCE, 0x59, 0xCE, 0x59, 0xCE, 0x59, 0xCE, 0x59, 0xCE, 0x59, 0xCE, 0x59, 0xCE,
    0x59, 0xCE, 0x59, 0xCE, 0x59, 0xCE, 0x59, 0xCE, 0x59, 0xCE, 0x59, 0xCE, 0x59, 0xCE, 0x59, 0xCE,
    0x59, 0xCE, 0x59, 0xCE, 0x59, 0xCE, 0x59, 0xCE, 0x59, 0xCE, 0x59, 0xCE, 0x59, 0xCE, 0x59, 0xCE,
    0x59, 0xCE, 0x59, 0xCE, 0xC7, 0x39, 0xFB, 0xDE, 0x1C, 0xE7, 0x3C, 0xE7, 0x5D, 0xEF, 0x7D, 0xEF,
    0x1C, 0xE7, 0x1C, 0xE7, 0x1C, 0xE7, 0x1C, 0xE7, 0x1C, 0xE7, 0x1C, 0xE7, 0x1C, 0xE7, 0x1C, 0xE7,
    0x1C, 0xE7, 0x1C, 0xE7, 0x1C, 0xE7, 0x1C, 0xE7, 0x1C, 0xE7, 0x1C, 0xE7, 0x1C, 0xE7, 0x1C, 0xE7,
    0x1C, 0xE7, 0x1C, 0xE7, 0x1C, 0xE7, 0x1C, 0xE7, 0x1C, 0xE7, 0x1C, 0xE7, 0x1C, 0xE7, 0x1C, 0xE7,
    0x1C, 0xE7, 0x1C, 0xE7, 0x1C, 0xE7, 0x1C, 0xE7, 0x24, 0x21, 0x24, 0x21, 0x24, 0x21, 0x24, 0x21,
    0x24, 0x21, 0x24, 0x21, 0x24, 0x21, 0x24, 0x21, 0x24, 0x21, 0x24, 0x21, 0x24, 0x21, 0x24, 0x21,
    0x24, 0x21, 0x24, 0x21, 0x24, 0x21, 0x24, 0x21, 0x24, 0x21, 0x24, 0x21, 0x24, 0x21, 0x24, 0x21,
    0x24, 0x21, 0x24, 0x21, 0x24, 0x21, 0x24, 0x21, 0x24, 0x21, 0x24, 0x21, 0x24, 0x21, 0x24, 0x21,
    0x24, 0x21, 0x24, 0x21, 0x24, 0x21, 0x24, 0x21, 0x24, 0x21, 0x24, 0x21, 0x24, 0x21, 0x24, 0x21,
    0x24, 0x21, 0x24, 0x21, 0x24, 0x21, 0x24, 0x21, 0x24, 0x21, 0x24, 0x21, 0x24, 0x21, 0x24, 0x21,
    0x24, 0x21, 0x24, 0x21, 0x24, 0x21, 0x24, 0x21, 0x24, 0x21, 0x24, 0x21, 0x24, 0x21, 0x24, 0x21,
    0x24, 0x21, 0x24, 0x21, 0x24, 0x21, 0x24, 0x21, 0x24, 0x21, 0x24, 0x21, 0x24, 0x21, 0x24, 0x21,
    0x24, 0x21, 0x24, 0x21, 0x24, 0x21, 0x24, 0x21, 0x24, 0x21, 0x24, 0x21, 0x24, 0x21, 0x24, 0x21,
    0x24, 0x21, 0x24, 0x21, 0x24, 0x21, 0x24, 0x21, 0x24, 0x21, 0x24, 0x21, 0x24, 0x21, 0x24, 0x21,
    0x24, 0x21, 0x24, 0x21, 0x24, 0x21, 0x24, 0x21, 0x24, 0x21, 0x24, 0x21, 0x24, 0x21, 0x24, 0x21,
    0x24, 0x21, 0x24, 0x21, 0x24, 0x21, 0x24, 0x21, 0x24, 0x21, 0x24, 0x21, 0x24, 0x21, 0x24, 0x21,
    0x24, 0x21, 0x24, 0x21, 0x24, 0x21, 0x24, 0x21, 0x24, 0x21, 0x24, 0x21, 0x24, 0x21, 0x24, 0x21,
    0xBA, 0xD6, 0x9E, 0xF7, 0x9E, 0xF7, 0x9E, 0xF7, 0x9E, 0xF7, 0x9E, 0xF7, 0x71, 0x94, 0xC2, 0x28,
    0x60, 0x20, 0x60, 0x20, 0x60, 0x20, 0x60, 0x20, 0x60, 0x20, 0x60, 0x20, 0x60, 0x20, 0x0B, 0x73,
    0x3C, 0xEF, 0xBE, 0xF7, 0xBE, 0xF7, 0xBE, 0xF7, 0xBE, 0xF7, 0xBE, 0xF7, 0xBE, 0xF7, 0xBE, 0xF7,
    0xBE, 0xF7, 0xBE, 0xF7, 0xBE, 0xF7, 0x24, 0x21, 0x87, 0xC6, 0x87, 0xC6, 0x87, 0xC6, 0x87, 0xC6,
    0x87, 0xC6, 0x87, 0xC6, 0x87, 0xC6, 0x87, 0xC6, 0x87, 0xC6, 0x87, 0xC6, 0x87, 0xC6, 0x87, 0xC6,
    0x87, 0xC6, 0x87, 0xC6, 0x87, 0xC6, 0x87, 0xC6, 0x87, 0xC6, 0x87, 0xC6, 0x87, 0xC6, 0x87, 0xC6,
    0x87, 0xC6, 0x87, 0xC6, 0x87, 0xC6, 0x87, 0xC6, 0x87, 0xC6, 0x87, 0xC6, 0x87, 0xC6, 0x87, 0xC6,
    0x87, 0xC6, 0x87, 0xC6, 0x87, 0xC6, 0x87, 0xC6, 0x87, 0xC6, 0x87, 0xC6, 0x87, 0xC6, 0x87, 0xC6,
    0x87, 0xC6, 0x87, 0xC6, 0x87, 0xC6, 0x87, 0xC6, 0x87, 0xC6, 0x87, 0xC6, 0x87, 0xC6, 0x87, 0xC6,
    0x87, 0xC6, 0x87, 0xC6, 0x87, 0xC6, 0x24, 0x21, 0x59, 0xCE, 0x59, 0xCE, 0x59, 0xCE, 0x59, 0xCE,
    0x59, 0xCE, 0x59, 0xCE, 0x59, 0xCE, 0x04, 0x21, 0x04, 0x21, 0x04, 0x21, 0x04, 0x21, 0x04, 0x21,
    0x04, 0x21, 0x04, 0x21, 0x04, 0x21, 0x04, 0x21, 0x04, 0x21, 0x04, 0x21, 0x04, 0x21, 0x04, 0x21,
    0x04, 0x21, 0x04, 0x21, 0x04, 0x21, 0x04, 0x21, 0x04, 0x21, 0x59, 0xCE, 0x59, 0xCE, 0x59, 0xCE,
    0x59, 0xCE, 0x59, 0xCE, 0x59, 0xCE, 0x59, 0xCE, 0x59, 0xCE, 0x59, 0xCE, 0x59, 0xCE, 0x59, 0xCE,
    0x59, 0xCE, 0x59, 0xCE, 0x59, 0xCE, 0x59, 0xCE, 0x59, 0xCE, 0x59, 0xCE, 0x59, 0xCE, 0x59, 0xCE,
    0x59, 0xCE, 0x59, 0xCE, 0x59, 0xCE, 0x59, 0xCE, 0x59, 0xCE, 0x59, 0xCE, 0x59, 0xCE, 0x59, 0xCE,
    0x59, 0xCE, 0x59, 0xCE, 0x59, 0xCE, 0x59, 0xCE, 0x59, 0xCE, 0x59, 0xCE, 0x59, 0xCE, 0x59, 0xCE,
    0x59, 0xCE, 0x59, 0xCE, 0x59, 0xCE, 0x59, 0xCE, 0x59, 0xCE, 0x59, 0xCE, 0x59, 0xCE, 0x59, 0xCE,
    0x59, 0xCE, 0x59, 0xCE, 0x59, 0xCE, 0x59, 0xCE, 0x59, 0xCE, 0x59, 0xCE, 0x59, 0xCE, 0x59, 0xCE,
    0x59, 0xCE, 0x59, 0xCE, 0x59, 0xCE, 0x59, 0xCE, 0x59, 0xCE, 0x59, 0xCE, 0x59, 0xCE, 0x59, 0xCE,
    0x59, 0xCE, 0x59, 0xCE, 0x59, 0xCE, 0x59, 0xCE, 0x59, 0xCE, 0x59, 0xCE, 0x59, 0xCE, 0x59, 0xCE,
    0x59, 0xCE, 0x59, 0xCE, 0x59, 0xCE, 0x59, 0xCE, 0x59, 0xCE, 0x59, 0xCE, 0x59, 0xCE, 0x59, 0xCE,
    0x59, 0xCE, 0x59, 0xCE, 0x59, 0xCE, 0x59, 0xCE, 0x59, 0xCE, 0x59, 0xCE, 0x59, 0xCE, 0x59, 0xCE,
    0x59, 0xCE, 0x59, 0xCE, 0xC7, 0x39, 0xFB, 0xDE, 0x1C, 0xE7, 0x3C, 0xE7, 0x5D, 0xEF, 0x7D, 0xEF,
    0x1C, 0xE7, 0x1C, 0xE7, 0x1C, 0xE7, 0x1C, 0xE7, 0x1C, 0xE7, 0x1C, 0xE7, 0x1C, 0xE7, 0x1C, 0xE7,
    0x54, 0x9F, 0x8D, 0x5F, 0x8D, 0x5F, 0x6E, 0x6F, 0x70, 0x7F, 0x19, 0xC7, 0x1C, 0xE7, 0x1C, 0xE7,
    0x54, 0x9F, 0x8D, 0x5F, 0x8D, 0x5F, 0x6E, 0x6F, 0x51, 0x87, 0x19, 0xC7, 0x1C, 0xE7, 0x1C, 0xE7,
    0x1C, 0xE7, 0x1C, 0xE7, 0x1C, 0xE7, 0x1C, 0xE7, 0x24, 0x21, 0x24, 0x21, 0x24, 0x21, 0x24, 0x21,
    0x24, 0x21, 0x24, 0x21, 0x24, 0x21, 0x24, 0x21, 0x24, 0x21, 0x24, 0x21, 0x24, 0x21, 0x24, 0x21,
    0x24, 0x21, 0x24, 0x21, 0x24, 0x21, 0x24, 0x21, 0x24, 0x21, 0x24, 0x21, 0x24, 0x21, 0x24, 0x21,
    0x24, 0x21, 0x24, 0x21, 0x24, 0x21, 0x24, 0x21, 0x24, 0x21, 0x24, 0x21, 0x24, 0x21, 0x24, 0x21,
    0x24, 0x21, 0x24, 0x21, 0x24, 0x21, 0x24, 0x21, 0x24, 0x21, 0x24, 0x21, 0x24, 0x21, 0x24, 0x21,
    0x24, 0x21, 0x24, 0x21, 0x24, 0x21, 0x24, 0x21, 0x24, 0x21, 0x24, 0x21, 0x24, 0x21, 0x24, 0x21,
    0x24, 0x21, 0x24, 0x21, 0x24, 0x21, 0x24, 0x21, 0x24, 0x21, 0x24, 0x21, 0x24, 0x21, 0x24, 0x21,
    0x24, 0x21, 0x24, 0x21, 0x24, 0x21, 0x24, 0x21, 0x24, 0x21, 0x24, 0x21, 0x24, 0x21, 0x24, 0x21,
    0x24, 0x21, 0x24, 0x21, 0x24, 0x21, 0x24, 0x21, 0x24, 0x21, 0x24, 0x21, 0x24, 0x21, 0x24, 0x21,
    0x24, 0x21, 0x24, 0x21, 0x24, 0x21, 0x24, 0x21, 0x24, 0x21, 0x24, 0x21, 0x24, 0x21, 0x24, 0x21,
    0x24, 0x21, 0x24, 0x21, 0x24, 0x21, 0x24, 0x21, 0x24, 0x21, 0x24, 0x21, 0x24, 0x21, 0x24, 0x21,
    0x24, 0x21, 0x24, 0x21, 0x24, 0x21, 0x24, 0x21, 0x24, 0x21, 0x24, 0x21, 0x24, 0x21, 0x24, 0x21,
    0x24, 0x21, 0x24, 0x21, 0x24, 0x21, 0x24, 0x21, 0x24, 0x21, 0x24, 0x21, 0x24, 0x21, 0x8E, 0x73,
    0x7D, 0xEF, 0x9E, 0xF7, 0x9E, 0xF7, 0x9E, 0xF7, 0x9E, 0xF7, 0xEF, 0x8B, 0x60, 0x20, 0x60, 0x20,
    0x60, 0x20, 0x60, 0x20, 0x60, 0x20, 0x60, 0x20, 0x60, 0x20, 0x60, 0x20, 0x60, 0x20, 0x60, 0x20,
    0x44, 0x39, 0x3C, 0xE7, 0xBE, 0xF7, 0xBE, 0xF7, 0xBE, 0xF7, 0xBE, 0xF7, 0xBE, 0xF7, 0xBE, 0xF7,
    0xBE, 0xF7, 0xBE, 0xF7, 0xBE, 0xF7, 0x24, 0x21, 0x87, 0xC6, 0x87, 0xC6, 0x87, 0xC6, 0x87, 0xC6,
    0x87, 0xC6, 0x87, 0xC6, 0x87, 0xC6, 0x87, 0xC6, 0x87, 0xC6, 0x87, 0xC6, 0x87, 0xC6, 0x87, 0xC6,
    0x87, 0xC6, 0x87, 0xC6, 0x87, 0xC6, 0x87, 0xC6, 0x87, 0xC6, 0x87, 0xC6, 0x87, 0xC6, 0x87, 0xC6,
    0x87, 0xC6, 0x87, 0xC6, 0x87, 0xC6, 0x87, 0xC6, 0x87, 0xC6, 0x87, 0xC6, 0x87, 0xC6, 0x87, 0xC6,
    0x87, 0xC6, 0x87, 0xC6, 0x87, 0xC6, 0x87, 0xC6, 0x87, 0xC6, 0x87, 0xC6, 0x87, 0xC6, 0x87, 0xC6,
    0x87, 0xC6, 0x87, 0xC6, 0x87, 0xC6, 0x87, 0xC6, 0x87, 0xC6, 0x87, 0xC6, 0x87, 0xC6, 0x87, 0xC6,
    0x87, 0xC6, 0x87, 0xC6, 0x87, 0xC6, 0x24, 0x21, 0x59, 0xCE, 0x59, 0xCE, 0x59, 0xCE, 0x59, 0xCE,
    0x59, 0xCE, 0x59, 0xCE, 0x59, 0xCE, 0x45, 0x29, 0x04, 0x21, 0x04, 0x21, 0x04, 0x21, 0x04, 0x21,
    0x04, 0x21, 0x04, 0x21, 0x04, 0x21, 0x04, 0x21, 0x04, 0x21, 0x04, 0x21, 0x04, 0x21, 0x04, 0x21,
    0x04, 0x21, 0x04, 0x21, 0x04, 0x21, 0x04, 0x21, 0xA6, 0x31, 0x59, 0xCE, 0x59, 0xCE, 0x59, 0xCE,
    0x59, 0xCE, 0x59, 0xCE, 0x59, 0xCE, 0x59, 0xCE, 0x59, 0xCE, 0x59, 0xCE, 0x59, 0xCE, 0x59, 0xCE,
    0x59, 0xCE, 0x59, 0xCE, 0x59, 0xCE, 0x59, 0xCE, 0x59, 0xCE, 0x59, 0xCE, 0x59, 0xCE, 0x59, 0xCE,
    0x59, 0xCE, 0x59, 0xCE, 0x59, 0xCE, 0x59, 0xCE, 0x59, 0xCE, 0x59, 0xCE, 0x59, 0xCE, 0x59, 0xCE,
    0x59, 0xCE, 0x59, 0xCE, 0x59, 0xCE, 0x59, 0xCE, 0x59, 0xCE, 0x59, 0xCE, 0x59, 0xCE, 0x59, 0xCE,
    0x59, 0xCE, 0x59, 0xCE, 0x59, 0xCE, 0x59, 0xCE, 0x59, 0xCE, 0x59, 0xCE, 0x59, 0xCE, 0x59, 0xCE,
    0x59, 0xCE, 0x59, 0xCE, 0x59, 0xCE, 0x59, 0xCE, 0x59, 0xCE, 0x59, 0xCE, 0x59, 0xCE, 0x59, 0xCE,
    0x59, 0xCE, 0x59, 0xCE, 0x59, 0xCE, 0x59, 0xCE, 0x59, 0xCE, 0x59, 0xCE, 0x59, 0xCE, 0x59, 0xCE,
    0x59, 0xCE, 0x59, 0xCE, 0x59, 0xCE, 0x59, 0xCE, 0x59, 0xCE, 0x59, 0xCE, 0x59, 0xCE, 0x59, 0xCE,
    0x59, 0xCE, 0x59, 0xCE, 0x59, 0xCE, 0x59, 0xCE, 0x59, 0xCE, 0x59, 0xCE, 0x59, 0xCE, 0x59, 0xCE,
    0x59, 0xCE, 0x59, 0xCE, 0x59, 0xCE, 0x59, 0xCE, 0x59, 0xCE, 0x59, 0xCE, 0x59, 0xCE, 0x59, 0xCE,
    0x59, 0xCE, 0x59, 0xCE, 0xC7, 0x39, 0x1C, 0xDF, 0x1C, 0xE7, 0x3C, 0xE7, 0x5D, 0xEF, 0x7D, 0xEF,
    0x1C, 0xE7, 0x1C, 0xE7, 0x1C, 0xE7, 0x1C, 0xE7, 0x1C, 0xE7, 0x1C, 0xE7, 0x1C, 0xE7, 0x1C, 0xE7,
    0x70, 0x7F, 0xC4, 0x17, 0xA7, 0x2F, 0xC5, 0x1F, 0xC4, 0x17, 0xC4, 0x17, 0x54, 0x9F, 0x1C, 0xE7,
    0x70, 0x7F, 0xC4, 0x17, 0xC5, 0x1F, 0xC5, 0x1F, 0xC4, 0x17, 0xC4, 0x17, 0x70, 0x7F, 0x1C, 0xE7,
    0x1C, 0xE7, 0x1C, 0xE7, 0x1C, 0xE7, 0x1C, 0xE7, 0x24, 0x21, 0x24, 0x21, 0x24, 0x21, 0x24, 0x21,
    0x24, 0x21, 0x24, 0x21, 0x24, 0x21, 0x24, 0x21, 0x24, 0x21, 0x24, 0x21, 0x24, 0x21, 0x24, 0x21,
    0x24, 0x21, 0x24, 0x21, 0x24, 0x21, 0x24, 0x21, 0x24, 0x21, 0x24, 0x21, 0x24, 0x21, 0x24, 0x21,
    0x24, 0x21, 0x24, 0x21, 0x24, 0x21, 0x24, 0x21, 0x24, 0x21, 0x24, 0x21, 0x24, 0x21, 0x24, 0x21,
    0x24, 0x21, 0x24, 0x21, 0x24, 0x21, 0x24, 0x21, 0x24, 0x21, 0x24, 0x21, 0x24, 0x21, 0x24, 0x21,
    0x24, 0x21, 0x24, 0x21, 0x24, 0x21, 0x24, 0x21, 0x24, 0x21, 0x24, 0x21, 0x24, 0x21, 0x24, 0x21,
    0x24, 0x21, 0x24, 0x21, 0x24, 0x21, 0x24, 0x21, 0x24, 0x21, 0x24, 0x21, 0x24, 0x21, 0x24, 0x21,
    0x24, 0x21, 0x24, 0x21, 0x24, 0x21, 0x24, 0x21, 0x24, 0x21, 0x24, 0x21, 0x24, 0x21, 0x24, 0x21,
    0x24, 0x21, 0x24, 0x21, 0x24, 0x21, 0x24, 0x21, 0x24, 0x21, 0x24, 0x21, 0x24, 0x21, 0x24, 0x21,
    0x24, 0x21, 0x24, 0x21, 0x24, 0x21, 0x24, 0x21, 0x24, 0x21, 0x24, 0x21, 0x24, 0x21, 0x24, 0x21,
    0x24, 0x21, 0x24, 0x21, 0x24, 0x21, 0x24, 0x21, 0x24, 0x21, 0x24, 0x21, 0x24, 0x21, 0x24, 0x21,
    0x24, 0x21, 0x24, 0x21, 0x24, 0x21, 0x24, 0x21, 0x24, 0x21, 0x24, 0x21, 0x24, 0x21, 0x24, 0x21,
    0x24, 0x21, 0x24, 0x21, 0x24, 0x21, 0x24, 0x21, 0x24, 0x21, 0x24, 0x21, 0x24, 0x21, 0xBA, 0xD6,
    0x7D, 0xEF, 0x9E, 0xF7, 0x9E, 0xF7, 0x9E, 0xF7, 0x71, 0x94, 0x60, 0x20, 0x60, 0x20, 0x60, 0x20,
    0xC2, 0x28, 0x60, 0x20, 0x28, 0x52, 0xF3, 0xA4, 0x0B, 0x73, 0x44, 0x39, 0x60, 0x20, 0x60, 0x20,
    0x60, 0x20, 0x28, 0x52, 0xBE, 0xF7, 0xBE, 0xF7, 0xBE, 0xF7, 0xBE, 0xF7, 0xBE, 0xF7, 0xBE, 0xF7,
    0xBE, 0xF7, 0xBE, 0xF7, 0xBE, 0xF7, 0x24, 0x21, 0x87, 0xC6, 0x87, 0xC6, 0x87, 0xC6, 0x87, 0xC6,
    0x87, 0xC6, 0x87, 0xC6, 0x87, 0xC6, 0x87, 0xC6, 0x87, 0xC6, 0x87, 0xC6, 0x87, 0xC6, 0x87, 0xC6,
    0x87, 0xC6, 0x87, 0xC6, 0x87, 0xC6, 0x87, 0xC6, 0x87, 0xC6, 0x87, 0xC6, 0x87, 0xC6, 0x87, 0xC6,
    0x87, 0xC6, 0x87, 0xC6, 0x87, 0xC6, 0x87, 0xC6, 0x87, 0xC6, 0x87, 0xC6, 0x87, 0xC6, 0x87, 0xC6,
    0x87, 0xC6, 0x87, 0xC6, 0x08, 0xBE, 0x08, 0xBE, 0x87, 0xC6, 0x87, 0xC6, 0x87, 0xC6, 0x87, 0xC6,
    0x87, 0xC6, 0x87, 0xC6, 0x88, 0xAD, 0x88, 0xAD, 0x87, 0xC6, 0x87, 0xC6, 0x87, 0xC6, 0x87, 0xC6,
    0x87, 0xC6, 0x87, 0xC6, 0x87, 0xC6, 0x24, 0x21, 0x59, 0xCE, 0x59, 0xCE, 0x59, 0xCE, 0x59, 0xCE,
    0x59, 0xCE, 0x59, 0xCE, 0x59, 0xCE, 0xEF, 0x7B, 0x04, 0x21, 0x04, 0x21, 0x04, 0x21, 0x04, 0x21,
    0x04, 0x21, 0x04, 0x21, 0x04, 0x21, 0x04, 0x21, 0x04, 0x21, 0x04, 0x21, 0x04, 0x21, 0x04, 0x21,
    0x04, 0x21, 0x04, 0x21, 0x04, 0x21, 0x45, 0x29, 0x51, 0x8C, 0x59, 0xCE, 0x59, 0xCE, 0x59, 0xCE,
    0x59, 0xCE, 0x59, 0xCE, 0x59, 0xCE, 0x59, 0xCE, 0x59, 0xCE, 0x59, 0xCE, 0x59, 0xCE, 0x59, 0xCE,
    0x59, 0xCE, 0x59, 0xCE, 0x59, 0xCE, 0x59, 0xCE, 0x59, 0xCE, 0x59, 0xCE, 0x59, 0xCE, 0x59, 0xCE,
    0x59, 0xCE, 0x59, 0xCE, 0x59, 0xCE, 0x59, 0xCE, 0x59, 0xCE, 0x59, 0xCE, 0x59, 0xCE, 0x59, 0xCE,
    0x59, 0xCE, 0x59, 0xCE, 0x59, 0xCE, 0x59, 0xCE, 0x59, 0xCE, 0x59, 0xCE, 0x59, 0xCE, 0x59, 0xCE,
    0x59, 0xCE, 0x59, 0xCE, 0x59, 0xCE, 0x59, 0xCE, 0x59, 0xCE, 0x59, 0xCE, 0x59, 0xCE, 0x59, 0xCE,
    0x59, 0xCE, 0x59, 0xCE, 0x59, 0xCE, 0x59, 0xCE, 0x59, 0xCE, 0x59, 0xCE, 0x59, 0xCE, 0x59, 0xCE,
    0x59, 0xCE, 0x59, 0xCE, 0x59, 0xCE, 0x59, 0xCE, 0x59, 0xCE, 0x59, 0xCE, 0x59, 0xCE, 0x59, 0xCE,
    0x59, 0xCE, 0x59, 0xCE, 0x59, 0xCE, 0x59, 0xCE, 0x59, 0xCE, 0x59, 0xCE, 0x59, 0xCE, 0x59, 0xCE,
    0x59, 0xCE, 0x59, 0xCE, 0x59, 0xCE, 0x59, 0xCE, 0x59, 0xCE, 0x59, 0xCE, 0x59, 0xCE, 0x59, 0xCE,
    0x59, 0xCE, 0x59, 0xCE, 0x59, 0xCE, 0x59, 0xCE, 0x59, 0xCE, 0x59, 0xCE, 0x59, 0xCE, 0x59, 0xCE,
    0x59, 0xCE, 0x59, 0xCE, 0xC7, 0x39, 0x1C, 0xDF, 0x1C, 0xE7, 0x3C, 0xE7, 0x5D, 0xEF, 0x7D, 0xEF,
    0x1C, 0xE7, 0x1C, 0xE7, 0x1C, 0xE7, 0x1C, 0xE7, 0x1C, 0xE7, 0x1C, 0xE7, 0x1C, 0xE7, 0x1C, 0xE7,
    0x70, 0x7F, 0xC4, 0x17, 0x36, 0xAF, 0x1C, 0xE7, 0x54, 0xA7, 0xC4, 0x17, 0x8D, 0x5F, 0x1C, 0xE7,
    0x70, 0x7F, 0xC4, 0x17, 0x53, 0x97, 0x1C, 0xE7, 0x19, 0xC7, 0xA7, 0x2F, 0xC4, 0x17, 0x36, 0xAF,
    0x1C, 0xE7, 0x1C, 0xE7, 0x1C, 0xE7, 0x1C, 0xE7, 0x24, 0x21, 0x24, 0x21, 0x24, 0x21, 0x24, 0x21,
    0x24, 0x21, 0x24, 0x21, 0x24, 0x21, 0x24, 0x21, 0x24, 0x21, 0x24, 0x21, 0x24, 0x21, 0x24, 0x21,
    0x24, 0x21, 0x24, 0x21, 0x24, 0x21, 0x24, 0x21, 0x24, 0x21, 0x24, 0x21, 0x24, 0x21, 0x24, 0x21,
    0x24, 0x21, 0x24, 0x21, 0x24, 0x21, 0x24, 0x21, 0x24, 0x21, 0x24, 0x21, 0x24, 0x21, 0x24, 0x21,
    0x24, 0x21, 0x24, 0x21, 0x24, 0x21, 0x24, 0x21, 0x24, 0x21, 0x24, 0x21, 0x24, 0x21, 0x24, 0x21,
    0x24, 0x21, 0x24, 0x21, 0x24, 0x21, 0x24, 0x21, 0x24, 0x21, 0x24, 0x21, 0x24, 0x21, 0x24, 0x21,
    0x24, 0x21, 0x24, 0x21, 0x24, 0x21, 0x24, 0x21, 0x24, 0x21, 0x24, 0x21, 0x24, 0x21, 0x24, 0x21,
    0x24, 0x21, 0x24, 0x21, 0x24, 0x21, 0x24, 0x21, 0x24, 0x21, 0x24, 0x21, 0x24, 0x21, 0x24, 0x21,
    0x24, 0x21, 0x24, 0x21, 0x24, 0x21, 0x24, 0x21, 0x24, 0x21, 0x24, 0x21, 0x24, 0x21, 0x24, 0x21,
    0x24, 0x21, 0x24, 0x21, 0x24, 0x21, 0x24, 0x21, 0x24, 0x21, 0x24, 0x21, 0x24, 0x21, 0x24, 0x21,
    0x24, 0x21, 0x24, 0x21, 0x24, 0x21, 0x24, 0x21, 0x24, 0x21, 0x24, 0x21, 0x24, 0x21, 0x24, 0x21,
    0x24, 0x21, 0x24, 0x21, 0x24, 0x21, 0x24, 0x21, 0x24, 0x21, 0x24, 0x21, 0x24, 0x21, 0x24, 0x21,
    0x24, 0x21, 0x24, 0x21, 0x24, 0x21, 0x24, 0x21, 0x24, 0x21, 0x24, 0x21, 0x69, 0x4A, 0x7D, 0xEF,
    0x7D, 0xEF, 0x7D, 0xEF, 0x9E, 0xF7, 0x9A, 0xD6, 0x44, 0x39, 0x60, 0x20, 0x60, 0x20, 0x60, 0x20,
    0x0B, 0x73, 0xDA, 0xDE, 0xDA, 0xDE, 0x75, 0xB5, 0xDA, 0xDE, 0x44, 0x39, 0x60, 0x20, 0x60, 0x20,
    0x60, 0x20, 0x60, 0x20, 0xF3, 0xA4, 0xBE, 0xF7, 0xBE, 0xF7, 0xBE, 0xF7, 0xBE, 0xF7, 0xBE, 0xF7,
    0xBE, 0xF7, 0xBE, 0xF7, 0xBE, 0xF7, 0x24, 0x21, 0x87, 0xC6, 0x87, 0xC6, 0x87, 0xC6, 0x87, 0xC6,
    0x87, 0xC6, 0x87, 0xC6, 0x87, 0xC6, 0x87, 0xC6, 0x87, 0xC6, 0x87, 0xC6, 0x87, 0xC6, 0x87, 0xC6,
    0x87, 0xC6, 0x87, 0xC6, 0x87, 0xC6, 0x87, 0xC6, 0x87, 0xC6, 0x87, 0xC6, 0x87, 0xC6, 0x87, 0xC6,
    0x87, 0xC6, 0x87, 0xC6, 0x87, 0xC6, 0x87, 0xC6, 0x87, 0xC6, 0x87, 0xC6, 0x87, 0xC6, 0x87, 0xC6,
    0x87, 0xC6, 0xA6, 0x52, 0xE3, 0x18, 0xE3, 0x18, 0x27, 0x63, 0x87, 0xC6, 0x87, 0xC6, 0x87, 0xC6,
    0x68, 0x6B, 0x24, 0x21, 0xE3, 0x18, 0xE3, 0x18, 0xE3, 0x18, 0xA6, 0x52, 0x87, 0xC6, 0x87, 0xC6,
    0x87, 0xC6, 0x87, 0xC6, 0x87, 0xC6, 0x24, 0x21, 0x59, 0xCE, 0x59, 0xCE, 0x59, 0xCE, 0x59, 0xCE,
    0x59, 0xCE, 0x59, 0xCE, 0x59, 0xCE, 0x59, 0xCE, 0x59, 0xCE, 0x59, 0xCE, 0x59, 0xCE, 0x59, 0xCE,
    0x59, 0xCE, 0x59, 0xCE, 0x59, 0xCE, 0x59, 0xCE, 0x59, 0xCE, 0x59, 0xCE, 0x59, 0xCE, 0x59, 0xCE,
    0x59, 0xCE, 0x59, 0xCE, 0x59, 0xCE, 0x59, 0xCE, 0x59, 0xCE, 0x59, 0xCE, 0x59, 0xCE, 0x59, 0xCE,
    0x59, 0xCE, 0x59, 0xCE, 0x59, 0xCE, 0x59, 0xCE, 0x59, 0xCE, 0x59, 0xCE, 0x59, 0xCE, 0x59, 0xCE,
    0x59, 0xCE, 0x59, 0xCE, 0x59, 0xCE, 0x59, 0xCE, 0x59, 0xCE, 0x59, 0xCE, 0x59, 0xCE, 0x59, 0xCE,
    0x59, 0xCE, 0x59, 0xCE, 0x59, 0xCE, 0x59, 0xCE, 0x59, 0xCE, 0x59, 0xCE, 0x59, 0xCE, 0x59, 0xCE,
    0x59, 0xCE, 0x59, 0xCE, 0x59, 0xCE, 0x59, 0xCE, 0x59, 0xCE, 0x59, 0xCE, 0x59, 0xCE, 0x59, 0xCE,
    0x59, 0xCE, 0x59, 0xCE, 0x59, 0xCE, 0x59, 0xCE, 0x59, 0xCE, 0x59, 0xCE, 0x59, 0xCE, 0x59, 0xCE,
    0x59, 0xCE, 0x59, 0xCE, 0x59, 0xCE, 0x59, 0xCE, 0x59, 0xCE, 0x59, 0xCE, 0x59, 0xCE, 0x59, 0xCE,
    0x59, 0xCE, 0x59, 0xCE, 0x59, 0xCE, 0x59, 0xCE, 0x59, 0xCE, 0x59, 0xCE, 0x59, 0xCE, 0x59, 0xCE,
    0x59, 0xCE, 0x59, 0xCE, 0x59, 0xCE, 0x59, 0xCE, 0x59, 0xCE, 0x59, 0xCE, 0x59, 0xCE, 0x59, 0xCE,
    0x59, 0xCE, 0x59, 0xCE, 0x59, 0xCE, 0x59, 0xCE, 0x59, 0xCE, 0x59, 0xCE, 0x59, 0xCE, 0x59, 0xCE,
    0x59, 0xCE, 0x59, 0xCE, 0x59, 0xCE, 0x59, 0xCE, 0x59, 0xCE, 0x59, 0xCE, 0x59, 0xCE, 0x59, 0xCE,
    0x59, 0xCE, 0x59, 0xCE, 0xC7, 0x39, 0xFB, 0xDE, 0x1C, 0xE7, 0x3C, 0xE7, 0x5D, 0xEF, 0x7D, 0xEF,
    0x1C, 0xE7, 0x1C, 0xE7, 0x1C, 0xE7, 0x1C, 0xE7, 0x1C, 0xE7, 0x1C, 0xE7, 0x1C, 0xE7, 0x1C, 0xE7,
    0x70, 0x7F, 0xC4, 0x17, 0x53, 0x97, 0x39, 0xC7, 0x6E, 0x6F, 0xC4, 0x17, 0x53, 0x97, 0x1C, 0xE7,
    0x70, 0x7F, 0xC4, 0x17, 0x53, 0x97, 0x1C, 0xE7, 0x1C, 0xE7, 0x51, 0x87, 0xC4, 0x17, 0x6E, 0x6F,
    0x1C, 0xE7, 0x1C, 0xE7, 0x1C, 0xE7, 0x1C, 0xE7, 0x24, 0x21, 0x24, 0x21, 0x24, 0x21, 0x24, 0x21,
    0x24, 0x21, 0x24, 0x21, 0x24, 0x21, 0x24, 0x21, 0x24, 0x21, 0x24, 0x21, 0x24, 0x21, 0x24, 0x21,
    0x24, 0x21, 0x24, 0x21, 0x24, 0x21, 0x24, 0x21, 0x24, 0x21, 0x24, 0x21, 0x24, 0x21, 0x24, 0x21,
    0x24, 0x21, 0x24, 0x21, 0x24, 0x21, 0x24, 0x21, 0x24, 0x21, 0x24, 0x21, 0x24, 0x21, 0x24, 0x21,
    0x24, 0x21, 0x24, 0x21, 0x24, 0x21, 0x24, 0x21, 0x24, 0x21, 0x24, 0x21, 0x24, 0x21, 0x24, 0x21,
    0x24, 0x21, 0x24, 0x21, 0x24, 0x21, 0x24, 0x21, 0x24, 0x21, 0x24, 0x21, 0x24, 0x21, 0x24, 0x21,
    0x24, 0x21, 0x24, 0x21, 0x24, 0x21, 0x24, 0x21, 0x24, 0x21, 0x24, 0x21, 0x24, 0x21, 0x24, 0x21,
    0x24, 0x21, 0x24, 0x21, 0x24, 0x21, 0x24, 0x21, 0x24, 0x21, 0x24, 0x21, 0x24, 0x21, 0x24, 0x21,
    0x24, 0x21, 0x24, 0x21, 0x24, 0x21, 0x24, 0x21, 0x24, 0x21, 0x24, 0x21, 0x24, 0x21, 0x24, 0x21,
    0x24, 0x21, 0x24, 0x21, 0x24, 0x21, 0x24, 0x21, 0x24, 0x21, 0x24, 0x21, 0x24, 0x21, 0x24, 0x21,
    0x24, 0x21, 0x24, 0x21, 0x24, 0x21, 0x24, 0x21, 0x24, 0x21, 0x24, 0x21, 0x24, 0x21, 0x24, 0x21,
    0x24, 0x21, 0x24, 0x21, 0x24, 0x21, 0x24, 0x21, 0x24, 0x21, 0x24, 0x21, 0x24, 0x21, 0x24, 0x21,
    0x24, 0x21, 0x24, 0x21, 0x24, 0x21, 0x24, 0x21, 0x24, 0x21, 0x24, 0x21, 0xEF, 0x7B, 0x7D, 0xEF,
    0x7D, 0xEF, 0x7D, 0xEF, 0x7D, 0xEF, 0xD2, 0xA4, 0x60, 0x20, 0x60, 0x20, 0x60, 0x20, 0x60, 0x20,
    0x60, 0x20, 0x0F, 0x8C, 0xBE, 0xF7, 0xD7, 0xBD, 0xBE, 0xF7, 0x58, 0xCE, 0x44, 0x39, 0x60, 0x20,
    0x60, 0x20, 0x60, 0x20, 0x28, 0x52, 0xBE, 0xF7, 0xBE, 0xF7, 0xBE, 0xF7, 0xBE, 0xF7, 0xBE, 0xF7,
    0xBE, 0xF7, 0xBE, 0xF7, 0xBE, 0xF7, 0x24, 0x21, 0x87, 0xC6, 0x87, 0xC6, 0x87, 0xC6, 0x87, 0xC6,
    0x87, 0xC6, 0x87, 0xC6, 0x87, 0xC6, 0x87, 0xC6, 0x87, 0xC6, 0x87, 0xC6, 0x87, 0xC6, 0x87, 0xC6,
    0x87, 0xC6, 0x87, 0xC6, 0x87, 0xC6, 0x87, 0xC6, 0x87, 0xC6, 0x87, 0xC6, 0x87, 0xC6, 0x87, 0xC6,
    0x87, 0xC6, 0x87, 0xC6, 0x87, 0xC6, 0x87, 0xC6, 0x87, 0xC6, 0x87, 0xC6, 0x87, 0xC6, 0x87, 0xC6,
    0x89, 0x8C, 0xE3, 0x18, 0x88, 0xAD, 0x89, 0x8C, 0xE3, 0x18, 0x88, 0xAD, 0x87, 0xC6, 0x27, 0x63,
    0xE3, 0x18, 0xE3, 0x18, 0x05, 0x42, 0x46, 0x4A, 0x84, 0x29, 0x05, 0x42, 0x87, 0xC6, 0x87, 0xC6,
    0x87, 0xC6, 0x87, 0xC6, 0x87, 0xC6, 0x24, 0x21, 0x59, 0xCE, 0x59, 0xCE, 0x59, 0xCE, 0x59, 0xCE,
    0x59, 0xCE, 0x59, 0xCE, 0x59, 0xCE, 0x59, 0xCE, 0x59, 0xCE, 0x59, 0xCE, 0x59, 0xCE, 0x59, 0xCE,
    0x59, 0xCE, 0x59, 0xCE, 0x59, 0xCE, 0x59, 0xCE, 0x59, 0xCE, 0x59, 0xCE, 0x59, 0xCE, 0x59, 0xCE,
    0x59, 0xCE, 0x59, 0xCE, 0x59, 0xCE, 0x59, 0xCE, 0x59, 0xCE, 0x59, 0xCE, 0x59, 0xCE, 0x59, 0xCE,
    0x59, 0xCE, 0x59, 0xCE, 0x59, 0xCE, 0x59, 0xCE, 0x59, 0xCE, 0x59, 0xCE, 0x59, 0xCE, 0x59, 0xCE,
    0x59, 0xCE, 0x59, 0xCE, 0x59, 0xCE, 0x59, 0xCE, 0x59, 0xCE, 0x59, 0xCE, 0x59, 0xCE, 0x59, 0xCE,
    0x59, 0xCE, 0x59, 0xCE, 0x59, 0xCE, 0x59, 0xCE, 0x59, 0xCE, 0x59, 0xCE, 0x59, 0xCE, 0x59, 0xCE,
    0x59, 0xCE, 0x59, 0xCE, 0x59, 0xCE, 0x59, 0xCE, 0x59, 0xCE, 0x59, 0xCE, 0x59, 0xCE, 0x59, 0xCE,
    0x59, 0xCE, 0x59, 0xCE, 0x59, 0xCE, 0x59, 0xCE, 0x59, 0xCE, 0x59, 0xCE, 0x59, 0xCE, 0x59, 0xCE,
    0x59, 0xCE, 0x59, 0xCE, 0x59, 0xCE, 0x59, 0xCE, 0x59, 0xCE, 0x59, 0xCE, 0x59, 0xCE, 0x59, 0xCE,
    0x59, 0xCE, 0x59, 0xCE, 0x59, 0xCE, 0x59, 0xCE, 0x59, 0xCE, 0x59, 0xCE, 0x59, 0xCE, 0x59, 0xCE,
    0x59, 0xCE, 0x59, 0xCE, 0x59, 0xCE, 0x59, 0xCE, 0x59, 0xCE, 0x59, 0xCE, 0x59, 0xCE, 0x59, 0xCE,
    0x59, 0xCE, 0x59, 0xCE, 0x59, 0xCE, 0x59, 0xCE, 0x59, 0xCE, 0x59, 0xCE, 0x59, 0xCE, 0x59, 0xCE,
    0x59, 0xCE, 0x59, 0xCE, 0x59, 0xCE, 0x59, 0xCE, 0x59, 0xCE, 0x59, 0xCE, 0x59, 0xCE, 0x59, 0xCE,
    0x59, 0xCE, 0x59, 0xCE, 0xC7, 0x39, 0x1C, 0xDF, 0x1C, 0xE7, 0x3C, 0xE7, 0x5D, 0xEF, 0x7D, 0xEF,
    0x1C, 0xE7, 0x1C, 0xE7, 0x1C, 0xE7, 0x1C, 0xE7, 0x1C, 0xE7, 0x1C, 0xE7, 0x1C, 0xE7, 0x1C, 0xE7,
    0x70, 0x7F, 0xC4, 0x17, 0xC4, 0x17, 0xC4, 0x17, 0xC4, 0x17, 0xAA, 0x47, 0x1C, 0xE7, 0x1C, 0xE7,
    0x70, 0x7F, 0xC4, 0x17, 0x53, 0x97, 0x1C, 0xE7, 0x1C, 0xE7, 0x36, 0xAF, 0xC4, 0x17, 0x8D, 0x5F,
    0x1C, 0xE7, 0x1C, 0xE7, 0x1C, 0xE7, 0x1C, 0xE7, 0x24, 0x21, 0x24, 0x21, 0x24, 0x21, 0x24, 0x21,
    0x24, 0x21, 0x24, 0x21, 0x24, 0x21, 0x24, 0x21, 0x24, 0x21, 0x24, 0x21, 0x24, 0x21, 0x24, 0x21,
    0x24, 0x21, 0x24, 0x21, 0x24, 0x21, 0x24, 0x21, 0x24, 0x21, 0x24, 0x21, 0x24, 0x21, 0x24, 0x21,
    0x24, 0x21, 0x24, 0x21, 0x24, 0x21, 0x24, 0x21, 0x24, 0x21, 0x24, 0x21, 0x24, 0x21, 0x24, 0x21,
    0x24, 0x21, 0x24, 0x21, 0x24, 0x21, 0x24, 0x21, 0x24, 0x21, 0x24, 0x21, 0x24, 0x21, 0x24, 0x21,
    0x24, 0x21, 0x24, 0x21, 0x24, 0x21, 0x24, 0x21, 0x24, 0x21, 0x24, 0x21, 0x24, 0x21, 0x24, 0x21,
    0x24, 0x21, 0x24, 0x21, 0x24, 0x21, 0x24, 0x21, 0x24, 0x21, 0x24, 0x21, 0x24, 0x21, 0x24, 0x21,
    0x24, 0x21, 0x24, 0x21, 0x24, 0x21, 0x24, 0x21, 0x24, 0x21, 0x24, 0x21, 0x24, 0x21, 0x24, 0x21,
    0x24, 0x21, 0x24, 0x21, 0x24, 0x21, 0x24, 0x21, 0x24, 0x21, 0x24, 0x21, 0x24, 0x21, 0x24, 0x21,
    0x24, 0x21, 0x24, 0x21, 0x24, 0x21, 0x24, 0x21, 0x24, 0x21, 0x24, 0x21, 0x24, 0x21, 0x24, 0x21,
    0x24, 0x21, 0x24, 0x21, 0x24, 0x21, 0x24, 0x21, 0x24, 0x21, 0x24, 0x21, 0x24, 0x21, 0x24, 0x21,
    0x24, 0x21, 0x24, 0x21, 0x24, 0x21, 0x24, 0x21, 0x24, 0x21, 0x24, 0x21, 0x24, 0x21, 0x24, 0x21,
    0x24, 0x21, 0x24, 0x21, 0x24, 0x21, 0x24, 0x21, 0x24, 0x21, 0x24, 0x21, 0xB2, 0x94, 0x7D, 0xEF,
    0x7D, 0xEF, 0x7D, 0xEF, 0x7D, 0xEF, 0x27, 0x52, 0x60, 0x20, 0x60, 0x20, 0x60, 0x20, 0x60, 0x20,
    0x60, 0x20, 0xD7, 0xBD, 0xBA, 0xDE, 0x60, 0x20, 0x44, 0x39, 0xBE, 0xF7, 0x55, 0xB5, 0x60, 0x20,
    0x60, 0x20, 0x60, 0x20, 0x60, 0x20, 0x3C, 0xE7, 0xBE, 0xF7, 0xBE, 0xF7, 0xBE, 0xF7, 0xBE, 0xF7,
    0xBE, 0xF7, 0xBE, 0xF7, 0xBE, 0xF7, 0x24, 0x21, 0x87, 0xC6, 0x87, 0xC6, 0x87, 0xC6, 0x87, 0xC6,
    0x87, 0xC6, 0x87, 0xC6, 0x87, 0xC6, 0x87, 0xC6, 0x87, 0xC6, 0x87, 0xC6, 0x87, 0xC6, 0x87, 0xC6,
    0x87, 0xC6, 0x87, 0xC6, 0x87, 0xC6, 0x87, 0xC6, 0x87, 0xC6, 0x87, 0xC6, 0x87, 0xC6, 0x87, 0xC6,
    0x87, 0xC6, 0x87, 0xC6, 0x87, 0xC6, 0x87, 0xC6, 0x87, 0xC6, 0x87, 0xC6, 0x87, 0xC6, 0x87, 0xC6,
    0xC8, 0x73, 0xE3, 0x18, 0x87, 0xC6, 0x88, 0xAD, 0xE3, 0x18, 0x89, 0x8C, 0x88, 0xAD, 0xE3, 0x18,
    0xE3, 0x18, 0x68, 0x6B, 0x87, 0xC6, 0x87, 0xC6, 0x87, 0xC6, 0x88, 0xAD, 0x87, 0xC6, 0x87, 0xC6,
    0x87, 0xC6, 0x87, 0xC6, 0x87, 0xC6, 0x24, 0x21, 0x59, 0xCE, 0x59, 0xCE, 0x59, 0xCE, 0x59, 0xCE,
    0x59, 0xCE, 0x59, 0xCE, 0x59, 0xCE, 0x59, 0xCE, 0x59, 0xCE, 0x59, 0xCE, 0x59, 0xCE, 0x59, 0xCE,
    0x59, 0xCE, 0x59, 0xCE, 0x59, 0xCE, 0x59, 0xCE, 0x59, 0xCE, 0x59, 0xCE, 0x59, 0xCE, 0x59, 0xCE,
    0x59, 0xCE, 0x59, 0xCE, 0x59, 0xCE, 0x59, 0xCE, 0x59, 0xCE, 0x59, 0xCE, 0x59, 0xCE, 0x59, 0xCE,
    0x59, 0xCE, 0x59, 0xCE, 0x59, 0xCE, 0x59, 0xCE, 0x59, 0xCE, 0x59, 0xCE, 0x59, 0xCE, 0x59, 0xCE,
    0x59, 0xCE, 0x59, 0xCE, 0x59, 0xCE, 0x59, 0xCE, 0x59, 0xCE, 0x59, 0xCE, 0x59, 0xCE, 0x59, 0xCE,
    0x59, 0xCE, 0x59, 0xCE, 0x59, 0xCE, 0x59, 0xCE, 0x59, 0xCE, 0x59, 0xCE, 0x59, 0xCE, 0x59, 0xCE,
    0x59, 0xCE, 0x59, 0xCE, 0x59, 0xCE, 0x59, 0xCE, 0x59, 0xCE, 0x59, 0xCE, 0x59, 0xCE, 0x59, 0xCE,
    0x59, 0xCE, 0x59, 0xCE, 0x59, 0xCE, 0x59, 0xCE, 0x59, 0xCE, 0x59, 0xCE, 0x59, 0xCE, 0x59, 0xCE,
    0x59, 0xCE, 0x59, 0xCE, 0x59, 0xCE, 0x59, 0xCE, 0x59, 0xCE, 0x59, 0xCE, 0x59, 0xCE, 0x59, 0xCE,
    0x59, 0xCE, 0x59, 0xCE, 0x59, 0xCE, 0x59, 0xCE, 0x59, 0xCE, 0x59, 0xCE, 0x59, 0xCE, 0x59, 0xCE,
    0x59, 0xCE, 0x59, 0xCE, 0x59, 0xCE, 0x59, 0xCE, 0x59, 0xCE, 0x59, 0xCE, 0x59, 0xCE, 0x59, 0xCE,
    0x59, 0xCE, 0x59, 0xCE, 0x59, 0xCE, 0x59, 0xCE, 0x59, 0xCE, 0x59, 0xCE, 0x59, 0xCE, 0x59, 0xCE,
    0x59, 0xCE, 0x59, 0xCE, 0x59, 0xCE, 0x59, 0xCE, 0x59, 0xCE, 0x59, 0xCE, 0x59, 0xCE, 0x59, 0xCE,
    0x59, 0xCE, 0x59, 0xCE, 0xC7, 0x39, 0x1C, 0xDF, 0x1C, 0xE7, 0x3C, 0xE7, 0x5D, 0xEF, 0x7D, 0xEF,
    0x1C, 0xE7, 0x1C, 0xE7, 0x1C, 0xE7, 0x1C, 0xE7, 0x1C, 0xE7, 0x1C, 0xE7, 0x1C, 0xE7, 0x1C, 0xE7,
    0x70, 0x7F, 0xC4, 0x17, 0x51, 0x87, 0x36, 0xAF, 0x6E, 0x6F, 0xC4, 0x17, 0x6E, 0x6F, 0x1C, 0xE7,
    0x70, 0x7F, 0xC4, 0x17, 0x53, 0x97, 0x1C, 0xE7, 0x1C, 0xE7, 0x54, 0xA7, 0xC4, 0x17, 0x6E, 0x6F,
    0x1C, 0xE7, 0x1C, 0xE7, 0x1C, 0xE7, 0x1C, 0xE7, 0x24, 0x21, 0x24, 0x21, 0x24, 0x21, 0x24, 0x21,
    0x24, 0x21, 0x24, 0x21, 0x24, 0x21, 0x24, 0x21, 0x24, 0x21, 0x24, 0x21, 0x24, 0x21, 0x24, 0x21,
    0x24, 0x21, 0x24, 0x21, 0x24, 0x21, 0x24, 0x21, 0x24, 0x21, 0x24, 0x21, 0x24, 0x21, 0x24, 0x21,
    0x24, 0x21, 0x24, 0x21, 0x24, 0x21, 0x24, 0x21, 0x24, 0x21, 0x24, 0x21, 0x24, 0x21, 0x24, 0x21,
    0x24, 0x21, 0x24, 0x21, 0x24, 0x21, 0x24, 0x21, 0x24, 0x21, 0x24, 0x21, 0x24, 0x21, 0x24, 0x21,
    0x24, 0x21, 0x24, 0x21, 0x24, 0x21, 0x24, 0x21, 0x24, 0x21, 0x24, 0x21, 0x24, 0x21, 0x24, 0x21,
    0x24, 0x21, 0x24, 0x21, 0x24, 0x21, 0x24, 0x21, 0x24, 0x21, 0x24, 0x21, 0x24, 0x21, 0x24, 0x21,
    0x24, 0x21, 0x24, 0x21, 0x24, 0x21, 0x24, 0x21, 0x24, 0x21, 0x24, 0x21, 0x24, 0x21, 0x24, 0x21,
    0x24, 0x21, 0x24, 0x21, 0x24, 0x21, 0x24, 0x21, 0x24, 0x21, 0x24, 0x21, 0x24, 0x21, 0x24, 0x21,
    0x24, 0x21, 0x24, 0x21, 0x24, 0x21, 0x24, 0x21, 0x24, 0x21, 0x24, 0x21, 0x24, 0x21, 0x24, 0x21,
    0x24, 0x21, 0x24, 0x21, 0x24, 0x21, 0x24, 0x21, 0x24, 0x21, 0x24, 0x21, 0x24, 0x21, 0x24, 0x21,
    0x24, 0x21, 0x24, 0x21, 0x24, 0x21, 0x24, 0x21, 0x24, 0x21, 0x24, 0x21, 0x24, 0x21, 0x24, 0x21,
    0x24, 0x21, 0x24, 0x21, 0x24, 0x21, 0x24, 0x21, 0x24, 0x21, 0x24, 0x21, 0x14, 0xA5, 0x7D, 0xEF,
    0x7D, 0xEF, 0x7D, 0xEF, 0x7D, 0xEF, 0x44, 0x39, 0x60, 0x20, 0x60, 0x20, 0x60, 0x20, 0x60, 0x20,
    0x60, 0x20, 0xBE, 0xF7, 0x3C, 0xE7, 0x8D, 0x7B, 0x71, 0x94, 0xBE, 0xF7, 0xF3, 0xA4, 0x60, 0x20,
    0x60, 0x20, 0x60, 0x20, 0x60, 0x20, 0x59, 0xCE, 0xBE, 0xF7, 0xBE, 0xF7, 0xBE, 0xF7, 0xBE, 0xF7,
    0xBE, 0xF7, 0xBE, 0xF7, 0xBE, 0xF7, 0x24, 0x21, 0x87, 0xC6, 0x87, 0xC6, 0x87, 0xC6, 0x87, 0xC6,
    0x87, 0xC6, 0x87, 0xC6, 0x87, 0xC6, 0x87, 0xC6, 0x87, 0xC6, 0x87, 0xC6, 0x87, 0xC6, 0x87, 0xC6,
    0x87, 0xC6, 0x87, 0xC6, 0x87, 0xC6, 0x87, 0xC6, 0x87, 0xC6, 0x87, 0xC6, 0x87, 0xC6, 0x87, 0xC6,
    0x87, 0xC6, 0x87, 0xC6, 0x87, 0xC6, 0x87, 0xC6, 0x87, 0xC6, 0x87, 0xC6, 0x87, 0xC6, 0x87, 0xC6,
    0x89, 0x8C, 0xE3, 0x18, 0x68, 0x6B, 0xE7, 0x5A, 0xE3, 0x18, 0x88, 0xAD, 0x09, 0x7C, 0xE3, 0x18,
    0x84, 0x29, 0x87, 0xC6, 0x87, 0xC6, 0x87, 0xC6, 0x87, 0xC6, 0x87, 0xC6, 0x87, 0xC6, 0x87, 0xC6,
    0x87, 0xC6, 0x87, 0xC6, 0x87, 0xC6, 0x24, 0x21, 0x59, 0xCE, 0x59, 0xCE, 0x59, 0xCE, 0x59, 0xCE,
    0x59, 0xCE, 0x59, 0xCE, 0x59, 0xCE, 0x59, 0xCE, 0x59, 0xCE, 0x59, 0xCE, 0x59, 0xCE, 0x59, 0xCE,
    0x59, 0xCE, 0x59, 0xCE, 0x59, 0xCE, 0x59, 0xCE, 0x59, 0xCE, 0x59, 0xCE, 0x59, 0xCE, 0x59, 0xCE,
    0x59, 0xCE, 0x59, 0xCE, 0x59, 0xCE, 0x59, 0xCE, 0x59, 0xCE, 0x59, 0xCE, 0x59, 0xCE, 0x59, 0xCE,
    0x59, 0xCE, 0x59, 0xCE, 0x59, 0xCE, 0x59, 0xCE, 0x59, 0xCE, 0x59, 0xCE, 0x59, 0xCE, 0x59, 0xCE,
    0x59, 0xCE, 0x59, 0xCE, 0x59, 0xCE, 0x59, 0xCE, 0x59, 0xCE, 0x59, 0xCE, 0x59, 0xCE, 0x59, 0xCE,
    0x59, 0xCE, 0x59, 0xCE, 0x59, 0xCE, 0x59, 0xCE, 0x59, 0xCE, 0x59, 0xCE, 0x59, 0xCE, 0x59, 0xCE,
    0x59, 0xCE, 0x59, 0xCE, 0x59, 0xCE, 0x59, 0xCE, 0x59, 0xCE, 0x59, 0xCE, 0x59, 0xCE, 0x59, 0xCE,
    0x59, 0xCE, 0x59, 0xCE, 0x59, 0xCE, 0x59, 0xCE, 0x59, 0xCE, 0x59, 0xCE, 0x59, 0xCE, 0x59, 0xCE,
    0x59, 0xCE, 0x59, 0xCE, 0x59, 0xCE, 0x59, 0xCE, 0x59, 0xCE, 0x59, 0xCE, 0x59, 0xCE, 0x59, 0xCE,
    0x59, 0xCE, 0x59, 0xCE, 0x59, 0xCE, 0x59, 0xCE, 0x59, 0xCE, 0x59, 0xCE, 0x59, 0xCE, 0x59, 0xCE,
    0x59, 0xCE, 0x59, 0xCE, 0x59, 0xCE, 0x59, 0xCE, 0x59, 0xCE, 0x59, 0xCE, 0x59, 0xCE, 0x59, 0xCE,
    0x59, 0xCE, 0x59, 0xCE, 0x59, 0xCE, 0x59, 0xCE, 0x59, 0xCE, 0x59, 0xCE, 0x59, 0xCE, 0x59, 0xCE,
    0x59, 0xCE, 0x59, 0xCE, 0x59, 0xCE, 0x59, 0xCE, 0x59, 0xCE, 0x59, 0xCE, 0x59, 0xCE, 0x59, 0xCE,
    0x59, 0xCE, 0x59, 0xCE, 0xC7, 0x39, 0x1C, 0xDF, 0x1C, 0xE7, 0x3C, 0xE7, 0x5D, 0xEF, 0x7D, 0xEF,
    0x59, 0xCE, 0x1C, 0xE7, 0x1C, 0xE7, 0x1C, 0xE7, 0x1C, 0xE7, 0x1C, 0xE7, 0x1C, 0xE7, 0x1C, 0xE7,
    0x70, 0x7F, 0xC4, 0x17, 0x36, 0xAF, 0x1C, 0xE7, 0x37, 0xBF, 0xC4, 0x17, 0xA8, 0x3F, 0x1C, 0xE7,
    0x70, 0x7F, 0xC4, 0x17, 0x53, 0x97, 0x1C, 0xE7, 0x1C, 0xE7, 0x8D, 0x5F, 0xC4, 0x17, 0x53, 0x97,
    0x1C, 0xE7, 0x1C, 0xE7, 0x1C, 0xE7, 0x1C, 0xE7, 0x24, 0x21, 0x24, 0x21, 0x24, 0x21, 0x24, 0x21,
    0x24, 0x21, 0x24, 0x21, 0x24, 0x21, 0x24, 0x21, 0x24, 0x21, 0x24, 0x21, 0x24, 0x21, 0x24, 0x21,
    0x24, 0x21, 0x24, 0x21, 0x24, 0x21, 0x24, 0x21, 0x24, 0x21, 0x24, 0x21, 0x24, 0x21, 0x24, 0x21,
    0x24, 0x21, 0x24, 0x21, 0x24, 0x21, 0x24, 0x21, 0x24, 0x21, 0x24, 0x21, 0x24, 0x21, 0x24, 0x21,
    0x24, 0x21, 0x24, 0x21, 0x24, 0x21, 0x24, 0x21, 0x24, 0x21, 0x24, 0x21, 0x24, 0x21, 0x24, 0x21,
    0x24, 0x21, 0x24, 0x21, 0x24, 0x21, 0x24, 0x21, 0x24, 0x21, 0x24, 0x21, 0x24, 0x21, 0x24, 0x21,
    0x24, 0x21, 0x24, 0x21, 0x24, 0x21, 0x24, 0x21, 0x24, 0x21, 0x24, 0x21, 0x24, 0x21, 0x24, 0x21,
    0x24, 0x21, 0x24, 0x21, 0x24, 0x21, 0x24, 0x21, 0x24, 0x21, 0x24, 0x21, 0x24, 0x21, 0x24, 0x21,
    0x24, 0x21, 0x24, 0x21, 0x24, 0x21, 0x24, 0x21, 0x24, 0x21, 0x24, 0x21, 0x24, 0x21, 0x24, 0x21,
    0x24, 0x21, 0x24, 0x21, 0x24, 0x21, 0x24, 0x21, 0x24, 0x21, 0x24, 0x21, 0x24, 0x21, 0x24, 0x21,
    0x24, 0x21, 0x24, 0x21, 0x24, 0x21, 0x24, 0x21, 0x24, 0x21, 0x24, 0x21, 0x24, 0x21, 0x24, 0x21,
    0x24, 0x21, 0x24, 0x21, 0x24, 0x21, 0x24, 0x21, 0x24, 0x21, 0x24, 0x21, 0x24, 0x21, 0x24, 0x21,
    0x24, 0x21, 0x24, 0x21, 0x24, 0x21, 0x24, 0x21, 0x24, 0x21, 0x24, 0x21, 0x14, 0xA5, 0x7D, 0xEF,
    0x7D, 0xEF, 0x7D, 0xEF, 0x7D, 0xEF, 0x44, 0x39, 0x60, 0x20, 0x60, 0x20, 0x60, 0x20, 0x60, 0x20,
    0x28, 0x52, 0xBE, 0xF7, 0x0F, 0x8C, 0xF3, 0xA4, 0xBA, 0xDE, 0x3C, 0xE7, 0x44, 0x39, 0x60, 0x20,
    0x60, 0x20, 0x60, 0x20, 0x60, 0x20, 0xD7, 0xC5, 0xBE, 0xF7, 0xBE, 0xF7, 0xBE, 0xF7, 0xBE, 0xF7,
    0xBE, 0xF7, 0xBE, 0xF7, 0xBE, 0xF7, 0x24, 0x21, 0x87, 0xC6, 0x87, 0xC6, 0x87, 0xC6, 0x87, 0xC6,
    0x87, 0xC6, 0x87, 0xC6, 0x87, 0xC6, 0x87, 0xC6, 0x87, 0xC6, 0x87, 0xC6, 0x87, 0xC6, 0x87, 0xC6,
    0x87, 0xC6, 0x87, 0xC6, 0x87, 0xC6, 0x87, 0xC6, 0x87, 0xC6, 0x87, 0xC6, 0x87, 0xC6, 0x87, 0xC6,
    0x87, 0xC6, 0x87, 0xC6, 0x87, 0xC6, 0x87, 0xC6, 0x87, 0xC6, 0x87, 0xC6, 0x87, 0xC6, 0x87, 0xC6,
    0x87, 0xC6, 0xC8, 0x73, 0xC5, 0x39, 0x05, 0x42, 0x29, 0x7C, 0x87, 0xC6, 0x27, 0x63, 0xE3, 0x18,
    0x46, 0x4A, 0x87, 0xC6, 0x87, 0xC6, 0x87, 0xC6, 0x87, 0xC6, 0x87, 0xC6, 0x87, 0xC6, 0x87, 0xC6,
    0x87, 0xC6, 0x87, 0xC6, 0x87, 0xC6, 0x24, 0x21, 0x59, 0xCE, 0x59, 0xCE, 0x59, 0xCE, 0x59, 0xCE,
    0x59, 0xCE, 0x59, 0xCE, 0x59, 0xCE, 0x55, 0xAD, 0x08, 0x42, 0xA6, 0x31, 0xA6, 0x31, 0xA6, 0x31,
    0xA6, 0x31, 0xA6, 0x31, 0xA6, 0x31, 0xA6, 0x31, 0xA6, 0x31, 0xA6, 0x31, 0xA6, 0x31, 0xA6, 0x31,
    0xA6, 0x31, 0xA6, 0x31, 0xA6, 0x31, 0x08, 0x42, 0x55, 0xAD, 0x59, 0xCE, 0x59, 0xCE, 0x59, 0xCE,
    0x59, 0xCE, 0x59, 0xCE, 0x59, 0xCE, 0x59, 0xCE, 0x59, 0xCE, 0x59, 0xCE, 0x59, 0xCE, 0x59, 0xCE,
    0x59, 0xCE, 0x59, 0xCE, 0x59, 0xCE, 0x59, 0xCE, 0x59, 0xCE, 0x59, 0xCE, 0x59, 0xCE, 0x59, 0xCE,
    0x59, 0xCE, 0x59, 0xCE, 0x59, 0xCE, 0x59, 0xCE, 0x59, 0xCE, 0x59, 0xCE, 0x59, 0xCE, 0x59, 0xCE,
    0x59, 0xCE, 0x59, 0xCE, 0x59, 0xCE, 0x59, 0xCE, 0x59, 0xCE, 0x59, 0xCE, 0x59, 0xCE, 0x59, 0xCE,
    0x59, 0xCE, 0x59, 0xCE, 0x59, 0xCE, 0x59, 0xCE, 0x59, 0xCE, 0x59, 0xCE, 0x59, 0xCE, 0x59, 0xCE,
    0x59, 0xCE, 0x59, 0xCE, 0x59, 0xCE, 0x59, 0xCE, 0x59, 0xCE, 0x59, 0xCE, 0x59, 0xCE, 0x59, 0xCE,
    0x59, 0xCE, 0x59, 0xCE, 0x59, 0xCE, 0x59, 0xCE, 0x59, 0xCE, 0x59, 0xCE, 0x59, 0xCE, 0x59, 0xCE,
    0x59, 0xCE, 0x59, 0xCE, 0x59, 0xCE, 0x59, 0xCE, 0x59, 0xCE, 0x59, 0xCE, 0x59, 0xCE, 0x59, 0xCE,
    0x59, 0xCE, 0x59, 0xCE, 0x59, 0xCE, 0x59, 0xCE, 0x59, 0xCE, 0x59, 0xCE, 0x59, 0xCE, 0x59, 0xCE,
    0x59, 0xCE, 0x59, 0xCE, 0x59, 0xCE, 0x59, 0xCE, 0x59, 0xCE, 0x59, 0xCE, 0x59, 0xCE, 0x59, 0xCE,
    0x59, 0xCE, 0x59, 0xCE, 0xC7, 0x39, 0x1C, 0xDF, 0x1C, 0xE7, 0x3C, 0xE7, 0x5D, 0xEF, 0x7D, 0xEF,
    0xAA, 0x52, 0x1C, 0xE7, 0x1C, 0xE7, 0x1C, 0xE7, 0x1C, 0xE7, 0x1C, 0xE7, 0x1C, 0xE7, 0x1C, 0xE7,
    0x70, 0x7F, 0xC4, 0x17, 0x8D, 0x5F, 0x70, 0x7F, 0xAA, 0x47, 0xC4, 0x17, 0x8D, 0x5F, 0x1C, 0xE7,
    0x70, 0x7F, 0xC4, 0x17, 0x8B, 0x57, 0x70, 0x7F, 0xAA, 0x47, 0xC4, 0x17, 0xA8, 0x3F, 0x1C, 0xE7,
    0x1C, 0xE7, 0x1C, 0xE7, 0x1C, 0xE7, 0x1C, 0xE7, 0x24, 0x21, 0x24, 0x21, 0x24, 0x21, 0x24, 0x21,
    0x24, 0x21, 0x24, 0x21, 0x24, 0x21, 0x24, 0x21, 0x24, 0x21, 0x24, 0x21, 0x24, 0x21, 0x24, 0x21,
    0x24, 0x21, 0x24, 0x21, 0x24, 0x21, 0x24, 0x21, 0x24, 0x21, 0x24, 0x21, 0x24, 0x21, 0x24, 0x21,
    0x24, 0x21, 0x24, 0x21, 0x24, 0x21, 0x24, 0x21, 0x24, 0x21, 0x24, 0x21, 0x24, 0x21, 0x24, 0x21,
    0x24, 0x21, 0x24, 0x21, 0x24, 0x21, 0x24, 0x21, 0x24, 0x21, 0x24, 0x21, 0x24, 0x21, 0x24, 0x21,
    0x24, 0x21, 0x24, 0x21, 0x24, 0x21, 0x24, 0x21, 0x24, 0x21, 0x24, 0x21, 0x24, 0x21, 0x24, 0x21,
    0x24, 0x21, 0x24, 0x21, 0x24, 0x21, 0x24, 0x21, 0x24, 0x21, 0x24, 0x21, 0x24, 0x21, 0x24, 0x21,
    0x24, 0x21, 0x24, 0x21, 0x24, 0x21, 0x24, 0x21, 0x24, 0x21, 0x24, 0x21, 0x24, 0x21, 0x24, 0x21,
    0x24, 0x21, 0x24, 0x21, 0x24, 0x21, 0x24, 0x21, 0x24, 0x21, 0x24, 0x21, 0x24, 0x21, 0x24, 0x21,
    0x24, 0x21, 0x24, 0x21, 0x24, 0x21, 0x24, 0x21, 0x24, 0x21, 0x24, 0x21, 0x24, 0x21, 0x24, 0x21,
    0x24, 0x21, 0x24, 0x21, 0x24, 0x21, 0x24, 0x21, 0x24, 0x21, 0x24, 0x21, 0x24, 0x21, 0x24, 0x21,
    0x24, 0x21, 0x24, 0x21, 0x24, 0x21, 0x24, 0x21, 0x24, 0x21, 0x24, 0x21, 0x24, 0x21, 0x24, 0x21,
    0x24, 0x21, 0x24, 0x21, 0x24, 0x21, 0x24, 0x21, 0x24, 0x21, 0x24, 0x21, 0xB2, 0x94, 0x7D, 0xEF,
    0x7D, 0xEF, 0x7D, 0xEF, 0x7D, 0xEF, 0xC6, 0x49, 0x60, 0x20, 0x60, 0x20, 0x60, 0x20, 0xA9, 0x62,
    0x75, 0xB5, 0xBE, 0xF7, 0x44, 0x39, 0x60, 0x20, 0xA9, 0x62, 0xBE, 0xF7, 0x8D, 0x7B, 0x60, 0x20,
    0x60, 0x20, 0x60, 0x20, 0x60, 0x20, 0x3C, 0xEF, 0xBE, 0xF7, 0xBE, 0xF7, 0xBE, 0xF7, 0xBE, 0xF7,
    0xBE, 0xF7, 0xBE, 0xF7, 0xBE, 0xF7, 0x24, 0x21, 0x87, 0xC6, 0x87, 0xC6, 0x87, 0xC6, 0x87, 0xC6,
    0x87, 0xC6, 0x87, 0xC6, 0x87, 0xC6, 0x87, 0xC6, 0x87, 0xC6, 0x87, 0xC6, 0x87, 0xC6, 0x87, 0xC6,
    0x87, 0xC6, 0x87, 0xC6, 0x87, 0xC6, 0x87, 0xC6, 0x87, 0xC6, 0x87, 0xC6, 0x87, 0xC6, 0x87, 0xC6,
    0x87, 0xC6, 0x87, 0xC6, 0x87, 0xC6, 0x87, 0xC6, 0x87, 0xC6, 0x87, 0xC6, 0x87, 0xC6, 0x87, 0xC6,
    0x87, 0xC6, 0x87, 0xC6, 0x87, 0xC6, 0x87, 0xC6, 0x87, 0xC6, 0x87, 0xC6, 0x27, 0x63, 0xE3, 0x18,
    0xA6, 0x52, 0x87, 0xC6, 0x87, 0xC6, 0x87, 0xC6, 0x87, 0xC6, 0x87, 0xC6, 0x87, 0xC6, 0x87, 0xC6,
    0x87, 0xC6, 0x87, 0xC6, 0x87, 0xC6, 0x24, 0x21, 0x59, 0xCE, 0x59, 0xCE, 0x59, 0xCE, 0x59, 0xCE,
    0x59, 0xCE, 0x59, 0xCE, 0x59, 0xCE, 0xA6, 0x31, 0x04, 0x21, 0x04, 0x21, 0x04, 0x21, 0x04, 0x21,
    0x04, 0x21, 0x04, 0x21, 0x04, 0x21, 0x04, 0x21, 0x04, 0x21, 0x04, 0x21, 0x04, 0x21, 0x04, 0x21,
    0x04, 0x21, 0x04, 0x21, 0x04, 0x21, 0x04, 0x21, 0x45, 0x29, 0x59, 0xCE, 0x59, 0xCE, 0x59, 0xCE,
    0x59, 0xCE, 0x59, 0xCE, 0x59, 0xCE, 0x59, 0xCE, 0x59, 0xCE, 0x59, 0xCE, 0x59, 0xCE, 0x59, 0xCE,
    0x59, 0xCE, 0x59, 0xCE, 0x59, 0xCE, 0x59, 0xCE, 0x59, 0xCE, 0x59, 0xCE, 0x59, 0xCE, 0x59, 0xCE,
    0x59, 0xCE, 0x59, 0xCE, 0x59, 0xCE, 0x59, 0xCE, 0x59, 0xCE, 0x59, 0xCE, 0x59, 0xCE, 0x59, 0xCE,
    0x59, 0xCE, 0x59, 0xCE, 0x59, 0xCE, 0x59, 0xCE, 0x59, 0xCE, 0x59, 0xCE, 0x59, 0xCE, 0x59, 0xCE,
    0x59, 0xCE, 0x59, 0xCE, 0x59, 0xCE, 0x59, 0xCE, 0x59, 0xCE, 0x59, 0xCE, 0x59, 0xCE, 0x59, 0xCE,
    0x59, 0xCE, 0x59, 0xCE, 0x59, 0xCE, 0x59, 0xCE, 0x59, 0xCE, 0x59, 0xCE, 0x59, 0xCE, 0x59, 0xCE,
    0x59, 0xCE, 0x59, 0xCE, 0x59, 0xCE, 0x59, 0xCE, 0x59, 0xCE, 0x59, 0xCE, 0x59, 0xCE, 0x59, 0xCE,
    0x59, 0xCE, 0x59, 0xCE, 0x59, 0xCE, 0x59, 0xCE, 0x59, 0xCE, 0x59, 0xCE, 0x59, 0xCE, 0x59, 0xCE,
    0x59, 0xCE, 0x59, 0xCE, 0x59, 0xCE, 0x59, 0xCE, 0x59, 0xCE, 0x59, 0xCE, 0x59, 0xCE, 0x59, 0xCE,
    0x59, 0xCE, 0x59, 0xCE, 0x59, 0xCE, 0x59, 0xCE, 0x59, 0xCE, 0x59, 0xCE, 0x59, 0xCE, 0x59, 0xCE,
    0x59, 0xCE, 0x59, 0xCE, 0xC7, 0x39, 0xFB, 0xDE, 0x1C, 0xE7, 0x3C, 0xE7, 0x5D, 0xEF, 0x7D, 0xEF,
    0x24, 0x21, 0x71, 0x8C, 0x1C, 0xE7, 0x1C, 0xE7, 0x1C, 0xE7, 0x1C, 0xE7, 0x1C, 0xE7, 0x1C, 0xE7,
    0x70, 0x7F, 0xC4, 0x17, 0xC4, 0x17, 0xC4, 0x17, 0xC5, 0x1F, 0x8D, 0x5F, 0x1A, 0xD7, 0x1C, 0xE7,
    0x70, 0x7F, 0xC4, 0x17, 0xC4, 0x17, 0xC4, 0x17, 0xA7, 0x2F, 0x6F, 0x7F, 0x1A, 0xD7, 0x1C, 0xE7,
    0x1C, 0xE7, 0x1C, 0xE7, 0x1C, 0xE7, 0x1C, 0xE7, 0x24, 0x21, 0x24, 0x21, 0x24, 0x21, 0x24, 0x21,
    0x24, 0x21, 0x24, 0x21, 0x24, 0x21, 0x24, 0x21, 0x24, 0x21, 0x24, 0x21, 0x24, 0x21, 0x24, 0x21,
    0x24, 0x21, 0x24, 0x21, 0x24, 0x21, 0x24, 0x21, 0x24, 0x21, 0x24, 0x21, 0x24, 0x21, 0x24, 0x21,
    0x24, 0x21, 0x24, 0x21, 0x24, 0x21, 0x24, 0x21, 0x24, 0x21, 0x24, 0x21, 0x24, 0x21, 0x24, 0x21,
    0x24, 0x21, 0x24, 0x21, 0x24, 0x21, 0x24, 0x21, 0x24, 0x21, 0x24, 0x21, 0x24, 0x21, 0x24, 0x21,
    0x24, 0x21, 0x24, 0x21, 0x24, 0x21, 0x24, 0x21, 0x24, 0x21, 0x24, 0x21, 0x24, 0x21, 0x24, 0x21,
    0x24, 0x21, 0x24, 0x21, 0x24, 0x21, 0x24, 0x21, 0x24, 0x21, 0x24, 0x21, 0x24, 0x21, 0x24, 0x21,
    0x24, 0x21, 0x24, 0x21, 0x24, 0x21, 0x24, 0x21, 0x24, 0x21, 0x24, 0x21, 0x24, 0x21, 0x24, 0x21,
    0x24, 0x21, 0x24, 0x21, 0x24, 0x21, 0x24, 0x21, 0x24, 0x21, 0x24, 0x21, 0x24, 0x21, 0x24, 0x21,
    0x24, 0x21, 0x24, 0x21, 0x24, 0x21, 0x24, 0x21, 0x24, 0x21, 0x24, 0x21, 0x24, 0x21, 0x24, 0x21,
    0x24, 0x21, 0x24, 0x21, 0x24, 0x21, 0x24, 0x21, 0x24, 0x21, 0x24, 0x21, 0x24, 0x21, 0x24, 0x21,
    0x24, 0x21, 0x24, 0x21, 0x24, 0x21, 0x24, 0x21, 0x24, 0x21, 0x24, 0x21, 0x24, 0x21, 0x24, 0x21,
    0x24, 0x21, 0x24, 0x21, 0x24, 0x21, 0x24, 0x21, 0x24, 0x21, 0x24, 0x21, 0x8E, 0x73, 0x7D, 0xEF,
    0x7D, 0xEF, 0x7D, 0xEF, 0x7D, 0xEF, 0x8D, 0x7B, 0x60, 0x20, 0x60, 0x20, 0x60, 0x20, 0x71, 0x9C,
    0x3C, 0xE7, 0xBE, 0xF7, 0x55, 0xB5, 0x0F, 0x8C, 0x58, 0xCE, 0xBE, 0xF7, 0x0B, 0x73, 0x60, 0x20,
    0x60, 0x20, 0x60, 0x20, 0x44, 0x39, 0xBE, 0xF7, 0xBE, 0xF7, 0xBE, 0xF7, 0xBE, 0xF7, 0xBE, 0xF7,
    0xBE, 0xF7, 0xBE, 0xF7, 0xBE, 0xF7, 0x24, 0x21, 0x87, 0xC6, 0x87, 0xC6, 0x87, 0xC6, 0x87, 0xC6,
    0x87, 0xC6, 0x87, 0xC6, 0x87, 0xC6, 0x87, 0xC6, 0x87, 0xC6, 0x87, 0xC6, 0x87, 0xC6, 0x87, 0xC6,
    0x87, 0xC6, 0x87, 0xC6, 0x87, 0xC6, 0x87, 0xC6, 0x87, 0xC6, 0x87, 0xC6, 0x87, 0xC6, 0x87, 0xC6,
    0x87, 0xC6, 0x87, 0xC6, 0x87, 0xC6, 0x87, 0xC6, 0x87, 0xC6, 0x87, 0xC6, 0x87, 0xC6, 0x87, 0xC6,
    0x87, 0xC6, 0x87, 0xC6, 0x87, 0xC6, 0x87, 0xC6, 0x87, 0xC6, 0x87, 0xC6, 0xC8, 0x73, 0xE3, 0x18,
    0xC5, 0x39, 0x87, 0xC6, 0x87, 0xC6, 0x87, 0xC6, 0x87, 0xC6, 0x87, 0xC6, 0x87, 0xC6, 0x87, 0xC6,
    0x87, 0xC6, 0x87, 0xC6, 0x87, 0xC6, 0x24, 0x21, 0x59, 0xCE, 0x59, 0xCE, 0x59, 0xCE, 0x59, 0xCE,
    0x59, 0xCE, 0x59, 0xCE, 0x59, 0xCE, 0x04, 0x21, 0x04, 0x21, 0x04, 0x21, 0x04, 0x21, 0x04, 0x21,
    0x04, 0x21, 0x04, 0x21, 0x04, 0x21, 0x04, 0x21, 0x65, 0x29, 0x04, 0x21, 0x04, 0x21, 0x04, 0x21,
    0x04, 0x21, 0x04, 0x21, 0x04, 0x21, 0x04, 0x21, 0x04, 0x21, 0x59, 0xCE, 0x59, 0xCE, 0x59, 0xCE,
    0x59, 0xCE, 0x59, 0xCE, 0x59, 0xCE, 0x59, 0xCE, 0x59, 0xCE, 0x59, 0xCE, 0x59, 0xCE, 0x59, 0xCE,
    0x59, 0xCE, 0x59, 0xCE, 0x59, 0xCE, 0x59, 0xCE, 0x59, 0xCE, 0x59, 0xCE, 0x59, 0xCE, 0x59, 0xCE,
    0x59, 0xCE, 0x59, 0xCE, 0x59, 0xCE, 0x59, 0xCE, 0x59, 0xCE, 0x59, 0xCE, 0x59, 0xCE, 0x59, 0xCE,
    0x59, 0xCE, 0x59, 0xCE, 0x59, 0xCE, 0x59, 0xCE, 0x59, 0xCE, 0x59, 0xCE, 0x59, 0xCE, 0x59, 0xCE,
    0x59, 0xCE, 0x59, 0xCE, 0x59, 0xCE, 0x59, 0xCE, 0x59, 0xCE, 0x59, 0xCE, 0x59, 0xCE, 0x59, 0xCE,
    0x59, 0xCE, 0x59, 0xCE, 0x59, 0xCE, 0x59, 0xCE, 0x59, 0xCE, 0x59, 0xCE, 0x59, 0xCE, 0x59, 0xCE,
    0x59, 0xCE, 0x59, 0xCE, 0x59, 0xCE, 0x59, 0xCE, 0x59, 0xCE, 0x59, 0xCE, 0x59, 0xCE, 0x59, 0xCE,
    0x59, 0xCE, 0x59, 0xCE, 0x59, 0xCE, 0x59, 0xCE, 0x59, 0xCE, 0x59, 0xCE, 0x59, 0xCE, 0x59, 0xCE,
    0x59, 0xCE, 0x59, 0xCE, 0x59, 0xCE, 0x59, 0xCE, 0x59, 0xCE, 0x59, 0xCE, 0x59, 0xCE, 0x59, 0xCE,
    0x59, 0xCE, 0x59, 0xCE, 0x59, 0xCE, 0x59, 0xCE, 0x59, 0xCE, 0x59, 0xCE, 0x59, 0xCE, 0x59, 0xCE,
    0x59, 0xCE, 0x59, 0xCE, 0xC7, 0x39, 0x1C, 0xDF, 0x1C, 0xE7, 0x3C, 0xE7, 0x5D, 0xEF, 0x7D, 0xEF,
    0x24, 0x21, 0x24, 0x21, 0xF7, 0xBD, 0x1C, 0xE7, 0x1C, 0xE7, 0x1C, 0xE7, 0x1C, 0xE7, 0x1C, 0xE7,
    0x1C, 0xE7, 0x1C, 0xE7, 0x1C, 0xE7, 0x1C, 0xE7, 0x1C, 0xE7, 0x1C, 0xE7, 0x1C, 0xE7, 0x1C, 0xE7,
    0x1C, 0xE7, 0x1C, 0xE7, 0x1C, 0xE7, 0x1C, 0xE7, 0x1C, 0xE7, 0x1C, 0xE7, 0x1C, 0xE7, 0x1C, 0xE7,
    0x1C, 0xE7, 0x1C, 0xE7, 0x1C, 0xE7, 0xBA, 0xD6, 0x24, 0x21, 0x24, 0x21, 0x24, 0x21, 0x24, 0x21,
    0x24, 0x21, 0x24, 0x21, 0x24, 0x21, 0x24, 0x21, 0x24, 0x21, 0x24, 0x21, 0x24, 0x21, 0x24, 0x21,
    0x24, 0x21, 0x24, 0x21, 0x24, 0x21, 0x24, 0x21, 0x24, 0x21, 0x24, 0x21, 0x24, 0x21, 0x24, 0x21,
    0x24, 0x21, 0x24, 0x21, 0x24, 0x21, 0x24, 0x21, 0x24, 0x21, 0x24, 0x21, 0x24, 0x21, 0x24, 0x21,
    0x24, 0x21, 0x24, 0x21, 0x24, 0x21, 0x24, 0x21, 0x24, 0x21, 0x24, 0x21, 0x24, 0x21, 0x24, 0x21,
    0x24, 0x21, 0x24, 0x21, 0x24, 0x21, 0x24, 0x21, 0x24, 0x21, 0x24, 0x21, 0x24, 0x21, 0x24, 0x21,
    0x24, 0x21, 0x24, 0x21, 0x24, 0x21, 0x24, 0x21, 0x24, 0x21, 0x24, 0x21, 0x24, 0x21, 0x24, 0x21,
    0x24, 0x21, 0x24, 0x21, 0x24, 0x21, 0x24, 0x21, 0x24, 0x21, 0x24, 0x21, 0x24, 0x21, 0x24, 0x21,
    0x24, 0x21, 0x24, 0x21, 0x24, 0x21, 0x24, 0x21, 0x24, 0x21, 0x24, 0x21, 0x24, 0x21, 0x24, 0x21,
    0x24, 0x21, 0x24, 0x21, 0x24, 0x21, 0x24, 0x21, 0x24, 0x21, 0x24, 0x21, 0x24, 0x21, 0x24, 0x21,
    0x24, 0x21, 0x24, 0x21, 0x24, 0x21, 0x24, 0x21, 0x24, 0x21, 0x24, 0x21, 0x24, 0x21, 0x24, 0x21,
    0x24, 0x21, 0x24, 0x21, 0x24, 0x21, 0x24, 0x21, 0x24, 0x21, 0x24, 0x21, 0x24, 0x21, 0x24, 0x21,
    0x24, 0x21, 0x24, 0x21, 0x24, 0x21, 0x24, 0x21, 0x24, 0x21, 0x24, 0x21, 0x86, 0x31, 0x7D, 0xEF,
    0x7D, 0xEF, 0x7D, 0xEF, 0x7D, 0xEF, 0xD6, 0xBD, 0x60, 0x20, 0x60, 0x20, 0x60, 0x20, 0x60, 0x20,
    0x0B, 0x73, 0x55, 0xB5, 0x58, 0xCE, 0x58, 0xCE, 0xD7, 0xBD, 0x0F, 0x8C, 0x60, 0x20, 0x60, 0x20,
    0x60, 0x20, 0x60, 0x20, 0x0F, 0x8C, 0xBE, 0xF7, 0xBE, 0xF7, 0xBE, 0xF7, 0xBE, 0xF7, 0xBE, 0xF7,
    0xBE, 0xF7, 0xBE, 0xF7, 0xBE, 0xF7, 0x24, 0x21, 0x87, 0xC6, 0x87, 0xC6, 0x87, 0xC6, 0x87, 0xC6,
    0x87, 0xC6, 0x87, 0xC6, 0x87, 0xC6, 0x87, 0xC6, 0x87, 0xC6, 0x87, 0xC6, 0x87, 0xC6, 0x87, 0xC6,
    0x87, 0xC6, 0x87, 0xC6, 0x87, 0xC6, 0x87, 0xC6, 0x87, 0xC6, 0x87, 0xC6, 0x87, 0xC6, 0x87, 0xC6,
    0x87, 0xC6, 0x87, 0xC6, 0x87, 0xC6, 0x87, 0xC6, 0x87, 0xC6, 0x87, 0xC6, 0x87, 0xC6, 0x87, 0xC6,
    0x87, 0xC6, 0x87, 0xC6, 0x87, 0xC6, 0x87, 0xC6, 0x87, 0xC6, 0x87, 0xC6, 0x08, 0xB6, 0xE3, 0x18,
    0xE3, 0x18, 0x89, 0x8C, 0x87, 0xC6, 0x87, 0xC6, 0x87, 0xC6, 0x87, 0xC6, 0x87, 0xC6, 0x87, 0xC6,
    0x87, 0xC6, 0x87, 0xC6, 0x87, 0xC6, 0x24, 0x21, 0x59, 0xCE, 0x59, 0xCE, 0x59, 0xCE, 0x59, 0xCE,
    0x59, 0xCE, 0x59, 0xCE, 0x59, 0xCE, 0x04, 0x21, 0x04, 0x21, 0x04, 0x21, 0x04, 0x21, 0x04, 0x21,
    0x04, 0x21, 0x04, 0x21, 0x04, 0x21, 0x04, 0x21, 0x71, 0x8C, 0x04, 0x21, 0x04, 0x21, 0x04, 0x21,
    0x04, 0x21, 0x04, 0x21, 0x04, 0x21, 0x04, 0x21, 0x04, 0x21, 0x59, 0xCE, 0x59, 0xCE, 0x59, 0xCE,
    0x59, 0xCE, 0x59, 0xCE, 0x59, 0xCE, 0x59, 0xCE, 0x59, 0xCE, 0x59, 0xCE, 0x59, 0xCE, 0x59, 0xCE,
    0x59, 0xCE, 0x59, 0xCE, 0x59, 0xCE, 0x59, 0xCE, 0x59, 0xCE, 0x59, 0xCE, 0x59, 0xCE, 0x59, 0xCE,
    0x59, 0xCE, 0x59, 0xCE, 0x59, 0xCE, 0x59, 0xCE, 0x59, 0xCE, 0x59, 0xCE, 0x59, 0xCE, 0x59, 0xCE,
    0x59, 0xCE, 0x59, 0xCE, 0x59, 0xCE, 0x59, 0xCE, 0x59, 0xCE, 0x59, 0xCE, 0x59, 0xCE, 0x59, 0xCE,
    0x59, 0xCE, 0x59, 0xCE, 0x59, 0xCE, 0x59, 0xCE, 0x59, 0xCE, 0x59, 0xCE, 0x59, 0xCE, 0x59, 0xCE,
    0x59, 0xCE, 0x59, 0xCE, 0x59, 0xCE, 0x59, 0xCE, 0x59, 0xCE, 0x59, 0xCE, 0x59, 0xCE, 0x59, 0xCE,
    0x59, 0xCE, 0x59, 0xCE, 0x59, 0xCE, 0x59, 0xCE, 0x59, 0xCE, 0x59, 0xCE, 0x59, 0xCE, 0x59, 0xCE,
    0x59, 0xCE, 0x59, 0xCE, 0x59, 0xCE, 0x59, 0xCE, 0x59, 0xCE, 0x59, 0xCE, 0x59, 0xCE, 0x59, 0xCE,
    0x59, 0xCE, 0x59, 0xCE, 0x59, 0xCE, 0x59, 0xCE, 0x59, 0xCE, 0x59, 0xCE, 0x59, 0xCE, 0x59, 0xCE,
    0x59, 0xCE, 0x59, 0xCE, 0x59, 0xCE, 0x59, 0xCE, 0x59, 0xCE, 0x59, 0xCE, 0x59, 0xCE, 0x59, 0xCE,
    0x59, 0xCE, 0x59, 0xCE, 0xC7, 0x39, 0xFB, 0xDE, 0x1C, 0xE7, 0x3C, 0xE7, 0x5D, 0xEF, 0x7D, 0xEF,
    0xA5, 0x29, 0x24, 0x21, 0xE7, 0x39, 0xBA, 0xD6, 0x1C, 0xE7, 0x1C, 0xE7, 0x1C, 0xE7, 0x1C, 0xE7,
    0x1C, 0xE7, 0x1C, 0xE7, 0x1C, 0xE7, 0x1C, 0xE7, 0x1C, 0xE7, 0x1C, 0xE7, 0x1C, 0xE7, 0x1C, 0xE7,
    0x1C, 0xE7, 0x1C, 0xE7, 0x1C, 0xE7, 0x1C, 0xE7, 0x1C, 0xE7, 0x1C, 0xE7, 0x1C, 0xE7, 0x1C, 0xE7,
    0x1C, 0xE7, 0x1C, 0xE7, 0x1C, 0xE7, 0x71, 0x8C, 0x24, 0x21, 0x24, 0x21, 0x24, 0x21, 0x24, 0x21,
    0x24, 0x21, 0x24, 0x21, 0x24, 0x21, 0x24, 0x21, 0x24, 0x21, 0x24, 0x21, 0x24, 0x21, 0x24, 0x21,
    0x24, 0x21, 0x24, 0x21, 0x24, 0x21, 0x24, 0x21, 0x24, 0x21, 0x24, 0x21, 0x24, 0x21, 0x24, 0x21,
    0x24, 0x21, 0x24, 0x21, 0x24, 0x21, 0x24, 0x21, 0x24, 0x21, 0x24, 0x21, 0x24, 0x21, 0x24, 0x21,
    0x24, 0x21, 0x24, 0x21, 0x24, 0x21, 0x24, 0x21, 0x24, 0x21, 0x24, 0x21, 0x24, 0x21, 0x24, 0x21,
    0x24, 0x21, 0x24, 0x21, 0x24, 0x21, 0x24, 0x21, 0x24, 0x21, 0x24, 0x21, 0x24, 0x21, 0x24, 0x21,
    0x24, 0x21, 0x24, 0x21, 0x24, 0x21, 0x24, 0x21, 0x24, 0x21, 0x24, 0x21, 0x24, 0x21, 0x24, 0x21,
    0x24, 0x21, 0x24, 0x21, 0x24, 0x21, 0x24, 0x21, 0x24, 0x21, 0x24, 0x21, 0x24, 0x21, 0x24, 0x21,
    0x24, 0x21, 0x24, 0x21, 0x24, 0x21, 0x24, 0x21, 0x24, 0x21, 0x24, 0x21, 0x24, 0x21, 0x24, 0x21,
    0x24, 0x21, 0x24, 0x21, 0x24, 0x21, 0x24, 0x21, 0x24, 0x21, 0x24, 0x21, 0x24, 0x21, 0x24, 0x21,
    0x24, 0x21, 0x24, 0x21, 0x24, 0x21, 0x24, 0x21, 0x24, 0x21, 0x24, 0x21, 0x24, 0x21, 0x24, 0x21,
    0x24, 0x21, 0x24, 0x21, 0x24, 0x21, 0x24, 0x21, 0x24, 0x21, 0x24, 0x21, 0x24, 0x21, 0x24, 0x21,
    0x24, 0x21, 0x24, 0x21, 0x24, 0x21, 0x24, 0x21, 0x24, 0x21, 0x24, 0x21, 0x24, 0x21, 0xD7, 0xBD,
    0x7D, 0xEF, 0x7D, 0xEF, 0x7D, 0xEF, 0x9E, 0xF7, 0x8D, 0x7B, 0x60, 0x20, 0x60, 0x20, 0x60, 0x20,
    0x28, 0x52, 0x28, 0x52, 0xDA, 0xDE, 0xC2, 0x28, 0x60, 0x20, 0x60, 0x20, 0x60, 0x20, 0x60, 0x20,
    0x60, 0x20, 0x44, 0x39, 0xDB, 0xDE, 0xBE, 0xF7, 0xBE, 0xF7, 0xBE, 0xF7, 0xBE, 0xF7, 0xBE, 0xF7,
    0xBE, 0xF7, 0xBE, 0xF7, 0xBE, 0xF7, 0x24, 0x21, 0x87, 0xC6, 0x87, 0xC6, 0x87, 0xC6, 0x87, 0xC6,
    0x87, 0xC6, 0x87, 0xC6, 0x87, 0xC6, 0x87, 0xC6, 0x87, 0xC6, 0x87, 0xC6, 0x87, 0xC6, 0x87, 0xC6,
    0x87, 0xC6, 0x87, 0xC6, 0x87, 0xC6, 0x87, 0xC6, 0x87, 0xC6, 0x87, 0xC6, 0x87, 0xC6, 0x87, 0xC6,
    0x87, 0xC6, 0x87, 0xC6, 0x87, 0xC6, 0x87, 0xC6, 0x87, 0xC6, 0x87, 0xC6, 0x87, 0xC6, 0x87, 0xC6,
    0x87, 0xC6, 0x87, 0xC6, 0x87, 0xC6, 0x87, 0xC6, 0x87, 0xC6, 0x87, 0xC6, 0x87, 0xC6, 0xE7, 0x5A,
    0xE3, 0x18, 0xE3, 0x18, 0x46, 0x4A, 0xA6, 0x52, 0xC5, 0x39, 0x05, 0x42, 0x87, 0xC6, 0x87, 0xC6,
    0x87, 0xC6, 0x87, 0xC6, 0x87, 0xC6, 0x24, 0x21, 0x59, 0xCE, 0x59, 0xCE, 0x59, 0xCE, 0x59, 0xCE,
    0x59, 0xCE, 0x59, 0xCE, 0x59, 0xCE, 0x04, 0x21, 0x04, 0x21, 0x04, 0x21, 0x04, 0x21, 0x04, 0x21,
    0x04, 0x21, 0x04, 0x21, 0x04, 0x21, 0xE7, 0x39, 0x1C, 0xE7, 0x04, 0x21, 0x04, 0x21, 0x04, 0x21,
    0x04, 0x21, 0x04, 0x21, 0x04, 0x21, 0x04, 0x21, 0x04, 0x21, 0x59, 0xCE, 0x59, 0xCE, 0x59, 0xCE,
    0x59, 0xCE, 0x59, 0xCE, 0x59, 0xCE, 0x59, 0xCE, 0x59, 0xCE, 0x59, 0xCE, 0x59, 0xCE, 0x59, 0xCE,
    0x59, 0xCE, 0x59, 0xCE, 0x59, 0xCE, 0x59, 0xCE, 0x59, 0xCE, 0x59, 0xCE, 0x59, 0xCE, 0x59, 0xCE,
    0x59, 0xCE, 0x59, 0xCE, 0x59, 0xCE, 0x59, 0xCE, 0x59, 0xCE, 0x59, 0xCE, 0x59, 0xCE, 0x59, 0xCE,
    0x59, 0xCE, 0x59, 0xCE, 0x59, 0xCE, 0x59, 0xCE, 0x59, 0xCE, 0x59, 0xCE, 0x59, 0xCE, 0x59, 0xCE,
    0x59, 0xCE, 0x59, 0xCE, 0x59, 0xCE, 0x59, 0xCE, 0x59, 0xCE, 0x59, 0xCE, 0x59, 0xCE, 0x59, 0xCE,
    0x59, 0xCE, 0x59, 0xCE, 0x59, 0xCE, 0x59, 0xCE, 0x59, 0xCE, 0x59, 0xCE, 0x59, 0xCE, 0x59, 0xCE,
    0x59, 0xCE, 0x59, 0xCE, 0x59, 0xCE, 0x59, 0xCE, 0x59, 0xCE, 0x59, 0xCE, 0x59, 0xCE, 0x59, 0xCE,
    0x59, 0xCE, 0x59, 0xCE, 0x59, 0xCE, 0x59, 0xCE, 0x59, 0xCE, 0x59, 0xCE, 0x59, 0xCE, 0x59, 0xCE,
    0x59, 0xCE, 0x59, 0xCE, 0x59, 0xCE, 0x59, 0xCE, 0x59, 0xCE, 0x59, 0xCE, 0x59, 0xCE, 0x59, 0xCE,
    0x59, 0xCE, 0x59, 0xCE, 0x59, 0xCE, 0x59, 0xCE, 0x59, 0xCE, 0x59, 0xCE, 0x59, 0xCE, 0x59, 0xCE,
    0x59, 0xCE, 0x59, 0xCE, 0xC7, 0x39, 0xFB, 0xDE, 0x1C, 0xE7, 0x3C, 0xE7, 0x5D, 0xEF, 0x7D, 0xEF,
    0xC7, 0x35, 0x24, 0x21, 0x24, 0x21, 0xAE, 0x73, 0x1C, 0xE7, 0x1C, 0xE7, 0x1C, 0xE7, 0x1C, 0xE7,
    0x1C, 0xE7, 0x1C, 0xE7, 0x1C, 0xE7, 0x1C, 0xE7, 0x1C, 0xE7, 0x1C, 0xE7, 0x1C, 0xE7, 0x1C, 0xE7,
    0x1C, 0xE7, 0x1C, 0xE7, 0x1C, 0xE7, 0x1C, 0xE7, 0x1C, 0xE7, 0x1C, 0xE7, 0x1C, 0xE7, 0x1C, 0xE7,
    0x1C, 0xE7, 0xBA, 0xD6, 0x10, 0x84, 0x24, 0x21, 0x24, 0x21, 0x24, 0x21, 0x24, 0x21, 0x24, 0x21,
    0x24, 0x21, 0x24, 0x21, 0x24, 0x21, 0x24, 0x21, 0x24, 0x21, 0x24, 0x21, 0x24, 0x21, 0x24, 0x21,
    0x24, 0x21, 0x24, 0x21, 0x24, 0x21, 0x24, 0x21, 0x24, 0x21, 0x24, 0x21, 0x24, 0x21, 0x24, 0x21,
    0x24, 0x21, 0x24, 0x21, 0x24, 0x21, 0x24, 0x21, 0x24, 0x21, 0x24, 0x21, 0x24, 0x21, 0x24, 0x21,
    0x24, 0x21, 0x24, 0x21, 0x24, 0x21, 0x24, 0x21, 0x24, 0x21, 0x24, 0x21, 0x24, 0x21, 0x24, 0x21,
    0x24, 0x21, 0x24, 0x21, 0x24, 0x21, 0x24, 0x21, 0x24, 0x21, 0x24, 0x21, 0x24, 0x21, 0x24, 0x21,
    0x24, 0x21, 0x24, 0x21, 0x24, 0x21, 0x24, 0x21, 0x24, 0x21, 0x24, 0x21, 0x24, 0x21, 0x24, 0x21,
    0x24, 0x21, 0x24, 0x21, 0x24, 0x21, 0x24, 0x21, 0x24, 0x21, 0x24, 0x21, 0x24, 0x21, 0x24, 0x21,
    0x24, 0x21, 0x24, 0x21, 0x24, 0x21, 0x24, 0x21, 0x24, 0x21, 0x24, 0x21, 0x24, 0x21, 0x24, 0x21,
    0x24, 0x21, 0x24, 0x21, 0x24, 0x21, 0x24, 0x21, 0x24, 0x21, 0x24, 0x21, 0x24, 0x21, 0x24, 0x21,
    0x24, 0x21, 0x24, 0x21, 0x24, 0x21, 0x24, 0x21, 0x24, 0x21, 0x24, 0x21, 0x24, 0x21, 0x24, 0x21,
    0x24, 0x21, 0x24, 0x21, 0x24, 0x21, 0x24, 0x21, 0x24, 0x21, 0x24, 0x21, 0x24, 0x21, 0x24, 0x21,
    0x24, 0x21, 0x24, 0x21, 0x24, 0x21, 0x24, 0x21, 0x24, 0x21, 0x24, 0x21, 0x24, 0x21, 0x2C, 0x63,
    0x7D, 0xEF, 0x7D, 0xEF, 0x7D, 0xEF, 0x9E, 0xF7, 0x1C, 0xE7, 0x44, 0x39, 0x60, 0x20, 0x60, 0x20,
    0x60, 0x20, 0x60, 0x20, 0xC2, 0x28, 0x60, 0x20, 0x60, 0x20, 0x60, 0x20, 0x60, 0x20, 0x60, 0x20,
    0xC2, 0x28, 0x59, 0xCE, 0xBE, 0xF7, 0xBE, 0xF7, 0xBE, 0xF7, 0xBE, 0xF7, 0xBE, 0xF7, 0xBE, 0xF7,
    0xBE, 0xF7, 0xBE, 0xF7, 0xBE, 0xF7, 0x24, 0x21, 0x87, 0xC6, 0x87, 0xC6, 0x87, 0xC6, 0x87, 0xC6,
    0x87, 0xC6, 0x87, 0xC6, 0x87, 0xC6, 0x87, 0xC6, 0x87, 0xC6, 0x87, 0xC6, 0x87, 0xC6, 0x87, 0xC6,
    0x87, 0xC6, 0x87, 0xC6, 0x87, 0xC6, 0x87, 0xC6, 0x87, 0xC6, 0x87, 0xC6, 0x87, 0xC6, 0x87, 0xC6,
    0x87, 0xC6, 0x87, 0xC6, 0x87, 0xC6, 0x87, 0xC6, 0x87, 0xC6, 0x87, 0xC6, 0x87, 0xC6, 0x87, 0xC6,
    0x87, 0xC6, 0x87, 0xC6, 0x87, 0xC6, 0x87, 0xC6, 0x87, 0xC6, 0x87, 0xC6, 0x87, 0xC6, 0x87, 0xC6,
    0x27, 0x63, 0x24, 0x21, 0xE3, 0x18, 0xE3, 0x18, 0x24, 0x21, 0xA6, 0x52, 0x87, 0xC6, 0x87, 0xC6,
    0x87, 0xC6, 0x87, 0xC6, 0x87, 0xC6, 0x24, 0x21, 0x59, 0xCE, 0x59, 0xCE, 0x59, 0xCE, 0x59, 0xCE,
    0x59, 0xCE, 0x59, 0xCE, 0x59, 0xCE, 0x04, 0x21, 0x04, 0x21, 0x04, 0x21, 0x04, 0x21, 0x04, 0x21,
    0x04, 0x21, 0x04, 0x21, 0x04, 0x21, 0x55, 0xAD, 0x38, 0xC6, 0x04, 0x21, 0x04, 0x21, 0x04, 0x21,
    0x04, 0x21, 0x04, 0x21, 0x04, 0x21, 0x04, 0x21, 0x04, 0x21, 0x59, 0xCE, 0x59, 0xCE, 0x59, 0xCE,
    0x59, 0xCE, 0x59, 0xCE, 0x59, 0xCE, 0x59, 0xCE, 0x59, 0xCE, 0x59, 0xCE, 0x59, 0xCE, 0x59, 0xCE,
    0x59, 0xCE, 0x59, 0xCE, 0x59, 0xCE, 0x59, 0xCE, 0x59, 0xCE, 0x59, 0xCE, 0x59, 0xCE, 0x59, 0xCE,
    0x59, 0xCE, 0x59, 0xCE, 0x59, 0xCE, 0x59, 0xCE, 0x59, 0xCE, 0x59, 0xCE, 0x59, 0xCE, 0x59, 0xCE,
    0x59, 0xCE, 0x59, 0xCE, 0x59, 0xCE, 0x59, 0xCE, 0x59, 0xCE, 0x59, 0xCE, 0x59, 0xCE, 0x59, 0xCE,
    0x59, 0xCE, 0x59, 0xCE, 0x59, 0xCE, 0x59, 0xCE, 0x59, 0xCE, 0x59, 0xCE, 0x59, 0xCE, 0x59, 0xCE,
    0x59, 0xCE, 0x59, 0xCE, 0x59, 0xCE, 0x59, 0xCE, 0x59, 0xCE, 0x59, 0xCE, 0x59, 0xCE, 0x59, 0xCE,
    0x59, 0xCE, 0x59, 0xCE, 0x59, 0xCE, 0x59, 0xCE, 0x59, 0xCE, 0x59, 0xCE, 0x59, 0xCE, 0x59, 0xCE,
    0x59, 0xCE, 0x59, 0xCE, 0x59, 0xCE, 0x59, 0xCE, 0x59, 0xCE, 0x59, 0xCE, 0x59, 0xCE, 0x59, 0xCE,
    0x59, 0xCE, 0x59, 0xCE, 0x59, 0xCE, 0x59, 0xCE, 0x59, 0xCE, 0x59, 0xCE, 0x59, 0xCE, 0x59, 0xCE,
    0x59, 0xCE, 0x59, 0xCE, 0x59, 0xCE, 0x59, 0xCE, 0x59, 0xCE, 0x59, 0xCE, 0x59, 0xCE, 0x59, 0xCE,
    0x59, 0xCE, 0x59, 0xCE, 0xC7, 0x39, 0xFB, 0xDE, 0x1C, 0xE7, 0x3C, 0xE7, 0x5D, 0xEF, 0x7D, 0xEF,
    0xE9, 0x3F, 0x46, 0x33, 0x24, 0x21, 0x24, 0x21, 0x24, 0x21, 0x24, 0x21, 0x24, 0x21, 0x24, 0x21,
    0x24, 0x21, 0x24, 0x21, 0x24, 0x21, 0x24, 0x21, 0x24, 0x21, 0x24, 0x21, 0x24, 0x21, 0x24, 0x21,
    0x24, 0x21, 0x24, 0x21, 0x24, 0x21, 0x24, 0x21, 0x24, 0x21, 0x24, 0x21, 0x24, 0x21, 0x24, 0x21,
    0x24, 0x21, 0x24, 0x21, 0x24, 0x21, 0x24, 0x21, 0x24, 0x21, 0x24, 0x21, 0x24, 0x21, 0x24, 0x21,
    0x24, 0x21, 0x24, 0x21, 0x24, 0x21, 0x24, 0x21, 0x24, 0x21, 0x24, 0x21, 0x24, 0x21, 0x24, 0x21,
    0x24, 0x21, 0x24, 0x21, 0x24, 0x21, 0x24, 0x21, 0x24, 0x21, 0x24, 0x21, 0x24, 0x21, 0x24, 0x21,
    0x24, 0x21, 0x24, 0x21, 0x24, 0x21, 0x24, 0x21, 0x24, 0x21, 0x24, 0x21, 0x24, 0x21, 0x24, 0x21,
    0x24, 0x21, 0x24, 0x21, 0x24, 0x21, 0x24, 0x21, 0x24, 0x21, 0x24, 0x21, 0x24, 0x21, 0x24, 0x21,
    0x24, 0x21, 0x24, 0x21, 0x24, 0x21, 0x24, 0x21, 0x24, 0x21, 0x24, 0x21, 0x24, 0x21, 0x24, 0x21,
    0x24, 0x21, 0x24, 0x21, 0x24, 0x21, 0x24, 0x21, 0x24, 0x21, 0x24, 0x21, 0x24, 0x21, 0x24, 0x21,
    0x24, 0x21, 0x24, 0x21, 0x24, 0x21, 0x24, 0x21, 0x24, 0x21, 0x24, 0x21, 0x24, 0x21, 0x24, 0x21,
    0x24, 0x21, 0x24, 0x21, 0x24, 0x21, 0x24, 0x21, 0x24, 0x21, 0x24, 0x21, 0x24, 0x21, 0x24, 0x21,
    0x24, 0x21, 0x24, 0x21, 0x24, 0x21, 0x24, 0x21, 0x24, 0x21, 0x24, 0x21, 0x24, 0x21, 0x24, 0x21,
    0x24, 0x21, 0x24, 0x21, 0x24, 0x21, 0x24, 0x21, 0x24, 0x21, 0x24, 0x21, 0x24, 0x21, 0x24, 0x21,
    0x24, 0x21, 0x24, 0x21, 0x24, 0x21, 0x24, 0x21, 0x24, 0x21, 0x24, 0x21, 0x24, 0x21, 0x24, 0x21,
    0x24, 0x21, 0x24, 0x21, 0x24, 0x21, 0x24, 0x21, 0x24, 0x21, 0x24, 0x21, 0x24, 0x21, 0x86, 0x31,
    0xFB, 0xDE, 0x7D, 0xEF, 0x7D, 0xEF, 0x9E, 0xF7, 0x9E, 0xF7, 0xBA, 0xD6, 0x28, 0x52, 0x60, 0x20,
    0x60, 0x20, 0x60, 0x20, 0x60, 0x20, 0x60, 0x20, 0x60, 0x20, 0x60, 0x20, 0x60, 0x20, 0x44, 0x39,
    0x59, 0xCE, 0xBE, 0xF7, 0xBE, 0xF7, 0xBE, 0xF7, 0xBE, 0xF7, 0x9E, 0xF7, 0xBE, 0xF7, 0xBE, 0xF7,
    0xBE, 0xF7, 0xBE, 0xF7, 0xBE, 0xF7, 0x24, 0x21, 0x87, 0xC6, 0x87, 0xC6, 0x87, 0xC6, 0x87, 0xC6,
    0x87, 0xC6, 0x87, 0xC6, 0x87, 0xC6, 0x87, 0xC6, 0x87, 0xC6, 0x87, 0xC6, 0x87, 0xC6, 0x87, 0xC6,
    0x87, 0xC6, 0x87, 0xC6, 0x87, 0xC6, 0x87, 0xC6, 0x87, 0xC6, 0x87, 0xC6, 0x87, 0xC6, 0x87, 0xC6,
    0x87, 0xC6, 0x87, 0xC6, 0x87, 0xC6, 0x87, 0xC6, 0x87, 0xC6, 0x87, 0xC6, 0x87, 0xC6, 0x87, 0xC6,
    0x87, 0xC6, 0x87, 0xC6, 0x87, 0xC6, 0x87, 0xC6, 0x87, 0xC6, 0x87, 0xC6, 0x87, 0xC6, 0x87, 0xC6,
    0x87, 0xC6, 0x87, 0xC6, 0x88, 0xAD, 0x88, 0xAD, 0x87, 0xC6, 0x87, 0xC6, 0x87, 0xC6, 0x87, 0xC6,
    0x87, 0xC6, 0x87, 0xC6, 0x87, 0xC6, 0x24, 0x21, 0x59, 0xCE, 0x59, 0xCE, 0x59, 0xCE, 0x59, 0xCE,
    0x59, 0xCE, 0x59, 0xCE, 0x59, 0xCE, 0x04, 0x21, 0x04, 0x21, 0x04, 0x21, 0x04, 0x21, 0x04, 0x21,
    0x04, 0x21, 0x04, 0x21, 0xE7, 0x39, 0xFF, 0xFF, 0x38, 0xC6, 0x04, 0x21, 0x04, 0x21, 0x04, 0x21,
    0x04, 0x21, 0x04, 0x21, 0x04, 0x21, 0x04, 0x21, 0x04, 0x21, 0x59, 0xCE, 0x59, 0xCE, 0x59, 0xCE,
    0x59, 0xCE, 0x59, 0xCE, 0x59, 0xCE, 0x59, 0xCE, 0x59, 0xCE, 0x59, 0xCE, 0x59, 0xCE, 0x59, 0xCE,
    0x59, 0xCE, 0x59, 0xCE, 0x59, 0xCE, 0x59, 0xCE, 0x59, 0xCE, 0x59, 0xCE, 0x59, 0xCE, 0x59, 0xCE,
    0x59, 0xCE, 0x59, 0xCE, 0x59, 0xCE, 0x59, 0xCE, 0x59, 0xCE, 0x59, 0xCE, 0x59, 0xCE, 0x59, 0xCE,
    0x59, 0xCE, 0x59, 0xCE, 0x59, 0xCE, 0x59, 0xCE, 0x59, 0xCE, 0x59, 0xCE, 0x59, 0xCE, 0x59, 0xCE,
    0x59, 0xCE, 0x59, 0xCE, 0x59, 0xCE, 0x59, 0xCE, 0x59, 0xCE, 0x59, 0xCE, 0x59, 0xCE, 0x59, 0xCE,
    0x59, 0xCE, 0x59, 0xCE, 0x59, 0xCE, 0x59, 0xCE, 0x59, 0xCE, 0x59, 0xCE, 0x59, 0xCE, 0x59, 0xCE,
    0x59, 0xCE, 0x59, 0xCE, 0x59, 0xCE, 0x59, 0xCE, 0x59, 0xCE, 0x59, 0xCE, 0x59, 0xCE, 0x59, 0xCE,
    0x59, 0xCE, 0x59, 0xCE, 0x59, 0xCE, 0x59, 0xCE, 0x59, 0xCE, 0x59, 0xCE, 0x59, 0xCE, 0x59, 0xCE,
    0x59, 0xCE, 0x59, 0xCE, 0x59, 0xCE, 0x59, 0xCE, 0x59, 0xCE, 0x59, 0xCE, 0x59, 0xCE, 0x59, 0xCE,
    0x59, 0xCE, 0x59, 0xCE, 0x59, 0xCE, 0x59, 0xCE, 0x59, 0xCE, 0x59, 0xCE, 0x59, 0xCE, 0x59, 0xCE,
    0x59, 0xCE, 0x59, 0xCE, 0xC7, 0x39, 0x1C, 0xDF, 0x1C, 0xE7, 0x3C, 0xE7, 0x5D, 0xEF, 0x7D, 0xEF,
    0xE8, 0x37, 0x89, 0x47, 0xA5, 0x29, 0x24, 0x21, 0x24, 0x21, 0x24, 0x21, 0x24, 0x21, 0x24, 0x21,
    0x24, 0x21, 0x24, 0x21, 0x24, 0x21, 0x24, 0x21, 0x24, 0x21, 0x24, 0x21, 0x24, 0x21, 0x24, 0x21,
    0x24, 0x21, 0x24, 0x21, 0x24, 0x21, 0x24, 0x21, 0x24, 0x21, 0x24, 0x21, 0x24, 0x21, 0x24, 0x21,
    0x24, 0x21, 0x24, 0x21, 0x24, 0x21, 0x24, 0x21, 0x24, 0x21, 0x24, 0x21, 0x24, 0x21, 0x24, 0x21,
    0x24, 0x21, 0x24, 0x21, 0x24, 0x21, 0x24, 0x21, 0x24, 0x21, 0x24, 0x21, 0x24, 0x21, 0x24, 0x21,
    0x24, 0x21, 0x24, 0x21, 0x24, 0x21, 0x24, 0x21, 0x24, 0x21, 0x24, 0x21, 0x24, 0x21, 0x24, 0x21,
    0x24, 0x21, 0x24, 0x21, 0x24, 0x21, 0x24, 0x21, 0x24, 0x21, 0x24, 0x21, 0x24, 0x21, 0x24, 0x21,
    0x24, 0x21, 0x24, 0x21, 0x24, 0x21, 0x24, 0x21, 0x24, 0x21, 0x24, 0x21, 0x24, 0x21, 0x24, 0x21,
    0x24, 0x21, 0x24, 0x21, 0x24, 0x21, 0x24, 0x21, 0x24, 0x21, 0x24, 0x21, 0x24, 0x21, 0x24, 0x21,
    0x24, 0x21, 0x24, 0x21, 0x24, 0x21, 0x24, 0x21, 0x24, 0x21, 0x24, 0x21, 0x24, 0x21, 0x24, 0x21,
    0x24, 0x21, 0x24, 0x21, 0x24, 0x21, 0x24, 0x21, 0x24, 0x21, 0x24, 0x21, 0x24, 0x21, 0x24, 0x21,
    0x24, 0x21, 0x24, 0x21, 0x24, 0x21, 0x24, 0x21, 0x24, 0x21, 0x24, 0x21, 0x24, 0x21, 0x24, 0x21,
    0x24, 0x21, 0x24, 0x21, 0x24, 0x21, 0x24, 0x21, 0x24, 0x21, 0x24, 0x21, 0x24, 0x21, 0x24, 0x21,
    0x24, 0x21, 0x24, 0x21, 0x24, 0x21, 0x24, 0x21, 0x24, 0x21, 0x24, 0x21, 0x24, 0x21, 0x24, 0x21,
    0x24, 0x21, 0x24, 0x21, 0x24, 0x21, 0x24, 0x21, 0x24, 0x21, 0x24, 0x21, 0x24, 0x21, 0x24, 0x21,
    0x24, 0x21, 0x24, 0x21, 0x24, 0x21, 0x24, 0x21, 0x24, 0x21, 0x24, 0x21, 0x24, 0x21, 0x24, 0x21,
    0xB2, 0x94, 0x7D, 0xEF, 0x7D, 0xEF, 0x7D, 0xEF, 0x9E, 0xF7, 0x9E, 0xF7, 0x9E, 0xF7, 0xF3, 0xA4,
    0x28, 0x52, 0x60, 0x20, 0x60, 0x20, 0x60, 0x20, 0x60, 0x20, 0xC2, 0x28, 0x0F, 0x8C, 0x3C, 0xE7,
    0xBE, 0xF7, 0xBE, 0xF7, 0xBE, 0xF7, 0xBE, 0xF7, 0xBE, 0xF7, 0x9E, 0xF7, 0xBE, 0xF7, 0xBE, 0xF7,
    0xBE, 0xF7, 0xBE, 0xF7, 0xBE, 0xF7, 0x24, 0x21, 0x87, 0xC6, 0x87, 0xC6, 0x87, 0xC6, 0x87, 0xC6,
    0x87, 0xC6, 0x87, 0xC6, 0x87, 0xC6, 0x87, 0xC6, 0x87, 0xC6, 0x87, 0xC6, 0x87, 0xC6, 0x87, 0xC6,
    0x87, 0xC6, 0x87, 0xC6, 0x87, 0xC6, 0x87, 0xC6, 0x87, 0xC6, 0x87, 0xC6, 0x87, 0xC6, 0x87, 0xC6,
    0x87, 0xC6, 0x87, 0xC6, 0x87, 0xC6, 0x87, 0xC6, 0x87, 0xC6, 0x87, 0xC6, 0x87, 0xC6, 0x87, 0xC6,
    0x87, 0xC6, 0x87, 0xC6, 0x87, 0xC6, 0x87, 0xC6, 0x87, 0xC6, 0x87, 0xC6, 0x87, 0xC6, 0x87, 0xC6,
    0x87, 0xC6, 0x87, 0xC6, 0x87, 0xC6, 0x87, 0xC6, 0x87, 0xC6, 0x87, 0xC6, 0x87, 0xC6, 0x87, 0xC6,
    0x87, 0xC6, 0x87, 0xC6, 0x87, 0xC6, 0x24, 0x21, 0x59, 0xCE, 0x59, 0xCE, 0x59, 0xCE, 0x59, 0xCE,
    0x59, 0xCE, 0x59, 0xCE, 0x59, 0xCE, 0x04, 0x21, 0x04, 0x21, 0x04, 0x21, 0x04, 0x21, 0x04, 0x21,
    0x04, 0x21, 0x04, 0x21, 0x55, 0xAD, 0xFF, 0xFF, 0x38, 0xC6, 0xE7, 0x39, 0x2C, 0x63, 0x04, 0x21,
    0x04, 0x21, 0x04, 0x21, 0x04, 0x21, 0x04, 0x21, 0x04, 0x21, 0x59, 0xCE, 0x59, 0xCE, 0x59, 0xCE,
    0x59, 0xCE, 0x59, 0xCE, 0x59, 0xCE, 0x59, 0xCE, 0x59, 0xCE, 0x59, 0xCE, 0x59, 0xCE, 0x59, 0xCE,
    0x59, 0xCE, 0x59, 0xCE, 0x59, 0xCE, 0x59, 0xCE, 0x59, 0xCE, 0x59, 0xCE, 0x59, 0xCE, 0x59, 0xCE,
    0x59, 0xCE, 0x59, 0xCE, 0x59, 0xCE, 0x59, 0xCE, 0x59, 0xCE, 0x59, 0xCE, 0x59, 0xCE, 0x59, 0xCE,
    0x59, 0xCE, 0x59, 0xCE, 0x59, 0xCE, 0x59, 0xCE, 0x59, 0xCE, 0x59, 0xCE, 0x59, 0xCE, 0x59, 0xCE,
    0x59, 0xCE, 0x59, 0xCE, 0x59, 0xCE, 0x59, 0xCE, 0x59, 0xCE, 0x59, 0xCE, 0x59, 0xCE, 0x59, 0xCE,
    0x59, 0xCE, 0x59, 0xCE, 0x59, 0xCE, 0x59, 0xCE, 0x59, 0xCE, 0x59, 0xCE, 0x59, 0xCE, 0x59, 0xCE,
    0x59, 0xCE, 0x59, 0xCE, 0x59, 0xCE, 0x59, 0xCE, 0x59, 0xCE, 0x59, 0xCE, 0x59, 0xCE, 0x59, 0xCE,
    0x59, 0xCE, 0x59, 0xCE, 0x59, 0xCE, 0x59, 0xCE, 0x59, 0xCE, 0x59, 0xCE, 0x59, 0xCE, 0x59, 0xCE,
    0x59, 0xCE, 0x59, 0xCE, 0x59, 0xCE, 0x59, 0xCE, 0x59, 0xCE, 0x59, 0xCE, 0x59, 0xCE, 0x59, 0xCE,
    0x59, 0xCE, 0x59, 0xCE, 0x59, 0xCE, 0x59, 0xCE, 0x59, 0xCE, 0x59, 0xCE, 0x59, 0xCE, 0x59, 0xCE,
    0x59, 0xCE, 0x59, 0xCE, 0xC7, 0x39, 0x1C, 0xDF, 0x1C, 0xE7, 0x3C, 0xE7, 0x5D, 0xEF, 0x7D, 0xEF,
    0xE7, 0x37, 0xE9, 0x3F, 0xC8, 0x3D, 0x24, 0x21, 0x24, 0x21, 0x24, 0x21, 0x24, 0x21, 0x24, 0x21,
    0x24, 0x21, 0x24, 0x21, 0x24, 0x21, 0x24, 0x21, 0x24, 0x21, 0x24, 0x21, 0x24, 0x21, 0x24, 0x21,
    0x24, 0x21, 0x24, 0x21, 0x24, 0x21, 0x24, 0x21, 0x24, 0x21, 0x24, 0x21, 0x24, 0x21, 0x24, 0x21,
    0x24, 0x21, 0x24, 0x21, 0x24, 0x21, 0x24, 0x21, 0x24, 0x21, 0x24, 0x21, 0x24, 0x21, 0x24, 0x21,
    0x24, 0x21, 0x24, 0x21, 0x24, 0x21, 0x24, 0x21, 0x24, 0x21, 0x24, 0x21, 0x24, 0x21, 0x24, 0x21,
    0x24, 0x21, 0x24, 0x21, 0x24, 0x21, 0x24, 0x21, 0x24, 0x21, 0x24, 0x21, 0x24, 0x21, 0x24, 0x21,
    0x24, 0x21, 0x24, 0x21, 0x24, 0x21, 0x24, 0x21, 0x24, 0x21, 0x24, 0x21, 0x24, 0x21, 0x24, 0x21,
    0x24, 0x21, 0x24, 0x21, 0x24, 0x21, 0x24, 0x21, 0x24, 0x21, 0x24, 0x21, 0x24, 0x21, 0x24, 0x21,
    0x24, 0x21, 0x24, 0x21, 0x24, 0x21, 0x24, 0x21, 0x24, 0x21, 0x24, 0x21, 0x24, 0x21, 0x24, 0x21,
    0x24, 0x21, 0x24, 0x21, 0x24, 0x21, 0x24, 0x21, 0x24, 0x21, 0x24, 0x21, 0x24, 0x21, 0x24, 0x21,
    0x24, 0x21, 0x24, 0x21, 0x24, 0x21, 0x24, 0x21, 0x24, 0x21, 0x24, 0x21, 0x24, 0x21, 0x24, 0x21,
    0x24, 0x21, 0x24, 0x21, 0x24, 0x21, 0x24, 0x21, 0x24, 0x21, 0x24, 0x21, 0x24, 0x21, 0x24, 0x21,
    0x24, 0x21, 0x24, 0x21, 0x24, 0x21, 0x24, 0x21, 0x24, 0x21, 0x24, 0x21, 0x24, 0x21, 0x24, 0x21,
    0x24, 0x21, 0x24, 0x21, 0x24, 0x21, 0x24, 0x21, 0x24, 0x21, 0x24, 0x21, 0x24, 0x21, 0x24, 0x21,
    0x24, 0x21, 0x24, 0x21, 0x24, 0x21, 0x24, 0x21, 0x24, 0x21, 0x24, 0x21, 0x24, 0x21, 0x24, 0x21,
    0x24, 0x21, 0x24, 0x21, 0x24, 0x21, 0x24, 0x21, 0x24, 0x21, 0x24, 0x21, 0x24, 0x21, 0x24, 0x21,
    0xCB, 0x5A, 0x7D, 0xEF, 0x7D, 0xEF, 0x7D, 0xEF, 0x7D, 0xEF, 0x9E, 0xF7, 0x9E, 0xF7, 0x9E, 0xF7,
    0x9E, 0xF7, 0x3C, 0xE7, 0xD6, 0xBD, 0xD7, 0xBD, 0xDA, 0xDE, 0xBE, 0xF7, 0xBE, 0xF7, 0xBE, 0xF7,
    0xBE, 0xF7, 0xBE, 0xF7, 0xBE, 0xF7, 0x9E, 0xF7, 0x9E, 0xF7, 0xBE, 0xF7, 0xBE, 0xF7, 0xBE, 0xF7,
    0xBE, 0xF7, 0xBE, 0xF7, 0xBE, 0xF7, 0x24, 0x21, 0x87, 0xC6, 0x87, 0xC6, 0x87, 0xC6, 0x87, 0xC6,
    0x87, 0xC6, 0x87, 0xC6, 0x87, 0xC6, 0x87, 0xC6, 0x87, 0xC6, 0x87, 0xC6, 0x87, 0xC6, 0x87, 0xC6,
    0x87, 0xC6, 0x87, 0xC6, 0x87, 0xC6, 0x87, 0xC6, 0x87, 0xC6, 0x87, 0xC6, 0x87, 0xC6, 0x87, 0xC6,
    0x87, 0xC6, 0x87, 0xC6, 0x87, 0xC6, 0x87, 0xC6, 0x87, 0xC6, 0x87, 0xC6, 0x87, 0xC6, 0x87, 0xC6,
    0x87, 0xC6, 0x87, 0xC6, 0x87, 0xC6, 0x87, 0xC6, 0x87, 0xC6, 0x87, 0xC6, 0x87, 0xC6, 0x87, 0xC6,
    0x87, 0xC6, 0x87, 0xC6, 0x87, 0xC6, 0x87, 0xC6, 0x87, 0xC6, 0x87, 0xC6, 0x87, 0xC6, 0x87, 0xC6,
    0x87, 0xC6, 0x87, 0xC6, 0x87, 0xC6, 0x24, 0x21, 0x59, 0xCE, 0x59, 0xCE, 0x59, 0xCE, 0x59, 0xCE,
    0x59, 0xCE, 0x59, 0xCE, 0x59, 0xCE, 0x04, 0x21, 0x04, 0x21, 0x04, 0x21, 0x04, 0x21, 0x04, 0x21,
    0x04, 0x21, 0xE7, 0x39, 0xFF, 0xFF, 0xFF, 0xFF, 0xFF, 0xFF, 0xFF, 0xFF, 0xAE, 0x73, 0x04, 0x21,
    0x04, 0x21, 0x04, 0x21, 0x04, 0x21, 0x04, 0x21, 0x04, 0x21, 0x59, 0xCE, 0x59, 0xCE, 0x59, 0xCE,
    0x59, 0xCE, 0x59, 0xCE, 0x59, 0xCE, 0x59, 0xCE, 0x59, 0xCE, 0x59, 0xCE, 0x59, 0xCE, 0x59, 0xCE,
    0x59, 0xCE, 0x59, 0xCE, 0x59, 0xCE, 0x59, 0xCE, 0x59, 0xCE, 0x59, 0xCE, 0x59, 0xCE, 0x59, 0xCE,
    0x59, 0xCE, 0x59, 0xCE, 0x59, 0xCE, 0x59, 0xCE, 0x59, 0xCE, 0x59, 0xCE, 0x59, 0xCE, 0x59, 0xCE,
    0x59, 0xCE, 0x59, 0xCE, 0x59, 0xCE, 0x59, 0xCE, 0x59, 0xCE, 0x59, 0xCE, 0x59, 0xCE, 0x59, 0xCE,
    0x59, 0xCE, 0x59, 0xCE, 0x59, 0xCE, 0x59, 0xCE, 0x59, 0xCE, 0x59, 0xCE, 0x59, 0xCE, 0x59, 0xCE,
    0x59, 0xCE, 0x59, 0xCE, 0x59, 0xCE, 0x59, 0xCE, 0x59, 0xCE, 0x59, 0xCE, 0x59, 0xCE, 0x59, 0xCE,
    0x59, 0xCE, 0x59, 0xCE, 0x59, 0xCE, 0x59, 0xCE, 0x59, 0xCE, 0x59, 0xCE, 0x59, 0xCE, 0x59, 0xCE,
    0x59, 0xCE, 0x59, 0xCE, 0x59, 0xCE, 0x59, 0xCE, 0x59, 0xCE, 0x59, 0xCE, 0x59, 0xCE, 0x59, 0xCE,
    0x59, 0xCE, 0x59, 0xCE, 0x59, 0xCE, 0x59, 0xCE, 0x59, 0xCE, 0x59, 0xCE, 0x59, 0xCE, 0x59, 0xCE,
    0x59, 0xCE, 0x59, 0xCE, 0x59, 0xCE, 0x59, 0xCE, 0x59, 0xCE, 0x59, 0xCE, 0x59, 0xCE, 0x59, 0xCE,
    0x59, 0xCE, 0x59, 0xCE, 0xC7, 0x39, 0x1C, 0xDF, 0x1C, 0xE7, 0x3C, 0xE7, 0x5D, 0xEF, 0x7D, 0xEF,
    0xE6, 0x2F, 0xE8, 0x37, 0xE9, 0x47, 0xEA, 0x4F, 0xEB, 0x57, 0xEC, 0x57, 0xEC, 0x5F, 0xEC, 0x5F,
    0xEC, 0x5F, 0xEC, 0x5F, 0xEC, 0x5F, 0xEC, 0x5F, 0xEC, 0x5F, 0xEC, 0x5F, 0xEC, 0x5F, 0xEC, 0x5F,
    0xEC, 0x5F, 0xEC, 0x5F, 0xEC, 0x5F, 0xEC, 0x5F, 0xEC, 0x5F, 0xEC, 0x5F, 0xEC, 0x5F, 0xEC, 0x5F,
    0xEC, 0x5F, 0xEC, 0x5F, 0xEC, 0x5F, 0xEC, 0x5F, 0xEC, 0x5F, 0xEC, 0x5F, 0xEC, 0x5F, 0xEC, 0x5F,
    0xEC, 0x5F, 0xEC, 0x5F, 0xEC, 0x5F, 0xEC, 0x5F, 0xEC, 0x5F, 0xEC, 0x5F, 0xEC, 0x5F, 0xEC, 0x5F,
    0xEC, 0x5F, 0xEC, 0x5F, 0xEC, 0x5F, 0xEC, 0x5F, 0xEC, 0x5F, 0xEC, 0x5F, 0xEC, 0x5F, 0xEC, 0x5F,
    0xEC, 0x5F, 0xEC, 0x5F, 0xEC, 0x5F, 0xEC, 0x5F, 0xEC, 0x5F, 0xEC, 0x5F, 0xEC, 0x5F, 0xEC, 0x5F,
    0xEC, 0x5F, 0xEC, 0x5F, 0xEC, 0x5F, 0xEC, 0x5F, 0xEC, 0x5F, 0xEC, 0x5F, 0xEC, 0x5F, 0xEC, 0x5F,
    0xEC, 0x5F, 0xEC, 0x5F, 0xEC, 0x5F, 0xEC, 0x5F, 0xEC, 0x5F, 0xEC, 0x5F, 0xEC, 0x5F, 0xEC, 0x5F,
    0xEC, 0x5F, 0xEC, 0x5F, 0xEC, 0x5F, 0xEC, 0x5F, 0xEC, 0x5F, 0xEC, 0x5F, 0xEC, 0x5F, 0xEC, 0x5F,
    0xEC, 0x5F, 0xEC, 0x5F, 0xEC, 0x5F, 0xEC, 0x5F, 0xEC, 0x5F, 0xEC, 0x5F, 0xEC, 0x5F, 0xEC, 0x5F,
    0xEC, 0x5F, 0xEC, 0x5F, 0xEC, 0x5F, 0xEC, 0x5F, 0xEC, 0x5F, 0xEC, 0x5F, 0xEC, 0x5F, 0xEC, 0x5F,
    0xEC, 0x5F, 0xEC, 0x5F, 0xEC, 0x5F, 0xEC, 0x5F, 0xEC, 0x5F, 0xEC, 0x5F, 0xEC, 0x5F, 0xEC, 0x5F,
    0xEC, 0x5F, 0xEC, 0x5F, 0xEC, 0x5F, 0xEC, 0x5F, 0xEC, 0x5F, 0xEC, 0x5F, 0xEC, 0x5F, 0xEC, 0x5F,
    0xEC, 0x5F, 0xEC, 0x5F, 0xEC, 0x5F, 0xEC, 0x5F, 0xEC, 0x5F, 0xEC, 0x5F, 0xEC, 0x5F, 0xEC, 0x5F,
    0xEC, 0x5F, 0xEC, 0x5F, 0xEC, 0x5F, 0xEC, 0x5F, 0xEC, 0x5F, 0xEC, 0x5F, 0xEC, 0x5F, 0xEC, 0x5F,
    0xEC, 0x5F, 0xEF, 0x6F, 0x7B, 0xDF, 0x7D, 0xEF, 0x7D, 0xEF, 0x9E, 0xF7, 0x9E, 0xF7, 0x9E, 0xF7,
    0x9E, 0xF7, 0x9E, 0xF7, 0x9E, 0xF7, 0x9E, 0xF7, 0x9E, 0xF7, 0xBE, 0xF7, 0xBE, 0xF7, 0xBE, 0xF7,
    0xBE, 0xF7, 0x9E, 0xF7, 0xBE, 0xF7, 0x9E, 0xF7, 0xBE, 0xF7, 0x9E, 0xF7, 0xBE, 0xF7, 0xBE, 0xF7,
    0xBE, 0xF7, 0xBE, 0xF7, 0xBE, 0xF7, 0x24, 0x21, 0x87, 0xC6, 0x87, 0xC6, 0x87, 0xC6, 0x87, 0xC6,
    0x87, 0xC6, 0x87, 0xC6, 0x87, 0xC6, 0x87, 0xC6, 0x87, 0xC6, 0x87, 0xC6, 0x87, 0xC6, 0x87, 0xC6,
    0x87, 0xC6, 0x87, 0xC6, 0x87, 0xC6, 0x87, 0xC6, 0x87, 0xC6, 0x87, 0xC6, 0x87, 0xC6, 0x87, 0xC6,
    0x87, 0xC6, 0x87, 0xC6, 0x87, 0xC6, 0x87, 0xC6, 0x87, 0xC6, 0x87, 0xC6, 0x87, 0xC6, 0x87, 0xC6,
    0x87, 0xC6, 0x87, 0xC6, 0x87, 0xC6, 0x87, 0xC6, 0x87, 0xC6, 0x87, 0xC6, 0x87, 0xC6, 0x87, 0xC6,
    0x87, 0xC6, 0x87, 0xC6, 0x87, 0xC6, 0x87, 0xC6, 0x87, 0xC6, 0x87, 0xC6, 0x87, 0xC6, 0x87, 0xC6,
    0x87, 0xC6, 0x87, 0xC6, 0x87, 0xC6, 0x24, 0x21, 0x59, 0xCE, 0x59, 0xCE, 0x59, 0xCE, 0x59, 0xCE,
    0x59, 0xCE, 0x59, 0xCE, 0x59, 0xCE, 0x04, 0x21, 0x04, 0x21, 0x04, 0x21, 0x04, 0x21, 0x04, 0x21,
    0x04, 0x21, 0x55, 0xAD, 0xFF, 0xFF, 0xFF, 0xFF, 0xFF, 0xFF, 0x1C, 0xE7, 0x04, 0x21, 0x04, 0x21,
    0x04, 0x21, 0x04, 0x21, 0x04, 0x21, 0x04, 0x21, 0x04, 0x21, 0x59, 0xCE, 0x59, 0xCE, 0x59, 0xCE,
    0x59, 0xCE, 0x59, 0xCE, 0x59, 0xCE, 0x59, 0xCE, 0x59, 0xCE, 0x59, 0xCE, 0x59, 0xCE, 0x59, 0xCE,
    0x59, 0xCE, 0x59, 0xCE, 0x59, 0xCE, 0x59, 0xCE, 0x59, 0xCE, 0x59, 0xCE, 0x59, 0xCE, 0x59, 0xCE,
    0x59, 0xCE, 0x59, 0xCE, 0x59, 0xCE, 0x59, 0xCE, 0x59, 0xCE, 0x59, 0xCE, 0x59, 0xCE, 0x59, 0xCE,
    0x59, 0xCE, 0x59, 0xCE, 0x59, 0xCE, 0x59, 0xCE, 0x59, 0xCE, 0x59, 0xCE, 0x59, 0xCE, 0x59, 0xCE,
    0x59, 0xCE, 0x59, 0xCE, 0x59, 0xCE, 0x59, 0xCE, 0x59, 0xCE, 0x59, 0xCE, 0x59, 0xCE, 0x59, 0xCE,
    0x59, 0xCE, 0x59, 0xCE, 0x59, 0xCE, 0x59, 0xCE, 0x59, 0xCE, 0x59, 0xCE, 0x59, 0xCE, 0x59, 0xCE,
    0x59, 0xCE, 0x59, 0xCE, 0x59, 0xCE, 0x59, 0xCE, 0x59, 0xCE, 0x59, 0xCE, 0x59, 0xCE, 0x59, 0xCE,
    0x59, 0xCE, 0x59, 0xCE, 0x59, 0xCE, 0x59, 0xCE, 0x59, 0xCE, 0x59, 0xCE, 0x59, 0xCE, 0x59, 0xCE,
    0x59, 0xCE, 0x59, 0xCE, 0x59, 0xCE, 0x59, 0xCE, 0x59, 0xCE, 0x59, 0xCE, 0x59, 0xCE, 0x59, 0xCE,
    0x59, 0xCE, 0x59, 0xCE, 0x59, 0xCE, 0x59, 0xCE, 0x59, 0xCE, 0x59, 0xCE, 0x59, 0xCE, 0x59, 0xCE,
    0x59, 0xCE, 0x59, 0xCE, 0xC7, 0x39, 0xFB, 0xDE, 0x1C, 0xE7, 0x3C, 0xE7, 0x5D, 0xEF, 0x7D, 0xEF,
    0xE6, 0x27, 0xE7, 0x2F, 0xE8, 0x37, 0xE9, 0x47, 0xEA, 0x4F, 0xEB, 0x57, 0xEB, 0x57, 0xEB, 0x57,
    0xEB, 0x57, 0xEB, 0x57, 0xEB, 0x57, 0xEB, 0x57, 0xEB, 0x57, 0xEB, 0x57, 0xEB, 0x57, 0xEB, 0x57,
    0xEB, 0x57, 0xEB, 0x57, 0xEB, 0x57, 0xEB, 0x57, 0xEB, 0x57, 0xEB, 0x57, 0xEB, 0x57, 0xEB, 0x57,
    0xEB, 0x57, 0xEB, 0x57, 0xEB, 0x57, 0xEB, 0x57, 0xEB, 0x57, 0xEB, 0x57, 0xEB, 0x57, 0xEB, 0x57,
    0xEB, 0x57, 0xEB, 0x57, 0xEB, 0x57, 0xEB, 0x57, 0xEB, 0x57, 0xEB, 0x57, 0xEB, 0x57, 0xEB, 0x57,
    0xEB, 0x57, 0xEB, 0x57, 0xEB, 0x57, 0xEB, 0x57, 0xEB, 0x57, 0xEB, 0x57, 0xEB, 0x57, 0xEB, 0x57,
    0xEB, 0x57, 0xEB, 0x57, 0xEB, 0x57, 0xEB, 0x57, 0xEB, 0x57, 0xEB, 0x57, 0xEB, 0x57, 0xEB, 0x57,
    0xEB, 0x57, 0xEB, 0x57, 0xEB, 0x57, 0xEB, 0x57, 0xEB, 0x57, 0xEB, 0x57, 0xEB, 0x57, 0xEB, 0x57,
    0xEB, 0x57, 0xEB, 0x57, 0xEB, 0x57, 0xEB, 0x57, 0xEB, 0x57, 0xEB, 0x57, 0xEB, 0x57, 0xEB, 0x57,
    0xEB, 0x57, 0xEB, 0x57, 0xEB, 0x57, 0xEB, 0x57, 0xEB, 0x57, 0xEB, 0x57, 0xEB, 0x57, 0xEB, 0x57,
    0xEB, 0x57, 0xEB, 0x57, 0xEB, 0x57, 0xEB, 0x57, 0xEB, 0x57, 0xEB, 0x57, 0xEB, 0x57, 0xEB, 0x57,
    0xEB, 0x57, 0xEB, 0x57, 0xEB, 0x57, 0xEB, 0x57, 0xEB, 0x57, 0xEB, 0x57, 0xEB, 0x57, 0xEB, 0x57,
    0xEB, 0x57, 0xEB, 0x57, 0xEB, 0x57, 0xEB, 0x57, 0xEB, 0x57, 0xEB, 0x57, 0xEB, 0x57, 0xEB, 0x57,
    0xEB, 0x57, 0xEB, 0x57, 0xEB, 0x57, 0xEB, 0x57, 0xEB, 0x57, 0xEB, 0x57, 0xEB, 0x57, 0xEB, 0x57,
    0xEB, 0x57, 0xEB, 0x57, 0xEB, 0x57, 0xEB, 0x57, 0xEB, 0x57, 0xEB, 0x57, 0xEB, 0x57, 0xEB, 0x57,
    0xEB, 0x57, 0xEB, 0x57, 0xEB, 0x57, 0xEB, 0x57, 0xEB, 0x57, 0xEB, 0x57, 0xEB, 0x57, 0xEB, 0x57,
    0xEC, 0x57, 0xEC, 0x5F, 0xEC, 0x5F, 0xB5, 0xA7, 0x7D, 0xEF, 0x7D, 0xEF, 0x9E, 0xF7, 0x9E, 0xF7,
    0x9E, 0xF7, 0x9E, 0xF7, 0x9E, 0xF7, 0x9E, 0xF7, 0x9E, 0xF7, 0x9E, 0xF7, 0x9E, 0xF7, 0x9E, 0xF7,
    0x9E, 0xF7, 0x9E, 0xF7, 0x9E, 0xF7, 0x9E, 0xF7, 0xBE, 0xF7, 0xBE, 0xF7, 0xBE, 0xF7, 0xBE, 0xF7,
    0xBE, 0xF7, 0xBE, 0xF7, 0xBE, 0xF7, 0x24, 0x21, 0x87, 0xC6, 0x87, 0xC6, 0x87, 0xC6, 0x87, 0xC6,
    0x87, 0xC6, 0x87, 0xC6, 0x87, 0xC6, 0x87, 0xC6, 0x87, 0xC6, 0x87, 0xC6, 0x87, 0xC6, 0x87, 0xC6,
    0x87, 0xC6, 0x87, 0xC6, 0x87, 0xC6, 0x87, 0xC6, 0x87, 0xC6, 0x87, 0xC6, 0x87, 0xC6, 0x87, 0xC6,
    0x87, 0xC6, 0x87, 0xC6, 0x87, 0xC6, 0x87, 0xC6, 0x87, 0xC6, 0x87, 0xC6, 0x87, 0xC6, 0x87, 0xC6,
    0x87, 0xC6, 0x87, 0xC6, 0x87, 0xC6, 0x87, 0xC6, 0x87, 0xC6, 0x87, 0xC6, 0x87, 0xC6, 0x87, 0xC6,
    0x87, 0xC6, 0x87, 0xC6, 0x87, 0xC6, 0x87, 0xC6, 0x87, 0xC6, 0x87, 0xC6, 0x87, 0xC6, 0x87, 0xC6,
    0x87, 0xC6, 0x87, 0xC6, 0x87, 0xC6, 0x24, 0x21, 0x59, 0xCE, 0x59, 0xCE, 0x59, 0xCE, 0x59, 0xCE,
    0x59, 0xCE, 0x59, 0xCE, 0x59, 0xCE, 0x04, 0x21, 0x04, 0x21, 0x04, 0x21, 0x04, 0x21, 0x04, 0x21,
    0x65, 0x29, 0x75, 0xAD, 0x92, 0x94, 0xFF, 0xFF, 0xFF, 0xFF, 0xAE, 0x73, 0x04, 0x21, 0x04, 0x21,
    0x04, 0x21, 0x04, 0x21, 0x04, 0x21, 0x04, 0x21, 0x04, 0x21, 0x59, 0xCE, 0x59, 0xCE, 0x59, 0xCE,
    0x59, 0xCE, 0x59, 0xCE, 0x59, 0xCE, 0x59, 0xCE, 0x59, 0xCE, 0x59, 0xCE, 0x59, 0xCE, 0x59, 0xCE,
    0x59, 0xCE, 0x59, 0xCE, 0x59, 0xCE, 0x59, 0xCE, 0x59, 0xCE, 0x59, 0xCE, 0x59, 0xCE, 0x59, 0xCE,
    0x59, 0xCE, 0x59, 0xCE, 0x59, 0xCE, 0x59, 0xCE, 0x59, 0xCE, 0x59, 0xCE, 0x59, 0xCE, 0x59, 0xCE,
    0x59, 0xCE, 0x59, 0xCE, 0x59, 0xCE, 0x59, 0xCE, 0x59, 0xCE, 0x59, 0xCE, 0x59, 0xCE, 0x59, 0xCE,
    0x59, 0xCE, 0x59, 0xCE, 0x59, 0xCE, 0x59, 0xCE, 0x59, 0xCE, 0x59, 0xCE, 0x59, 0xCE, 0x59, 0xCE,
    0x59, 0xCE, 0x59, 0xCE, 0x59, 0xCE, 0x59, 0xCE, 0x59, 0xCE, 0x59, 0xCE, 0x59, 0xCE, 0x59, 0xCE,
    0x59, 0xCE, 0x59, 0xCE, 0x59, 0xCE, 0x59, 0xCE, 0x59, 0xCE, 0x59, 0xCE, 0x59, 0xCE, 0x59, 0xCE,
    0x59, 0xCE, 0x59, 0xCE, 0x59, 0xCE, 0x59, 0xCE, 0x59, 0xCE, 0x59, 0xCE, 0x59, 0xCE, 0x59, 0xCE,
    0x59, 0xCE, 0x59, 0xCE, 0x59, 0xCE, 0x59, 0xCE, 0x59, 0xCE, 0x59, 0xCE, 0x59, 0xCE, 0x59, 0xCE,
    0x59, 0xCE, 0x59, 0xCE, 0x59, 0xCE, 0x59, 0xCE, 0x59, 0xCE, 0x59, 0xCE, 0x59, 0xCE, 0x59, 0xCE,
    0x59, 0xCE, 0x59, 0xCE, 0xC7, 0x39, 0x1C, 0xDF, 0x1C, 0xE7, 0x3C, 0xE7, 0x5D, 0xEF, 0x7D, 0xEF,
    0xE5, 0x1F, 0xE6, 0x27, 0xE7, 0x2F, 0xE8, 0x37, 0xE9, 0x3F, 0xE9, 0x47, 0xEA, 0x47, 0xEA, 0x4F,
    0xEA, 0x4F, 0xEA, 0x4F, 0xEA, 0x4F, 0xEA, 0x4F, 0xEA, 0x4F, 0xEA, 0x4F, 0xEA, 0x4F, 0xEA, 0x4F,
    0xEA, 0x4F, 0xEA, 0x4F, 0xEA, 0x4F, 0xEA, 0x4F, 0xEA, 0x4F, 0xEA, 0x4F, 0xEA, 0x4F, 0xEA, 0x4F,
    0xEA, 0x4F, 0xEA, 0x4F, 0xEA, 0x4F, 0xEA, 0x4F, 0xEA, 0x4F, 0xEA, 0x4F, 0xEA, 0x4F, 0xEA, 0x4F,
    0xEA, 0x4F, 0xEA, 0x4F, 0xEA, 0x4F, 0xEA, 0x4F, 0xEA, 0x4F, 0xEA, 0x4F, 0xEA, 0x4F, 0xEA, 0x4F,
    0xEA, 0x4F, 0xEA, 0x4F, 0xEA, 0x4F, 0xEA, 0x4F, 0xEA, 0x4F, 0xEA, 0x4F, 0xEA, 0x4F, 0xEA, 0x4F,
    0xEA, 0x4F, 0xEA, 0x4F, 0xEA, 0x4F, 0xEA, 0x4F, 0xEA, 0x4F, 0xEA, 0x4F, 0xEA, 0x4F, 0xEA, 0x4F,
    0xEA, 0x4F, 0xEA, 0x4F, 0xEA, 0x4F, 0xEA, 0x4F, 0xEA, 0x4F, 0xEA, 0x4F, 0xEA, 0x4F, 0xEA, 0x4F,
    0xEA, 0x4F, 0xEA, 0x4F, 0xEA, 0x4F, 0xEA, 0x4F, 0xEA, 0x4F, 0xEA, 0x4F, 0xEA, 0x4F, 0xEA, 0x4F,
    0xEA, 0x4F, 0xEA, 0x4F, 0xEA, 0x4F, 0xEA, 0x4F, 0xEA, 0x4F, 0xEA, 0x4F, 0xEA, 0x4F, 0xEA, 0x4F,
    0xEA, 0x4F, 0xEA, 0x4F, 0xEA, 0x4F, 0xEA, 0x4F, 0xEA, 0x4F, 0xEA, 0x4F, 0xEA, 0x4F, 0xEA, 0x4F,
    0xEA, 0x4F, 0xEA, 0x4F, 0xEA, 0x4F, 0xEA, 0x4F, 0xEA, 0x4F, 0xEA, 0x4F, 0xEA, 0x4F, 0xEA, 0x4F,
    0xEA, 0x4F, 0xEA, 0x4F, 0xEA, 0x4F, 0xEA, 0x4F, 0xEA, 0x4F, 0xEA, 0x4F, 0xEA, 0x4F, 0xEA, 0x4F,
    0xEA, 0x4F, 0xEA, 0x4F, 0xEA, 0x4F, 0xEA, 0x4F, 0xEA, 0x4F, 0xEA, 0x4F, 0xEA, 0x4F, 0xEA, 0x4F,
    0xEA, 0x4F, 0xEA, 0x4F, 0xEA, 0x4F, 0xEA, 0x4F, 0xEA, 0x4F, 0xEA, 0x4F, 0xEA, 0x4F, 0xEA, 0x4F,
    0xEA, 0x4F, 0xEA, 0x4F, 0xEA, 0x4F, 0xEA, 0x4F, 0xEA, 0x4F, 0xEA, 0x4F, 0xEA, 0x4F, 0xEA, 0x4F,
    0xEB, 0x4F, 0xEB, 0x57, 0xEC, 0x57, 0xEC, 0x5F, 0xEF, 0x77, 0x99, 0xCF, 0x7D, 0xEF, 0x7D, 0xEF,
    0x9E, 0xF7, 0x9E, 0xF7, 0x9E, 0xF7, 0x9E, 0xF7, 0x9E, 0xF7, 0x9E, 0xF7, 0x9E, 0xF7, 0x9E, 0xF7,
    0x9E, 0xF7, 0xBA, 0xCF, 0xD3, 0x97, 0xB6, 0xB7, 0x9E, 0xF7, 0x9E, 0xF7, 0xBE, 0xF7, 0xBE, 0xF7,
    0xBE, 0xF7, 0xBE, 0xF7, 0xBE, 0xF7, 0x24, 0x21, 0x87, 0xC6, 0x87, 0xC6, 0x87, 0xC6, 0x87, 0xC6,
    0x87, 0xC6, 0x87, 0xC6, 0x87, 0xC6, 0x87, 0xC6, 0x87, 0xC6, 0x87, 0xC6, 0x87, 0xC6, 0x87, 0xC6,
    0x87, 0xC6, 0x87, 0xC6, 0x87, 0xC6, 0x87, 0xC6, 0x87, 0xC6, 0x87, 0xC6, 0x87, 0xC6, 0x87, 0xC6,
    0x87, 0xC6, 0x87, 0xC6, 0x87, 0xC6, 0x87, 0xC6, 0x87, 0xC6, 0x87, 0xC6, 0x87, 0xC6, 0x87, 0xC6,
    0x87, 0xC6, 0x87, 0xC6, 0x87, 0xC6, 0x87, 0xC6, 0x87, 0xC6, 0x87, 0xC6, 0x87, 0xC6, 0x87, 0xC6,
    0x87, 0xC6, 0x87, 0xC6, 0x87, 0xC6, 0x87, 0xC6, 0x87, 0xC6, 0x87, 0xC6, 0x87, 0xC6, 0x87, 0xC6,
    0x87, 0xC6, 0x87, 0xC6, 0x87, 0xC6, 0x24, 0x21, 0x59, 0xCE, 0x59, 0xCE, 0x59, 0xCE, 0x59, 0xCE,
    0x59, 0xCE, 0x59, 0xCE, 0x59, 0xCE, 0x04, 0x21, 0x04, 0x21, 0x04, 0x21, 0x04, 0x21, 0x04, 0x21,
    0x04, 0x21, 0x04, 0x21, 0xE7, 0x39, 0xFF, 0xFF, 0x1C, 0xE7, 0x04, 0x21, 0x04, 0x21, 0x04, 0x21,
    0x04, 0x21, 0x04, 0x21, 0x04, 0x21, 0x04, 0x21, 0x04, 0x21, 0x59, 0xCE, 0x59, 0xCE, 0x59, 0xCE,
    0x59, 0xCE, 0x59, 0xCE, 0x59, 0xCE, 0x59, 0xCE, 0x59, 0xCE, 0x59, 0xCE, 0x59, 0xCE, 0x59, 0xCE,
    0x59, 0xCE, 0x59, 0xCE, 0x59, 0xCE, 0x59, 0xCE, 0x59, 0xCE, 0x59, 0xCE, 0x59, 0xCE, 0x59, 0xCE,
    0x59, 0xCE, 0x59, 0xCE, 0x59, 0xCE, 0x59, 0xCE, 0x59, 0xCE, 0x59, 0xCE, 0x59, 0xCE, 0x59, 0xCE,
    0x59, 0xCE, 0x59, 0xCE, 0x59, 0xCE, 0x59, 0xCE, 0x59, 0xCE, 0x59, 0xCE, 0x59, 0xCE, 0x59, 0xCE,
    0x59, 0xCE, 0x59, 0xCE, 0x59, 0xCE, 0x59, 0xCE, 0x59, 0xCE, 0x59, 0xCE, 0x59, 0xCE, 0x59, 0xCE,
    0x59, 0xCE, 0x59, 0xCE, 0x59, 0xCE, 0x59, 0xCE, 0x59, 0xCE, 0x59, 0xCE, 0x59, 0xCE, 0x59, 0xCE,
    0x59, 0xCE, 0x59, 0xCE, 0x59, 0xCE, 0x59, 0xCE, 0x59, 0xCE, 0x59, 0xCE, 0x59, 0xCE, 0x59, 0xCE,
    0x59, 0xCE, 0x59, 0xCE, 0x59, 0xCE, 0x59, 0xCE, 0x59, 0xCE, 0x59, 0xCE, 0x59, 0xCE, 0x59, 0xCE,
    0x59, 0xCE, 0x59, 0xCE, 0x59, 0xCE, 0x59, 0xCE, 0x59, 0xCE, 0x59, 0xCE, 0x59, 0xCE, 0x59, 0xCE,
    0x59, 0xCE, 0x59, 0xCE, 0x59, 0xCE, 0x59, 0xCE, 0x59, 0xCE, 0x59, 0xCE, 0x59, 0xCE, 0x59, 0xCE,
    0x59, 0xCE, 0x59, 0xCE, 0xC7, 0x39, 0x1C, 0xDF, 0x1C, 0xE7, 0x3C, 0xE7, 0x5D, 0xEF, 0x7D, 0xEF,
    0xE5, 0x1F, 0xE5, 0x1F, 0xE6, 0x27, 0xE7, 0x2F, 0xE7, 0x37, 0xE8, 0x37, 0xE8, 0x3F, 0xE8, 0x3F,
    0xE8, 0x3F, 0xE8, 0x3F, 0xE8, 0x3F, 0xE8, 0x3F, 0xE9, 0x3F, 0xE8, 0x3F, 0xE8, 0x3F, 0xE8, 0x3F,
    0xE8, 0x3F, 0xE8, 0x3F, 0xE8, 0x3F, 0xE8, 0x3F, 0xE8, 0x3F, 0xE8, 0x3F, 0xE9, 0x3F, 0xE8, 0x3F,
    0xE9, 0x3F, 0xE8, 0x3F, 0xE8, 0x3F, 0xE8, 0x3F, 0xE8, 0x3F, 0xE8, 0x3F, 0xE8, 0x3F, 0xE8, 0x3F,
    0xE8, 0x3F, 0xE8, 0x3F, 0xE8, 0x3F, 0xE8, 0x3F, 0xE8, 0x3F, 0xE8, 0x3F, 0xE8, 0x3F, 0xE8, 0x3F,
    0xE8, 0x3F, 0xE8, 0x3F, 0xE8, 0x3F, 0xE8, 0x3F, 0xE8, 0x3F, 0xE8, 0x3F, 0xE8, 0x3F, 0xE8, 0x3F,
    0xE8, 0x3F, 0xE8, 0x3F, 0xE8, 0x3F, 0xE8, 0x3F, 0xE8, 0x3F, 0xE8, 0x3F, 0xE8, 0x3F, 0xE8, 0x3F,
    0xE9, 0x3F, 0xE8, 0x3F, 0xE8, 0x3F, 0xE9, 0x3F, 0xE8, 0x3F, 0xE8, 0x3F, 0xE8, 0x3F, 0xE9, 0x3F,
    0xE8, 0x3F, 0xE8, 0x3F, 0xE8, 0x3F, 0xE9, 0x3F, 0xE9, 0x3F, 0xE8, 0x3F, 0xE8, 0x3F, 0xE8, 0x3F,
    0xE8, 0x3F, 0xE8, 0x3F, 0xE8, 0x3F, 0xE8, 0x3F, 0xE8, 0x3F, 0xE8, 0x3F, 0xE9, 0x3F, 0xE8, 0x3F,
    0xE9, 0x3F, 0xE8, 0x3F, 0xE8, 0x3F, 0xE8, 0x3F, 0xE8, 0x3F, 0xE8, 0x3F, 0xE9, 0x3F, 0xE9, 0x3F,
    0xE8, 0x3F, 0xE8, 0x3F, 0xE8, 0x3F, 0xE8, 0x3F, 0xE9, 0x3F, 0xE8, 0x3F, 0xE8, 0x3F, 0xE8, 0x3F,
    0xE8, 0x3F, 0xE8, 0x3F, 0xE8, 0x3F, 0xE9, 0x3F, 0xE8, 0x3F, 0xE8, 0x3F, 0xE8, 0x3F, 0xE8, 0x3F,
    0xE8, 0x3F, 0xE8, 0x3F, 0xE8, 0x3F, 0xE8, 0x3F, 0xE8, 0x3F, 0xE9, 0x3F, 0xE8, 0x3F, 0xE8, 0x3F,
    0xE8, 0x3F, 0xE8, 0x3F, 0xE8, 0x3F, 0xE8, 0x3F, 0xE8, 0x3F, 0xE8, 0x3F, 0xE8, 0x3F, 0xE8, 0x3F,
    0xE8, 0x3F, 0xE9, 0x3F, 0xE8, 0x3F, 0xE8, 0x3F, 0xE8, 0x3F, 0xE8, 0x3F, 0xE9, 0x3F, 0xE9, 0x3F,
    0xE9, 0x47, 0xEA, 0x47, 0xEB, 0x4F, 0xEB, 0x57, 0xEC, 0x5F, 0xEC, 0x5F, 0xD1, 0x87, 0xB7, 0xBF,
    0x9B, 0xDF, 0x9E, 0xF7, 0x9E, 0xF7, 0x9E, 0xF7, 0x9E, 0xF7, 0x9E, 0xF7, 0x9D, 0xEF, 0xD6, 0xB7,
    0xD1, 0x87, 0xED, 0x5F, 0xEC, 0x5F, 0xEC, 0x5F, 0xB7, 0xBF, 0xBE, 0xF7, 0x9E, 0xF7, 0xBE, 0xF7,
    0xBE, 0xF7, 0xBE, 0xF7, 0xBE, 0xF7, 0x24, 0x21, 0x87, 0xC6, 0x87, 0xC6, 0x87, 0xC6, 0x87, 0xC6,
    0x87, 0xC6, 0x87, 0xC6, 0x87, 0xC6, 0x87, 0xC6, 0x87, 0xC6, 0x87, 0xC6, 0x87, 0xC6, 0x87, 0xC6,
    0x87, 0xC6, 0x87, 0xC6, 0x87, 0xC6, 0x87, 0xC6, 0x87, 0xC6, 0x87, 0xC6, 0x87, 0xC6, 0x87, 0xC6,
    0x87, 0xC6, 0x87, 0xC6, 0x87, 0xC6, 0x87, 0xC6, 0x87, 0xC6, 0x87, 0xC6, 0x87, 0xC6, 0x87, 0xC6,
    0x87, 0xC6, 0x87, 0xC6, 0x87, 0xC6, 0x87, 0xC6, 0x87, 0xC6, 0x87, 0xC6, 0x87, 0xC6, 0x87, 0xC6,
    0x87, 0xC6, 0x87, 0xC6, 0x87, 0xC6, 0x87, 0xC6, 0x87, 0xC6, 0x87, 0xC6, 0x87, 0xC6, 0x87, 0xC6,
    0x87, 0xC6, 0x87, 0xC6, 0x87, 0xC6, 0x24, 0x21, 0x38, 0xC6, 0x59, 0xCE, 0x59, 0xCE, 0x59, 0xCE,
    0x59, 0xCE, 0x59, 0xCE, 0x59, 0xCE, 0x04, 0x21, 0x04, 0x21, 0x04, 0x21, 0x04, 0x21, 0x04, 0x21,
    0x04, 0x21, 0x04, 0x21, 0x49, 0x4A, 0xFF, 0xFF, 0xAE, 0x73, 0x04, 0x21, 0x04, 0x21, 0x04, 0x21,
    0x04, 0x21, 0x04, 0x21, 0x04, 0x21, 0x04, 0x21, 0x04, 0x21, 0x59, 0xCE, 0x59, 0xCE, 0x59, 0xCE,
    0x59, 0xCE, 0x59, 0xCE, 0x59, 0xCE, 0x59, 0xCE, 0x59, 0xCE, 0x59, 0xCE, 0x59, 0xCE, 0x59, 0xCE,
    0x59, 0xCE, 0x59, 0xCE, 0x59, 0xCE, 0x59, 0xCE, 0x59, 0xCE, 0x59, 0xCE, 0x59, 0xCE, 0x59, 0xCE,
    0x59, 0xCE, 0x59, 0xCE, 0x59, 0xCE, 0x59, 0xCE, 0x59, 0xCE, 0x59, 0xCE, 0x59, 0xCE, 0x59, 0xCE,
    0x59, 0xCE, 0x59, 0xCE, 0x59, 0xCE, 0x59, 0xCE, 0x59, 0xCE, 0x59, 0xCE, 0x59, 0xCE, 0x59, 0xCE,
    0x59, 0xCE, 0x59, 0xCE, 0x59, 0xCE, 0x59, 0xCE, 0x59, 0xCE, 0x59, 0xCE, 0x59, 0xCE, 0x59, 0xCE,
    0x59, 0xCE, 0x59, 0xCE, 0x59, 0xCE, 0x59, 0xCE, 0x59, 0xCE, 0x59, 0xCE, 0x59, 0xCE, 0x59, 0xCE,
    0x59, 0xCE, 0x59, 0xCE, 0x59, 0xCE, 0x59, 0xCE, 0x59, 0xCE, 0x59, 0xCE, 0x59, 0xCE, 0x59, 0xCE,
    0x59, 0xCE, 0x59, 0xCE, 0x59, 0xCE, 0x59, 0xCE, 0x59, 0xCE, 0x59, 0xCE, 0x59, 0xCE, 0x59, 0xCE,
    0x59, 0xCE, 0x59, 0xCE, 0x59, 0xCE, 0x59, 0xCE, 0x59, 0xCE, 0x59, 0xCE, 0x59, 0xCE, 0x59, 0xCE,
    0x59, 0xCE, 0x59, 0xCE, 0x59, 0xCE, 0x59, 0xCE, 0x59, 0xCE, 0x59, 0xCE, 0x59, 0xCE, 0x59, 0xCE,
    0x59, 0xCE, 0x59, 0xCE, 0xC7, 0x39, 0x1C, 0xDF, 0x1C, 0xE7, 0x3C, 0xE7, 0x5D, 0xEF, 0x7D, 0xEF,
    0xE4, 0x1F, 0xE5, 0x1F, 0xE5, 0x1F, 0xE5, 0x27, 0xE6, 0x27, 0xE6, 0x27, 0xE6, 0x2F, 0xE7, 0x2F,
    0xE7, 0x2F, 0xE7, 0x2F, 0xE7, 0x2F, 0xE7, 0x2F, 0xE7, 0x2F, 0xE7, 0x2F, 0xE7, 0x2F, 0xE7, 0x2F,
    0xE7, 0x2F, 0xE7, 0x2F, 0xE7, 0x2F, 0xE7, 0x2F, 0xE7, 0x2F, 0xE7, 0x2F, 0xE6, 0x2F, 0xE7, 0x2F,
    0xE7, 0x2F, 0xE7, 0x2F, 0xE7, 0x2F, 0xE7, 0x2F, 0xE7, 0x2F, 0xE6, 0x2F, 0xE7, 0x2F, 0xE7, 0x2F,
    0xE7, 0x2F, 0xE7, 0x2F, 0xE7, 0x2F, 0xE7, 0x2F, 0xE7, 0x2F, 0xE7, 0x2F, 0xE7, 0x2F, 0xE7, 0x2F,
    0xE7, 0x2F, 0xE7, 0x2F, 0xE7, 0x2F, 0xE7, 0x2F, 0xE7, 0x2F, 0xE7, 0x2F, 0xE7, 0x2F, 0xE7, 0x2F,
    0xE7, 0x2F, 0xE7, 0x2F, 0xE7, 0x2F, 0xE7, 0x2F, 0xE7, 0x2F, 0xE7, 0x2F, 0xE7, 0x2F, 0xE7, 0x2F,
    0xE7, 0x2F, 0xE7, 0x2F, 0xE7, 0x2F, 0xE7, 0x2F, 0xE7, 0x2F, 0xE7, 0x2F, 0xE7, 0x2F, 0xE7, 0x2F,
    0xE7, 0x2F, 0xE7, 0x2F, 0xE7, 0x2F, 0xE7, 0x2F, 0xE7, 0x2F, 0xE7, 0x2F, 0xE7, 0x2F, 0xE6, 0x2F,
    0xE7, 0x2F, 0xE7, 0x2F, 0xE7, 0x2F, 0xE7, 0x2F, 0xE7, 0x2F, 0xE7, 0x2F, 0xE7, 0x2F, 0xE7, 0x2F,
    0xE7, 0x2F, 0xE7, 0x2F, 0xE7, 0x2F, 0xE7, 0x2F, 0xE7, 0x2F, 0xE7, 0x2F, 0xE7, 0x2F, 0xE7, 0x2F,
    0xE7, 0x2F, 0xE7, 0x2F, 0xE7, 0x2F, 0xE7, 0x2F, 0xE7, 0x2F, 0xE7, 0x2F, 0xE7, 0x2F, 0xE7, 0x2F,
    0xE7, 0x2F, 0xE7, 0x2F, 0xE7, 0x2F, 0xE7, 0x2F, 0xE7, 0x2F, 0xE7, 0x2F, 0xE7, 0x2F, 0xE7, 0x2F,
    0xE7, 0x2F, 0xE7, 0x2F, 0xE7, 0x2F, 0xE7, 0x2F, 0xE7, 0x2F, 0xE6, 0x2F, 0xE7, 0x2F, 0xE7, 0x2F,
    0xE7, 0x2F, 0xE6, 0x2F, 0xE7, 0x2F, 0xE7, 0x2F, 0xE7, 0x2F, 0xE7, 0x2F, 0xE6, 0x2F, 0xE7, 0x2F,
    0xE7, 0x2F, 0xE7, 0x2F, 0xE7, 0x2F, 0xE7, 0x2F, 0xE7, 0x2F, 0xE7, 0x2F, 0xE7, 0x2F, 0xE7, 0x2F,
    0xE7, 0x37, 0xE8, 0x3F, 0xE9, 0x47, 0xEA, 0x47, 0xEB, 0x4F, 0xEB, 0x57, 0xEC, 0x5F, 0xEC, 0x5F,
    0xED, 0x67, 0xEE, 0x6F, 0xD1, 0x87, 0xD1, 0x87, 0xF0, 0x7F, 0xEF, 0x77, 0xED, 0x67, 0xEC, 0x5F,
    0xEC, 0x5F, 0xEC, 0x57, 0xEC, 0x57, 0xEC, 0x57, 0xD5, 0xA7, 0x9E, 0xF7, 0x9E, 0xF7, 0xBE, 0xF7,
    0xBE, 0xF7, 0xBE, 0xF7, 0xBE, 0xF7, 0x24, 0x21, 0x87, 0xC6, 0x87, 0xC6, 0x87, 0xC6, 0x87, 0xC6,
    0x87, 0xC6, 0x87, 0xC6, 0x87, 0xC6, 0x87, 0xC6, 0x87, 0xC6, 0x87, 0xC6, 0x87, 0xC6, 0x87, 0xC6,
    0x87, 0xC6, 0x87, 0xC6, 0x87, 0xC6, 0x87, 0xC6, 0x87, 0xC6, 0x87, 0xC6, 0x87, 0xC6, 0x87, 0xC6,
    0x87, 0xC6, 0x87, 0xC6, 0x87, 0xC6, 0xC8, 0x73, 0x05, 0x42, 0x24, 0x21, 0xE3, 0x18, 0xC5, 0x39,
    0xC8, 0x73, 0x87, 0xC6, 0x87, 0xC6, 0x87, 0xC6, 0x87, 0xC6, 0x87, 0xC6, 0x87, 0xC6, 0x87, 0xC6,
    0x87, 0xC6, 0x87, 0xC6, 0x87, 0xC6, 0x87, 0xC6, 0x87, 0xC6, 0x87, 0xC6, 0x87, 0xC6, 0x87, 0xC6,
    0x87, 0xC6, 0x87, 0xC6, 0x87, 0xC6, 0x24, 0x21, 0x59, 0xCE, 0x59, 0xCE, 0x59, 0xCE, 0x59, 0xCE,
    0x59, 0xCE, 0x59, 0xCE, 0x59, 0xCE, 0x04, 0x21, 0x04, 0x21, 0x04, 0x21, 0x04, 0x21, 0x04, 0x21,
    0x04, 0x21, 0x04, 0x21, 0xCB, 0x5A, 0x1C, 0xE7, 0x04, 0x21, 0x04, 0x21, 0x04, 0x21, 0x04, 0x21,
    0x04, 0x21, 0x04, 0x21, 0x04, 0x21, 0x04, 0x21, 0x04, 0x21, 0x59, 0xCE, 0x59, 0xCE, 0x59, 0xCE,
    0x59, 0xCE, 0x59, 0xCE, 0x59, 0xCE, 0x59, 0xCE, 0x59, 0xCE, 0x59, 0xCE, 0x59, 0xCE, 0x59, 0xCE,
    0x59, 0xCE, 0x59, 0xCE, 0x59, 0xCE, 0x59, 0xCE, 0x59, 0xCE, 0x59, 0xCE, 0x59, 0xCE, 0x59, 0xCE,
    0x59, 0xCE, 0x59, 0xCE, 0x59, 0xCE, 0x59, 0xCE, 0x59, 0xCE, 0x59, 0xCE, 0x59, 0xCE, 0x59, 0xCE,
    0x59, 0xCE, 0x59, 0xCE, 0x59, 0xCE, 0x59, 0xCE, 0x59, 0xCE, 0x59, 0xCE, 0x59, 0xCE, 0x59, 0xCE,
    0x59, 0xCE, 0x59, 0xCE, 0x59, 0xCE, 0x59, 0xCE, 0x59, 0xCE, 0x59, 0xCE, 0x59, 0xCE, 0x59, 0xCE,
    0x59, 0xCE, 0x59, 0xCE, 0x59, 0xCE, 0x59, 0xCE, 0x59, 0xCE, 0x59, 0xCE, 0x59, 0xCE, 0x59, 0xCE,
    0x59, 0xCE, 0x59, 0xCE, 0x59, 0xCE, 0x59, 0xCE, 0x59, 0xCE, 0x59, 0xCE, 0x59, 0xCE, 0x59, 0xCE,
    0x59, 0xCE, 0x59, 0xCE, 0x59, 0xCE, 0x59, 0xCE, 0x59, 0xCE, 0x59, 0xCE, 0x59, 0xCE, 0x59, 0xCE,
    0x59, 0xCE, 0x59, 0xCE, 0x59, 0xCE, 0x59, 0xCE, 0x59, 0xCE, 0x59, 0xCE, 0x59, 0xCE, 0x59, 0xCE,
    0x59, 0xCE, 0x59, 0xCE, 0x59, 0xCE, 0x59, 0xCE, 0x59, 0xCE, 0x59, 0xCE, 0x59, 0xCE, 0x59, 0xCE,
    0x59, 0xCE, 0x59, 0xCE, 0xC7, 0x39, 0x1C, 0xDF, 0x1C, 0xE7, 0x3C, 0xE7, 0x5D, 0xEF, 0x7D, 0xEF,
    0xE4, 0x1F, 0xE4, 0x1F, 0xE5, 0x1F, 0xE5, 0x1F, 0xE5, 0x1F, 0xE5, 0x1F, 0xE5, 0x27, 0xE5, 0x27,
    0xE5, 0x27, 0xE5, 0x27, 0xE5, 0x27, 0xE5, 0x27, 0xE5, 0x27, 0xE5, 0x27, 0xE5, 0x27, 0xE6, 0x27,
    0xE5, 0x27, 0xE5, 0x27, 0xE5, 0x27, 0xE5, 0x27, 0xE6, 0x27, 0xE5, 0x27, 0xE5, 0x27, 0xE5, 0x27,
    0xE5, 0x27, 0xE5, 0x27, 0xE5, 0x27, 0xE5, 0x27, 0xE5, 0x27, 0xE5, 0x27, 0xE5, 0x27, 0xE5, 0x27,
    0xE5, 0x27, 0xE5, 0x27, 0xE5, 0x27, 0xE5, 0x27, 0xE5, 0x27, 0xE5, 0x27, 0xE5, 0x27, 0xE5, 0x27,
    0xE5, 0x27, 0xE5, 0x27, 0xE5, 0x27, 0xE5, 0x27, 0xE5, 0x27, 0xE5, 0x27, 0xE5, 0x27, 0xE5, 0x27,
    0xE5, 0x27, 0xE5, 0x27, 0xE5, 0x27, 0xE5, 0x27, 0xE5, 0x27, 0xE5, 0x27, 0xE5, 0x27, 0xE5, 0x27,
    0xE5, 0x27, 0xE5, 0x27, 0xE5, 0x27, 0xE5, 0x27, 0xE5, 0x27, 0xE5, 0x27, 0xE5, 0x27, 0xE5, 0x27,
    0xE5, 0x27, 0xE5, 0x27, 0xE5, 0x27, 0xE5, 0x27, 0xE5, 0x27, 0xE5, 0x27, 0xE5, 0x27, 0xE5, 0x27,
    0xE5, 0x27, 0xE5, 0x27, 0xE5, 0x27, 0xE5, 0x27, 0xE5, 0x27, 0xE6, 0x27, 0xE5, 0x27, 0xE5, 0x27,
    0xE5, 0x27, 0xE5, 0x27, 0xE5, 0x27, 0xE5, 0x27, 0xE6, 0x27, 0xE5, 0x27, 0xE5, 0x27, 0xE5, 0x27,
    0xE5, 0x27, 0xE5, 0x27, 0xE5, 0x27, 0xE5, 0x27, 0xE5, 0x27, 0xE5, 0x27, 0xE5, 0x27, 0xE5, 0x27,
    0xE5, 0x27, 0xE5, 0x27, 0xE5, 0x27, 0xE5, 0x27, 0xE5, 0x27, 0xE5, 0x27, 0xE5, 0x27, 0xE5, 0x27,
    0xE5, 0x27, 0xE5, 0x27, 0xE5, 0x27, 0xE5, 0x27, 0xE5, 0x27, 0xE5, 0x27, 0xE5, 0x27, 0xE5, 0x27,
    0xE5, 0x27, 0xE5, 0x27, 0xE5, 0x27, 0xE5, 0x27, 0xE5, 0x27, 0xE5, 0x27, 0xE5, 0x27, 0xE5, 0x27,
    0xE5, 0x27, 0xE5, 0x27, 0xE5, 0x27, 0xE5, 0x27, 0xE5, 0x27, 0xE5, 0x27, 0xE5, 0x27, 0xE6, 0x27,
    0xE6, 0x27, 0xE7, 0x2F, 0xE7, 0x37, 0xE8, 0x3F, 0xE9, 0x47, 0xEA, 0x4F, 0xEB, 0x4F, 0xEB, 0x57,
    0xEC, 0x57, 0xEC, 0x5F, 0xEC, 0x5F, 0xEC, 0x5F, 0xEC, 0x5F, 0xEC, 0x5F, 0xEC, 0x57, 0xEB, 0x57,
    0xEB, 0x57, 0xEB, 0x4F, 0xEA, 0x4F, 0xEB, 0x57, 0xD4, 0xA7, 0x9E, 0xF7, 0xBE, 0xF7, 0xBE, 0xF7,
    0xBE, 0xF7, 0xBE, 0xF7, 0xBE, 0xF7, 0x24, 0x21, 0x87, 0xC6, 0x87, 0xC6, 0x87, 0xC6, 0x87, 0xC6,
    0x87, 0xC6, 0x87, 0xC6, 0x87, 0xC6, 0x87, 0xC6, 0x87, 0xC6, 0x87, 0xC6, 0x87, 0xC6, 0x87, 0xC6,
    0x87, 0xC6, 0x87, 0xC6, 0x87, 0xC6, 0x87, 0xC6, 0x87, 0xC6, 0x87, 0xC6, 0x87, 0xC6, 0x87, 0xC6,
    0x87, 0xC6, 0x87, 0xC6, 0xA6, 0x52, 0xE3, 0x18, 0xE3, 0x18, 0xE3, 0x18, 0xE3, 0x18, 0xE3, 0x18,
    0xE3, 0x18, 0xC5, 0x39, 0x08, 0xBE, 0x87, 0xC6, 0x87, 0xC6, 0x87, 0xC6, 0x87, 0xC6, 0x87, 0xC6,
    0x87, 0xC6, 0x87, 0xC6, 0x87, 0xC6, 0x87, 0xC6, 0x87, 0xC6, 0x87, 0xC6, 0x87, 0xC6, 0x87, 0xC6,
    0x87, 0xC6, 0x87, 0xC6, 0x87, 0xC6, 0x24, 0x21, 0x59, 0xCE, 0x59, 0xCE, 0x38, 0xC6, 0x59, 0xCE,
    0x59, 0xCE, 0x59, 0xCE, 0x59, 0xCE, 0x04, 0x21, 0x04, 0x21, 0x04, 0x21, 0x04, 0x21, 0x04, 0x21,
    0x04, 0x21, 0x04, 0x21, 0xCB, 0x5A, 0xAE, 0x73, 0x04, 0x21, 0x04, 0x21, 0x04, 0x21, 0x04, 0x21,
    0x04, 0x21, 0x04, 0x21, 0x04, 0x21, 0x04, 0x21, 0x04, 0x21, 0x59, 0xCE, 0x59, 0xCE, 0x59, 0xCE,
    0x59, 0xCE, 0x59, 0xCE, 0x59, 0xCE, 0x59, 0xCE, 0x59, 0xCE, 0x59, 0xCE, 0x59, 0xCE, 0x59, 0xCE,
    0x59, 0xCE, 0x59, 0xCE, 0x59, 0xCE, 0x59, 0xCE, 0x59, 0xCE, 0x59, 0xCE, 0x59, 0xCE, 0x59, 0xCE,
    0x59, 0xCE, 0x59, 0xCE, 0x59, 0xCE, 0x59, 0xCE, 0x59, 0xCE, 0x59, 0xCE, 0x59, 0xCE, 0x59, 0xCE,
    0x59, 0xCE, 0x59, 0xCE, 0x59, 0xCE, 0x59, 0xCE, 0x59, 0xCE, 0x59, 0xCE, 0x59, 0xCE, 0x59, 0xCE,
    0x59, 0xCE, 0x59, 0xCE, 0x59, 0xCE, 0x59, 0xCE, 0x59, 0xCE, 0x59, 0xCE, 0x59, 0xCE, 0x59, 0xCE,
    0x59, 0xCE, 0x59, 0xCE, 0x59, 0xCE, 0x59, 0xCE, 0x59, 0xCE, 0x59, 0xCE, 0x59, 0xCE, 0x59, 0xCE,
    0x59, 0xCE, 0x59, 0xCE, 0x59, 0xCE, 0x59, 0xCE, 0x59, 0xCE, 0x59, 0xCE, 0x59, 0xCE, 0x59, 0xCE,
    0x59, 0xCE, 0x59, 0xCE, 0x59, 0xCE, 0x59, 0xCE, 0x59, 0xCE, 0x59, 0xCE, 0x59, 0xCE, 0x59, 0xCE,
    0x59, 0xCE, 0x59, 0xCE, 0x59, 0xCE, 0x59, 0xCE, 0x59, 0xCE, 0x59, 0xCE, 0x59, 0xCE, 0x59, 0xCE,
    0x59, 0xCE, 0x59, 0xCE, 0x59, 0xCE, 0x59, 0xCE, 0x59, 0xCE, 0x59, 0xCE, 0x59, 0xCE, 0x59, 0xCE,
    0x59, 0xCE, 0x59, 0xCE, 0xC7, 0x39, 0xFB, 0xDE, 0x1C, 0xE7, 0x3C, 0xE7, 0x5D, 0xEF, 0x7D, 0xEF,
    0xE4, 0x1F, 0xE4, 0x1F, 0xE4, 0x1F, 0xE4, 0x1F, 0xE4, 0x1F, 0xE4, 0x1F, 0xE5, 0x1F, 0xE5, 0x1F,
    0xE5, 0x1F, 0xE5, 0x1F, 0xE5, 0x1F, 0xE5, 0x1F, 0xE5, 0x1F, 0xE5, 0x1F, 0xE5, 0x1F, 0xE5, 0x1F,
    0xE5, 0x1F, 0xE5, 0x1F, 0xE5, 0x1F, 0xE5, 0x1F, 0xE5, 0x1F, 0xE5, 0x1F, 0xE5, 0x1F, 0xE5, 0x1F,
    0xE5, 0x1F, 0xE5, 0x1F, 0xE5, 0x1F, 0xE5, 0x1F, 0xE5, 0x1F, 0xE5, 0x1F, 0xE5, 0x1F, 0xE5, 0x1F,
    0xE5, 0x1F, 0xE5, 0x1F, 0xE5, 0x1F, 0xE5, 0x1F, 0xE5, 0x1F, 0xE5, 0x1F, 0xE5, 0x1F, 0xE5, 0x1F,
    0xE5, 0x1F, 0xE5, 0x1F, 0xE5, 0x1F, 0xE5, 0x1F, 0xE5, 0x1F, 0xE5, 0x1F, 0xE5, 0x1F, 0xE5, 0x1F,
    0xE5, 0x1F, 0xE5, 0x1F, 0xE5, 0x1F, 0xE5, 0x1F, 0xE5, 0x1F, 0xE5, 0x1F, 0xE5, 0x1F, 0xE5, 0x1F,
    0xE5, 0x1F, 0xE5, 0x1F, 0xE5, 0x1F, 0xE5, 0x1F, 0xE5, 0x1F, 0xE5, 0x1F, 0xE5, 0x1F, 0xE5, 0x1F,
    0xE5, 0x1F, 0xE5, 0x1F, 0xE5, 0x1F, 0xE5, 0x1F, 0xE5, 0x1F, 0xE5, 0x1F, 0xE5, 0x1F, 0xE5, 0x1F,
    0xE5, 0x1F, 0xE4, 0x1F, 0xE5, 0x1F, 0xE5, 0x1F, 0xE5, 0x1F, 0xE5, 0x1F, 0xE5, 0x1F, 0xE5, 0x1F,
    0xE5, 0x1F, 0xE5, 0x1F, 0xE5, 0x1F, 0xE5, 0x1F, 0xE5, 0x1F, 0xE5, 0x1F, 0xE5, 0x1F, 0xE5, 0x1F,
    0xE5, 0x1F, 0xE5, 0x1F, 0xE5, 0x1F, 0xE5, 0x1F, 0xE5, 0x1F, 0xE5, 0x1F, 0xE5, 0x1F, 0xE5, 0x1F,
    0xE5, 0x1F, 0xE5, 0x1F, 0xE5, 0x1F, 0xE5, 0x1F, 0xE5, 0x1F, 0xE5, 0x1F, 0xE5, 0x1F, 0xE5, 0x1F,
    0xE5, 0x1F, 0xE5, 0x1F, 0xE5, 0x1F, 0xE5, 0x1F, 0xE5, 0x1F, 0xE5, 0x1F, 0xE5, 0x1F, 0xE5, 0x1F,
    0xE5, 0x1F, 0xE5, 0x1F, 0xE5, 0x1F, 0xE5, 0x1F, 0xE5, 0x1F, 0xE5, 0x1F, 0xE5, 0x1F, 0xE5, 0x1F,
    0xE5, 0x1F, 0xE5, 0x1F, 0xE5, 0x1F, 0xE5, 0x1F, 0xE5, 0x1F, 0xE5, 0x1F, 0xE5, 0x1F, 0xE5, 0x1F,
    0xE5, 0x1F, 0xE5, 0x27, 0xE6, 0x27, 0xE7, 0x2F, 0xE8, 0x37, 0xE8, 0x3F, 0xE9, 0x47, 0xEA, 0x47,
    0xEB, 0x4F, 0xEB, 0x4F, 0xEB, 0x4F, 0xEB, 0x57, 0xEB, 0x4F, 0xEB, 0x4F, 0xEA, 0x4F, 0xEA, 0x4F,
    0xE9, 0x47, 0xE9, 0x47, 0xE9, 0x47, 0xEA, 0x47, 0xD4, 0x9F, 0x9E, 0xF7, 0xBE, 0xF7, 0xBE, 0xF7,
    0xBE, 0xF7, 0xBE, 0xF7, 0xBE, 0xF7, 0x24, 0x21, 0x87, 0xC6, 0x87, 0xC6, 0x87, 0xC6, 0x87, 0xC6,
    0x87, 0xC6, 0x87, 0xC6, 0x87, 0xC6, 0x87, 0xC6, 0x87, 0xC6, 0x87, 0xC6, 0x87, 0xC6, 0x87, 0xC6,
    0x87, 0xC6, 0x87, 0xC6, 0x87, 0xC6, 0x87, 0xC6, 0x87, 0xC6, 0x87, 0xC6, 0x87, 0xC6, 0x87, 0xC6,
    0x87, 0xC6, 0x27, 0x63, 0xE3, 0x18, 0xE3, 0x18, 0xE3, 0x18, 0xE3, 0x18, 0xE3, 0x18, 0xE3, 0x18,
    0xE3, 0x18, 0xE3, 0x18, 0x46, 0x4A, 0x87, 0xC6, 0x87, 0xC6, 0x87, 0xC6, 0x87, 0xC6, 0x87, 0xC6,
    0x87, 0xC6, 0x87, 0xC6, 0x87, 0xC6, 0x87, 0xC6, 0x87, 0xC6, 0x87, 0xC6, 0x87, 0xC6, 0x87, 0xC6,
    0x87, 0xC6, 0x87, 0xC6, 0x87, 0xC6, 0x24, 0x21, 0x38, 0xC6, 0x59, 0xCE, 0x59, 0xCE, 0x59, 0xCE,
    0x59, 0xCE, 0x59, 0xCE, 0x59, 0xCE, 0x04, 0x21, 0x04, 0x21, 0x04, 0x21, 0x04, 0x21, 0x04, 0x21,
    0x04, 0x21, 0x04, 0x21, 0xCB, 0x5A, 0x04, 0x21, 0x04, 0x21, 0x04, 0x21, 0x04, 0x21, 0x04, 0x21,
    0x04, 0x21, 0x04, 0x21, 0x04, 0x21, 0x04, 0x21, 0x04, 0x21, 0x59, 0xCE, 0x59, 0xCE, 0x59, 0xCE,
    0x59, 0xCE, 0x59, 0xCE, 0x59, 0xCE, 0x59, 0xCE, 0x59, 0xCE, 0x59, 0xCE, 0x59, 0xCE, 0x59, 0xCE,
    0x59, 0xCE, 0x59, 0xCE, 0x59, 0xCE, 0x59, 0xCE, 0x59, 0xCE, 0x59, 0xCE, 0x59, 0xCE, 0x59, 0xCE,
    0x59, 0xCE, 0x59, 0xCE, 0x59, 0xCE, 0x59, 0xCE, 0x59, 0xCE, 0x59, 0xCE, 0x59, 0xCE, 0x59, 0xCE,
    0x59, 0xCE, 0x59, 0xCE, 0x59, 0xCE, 0x59, 0xCE, 0x59, 0xCE, 0x59, 0xCE, 0x59, 0xCE, 0x59, 0xCE,
    0x59, 0xCE, 0x59, 0xCE, 0x59, 0xCE, 0x59, 0xCE, 0x59, 0xCE, 0x59, 0xCE, 0x59, 0xCE, 0x59, 0xCE,
    0x59, 0xCE, 0x59, 0xCE, 0x59, 0xCE, 0x59, 0xCE, 0x59, 0xCE, 0x59, 0xCE, 0x59, 0xCE, 0x59, 0xCE,
    0x59, 0xCE, 0x59, 0xCE, 0x59, 0xCE, 0x59, 0xCE, 0x59, 0xCE, 0x59, 0xCE, 0x59, 0xCE, 0x59, 0xCE,
    0x59, 0xCE, 0x59, 0xCE, 0x59, 0xCE, 0x59, 0xCE, 0x59, 0xCE, 0x59, 0xCE, 0x59, 0xCE, 0x59, 0xCE,
    0x59, 0xCE, 0x59, 0xCE, 0x59, 0xCE, 0x59, 0xCE, 0x59, 0xCE, 0x59, 0xCE, 0x59, 0xCE, 0x59, 0xCE,
    0x59, 0xCE, 0x59, 0xCE, 0x59, 0xCE, 0x59, 0xCE, 0x59, 0xCE, 0x59, 0xCE, 0x59, 0xCE, 0x59, 0xCE,
    0x59, 0xCE, 0x59, 0xCE, 0xC7, 0x39, 0x1C, 0xDF, 0x1C, 0xE7, 0x3C, 0xE7, 0x5D, 0xEF, 0x7D, 0xEF,
    0xE4, 0x1F, 0xE4, 0x1F, 0xE4, 0x1F, 0xE4, 0x1F, 0xE4, 0x1F, 0xE4, 0x1F, 0xE4, 0x1F, 0xE4, 0x1F,
    0xE4, 0x1F, 0xE4, 0x1F, 0xE4, 0x1F, 0xE4, 0x1F, 0xE4, 0x1F, 0xE4, 0x1F, 0xE4, 0x1F, 0xE4, 0x1F,
    0xE4, 0x1F, 0xE4, 0x1F, 0xE4, 0x1F, 0xE4, 0x1F, 0xE4, 0x1F, 0xE4, 0x1F, 0xE4, 0x1F, 0xE4, 0x1F,
    0xE4, 0x1F, 0xE4, 0x1F, 0xE4, 0x1F, 0xE4, 0x1F, 0xE4, 0x1F, 0xE4, 0x1F, 0xE4, 0x1F, 0xE4, 0x1F,
    0xE4, 0x1F, 0xE4, 0x1F, 0xE4, 0x1F, 0xE4, 0x1F, 0xE4, 0x1F, 0xE4, 0x1F, 0xE4, 0x1F, 0xE4, 0x1F,
    0xE4, 0x1F, 0xE4, 0x1F, 0xE4, 0x1F, 0xE4, 0x1F, 0xE4, 0x1F, 0xE4, 0x1F, 0xE4, 0x1F, 0xE4, 0x1F,
    0xE4, 0x1F, 0xE4, 0x1F, 0xE4, 0x1F, 0xE4, 0x1F, 0xE4, 0x1F, 0xE4, 0x1F, 0xE4, 0x1F, 0xE4, 0x1F,
    0xE4, 0x1F, 0xE4, 0x1F, 0xE4, 0x1F, 0xE4, 0x1F, 0xE4, 0x1F, 0xE4, 0x1F, 0xE4, 0x1F, 0xE4, 0x1F,
    0xE4, 0x1F, 0xE4, 0x1F, 0xE4, 0x1F, 0xE4, 0x1F, 0xE4, 0x1F, 0xE4, 0x1F, 0xE4, 0x1F, 0xE4, 0x1F,
    0xE4, 0x1F, 0xE4, 0x1F, 0xE4, 0x1F, 0xE4, 0x1F, 0xE4, 0x1F, 0xE4, 0x1F, 0xE4, 0x1F, 0xE4, 0x1F,
    0xE4, 0x1F, 0xE4, 0x1F, 0xE4, 0x1F, 0xE4, 0x1F, 0xE4, 0x1F, 0xE4, 0x1F, 0xE4, 0x1F, 0xE4, 0x1F,
    0xE4, 0x1F, 0xE4, 0x1F, 0xE4, 0x1F, 0xE4, 0x1F, 0xE4, 0x1F, 0xE4, 0x1F, 0xE4, 0x1F, 0xE4, 0x1F,
    0xE4, 0x1F, 0xE4, 0x1F, 0xE4, 0x1F, 0xE4, 0x1F, 0xE4, 0x1F, 0xE4, 0x1F, 0xE4, 0x1F, 0xE4, 0x1F,
    0xE4, 0x1F, 0xE4, 0x1F, 0xE4, 0x1F, 0xE4, 0x1F, 0xE4, 0x1F, 0xE4, 0x1F, 0xE4, 0x1F, 0xE4, 0x1F,
    0xE4, 0x1F, 0xE4, 0x1F, 0xE4, 0x1F, 0xE4, 0x1F, 0xE4, 0x1F, 0xE4, 0x1F, 0xE4, 0x1F, 0xE4, 0x1F,
    0xE4, 0x1F, 0xE4, 0x1F, 0xE4, 0x1F, 0xE4, 0x1F, 0xE4, 0x1F, 0xE4, 0x1F, 0xE4, 0x1F, 0xE4, 0x1F,
    0xE4, 0x1F, 0xE5, 0x1F, 0xE5, 0x1F, 0xE6, 0x27, 0xE6, 0x2F, 0xE7, 0x2F, 0xE8, 0x37, 0xE8, 0x3F,
    0xE9, 0x3F, 0xE9, 0x47, 0xEA, 0x47, 0xE9, 0x47, 0xE9, 0x47, 0xE9, 0x47, 0xE9, 0x3F, 0xE8, 0x3F,
    0xE8, 0x37, 0xE7, 0x37, 0xE8, 0x37, 0xE9, 0x3F, 0xD4, 0x9F, 0x9E, 0xF7, 0x9E, 0xF7, 0xBE, 0xF7,
    0xBE, 0xF7, 0xBE, 0xF7, 0xBE, 0xF7, 0x24, 0x21, 0x87, 0xC6, 0x87, 0xC6, 0x87, 0xC6, 0x87, 0xC6,
    0x87, 0xC6, 0x87, 0xC6, 0x87, 0xC6, 0x87, 0xC6, 0x87, 0xC6, 0x87, 0xC6, 0x87, 0xC6, 0x87, 0xC6,
    0x87, 0xC6, 0x87, 0xC6, 0x87, 0xC6, 0x87, 0xC6, 0x87, 0xC6, 0x87, 0xC6, 0x87, 0xC6, 0x87, 0xC6,
    0x88, 0xAD, 0xE3, 0x18, 0xE3, 0x18, 0xE3, 0x18, 0xE3, 0x18, 0xE3, 0x18, 0xE3, 0x18, 0xE3, 0x18,
    0xE3, 0x18, 0xE3, 0x18, 0xE3, 0x18, 0x89, 0x8C, 0x87, 0xC6, 0x87, 0xC6, 0x87, 0xC6, 0x87, 0xC6,
    0x87, 0xC6, 0x87, 0xC6, 0x87, 0xC6, 0x87, 0xC6, 0x87, 0xC6, 0x87, 0xC6, 0x87, 0xC6, 0x87, 0xC6,
    0x87, 0xC6, 0x87, 0xC6, 0x87, 0xC6, 0x24, 0x21, 0x59, 0xCE, 0x38, 0xC6, 0x38, 0xC6, 0x59, 0xCE,
    0x59, 0xCE, 0x59, 0xCE, 0x59, 0xCE, 0x45, 0x29, 0x04, 0x21, 0x04, 0x21, 0x04, 0x21, 0x04, 0x21,
    0x04, 0x21, 0x04, 0x21, 0x04, 0x21, 0x04, 0x21, 0x04, 0x21, 0x04, 0x21, 0x04, 0x21, 0x04, 0x21,
    0x04, 0x21, 0x04, 0x21, 0x04, 0x21, 0x04, 0x21, 0xA6, 0x31, 0x59, 0xCE, 0x59, 0xCE, 0x59, 0xCE,
    0x59, 0xCE, 0x59, 0xCE, 0x59, 0xCE, 0x59, 0xCE, 0x59, 0xCE, 0x59, 0xCE, 0x59, 0xCE, 0x59, 0xCE,
    0x59, 0xCE, 0x59, 0xCE, 0x59, 0xCE, 0x59, 0xCE, 0x59, 0xCE, 0x59, 0xCE, 0x59, 0xCE, 0x59, 0xCE,
    0x59, 0xCE, 0x59, 0xCE, 0x59, 0xCE, 0x59, 0xCE, 0x59, 0xCE, 0x59, 0xCE, 0x59, 0xCE, 0x59, 0xCE,
    0x59, 0xCE, 0x59, 0xCE, 0x59, 0xCE, 0x59, 0xCE, 0x59, 0xCE, 0x59, 0xCE, 0x59, 0xCE, 0x59, 0xCE,
    0x59, 0xCE, 0x59, 0xCE, 0x59, 0xCE, 0x59, 0xCE, 0x59, 0xCE, 0x59, 0xCE, 0x59, 0xCE, 0x59, 0xCE,
    0x59, 0xCE, 0x59, 0xCE, 0x59, 0xCE, 0x59, 0xCE, 0x59, 0xCE, 0x59, 0xCE, 0x59, 0xCE, 0x59, 0xCE,
    0x59, 0xCE, 0x59, 0xCE, 0x59, 0xCE, 0x59, 0xCE, 0x59, 0xCE, 0x59, 0xCE, 0x59, 0xCE, 0x59, 0xCE,
    0x59, 0xCE, 0x59, 0xCE, 0x59, 0xCE, 0x59, 0xCE, 0x59, 0xCE, 0x59, 0xCE, 0x59, 0xCE, 0x59, 0xCE,
    0x59, 0xCE, 0x59, 0xCE, 0x59, 0xCE, 0x59, 0xCE, 0x59, 0xCE, 0x59, 0xCE, 0x59, 0xCE, 0x59, 0xCE,
    0x59, 0xCE, 0x59, 0xCE, 0x59, 0xCE, 0x59, 0xCE, 0x59, 0xCE, 0x59, 0xCE, 0x59, 0xCE, 0x59, 0xCE,
    0x59, 0xCE, 0x59, 0xCE, 0xC7, 0x39, 0x1C, 0xDF, 0x1C, 0xE7, 0x3C, 0xE7, 0x5D, 0xEF, 0x7D, 0xEF,
    0xE4, 0x1F, 0xE4, 0x1F, 0xE4, 0x1F, 0xE4, 0x1F, 0xE4, 0x1F, 0xE4, 0x1F, 0xE4, 0x1F, 0xE4, 0x1F,
    0xE4, 0x1F, 0xE4, 0x1F, 0xE4, 0x1F, 0xE4, 0x1F, 0xE4, 0x1F, 0xE4, 0x1F, 0xE4, 0x1F, 0xE4, 0x1F,
    0xE4, 0x1F, 0xE4, 0x1F, 0xE4, 0x1F, 0xE4, 0x1F, 0xE4, 0x1F, 0xE4, 0x1F, 0xE4, 0x1F, 0xE4, 0x1F,
    0xE4, 0x1F, 0xE4, 0x1F, 0xE4, 0x1F, 0xE4, 0x1F, 0xE4, 0x1F, 0xE4, 0x1F, 0xE4, 0x1F, 0xE4, 0x1F,
    0xE4, 0x1F, 0xE4, 0x1F, 0xE4, 0x1F, 0xE4, 0x1F, 0xE4, 0x1F, 0xE4, 0x1F, 0xE4, 0x1F, 0xE4, 0x1F,
    0xE4, 0x1F, 0xE4, 0x1F, 0xE4, 0x1F, 0xE4, 0x1F, 0xE4, 0x1F, 0xE4, 0x1F, 0xE4, 0x1F, 0xE4, 0x1F,
    0xE4, 0x1F, 0xE4, 0x1F, 0xE4, 0x1F, 0xE4, 0x1F, 0xE4, 0x1F, 0xE4, 0x1F, 0xE4, 0x1F, 0xE4, 0x1F,
    0xE4, 0x1F, 0xE4, 0x1F, 0xE4, 0x1F, 0xE4, 0x1F, 0xE4, 0x1F, 0xE4, 0x1F, 0xE4, 0x1F, 0xE4, 0x1F,
    0xE4, 0x1F, 0xE4, 0x1F, 0xE4, 0x1F, 0xE4, 0x1F, 0xE4, 0x1F, 0xE4, 0x1F, 0xE4, 0x1F, 0xE4, 0x1F,
    0xE4, 0x1F, 0xE4, 0x1F, 0xE4, 0x1F, 0xE4, 0x1F, 0xE4, 0x1F, 0xE4, 0x1F, 0xE4, 0x1F, 0xE4, 0x1F,
    0xE4, 0x1F, 0xE4, 0x1F, 0xE4, 0x1F, 0xE4, 0x1F, 0xE4, 0x1F, 0xE4, 0x1F, 0xE4, 0x1F, 0xE4, 0x1F,
    0xE4, 0x1F, 0xE4, 0x1F, 0xE4, 0x1F, 0xE4, 0x1F, 0xE4, 0x1F, 0xE4, 0x1F, 0xE4, 0x1F, 0xE4, 0x1F,
    0xE4, 0x1F, 0xE4, 0x1F, 0xE4, 0x1F, 0xE4, 0x1F, 0xE4, 0x1F, 0xE4, 0x1F, 0xE4, 0x1F, 0xE4, 0x1F,
    0xE4, 0x1F, 0xE4, 0x1F, 0xE4, 0x1F, 0xE4, 0x1F, 0xE4, 0x1F, 0xE4, 0x1F, 0xE4, 0x1F, 0xE4, 0x1F,
    0xE4, 0x1F, 0xE4, 0x1F, 0xE4, 0x1F, 0xE4, 0x1F, 0xE4, 0x1F, 0xE4, 0x1F, 0xE4, 0x1F, 0xE4, 0x1F,
    0xE4, 0x1F, 0xE4, 0x1F, 0xE4, 0x1F, 0xE4, 0x1F, 0xE4, 0x1F, 0xE4, 0x1F, 0xE4, 0x1F, 0xE4, 0x1F,
    0xE4, 0x1F, 0xE4, 0x1F, 0xE5, 0x1F, 0xE5, 0x1F, 0xE5, 0x27, 0xE6, 0x27, 0xE6, 0x27, 0xE7, 0x2F,
    0xE7, 0x2F, 0xE7, 0x37, 0xE8, 0x37, 0xE8, 0x37, 0xE8, 0x37, 0xE7, 0x37, 0xE7, 0x2F, 0xE7, 0x2F,
    0xE6, 0x27, 0xE6, 0x2F, 0xE6, 0x2F, 0xE7, 0x37, 0xD3, 0x97, 0x9E, 0xF7, 0x9E, 0xF7, 0x9E, 0xF7,
    0x9E, 0xF7, 0xBE, 0xF7, 0xBE, 0xF7, 0x24, 0x21, 0x87, 0xC6, 0x87, 0xC6, 0x87, 0xC6, 0x87, 0xC6,
    0x87, 0xC6, 0x87, 0xC6, 0x87, 0xC6, 0x87, 0xC6, 0x87, 0xC6, 0x87, 0xC6, 0x87, 0xC6, 0x87, 0xC6,
    0x87, 0xC6, 0x87, 0xC6, 0x87, 0xC6, 0x87, 0xC6, 0x87, 0xC6, 0x87, 0xC6, 0x67, 0xC6, 0x88, 0xC6,
    0x09, 0x7C, 0xE3, 0x18, 0xE3, 0x18, 0xE3, 0x18, 0xE3, 0x18, 0xA6, 0x52, 0xA6, 0x52, 0xE3, 0x18,
    0xE3, 0x18, 0xE3, 0x18, 0xE3, 0x18, 0x68, 0x6B, 0x88, 0xC6, 0x87, 0xC6, 0x87, 0xC6, 0x87, 0xC6,
    0x87, 0xC6, 0x87, 0xC6, 0x87, 0xC6, 0x87, 0xC6, 0x87, 0xC6, 0x87, 0xC6, 0x87, 0xC6, 0x87, 0xC6,
    0x87, 0xC6, 0x87, 0xC6, 0x87, 0xC6, 0x24, 0x21, 0x38, 0xC6, 0x59, 0xCE, 0x38, 0xC6, 0x59, 0xCE,
    0x59, 0xCE, 0x59, 0xCE, 0x59, 0xCE, 0xEF, 0x7B, 0x04, 0x21, 0x04, 0x21, 0x04, 0x21, 0x04, 0x21,
    0x04, 0x21, 0x04, 0x21, 0x04, 0x21, 0x04, 0x21, 0x04, 0x21, 0x04, 0x21, 0x04, 0x21, 0x04, 0x21,
    0x04, 0x21, 0x04, 0x21, 0x04, 0x21, 0x45, 0x29, 0xEF, 0x7B, 0x59, 0xCE, 0x59, 0xCE, 0x59, 0xCE,
    0x59, 0xCE, 0x59, 0xCE, 0x59, 0xCE, 0x59, 0xCE, 0x59, 0xCE, 0x59, 0xCE, 0x59, 0xCE, 0x59, 0xCE,
    0x59, 0xCE, 0x59, 0xCE, 0x59, 0xCE, 0x59, 0xCE, 0x59, 0xCE, 0x59, 0xCE, 0x59, 0xCE, 0x59, 0xCE,
    0x59, 0xCE, 0x59, 0xCE, 0x59, 0xCE, 0x59, 0xCE, 0x59, 0xCE, 0x59, 0xCE, 0x59, 0xCE, 0x59, 0xCE,
    0x59, 0xCE, 0x59, 0xCE, 0x59, 0xCE, 0x59, 0xCE, 0x59, 0xCE, 0x59, 0xCE, 0x59, 0xCE, 0x59, 0xCE,
    0x59, 0xCE, 0x59, 0xCE, 0x59, 0xCE, 0x59, 0xCE, 0x59, 0xCE, 0x59, 0xCE, 0x59, 0xCE, 0x59, 0xCE,
    0x59, 0xCE, 0x59, 0xCE, 0x59, 0xCE, 0x59, 0xCE, 0x59, 0xCE, 0x59, 0xCE, 0x59, 0xCE, 0x59, 0xCE,
    0x59, 0xCE, 0x59, 0xCE, 0x59, 0xCE, 0x59, 0xCE, 0x59, 0xCE, 0x59, 0xCE, 0x59, 0xCE, 0x59, 0xCE,
    0x59, 0xCE, 0x59, 0xCE, 0x59, 0xCE, 0x59, 0xCE, 0x59, 0xCE, 0x59, 0xCE, 0x59, 0xCE, 0x59, 0xCE,
    0x59, 0xCE, 0x59, 0xCE, 0x59, 0xCE, 0x59, 0xCE, 0x59, 0xCE, 0x59, 0xCE, 0x59, 0xCE, 0x59, 0xCE,
    0x59, 0xCE, 0x59, 0xCE, 0x59, 0xCE, 0x59, 0xCE, 0x59, 0xCE, 0x59, 0xCE, 0x59, 0xCE, 0x59, 0xCE,
    0x59, 0xCE, 0x59, 0xCE, 0xC7, 0x39, 0xFB, 0xDE, 0x1C, 0xE7, 0x3C, 0xE7, 0x5D, 0xEF, 0x7D, 0xEF,
    0xE4, 0x1F, 0xE4, 0x1F, 0xE4, 0x1F, 0xE4, 0x1F, 0xE4, 0x1F, 0xE4, 0x1F, 0xE4, 0x1F, 0xE4, 0x1F,
    0xE4, 0x1F, 0xE4, 0x1F, 0xE4, 0x1F, 0xE4, 0x1F, 0xE4, 0x1F, 0xE4, 0x1F, 0xE4, 0x1F, 0xE4, 0x1F,
    0xE4, 0x1F, 0xE4, 0x1F, 0xE4, 0x1F, 0xE4, 0x1F, 0xE4, 0x1F, 0xE4, 0x1F, 0xE4, 0x1F, 0xE4, 0x1F,
    0xE4, 0x1F, 0xE4, 0x1F, 0xE4, 0x1F, 0xE4, 0x1F, 0xE4, 0x1F, 0xE4, 0x1F, 0xE4, 0x1F, 0xE4, 0x1F,
    0xE4, 0x1F, 0xE4, 0x1F, 0xE4, 0x1F, 0xE4, 0x1F, 0xE4, 0x1F, 0xE4, 0x1F, 0xE4, 0x1F, 0xE4, 0x1F,
    0xE4, 0x1F, 0xE4, 0x1F, 0xE4, 0x1F, 0xE4, 0x1F, 0xE4, 0x1F, 0xE4, 0x1F, 0xE4, 0x1F, 0xE4, 0x1F,
    0xE4, 0x1F, 0xE4, 0x1F, 0xE4, 0x1F, 0xE4, 0x1F, 0xE4, 0x1F, 0xE4, 0x1F, 0xE4, 0x1F, 0xE4, 0x1F,
    0xE4, 0x1F, 0xE4, 0x1F, 0xE4, 0x1F, 0xE4, 0x1F, 0xE4, 0x1F, 0xE4, 0x1F, 0xE4, 0x1F, 0xE4, 0x1F,
    0xE4, 0x1F, 0xE4, 0x1F, 0xE4, 0x1F, 0xE4, 0x1F, 0xE4, 0x1F, 0xE4, 0x1F, 0xE4, 0x1F, 0xE4, 0x1F,
    0xE4, 0x1F, 0xE4, 0x1F, 0xE4, 0x1F, 0xE4, 0x1F, 0xE4, 0x1F, 0xE4, 0x1F, 0xE4, 0x1F, 0xE4, 0x1F,
    0xE4, 0x1F, 0xE4, 0x1F, 0xE4, 0x1F, 0xE4, 0x1F, 0xE4, 0x1F, 0xE4, 0x1F, 0xE4, 0x1F, 0xE4, 0x1F,
    0xE4, 0x1F, 0xE4, 0x1F, 0xE4, 0x1F, 0xE4, 0x1F, 0xE4, 0x1F, 0xE4, 0x1F, 0xE4, 0x1F, 0xE4, 0x1F,
    0xE4, 0x1F, 0xE4, 0x1F, 0xE4, 0x1F, 0xE4, 0x1F, 0xE4, 0x1F, 0xE4, 0x1F, 0xE4, 0x1F, 0xE4, 0x1F,
    0xE4, 0x1F, 0xE4, 0x1F, 0xE4, 0x1F, 0xE4, 0x1F, 0xE4, 0x1F, 0xE4, 0x1F, 0xE4, 0x1F, 0xE4, 0x1F,
    0xE4, 0x1F, 0xE4, 0x1F, 0xE4, 0x1F, 0xE4, 0x1F, 0xE4, 0x1F, 0xE4, 0x1F, 0xE4, 0x1F, 0xE4, 0x1F,
    0xE4, 0x1F, 0xE4, 0x1F, 0xE4, 0x1F, 0xE4, 0x1F, 0xE4, 0x1F, 0xE4, 0x1F, 0xE4, 0x1F, 0xE4, 0x1F,
    0xE4, 0x1F, 0xE4, 0x1F, 0xE4, 0x1F, 0xE4, 0x1F, 0xE5, 0x1F, 0xE5, 0x1F, 0xE5, 0x1F, 0xE5, 0x27,
    0xE6, 0x27, 0xE6, 0x27, 0xE6, 0x27, 0xE6, 0x2F, 0xE6, 0x27, 0xE6, 0x27, 0xE6, 0x27, 0xE5, 0x27,
    0xE5, 0x1F, 0xE5, 0x1F, 0xE6, 0x27, 0xE7, 0x2F, 0xD3, 0x97, 0x9E, 0xF7, 0x9E, 0xF7, 0x9E, 0xF7,
    0x9E, 0xF7, 0xBE, 0xF7, 0xBE, 0xF7, 0x24, 0x21, 0x87, 0xC6, 0x87, 0xC6, 0x87, 0xC6, 0x87, 0xC6,
    0x87, 0xC6, 0x87, 0xC6, 0x87, 0xC6, 0x87, 0xC6, 0x87, 0xC6, 0x87, 0xC6, 0x87, 0xC6, 0x87, 0xC6,
    0x87, 0xC6, 0x87, 0xC6, 0x87, 0xC6, 0x87, 0xC6, 0x87, 0xC6, 0x87, 0xC6, 0x88, 0xC6, 0x88, 0xC6,
    0xC9, 0x73, 0xE3, 0x18, 0xE3, 0x18, 0xE3, 0x18, 0xA6, 0x52, 0x87, 0xC6, 0x87, 0xC6, 0xA6, 0x52,
    0xE3, 0x18, 0xE3, 0x18, 0xE3, 0x18, 0x28, 0x63, 0x88, 0xC6, 0x87, 0xC6, 0x87, 0xC6, 0x87, 0xC6,
    0x87, 0xC6, 0x87, 0xC6, 0x87, 0xC6, 0x87, 0xC6, 0x87, 0xC6, 0x87, 0xC6, 0x87, 0xC6, 0x87, 0xC6,
    0x87, 0xC6, 0x87, 0xC6, 0x87, 0xC6, 0x24, 0x21, 0x38, 0xC6, 0x59, 0xCE, 0x59, 0xCE, 0x59, 0xCE,
    0x59, 0xCE, 0x59, 0xCE, 0x59, 0xCE, 0x59, 0xCE, 0xF7, 0xBD, 0xB6, 0xB5, 0x96, 0xB5, 0x96, 0xB5,
    0xB6, 0xB5, 0xB6, 0xB5, 0x96, 0xB5, 0xB6, 0xB5, 0xB6, 0xB5, 0x96, 0xB5, 0xB6, 0xB5, 0x96, 0xB5,
    0x96, 0xB5, 0xB6, 0xB5, 0xB6, 0xB5, 0xF7, 0xBD, 0x59, 0xCE, 0x59, 0xCE, 0x59, 0xCE, 0x59, 0xCE,
    0x59, 0xCE, 0x59, 0xCE, 0x59, 0xCE, 0x59, 0xCE, 0x59, 0xCE, 0x59, 0xCE, 0x59, 0xCE, 0x59, 0xCE,
    0x59, 0xCE, 0x59, 0xCE, 0x59, 0xCE, 0x59, 0xCE, 0x59, 0xCE, 0x59, 0xCE, 0x59, 0xCE, 0x59, 0xCE,
    0x59, 0xCE, 0x59, 0xCE, 0x59, 0xCE, 0x59, 0xCE, 0x59, 0xCE, 0x59, 0xCE, 0x59, 0xCE, 0x59, 0xCE,
    0x59, 0xCE, 0x59, 0xCE, 0x59, 0xCE, 0x59, 0xCE, 0x59, 0xCE, 0x59, 0xCE, 0x59, 0xCE, 0x59, 0xCE,
    0x59, 0xCE, 0x59, 0xCE, 0x59, 0xCE, 0x59, 0xCE, 0x59, 0xCE, 0x59, 0xCE, 0x59, 0xCE, 0x59, 0xCE,
    0x59, 0xCE, 0x59, 0xCE, 0x59, 0xCE, 0x59, 0xCE, 0x59, 0xCE, 0x59, 0xCE, 0x59, 0xCE, 0x59, 0xCE,
    0x59, 0xCE, 0x59, 0xCE, 0x59, 0xCE, 0x59, 0xCE, 0x59, 0xCE, 0x59, 0xCE, 0x59, 0xCE, 0x59, 0xCE,
    0x59, 0xCE, 0x59, 0xCE, 0x59, 0xCE, 0x59, 0xCE, 0x59, 0xCE, 0x59, 0xCE, 0x59, 0xCE, 0x59, 0xCE,
    0x59, 0xCE, 0x59, 0xCE, 0x59, 0xCE, 0x59, 0xCE, 0x59, 0xCE, 0x59, 0xCE, 0x59, 0xCE, 0x59, 0xCE,
    0x59, 0xCE, 0x59, 0xCE, 0x59, 0xCE, 0x59, 0xCE, 0x59, 0xCE, 0x59, 0xCE, 0x59, 0xCE, 0x59, 0xCE,
    0x59, 0xCE, 0x59, 0xCE, 0xC7, 0x39, 0xFB, 0xDE, 0x1C, 0xE7, 0x3C, 0xE7, 0x5D, 0xEF, 0x7D, 0xEF,
    0xE4, 0x1F, 0xE4, 0x1F, 0xE4, 0x1F, 0xE4, 0x1F, 0xE4, 0x1F, 0xE4, 0x1F, 0xE4, 0x1F, 0xE4, 0x1F,
    0xE4, 0x1F, 0xE4, 0x1F, 0xE4, 0x1F, 0xE4, 0x1F, 0xE4, 0x1F, 0xE4, 0x1F, 0xE4, 0x1F, 0xE4, 0x1F,
    0xE4, 0x1F, 0xE4, 0x1F, 0xE4, 0x1F, 0xE4, 0x1F, 0xE4, 0x1F, 0xE4, 0x1F, 0xE4, 0x1F, 0xE4, 0x1F,
    0xE4, 0x1F, 0xE4, 0x1F, 0xE4, 0x1F, 0xE4, 0x1F, 0xE4, 0x1F, 0xE4, 0x1F, 0xE4, 0x1F, 0xE4, 0x1F,
    0xE4, 0x1F, 0xE4, 0x1F, 0xE4, 0x1F, 0xE4, 0x1F, 0xE4, 0x1F, 0xE4, 0x1F, 0xE4, 0x1F, 0xE4, 0x1F,
    0xE4, 0x1F, 0xE4, 0x1F, 0xE4, 0x1F, 0xE4, 0x1F, 0xE4, 0x1F, 0xE4, 0x1F, 0xE4, 0x1F, 0xE4, 0x1F,
    0xE4, 0x1F, 0xE4, 0x1F, 0xE4, 0x1F, 0xE4, 0x1F, 0xE4, 0x1F, 0xE4, 0x1F, 0xE4, 0x1F, 0xE4, 0x1F,
    0xE4, 0x1F, 0xE4, 0x1F, 0xE4, 0x1F, 0xE4, 0x1F, 0xE4, 0x1F, 0xE4, 0x1F, 0xE4, 0x1F, 0xE4, 0x1F,
    0xE4, 0x1F, 0xE4, 0x1F, 0xE4, 0x1F, 0xE4, 0x1F, 0xE4, 0x1F, 0xE4, 0x1F, 0xE4, 0x1F, 0xE4, 0x1F,
    0xE4, 0x1F, 0xE4, 0x1F, 0xE4, 0x1F, 0xE4, 0x1F, 0xE4, 0x1F, 0xE4, 0x1F, 0xE4, 0x1F, 0xE4, 0x1F,
    0xE4, 0x1F, 0xE4, 0x1F, 0xE4, 0x1F, 0xE4, 0x1F, 0xE4, 0x1F, 0xE4, 0x1F, 0xE4, 0x1F, 0xE4, 0x1F,
    0xE4, 0x1F, 0xE4, 0x1F, 0xE4, 0x1F, 0xE4, 0x1F, 0xE4, 0x1F, 0xE4, 0x1F, 0xE4, 0x1F, 0xE4, 0x1F,
    0xE4, 0x1F, 0xE4, 0x1F, 0xE4, 0x1F, 0xE4, 0x1F, 0xE4, 0x1F, 0xE4, 0x1F, 0xE4, 0x1F, 0xE4, 0x1F,
    0xE4, 0x1F, 0xE4, 0x1F, 0xE4, 0x1F, 0xE4, 0x1F, 0xE4, 0x1F, 0xE4, 0x1F, 0xE4, 0x1F, 0xE4, 0x1F,
    0xE4, 0x1F, 0xE4, 0x1F, 0xE4, 0x1F, 0xE4, 0x1F, 0xE4, 0x1F, 0xE4, 0x1F, 0xE4, 0x1F, 0xE4, 0x1F,
    0xE4, 0x1F, 0xE4, 0x1F, 0xE4, 0x1F, 0xE4, 0x1F, 0xE4, 0x1F, 0xE4, 0x1F, 0xE4, 0x1F, 0xE4, 0x1F,
    0xE4, 0x1F, 0xE4, 0x1F, 0xE4, 0x1F, 0xE4, 0x1F, 0xE4, 0x1F, 0xE4, 0x1F, 0xE5, 0x1F, 0xE5, 0x1F,
    0xE5, 0x1F, 0xE5, 0x1F, 0xE5, 0x1F, 0xE5, 0x1F, 0xE5, 0x1F, 0xE5, 0x1F, 0xE5, 0x1F, 0xE5, 0x1F,
    0xE5, 0x1F, 0xE5, 0x1F, 0xE5, 0x27, 0xE7, 0x2F, 0xD3, 0x97, 0x9E, 0xF7, 0x9E, 0xF7, 0xBE, 0xF7,
    0x9E, 0xF7, 0xBE, 0xF7, 0xBE, 0xF7, 0x24, 0x21, 0x87, 0xC6, 0x87, 0xC6, 0x87, 0xC6, 0x87, 0xC6,
    0x87, 0xC6, 0x87, 0xC6, 0x87, 0xC6, 0x87, 0xC6, 0x87, 0xC6, 0x87, 0xC6, 0x87, 0xC6, 0x87, 0xC6,
    0x87, 0xC6, 0x87, 0xC6, 0x87, 0xC6, 0x87, 0xC6, 0x87, 0xC6, 0x87, 0xC6, 0x88, 0xC6, 0x88, 0xC6,
    0xC9, 0x73, 0xE3, 0x18, 0xE3, 0x18, 0xE3, 0x18, 0x27, 0x63, 0x87, 0xC6, 0x87, 0xC6, 0x27, 0x63,
    0xE3, 0x18, 0xE3, 0x18, 0xE3, 0x18, 0x28, 0x63, 0x88, 0xC6, 0x88, 0xC6, 0x87, 0xC6, 0x87, 0xC6,
    0x87, 0xC6, 0x87, 0xC6, 0x87, 0xC6, 0x87, 0xC6, 0x87, 0xC6, 0x87, 0xC6, 0x87, 0xC6, 0x87, 0xC6,
    0x87, 0xC6, 0x87, 0xC6, 0x87, 0xC6, 0x24, 0x21, 0x38, 0xC6, 0x59, 0xCE, 0x59, 0xCE, 0x59, 0xCE,
    0x59, 0xCE, 0x59, 0xCE, 0x59, 0xCE, 0x59, 0xCE, 0x59, 0xCE, 0x59, 0xCE, 0x59, 0xCE, 0x59, 0xCE,
    0x59, 0xCE, 0x59, 0xCE, 0x59, 0xCE, 0x59, 0xCE, 0x59, 0xCE, 0x59, 0xCE, 0x59, 0xCE, 0x59, 0xCE,
    0x59, 0xCE, 0x59, 0xCE, 0x59, 0xCE, 0x59, 0xCE, 0x59, 0xCE, 0x59, 0xCE, 0x59, 0xCE, 0x59, 0xCE,
    0x59, 0xCE, 0x59, 0xCE, 0x59, 0xCE, 0x59, 0xCE, 0x59, 0xCE, 0x59, 0xCE, 0x59, 0xCE, 0x59, 0xCE,
    0x59, 0xCE, 0x59, 0xCE, 0x59, 0xCE, 0x59, 0xCE, 0x59, 0xCE, 0x59, 0xCE, 0x59, 0xCE, 0x59, 0xCE,
    0x59, 0xCE, 0x59, 0xCE, 0x59, 0xCE, 0x59, 0xCE, 0x59, 0xCE, 0x59, 0xCE, 0x59, 0xCE, 0x59, 0xCE,
    0x59, 0xCE, 0x59, 0xCE, 0x59, 0xCE, 0x59, 0xCE, 0x59, 0xCE, 0x59, 0xCE, 0x59, 0xCE, 0x59, 0xCE,
    0x59, 0xCE, 0x59, 0xCE, 0x59, 0xCE, 0x59, 0xCE, 0x59, 0xCE, 0x59, 0xCE, 0x59, 0xCE, 0x59, 0xCE,
    0x59, 0xCE, 0x59, 0xCE, 0x59, 0xCE, 0x59, 0xCE, 0x59, 0xCE, 0x59, 0xCE, 0x59, 0xCE, 0x59, 0xCE,
    0x59, 0xCE, 0x59, 0xCE, 0x59, 0xCE, 0x59, 0xCE, 0x59, 0xCE, 0x59, 0xCE, 0x59, 0xCE, 0x59, 0xCE,
    0x59, 0xCE, 0x59, 0xCE, 0x59, 0xCE, 0x59, 0xCE, 0x59, 0xCE, 0x59, 0xCE, 0x59, 0xCE, 0x59, 0xCE,
    0x59, 0xCE, 0x59, 0xCE, 0x59, 0xCE, 0x59, 0xCE, 0x59, 0xCE, 0x59, 0xCE, 0x59, 0xCE, 0x59, 0xCE,
    0x59, 0xCE, 0x59, 0xCE, 0x59, 0xCE, 0x59, 0xCE, 0x59, 0xCE, 0x59, 0xCE, 0x59, 0xCE, 0x59, 0xCE,
    0x59, 0xCE, 0x59, 0xCE, 0xC7, 0x39, 0x1C, 0xDF, 0x1C, 0xE7, 0x3C, 0xE7, 0x5D, 0xEF, 0x7D, 0xEF,
    0xE4, 0x1F, 0xE4, 0x1F, 0xE4, 0x1F, 0xE4, 0x1F, 0xE4, 0x1F, 0xE4, 0x1F, 0xE4, 0x1F, 0xE4, 0x1F,
    0xE4, 0x1F, 0xE4, 0x1F, 0xE4, 0x1F, 0xE4, 0x1F, 0xE4, 0x1F, 0xE4, 0x1F, 0xE4, 0x1F, 0xE4, 0x1F,
    0xE4, 0x1F, 0xE4, 0x1F, 0xE4, 0x1F, 0xE4, 0x1F, 0xE4, 0x1F, 0xE4, 0x1F, 0xE4, 0x1F, 0xE4, 0x1F,
    0xE4, 0x1F, 0xE4, 0x1F, 0xE4, 0x1F, 0xE4, 0x1F, 0xE4, 0x1F, 0xE4, 0x1F, 0xE4, 0x1F, 0xE4, 0x1F,
    0xE4, 0x1F, 0xE4, 0x1F, 0xE4, 0x1F, 0xE4, 0x1F, 0xE4, 0x1F, 0xE4, 0x1F, 0xE4, 0x1F, 0xE4, 0x1F,
    0xE4, 0x1F, 0xE4, 0x1F, 0xE4, 0x1F, 0xE4, 0x1F, 0xE4, 0x1F, 0xE4, 0x1F, 0xE4, 0x1F, 0xE4, 0x1F,
    0xE4, 0x1F, 0xE4, 0x1F, 0xE4, 0x1F, 0xE4, 0x1F, 0xE4, 0x1F, 0xE4, 0x1F, 0xE4, 0x1F, 0xE4, 0x1F,
    0xE4, 0x1F, 0xE4, 0x1F, 0xE4, 0x1F, 0xE4, 0x1F, 0xE4, 0x1F, 0xE4, 0x1F, 0xE4, 0x1F, 0xE4, 0x1F,
    0xE4, 0x1F, 0xE4, 0x1F, 0xE4, 0x1F, 0xE4, 0x1F, 0xE4, 0x1F, 0xE4, 0x1F, 0xE4, 0x1F, 0xE4, 0x1F,
    0xE4, 0x1F, 0xE4, 0x1F, 0xE4, 0x1F, 0xE4, 0x1F, 0xE4, 0x1F, 0xE4, 0x1F, 0xE4, 0x1F, 0xE4, 0x1F,
    0xE4, 0x1F, 0xE4, 0x1F, 0xE4, 0x1F, 0xE4, 0x1F, 0xE4, 0x1F, 0xE4, 0x1F, 0xE4, 0x1F, 0xE4, 0x1F,
    0xE4, 0x1F, 0xE4, 0x1F, 0xE4, 0x1F, 0xE4, 0x1F, 0xE4, 0x1F, 0xE4, 0x1F, 0xE4, 0x1F, 0xE4, 0x1F,
    0xE4, 0x1F, 0xE4, 0x1F, 0xE4, 0x1F, 0xE4, 0x1F, 0xE4, 0x1F, 0xE4, 0x1F, 0xE4, 0x1F, 0xE4, 0x1F,
    0xE4, 0x1F, 0xE4, 0x1F, 0xE4, 0x1F, 0xE4, 0x1F, 0xE4, 0x1F, 0xE4, 0x1F, 0xE4, 0x1F, 0xE4, 0x1F,
    0xE4, 0x1F, 0xE4, 0x1F, 0xE4, 0x1F, 0xE4, 0x1F, 0xE4, 0x1F, 0xE4, 0x1F, 0xE4, 0x1F, 0xE4, 0x1F,
    0xE4, 0x1F, 0xE4, 0x1F, 0xE4, 0x1F, 0xE4, 0x1F, 0xE4, 0x1F, 0xE4, 0x1F, 0xE4, 0x1F, 0xE4, 0x1F,
    0xE4, 0x1F, 0xE4, 0x1F, 0xE4, 0x1F, 0xE4, 0x1F, 0xE4, 0x1F, 0xE4, 0x1F, 0xE4, 0x1F, 0xE4, 0x1F,
    0xE4, 0x1F, 0xE5, 0x1F, 0xE5, 0x1F, 0xE5, 0x1F, 0xE4, 0x1F, 0xE4, 0x1F, 0xE4, 0x1F, 0xE4, 0x1F,
    0xE4, 0x1F, 0xE5, 0x1F, 0xE5, 0x27, 0xE7, 0x2F, 0xD3, 0x97, 0x9E, 0xF7, 0x9E, 0xF7, 0x9E, 0xF7,
    0x9E, 0xF7, 0x9E, 0xF7, 0xBE, 0xF7, 0x24, 0x21, 0x87, 0xC6, 0x87, 0xC6, 0x87, 0xC6, 0x87, 0xC6,
    0x87, 0xC6, 0x87, 0xC6, 0x87, 0xC6, 0x87, 0xC6, 0x87, 0xC6, 0x87, 0xC6, 0x87, 0xC6, 0x87, 0xC6,
    0x87, 0xC6, 0x87, 0xC6, 0x87, 0xC6, 0x87, 0xC6, 0x87, 0xC6, 0x87, 0xC6, 0x88, 0xC6, 0x88, 0xC6,
    0xC9, 0x73, 0xE3, 0x18, 0xE3, 0x18, 0xE3, 0x18, 0x27, 0x63, 0x87, 0xC6, 0x87, 0xC6, 0x27, 0x63,
    0xE3, 0x18, 0xE3, 0x18, 0xE3, 0x18, 0x28, 0x63, 0x88, 0xC6, 0x88, 0xC6, 0x87, 0xC6, 0x87, 0xC6,
    0x87, 0xC6, 0x87, 0xC6, 0x87, 0xC6, 0x87, 0xC6, 0x87, 0xC6, 0x87, 0xC6, 0x87, 0xC6, 0x87, 0xC6,
    0x87, 0xC6, 0x87, 0xC6, 0x87, 0xC6, 0x24, 0x21, 0x38, 0xC6, 0x38, 0xC6, 0x59, 0xCE, 0x38, 0xC6,
    0x59, 0xCE, 0x59, 0xCE, 0x59, 0xCE, 0x59, 0xCE, 0x59, 0xCE, 0x59, 0xCE, 0x59, 0xCE, 0x59, 0xCE,
    0x59, 0xCE, 0x59, 0xCE, 0x59, 0xCE, 0x59, 0xCE, 0x59, 0xCE, 0x59, 0xCE, 0x59, 0xCE, 0x59, 0xCE,
    0x59, 0xCE, 0x59, 0xCE, 0x59, 0xCE, 0x59, 0xCE, 0x59, 0xCE, 0x59, 0xCE, 0x59, 0xCE, 0x59, 0xCE,
    0x59, 0xCE, 0x59, 0xCE, 0x59, 0xCE, 0x59, 0xCE, 0x59, 0xCE, 0x59, 0xCE, 0x59, 0xCE, 0x59, 0xCE,
    0x59, 0xCE, 0x59, 0xCE, 0x59, 0xCE, 0x59, 0xCE, 0x59, 0xCE, 0x59, 0xCE, 0x59, 0xCE, 0x59, 0xCE,
    0x59, 0xCE, 0x59, 0xCE, 0x59, 0xCE, 0x59, 0xCE, 0x59, 0xCE, 0x59, 0xCE, 0x59, 0xCE, 0x59, 0xCE,
    0x59, 0xCE, 0x59, 0xCE, 0x59, 0xCE, 0x59, 0xCE, 0x59, 0xCE, 0x59, 0xCE, 0x59, 0xCE, 0x59, 0xCE,
    0x59, 0xCE, 0x59, 0xCE, 0x59, 0xCE, 0x59, 0xCE, 0x59, 0xCE, 0x59, 0xCE, 0x59, 0xCE, 0x59, 0xCE,
    0x59, 0xCE, 0x59, 0xCE, 0x59, 0xCE, 0x59, 0xCE, 0x59, 0xCE, 0x59, 0xCE, 0x59, 0xCE, 0x59, 0xCE,
    0x59, 0xCE, 0x59, 0xCE, 0x59, 0xCE, 0x59, 0xCE, 0x59, 0xCE, 0x59, 0xCE, 0x59, 0xCE, 0x59, 0xCE,
    0x59, 0xCE, 0x59, 0xCE, 0x59, 0xCE, 0x59, 0xCE, 0x59, 0xCE, 0x59, 0xCE, 0x59, 0xCE, 0x59, 0xCE,
    0x59, 0xCE, 0x59, 0xCE, 0x59, 0xCE, 0x59, 0xCE, 0x59, 0xCE, 0x59, 0xCE, 0x59, 0xCE, 0x59, 0xCE,
    0x59, 0xCE, 0x59, 0xCE, 0x59, 0xCE, 0x59, 0xCE, 0x59, 0xCE, 0x59, 0xCE, 0x59, 0xCE, 0x59, 0xCE,
    0x59, 0xCE, 0x59, 0xCE, 0xC7, 0x39, 0x1C, 0xDF, 0x1C, 0xE7, 0x3C, 0xE7, 0x5D, 0xEF, 0x7D, 0xEF,
    0xE4, 0x1F, 0xE4, 0x1F, 0xE4, 0x1F, 0xE4, 0x1F, 0xE4, 0x1F, 0xE4, 0x1F, 0xE4, 0x1F, 0xE4, 0x1F,
    0xE4, 0x1F, 0xE4, 0x1F, 0xE4, 0x1F, 0xE4, 0x1F, 0xE4, 0x1F, 0xE4, 0x1F, 0xE4, 0x1F, 0xE4, 0x1F,
    0xE4, 0x1F, 0xE4, 0x1F, 0xE4, 0x1F, 0xE4, 0x1F, 0xE4, 0x1F, 0xE4, 0x1F, 0xE4, 0x1F, 0xE4, 0x1F,
    0xE4, 0x1F, 0xE4, 0x1F, 0xE4, 0x1F, 0xE4, 0x1F, 0xE4, 0x1F, 0xE4, 0x1F, 0xE4, 0x1F, 0xE4, 0x1F,
    0xE4, 0x1F, 0xE4, 0x1F, 0xE4, 0x1F, 0xE4, 0x1F, 0xE4, 0x1F, 0xE4, 0x1F, 0xE4, 0x1F, 0xE4, 0x1F,
    0xE4, 0x1F, 0xE4, 0x1F, 0xE4, 0x1F, 0xE4, 0x1F, 0xE4, 0x1F, 0xE4, 0x1F, 0xE4, 0x1F, 0xE4, 0x1F,
    0xE4, 0x1F, 0xE4, 0x1F, 0xE4, 0x1F, 0xE4, 0x1F, 0xE4, 0x1F, 0xE4, 0x1F, 0xE4, 0x1F, 0xE4, 0x1F,
    0xE4, 0x1F, 0xE4, 0x1F, 0xE4, 0x1F, 0xE4, 0x1F, 0xE4, 0x1F, 0xE4, 0x1F, 0xE4, 0x1F, 0xE4, 0x1F,
    0xE4, 0x1F, 0xE4, 0x1F, 0xE4, 0x1F, 0xE4, 0x1F, 0xE4, 0x1F, 0xE4, 0x1F, 0xE4, 0x1F, 0xE4, 0x1F,
    0xE4, 0x1F, 0xE4, 0x1F, 0xE4, 0x1F, 0xE4, 0x1F, 0xE4, 0x1F, 0xE4, 0x1F, 0xE4, 0x1F, 0xE4, 0x1F,
    0xE4, 0x1F, 0xE4, 0x1F, 0xE4, 0x1F, 0xE4, 0x1F, 0xE4, 0x1F, 0xE4, 0x1F, 0xE4, 0x1F, 0xE4, 0x1F,
    0xE4, 0x1F, 0xE4, 0x1F, 0xE4, 0x1F, 0xE4, 0x1F, 0xE4, 0x1F, 0xE4, 0x1F, 0xE4, 0x1F, 0xE4, 0x1F,
    0xE4, 0x1F, 0xE4, 0x1F, 0xE4, 0x1F, 0xE4, 0x1F, 0xE4, 0x1F, 0xE4, 0x1F, 0xE4, 0x1F, 0xE4, 0x1F,
    0xE4, 0x1F, 0xE4, 0x1F, 0xE4, 0x1F, 0xE4, 0x1F, 0xE4, 0x1F, 0xE4, 0x1F, 0xE4, 0x1F, 0xE4, 0x1F,
    0xE4, 0x1F, 0xE4, 0x1F, 0xE4, 0x1F, 0xE4, 0x1F, 0xE4, 0x1F, 0xE4, 0x1F, 0xE4, 0x1F, 0xE4, 0x1F,
    0xE4, 0x1F, 0xE4, 0x1F, 0xE4, 0x1F, 0xE4, 0x1F, 0xE4, 0x1F, 0xE4, 0x1F, 0xE4, 0x1F, 0xE4, 0x1F,
    0xE4, 0x1F, 0xE4, 0x1F, 0xE4, 0x1F, 0xE4, 0x1F, 0xE4, 0x1F, 0xE4, 0x1F, 0xE4, 0x1F, 0xE4, 0x1F,
    0xE4, 0x1F, 0xE4, 0x1F, 0xE4, 0x1F, 0xE4, 0x1F, 0xE4, 0x1F, 0xE4, 0x1F, 0xE4, 0x1F, 0xE4, 0x1F,
    0xE4, 0x1F, 0xE5, 0x1F, 0xE5, 0x27, 0xE7, 0x2F, 0xD3, 0x97, 0x9E, 0xF7, 0x9E, 0xF7, 0x9E, 0xF7,
    0xBE, 0xF7, 0x9E, 0xF7, 0xBE, 0xF7, 0x24, 0x21, 0x87, 0xC6, 0x87, 0xC6, 0x87, 0xC6, 0x87, 0xC6,
    0x87, 0xC6, 0x87, 0xC6, 0x87, 0xC6, 0x87, 0xC6, 0x87, 0xC6, 0x87, 0xC6, 0x87, 0xC6, 0x87, 0xC6,
    0x87, 0xC6, 0x87, 0xC6, 0x87, 0xC6, 0x87, 0xC6, 0x87, 0xC6, 0x88, 0xC6, 0x88, 0xC6, 0x88, 0xC6,
    0xC9, 0x73, 0xE3, 0x18, 0xE3, 0x18, 0xE3, 0x18, 0x27, 0x63, 0x87, 0xC6, 0x87, 0xC6, 0x27, 0x63,
    0xE3, 0x18, 0xE3, 0x18, 0xE3, 0x18, 0x28, 0x63, 0x88, 0xC6, 0x88, 0xC6, 0x87, 0xC6, 0x87, 0xC6,
    0x87, 0xC6, 0x87, 0xC6, 0x87, 0xC6, 0x87, 0xC6, 0x87, 0xC6, 0x87, 0xC6, 0x87, 0xC6, 0x87, 0xC6,
    0x87, 0xC6, 0x87, 0xC6, 0x87, 0xC6, 0x24, 0x21, 0x38, 0xC6, 0x59, 0xCE, 0x59, 0xCE, 0x59, 0xCE,
    0x59, 0xCE, 0x59, 0xCE, 0x59, 0xCE, 0x59, 0xCE, 0x59, 0xCE, 0x59, 0xCE, 0x59, 0xCE, 0x59, 0xCE,
    0x59, 0xCE, 0x59, 0xCE, 0x59, 0xCE, 0x59, 0xCE, 0x59, 0xCE, 0x59, 0xCE, 0x59, 0xCE, 0x59, 0xCE,
    0x59, 0xCE, 0x59, 0xCE, 0x59, 0xCE, 0x59, 0xCE, 0x59, 0xCE, 0x59, 0xCE, 0x59, 0xCE, 0x59, 0xCE,
    0x59, 0xCE, 0x59, 0xCE, 0x59, 0xCE, 0x59, 0xCE, 0x59, 0xCE, 0x59, 0xCE, 0x59, 0xCE, 0x59, 0xCE,
    0x59, 0xCE, 0x59, 0xCE, 0x59, 0xCE, 0x59, 0xCE, 0x59, 0xCE, 0x59, 0xCE, 0x59, 0xCE, 0x59, 0xCE,
    0x59, 0xCE, 0x59, 0xCE, 0x59, 0xCE, 0x59, 0xCE, 0x59, 0xCE, 0x59, 0xCE, 0x59, 0xCE, 0x59, 0xCE,
    0x59, 0xCE, 0x59, 0xCE, 0x59, 0xCE, 0x59, 0xCE, 0x59, 0xCE, 0x59, 0xCE, 0x59, 0xCE, 0x59, 0xCE,
    0x59, 0xCE, 0x59, 0xCE, 0x59, 0xCE, 0x59, 0xCE, 0x59, 0xCE, 0x59, 0xCE, 0x59, 0xCE, 0x59, 0xCE,
    0x59, 0xCE, 0x59, 0xCE, 0x59, 0xCE, 0x59, 0xCE, 0x59, 0xCE, 0x59, 0xCE, 0x59, 0xCE, 0x59, 0xCE,
    0x59, 0xCE, 0x59, 0xCE, 0x59, 0xCE, 0x59, 0xCE, 0x59, 0xCE, 0x59, 0xCE, 0x59, 0xCE, 0x59, 0xCE,
    0x59, 0xCE, 0x59, 0xCE, 0x59, 0xCE, 0x59, 0xCE, 0x59, 0xCE, 0x59, 0xCE, 0x59, 0xCE, 0x59, 0xCE,
    0x59, 0xCE, 0x59, 0xCE, 0x59, 0xCE, 0x59, 0xCE, 0x59, 0xCE, 0x59, 0xCE, 0x59, 0xCE, 0x59, 0xCE,
    0x59, 0xCE, 0x59, 0xCE, 0x59, 0xCE, 0x59, 0xCE, 0x59, 0xCE, 0x59, 0xCE, 0x59, 0xCE, 0x59, 0xCE,
    0x59, 0xCE, 0x59, 0xCE, 0xC7, 0x39, 0x1C, 0xDF, 0x1C, 0xE7, 0x3C, 0xE7, 0x5D, 0xEF, 0x7D, 0xEF,
    0xE4, 0x1F, 0xE4, 0x1F, 0xE4, 0x1F, 0xE4, 0x1F, 0xE4, 0x1F, 0xE4, 0x1F, 0xE4, 0x1F, 0xE4, 0x1F,
    0xE4, 0x1F, 0xE4, 0x1F, 0xE4, 0x1F, 0xE4, 0x1F, 0xE4, 0x1F, 0xE4, 0x1F, 0xE4, 0x1F, 0xE4, 0x1F,
    0xE4, 0x1F, 0xE4, 0x1F, 0xE4, 0x1F, 0xE4, 0x1F, 0xE4, 0x1F, 0xE4, 0x1F, 0xE4, 0x1F, 0xE4, 0x1F,
    0xE4, 0x1F, 0xE4, 0x1F, 0xE4, 0x1F, 0xE4, 0x1F, 0xE4, 0x1F, 0xE4, 0x1F, 0xE4, 0x1F, 0xE4, 0x1F,
    0xE4, 0x1F, 0xE4, 0x1F, 0xE4, 0x1F, 0xE4, 0x1F, 0xE4, 0x1F, 0xE4, 0x1F, 0xE4, 0x1F, 0xE4, 0x1F,
    0xE4, 0x1F, 0xE4, 0x1F, 0xE4, 0x1F, 0xE4, 0x1F, 0xE4, 0x1F, 0xE4, 0x1F, 0xE4, 0x1F, 0xE4, 0x1F,
    0xE4, 0x1F, 0xE4, 0x1F, 0xE4, 0x1F, 0xE4, 0x1F, 0xE4, 0x1F, 0xE4, 0x1F, 0xE4, 0x1F, 0xE4, 0x1F,
    0xE4, 0x1F, 0xE4, 0x1F, 0xE4, 0x1F, 0xE4, 0x1F, 0xE4, 0x1F, 0xE4, 0x1F, 0xE4, 0x1F, 0xE4, 0x1F,
    0xE4, 0x1F, 0xE4, 0x1F, 0xE4, 0x1F, 0xE4, 0x1F, 0xE4, 0x1F, 0xE4, 0x1F, 0xE4, 0x1F, 0xE4, 0x1F,
    0xE4, 0x1F, 0xE4, 0x1F, 0xE4, 0x1F, 0xE4, 0x1F, 0xE4, 0x1F, 0xE4, 0x1F, 0xE4, 0x1F, 0xE4, 0x1F,
    0xE4, 0x1F, 0xE4, 0x1F, 0xE4, 0x1F, 0xE4, 0x1F, 0xE4, 0x1F, 0xE4, 0x1F, 0xE4, 0x1F, 0xE4, 0x1F,
    0xE4, 0x1F, 0xE4, 0x1F, 0xE4, 0x1F, 0xE4, 0x1F, 0xE4, 0x1F, 0xE4, 0x1F, 0xE4, 0x1F, 0xE4, 0x1F,
    0xE4, 0x1F, 0xE4, 0x1F, 0xE4, 0x1F, 0xE4, 0x1F, 0xE4, 0x1F, 0xE4, 0x1F, 0xE4, 0x1F, 0xE4, 0x1F,
    0xE4, 0x1F, 0xE4, 0x1F, 0xE4, 0x1F, 0xE4, 0x1F, 0xE4, 0x1F, 0xE4, 0x1F, 0xE4, 0x1F, 0xE4, 0x1F,
    0xE4, 0x1F, 0xE4, 0x1F, 0xE4, 0x1F, 0xE4, 0x1F, 0xE4, 0x1F, 0xE4, 0x1F, 0xE4, 0x1F, 0xE4, 0x1F,
    0xE4, 0x1F, 0xE4, 0x1F, 0xE4, 0x1F, 0xE4, 0x1F, 0xE4, 0x1F, 0xE4, 0x1F, 0xE4, 0x1F, 0xE4, 0x1F,
    0xE4, 0x1F, 0xE4, 0x1F, 0xE4, 0x1F, 0xE4, 0x1F, 0xE4, 0x1F, 0xE4, 0x1F, 0xE4, 0x1F, 0xE4, 0x1F,
    0xE4, 0x1F, 0xE4, 0x1F, 0xE4, 0x1F, 0xE4, 0x1F, 0xE4, 0x1F, 0xE4, 0x1F, 0xE4, 0x1F, 0xE4, 0x1F,
    0xE4, 0x1F, 0xE5, 0x1F, 0xE5, 0x27, 0xE7, 0x2F, 0xB3, 0x97, 0x9E, 0xF7, 0x9E, 0xF7, 0x9E, 0xF7,
    0x9E, 0xF7, 0x9E, 0xF7, 0x9E, 0xF7, 0x24, 0x21, 0x87, 0xC6, 0x87, 0xC6, 0x87, 0xC6, 0x87, 0xC6,
    0x87, 0xC6, 0x87, 0xC6, 0x87, 0xC6, 0x87, 0xC6, 0x87, 0xC6, 0x87, 0xC6, 0x87, 0xC6, 0x87, 0xC6,
    0x87, 0xC6, 0x87, 0xC6, 0x87, 0xC6, 0x87, 0xC6, 0x87, 0xC6, 0x88, 0xC6, 0x88, 0xC6, 0x88, 0xC6,
    0xC9, 0x73, 0xE3, 0x18, 0xE3, 0x18, 0xE3, 0x18, 0x27, 0x63, 0x87, 0xC6, 0x87, 0xC6, 0x27, 0x63,
    0xE3, 0x18, 0xE3, 0x18, 0xE3, 0x18, 0x28, 0x63, 0x88, 0xC6, 0x88, 0xC6, 0x88, 0xC6, 0x87, 0xC6,
    0x87, 0xC6, 0x87, 0xC6, 0x87, 0xC6, 0x87, 0xC6, 0x87, 0xC6, 0x87, 0xC6, 0x87, 0xC6, 0x87, 0xC6,
    0x87, 0xC6, 0x87, 0xC6, 0x87, 0xC6, 0x24, 0x21, 0x38, 0xC6, 0x38, 0xC6, 0x59, 0xCE, 0x38, 0xC6,
    0x59, 0xCE, 0x59, 0xCE, 0x59, 0xCE, 0x59, 0xCE, 0x59, 0xCE, 0x59, 0xCE, 0x59, 0xCE, 0x59, 0xCE,
    0x59, 0xCE, 0x59, 0xCE, 0x59, 0xCE, 0x59, 0xCE, 0x59, 0xCE, 0x59, 0xCE, 0x59, 0xCE, 0x59, 0xCE,
    0x59, 0xCE, 0x59, 0xCE, 0x59, 0xCE, 0x59, 0xCE, 0x59, 0xCE, 0x59, 0xCE, 0x59, 0xCE, 0x59, 0xCE,
    0x59, 0xCE, 0x59, 0xCE, 0x59, 0xCE, 0x59, 0xCE, 0x59, 0xCE, 0x59, 0xCE, 0x59, 0xCE, 0x59, 0xCE,
    0x59, 0xCE, 0x59, 0xCE, 0x59, 0xCE, 0x59, 0xCE, 0x59, 0xCE, 0x59, 0xCE, 0x59, 0xCE, 0x59, 0xCE,
    0x59, 0xCE, 0x59, 0xCE, 0x59, 0xCE, 0x59, 0xCE, 0x59, 0xCE, 0x59, 0xCE, 0x59, 0xCE, 0x59, 0xCE,
    0x59, 0xCE, 0x59, 0xCE, 0x59, 0xCE, 0x59, 0xCE, 0x59, 0xCE, 0x59, 0xCE, 0x59, 0xCE, 0x59, 0xCE,
    0x59, 0xCE, 0x59, 0xCE, 0x59, 0xCE, 0x59, 0xCE, 0x59, 0xCE, 0x59, 0xCE, 0x59, 0xCE, 0x59, 0xCE,
    0x59, 0xCE, 0x59, 0xCE, 0x59, 0xCE, 0x59, 0xCE, 0x59, 0xCE, 0x59, 0xCE, 0x59, 0xCE, 0x59, 0xCE,
    0x59, 0xCE, 0x59, 0xCE, 0x59, 0xCE, 0x59, 0xCE, 0x59, 0xCE, 0x59, 0xCE, 0x59, 0xCE, 0x59, 0xCE,
    0x59, 0xCE, 0x59, 0xCE, 0x59, 0xCE, 0x59, 0xCE, 0x59, 0xCE, 0x59, 0xCE, 0x59, 0xCE, 0x59, 0xCE,
    0x59, 0xCE, 0x59, 0xCE, 0x59, 0xCE, 0x59, 0xCE, 0x59, 0xCE, 0x59, 0xCE, 0x59, 0xCE, 0x59, 0xCE,
    0x59, 0xCE, 0x59, 0xCE, 0x59, 0xCE, 0x59, 0xCE, 0x59, 0xCE, 0x59, 0xCE, 0x59, 0xCE, 0x59, 0xCE,
    0x59, 0xCE, 0x59, 0xCE, 0xC7, 0x39, 0x1C, 0xDF, 0x1C, 0xE7, 0x3C, 0xE7, 0x5D, 0xEF, 0x7D, 0xEF,
    0xE4, 0x1F, 0xE4, 0x1F, 0xE4, 0x1F, 0xE4, 0x1F, 0xE4, 0x1F, 0xE4, 0x1F, 0xE4, 0x1F, 0xE4, 0x1F,
    0xE4, 0x1F, 0xE4, 0x1F, 0xE4, 0x1F, 0xE4, 0x1F, 0xE4, 0x1F, 0xE4, 0x1F, 0xE4, 0x1F, 0xE4, 0x1F,
    0xE4, 0x1F, 0xE4, 0x1F, 0xE4, 0x1F, 0xE4, 0x1F, 0xE4, 0x1F, 0xE4, 0x1F, 0xE4, 0x1F, 0xE4, 0x1F,
    0xE4, 0x1F, 0xE4, 0x1F, 0xE4, 0x1F, 0xE4, 0x1F, 0xE4, 0x1F, 0xE4, 0x1F, 0xE4, 0x1F, 0xE4, 0x1F,
    0xE4, 0x1F, 0xE4, 0x1F, 0xE4, 0x1F, 0xE4, 0x1F, 0xE4, 0x1F, 0xE4, 0x1F, 0xE4, 0x1F, 0xE4, 0x1F,
    0xE4, 0x1F, 0xE4, 0x1F, 0xE4, 0x1F, 0xE4, 0x1F, 0xE4, 0x1F, 0xE4, 0x1F, 0xE4, 0x1F, 0xE4, 0x1F,
    0xE4, 0x1F, 0xE4, 0x1F, 0xE4, 0x1F, 0xE4, 0x1F, 0xE4, 0x1F, 0xE4, 0x1F, 0xE4, 0x1F, 0xE4, 0x1F,
    0xE4, 0x1F, 0xE4, 0x1F, 0xE4, 0x1F, 0xE4, 0x1F, 0xE4, 0x1F, 0xE4, 0x1F, 0xE4, 0x1F, 0xE4, 0x1F,
    0xE4, 0x1F, 0xE4, 0x1F, 0xE4, 0x1F, 0xE4, 0x1F, 0xE4, 0x1F, 0xE4, 0x1F, 0xE4, 0x1F, 0xE4, 0x1F,
    0xE4, 0x1F, 0xE4, 0x1F, 0xE4, 0x1F, 0xE4, 0x1F, 0xE4, 0x1F, 0xE4, 0x1F, 0xE4, 0x1F, 0xE4, 0x1F,
    0xE4, 0x1F, 0xE4, 0x1F, 0xE4, 0x1F, 0xE4, 0x1F, 0xE4, 0x1F, 0xE4, 0x1F, 0xE4, 0x1F, 0xE4, 0x1F,
    0xE4, 0x1F, 0xE4, 0x1F, 0xE4, 0x1F, 0xE4, 0x1F, 0xE4, 0x1F, 0xE4, 0x1F, 0xE4, 0x1F, 0xE4, 0x1F,
    0xE4, 0x1F, 0xE4, 0x1F, 0xE4, 0x1F, 0xE4, 0x1F, 0xE4, 0x1F, 0xE4, 0x1F, 0xE4, 0x1F, 0xE4, 0x1F,
    0xE4, 0x1F, 0xE4, 0x1F, 0xE4, 0x1F, 0xE4, 0x1F, 0xE4, 0x1F, 0xE4, 0x1F, 0xE4, 0x1F, 0xE4, 0x1F,
    0xE4, 0x1F, 0xE4, 0x1F, 0xE4, 0x1F, 0xE4, 0x1F, 0xE4, 0x1F, 0xE4, 0x1F, 0xE4, 0x1F, 0xE4, 0x1F,
    0xE4, 0x1F, 0xE4, 0x1F, 0xE4, 0x1F, 0xE4, 0x1F, 0xE4, 0x1F, 0xE4, 0x1F, 0xE4, 0x1F, 0xE4, 0x1F,
    0xE4, 0x1F, 0xE4, 0x1F, 0xE4, 0x1F, 0xE4, 0x1F, 0xE4, 0x1F, 0xE4, 0x1F, 0xE4, 0x1F, 0xE4, 0x1F,
    0xE4, 0x1F, 0xE4, 0x1F, 0xE4, 0x1F, 0xE4, 0x1F, 0xE4, 0x1F, 0xE4, 0x1F, 0xE4, 0x1F, 0xE4, 0x1F,
    0xE4, 0x1F, 0xE5, 0x1F, 0xE5, 0x27, 0xE7, 0x2F, 0xD3, 0x97, 0x9E, 0xF7, 0x9E, 0xF7, 0x9E, 0xF7,
    0x9E, 0xF7, 0x9E, 0xF7, 0xBE, 0xF7, 0x24, 0x21, 0x87, 0xC6, 0x87, 0xC6, 0x87, 0xC6, 0x87, 0xC6,
    0x87, 0xC6, 0x87, 0xC6, 0x87, 0xC6, 0x87, 0xC6, 0x87, 0xC6, 0x87, 0xC6, 0x87, 0xC6, 0x87, 0xC6,
    0x87, 0xC6, 0x87, 0xC6, 0x87, 0xC6, 0x87, 0xC6, 0x87, 0xC6, 0x88, 0xC6, 0x88, 0xC6, 0x88, 0xC6,
    0xC9, 0x73, 0xE3, 0x18, 0xE3, 0x18, 0xE3, 0x18, 0x27, 0x63, 0x87, 0xC6, 0x87, 0xC6, 0x27, 0x63,
    0xE3, 0x18, 0xE3, 0x18, 0xE3, 0x18, 0x28, 0x63, 0x88, 0xC6, 0x88, 0xC6, 0x88, 0xC6, 0x87, 0xC6,
    0x87, 0xC6, 0x87, 0xC6, 0x87, 0xC6, 0x87, 0xC6, 0x87, 0xC6, 0x87, 0xC6, 0x87, 0xC6, 0x87, 0xC6,
    0x87, 0xC6, 0x87, 0xC6, 0x87, 0xC6, 0x24, 0x21, 0x38, 0xC6, 0x38, 0xC6, 0x38, 0xC6, 0x38, 0xC6,
    0x59, 0xCE, 0x59, 0xCE, 0x59, 0xCE, 0x59, 0xCE, 0x59, 0xCE, 0x59, 0xCE, 0x59, 0xCE, 0x59, 0xCE,
    0x59, 0xCE, 0x59, 0xCE, 0x59, 0xCE, 0x59, 0xCE, 0x59, 0xCE, 0x59, 0xCE, 0x59, 0xCE, 0x59, 0xCE,
    0x59, 0xCE, 0x59, 0xCE, 0x59, 0xCE, 0x59, 0xCE, 0x59, 0xCE, 0x59, 0xCE, 0x59, 0xCE, 0x59, 0xCE,
    0x59, 0xCE, 0x59, 0xCE, 0x59, 0xCE, 0x59, 0xCE, 0x59, 0xCE, 0x59, 0xCE, 0x59, 0xCE, 0x59, 0xCE,
    0x59, 0xCE, 0x59, 0xCE, 0x59, 0xCE, 0x59, 0xCE, 0x59, 0xCE, 0x59, 0xCE, 0x59, 0xCE, 0x59, 0xCE,
    0x59, 0xCE, 0x59, 0xCE, 0x59, 0xCE, 0x59, 0xCE, 0x59, 0xCE, 0x59, 0xCE, 0x59, 0xCE, 0x59, 0xCE,
    0x59, 0xCE, 0x59, 0xCE, 0x59, 0xCE, 0x59, 0xCE, 0x59, 0xCE, 0x59, 0xCE, 0x59, 0xCE, 0x59, 0xCE,
    0x59, 0xCE, 0x59, 0xCE, 0x59, 0xCE, 0x59, 0xCE, 0x59, 0xCE, 0x59, 0xCE, 0x59, 0xCE, 0x59, 0xCE,
    0x59, 0xCE, 0x59, 0xCE, 0x59, 0xCE, 0x59, 0xCE, 0x59, 0xCE, 0x59, 0xCE, 0x59, 0xCE, 0x59, 0xCE,
    0x59, 0xCE, 0x59, 0xCE, 0x59, 0xCE, 0x59, 0xCE, 0x59, 0xCE, 0x59, 0xCE, 0x59, 0xCE, 0x59, 0xCE,
    0x59, 0xCE, 0x59, 0xCE, 0x59, 0xCE, 0x59, 0xCE, 0x59, 0xCE, 0x59, 0xCE, 0x59, 0xCE, 0x59, 0xCE,
    0x59, 0xCE, 0x59, 0xCE, 0x59, 0xCE, 0x59, 0xCE, 0x59, 0xCE, 0x59, 0xCE, 0x59, 0xCE, 0x59, 0xCE,
    0x59, 0xCE, 0x59, 0xCE, 0x59, 0xCE, 0x59, 0xCE, 0x59, 0xCE, 0x59, 0xCE, 0x59, 0xCE, 0x59, 0xCE,
    0x59, 0xCE, 0x59, 0xCE, 0xC7, 0x39, 0xFB, 0xDE, 0x1C, 0xE7, 0x3C, 0xE7, 0x5D, 0xEF, 0x7D, 0xEF,
    0xE4, 0x1F, 0xE4, 0x1F, 0xE4, 0x1F, 0xE4, 0x1F, 0xE4, 0x1F, 0xE4, 0x1F, 0xE4, 0x1F, 0xE4, 0x1F,
    0xE4, 0x1F, 0xE4, 0x1F, 0xE4, 0x1F, 0xE4, 0x1F, 0xE4, 0x1F, 0xE4, 0x1F, 0xE4, 0x1F, 0xE4, 0x1F,
    0xE4, 0x1F, 0xE4, 0x1F, 0xE4, 0x1F, 0xE4, 0x1F, 0xE4, 0x1F, 0xE4, 0x1F, 0xE4, 0x1F, 0xE4, 0x1F,
    0xE4, 0x1F, 0xE4, 0x1F, 0xE4, 0x1F, 0xE4, 0x1F, 0xE4, 0x1F, 0xE4, 0x1F, 0xE4, 0x1F, 0xE4, 0x1F,
    0xE4, 0x1F, 0xE4, 0x1F, 0xE4, 0x1F, 0xE4, 0x1F, 0xE4, 0x1F, 0xE4, 0x1F, 0xE4, 0x1F, 0xE4, 0x1F,
    0xE4, 0x1F, 0xE4, 0x1F, 0xE4, 0x1F, 0xE4, 0x1F, 0xE4, 0x1F, 0xE4, 0x1F, 0xE4, 0x1F, 0xE4, 0x1F,
    0xE4, 0x1F, 0xE4, 0x1F, 0xE4, 0x1F, 0xE4, 0x1F, 0xE4, 0x1F, 0xE4, 0x1F, 0xE4, 0x1F, 0xE4, 0x1F,
    0xE4, 0x1F, 0xE4, 0x1F, 0xE4, 0x1F, 0xE4, 0x1F, 0xE4, 0x1F, 0xE4, 0x1F, 0xE4, 0x1F, 0xE4, 0x1F,
    0xE4, 0x1F, 0xE4, 0x1F, 0xE4, 0x1F, 0xE4, 0x1F, 0xE4, 0x1F, 0xE4, 0x1F, 0xE4, 0x1F, 0xE4, 0x1F,
    0xE4, 0x1F, 0xE4, 0x1F, 0xE4, 0x1F, 0xE4, 0x1F, 0xE4, 0x1F, 0xE4, 0x1F, 0xE4, 0x1F, 0xE4, 0x1F,
    0xE4, 0x1F, 0xE4, 0x1F, 0xE4, 0x1F, 0xE4, 0x1F, 0xE4, 0x1F, 0xE4, 0x1F, 0xE4, 0x1F, 0xE4, 0x1F,
    0xE4, 0x1F, 0xE4, 0x1F, 0xE4, 0x1F, 0xE4, 0x1F, 0xE4, 0x1F, 0xE4, 0x1F, 0xE4, 0x1F, 0xE4, 0x1F,
    0xE4, 0x1F, 0xE4, 0x1F, 0xE4, 0x1F, 0xE4, 0x1F, 0xE4, 0x1F, 0xE4, 0x1F, 0xE4, 0x1F, 0xE4, 0x1F,
    0xE4, 0x1F, 0xE4, 0x1F, 0xE4, 0x1F, 0xE4, 0x1F, 0xE4, 0x1F, 0xE4, 0x1F, 0xE4, 0x1F, 0xE4, 0x1F,
    0xE4, 0x1F, 0xE4, 0x1F, 0xE4, 0x1F, 0xE4, 0x1F, 0xE4, 0x1F, 0xE4, 0x1F, 0xE4, 0x1F, 0xE4, 0x1F,
    0xE4, 0x1F, 0xE4, 0x1F, 0xE4, 0x1F, 0xE4, 0x1F, 0xE4, 0x1F, 0xE4, 0x1F, 0xE4, 0x1F, 0xE4, 0x1F,
    0xE4, 0x1F, 0xE4, 0x1F, 0xE4, 0x1F, 0xE4, 0x1F, 0xE4, 0x1F, 0xE4, 0x1F, 0xE4, 0x1F, 0xE4, 0x1F,
    0xE4, 0x1F, 0xE4, 0x1F, 0xE4, 0x1F, 0xE4, 0x1F, 0xE4, 0x1F, 0xE4, 0x1F, 0xE4, 0x1F, 0xE4, 0x1F,
    0xE4, 0x1F, 0xE5, 0x1F, 0xE5, 0x27, 0xE7, 0x2F, 0xD3, 0x97, 0x9E, 0xF7, 0x9E, 0xF7, 0x9E, 0xF7,
    0x9E, 0xF7, 0x9E, 0xF7, 0x9E, 0xF7, 0x24, 0x21, 0x87, 0xC6, 0x87, 0xC6, 0x87, 0xC6, 0x87, 0xC6,
    0x87, 0xC6, 0x87, 0xC6, 0x87, 0xC6, 0x87, 0xC6, 0x87, 0xC6, 0x87, 0xC6, 0x87, 0xC6, 0x87, 0xC6,
    0x87, 0xC6, 0x87, 0xC6, 0x87, 0xC6, 0x87, 0xC6, 0x87, 0xC6, 0x88, 0xC6, 0x88, 0xC6, 0x88, 0xC6,
    0xC9, 0x73, 0xE3, 0x18, 0xE3, 0x18, 0xE3, 0x18, 0x27, 0x63, 0x87, 0xC6, 0x87, 0xC6, 0x27, 0x63,
    0xE3, 0x18, 0xE3, 0x18, 0xE3, 0x18, 0x28, 0x63, 0x88, 0xC6, 0x88, 0xC6, 0x87, 0xC6, 0x87, 0xC6,
    0x87, 0xC6, 0x87, 0xC6, 0x87, 0xC6, 0x87, 0xC6, 0x87, 0xC6, 0x87, 0xC6, 0x87, 0xC6, 0x87, 0xC6,
    0x87, 0xC6, 0x87, 0xC6, 0x87, 0xC6, 0x24, 0x21, 0x38, 0xC6, 0x38, 0xC6, 0x38, 0xC6, 0x38, 0xC6,
    0x38, 0xC6, 0x59, 0xCE, 0x59, 0xCE, 0x38, 0xC6, 0x59, 0xCE, 0x59, 0xCE, 0x59, 0xCE, 0x59, 0xCE,
    0x59, 0xCE, 0x59, 0xCE, 0x59, 0xCE, 0x59, 0xCE, 0x59, 0xCE, 0x59, 0xCE, 0x59, 0xCE, 0x59, 0xCE,
    0x59, 0xCE, 0x59, 0xCE, 0x59, 0xCE, 0x59, 0xCE, 0x59, 0xCE, 0x59, 0xCE, 0x59, 0xCE, 0x59, 0xCE,
    0x59, 0xCE, 0x59, 0xCE, 0x59, 0xCE, 0x59, 0xCE, 0x59, 0xCE, 0x59, 0xCE, 0x59, 0xCE, 0x59, 0xCE,
    0x59, 0xCE, 0x59, 0xCE, 0x59, 0xCE, 0x59, 0xCE, 0x59, 0xCE, 0x59, 0xCE, 0x59, 0xCE, 0x59, 0xCE,
    0x59, 0xCE, 0x59, 0xCE, 0x59, 0xCE, 0x59, 0xCE, 0x59, 0xCE, 0x59, 0xCE, 0x59, 0xCE, 0x59, 0xCE,
    0x59, 0xCE, 0x59, 0xCE, 0x59, 0xCE, 0x59, 0xCE, 0x59, 0xCE, 0x59, 0xCE, 0x59, 0xCE, 0x59, 0xCE,
    0x59, 0xCE, 0x59, 0xCE, 0x59, 0xCE, 0x59, 0xCE, 0x59, 0xCE, 0x59, 0xCE, 0x59, 0xCE, 0x59, 0xCE,
    0x59, 0xCE, 0x59, 0xCE, 0x59, 0xCE, 0x59, 0xCE, 0x59, 0xCE, 0x59, 0xCE, 0x59, 0xCE, 0x59, 0xCE,
    0x59, 0xCE, 0x59, 0xCE, 0x59, 0xCE, 0x59, 0xCE, 0x59, 0xCE, 0x59, 0xCE, 0x59, 0xCE, 0x59, 0xCE,
    0x59, 0xCE, 0x59, 0xCE, 0x59, 0xCE, 0x59, 0xCE, 0x59, 0xCE, 0x59, 0xCE, 0x59, 0xCE, 0x59, 0xCE,
    0x59, 0xCE, 0x59, 0xCE, 0x59, 0xCE, 0x59, 0xCE, 0x59, 0xCE, 0x59, 0xCE, 0x59, 0xCE, 0x59, 0xCE,
    0x59, 0xCE, 0x59, 0xCE, 0x59, 0xCE, 0x59, 0xCE, 0x59, 0xCE, 0x59, 0xCE, 0x59, 0xCE, 0x59, 0xCE,
    0x59, 0xCE, 0x59, 0xCE, 0xC7, 0x39, 0xFB, 0xDE, 0x1C, 0xE7, 0x3C, 0xE7, 0x5D, 0xEF, 0x7D, 0xEF,
    0xE4, 0x1F, 0xE4, 0x1F, 0xE4, 0x1F, 0xE4, 0x1F, 0xE4, 0x1F, 0xE4, 0x1F, 0xE4, 0x1F, 0xE4, 0x1F,
    0xE4, 0x1F, 0xE4, 0x1F, 0xE4, 0x1F, 0xE4, 0x1F, 0xE4, 0x1F, 0xE4, 0x1F, 0xE4, 0x1F, 0xE4, 0x1F,
    0xE4, 0x1F, 0xE4, 0x1F, 0xE4, 0x1F, 0xE4, 0x1F, 0xE4, 0x1F, 0xE4, 0x1F, 0xE4, 0x1F, 0xE4, 0x1F,
    0xE4, 0x1F, 0xE4, 0x1F, 0xE4, 0x1F, 0xE4, 0x1F, 0xE4, 0x1F, 0xE4, 0x1F, 0xE4, 0x1F, 0xE4, 0x1F,
    0xE4, 0x1F, 0xE4, 0x1F, 0xE4, 0x1F, 0xE4, 0x1F, 0xE4, 0x1F, 0xE4, 0x1F, 0xE4, 0x1F, 0xE4, 0x1F,
    0xE4, 0x1F, 0xE4, 0x1F, 0xE4, 0x1F, 0xE4, 0x1F, 0xE4, 0x1F, 0xE4, 0x1F, 0xE4, 0x1F, 0xE4, 0x1F,
    0xE4, 0x1F, 0xE4, 0x1F, 0xE4, 0x1F, 0xE4, 0x1F, 0xE4, 0x1F, 0xE4, 0x1F, 0xE4, 0x1F, 0xE4, 0x1F,
    0xE4, 0x1F, 0xE4, 0x1F, 0xE4, 0x1F, 0xE4, 0x1F, 0xE4, 0x1F, 0xE4, 0x1F, 0xE4, 0x1F, 0xE4, 0x1F,
    0xE4, 0x1F, 0xE4, 0x1F, 0xE4, 0x1F, 0xE4, 0x1F, 0xE4, 0x1F, 0xE4, 0x1F, 0xE4, 0x1F, 0xE4, 0x1F,
    0xE4, 0x1F, 0xE4, 0x1F, 0xE4, 0x1F, 0xE4, 0x1F, 0xE4, 0x1F, 0xE4, 0x1F, 0xE4, 0x1F, 0xE4, 0x1F,
    0xE4, 0x1F, 0xE4, 0x1F, 0xE4, 0x1F, 0xE4, 0x1F, 0xE4, 0x1F, 0xE4, 0x1F, 0xE4, 0x1F, 0xE4, 0x1F,
    0xE4, 0x1F, 0xE4, 0x1F, 0xE4, 0x1F, 0xE4, 0x1F, 0xE4, 0x1F, 0xE4, 0x1F, 0xE4, 0x1F, 0xE4, 0x1F,
    0xE4, 0x1F, 0xE4, 0x1F, 0xE4, 0x1F, 0xE4, 0x1F, 0xE4, 0x1F, 0xE4, 0x1F, 0xE4, 0x1F, 0xE4, 0x1F,
    0xE4, 0x1F, 0xE4, 0x1F, 0xE4, 0x1F, 0xE4, 0x1F, 0xE4, 0x1F, 0xE4, 0x1F, 0xE4, 0x1F, 0xE4, 0x1F,
    0xE4, 0x1F, 0xE4, 0x1F, 0xE4, 0x1F, 0xE4, 0x1F, 0xE4, 0x1F, 0xE4, 0x1F, 0xE4, 0x1F, 0xE4, 0x1F,
    0xE4, 0x1F, 0xE4, 0x1F, 0xE4, 0x1F, 0xE4, 0x1F, 0xE4, 0x1F, 0xE4, 0x1F, 0xE4, 0x1F, 0xE4, 0x1F,
    0xE4, 0x1F, 0xE4, 0x1F, 0xE4, 0x1F, 0xE4, 0x1F, 0xE4, 0x1F, 0xE4, 0x1F, 0xE4, 0x1F, 0xE4, 0x1F,
    0xE4, 0x1F, 0xE4, 0x1F, 0xE4, 0x1F, 0xE4, 0x1F, 0xE4, 0x1F, 0xE4, 0x1F, 0xE4, 0x1F, 0xE4, 0x1F,
    0xE4, 0x1F, 0xE5, 0x1F, 0xE5, 0x27, 0xE7, 0x2F, 0xD3, 0x97, 0x9E, 0xF7, 0x9E, 0xF7, 0x9E, 0xF7,
    0x9E, 0xF7, 0x9E, 0xF7, 0x9E, 0xF7, 0x24, 0x21, 0x87, 0xC6, 0x87, 0xC6, 0x87, 0xC6, 0x87, 0xC6,
    0x87, 0xC6, 0x87, 0xC6, 0x87, 0xC6, 0x87, 0xC6, 0x87, 0xC6, 0x87, 0xC6, 0x87, 0xC6, 0x87, 0xC6,
    0x87, 0xC6, 0x87, 0xC6, 0x87, 0xC6, 0x87, 0xC6, 0x87, 0xC6, 0x87, 0xC6, 0x88, 0xC6, 0x88, 0xC6,
    0xC9, 0x73, 0xE3, 0x18, 0xE3, 0x18, 0xE3, 0x18, 0x27, 0x63, 0x87, 0xC6, 0x87, 0xC6, 0x27, 0x63,
    0xE3, 0x18, 0xE3, 0x18, 0xE3, 0x18, 0x28, 0x63, 0x88, 0xC6, 0x88, 0xC6, 0x88, 0xC6, 0x87, 0xC6,
    0x87, 0xC6, 0x87, 0xC6, 0x87, 0xC6, 0x87, 0xC6, 0x87, 0xC6, 0x87, 0xC6, 0x87, 0xC6, 0x87, 0xC6,
    0x87, 0xC6, 0x87, 0xC6, 0x87, 0xC6, 0x24, 0x21, 0x38, 0xC6, 0x38, 0xC6, 0x38, 0xC6, 0x38, 0xC6,
    0x38, 0xC6, 0x38, 0xC6, 0x38, 0xC6, 0x59, 0xCE, 0x59, 0xCE, 0x59, 0xCE, 0x59, 0xCE, 0x59, 0xCE,
    0x59, 0xCE, 0x59, 0xCE, 0x59, 0xCE, 0x59, 0xCE, 0x59, 0xCE, 0x59, 0xCE, 0x59, 0xCE, 0x59, 0xCE,
    0x59, 0xCE, 0x59, 0xCE, 0x59, 0xCE, 0x59, 0xCE, 0x59, 0xCE, 0x59, 0xCE, 0x59, 0xCE, 0x59, 0xCE,
    0x59, 0xCE, 0x59, 0xCE, 0x59, 0xCE, 0x59, 0xCE, 0x59, 0xCE, 0x59, 0xCE, 0x59, 0xCE, 0x59, 0xCE,
    0x59, 0xCE, 0x59, 0xCE, 0x59, 0xCE, 0x59, 0xCE, 0x59, 0xCE, 0x59, 0xCE, 0x59, 0xCE, 0x59, 0xCE,
    0x59, 0xCE, 0x59, 0xCE, 0x59, 0xCE, 0x59, 0xCE, 0x59, 0xCE, 0x59, 0xCE, 0x59, 0xCE, 0x59, 0xCE,
    0x59, 0xCE, 0x59, 0xCE, 0x59, 0xCE, 0x59, 0xCE, 0x59, 0xCE, 0x59, 0xCE, 0x59, 0xCE, 0x59, 0xCE,
    0x59, 0xCE, 0x59, 0xCE, 0x59, 0xCE, 0x59, 0xCE, 0x59, 0xCE, 0x59, 0xCE, 0x59, 0xCE, 0x59, 0xCE,
    0x59, 0xCE, 0x59, 0xCE, 0x59, 0xCE, 0x59, 0xCE, 0x59, 0xCE, 0x59, 0xCE, 0x59, 0xCE, 0x59, 0xCE,
    0x59, 0xCE, 0x59, 0xCE, 0x59, 0xCE, 0x59, 0xCE, 0x59, 0xCE, 0x59, 0xCE, 0x59, 0xCE, 0x59, 0xCE,
    0x59, 0xCE, 0x59, 0xCE, 0x59, 0xCE, 0x59, 0xCE, 0x59, 0xCE, 0x59, 0xCE, 0x59, 0xCE, 0x59, 0xCE,
    0x59, 0xCE, 0x59, 0xCE, 0x59, 0xCE, 0x59, 0xCE, 0x59, 0xCE, 0x59, 0xCE, 0x59, 0xCE, 0x59, 0xCE,
    0x59, 0xCE, 0x59, 0xCE, 0x59, 0xCE, 0x59, 0xCE, 0x59, 0xCE, 0x59, 0xCE, 0x59, 0xCE, 0x59, 0xCE,
    0x59, 0xCE, 0x59, 0xCE, 0xC7, 0x39, 0x1C, 0xDF, 0x1C, 0xE7, 0x3C, 0xE7, 0x5D, 0xEF, 0x7D, 0xEF,
    0xE4, 0x1F, 0xE4, 0x1F, 0xE4, 0x1F, 0xE4, 0x1F, 0xE4, 0x1F, 0xE4, 0x1F, 0xE4, 0x1F, 0xE4, 0x1F,
    0xE4, 0x1F, 0xE4, 0x1F, 0xE4, 0x1F, 0xE4, 0x1F, 0xE4, 0x1F, 0xE4, 0x1F, 0xE4, 0x1F, 0xE4, 0x1F,
    0xE4, 0x1F, 0xE4, 0x1F, 0xE4, 0x1F, 0xE4, 0x1F, 0xE4, 0x1F, 0xE4, 0x1F, 0xE4, 0x1F, 0xE4, 0x1F,
    0xE4, 0x1F, 0xE4, 0x1F, 0xE4, 0x1F, 0xE4, 0x1F, 0xE4, 0x1F, 0xE4, 0x1F, 0xE4, 0x1F, 0xE4, 0x1F,
    0xE4, 0x1F, 0xE4, 0x1F, 0xE4, 0x1F, 0xE4, 0x1F, 0xE4, 0x1F, 0xE4, 0x1F, 0xE4, 0x1F, 0xE4, 0x1F,
    0xE4, 0x1F, 0xE4, 0x1F, 0xE4, 0x1F, 0xE4, 0x1F, 0xE4, 0x1F, 0xE4, 0x1F, 0xE4, 0x1F, 0xE4, 0x1F,
    0xE4, 0x1F, 0xE4, 0x1F, 0xE4, 0x1F, 0xE4, 0x1F, 0xE4, 0x1F, 0xE4, 0x1F, 0xE4, 0x1F, 0xE4, 0x1F,
    0xE4, 0x1F, 0xE4, 0x1F, 0xE4, 0x1F, 0xE4, 0x1F, 0xE4, 0x1F, 0xE4, 0x1F, 0xE4, 0x1F, 0xE4, 0x1F,
    0xE4, 0x1F, 0xE4, 0x1F, 0xE4, 0x1F, 0xE4, 0x1F, 0xE4, 0x1F, 0xE4, 0x1F, 0xE4, 0x1F, 0xE4, 0x1F,
    0xE4, 0x1F, 0xE4, 0x1F, 0xE4, 0x1F, 0xE4, 0x1F, 0xE4, 0x1F, 0xE4, 0x1F, 0xE4, 0x1F, 0xE4, 0x1F,
    0xE4, 0x1F, 0xE4, 0x1F, 0xE4, 0x1F, 0xE4, 0x1F, 0xE4, 0x1F, 0xE4, 0x1F, 0xE4, 0x1F, 0xE4, 0x1F,
    0xE4, 0x1F, 0xE4, 0x1F, 0xE4, 0x1F, 0xE4, 0x1F, 0xE4, 0x1F, 0xE4, 0x1F, 0xE4, 0x1F, 0xE4, 0x1F,
    0xE4, 0x1F, 0xE4, 0x1F, 0xE4, 0x1F, 0xE4, 0x1F, 0xE4, 0x1F, 0xE4, 0x1F, 0xE4, 0x1F, 0xE4, 0x1F,
    0xE4, 0x1F, 0xE4, 0x1F, 0xE4, 0x1F, 0xE4, 0x1F, 0xE4, 0x1F, 0xE4, 0x1F, 0xE4, 0x1F, 0xE4, 0x1F,
    0xE4, 0x1F, 0xE4, 0x1F, 0xE4, 0x1F, 0xE4, 0x1F, 0xE4, 0x1F, 0xE4, 0x1F, 0xE4, 0x1F, 0xE4, 0x1F,
    0xE4, 0x1F, 0xE4, 0x1F, 0xE4, 0x1F, 0xE4, 0x1F, 0xE4, 0x1F, 0xE4, 0x1F, 0xE4, 0x1F, 0xE4, 0x1F,
    0xE4, 0x1F, 0xE4, 0x1F, 0xE4, 0x1F, 0xE4, 0x1F, 0xE4, 0x1F, 0xE4, 0x1F, 0xE4, 0x1F, 0xE4, 0x1F,
    0xE4, 0x1F, 0xE4, 0x1F, 0xE4, 0x1F, 0xE4, 0x1F, 0xE4, 0x1F, 0xE4, 0x1F, 0xE4, 0x1F, 0xE4, 0x1F,
    0xE4, 0x1F, 0xE5, 0x1F, 0xE5, 0x27, 0xE6, 0x2F, 0xD3, 0x97, 0x9E, 0xF7, 0x9E, 0xF7, 0x9E, 0xF7,
    0x9E, 0xF7, 0x9E, 0xF7, 0x9E, 0xF7, 0x24, 0x21, 0x87, 0xC6, 0x87, 0xC6, 0x87, 0xC6, 0x87, 0xC6,
    0x87, 0xC6, 0x87, 0xC6, 0x87, 0xC6, 0x87, 0xC6, 0x87, 0xC6, 0x87, 0xC6, 0x87, 0xC6, 0x87, 0xC6,
    0x87, 0xC6, 0x87, 0xC6, 0x87, 0xC6, 0x87, 0xC6, 0x87, 0xC6, 0x88, 0xC6, 0x88, 0xC6, 0x88, 0xC6,
    0xC9, 0x73, 0xE3, 0x18, 0xE3, 0x18, 0xE3, 0x18, 0x27, 0x63, 0x87, 0xC6, 0x87, 0xC6, 0x27, 0x63,
    0xE3, 0x18, 0xE3, 0x18, 0xE3, 0x18, 0x28, 0x63, 0x88, 0xC6, 0x88, 0xC6, 0x88, 0xC6, 0x87, 0xC6,
    0x87, 0xC6, 0x87, 0xC6, 0x87, 0xC6, 0x87, 0xC6, 0x87, 0xC6, 0x87, 0xC6, 0x87, 0xC6, 0x87, 0xC6,
    0x87, 0xC6, 0x87, 0xC6, 0x87, 0xC6, 0x24, 0x21, 0x38, 0xC6, 0x38, 0xC6, 0x38, 0xC6, 0x38, 0xC6,
    0x38, 0xC6, 0x38, 0xC6, 0x38, 0xC6, 0x34, 0xA5, 0xEF, 0x7B, 0xCF, 0x7B, 0xAE, 0x73, 0xAE, 0x73,
    0xAE, 0x73, 0xCF, 0x7B, 0xAE, 0x73, 0xCF, 0x7B, 0xCF, 0x7B, 0xCF, 0x7B, 0xCF, 0x7B, 0xCF, 0x7B,
    0xCF, 0x7B, 0xCF, 0x7B, 0xCF, 0x7B, 0xAE, 0x73, 0xAE, 0x73, 0xCF, 0x7B, 0xCF, 0x7B, 0xCF, 0x7B,
    0xCF, 0x7B, 0xAE, 0x73, 0xCF, 0x7B, 0xCF, 0x7B, 0xAE, 0x73, 0xCF, 0x7B, 0xCF, 0x7B, 0xAE, 0x73,
    0xCF, 0x7B, 0xAE, 0x73, 0xCF, 0x7B, 0xCF, 0x7B, 0xCF, 0x7B, 0xAE, 0x73, 0xCF, 0x7B, 0xCF, 0x7B,
    0xCF, 0x7B, 0xCF, 0x7B, 0xCF, 0x7B, 0xAE, 0x73, 0xCF, 0x7B, 0xCF, 0x7B, 0xCF, 0x7B, 0xCF, 0x7B,
    0xCF, 0x7B, 0xCF, 0x7B, 0xCF, 0x7B, 0xCF, 0x7B, 0xAE, 0x73, 0xCF, 0x7B, 0xCF, 0x7B, 0xAE, 0x73,
    0xCF, 0x7B, 0xCF, 0x7B, 0xCF, 0x7B, 0xCF, 0x7B, 0xCF, 0x7B, 0xCF, 0x7B, 0xCF, 0x7B, 0xAE, 0x73,
    0xCF, 0x7B, 0xAE, 0x73, 0xCF, 0x7B, 0xCF, 0x7B, 0xAF, 0x73, 0xCF, 0x7B, 0xCF, 0x7B, 0xAE, 0x73,
    0xAE, 0x73, 0xCF, 0x7B, 0xAE, 0x73, 0xCF, 0x7B, 0xCF, 0x7B, 0xCF, 0x7B, 0xAE, 0x73, 0xCF, 0x7B,
    0xCF, 0x7B, 0xCF, 0x7B, 0xCF, 0x7B, 0xCF, 0x7B, 0xAE, 0x73, 0xCF, 0x7B, 0xCF, 0x7B, 0xAE, 0x73,
    0xCF, 0x7B, 0xCF, 0x7B, 0xCF, 0x7B, 0xAE, 0x73, 0xAE, 0x73, 0xCF, 0x7B, 0xAE, 0x73, 0xCF, 0x7B,
    0xAE, 0x73, 0xCF, 0x7B, 0x34, 0xA5, 0x59, 0xCE, 0x59, 0xCE, 0x59, 0xCE, 0x59, 0xCE, 0x59, 0xCE,
    0x59, 0xCE, 0x59, 0xCE, 0xC7, 0x39, 0xFB, 0xDE, 0x1C, 0xE7, 0x3C, 0xE7, 0x5D, 0xEF, 0x7D, 0xEF,
    0xE4, 0x1F, 0xE4, 0x1F, 0xE4, 0x1F, 0xE4, 0x1F, 0xE4, 0x1F, 0xE4, 0x1F, 0xE4, 0x1F, 0xE4, 0x1F,
    0xE4, 0x1F, 0xE4, 0x1F, 0xE4, 0x1F, 0xE4, 0x1F, 0xE4, 0x1F, 0xE4, 0x1F, 0xE4, 0x1F, 0xE4, 0x1F,
    0xE4, 0x1F, 0xE4, 0x1F, 0xE4, 0x1F, 0xE4, 0x1F, 0xE4, 0x1F, 0xE4, 0x1F, 0xE4, 0x1F, 0xE4, 0x1F,
    0xE4, 0x1F, 0xE4, 0x1F, 0xE4, 0x1F, 0xE4, 0x1F, 0xE4, 0x1F, 0xE4, 0x1F, 0xE4, 0x1F, 0xE4, 0x1F,
    0xE4, 0x1F, 0xE4, 0x1F, 0xE4, 0x1F, 0xE4, 0x1F, 0xE4, 0x1F, 0xE4, 0x1F, 0xE4, 0x1F, 0xE4, 0x1F,
    0xE4, 0x1F, 0xE4, 0x1F, 0xE4, 0x1F, 0xE4, 0x1F, 0xE4, 0x1F, 0xE4, 0x1F, 0xE4, 0x1F, 0xE4, 0x1F,
    0xE4, 0x1F, 0xE4, 0x1F, 0xE4, 0x1F, 0xE4, 0x1F, 0xE4, 0x1F, 0xE4, 0x1F, 0xE4, 0x1F, 0xE4, 0x1F,
    0xE4, 0x1F, 0xE4, 0x1F, 0xE4, 0x1F, 0xE4, 0x1F, 0xE4, 0x1F, 0xE4, 0x1F, 0xE4, 0x1F, 0xE4, 0x1F,
    0xE4, 0x1F, 0xE4, 0x1F, 0xE4, 0x1F, 0xE4, 0x1F, 0xE4, 0x1F, 0xE4, 0x1F, 0xE4, 0x1F, 0xE4, 0x1F,
    0xE4, 0x1F, 0xE4, 0x1F, 0xE4, 0x1F, 0xE4, 0x1F, 0xE4, 0x1F, 0xE4, 0x1F, 0xE4, 0x1F, 0xE4, 0x1F,
    0xE4, 0x1F, 0xE4, 0x1F, 0xE4, 0x1F, 0xE4, 0x1F, 0xE4, 0x1F, 0xE4, 0x1F, 0xE4, 0x1F, 0xE4, 0x1F,
    0xE4, 0x1F, 0xE4, 0x1F, 0xE4, 0x1F, 0xE4, 0x1F, 0xE4, 0x1F, 0xE4, 0x1F, 0xE4, 0x1F, 0xE4, 0x1F,
    0xE4, 0x1F, 0xE4, 0x1F, 0xE4, 0x1F, 0xE4, 0x1F, 0xE4, 0x1F, 0xE4, 0x1F, 0xE4, 0x1F, 0xE4, 0x1F,
    0xE4, 0x1F, 0xE4, 0x1F, 0xE4, 0x1F, 0xE4, 0x1F, 0xE4, 0x1F, 0xE4, 0x1F, 0xE4, 0x1F, 0xE4, 0x1F,
    0xE4, 0x1F, 0xE4, 0x1F, 0xE4, 0x1F, 0xE4, 0x1F, 0xE4, 0x1F, 0xE4, 0x1F, 0xE4, 0x1F, 0xE4, 0x1F,
    0xE4, 0x1F, 0xE4, 0x1F, 0xE4, 0x1F, 0xE4, 0x1F, 0xE4, 0x1F, 0xE4, 0x1F, 0xE4, 0x1F, 0xE4, 0x1F,
    0xE4, 0x1F, 0xE4, 0x1F, 0xE4, 0x1F, 0xE4, 0x1F, 0xE4, 0x1F, 0xE4, 0x1F, 0xE4, 0x1F, 0xE4, 0x1F,
    0xE4, 0x1F, 0xE4, 0x1F, 0xE4, 0x1F, 0xE4, 0x1F, 0xE4, 0x1F, 0xE4, 0x1F, 0xE4, 0x1F, 0xE4, 0x1F,
    0xE4, 0x1F, 0xE5, 0x1F, 0xE5, 0x1F, 0xE7, 0x2F, 0xD3, 0x97, 0x9E, 0xF7, 0x9E, 0xF7, 0x9E, 0xF7,
    0x9E, 0xF7, 0x9E, 0xF7, 0x9E, 0xF7, 0x24, 0x21, 0x87, 0xC6, 0x87, 0xC6, 0x87, 0xC6, 0x87, 0xC6,
    0x87, 0xC6, 0x87, 0xC6, 0x87, 0xC6, 0x87, 0xC6, 0x87, 0xC6, 0x87, 0xC6, 0x87, 0xC6, 0x87, 0xC6,
    0x87, 0xC6, 0x87, 0xC6, 0x87, 0xC6, 0x87, 0xC6, 0x87, 0xC6, 0x88, 0xC6, 0x88, 0xC6, 0x88, 0xC6,
    0xC9, 0x73, 0xE3, 0x18, 0xE3, 0x18, 0xE3, 0x18, 0x27, 0x63, 0x87, 0xC6, 0x87, 0xC6, 0x27, 0x63,
    0xE3, 0x18, 0xE3, 0x18, 0xE3, 0x18, 0x28, 0x63, 0x88, 0xC6, 0x88, 0xC6, 0x88, 0xC6, 0x87, 0xC6,
    0x87, 0xC6, 0x87, 0xC6, 0x87, 0xC6, 0x87, 0xC6, 0x87, 0xC6, 0x87, 0xC6, 0x87, 0xC6, 0x87, 0xC6,
    0x87, 0xC6, 0x87, 0xC6, 0x87, 0xC6, 0x24, 0x21, 0x38, 0xC6, 0x38, 0xC6, 0x38, 0xC6, 0x38, 0xC6,
    0x38, 0xC6, 0x38, 0xC6, 0x38, 0xC6, 0xAE, 0x73, 0xAE, 0x73, 0xAE, 0x73, 0xAE, 0x73, 0xAE, 0x73,
    0xAE, 0x73, 0xCF, 0x7B, 0xAE, 0x73, 0xCF, 0x7B, 0xCF, 0x7B, 0xCF, 0x7B, 0xCF, 0x7B, 0xAE, 0x73,
    0xCF, 0x7B, 0xAE, 0x73, 0xAE, 0x73, 0xAE, 0x73, 0xAE, 0x73, 0xCF, 0x7B, 0xAE, 0x73, 0xAE, 0x73,
    0xCF, 0x7B, 0xCF, 0x7B, 0xAE, 0x73, 0xAE, 0x73, 0xCF, 0x7B, 0xCF, 0x7B, 0xAE, 0x73, 0xCF, 0x7B,
    0xAE, 0x73, 0xCF, 0x7B, 0xCF, 0x7B, 0xCF, 0x7B, 0xCF, 0x7B, 0xAE, 0x73, 0xCF, 0x7B, 0xCF, 0x7B,
    0xAE, 0x73, 0xCF, 0x7B, 0xAE, 0x73, 0xAE, 0x73, 0xAE, 0x73, 0xCF, 0x7B, 0xCF, 0x7B, 0xCF, 0x7B,
    0xAE, 0x73, 0xCF, 0x7B, 0xAE, 0x73, 0xCF, 0x7B, 0xCF, 0x7B, 0xCF, 0x7B, 0xAE, 0x73, 0xCF, 0x7B,
    0xCF, 0x7B, 0xAE, 0x73, 0xCF, 0x7B, 0xCF, 0x7B, 0xCF, 0x7B, 0xAE, 0x73, 0xCF, 0x7B, 0xCF, 0x7B,
    0xCF, 0x7B, 0xCF, 0x7B, 0xCF, 0x7B, 0xCF, 0x7B, 0xCF, 0x7B, 0xCF, 0x7B, 0xCF, 0x7B, 0xAE, 0x73,
    0xCF, 0x7B, 0xCF, 0x7B, 0xAE, 0x73, 0xCF, 0x7B, 0xCF, 0x7B, 0xAE, 0x73, 0xCF, 0x7B, 0xAE, 0x73,
    0xCF, 0x7B, 0xAE, 0x73, 0xCF, 0x7B, 0xCF, 0x7B, 0xCF, 0x7B, 0xAE, 0x73, 0xCF, 0x7B, 0xCF, 0x7B,
    0xCF, 0x7B, 0xCF, 0x7B, 0xAE, 0x73, 0xCF, 0x7B, 0xCF, 0x7B, 0xCF, 0x7B, 0xCF, 0x7B, 0xAE, 0x73,
    0xCF, 0x7B, 0xAE, 0x73, 0xEF, 0x7B, 0x59, 0xCE, 0x38, 0xC6, 0x59, 0xCE, 0x59, 0xCE, 0x59, 0xCE,
    0x59, 0xCE, 0x59, 0xCE, 0xC7, 0x39, 0xFB, 0xDE, 0x1C, 0xE7, 0x3C, 0xE7, 0x5D, 0xEF, 0x7D, 0xEF,
    0xE4, 0x1F, 0xE4, 0x1F, 0xE4, 0x1F, 0xE4, 0x1F, 0xE4, 0x1F, 0xE4, 0x1F, 0xE4, 0x1F, 0xE4, 0x1F,
    0xE4, 0x1F, 0xE4, 0x1F, 0xE4, 0x1F, 0xE4, 0x1F, 0xE4, 0x1F, 0xE4, 0x1F, 0xE4, 0x1F, 0xE4, 0x1F,
    0xE4, 0x1F, 0xE4, 0x1F, 0xE4, 0x1F, 0xE4, 0x1F, 0xE4, 0x1F, 0xE4, 0x1F, 0xE4, 0x1F, 0xE4, 0x1F,
    0xE4, 0x1F, 0xE4, 0x1F, 0xE4, 0x1F, 0xE4, 0x1F, 0xE4, 0x1F, 0xE4, 0x1F, 0xE4, 0x1F, 0xE4, 0x1F,
    0xE4, 0x1F, 0xE4, 0x1F, 0xE4, 0x1F, 0xE4, 0x1F, 0xE4, 0x1F, 0xE4, 0x1F, 0xE4, 0x1F, 0xE4, 0x1F,
    0xE4, 0x1F, 0xE4, 0x1F, 0xE4, 0x1F, 0xE4, 0x1F, 0xE4, 0x1F, 0xE4, 0x1F, 0xE4, 0x1F, 0xE4, 0x1F,
    0xE4, 0x1F, 0xE4, 0x1F, 0xE4, 0x1F, 0xE4, 0x1F, 0xE4, 0x1F, 0xE4, 0x1F, 0xE4, 0x1F, 0xE4, 0x1F,
    0xE4, 0x1F, 0xE4, 0x1F, 0xE4, 0x1F, 0xE4, 0x1F, 0xE4, 0x1F, 0xE4, 0x1F, 0xE4, 0x1F, 0xE4, 0x1F,
    0xE4, 0x1F, 0xE4, 0x1F, 0xE4, 0x1F, 0xE4, 0x1F, 0xE4, 0x1F, 0xE4, 0x1F, 0xE4, 0x1F, 0xE4, 0x1F,
    0xE4, 0x1F, 0xE4, 0x1F, 0xE4, 0x1F, 0xE4, 0x1F, 0xE4, 0x1F, 0xE4, 0x1F, 0xE4, 0x1F, 0xE4, 0x1F,
    0xE4, 0x1F, 0xE4, 0x1F, 0xE4, 0x1F, 0xE4, 0x1F, 0xE4, 0x1F, 0xE4, 0x1F, 0xE4, 0x1F, 0xE4, 0x1F,
    0xE4, 0x1F, 0xE4, 0x1F, 0xE4, 0x1F, 0xE4, 0x1F, 0xE4, 0x1F, 0xE4, 0x1F, 0xE4, 0x1F, 0xE4, 0x1F,
    0xE4, 0x1F, 0xE4, 0x1F, 0xE4, 0x1F, 0xE4, 0x1F, 0xE4, 0x1F, 0xE4, 0x1F, 0xE4, 0x1F, 0xE4, 0x1F,
    0xE4, 0x1F, 0xE4, 0x1F, 0xE4, 0x1F, 0xE4, 0x1F, 0xE4, 0x1F, 0xE4, 0x1F, 0xE4, 0x1F, 0xE4, 0x1F,
    0xE4, 0x1F, 0xE4, 0x1F, 0xE4, 0x1F, 0xE4, 0x1F, 0xE4, 0x1F, 0xE4, 0x1F, 0xE4, 0x1F, 0xE4, 0x1F,
    0xE4, 0x1F, 0xE4, 0x1F, 0xE4, 0x1F, 0xE4, 0x1F, 0xE4, 0x1F, 0xE4, 0x1F, 0xE4, 0x1F, 0xE4, 0x1F,
    0xE4, 0x1F, 0xE4, 0x1F, 0xE4, 0x1F, 0xE4, 0x1F, 0xE4, 0x1F, 0xE4, 0x1F, 0xE4, 0x1F, 0xE4, 0x1F,
    0xE4, 0x1F, 0xE4, 0x1F, 0xE4, 0x1F, 0xE4, 0x1F, 0xE4, 0x1F, 0xE4, 0x1F, 0xE4, 0x1F, 0xE4, 0x1F,
    0xE4, 0x1F, 0xE5, 0x1F, 0xE5, 0x27, 0xE7, 0x2F, 0xD3, 0x97, 0x9E, 0xF7, 0x9E, 0xF7, 0x9E, 0xF7,
    0x9E, 0xF7, 0x9E, 0xF7, 0x9E, 0xF7, 0x24, 0x21, 0x87, 0xC6, 0x87, 0xC6, 0x87, 0xC6, 0x87, 0xC6,
    0x87, 0xC6, 0x87, 0xC6, 0x87, 0xC6, 0x87, 0xC6, 0x87, 0xC6, 0x87, 0xC6, 0x87, 0xC6, 0x87, 0xC6,
    0x87, 0xC6, 0x87, 0xC6, 0x87, 0xC6, 0x87, 0xC6, 0x87, 0xC6, 0x88, 0xC6, 0x88, 0xC6, 0x88, 0xC6,
    0xC9, 0x73, 0xE3, 0x18, 0xE3, 0x18, 0xE3, 0x18, 0x27, 0x63, 0x87, 0xC6, 0x87, 0xC6, 0x27, 0x63,
    0xE3, 0x18, 0xE3, 0x18, 0xE3, 0x18, 0x28, 0x63, 0x88, 0xC6, 0x88, 0xC6, 0x88, 0xC6, 0x87, 0xC6,
    0x87, 0xC6, 0x87, 0xC6, 0x87, 0xC6, 0x87, 0xC6, 0x87, 0xC6, 0x87, 0xC6, 0x87, 0xC6, 0x87, 0xC6,
    0x87, 0xC6, 0x87, 0xC6, 0x87, 0xC6, 0x24, 0x21, 0x38, 0xC6, 0x38, 0xC6, 0x38, 0xC6, 0x38, 0xC6,
    0x38, 0xC6, 0x38, 0xC6, 0x59, 0xCE, 0xAE, 0x73, 0xAE, 0x73, 0xAE, 0x73, 0xAE, 0x73, 0xAE, 0x73,
    0xCF, 0x7B, 0xCF, 0x7B, 0xCF, 0x7B, 0xAE, 0x73, 0xAE, 0x73, 0xCF, 0x7B, 0xCF, 0x7B, 0xCF, 0x7B,
    0xCF, 0x7B, 0xCF, 0x7B, 0xCF, 0x7B, 0xCF, 0x7B, 0xCF, 0x7B, 0xCF, 0x7B, 0xAE, 0x73, 0xCF, 0x7B,
    0xAE, 0x73, 0xCF, 0x7B, 0xCF, 0x7B, 0xCF, 0x7B, 0xCF, 0x7B, 0xAE, 0x73, 0xCF, 0x7B, 0xCF, 0x7B,
    0xCF, 0x7B, 0xCF, 0x7B, 0xCF, 0x7B, 0xCF, 0x7B, 0xCF, 0x7B, 0xAE, 0x73, 0xCF, 0x7B, 0xAE, 0x73,
    0xCF, 0x7B, 0xCF, 0x7B, 0xAE, 0x73, 0xAE, 0x73, 0xCF, 0x7B, 0xCF, 0x7B, 0xAE, 0x73, 0xCF, 0x7B,
    0xCF, 0x7B, 0xCF, 0x7B, 0xCF, 0x7B, 0xAE, 0x73, 0xCF, 0x7B, 0xAE, 0x73, 0xAE, 0x73, 0xAE, 0x73,
    0xCF, 0x7B, 0xAE, 0x73, 0xCF, 0x7B, 0xAE, 0x73, 0xCF, 0x7B, 0xCF, 0x7B, 0xCF, 0x7B, 0xAE, 0x73,
    0xAE, 0x73, 0xAE, 0x73, 0xCF, 0x7B, 0xCF, 0x7B, 0xAE, 0x73, 0xCF, 0x7B, 0xAE, 0x73, 0xCF, 0x7B,
    0xCF, 0x7B, 0xCF, 0x7B, 0x0C, 0x63, 0x28, 0x42, 0x08, 0x42, 0x08, 0x42, 0x08, 0x42, 0x08, 0x42,
    0x08, 0x42, 0x08, 0x42, 0x08, 0x42, 0x08, 0x42, 0x08, 0x42, 0x08, 0x42, 0x08, 0x42, 0x08, 0x42,
    0x08, 0x42, 0x08, 0x42, 0x08, 0x42, 0x08, 0x42, 0x08, 0x42, 0x08, 0x42, 0x28, 0x42, 0x0C, 0x63,
    0xAE, 0x73, 0xCF, 0x7B, 0xCF, 0x7B, 0x59, 0xCE, 0x59, 0xCE, 0x38, 0xC6, 0x59, 0xCE, 0x59, 0xCE,
    0x59, 0xCE, 0x59, 0xCE, 0xC7, 0x39, 0xFB, 0xDE, 0x1C, 0xE7, 0x3C, 0xE7, 0x5D, 0xEF, 0x7D, 0xEF,
    0xE4, 0x1F, 0xE4, 0x1F, 0xE4, 0x1F, 0xE4, 0x1F, 0xE4, 0x1F, 0xE4, 0x1F, 0xE4, 0x1F, 0xE4, 0x1F,
    0xE4, 0x1F, 0xE4, 0x1F, 0xE4, 0x1F, 0xE4, 0x1F, 0xE4, 0x1F, 0xE4, 0x1F, 0xE4, 0x1F, 0xE4, 0x1F,
    0xE4, 0x1F, 0xE4, 0x1F, 0xE4, 0x1F, 0xE4, 0x1F, 0xE4, 0x1F, 0xE4, 0x1F, 0xE4, 0x1F, 0xE4, 0x1F,
    0xE4, 0x1F, 0xE4, 0x1F, 0xE4, 0x1F, 0xE4, 0x1F, 0xE4, 0x1F, 0xE4, 0x1F, 0xE4, 0x1F, 0xE4, 0x1F,
    0xE4, 0x1F, 0xE4, 0x1F, 0xE4, 0x1F, 0xE4, 0x1F, 0xE4, 0x1F, 0xE4, 0x1F, 0xE4, 0x1F, 0xE4, 0x1F,
    0xE4, 0x1F, 0xE4, 0x1F, 0xE4, 0x1F, 0xE4, 0x1F, 0xE4, 0x1F, 0xE4, 0x1F, 0xE4, 0x1F, 0xE4, 0x1F,
    0xE4, 0x1F, 0xE4, 0x1F, 0xE4, 0x1F, 0xE4, 0x1F, 0xE4, 0x1F, 0xE4, 0x1F, 0xE4, 0x1F, 0xE4, 0x1F,
    0xE4, 0x1F, 0xE4, 0x1F, 0xE4, 0x1F, 0xE4, 0x1F, 0xE4, 0x1F, 0xE4, 0x1F, 0xE4, 0x1F, 0xE4, 0x1F,
    0xE4, 0x1F, 0xE4, 0x1F, 0xE4, 0x1F, 0xE4, 0x1F, 0xE4, 0x1F, 0xE4, 0x1F, 0xE4, 0x1F, 0xE4, 0x1F,
    0xE4, 0x1F, 0xE4, 0x1F, 0xE4, 0x1F, 0xE4, 0x1F, 0xE4, 0x1F, 0xE4, 0x1F, 0xE4, 0x1F, 0xE4, 0x1F,
    0xE4, 0x1F, 0xE4, 0x1F, 0xE4, 0x1F, 0xE4, 0x1F, 0xE4, 0x1F, 0xE4, 0x1F, 0xE4, 0x1F, 0xE4, 0x1F,
    0xE4, 0x1F, 0xE4, 0x1F, 0xE4, 0x1F, 0xE4, 0x1F, 0xE4, 0x1F, 0xE4, 0x1F, 0xE4, 0x1F, 0xE4, 0x1F,
    0xE4, 0x1F, 0xE4, 0x1F, 0xE4, 0x1F, 0xE4, 0x1F, 0xE4, 0x1F, 0xE4, 0x1F, 0xE4, 0x1F, 0xE4, 0x1F,
    0xE4, 0x1F, 0xE4, 0x1F, 0xE4, 0x1F, 0xE4, 0x1F, 0xE4, 0x1F, 0xE4, 0x1F, 0xE4, 0x1F, 0xE4, 0x1F,
    0xE4, 0x1F, 0xE4, 0x1F, 0xE4, 0x1F, 0xE4, 0x1F, 0xE4, 0x1F, 0xE4, 0x1F, 0xE4, 0x1F, 0xE4, 0x1F,
    0xE4, 0x1F, 0xE4, 0x1F, 0xE4, 0x1F, 0xE4, 0x1F, 0xE4, 0x1F, 0xE4, 0x1F, 0xE4, 0x1F, 0xE4, 0x1F,
    0xE4, 0x1F, 0xE4, 0x1F, 0xE4, 0x1F, 0xE4, 0x1F, 0xE4, 0x1F, 0xE4, 0x1F, 0xE4, 0x1F, 0xE4, 0x1F,
    0xE4, 0x1F, 0xE4, 0x1F, 0xE4, 0x1F, 0xE4, 0x1F, 0xE4, 0x1F, 0xE4, 0x1F, 0xE4, 0x1F, 0xE4, 0x1F,
    0xE4, 0x1F, 0xE5, 0x1F, 0xE5, 0x27, 0xE7, 0x2F, 0xB3, 0x97, 0x9E, 0xF7, 0x9E, 0xF7, 0x9E, 0xF7,
    0x9E, 0xF7, 0x9E, 0xF7, 0x9E, 0xF7, 0x24, 0x21, 0x87, 0xC6, 0x87, 0xC6, 0x87, 0xC6, 0x87, 0xC6,
    0x87, 0xC6, 0x87, 0xC6, 0x87, 0xC6, 0x87, 0xC6, 0x87, 0xC6, 0x87, 0xC6, 0x87, 0xC6, 0x87, 0xC6,
    0x87, 0xC6, 0x87, 0xC6, 0x87, 0xC6, 0x87, 0xC6, 0x87, 0xC6, 0x88, 0xC6, 0x88, 0xC6, 0x88, 0xC6,
    0xC9, 0x73, 0xE3, 0x18, 0xE3, 0x18, 0xE3, 0x18, 0x27, 0x63, 0x87, 0xC6, 0x87, 0xC6, 0x27, 0x63,
    0xE3, 0x18, 0xE3, 0x18, 0xE3, 0x18, 0x28, 0x63, 0x88, 0xC6, 0x88, 0xC6, 0x87, 0xC6, 0x87, 0xC6,
    0x87, 0xC6, 0x87, 0xC6, 0x87, 0xC6, 0x87, 0xC6, 0x87, 0xC6, 0x87, 0xC6, 0x87, 0xC6, 0x87, 0xC6,
    0x87, 0xC6, 0x87, 0xC6, 0x87, 0xC6, 0x24, 0x21, 0x38, 0xC6, 0x38, 0xC6, 0x38, 0xC6, 0x38, 0xC6,
    0x38, 0xC6, 0x59, 0xCE, 0x59, 0xCE, 0xAE, 0x73, 0xAE, 0x73, 0xAE, 0x73, 0xAE, 0x73, 0xCF, 0x7B,
    0xAE, 0x73, 0xCF, 0x7B, 0xCF, 0x7B, 0xAE, 0x73, 0xCF, 0x7B, 0xCF, 0x7B, 0xCF, 0x7B, 0xCF, 0x7B,
    0xCF, 0x7B, 0xAE, 0x73, 0xAE, 0x73, 0xCF, 0x7B, 0xCF, 0x7B, 0xCF, 0x7B, 0xCF, 0x7B, 0xAE, 0x73,
    0xCF, 0x7B, 0xCF, 0x7B, 0xCF, 0x7B, 0xAE, 0x73, 0xCF, 0x7B, 0xCF, 0x7B, 0xAE, 0x73, 0xAE, 0x73,
    0xCF, 0x7B, 0xAE, 0x73, 0xAE, 0x73, 0xCF, 0x7B, 0xCF, 0x7B, 0xCF, 0x7B, 0xCF, 0x7B, 0xCF, 0x7B,
    0xCF, 0x7B, 0xCF, 0x7B, 0xCF, 0x7B, 0xCF, 0x7B, 0xCF, 0x7B, 0xCF, 0x7B, 0xCF, 0x7B, 0xAE, 0x73,
    0xCF, 0x7B, 0xCF, 0x7B, 0xCF, 0x7B, 0xCF, 0x7B, 0xCF, 0x7B, 0xCF, 0x7B, 0xCF, 0x7B, 0xAE, 0x73,
    0xAE, 0x73, 0xCF, 0x7B, 0xAE, 0x73, 0xAE, 0x73, 0xCF, 0x7B, 0xCF, 0x7B, 0xAE, 0x73, 0xCF, 0x7B,
    0xCF, 0x7B, 0xCF, 0x7B, 0xCF, 0x7B, 0xAE, 0x73, 0xAE, 0x73, 0xCF, 0x7B, 0xCF, 0x7B, 0xCF, 0x7B,
    0xCF, 0x7B, 0xCF, 0x7B, 0x08, 0x42, 0x08, 0x42, 0x08, 0x42, 0x08, 0x42, 0x08, 0x42, 0x08, 0x42,
    0x08, 0x42, 0x08, 0x42, 0x08, 0x42, 0x08, 0x42, 0x08, 0x42, 0x08, 0x42, 0x08, 0x42, 0x08, 0x42,
    0x08, 0x42, 0x08, 0x42, 0x08, 0x42, 0x08, 0x42, 0x08, 0x42, 0x08, 0x42, 0x08, 0x42, 0x28, 0x42,
    0xAE, 0x73, 0xCF, 0x7B, 0xCF, 0x7B, 0x59, 0xCE, 0x59, 0xCE, 0x59, 0xCE, 0x59, 0xCE, 0x59, 0xCE,
    0x59, 0xCE, 0x59, 0xCE, 0xC7, 0x39, 0x1C, 0xDF, 0x1C, 0xE7, 0x3C, 0xE7, 0x5D, 0xEF, 0x7D, 0xEF,
    0xE4, 0x1F, 0xE4, 0x1F, 0xE4, 0x1F, 0xE4, 0x1F, 0xE4, 0x1F, 0xE4, 0x1F, 0xE4, 0x1F, 0xE4, 0x1F,
    0xE4, 0x1F, 0xE4, 0x1F, 0xE4, 0x1F, 0xE4, 0x1F, 0xE4, 0x1F, 0xE4, 0x1F, 0xE4, 0x1F, 0xE4, 0x1F,
    0xE4, 0x1F, 0xE4, 0x1F, 0xE4, 0x1F, 0xE4, 0x1F, 0xE4, 0x1F, 0xE4, 0x1F, 0xE4, 0x1F, 0xE4, 0x1F,
    0xE4, 0x1F, 0xE4, 0x1F, 0xE4, 0x1F, 0xE4, 0x1F, 0xE4, 0x1F, 0xE4, 0x1F, 0xE4, 0x1F, 0xE4, 0x1F,
    0xE4, 0x1F, 0xE4, 0x1F, 0xE4, 0x1F, 0xE4, 0x1F, 0xE4, 0x1F, 0xE4, 0x1F, 0xE4, 0x1F, 0xE4, 0x1F,
    0xE4, 0x1F, 0xE4, 0x1F, 0xE4, 0x1F, 0xE4, 0x1F, 0xE4, 0x1F, 0xE4, 0x1F, 0xE4, 0x1F, 0xE4, 0x1F,
    0xE4, 0x1F, 0xE4, 0x1F, 0xE4, 0x1F, 0xE4, 0x1F, 0xE4, 0x1F, 0xE4, 0x1F, 0xE4, 0x1F, 0xE4, 0x1F,
    0xE4, 0x1F, 0xE4, 0x1F, 0xE4, 0x1F, 0xE4, 0x1F, 0xE4, 0x1F, 0xE4, 0x1F, 0xE4, 0x1F, 0xE4, 0x1F,
    0xE4, 0x1F, 0xE4, 0x1F, 0xE4, 0x1F, 0xE4, 0x1F, 0xE4, 0x1F, 0xE4, 0x1F, 0xE4, 0x1F, 0xE4, 0x1F,
    0xE4, 0x1F, 0xE4, 0x1F, 0xE4, 0x1F, 0xE4, 0x1F, 0xE4, 0x1F, 0xE4, 0x1F, 0xE4, 0x1F, 0xE4, 0x1F,
    0xE4, 0x1F, 0xE4, 0x1F, 0xE4, 0x1F, 0xE4, 0x1F, 0xE4, 0x1F, 0xE4, 0x1F, 0xE4, 0x1F, 0xE4, 0x1F,
    0xE4, 0x1F, 0xE4, 0x1F, 0xE4, 0x1F, 0xE4, 0x1F, 0xE4, 0x1F, 0xE4, 0x1F, 0xE4, 0x1F, 0xE4, 0x1F,
    0xE4, 0x1F, 0xE4, 0x1F, 0xE4, 0x1F, 0xE4, 0x1F, 0xE4, 0x1F, 0xE4, 0x1F, 0xE4, 0x1F, 0xE4, 0x1F,
    0xE4, 0x1F, 0xE4, 0x1F, 0xE4, 0x1F, 0xE4, 0x1F, 0xE4, 0x1F, 0xE4, 0x1F, 0xE4, 0x1F, 0xE4, 0x1F,
    0xE4, 0x1F, 0xE4, 0x1F, 0xE4, 0x1F, 0xE4, 0x1F, 0xE4, 0x1F, 0xE4, 0x1F, 0xE4, 0x1F, 0xE4, 0x1F,
    0xE4, 0x1F, 0xE4, 0x1F, 0xE4, 0x1F, 0xE4, 0x1F, 0xE4, 0x1F, 0xE4, 0x1F, 0xE4, 0x1F, 0xE4, 0x1F,
    0xE4, 0x1F, 0xE4, 0x1F, 0xE4, 0x1F, 0xE4, 0x1F, 0xE4, 0x1F, 0xE4, 0x1F, 0xE4, 0x1F, 0xE4, 0x1F,
    0xE4, 0x1F, 0xE4, 0x1F, 0xE4, 0x1F, 0xE4, 0x1F, 0xE4, 0x1F, 0xE4, 0x1F, 0xE4, 0x1F, 0xE4, 0x1F,
    0xE4, 0x1F, 0xE5, 0x1F, 0xE5, 0x27, 0xE7, 0x2F, 0xB3, 0x97, 0x9E, 0xF7, 0x9E, 0xF7, 0x9E, 0xF7,
    0x9E, 0xF7, 0x9E, 0xF7, 0x9E, 0xF7, 0x24, 0x21, 0x87, 0xC6, 0x87, 0xC6, 0x87, 0xC6, 0x87, 0xC6,
    0x87, 0xC6, 0x87, 0xC6, 0x87, 0xC6, 0x87, 0xC6, 0x87, 0xC6, 0x87, 0xC6, 0x87, 0xC6, 0x87, 0xC6,
    0x87, 0xC6, 0x87, 0xC6, 0x87, 0xC6, 0x87, 0xC6, 0x87, 0xC6, 0x88, 0xC6, 0x88, 0xC6, 0x88, 0xC6,
    0xC9, 0x73, 0xE3, 0x18, 0xE3, 0x18, 0xE3, 0x18, 0x27, 0x63, 0x87, 0xC6, 0x87, 0xC6, 0x27, 0x63,
    0xE3, 0x18, 0xE3, 0x18, 0xE3, 0x18, 0x28, 0x63, 0x88, 0xC6, 0x88, 0xC6, 0x88, 0xC6, 0x87, 0xC6,
    0x87, 0xC6, 0x87, 0xC6, 0x87, 0xC6, 0x87, 0xC6, 0x87, 0xC6, 0x87, 0xC6, 0x87, 0xC6, 0x87, 0xC6,
    0x87, 0xC6, 0x87, 0xC6, 0x87, 0xC6, 0x24, 0x21, 0x38, 0xC6, 0x38, 0xC6, 0x38, 0xC6, 0x38, 0xC6,
    0x59, 0xCE, 0x59, 0xCE, 0x59, 0xCE, 0xAE, 0x73, 0xAE, 0x73, 0xAE, 0x73, 0xAE, 0x73, 0xAE, 0x73,
    0xCF, 0x7B, 0xAE, 0x73, 0xCF, 0x7B, 0xCF, 0x7B, 0xAE, 0x73, 0xAE, 0x73, 0xCF, 0x7B, 0xAE, 0x73,
    0xAE, 0x73, 0xCF, 0x7B, 0xAE, 0x73, 0xAE, 0x73, 0xAE, 0x73, 0xCF, 0x7B, 0xCF, 0x7B, 0xCF, 0x7B,
    0xAE, 0x73, 0xAE, 0x73, 0xCF, 0x7B, 0xCF, 0x7B, 0xCF, 0x7B, 0xCF, 0x7B, 0xCF, 0x7B, 0xCF, 0x7B,
    0xCF, 0x7B, 0xCF, 0x7B, 0xCF, 0x7B, 0xAE, 0x73, 0xCF, 0x7B, 0xCF, 0x7B, 0xAE, 0x73, 0xAE, 0x73,
    0xCF, 0x7B, 0xCF, 0x7B, 0xCF, 0x7B, 0xCF, 0x7B, 0xCF, 0x7B, 0xCF, 0x7B, 0xCF, 0x7B, 0xAE, 0x73,
    0xAE, 0x73, 0xCF, 0x7B, 0xCF, 0x7B, 0xCF, 0x7B, 0xAE, 0x73, 0xCF, 0x7B, 0xAE, 0x73, 0xAE, 0x73,
    0xCF, 0x7B, 0xAE, 0x73, 0xCF, 0x7B, 0xCF, 0x7B, 0xCF, 0x7B, 0xCF, 0x7B, 0xCF, 0x7B, 0xCF, 0x7B,
    0xCF, 0x7B, 0xAE, 0x73, 0xCF, 0x7B, 0xAE, 0x73, 0xAE, 0x73, 0xAE, 0x73, 0xAE, 0x73, 0xAE, 0x73,
    0xAE, 0x73, 0xCF, 0x7B, 0x08, 0x42, 0x08, 0x42, 0x08, 0x42, 0x08, 0x42, 0x08, 0x42, 0x08, 0x42,
    0x08, 0x42, 0x08, 0x42, 0x08, 0x42, 0x08, 0x42, 0x08, 0x42, 0x08, 0x42, 0x08, 0x42, 0x08, 0x42,
    0x08, 0x42, 0x08, 0x42, 0x08, 0x42, 0x08, 0x42, 0x08, 0x42, 0x08, 0x42, 0x08, 0x42, 0x28, 0x42,
    0xCF, 0x7B, 0xAE, 0x73, 0xAE, 0x73, 0x59, 0xCE, 0x59, 0xCE, 0x59, 0xCE, 0x59, 0xCE, 0x59, 0xCE,
    0x59, 0xCE, 0x59, 0xCE, 0xC7, 0x39, 0x1C, 0xDF, 0x1C, 0xE7, 0x3C, 0xE7, 0x5D, 0xEF, 0x7D, 0xEF,
    0xE4, 0x1F, 0xE4, 0x1F, 0xE4, 0x1F, 0xE4, 0x1F, 0xE4, 0x1F, 0xE4, 0x1F, 0xE4, 0x1F, 0xE4, 0x1F,
    0xE4, 0x1F, 0xE4, 0x1F, 0xE4, 0x1F, 0xE4, 0x1F, 0xE4, 0x1F, 0xE4, 0x1F, 0xE4, 0x1F, 0xE4, 0x1F,
    0xE4, 0x1F, 0xE4, 0x1F, 0xE4, 0x1F, 0xE4, 0x1F, 0xE4, 0x1F, 0xE4, 0x1F, 0xE4, 0x1F, 0xE4, 0x1F,
    0xE4, 0x1F, 0xE4, 0x1F, 0xE4, 0x1F, 0xE4, 0x1F, 0xE4, 0x1F, 0xE4, 0x1F, 0xE4, 0x1F, 0xE4, 0x1F,
    0xE4, 0x1F, 0xE4, 0x1F, 0xE4, 0x1F, 0xE4, 0x1F, 0xE4, 0x1F, 0xE4, 0x1F, 0xE4, 0x1F, 0xE4, 0x1F,
    0xE4, 0x1F, 0xE4, 0x1F, 0xE4, 0x1F, 0xE4, 0x1F, 0xE4, 0x1F, 0xE4, 0x1F, 0xE4, 0x1F, 0xE4, 0x1F,
    0xE4, 0x1F, 0xE4, 0x1F, 0xE4, 0x1F, 0xE4, 0x1F, 0xE4, 0x1F, 0xE4, 0x1F, 0xE4, 0x1F, 0xE4, 0x1F,
    0xE4, 0x1F, 0xE4, 0x1F, 0xE4, 0x1F, 0xE4, 0x1F, 0xE4, 0x1F, 0xE4, 0x1F, 0xE4, 0x1F, 0xE4, 0x1F,
    0xE4, 0x1F, 0xE4, 0x1F, 0xE4, 0x1F, 0xE4, 0x1F, 0xE4, 0x1F, 0xE4, 0x1F, 0xE4, 0x1F, 0xE4, 0x1F,
    0xE4, 0x1F, 0xE4, 0x1F, 0xE4, 0x1F, 0xE4, 0x1F, 0xE4, 0x1F, 0xE4, 0x1F, 0xE4, 0x1F, 0xE4, 0x1F,
    0xE4, 0x1F, 0xE4, 0x1F, 0xE4, 0x1F, 0xE4, 0x1F, 0xE4, 0x1F, 0xE4, 0x1F, 0xE4, 0x1F, 0xE4, 0x1F,
    0xE4, 0x1F, 0xE4, 0x1F, 0xE4, 0x1F, 0xE4, 0x1F, 0xE4, 0x1F, 0xE4, 0x1F, 0xE4, 0x1F, 0xE4, 0x1F,
    0xE4, 0x1F, 0xE4, 0x1F, 0xE4, 0x1F, 0xE4, 0x1F, 0xE4, 0x1F, 0xE4, 0x1F, 0xE4, 0x1F, 0xE4, 0x1F,
    0xE4, 0x1F, 0xE4, 0x1F, 0xE4, 0x1F, 0xE4, 0x1F, 0xE4, 0x1F, 0xE4, 0x1F, 0xE4, 0x1F, 0xE4, 0x1F,
    0xE4, 0x1F, 0xE4, 0x1F, 0xE4, 0x1F, 0xE4, 0x1F, 0xE4, 0x1F, 0xE4, 0x1F, 0xE4, 0x1F, 0xE4, 0x1F,
    0xE4, 0x1F, 0xE4, 0x1F, 0xE4, 0x1F, 0xE4, 0x1F, 0xE4, 0x1F, 0xE4, 0x1F, 0xE4, 0x1F, 0xE4, 0x1F,
    0xE4, 0x1F, 0xE4, 0x1F, 0xE4, 0x1F, 0xE4, 0x1F, 0xE4, 0x1F, 0xE4, 0x1F, 0xE4, 0x1F, 0xE4, 0x1F,
    0xE4, 0x1F, 0xE4, 0x1F, 0xE4, 0x1F, 0xE4, 0x1F, 0xE4, 0x1F, 0xE4, 0x1F, 0xE4, 0x1F, 0xE4, 0x1F,
    0xE4, 0x1F, 0xE5, 0x1F, 0xE5, 0x27, 0xE7, 0x2F, 0xB3, 0x97, 0x7D, 0xEF, 0x9E, 0xF7, 0x9E, 0xF7,
    0x9E, 0xF7, 0x9E, 0xF7, 0x9E, 0xF7, 0x24, 0x21, 0x87, 0xC6, 0x87, 0xC6, 0x87, 0xC6, 0x87, 0xC6,
    0x87, 0xC6, 0x87, 0xC6, 0x87, 0xC6, 0x87, 0xC6, 0x87, 0xC6, 0x87, 0xC6, 0x87, 0xC6, 0x87, 0xC6,
    0x87, 0xC6, 0x87, 0xC6, 0x87, 0xC6, 0x87, 0xC6, 0x87, 0xC6, 0x88, 0xC6, 0x88, 0xC6, 0x88, 0xC6,
    0xC9, 0x73, 0xE3, 0x18, 0xE3, 0x18, 0xE3, 0x18, 0x27, 0x63, 0x87, 0xC6, 0x87, 0xC6, 0x27, 0x63,
    0xE3, 0x18, 0xE3, 0x18, 0xE3, 0x18, 0x28, 0x63, 0x88, 0xC6, 0x88, 0xC6, 0x87, 0xC6, 0x87, 0xC6,
    0x87, 0xC6, 0x87, 0xC6, 0x87, 0xC6, 0x87, 0xC6, 0x87, 0xC6, 0x87, 0xC6, 0x87, 0xC6, 0x87, 0xC6,
    0x87, 0xC6, 0x87, 0xC6, 0x87, 0xC6, 0x24, 0x21, 0x38, 0xC6, 0x38, 0xC6, 0x38, 0xC6, 0x38, 0xC6,
    0x59, 0xCE, 0x59, 0xCE, 0x59, 0xCE, 0xAE, 0x73, 0xAE, 0x73, 0xAE, 0x73, 0xAE, 0x73, 0xAE, 0x73,
    0xAE, 0x73, 0xCF, 0x7B, 0xCF, 0x7B, 0xCF, 0x7B, 0xCF, 0x7B, 0xAE, 0x73, 0xCF, 0x7B, 0xAE, 0x73,
    0xCF, 0x7B, 0xCF, 0x7B, 0xCF, 0x7B, 0xAE, 0x73, 0xCF, 0x7B, 0xCF, 0x7B, 0xAE, 0x73, 0xCF, 0x7B,
    0xAE, 0x73, 0xCF, 0x7B, 0xCF, 0x7B, 0xCF, 0x7B, 0xAE, 0x73, 0xCF, 0x7B, 0xCF, 0x7B, 0xAE, 0x73,
    0xCF, 0x7B, 0xCF, 0x7B, 0xCF, 0x7B, 0xCF, 0x7B, 0xCF, 0x7B, 0xCF, 0x7B, 0xAE, 0x73, 0xCF, 0x7B,
    0xCF, 0x7B, 0xCF, 0x7B, 0xCF, 0x7B, 0xCF, 0x7B, 0xAE, 0x73, 0xCF, 0x7B, 0xCF, 0x7B, 0xCF, 0x7B,
    0xAE, 0x73, 0xAE, 0x73, 0xCF, 0x7B, 0xCF, 0x7B, 0xCF, 0x7B, 0xCF, 0x7B, 0xCF, 0x7B, 0xCF, 0x7B,
    0xCF, 0x7B, 0xCF, 0x7B, 0xAE, 0x73, 0xAE, 0x73, 0xCF, 0x7B, 0xCF, 0x7B, 0xCF, 0x7B, 0xAE, 0x73,
    0xCF, 0x7B, 0xCF, 0x7B, 0xCF, 0x7B, 0xCF, 0x7B, 0xCF, 0x7B, 0xCF, 0x7B, 0xCF, 0x7B, 0xCF, 0x7B,
    0xCF, 0x7B, 0xAE, 0x73, 0x08, 0x42, 0x08, 0x42, 0x08, 0x42, 0x08, 0x42, 0x08, 0x42, 0x08, 0x42,
    0x08, 0x42, 0x08, 0x42, 0x08, 0x42, 0x08, 0x42, 0x08, 0x42, 0x08, 0x42, 0x08, 0x42, 0x08, 0x42,
    0x08, 0x42, 0x08, 0x42, 0x08, 0x42, 0x69, 0x4A, 0x69, 0x4A, 0x08, 0x42, 0x08, 0x42, 0x28, 0x42,
    0xCF, 0x7B, 0xCF, 0x7B, 0xCF, 0x7B, 0x79, 0xCE, 0x59, 0xCE, 0x59, 0xCE, 0x59, 0xCE, 0x59, 0xCE,
    0x59, 0xCE, 0x59, 0xCE, 0xC7, 0x39, 0x1C, 0xDF, 0x1C, 0xE7, 0x3C, 0xE7, 0x5D, 0xEF, 0x7D, 0xEF,
    0xE4, 0x1F, 0xE4, 0x1F, 0xE4, 0x1F, 0xE4, 0x1F, 0xE4, 0x1F, 0xE4, 0x1F, 0xE4, 0x1F, 0xE4, 0x1F,
    0xE4, 0x1F, 0xE4, 0x1F, 0xE4, 0x1F, 0xE4, 0x1F, 0xE4, 0x1F, 0xE4, 0x1F, 0xE4, 0x1F, 0xE4, 0x1F,
    0xE4, 0x1F, 0xE4, 0x1F, 0xE4, 0x1F, 0xE4, 0x1F, 0xE4, 0x1F, 0xE4, 0x1F, 0xE4, 0x1F, 0xE4, 0x1F,
    0xE4, 0x1F, 0xE4, 0x1F, 0xE4, 0x1F, 0xE4, 0x1F, 0xE4, 0x1F, 0xE4, 0x1F, 0xE4, 0x1F, 0xE4, 0x1F,
    0xE4, 0x1F, 0xE4, 0x1F, 0xE4, 0x1F, 0xE4, 0x1F, 0xE4, 0x1F, 0xE4, 0x1F, 0xE4, 0x1F, 0xE4, 0x1F,
    0xE4, 0x1F, 0xE4, 0x1F, 0xE4, 0x1F, 0xE4, 0x1F, 0xE4, 0x1F, 0xE4, 0x1F, 0xE4, 0x1F, 0xE4, 0x1F,
    0xE4, 0x1F, 0xE4, 0x1F, 0xE4, 0x1F, 0xE4, 0x1F, 0xE4, 0x1F, 0xE4, 0x1F, 0xE4, 0x1F, 0xE4, 0x1F,
    0xE4, 0x1F, 0xE4, 0x1F, 0xE4, 0x1F, 0xE4, 0x1F, 0xE4, 0x1F, 0xE4, 0x1F, 0xE4, 0x1F, 0xE4, 0x1F,
    0xE4, 0x1F, 0xE4, 0x1F, 0xE4, 0x1F, 0xE4, 0x1F, 0xE4, 0x1F, 0xE4, 0x1F, 0xE4, 0x1F, 0xE4, 0x1F,
    0xE4, 0x1F, 0xE4, 0x1F, 0xE4, 0x1F, 0xE4, 0x1F, 0xE4, 0x1F, 0xE4, 0x1F, 0xE4, 0x1F, 0xE4, 0x1F,
    0xE4, 0x1F, 0xE4, 0x1F, 0xE4, 0x1F, 0xE4, 0x1F, 0xE4, 0x1F, 0xE4, 0x1F, 0xE4, 0x1F, 0xE4, 0x1F,
    0xE4, 0x1F, 0xE4, 0x1F, 0xE4, 0x1F, 0xE4, 0x1F, 0xE4, 0x1F, 0xE4, 0x1F, 0xE4, 0x1F, 0xE4, 0x1F,
    0xE4, 0x1F, 0xE4, 0x1F, 0xE4, 0x1F, 0xE4, 0x1F, 0xE4, 0x1F, 0xE4, 0x1F, 0xE4, 0x1F, 0xE4, 0x1F,
    0xE4, 0x1F, 0xE4, 0x1F, 0xE4, 0x1F, 0xE4, 0x1F, 0xE4, 0x1F, 0xE4, 0x1F, 0xE4, 0x1F, 0xE4, 0x1F,
    0xE4, 0x1F, 0xE4, 0x1F, 0xE4, 0x1F, 0xE4, 0x1F, 0xE4, 0x1F, 0xE4, 0x1F, 0xE4, 0x1F, 0xE4, 0x1F,
    0xE4, 0x1F, 0xE4, 0x1F, 0xE4, 0x1F, 0xE4, 0x1F, 0xE4, 0x1F, 0xE4, 0x1F, 0xE4, 0x1F, 0xE4, 0x1F,
    0xE4, 0x1F, 0xE4, 0x1F, 0xE4, 0x1F, 0xE4, 0x1F, 0xE4, 0x1F, 0xE4, 0x1F, 0xE4, 0x1F, 0xE4, 0x1F,
    0xE4, 0x1F, 0xE4, 0x1F, 0xE4, 0x1F, 0xE4, 0x1F, 0xE4, 0x1F, 0xE4, 0x1F, 0xE4, 0x1F, 0xE4, 0x1F,
    0xE4, 0x1F, 0xE5, 0x1F, 0xE5, 0x27, 0xE6, 0x2F, 0xB3, 0x97, 0x9E, 0xF7, 0x9E, 0xF7, 0x9E, 0xF7,
    0x9E, 0xF7, 0x9E, 0xF7, 0x9E, 0xF7, 0x24, 0x21, 0x87, 0xC6, 0x87, 0xC6, 0x87, 0xC6, 0x87, 0xC6,
    0x87, 0xC6, 0x87, 0xC6, 0x87, 0xC6, 0x87, 0xC6, 0x87, 0xC6, 0x87, 0xC6, 0x87, 0xC6, 0x87, 0xC6,
    0x87, 0xC6, 0x87, 0xC6, 0x87, 0xC6, 0x87, 0xC6, 0x87, 0xC6, 0x88, 0xC6, 0x88, 0xC6, 0x88, 0xC6,
    0xC9, 0x73, 0xE3, 0x18, 0xE3, 0x18, 0xE3, 0x18, 0x27, 0x63, 0x87, 0xC6, 0x87, 0xC6, 0x27, 0x63,
    0xE3, 0x18, 0xE3, 0x18, 0xE3, 0x18, 0x28, 0x63, 0x88, 0xC6, 0x88, 0xC6, 0x88, 0xC6, 0x87, 0xC6,
    0x87, 0xC6, 0x87, 0xC6, 0x87, 0xC6, 0x87, 0xC6, 0x87, 0xC6, 0x87, 0xC6, 0x87, 0xC6, 0x87, 0xC6,
    0x87, 0xC6, 0x87, 0xC6, 0x87, 0xC6, 0x24, 0x21, 0x38, 0xC6, 0x38, 0xC6, 0x38, 0xC6, 0x38, 0xC6,
    0x59, 0xCE, 0x59, 0xCE, 0x79, 0xCE, 0xAE, 0x73, 0xAE, 0x73, 0xAE, 0x73, 0xAE, 0x73, 0xAE, 0x73,
    0xAE, 0x73, 0xAE, 0x73, 0xCF, 0x7B, 0xAE, 0x73, 0xCF, 0x7B, 0xCF, 0x7B, 0xCF, 0x7B, 0xAE, 0x73,
    0xCF, 0x7B, 0xCF, 0x7B, 0xCF, 0x7B, 0xCF, 0x7B, 0xAE, 0x73, 0xAE, 0x73, 0xAE, 0x73, 0xAE, 0x73,
    0xCF, 0x7B, 0xCF, 0x7B, 0xCF, 0x7B, 0xCF, 0x7B, 0xCF, 0x7B, 0xCF, 0x7B, 0xCF, 0x7B, 0xCF, 0x7B,
    0xAE, 0x73, 0xCF, 0x7B, 0xCF, 0x7B, 0xAE, 0x73, 0xCF, 0x7B, 0xCF, 0x7B, 0xCF, 0x7B, 0xCF, 0x7B,
    0xCF, 0x7B, 0xCF, 0x7B, 0xCF, 0x7B, 0xAE, 0x73, 0xCF, 0x7B, 0xAE, 0x73, 0xCF, 0x7B, 0xAE, 0x73,
    0xAE, 0x73, 0xCF, 0x7B, 0xAE, 0x73, 0xCF, 0x7B, 0xAE, 0x73, 0xCF, 0x7B, 0xCF, 0x7B, 0xAE, 0x73,
    0xCF, 0x7B, 0xCF, 0x7B, 0xCF, 0x7B, 0xCF, 0x7B, 0xAE, 0x73, 0xCF, 0x7B, 0xCF, 0x7B, 0xCF, 0x7B,
    0xCF, 0x7B, 0xCF, 0x7B, 0xAE, 0x73, 0xCF, 0x7B, 0xCF, 0x7B, 0xAE, 0x73, 0xAE, 0x73, 0xCF, 0x7B,
    0xCF, 0x7B, 0xCF, 0x7B, 0x08, 0x42, 0x08, 0x42, 0x08, 0x42, 0x79, 0xCE, 0xEF, 0x7B, 0x08, 0x42,
    0x18, 0xC6, 0x75, 0xAD, 0x08, 0x42, 0x51, 0x8C, 0xD7, 0xBD, 0x08, 0x42, 0x08, 0x42, 0x08, 0x42,
    0x08, 0x42, 0x08, 0x42, 0xCB, 0x5A, 0xDB, 0xDE, 0x2C, 0x63, 0x08, 0x42, 0x08, 0x42, 0x28, 0x42,
    0xCF, 0x7B, 0xCF, 0x7B, 0xCF, 0x7B, 0x79, 0xCE, 0x59, 0xCE, 0x59, 0xCE, 0x59, 0xCE, 0x59, 0xCE,
    0x59, 0xCE, 0x59, 0xCE, 0xC7, 0x39, 0x1C, 0xDF, 0x1C, 0xE7, 0x3C, 0xE7, 0x5D, 0xEF, 0x7D, 0xEF,
    0xE4, 0x1F, 0xE4, 0x1F, 0xE4, 0x1F, 0xE4, 0x1F, 0xE4, 0x1F, 0xE4, 0x1F, 0xE4, 0x1F, 0xE4, 0x1F,
    0xE4, 0x1F, 0xE4, 0x1F, 0xE4, 0x1F, 0xE4, 0x1F, 0xE4, 0x1F, 0xE4, 0x1F, 0xE4, 0x1F, 0xE4, 0x1F,
    0xE4, 0x1F, 0xE4, 0x1F, 0xE4, 0x1F, 0xE4, 0x1F, 0xE4, 0x1F, 0xE4, 0x1F, 0xE4, 0x1F, 0xE4, 0x1F,
    0xE4, 0x1F, 0xE4, 0x1F, 0xE4, 0x1F, 0xE4, 0x1F, 0xE4, 0x1F, 0xE4, 0x1F, 0xE4, 0x1F, 0xE4, 0x1F,
    0xE4, 0x1F, 0xE4, 0x1F, 0xE4, 0x1F, 0xE4, 0x1F, 0xE4, 0x1F, 0xE4, 0x1F, 0xE4, 0x1F, 0xE4, 0x1F,
    0xE4, 0x1F, 0xE4, 0x1F, 0xE4, 0x1F, 0xE4, 0x1F, 0xE4, 0x1F, 0xE4, 0x1F, 0xE4, 0x1F, 0xE4, 0x1F,
    0xE4, 0x1F, 0xE4, 0x1F, 0xE4, 0x1F, 0xE4, 0x1F, 0xE4, 0x1F, 0xE4, 0x1F, 0xE4, 0x1F, 0xE4, 0x1F,
    0xE4, 0x1F, 0xE4, 0x1F, 0xE4, 0x1F, 0xE4, 0x1F, 0xE4, 0x1F, 0xE4, 0x1F, 0xE4, 0x1F, 0xE4, 0x1F,
    0xE4, 0x1F, 0xE4, 0x1F, 0xE4, 0x1F, 0xE4, 0x1F, 0xE4, 0x1F, 0xE4, 0x1F, 0xE4, 0x1F, 0xE4, 0x1F,
    0xE4, 0x1F, 0xE4, 0x1F, 0xE4, 0x1F, 0xE4, 0x1F, 0xE4, 0x1F, 0xE4, 0x1F, 0xE4, 0x1F, 0xE4, 0x1F,
    0xE4, 0x1F, 0xE4, 0x1F, 0xE4, 0x1F, 0xE4, 0x1F, 0xE4, 0x1F, 0xE4, 0x1F, 0xE4, 0x1F, 0xE4, 0x1F,
    0xE4, 0x1F, 0xE4, 0x1F, 0xE4, 0x1F, 0xE4, 0x1F, 0xE4, 0x1F, 0xE4, 0x1F, 0xE4, 0x1F, 0xE4, 0x1F,
    0xE4, 0x1F, 0xE4, 0x1F, 0xE4, 0x1F, 0xE4, 0x1F, 0xE4, 0x1F, 0xE4, 0x1F, 0xE4, 0x1F, 0xE4, 0x1F,
    0xE4, 0x1F, 0xE4, 0x1F, 0xE4, 0x1F, 0xE4, 0x1F, 0xE4, 0x1F, 0xE4, 0x1F, 0xE4, 0x1F, 0xE4, 0x1F,
    0xE4, 0x1F, 0xE4, 0x1F, 0xE4, 0x1F, 0xE4, 0x1F, 0xE4, 0x1F, 0xE4, 0x1F, 0xE4, 0x1F, 0xE4, 0x1F,
    0xE4, 0x1F, 0xE4, 0x1F, 0xE4, 0x1F, 0xE4, 0x1F, 0xE4, 0x1F, 0xE4, 0x1F, 0xE4, 0x1F, 0xE4, 0x1F,
    0xE4, 0x1F, 0xE4, 0x1F, 0xE4, 0x1F, 0xE4, 0x1F, 0xE4, 0x1F, 0xE4, 0x1F, 0xE4, 0x1F, 0xE4, 0x1F,
    0xE4, 0x1F, 0xE4, 0x1F, 0xE4, 0x1F, 0xE4, 0x1F, 0xE4, 0x1F, 0xE4, 0x1F, 0xE4, 0x1F, 0xE4, 0x1F,
    0xE4, 0x1F, 0xE5, 0x1F, 0xE5, 0x27, 0xE6, 0x2F, 0xB3, 0x97, 0x9E, 0xF7, 0x9E, 0xF7, 0x9E, 0xF7,
    0x9E, 0xF7, 0x9E, 0xF7, 0x9E, 0xF7, 0x24, 0x21, 0x87, 0xC6, 0x87, 0xC6, 0x87, 0xC6, 0x87, 0xC6,
    0x87, 0xC6, 0x87, 0xC6, 0x87, 0xC6, 0x87, 0xC6, 0x87, 0xC6, 0x87, 0xC6, 0x87, 0xC6, 0x87, 0xC6,
    0x87, 0xC6, 0x87, 0xC6, 0x87, 0xC6, 0x87, 0xC6, 0x87, 0xC6, 0x88, 0xC6, 0x88, 0xC6, 0x88, 0xC6,
    0xC9, 0x73, 0xE3, 0x18, 0xE3, 0x18, 0xE3, 0x18, 0x27, 0x63, 0x87, 0xC6, 0x87, 0xC6, 0x27, 0x63,
    0xE3, 0x18, 0xE3, 0x18, 0xE3, 0x18, 0x28, 0x63, 0x88, 0xC6, 0x88, 0xC6, 0x87, 0xC6, 0x87, 0xC6,
    0x87, 0xC6, 0x87, 0xC6, 0x87, 0xC6, 0x87, 0xC6, 0x87, 0xC6, 0x87, 0xC6, 0x87, 0xC6, 0x87, 0xC6,
    0x87, 0xC6, 0x87, 0xC6, 0x87, 0xC6, 0x24, 0x21, 0x38, 0xC6, 0x38, 0xC6, 0x38, 0xC6, 0x38, 0xC6,
    0x59, 0xCE, 0x59, 0xCE, 0x79, 0xCE, 0xAE, 0x73, 0xAE, 0x73, 0xAE, 0x73, 0xAE, 0x73, 0xAE, 0x73,
    0xAE, 0x73, 0xAE, 0x73, 0xAE, 0x73, 0xAE, 0x73, 0xCF, 0x7B, 0xCF, 0x7B, 0xCF, 0x7B, 0xCF, 0x7B,
    0xAE, 0x73, 0xCF, 0x7B, 0xAE, 0x73, 0xCF, 0x7B, 0xAE, 0x73, 0xAE, 0x73, 0xCF, 0x7B, 0xCF, 0x7B,
    0xCF, 0x7B, 0xAE, 0x73, 0xCF, 0x7B, 0xCF, 0x7B, 0xAE, 0x73, 0xCF, 0x7B, 0xCF, 0x7B, 0xCF, 0x7B,
    0xCF, 0x7B, 0xAE, 0x73, 0xCF, 0x7B, 0xCF, 0x7B, 0xCF, 0x7B, 0xAE, 0x73, 0xCF, 0x7B, 0xAE, 0x73,
    0xCF, 0x7B, 0xCF, 0x7B, 0xCF, 0x7B, 0xAE, 0x73, 0xAE, 0x73, 0xCF, 0x7B, 0xAE, 0x73, 0xCF, 0x7B,
    0xCF, 0x7B, 0xCF, 0x7B, 0xCF, 0x7B, 0xCF, 0x7B, 0xAE, 0x73, 0xCF, 0x7B, 0xCF, 0x7B, 0xCF, 0x7B,
    0xAE, 0x73, 0xAE, 0x73, 0xCF, 0x7B, 0xAE, 0x73, 0xCF, 0x7B, 0xCF, 0x7B, 0xCF, 0x7B, 0xAE, 0x73,
    0xCF, 0x7B, 0xAE, 0x73, 0xAE, 0x73, 0xCF, 0x7B, 0xCF, 0x7B, 0xCF, 0x7B, 0xCF, 0x7B, 0xCF, 0x7B,
    0xAE, 0x73, 0xCF, 0x7B, 0x08, 0x42, 0x08, 0x42, 0x08, 0x42, 0x75, 0xAD, 0x75, 0xAD, 0x08, 0x42,
    0x3C, 0xE7, 0x9E, 0xF7, 0x08, 0x42, 0x18, 0xC6, 0x14, 0xA5, 0x08, 0x42, 0x08, 0x42, 0x08, 0x42,
    0x08, 0x42, 0xCB, 0x5A, 0xDB, 0xDE, 0x2C, 0x63, 0x08, 0x42, 0x08, 0x42, 0x08, 0x42, 0x28, 0x42,
    0xCF, 0x7B, 0xAE, 0x73, 0xCF, 0x7B, 0x79, 0xCE, 0x59, 0xCE, 0x59, 0xCE, 0x59, 0xCE, 0x59, 0xCE,
    0x59, 0xCE, 0x59, 0xCE, 0xC7, 0x39, 0xFB, 0xDE, 0x1C, 0xE7, 0x3C, 0xE7, 0x5D, 0xEF, 0x7D, 0xEF,
    0xE4, 0x1F, 0xE4, 0x1F, 0xE4, 0x1F, 0xE4, 0x1F, 0xE4, 0x1F, 0xE4, 0x1F, 0xE4, 0x1F, 0xE4, 0x1F,
    0xE4, 0x1F, 0xE4, 0x1F, 0xE4, 0x1F, 0xE4, 0x1F, 0xE4, 0x1F, 0xE4, 0x1F, 0xE4, 0x1F, 0xE4, 0x1F,
    0xE4, 0x1F, 0xE4, 0x1F, 0xE4, 0x1F, 0xE4, 0x1F, 0xE4, 0x1F, 0xE4, 0x1F, 0xE4, 0x1F, 0xE4, 0x1F,
    0xE4, 0x1F, 0xE4, 0x1F, 0xE4, 0x1F, 0xE4, 0x1F, 0xE4, 0x1F, 0xE4, 0x1F, 0xE4, 0x1F, 0xE4, 0x1F,
    0xE4, 0x1F, 0xE4, 0x1F, 0xE4, 0x1F, 0xE4, 0x1F, 0xE4, 0x1F, 0xE4, 0x1F, 0xE4, 0x1F, 0xE4, 0x1F,
    0xE4, 0x1F, 0xE4, 0x1F, 0xE4, 0x1F, 0xE4, 0x1F, 0xE4, 0x1F, 0xE4, 0x1F, 0xE4, 0x1F, 0xE4, 0x1F,
    0xE4, 0x1F, 0xE4, 0x1F, 0xE4, 0x1F, 0xE4, 0x1F, 0xE4, 0x1F, 0xE4, 0x1F, 0xE4, 0x1F, 0xE4, 0x1F,
    0xE4, 0x1F, 0xE4, 0x1F, 0xE4, 0x1F, 0xE4, 0x1F, 0xE4, 0x1F, 0xE4, 0x1F, 0xE4, 0x1F, 0xE4, 0x1F,
    0xE4, 0x1F, 0xE4, 0x1F, 0xE4, 0x1F, 0xE4, 0x1F, 0xE4, 0x1F, 0xE4, 0x1F, 0xE4, 0x1F, 0xE4, 0x1F,
    0xE4, 0x1F, 0xE4, 0x1F, 0xE4, 0x1F, 0xE4, 0x1F, 0xE4, 0x1F, 0xE4, 0x1F, 0xE4, 0x1F, 0xE4, 0x1F,
    0xE4, 0x1F, 0xE4, 0x1F, 0xE4, 0x1F, 0xE4, 0x1F, 0xE4, 0x1F, 0xE4, 0x1F, 0xE4, 0x1F, 0xE4, 0x1F,
    0xE4, 0x1F, 0xE4, 0x1F, 0xE4, 0x1F, 0xE4, 0x1F, 0xE4, 0x1F, 0xE4, 0x1F, 0xE4, 0x1F, 0xE4, 0x1F,
    0xE4, 0x1F, 0xE4, 0x1F, 0xE4, 0x1F, 0xE4, 0x1F, 0xE4, 0x1F, 0xE4, 0x1F, 0xE4, 0x1F, 0xE4, 0x1F,
    0xE4, 0x1F, 0xE4, 0x1F, 0xE4, 0x1F, 0xE4, 0x1F, 0xE4, 0x1F, 0xE4, 0x1F, 0xE4, 0x1F, 0xE4, 0x1F,
    0xE4, 0x1F, 0xE4, 0x1F, 0xE4, 0x1F, 0xE4, 0x1F, 0xE4, 0x1F, 0xE4, 0x1F, 0xE4, 0x1F, 0xE4, 0x1F,
    0xE4, 0x1F, 0xE4, 0x1F, 0xE4, 0x1F, 0xE4, 0x1F, 0xE4, 0x1F, 0xE4, 0x1F, 0xE4, 0x1F, 0xE4, 0x1F,
    0xE4, 0x1F, 0xE4, 0x1F, 0xE4, 0x1F, 0xE4, 0x1F, 0xE4, 0x1F, 0xE4, 0x1F, 0xE4, 0x1F, 0xE4, 0x1F,
    0xE4, 0x1F, 0xE4, 0x1F, 0xE4, 0x1F, 0xE4, 0x1F, 0xE4, 0x1F, 0xE4, 0x1F, 0xE4, 0x1F, 0xE4, 0x1F,
    0xE4, 0x1F, 0xE5, 0x1F, 0xE5, 0x27, 0xE7, 0x2F, 0xB3, 0x97, 0x9E, 0xF7, 0x9E, 0xF7, 0x9E, 0xF7,
    0x9E, 0xF7, 0x9E, 0xF7, 0x9E, 0xF7, 0x24, 0x21, 0x87, 0xC6, 0x87, 0xC6, 0x87, 0xC6, 0x87, 0xC6,
    0x87, 0xC6, 0x87, 0xC6, 0x87, 0xC6, 0x87, 0xC6, 0x87, 0xC6, 0x87, 0xC6, 0x87, 0xC6, 0x87, 0xC6,
    0x87, 0xC6, 0x87, 0xC6, 0x87, 0xC6, 0x87, 0xC6, 0x87, 0xC6, 0x87, 0xC6, 0x88, 0xC6, 0x88, 0xC6,
    0xE8, 0x5A, 0xE3, 0x18, 0xE3, 0x18, 0xE3, 0x18, 0x27, 0x63, 0x87, 0xC6, 0x87, 0xC6, 0x27, 0x63,
    0xE3, 0x18, 0xE3, 0x18, 0xE3, 0x18, 0xA7, 0x52, 0x88, 0xC6, 0x88, 0xC6, 0x88, 0xC6, 0x87, 0xC6,
    0x87, 0xC6, 0x87, 0xC6, 0x87, 0xC6, 0x87, 0xC6, 0x87, 0xC6, 0x87, 0xC6, 0x87, 0xC6, 0x87, 0xC6,
    0x87, 0xC6, 0x87, 0xC6, 0x87, 0xC6, 0x24, 0x21, 0x38, 0xC6, 0x38, 0xC6, 0x38, 0xC6, 0x38, 0xC6,
    0x59, 0xCE, 0x59, 0xCE, 0x79, 0xCE, 0xAE, 0x73, 0xAE, 0x73, 0xAE, 0x73, 0xAE, 0x73, 0xAE, 0x73,
    0xAE, 0x73, 0xCF, 0x7B, 0xAE, 0x73, 0xCF, 0x7B, 0xAE, 0x73, 0xCF, 0x7B, 0xCF, 0x7B, 0xCF, 0x7B,
    0xCF, 0x7B, 0xCF, 0x7B, 0xCF, 0x7B, 0xCF, 0x7B, 0xCF, 0x7B, 0xAE, 0x73, 0xCF, 0x7B, 0xAE, 0x73,
    0xAE, 0x73, 0xAE, 0x73, 0xAE, 0x73, 0xCF, 0x7B, 0xCF, 0x7B, 0xCF, 0x7B, 0xAE, 0x73, 0xCF, 0x7B,
    0xAE, 0x73, 0xCF, 0x7B, 0xCF, 0x7B, 0xCF, 0x7B, 0xAE, 0x73, 0xCF, 0x7B, 0xAE, 0x73, 0xCF, 0x7B,
    0xCF, 0x7B, 0xCF, 0x7B, 0xAE, 0x73, 0xCF, 0x7B, 0xAE, 0x73, 0xCF, 0x7B, 0xCF, 0x7B, 0xCF, 0x7B,
    0xCF, 0x7B, 0xCF, 0x7B, 0xAE, 0x73, 0xAE, 0x73, 0xCF, 0x7B, 0xCF, 0x7B, 0xCF, 0x7B, 0xCF, 0x7B,
    0xCF, 0x7B, 0xAE, 0x73, 0xCF, 0x7B, 0xCF, 0x7B, 0xAE, 0x73, 0xAE, 0x73, 0xCF, 0x7B, 0xCF, 0x7B,
    0xAE, 0x73, 0xCF, 0x7B, 0xCF, 0x7B, 0xCF, 0x7B, 0xCF, 0x7B, 0xCF, 0x7B, 0xCF, 0x7B, 0xAE, 0x73,
    0xCF, 0x7B, 0xCF, 0x7B, 0x08, 0x42, 0x08, 0x42, 0x08, 0x42, 0xEF, 0x7B, 0x3C, 0xE7, 0x8E, 0x73,
    0x9A, 0xD6, 0x3C, 0xE7, 0x2C, 0x63, 0x3C, 0xE7, 0x8E, 0x73, 0x08, 0x42, 0x08, 0x42, 0x08, 0x42,
    0xCB, 0x5A, 0xDB, 0xDE, 0x2C, 0x63, 0x08, 0x42, 0x08, 0x42, 0x08, 0x42, 0x08, 0x42, 0x28, 0x42,
    0xCF, 0x7B, 0xCF, 0x7B, 0xAE, 0x73, 0x79, 0xCE, 0x79, 0xCE, 0x59, 0xCE, 0x59, 0xCE, 0x59, 0xCE,
    0x59, 0xCE, 0x59, 0xCE, 0xC7, 0x39, 0x1C, 0xDF, 0x1C, 0xE7, 0x3C, 0xE7, 0x5D, 0xEF, 0x7D, 0xEF,
    0xE4, 0x1F, 0xE4, 0x1F, 0xE4, 0x1F, 0xE4, 0x1F, 0xE4, 0x1F, 0xE4, 0x1F, 0xE4, 0x1F, 0xE4, 0x1F,
    0xE4, 0x1F, 0xE4, 0x1F, 0xE4, 0x1F, 0xE4, 0x1F, 0xE4, 0x1F, 0xE4, 0x1F, 0xE4, 0x1F, 0xE4, 0x1F,
    0xE4, 0x1F, 0xE4, 0x1F, 0xE4, 0x1F, 0xE4, 0x1F, 0xE4, 0x1F, 0xE4, 0x1F, 0xE4, 0x1F, 0xE4, 0x1F,
    0xE4, 0x1F, 0xE4, 0x1F, 0xE4, 0x1F, 0xE4, 0x1F, 0xE4, 0x1F, 0xE4, 0x1F, 0xE4, 0x1F, 0xE4, 0x1F,
    0xE4, 0x1F, 0xE4, 0x1F, 0xE4, 0x1F, 0xE4, 0x1F, 0xE4, 0x1F, 0xE4, 0x1F, 0xE4, 0x1F, 0xE4, 0x1F,
    0xE4, 0x1F, 0xE4, 0x1F, 0xE4, 0x1F, 0xE4, 0x1F, 0xE4, 0x1F, 0xE4, 0x1F, 0xE4, 0x1F, 0xE4, 0x1F,
    0xE4, 0x1F, 0xE4, 0x1F, 0xE4, 0x1F, 0xE4, 0x1F, 0xE4, 0x1F, 0xE4, 0x1F, 0xE4, 0x1F, 0xE4, 0x1F,
    0xE4, 0x1F, 0xE4, 0x1F, 0xE4, 0x1F, 0xE4, 0x1F, 0xE4, 0x1F, 0xE4, 0x1F, 0xE4, 0x1F, 0xE4, 0x1F,
    0xE4, 0x1F, 0xE4, 0x1F, 0xE4, 0x1F, 0xE4, 0x1F, 0xE4, 0x1F, 0xE4, 0x1F, 0xE4, 0x1F, 0xE4, 0x1F,
    0xE4, 0x1F, 0xE4, 0x1F, 0xE4, 0x1F, 0xE4, 0x1F, 0xE4, 0x1F, 0xE4, 0x1F, 0xE4, 0x1F, 0xE4, 0x1F,
    0xE4, 0x1F, 0xE4, 0x1F, 0xE4, 0x1F, 0xE4, 0x1F, 0xE4, 0x1F, 0xE4, 0x1F, 0xE4, 0x1F, 0xE4, 0x1F,
    0xE4, 0x1F, 0xE4, 0x1F, 0xE4, 0x1F, 0xE4, 0x1F, 0xE4, 0x1F, 0xE4, 0x1F, 0xE4, 0x1F, 0xE4, 0x1F,
    0xE4, 0x1F, 0xE4, 0x1F, 0xE4, 0x1F, 0xE4, 0x1F, 0xE4, 0x1F, 0xE4, 0x1F, 0xE4, 0x1F, 0xE4, 0x1F,
    0xE4, 0x1F, 0xE4, 0x1F, 0xE4, 0x1F, 0xE4, 0x1F, 0xE4, 0x1F, 0xE4, 0x1F, 0xE4, 0x1F, 0xE4, 0x1F,
    0xE4, 0x1F, 0xE4, 0x1F, 0xE4, 0x1F, 0xE4, 0x1F, 0xE4, 0x1F, 0xE4, 0x1F, 0xE4, 0x1F, 0xE4, 0x1F,
    0xE4, 0x1F, 0xE4, 0x1F, 0xE4, 0x1F, 0xE4, 0x1F, 0xE4, 0x1F, 0xE4, 0x1F, 0xE4, 0x1F, 0xE4, 0x1F,
    0xE4, 0x1F, 0xE4, 0x1F, 0xE4, 0x1F, 0xE4, 0x1F, 0xE4, 0x1F, 0xE4, 0x1F, 0xE4, 0x1F, 0xE4, 0x1F,
    0xE4, 0x1F, 0xE4, 0x1F, 0xE4, 0x1F, 0xE4, 0x1F, 0xE4, 0x1F, 0xE4, 0x1F, 0xE4, 0x1F, 0xE4, 0x1F,
    0xE4, 0x1F, 0xE5, 0x1F, 0xE5, 0x27, 0xE7, 0x2F, 0xB3, 0x97, 0x9E, 0xF7, 0x9E, 0xF7, 0x7D, 0xEF,
    0x9E, 0xF7, 0x9E, 0xF7, 0x9E, 0xF7, 0x24, 0x21, 0x87, 0xC6, 0x87, 0xC6, 0x87, 0xC6, 0x87, 0xC6,
    0x87, 0xC6, 0x87, 0xC6, 0x87, 0xC6, 0x87, 0xC6, 0x87, 0xC6, 0x87, 0xC6, 0x87, 0xC6, 0x87, 0xC6,
    0x87, 0xC6, 0x87, 0xC6, 0x87, 0xC6, 0x87, 0xC6, 0x87, 0xC6, 0x88, 0xC6, 0x88, 0xC6, 0x28, 0x63,
    0xE3, 0x18, 0xE3, 0x18, 0xE3, 0x18, 0xE3, 0x18, 0x27, 0x63, 0x87, 0xC6, 0x87, 0xC6, 0x27, 0x63,
    0xE3, 0x18, 0xE3, 0x18, 0xE3, 0x18, 0xE3, 0x18, 0x28, 0x63, 0x88, 0xC6, 0x88, 0xC6, 0x87, 0xC6,
    0x87, 0xC6, 0x87, 0xC6, 0x87, 0xC6, 0x87, 0xC6, 0x87, 0xC6, 0x87, 0xC6, 0x87, 0xC6, 0x87, 0xC6,
    0x87, 0xC6, 0x87, 0xC6, 0x87, 0xC6, 0x24, 0x21, 0x38, 0xC6, 0x38, 0xC6, 0x38, 0xC6, 0x38, 0xC6,
    0x59, 0xCE, 0x59, 0xCE, 0x79, 0xCE, 0xAE, 0x73, 0xAE, 0x73, 0xAE, 0x73, 0xAE, 0x73, 0xAE, 0x73,
    0xAE, 0x73, 0xAE, 0x73, 0xAE, 0x73, 0xAE, 0x73, 0xCF, 0x7B, 0xCF, 0x7B, 0xCF, 0x7B, 0xCF, 0x7B,
    0xCF, 0x7B, 0xCF, 0x7B, 0xAE, 0x73, 0xCF, 0x7B, 0xAE, 0x73, 0xCF, 0x7B, 0xCF, 0x7B, 0xCF, 0x7B,
    0xCF, 0x7B, 0xCF, 0x7B, 0xCF, 0x7B, 0xAE, 0x73, 0xCF, 0x7B, 0xAE, 0x73, 0xCF, 0x7B, 0xCF, 0x7B,
    0xCF, 0x7B, 0xCF, 0x7B, 0xCF, 0x7B, 0xCF, 0x7B, 0xCF, 0x7B, 0xCF, 0x7B, 0xCF, 0x7B, 0xAE, 0x73,
    0xCF, 0x7B, 0xAE, 0x73, 0xCF, 0x7B, 0xAE, 0x73, 0xAE, 0x73, 0xCF, 0x7B, 0xAE, 0x73, 0xCF, 0x7B,
    0xCF, 0x7B, 0xCF, 0x7B, 0xCF, 0x7B, 0xCF, 0x7B, 0xCF, 0x7B, 0xCF, 0x7B, 0xAE, 0x73, 0xCF, 0x7B,
    0xCF, 0x7B, 0xCF, 0x7B, 0xCF, 0x7B, 0xCF, 0x7B, 0xCF, 0x7B, 0xCF, 0x7B, 0xCF, 0x7B, 0xCF, 0x7B,
    0xAE, 0x73, 0xCF, 0x7B, 0xCF, 0x7B, 0xCF, 0x7B, 0xCF, 0x7B, 0xAE, 0x73, 0xCF, 0x7B, 0xAE, 0x73,
    0xCF, 0x7B, 0xAE, 0x73, 0x08, 0x42, 0x08, 0x42, 0x08, 0x42, 0x69, 0x4A, 0xFF, 0xFF, 0x75, 0xAD,
    0x75, 0xAD, 0x75, 0xAD, 0x55, 0xAD, 0xFF, 0xFF, 0x08, 0x42, 0x08, 0x42, 0x08, 0x42, 0x2C, 0x63,
    0xDB, 0xDE, 0x2C, 0x63, 0x08, 0x42, 0x08, 0x42, 0x08, 0x42, 0x08, 0x42, 0x08, 0x42, 0x28, 0x42,
    0xAE, 0x73, 0xAE, 0x73, 0xAE, 0x73, 0x79, 0xCE, 0x59, 0xCE, 0x59, 0xCE, 0x59, 0xCE, 0x59, 0xCE,
    0x59, 0xCE, 0x59, 0xCE, 0xC7, 0x39, 0x1C, 0xDF, 0x1C, 0xE7, 0x3C, 0xE7, 0x5D, 0xEF, 0x7D, 0xEF,
    0xE4, 0x1F, 0xE4, 0x1F, 0xE4, 0x1F, 0xE4, 0x1F, 0xE4, 0x1F, 0xE4, 0x1F, 0xE4, 0x1F, 0xE4, 0x1F,
    0xE4, 0x1F, 0xE4, 0x1F, 0xE4, 0x1F, 0xE4, 0x1F, 0xE4, 0x1F, 0xE4, 0x1F, 0xE4, 0x1F, 0xE4, 0x1F,
    0xE4, 0x1F, 0xE4, 0x1F, 0xE4, 0x1F, 0xE4, 0x1F, 0xE4, 0x1F, 0xE4, 0x1F, 0xE4, 0x1F, 0xE4, 0x1F,
    0xE4, 0x1F, 0xE4, 0x1F, 0xE4, 0x1F, 0xE4, 0x1F, 0xE4, 0x1F, 0xE4, 0x1F, 0xE4, 0x1F, 0xE4, 0x1F,
    0xE4, 0x1F, 0xE4, 0x1F, 0xE4, 0x1F, 0xE4, 0x1F, 0xE4, 0x1F, 0xE4, 0x1F, 0xE4, 0x1F, 0xE4, 0x1F,
    0xE4, 0x1F, 0xE4, 0x1F, 0xE4, 0x1F, 0xE4, 0x1F, 0xE4, 0x1F, 0xE4, 0x1F, 0xE4, 0x1F, 0xE4, 0x1F,
    0xE4, 0x1F, 0xE4, 0x1F, 0xE4, 0x1F, 0xE4, 0x1F, 0xE4, 0x1F, 0xE4, 0x1F, 0xE4, 0x1F, 0xE4, 0x1F,
    0xE4, 0x1F, 0xE4, 0x1F, 0xE4, 0x1F, 0xE4, 0x1F, 0xE4, 0x1F, 0xE4, 0x1F, 0xE4, 0x1F, 0xE4, 0x1F,
    0xE4, 0x1F, 0xE4, 0x1F, 0xE4, 0x1F, 0xE4, 0x1F, 0xE4, 0x1F, 0xE4, 0x1F, 0xE4, 0x1F, 0xE4, 0x1F,
    0xE4, 0x1F, 0xE4, 0x1F, 0xE4, 0x1F, 0xE4, 0x1F, 0xE4, 0x1F, 0xE4, 0x1F, 0xE4, 0x1F, 0xE4, 0x1F,
    0xE4, 0x1F, 0xE4, 0x1F, 0xE4, 0x1F, 0xE4, 0x1F, 0xE4, 0x1F, 0xE4, 0x1F, 0xE4, 0x1F, 0xE4, 0x1F,
    0xE4, 0x1F, 0xE4, 0x1F, 0xE4, 0x1F, 0xE4, 0x1F, 0xE4, 0x1F, 0xE4, 0x1F, 0xE4, 0x1F, 0xE4, 0x1F,
    0xE4, 0x1F, 0xE4, 0x1F, 0xE4, 0x1F, 0xE4, 0x1F, 0xE4, 0x1F, 0xE4, 0x1F, 0xE4, 0x1F, 0xE4, 0x1F,
    0xE4, 0x1F, 0xE4, 0x1F, 0xE4, 0x1F, 0xE4, 0x1F, 0xE4, 0x1F, 0xE4, 0x1F, 0xE4, 0x1F, 0xE4, 0x1F,
    0xE4, 0x1F, 0xE4, 0x1F, 0xE4, 0x1F, 0xE4, 0x1F, 0xE4, 0x1F, 0xE4, 0x1F, 0xE4, 0x1F, 0xE4, 0x1F,
    0xE4, 0x1F, 0xE4, 0x1F, 0xE4, 0x1F, 0xE4, 0x1F, 0xE4, 0x1F, 0xE4, 0x1F, 0xE4, 0x1F, 0xE4, 0x1F,
    0xE4, 0x1F, 0xE4, 0x1F, 0xE4, 0x1F, 0xE4, 0x1F, 0xE4, 0x1F, 0xE4, 0x1F, 0xE4, 0x1F, 0xE4, 0x1F,
    0xE4, 0x1F, 0xE4, 0x1F, 0xE4, 0x1F, 0xE4, 0x1F, 0xE4, 0x1F, 0xE4, 0x1F, 0xE4, 0x1F, 0xE4, 0x1F,
    0xE4, 0x1F, 0xE5, 0x1F, 0xE5, 0x27, 0xE7, 0x2F, 0xB3, 0x97, 0x7D, 0xEF, 0x7D, 0xEF, 0x9E, 0xF7,
    0x9E, 0xF7, 0x9E, 0xF7, 0x9E, 0xF7, 0x24, 0x21, 0x87, 0xC6, 0x87, 0xC6, 0x87, 0xC6, 0x87, 0xC6,
    0x87, 0xC6, 0x87, 0xC6, 0x87, 0xC6, 0x87, 0xC6, 0x87, 0xC6, 0x87, 0xC6, 0x87, 0xC6, 0x87, 0xC6,
    0x87, 0xC6, 0x87, 0xC6, 0x87, 0xC6, 0x87, 0xC6, 0x87, 0xC6, 0x88, 0xC6, 0xC9, 0x73, 0xE3, 0x18,
    0xE3, 0x18, 0xE3, 0x18, 0xE3, 0x18, 0xE3, 0x18, 0x27, 0x63, 0x87, 0xC6, 0x87, 0xC6, 0x27, 0x63,
    0xE3, 0x18, 0xE3, 0x18, 0xE3, 0x18, 0xE3, 0x18, 0xE3, 0x18, 0x68, 0x6B, 0x88, 0xC6, 0x87, 0xC6,
    0x87, 0xC6, 0x87, 0xC6, 0x87, 0xC6, 0x87, 0xC6, 0x87, 0xC6, 0x87, 0xC6, 0x87, 0xC6, 0x87, 0xC6,
    0x87, 0xC6, 0x87, 0xC6, 0x87, 0xC6, 0x24, 0x21, 0x38, 0xC6, 0x38, 0xC6, 0x38, 0xC6, 0x38, 0xC6,
    0x38, 0xC6, 0x59, 0xCE, 0x79, 0xCE, 0xAE, 0x73, 0xAE, 0x73, 0xAE, 0x73, 0xAE, 0x73, 0xAE, 0x73,
    0xAE, 0x73, 0xAE, 0x73, 0xAE, 0x73, 0xCF, 0x7B, 0xCF, 0x7B, 0xCF, 0x7B, 0xCF, 0x7B, 0xCF, 0x7B,
    0xCF, 0x7B, 0xCF, 0x7B, 0xCF, 0x7B, 0xAE, 0x73, 0xCF, 0x7B, 0xCF, 0x7B, 0xCF, 0x7B, 0xAE, 0x73,
    0xAE, 0x73, 0xCF, 0x7B, 0xAE, 0x73, 0xAE, 0x73, 0xCF, 0x7B, 0xAE, 0x73, 0xAE, 0x73, 0xCF, 0x7B,
    0xAE, 0x73, 0xCF, 0x7B, 0xAE, 0x73, 0xCF, 0x7B, 0xCF, 0x7B, 0xCF, 0x7B, 0xCF, 0x7B, 0xCF, 0x7B,
    0xAE, 0x73, 0xCF, 0x7B, 0xCF, 0x7B, 0xCF, 0x7B, 0xCF, 0x7B, 0xCF, 0x7B, 0xCF, 0x7B, 0xAE, 0x73,
    0xCF, 0x7B, 0xCF, 0x7B, 0xCF, 0x7B, 0xCF, 0x7B, 0xCF, 0x7B, 0xCF, 0x7B, 0xCF, 0x7B, 0xCF, 0x7B,
    0xCF, 0x7B, 0xAE, 0x73, 0xCF, 0x7B, 0xAE, 0x73, 0xCF, 0x7B, 0xAE, 0x73, 0xAE, 0x73, 0xCF, 0x7B,
    0xCF, 0x7B, 0xCF, 0x7B, 0xCF, 0x7B, 0xAE, 0x73, 0xAE, 0x73, 0xCF, 0x7B, 0xCF, 0x7B, 0xAE, 0x73,
    0xCF, 0x7B, 0xCF, 0x7B, 0x08, 0x42, 0x08, 0x42, 0x08, 0x42, 0x08, 0x42, 0xDB, 0xDE, 0x3C, 0xE7,
    0x8E, 0x73, 0x51, 0x8C, 0x9E, 0xF7, 0x9A, 0xD6, 0x08, 0x42, 0x08, 0x42, 0x2C, 0x63, 0xDB, 0xDE,
    0xCB, 0x5A, 0x08, 0x42, 0x08, 0x42, 0x08, 0x42, 0x08, 0x42, 0x08, 0x42, 0x08, 0x42, 0x28, 0x42,
    0xAE, 0x73, 0xAE, 0x73, 0xCF, 0x7B, 0x79, 0xCE, 0x79, 0xCE, 0x59, 0xCE, 0x59, 0xCE, 0x59, 0xCE,
    0x59, 0xCE, 0x59, 0xCE, 0xC7, 0x39, 0x1C, 0xDF, 0x1C, 0xE7, 0x3C, 0xE7, 0x5D, 0xEF, 0x7D, 0xEF,
    0xE4, 0x1F, 0xE4, 0x1F, 0xE4, 0x1F, 0xE4, 0x1F, 0xE4, 0x1F, 0xE4, 0x1F, 0xE4, 0x1F, 0xE4, 0x1F,
    0xE4, 0x1F, 0xE4, 0x1F, 0xE4, 0x1F, 0xE4, 0x1F, 0xE4, 0x1F, 0xE4, 0x1F, 0xE4, 0x1F, 0xE4, 0x1F,
    0xE4, 0x1F, 0xE4, 0x1F, 0xE4, 0x1F, 0xE4, 0x1F, 0xE4, 0x1F, 0xE4, 0x1F, 0xE4, 0x1F, 0xE4, 0x1F,
    0xE4, 0x1F, 0xE4, 0x1F, 0xE4, 0x1F, 0xE4, 0x1F, 0xE4, 0x1F, 0xE4, 0x1F, 0xE4, 0x1F, 0xE4, 0x1F,
    0xE4, 0x1F, 0xE4, 0x1F, 0xE4, 0x1F, 0xE4, 0x1F, 0xE4, 0x1F, 0xE4, 0x1F, 0xE4, 0x1F, 0xE4, 0x1F,
    0xE4, 0x1F, 0xE4, 0x1F, 0xE4, 0x1F, 0xE4, 0x1F, 0xE4, 0x1F, 0xE4, 0x1F, 0xE4, 0x1F, 0xE4, 0x1F,
    0xE4, 0x1F, 0xE4, 0x1F, 0xE4, 0x1F, 0xE4, 0x1F, 0xE4, 0x1F, 0xE4, 0x1F, 0xE4, 0x1F, 0xE4, 0x1F,
    0xE4, 0x1F, 0xE4, 0x1F, 0xE4, 0x1F, 0xE4, 0x1F, 0xE4, 0x1F, 0xE4, 0x1F, 0xE4, 0x1F, 0xE4, 0x1F,
    0xE4, 0x1F, 0xE4, 0x1F, 0xE4, 0x1F, 0xE4, 0x1F, 0xE4, 0x1F, 0xE4, 0x1F, 0xE4, 0x1F, 0xE4, 0x1F,
    0xE4, 0x1F, 0xE4, 0x1F, 0xE4, 0x1F, 0xE4, 0x1F, 0xE4, 0x1F, 0xE4, 0x1F, 0xE4, 0x1F, 0xE4, 0x1F,
    0xE4, 0x1F, 0xE4, 0x1F, 0xE4, 0x1F, 0xE4, 0x1F, 0xE4, 0x1F, 0xE4, 0x1F, 0xE4, 0x1F, 0xE4, 0x1F,
    0xE4, 0x1F, 0xE4, 0x1F, 0xE4, 0x1F, 0xE4, 0x1F, 0xE4, 0x1F, 0xE4, 0x1F, 0xE4, 0x1F, 0xE4, 0x1F,
    0xE4, 0x1F, 0xE4, 0x1F, 0xE4, 0x1F, 0xE4, 0x1F, 0xE4, 0x1F, 0xE4, 0x1F, 0xE4, 0x1F, 0xE4, 0x1F,
    0xE4, 0x1F, 0xE4, 0x1F, 0xE4, 0x1F, 0xE4, 0x1F, 0xE4, 0x1F, 0xE4, 0x1F, 0xE4, 0x1F, 0xE4, 0x1F,
    0xE4, 0x1F, 0xE4, 0x1F, 0xE4, 0x1F, 0xE4, 0x1F, 0xE4, 0x1F, 0xE4, 0x1F, 0xE4, 0x1F, 0xE4, 0x1F,
    0xE4, 0x1F, 0xE4, 0x1F, 0xE4, 0x1F, 0xE4, 0x1F, 0xE4, 0x1F, 0xE4, 0x1F, 0xE4, 0x1F, 0xE4, 0x1F,
    0xE4, 0x1F, 0xE4, 0x1F, 0xE4, 0x1F, 0xE4, 0x1F, 0xE4, 0x1F, 0xE4, 0x1F, 0xE4, 0x1F, 0xE4, 0x1F,
    0xE4, 0x1F, 0xE4, 0x1F, 0xE4, 0x1F, 0xE4, 0x1F, 0xE4, 0x1F, 0xE4, 0x1F, 0xE4, 0x1F, 0xE4, 0x1F,
    0xE4, 0x1F, 0xE5, 0x1F, 0xE5, 0x27, 0xE7, 0x2F, 0xB3, 0x97, 0x7D, 0xEF, 0x9E, 0xF7, 0x9E, 0xF7,
    0x9E, 0xF7, 0x9E, 0xF7, 0x9E, 0xF7, 0x24, 0x21, 0x87, 0xC6, 0x87, 0xC6, 0x87, 0xC6, 0x87, 0xC6,
    0x87, 0xC6, 0x87, 0xC6, 0x87, 0xC6, 0x87, 0xC6, 0x87, 0xC6, 0x87, 0xC6, 0x87, 0xC6, 0x87, 0xC6,
    0x87, 0xC6, 0x87, 0xC6, 0x87, 0xC6, 0x87, 0xC6, 0x87, 0xC6, 0x88, 0xC6, 0x84, 0x29, 0xE3, 0x18,
    0xE3, 0x18, 0xE3, 0x18, 0xE3, 0x18, 0x05, 0x42, 0xE9, 0x9C, 0x87, 0xC6, 0x87, 0xC6, 0x88, 0xAD,
    0xA6, 0x52, 0xE3, 0x18, 0xE3, 0x18, 0xE3, 0x18, 0xE3, 0x18, 0x24, 0x21, 0x08, 0xBE, 0x87, 0xC6,
    0x87, 0xC6, 0x87, 0xC6, 0x87, 0xC6, 0x87, 0xC6, 0x87, 0xC6, 0x87, 0xC6, 0x87, 0xC6, 0x87, 0xC6,
    0x87, 0xC6, 0x87, 0xC6, 0x87, 0xC6, 0x24, 0x21, 0x38, 0xC6, 0x38, 0xC6, 0x38, 0xC6, 0x38, 0xC6,
    0x59, 0xCE, 0x59, 0xCE, 0x79, 0xCE, 0xAE, 0x73, 0xAE, 0x73, 0xAE, 0x73, 0xAE, 0x73, 0xAE, 0x73,
    0xAE, 0x73, 0xCF, 0x7B, 0xAE, 0x73, 0xAE, 0x73, 0xAE, 0x73, 0xCF, 0x7B, 0xCF, 0x7B, 0xCF, 0x7B,
    0xAE, 0x73, 0xCF, 0x7B, 0xCF, 0x7B, 0xCF, 0x7B, 0xAE, 0x73, 0xCF, 0x7B, 0xAE, 0x73, 0xCF, 0x7B,
    0xCF, 0x7B, 0xAE, 0x73, 0xCF, 0x7B, 0xCF, 0x7B, 0xCF, 0x7B, 0xCF, 0x7B, 0xCF, 0x7B, 0xCF, 0x7B,
    0xCF, 0x7B, 0xCF, 0x7B, 0xCF, 0x7B, 0xAE, 0x73, 0xCF, 0x7B, 0xCF, 0x7B, 0xAE, 0x73, 0xCF, 0x7B,
    0xCF, 0x7B, 0xAE, 0x73, 0xAE, 0x73, 0xCF, 0x7B, 0xAE, 0x73, 0xCF, 0x7B, 0xAE, 0x73, 0xCF, 0x7B,
    0xCF, 0x7B, 0xAE, 0x73, 0xCF, 0x7B, 0xCF, 0x7B, 0xCF, 0x7B, 0xAE, 0x73, 0xAE, 0x73, 0xAE, 0x73,
    0xCF, 0x7B, 0xAE, 0x73, 0xCF, 0x7B, 0xCF, 0x7B, 0xCF, 0x7B, 0xCF, 0x7B, 0xCF, 0x7B, 0xCF, 0x7B,
    0xAE, 0x73, 0xCF, 0x7B, 0xAE, 0x73, 0xCF, 0x7B, 0xAE, 0x73, 0xAE, 0x73, 0xCF, 0x7B, 0xAE, 0x73,
    0xAE, 0x73, 0xCF, 0x7B, 0x08, 0x42, 0x08, 0x42, 0x08, 0x42, 0x08, 0x42, 0x14, 0xA5, 0x5D, 0xEF,
    0x08, 0x42, 0x69, 0x4A, 0x5D, 0xEF, 0xB2, 0x94, 0x08, 0x42, 0x2C, 0x63, 0xDB, 0xDE, 0xCB, 0x5A,
    0x08, 0x42, 0x08, 0x42, 0x08, 0x42, 0x08, 0x42, 0x08, 0x42, 0x08, 0x42, 0x08, 0x42, 0x28, 0x42,
    0xCF, 0x7B, 0xCF, 0x7B, 0xCF, 0x7B, 0x79, 0xCE, 0x59, 0xCE, 0x59, 0xCE, 0x59, 0xCE, 0x59, 0xCE,
    0x59, 0xCE, 0x59, 0xCE, 0xC7, 0x39, 0x1C, 0xDF, 0x1C, 0xE7, 0x3C, 0xE7, 0x5D, 0xEF, 0x7D, 0xEF,
    0xE4, 0x1F, 0xE4, 0x1F, 0xE4, 0x1F, 0xE4, 0x1F, 0xE4, 0x1F, 0xE4, 0x1F, 0xE4, 0x1F, 0xE4, 0x1F,
    0xE4, 0x1F, 0xE4, 0x1F, 0xE4, 0x1F, 0xE4, 0x1F, 0xE4, 0x1F, 0xE4, 0x1F, 0xE4, 0x1F, 0xE4, 0x1F,
    0xE4, 0x1F, 0xE4, 0x1F, 0xE4, 0x1F, 0xE4, 0x1F, 0xE4, 0x1F, 0xE4, 0x1F, 0xE4, 0x1F, 0xE4, 0x1F,
    0xE4, 0x1F, 0xE4, 0x1F, 0xE4, 0x1F, 0xE4, 0x1F, 0xE4, 0x1F, 0xE4, 0x1F, 0xE4, 0x1F, 0xE4, 0x1F,
    0xE4, 0x1F, 0xE4, 0x1F, 0xE4, 0x1F, 0xE4, 0x1F, 0xE4, 0x1F, 0xE4, 0x1F, 0xE4, 0x1F, 0xE4, 0x1F,
    0xE4, 0x1F, 0xE4, 0x1F, 0xE4, 0x1F, 0xE4, 0x1F, 0xE4, 0x1F, 0xE4, 0x1F, 0xE4, 0x1F, 0xE4, 0x1F,
    0xE4, 0x1F, 0xE4, 0x1F, 0xE4, 0x1F, 0xE4, 0x1F, 0xE4, 0x1F, 0xE4, 0x1F, 0xE4, 0x1F, 0xE4, 0x1F,
    0xE4, 0x1F, 0xE4, 0x1F, 0xE4, 0x1F, 0xE4, 0x1F, 0xE4, 0x1F, 0xE4, 0x1F, 0xE4, 0x1F, 0xE4, 0x1F,
    0xE4, 0x1F, 0xE4, 0x1F, 0xE4, 0x1F, 0xE4, 0x1F, 0xE4, 0x1F, 0xE4, 0x1F, 0xE4, 0x1F, 0xE4, 0x1F,
    0xE4, 0x1F, 0xE4, 0x1F, 0xE4, 0x1F, 0xE4, 0x1F, 0xE4, 0x1F, 0xE4, 0x1F, 0xE4, 0x1F, 0xE4, 0x1F,
    0xE4, 0x1F, 0xE4, 0x1F, 0xE4, 0x1F, 0xE4, 0x1F, 0xE4, 0x1F, 0xE4, 0x1F, 0xE4, 0x1F, 0xE4, 0x1F,
    0xE4, 0x1F, 0xE4, 0x1F, 0xE4, 0x1F, 0xE4, 0x1F, 0xE4, 0x1F, 0xE4, 0x1F, 0xE4, 0x1F, 0xE4, 0x1F,
    0xE4, 0x1F, 0xE4, 0x1F, 0xE4, 0x1F, 0xE4, 0x1F, 0xE4, 0x1F, 0xE4, 0x1F, 0xE4, 0x1F, 0xE4, 0x1F,
    0xE4, 0x1F, 0xE4, 0x1F, 0xE4, 0x1F, 0xE4, 0x1F, 0xE4, 0x1F, 0xE4, 0x1F, 0xE4, 0x1F, 0xE4, 0x1F,
    0xE4, 0x1F, 0xE4, 0x1F, 0xE4, 0x1F, 0xE4, 0x1F, 0xE4, 0x1F, 0xE4, 0x1F, 0xE4, 0x1F, 0xE4, 0x1F,
    0xE4, 0x1F, 0xE4, 0x1F, 0xE4, 0x1F, 0xE4, 0x1F, 0xE4, 0x1F, 0xE4, 0x1F, 0xE4, 0x1F, 0xE4, 0x1F,
    0xE4, 0x1F, 0xE4, 0x1F, 0xE4, 0x1F, 0xE4, 0x1F, 0xE4, 0x1F, 0xE4, 0x1F, 0xE4, 0x1F, 0xE4, 0x1F,
    0xE4, 0x1F, 0xE4, 0x1F, 0xE4, 0x1F, 0xE4, 0x1F, 0xE4, 0x1F, 0xE4, 0x1F, 0xE4, 0x1F, 0xE4, 0x1F,
    0xE4, 0x1F, 0xE5, 0x1F, 0xE5, 0x27, 0xE7, 0x2F, 0xB3, 0x97, 0x7D, 0xEF, 0x7D, 0xEF, 0x9E, 0xF7,
    0x9E, 0xF7, 0x9E, 0xF7, 0x9E, 0xF7, 0x24, 0x21, 0x87, 0xC6, 0x87, 0xC6, 0x87, 0xC6, 0x87, 0xC6,
    0x87, 0xC6, 0x87, 0xC6, 0x87, 0xC6, 0x87, 0xC6, 0x87, 0xC6, 0x87, 0xC6, 0x87, 0xC6, 0x87, 0xC6,
    0x87, 0xC6, 0x87, 0xC6, 0x87, 0xC6, 0x87, 0xC6, 0x88, 0xC6, 0xC9, 0x73, 0xE3, 0x18, 0xE3, 0x18,
    0xE3, 0x18, 0xE3, 0x18, 0x27, 0x63, 0x87, 0xC6, 0x87, 0xC6, 0x87, 0xC6, 0x87, 0xC6, 0x87, 0xC6,
    0x87, 0xC6, 0x27, 0x63, 0xE3, 0x18, 0xE3, 0x18, 0xE3, 0x18, 0xE3, 0x18, 0x28, 0x63, 0x88, 0xC6,
    0x67, 0xC6, 0x87, 0xC6, 0x87, 0xC6, 0x87, 0xC6, 0x87, 0xC6, 0x87, 0xC6, 0x87, 0xC6, 0x87, 0xC6,
    0x87, 0xC6, 0x87, 0xC6, 0x87, 0xC6, 0x24, 0x21, 0x38, 0xC6, 0x38, 0xC6, 0x38, 0xC6, 0x38, 0xC6,
    0x38, 0xC6, 0x59, 0xCE, 0x79, 0xCE, 0xAE, 0x73, 0xAE, 0x73, 0xAE, 0x73, 0xAE, 0x73, 0xAE, 0x73,
    0xAE, 0x73, 0xAE, 0x73, 0xCF, 0x7B, 0xCF, 0x7B, 0xCF, 0x7B, 0xCF, 0x7B, 0xAE, 0x73, 0xAE, 0x73,
    0xAE, 0x73, 0xCF, 0x7B, 0xCF, 0x7B, 0xCF, 0x7B, 0xCF, 0x7B, 0xAE, 0x73, 0xCF, 0x7B, 0xAE, 0x73,
    0xCF, 0x7B, 0xAE, 0x73, 0xCF, 0x7B, 0xCF, 0x7B, 0xCF, 0x7B, 0xCF, 0x7B, 0xCF, 0x7B, 0xAE, 0x73,
    0xAE, 0x73, 0xCF, 0x7B, 0xAE, 0x73, 0xCF, 0x7B, 0xCF, 0x7B, 0xAE, 0x73, 0xAE, 0x73, 0xAE, 0x73,
    0xCF, 0x7B, 0xAE, 0x73, 0xAE, 0x73, 0xCF, 0x7B, 0xCF, 0x7B, 0xCF, 0x7B, 0xAE, 0x73, 0xCF, 0x7B,
    0xCF, 0x7B, 0xCF, 0x7B, 0xCF, 0x7B, 0xCF, 0x7B, 0xCF, 0x7B, 0xCF, 0x7B, 0xAE, 0x73, 0xCF, 0x7B,
    0xCF, 0x7B, 0xCF, 0x7B, 0xCF, 0x7B, 0xCF, 0x7B, 0xCF, 0x7B, 0xCF, 0x7B, 0xCF, 0x7B, 0xCF, 0x7B,
    0xCF, 0x7B, 0xAE, 0x73, 0xCF, 0x7B, 0xAE, 0x73, 0xAE, 0x73, 0xCF, 0x7B, 0xAE, 0x73, 0xCF, 0x7B,
    0xCF, 0x7B, 0xCF, 0x7B, 0x08, 0x42, 0x08, 0x42, 0x08, 0x42, 0x08, 0x42, 0x08, 0x42, 0x08, 0x42,
    0x08, 0x42, 0x08, 0x42, 0x08, 0x42, 0x08, 0x42, 0x30, 0x84, 0xDB, 0xDE, 0xCB, 0x5A, 0x08, 0x42,
    0x08, 0x42, 0x08, 0x42, 0x08, 0x42, 0x08, 0x42, 0x08, 0x42, 0x08, 0x42, 0x08, 0x42, 0x28, 0x42,
    0xAE, 0x73, 0xCF, 0x7B, 0xCF, 0x7B, 0x79, 0xCE, 0x59, 0xCE, 0x59, 0xCE, 0x59, 0xCE, 0x59, 0xCE,
    0x59, 0xCE, 0x59, 0xCE, 0xC7, 0x39, 0xFB, 0xDE, 0x1C, 0xE7, 0x3C, 0xE7, 0x5D, 0xEF, 0x7D, 0xEF,
    0xE4, 0x1F, 0xE4, 0x1F, 0xE4, 0x1F, 0xE4, 0x1F, 0xE4, 0x1F, 0xE4, 0x1F, 0xE4, 0x1F, 0xE4, 0x1F,
    0xE4, 0x1F, 0xE4, 0x1F, 0xE4, 0x1F, 0xE4, 0x1F, 0xE4, 0x1F, 0xE4, 0x1F, 0xE4, 0x1F, 0xE4, 0x1F,
    0xE4, 0x1F, 0xE4, 0x1F, 0xE4, 0x1F, 0xE4, 0x1F, 0xE4, 0x1F, 0xE4, 0x1F, 0xE4, 0x1F, 0xE4, 0x1F,
    0xE4, 0x1F, 0xE4, 0x1F, 0xE4, 0x1F, 0xE4, 0x1F, 0xE4, 0x1F, 0xE4, 0x1F, 0xE4, 0x1F, 0xE4, 0x1F,
    0xE4, 0x1F, 0xE4, 0x1F, 0xE4, 0x1F, 0xE4, 0x1F, 0xE4, 0x1F, 0xE4, 0x1F, 0xE4, 0x1F, 0xE4, 0x1F,
    0xE4, 0x1F, 0xE4, 0x1F, 0xE4, 0x1F, 0xE4, 0x1F, 0xE4, 0x1F, 0xE4, 0x1F, 0xE4, 0x1F, 0xE4, 0x1F,
    0xE4, 0x1F, 0xE4, 0x1F, 0xE4, 0x1F, 0xE4, 0x1F, 0xE4, 0x1F, 0xE4, 0x1F, 0xE4, 0x1F, 0xE4, 0x1F,
    0xE4, 0x1F, 0xE4, 0x1F, 0xE4, 0x1F, 0xE4, 0x1F, 0xE4, 0x1F, 0xE4, 0x1F, 0xE4, 0x1F, 0xE4, 0x1F,
    0xE4, 0x1F, 0xE4, 0x1F, 0xE4, 0x1F, 0xE4, 0x1F, 0xE4, 0x1F, 0xE4, 0x1F, 0xE4, 0x1F, 0xE4, 0x1F,
    0xE4, 0x1F, 0xE4, 0x1F, 0xE4, 0x1F, 0xE4, 0x1F, 0xE4, 0x1F, 0xE4, 0x1F, 0xE4, 0x1F, 0xE4, 0x1F,
    0xE4, 0x1F, 0xE4, 0x1F, 0xE4, 0x1F, 0xE4, 0x1F, 0xE4, 0x1F, 0xE4, 0x1F, 0xE4, 0x1F, 0xE4, 0x1F,
    0xE4, 0x1F, 0xE4, 0x1F, 0xE4, 0x1F, 0xE4, 0x1F, 0xE4, 0x1F, 0xE4, 0x1F, 0xE4, 0x1F, 0xE4, 0x1F,
    0xE4, 0x1F, 0xE4, 0x1F, 0xE4, 0x1F, 0xE4, 0x1F, 0xE4, 0x1F, 0xE4, 0x1F, 0xE4, 0x1F, 0xE4, 0x1F,
    0xE4, 0x1F, 0xE4, 0x1F, 0xE4, 0x1F, 0xE4, 0x1F, 0xE4, 0x1F, 0xE4, 0x1F, 0xE4, 0x1F, 0xE4, 0x1F,
    0xE4, 0x1F, 0xE4, 0x1F, 0xE4, 0x1F, 0xE4, 0x1F, 0xE4, 0x1F, 0xE4, 0x1F, 0xE4, 0x1F, 0xE4, 0x1F,
    0xE4, 0x1F, 0xE4, 0x1F, 0xE4, 0x1F, 0xE4, 0x1F, 0xE4, 0x1F, 0xE4, 0x1F, 0xE4, 0x1F, 0xE4, 0x1F,
    0xE4, 0x1F, 0xE4, 0x1F, 0xE4, 0x1F, 0xE4, 0x1F, 0xE4, 0x1F, 0xE4, 0x1F, 0xE4, 0x1F, 0xE4, 0x1F,
    0xE4, 0x1F, 0xE4, 0x1F, 0xE4, 0x1F, 0xE4, 0x1F, 0xE4, 0x1F, 0xE4, 0x1F, 0xE4, 0x1F, 0xE4, 0x1F,
    0xE4, 0x1F, 0xE5, 0x1F, 0xE5, 0x27, 0xE7, 0x2F, 0xB3, 0x97, 0x7D, 0xEF, 0x9E, 0xF7, 0x9E, 0xF7,
    0x9E, 0xF7, 0x9E, 0xF7, 0x9E, 0xF7, 0x24, 0x21, 0x87, 0xC6, 0x87, 0xC6, 0x87, 0xC6, 0x87, 0xC6,
    0x87, 0xC6, 0x87, 0xC6, 0x87, 0xC6, 0x87, 0xC6, 0x87, 0xC6, 0x87, 0xC6, 0x87, 0xC6, 0x87, 0xC6,
    0x87, 0xC6, 0x87, 0xC6, 0x87, 0xC6, 0x88, 0xC6, 0x88, 0xC6, 0x06, 0x42, 0xE3, 0x18, 0xE3, 0x18,
    0xE3, 0x18, 0xA6, 0x52, 0x87, 0xC6, 0x87, 0xC6, 0x87, 0xC6, 0x87, 0xC6, 0x87, 0xC6, 0x87, 0xC6,
    0x87, 0xC6, 0x87, 0xC6, 0x05, 0x42, 0xE3, 0x18, 0xE3, 0x18, 0xE3, 0x18, 0x84, 0x29, 0x88, 0xC6,
    0x88, 0xC6, 0x87, 0xC6, 0x87, 0xC6, 0x87, 0xC6, 0x87, 0xC6, 0x87, 0xC6, 0x87, 0xC6, 0x87, 0xC6,
    0x87, 0xC6, 0x87, 0xC6, 0x87, 0xC6, 0x24, 0x21, 0x38, 0xC6, 0x38, 0xC6, 0x38, 0xC6, 0x38, 0xC6,
    0x38, 0xC6, 0x59, 0xCE, 0x59, 0xCE, 0xAE, 0x73, 0xAE, 0x73, 0xAE, 0x73, 0xAE, 0x73, 0xAE, 0x73,
    0xAE, 0x73, 0xAE, 0x73, 0xAE, 0x73, 0xAE, 0x73, 0xCF, 0x7B, 0xAE, 0x73, 0xCF, 0x7B, 0xAE, 0x73,
    0xCF, 0x7B, 0xCF, 0x7B, 0xCF, 0x7B, 0xCF, 0x7B, 0xCF, 0x7B, 0xCF, 0x7B, 0xCF, 0x7B, 0xCF, 0x7B,
    0xCF, 0x7B, 0xCF, 0x7B, 0xCF, 0x7B, 0xCF, 0x7B, 0xCF, 0x7B, 0xCF, 0x7B, 0xCF, 0x7B, 0xAF, 0x73,
    0xCF, 0x7B, 0xCF, 0x7B, 0xCF, 0x7B, 0xCF, 0x7B, 0xCF, 0x7B, 0xAE, 0x73, 0xCF, 0x7B, 0xCF, 0x7B,
    0xCF, 0x7B, 0xCF, 0x7B, 0xCF, 0x7B, 0xCF, 0x7B, 0xAE, 0x73, 0xCF, 0x7B, 0xCF, 0x7B, 0xAE, 0x73,
    0xAE, 0x73, 0xCF, 0x7B, 0xAE, 0x73, 0xCF, 0x7B, 0xCF, 0x7B, 0xCF, 0x7B, 0xCF, 0x7B, 0xCF, 0x7B,
    0xCF, 0x7B, 0xCF, 0x7B, 0xCF, 0x7B, 0xAE, 0x73, 0xCF, 0x7B, 0xAE, 0x73, 0xAE, 0x73, 0xAE, 0x73,
    0xCF, 0x7B, 0xCF, 0x7B, 0xCF, 0x7B, 0xCF, 0x7B, 0xAE, 0x73, 0xCF, 0x7B, 0xCF, 0x7B, 0xCF, 0x7B,
    0xAE, 0x73, 0xCF, 0x7B, 0x08, 0x42, 0x08, 0x42, 0x08, 0x42, 0x08, 0x42, 0x08, 0x42, 0x08, 0x42,
    0x08, 0x42, 0x08, 0x42, 0x08, 0x42, 0x30, 0x84, 0x3C, 0xE7, 0xCB, 0x5A, 0x08, 0x42, 0x08, 0x42,
    0x08, 0x42, 0x08, 0x42, 0x08, 0x42, 0x08, 0x42, 0x08, 0x42, 0x08, 0x42, 0x08, 0x42, 0x28, 0x42,
    0xCF, 0x7B, 0xCF, 0x7B, 0xCF, 0x7B, 0x79, 0xCE, 0x59, 0xCE, 0x59, 0xCE, 0x59, 0xCE, 0x59, 0xCE,
    0x59, 0xCE, 0x59, 0xCE, 0xC7, 0x39, 0xFB, 0xDE, 0x1C, 0xE7, 0x3C, 0xE7, 0x5D, 0xEF, 0x7D, 0xEF,
    0xE4, 0x1F, 0xE4, 0x1F, 0xE4, 0x1F, 0xE4, 0x1F, 0xE4, 0x1F, 0xE4, 0x1F, 0xE4, 0x1F, 0xE4, 0x1F,
    0xE4, 0x1F, 0xE4, 0x1F, 0xE4, 0x1F, 0xE4, 0x1F, 0xE4, 0x1F, 0xE4, 0x1F, 0xE4, 0x1F, 0xE4, 0x1F,
    0xE4, 0x1F, 0xE4, 0x1F, 0xE4, 0x1F, 0xE4, 0x1F, 0xE4, 0x1F, 0xE4, 0x1F, 0xE4, 0x1F, 0xE4, 0x1F,
    0xE4, 0x1F, 0xE4, 0x1F, 0xE4, 0x1F, 0xE4, 0x1F, 0xE4, 0x1F, 0xE4, 0x1F, 0xE4, 0x1F, 0xE4, 0x1F,
    0xE4, 0x1F, 0xE4, 0x1F, 0xE4, 0x1F, 0xE4, 0x1F, 0xE4, 0x1F, 0xE4, 0x1F, 0xE4, 0x1F, 0xE4, 0x1F,
    0xE4, 0x1F, 0xE4, 0x1F, 0xE4, 0x1F, 0xE4, 0x1F, 0xE4, 0x1F, 0xE4, 0x1F, 0xE4, 0x1F, 0xE4, 0x1F,
    0xE4, 0x1F, 0xE4, 0x1F, 0xE4, 0x1F, 0xE4, 0x1F, 0xE4, 0x1F, 0xE4, 0x1F, 0xE4, 0x1F, 0xE4, 0x1F,
    0xE4, 0x1F, 0xE4, 0x1F, 0xE4, 0x1F, 0xE4, 0x1F, 0xE4, 0x1F, 0xE4, 0x1F, 0xE4, 0x1F, 0xE4, 0x1F,
    0xE4, 0x1F, 0xE4, 0x1F, 0xE4, 0x1F, 0xE4, 0x1F, 0xE4, 0x1F, 0xE4, 0x1F, 0xE4, 0x1F, 0xE4, 0x1F,
    0xE4, 0x1F, 0xE4, 0x1F, 0xE4, 0x1F, 0xE4, 0x1F, 0xE4, 0x1F, 0xE4, 0x1F, 0xE4, 0x1F, 0xE4, 0x1F,
    0xE4, 0x1F, 0xE4, 0x1F, 0xE4, 0x1F, 0xE4, 0x1F, 0xE4, 0x1F, 0xE4, 0x1F, 0xE4, 0x1F, 0xE4, 0x1F,
    0xE4, 0x1F, 0xE4, 0x1F, 0xE4, 0x1F, 0xE4, 0x1F, 0xE4, 0x1F, 0xE4, 0x1F, 0xE4, 0x1F, 0xE4, 0x1F,
    0xE4, 0x1F, 0xE4, 0x1F, 0xE4, 0x1F, 0xE4, 0x1F, 0xE4, 0x1F, 0xE4, 0x1F, 0xE4, 0x1F, 0xE4, 0x1F,
    0xE4, 0x1F, 0xE4, 0x1F, 0xE4, 0x1F, 0xE4, 0x1F, 0xE4, 0x1F, 0xE4, 0x1F, 0xE4, 0x1F, 0xE4, 0x1F,
    0xE4, 0x1F, 0xE4, 0x1F, 0xE4, 0x1F, 0xE4, 0x1F, 0xE4, 0x1F, 0xE4, 0x1F, 0xE4, 0x1F, 0xE4, 0x1F,
    0xE4, 0x1F, 0xE4, 0x1F, 0xE4, 0x1F, 0xE4, 0x1F, 0xE4, 0x1F, 0xE4, 0x1F, 0xE4, 0x1F, 0xE4, 0x1F,
    0xE4, 0x1F, 0xE4, 0x1F, 0xE4, 0x1F, 0xE4, 0x1F, 0xE4, 0x1F, 0xE4, 0x1F, 0xE4, 0x1F, 0xE4, 0x1F,
    0xE4, 0x1F, 0xE4, 0x1F, 0xE4, 0x1F, 0xE4, 0x1F, 0xE4, 0x1F, 0xE4, 0x1F, 0xE4, 0x1F, 0xE4, 0x1F,
    0xE4, 0x1F, 0xE5, 0x1F, 0xE5, 0x27, 0xE7, 0x2F, 0xB3, 0x97, 0x7D, 0xEF, 0x7D, 0xEF, 0x9E, 0xF7,
    0x7D, 0xEF, 0x9E, 0xF7, 0x9E, 0xF7, 0x24, 0x21, 0x87, 0xC6, 0x87, 0xC6, 0x87, 0xC6, 0x87, 0xC6,
    0x87, 0xC6, 0x87, 0xC6, 0x87, 0xC6, 0x87, 0xC6, 0x87, 0xC6, 0x87, 0xC6, 0x87, 0xC6, 0x87, 0xC6,
    0x87, 0xC6, 0x87, 0xC6, 0x87, 0xC6, 0x88, 0xC6, 0x88, 0xC6, 0x24, 0x21, 0xE3, 0x18, 0xE3, 0x18,
    0xE3, 0x18, 0x89, 0x8C, 0x87, 0xC6, 0x87, 0xC6, 0x87, 0xC6, 0x87, 0xC6, 0x87, 0xC6, 0x87, 0xC6,
    0x87, 0xC6, 0x87, 0xC6, 0x89, 0x8C, 0xE3, 0x18, 0xE3, 0x18, 0xE3, 0x18, 0xE3, 0x18, 0x08, 0xBE,
    0x88, 0xC6, 0x87, 0xC6, 0x87, 0xC6, 0x87, 0xC6, 0x87, 0xC6, 0x87, 0xC6, 0x87, 0xC6, 0x87, 0xC6,
    0x87, 0xC6, 0x87, 0xC6, 0x87, 0xC6, 0x24, 0x21, 0x38, 0xC6, 0x38, 0xC6, 0x38, 0xC6, 0x38, 0xC6,
    0x38, 0xC6, 0x59, 0xCE, 0x79, 0xCE, 0xAE, 0x73, 0xAE, 0x73, 0xAE, 0x73, 0xAE, 0x73, 0xAE, 0x73,
    0xAE, 0x73, 0xAE, 0x73, 0xAE, 0x73, 0xCF, 0x7B, 0xAE, 0x73, 0xAE, 0x73, 0xAE, 0x73, 0xCF, 0x7B,
    0xAE, 0x73, 0xAE, 0x73, 0xCF, 0x7B, 0xCF, 0x7B, 0xCF, 0x7B, 0xAE, 0x73, 0xCF, 0x7B, 0xAE, 0x73,
    0xAE, 0x73, 0xCF, 0x7B, 0xCF, 0x7B, 0xCF, 0x7B, 0xCF, 0x7B, 0xCF, 0x7B, 0xCF, 0x7B, 0xCF, 0x7B,
    0xAE, 0x73, 0xAE, 0x73, 0xCF, 0x7B, 0xCF, 0x7B, 0xCF, 0x7B, 0xCF, 0x7B, 0xAE, 0x73, 0xAE, 0x73,
    0xCF, 0x7B, 0xCF, 0x7B, 0xCF, 0x7B, 0xAE, 0x73, 0xAE, 0x73, 0xAE, 0x73, 0xAE, 0x73, 0xAE, 0x73,
    0xCF, 0x7B, 0xAE, 0x73, 0xCF, 0x7B, 0xCF, 0x7B, 0xCF, 0x7B, 0xAE, 0x73, 0xCF, 0x7B, 0xCF, 0x7B,
    0xAE, 0x73, 0xCF, 0x7B, 0xAE, 0x73, 0xAE, 0x73, 0xAE, 0x73, 0xAE, 0x73, 0xAE, 0x73, 0xCF, 0x7B,
    0xCF, 0x7B, 0xCF, 0x7B, 0xCF, 0x7B, 0xCF, 0x7B, 0xCF, 0x7B, 0xCF, 0x7B, 0xAE, 0x73, 0xAE, 0x73,
    0xAE, 0x73, 0xAE, 0x73, 0x08, 0x42, 0x08, 0x42, 0x08, 0x42, 0x08, 0x42, 0x08, 0x42, 0x08, 0x42,
    0x08, 0x42, 0x08, 0x42, 0x30, 0x84, 0x3C, 0xE7, 0xCB, 0x5A, 0x08, 0x42, 0x08, 0x42, 0x08, 0x42,
    0x08, 0x42, 0x69, 0x4A, 0x69, 0x4A, 0x08, 0x42, 0x08, 0x42, 0x08, 0x42, 0x08, 0x42, 0x28, 0x42,
    0xCF, 0x7B, 0xCF, 0x7B, 0xCF, 0x7B, 0x79, 0xCE, 0x59, 0xCE, 0x59, 0xCE, 0x59, 0xCE, 0x59, 0xCE,
    0x59, 0xCE, 0x59, 0xCE, 0xC7, 0x39, 0xFB, 0xDE, 0x1C, 0xE7, 0x3C, 0xE7, 0x5D, 0xEF, 0x7D, 0xEF,
    0xE4, 0x1F, 0xE4, 0x1F, 0xE4, 0x1F, 0xE4, 0x1F, 0xE4, 0x1F, 0xE4, 0x1F, 0xE4, 0x1F, 0xE4, 0x1F,
    0xE4, 0x1F, 0xE4, 0x1F, 0xE4, 0x1F, 0xE4, 0x1F, 0xE4, 0x1F, 0xE4, 0x1F, 0xE4, 0x1F, 0xE4, 0x1F,
    0xE4, 0x1F, 0xE4, 0x1F, 0xE4, 0x1F, 0xE4, 0x1F, 0xE4, 0x1F, 0xE4, 0x1F, 0xE4, 0x1F, 0xE4, 0x1F,
    0xE4, 0x1F, 0xE4, 0x1F, 0xE4, 0x1F, 0xE4, 0x1F, 0xE4, 0x1F, 0xE4, 0x1F, 0xE4, 0x1F, 0xE4, 0x1F,
    0xE4, 0x1F, 0xE4, 0x1F, 0xE4, 0x1F, 0xE4, 0x1F, 0xE4, 0x1F, 0xE4, 0x1F, 0xE4, 0x1F, 0xE4, 0x1F,
    0xE4, 0x1F, 0xE4, 0x1F, 0xE4, 0x1F, 0xE4, 0x1F, 0xE4, 0x1F, 0xE4, 0x1F, 0xE4, 0x1F, 0xE4, 0x1F,
    0xE4, 0x1F, 0xE4, 0x1F, 0xE4, 0x1F, 0xE4, 0x1F, 0xE4, 0x1F, 0xE4, 0x1F, 0xE4, 0x1F, 0xE4, 0x1F,
    0xE4, 0x1F, 0xE4, 0x1F, 0xE4, 0x1F, 0xE4, 0x1F, 0xE4, 0x1F, 0xE4, 0x1F, 0xE4, 0x1F, 0xE4, 0x1F,
    0xE4, 0x1F, 0xE4, 0x1F, 0xE4, 0x1F, 0xE4, 0x1F, 0xE4, 0x1F, 0xE4, 0x1F, 0xE4, 0x1F, 0xE4, 0x1F,
    0xE4, 0x1F, 0xE4, 0x1F, 0xE4, 0x1F, 0xE4, 0x1F, 0xE4, 0x1F, 0xE4, 0x1F, 0xE4, 0x1F, 0xE4, 0x1F,
    0xE4, 0x1F, 0xE4, 0x1F, 0xE4, 0x1F, 0xE4, 0x1F, 0xE4, 0x1F, 0xE4, 0x1F, 0xE4, 0x1F, 0xE4, 0x1F,
    0xE4, 0x1F, 0xE4, 0x1F, 0xE4, 0x1F, 0xE4, 0x1F, 0xE4, 0x1F, 0xE4, 0x1F, 0xE4, 0x1F, 0xE4, 0x1F,
    0xE4, 0x1F, 0xE4, 0x1F, 0xE4, 0x1F, 0xE4, 0x1F, 0xE4, 0x1F, 0xE4, 0x1F, 0xE4, 0x1F, 0xE4, 0x1F,
    0xE4, 0x1F, 0xE4, 0x1F, 0xE4, 0x1F, 0xE4, 0x1F, 0xE4, 0x1F, 0xE4, 0x1F, 0xE4, 0x1F, 0xE4, 0x1F,
    0xE4, 0x1F, 0xE4, 0x1F, 0xE4, 0x1F, 0xE4, 0x1F, 0xE4, 0x1F, 0xE4, 0x1F, 0xE4, 0x1F, 0xE4, 0x1F,
    0xE4, 0x1F, 0xE4, 0x1F, 0xE4, 0x1F, 0xE4, 0x1F, 0xE4, 0x1F, 0xE4, 0x1F, 0xE4, 0x1F, 0xE4, 0x1F,
    0xE4, 0x1F, 0xE4, 0x1F, 0xE4, 0x1F, 0xE4, 0x1F, 0xE4, 0x1F, 0xE4, 0x1F, 0xE4, 0x1F, 0xE4, 0x1F,
    0xE4, 0x1F, 0xE4, 0x1F, 0xE4, 0x1F, 0xE4, 0x1F, 0xE4, 0x1F, 0xE4, 0x1F, 0xE4, 0x1F, 0xE4, 0x1F,
    0xE4, 0x1F, 0xE5, 0x1F, 0xE5, 0x27, 0xE7, 0x2F, 0xB2, 0x97, 0x7D, 0xEF, 0x7D, 0xEF, 0x7D, 0xEF,
    0x9E, 0xF7, 0x9E, 0xF7, 0x9E, 0xF7, 0x24, 0x21, 0x87, 0xC6, 0x87, 0xC6, 0x87, 0xC6, 0x87, 0xC6,
    0x87, 0xC6, 0x87, 0xC6, 0x87, 0xC6, 0x87, 0xC6, 0x87, 0xC6, 0x87, 0xC6, 0x87, 0xC6, 0x87, 0xC6,
    0x87, 0xC6, 0x87, 0xC6, 0x88, 0xC6, 0x88, 0xC6, 0x88, 0xC6, 0xE3, 0x18, 0xE3, 0x18, 0xE3, 0x18,
    0xE3, 0x18, 0x87, 0xC6, 0x87, 0xC6, 0x87, 0xC6, 0x87, 0xC6, 0x87, 0xC6, 0x87, 0xC6, 0x87, 0xC6,
    0x87, 0xC6, 0x87, 0xC6, 0x08, 0xB6, 0xE3, 0x18, 0xE3, 0x18, 0xE3, 0x18, 0xE3, 0x18, 0x88, 0xAD,
    0x88, 0xC6, 0x87, 0xC6, 0x87, 0xC6, 0x87, 0xC6, 0x87, 0xC6, 0x87, 0xC6, 0x87, 0xC6, 0x87, 0xC6,
    0x87, 0xC6, 0x87, 0xC6, 0x87, 0xC6, 0x24, 0x21, 0x38, 0xC6, 0x38, 0xC6, 0x38, 0xC6, 0x38, 0xC6,
    0x59, 0xCE, 0x59, 0xCE, 0x59, 0xCE, 0xAE, 0x73, 0xAE, 0x73, 0xAE, 0x73, 0xAE, 0x73, 0xAE, 0x73,
    0xAE, 0x73, 0xAE, 0x73, 0xAE, 0x73, 0xAE, 0x73, 0xCF, 0x7B, 0xCF, 0x7B, 0xCF, 0x7B, 0xCF, 0x7B,
    0xCF, 0x7B, 0xCF, 0x7B, 0xCF, 0x7B, 0xCF, 0x7B, 0xCF, 0x7B, 0xAE, 0x73, 0xCF, 0x7B, 0xCF, 0x7B,
    0xAE, 0x73, 0xAE, 0x73, 0xCF, 0x7B, 0xCF, 0x7B, 0xCF, 0x7B, 0xAE, 0x73, 0xAE, 0x73, 0xAE, 0x73,
    0xCF, 0x7B, 0xAE, 0x73, 0xCF, 0x7B, 0xCF, 0x7B, 0xAE, 0x73, 0xCF, 0x7B, 0xCF, 0x7B, 0xCF, 0x7B,
    0xAE, 0x73, 0xAE, 0x73, 0xCF, 0x7B, 0xAE, 0x73, 0xAE, 0x73, 0xCF, 0x7B, 0xCF, 0x7B, 0xCF, 0x7B,
    0xCF, 0x7B, 0xAE, 0x73, 0xCF, 0x7B, 0xCF, 0x7B, 0xCF, 0x7B, 0xCF, 0x7B, 0xCF, 0x7B, 0xCF, 0x7B,
    0xCF, 0x7B, 0xCF, 0x7B, 0xAE, 0x73, 0xAE, 0x73, 0xCF, 0x7B, 0xCF, 0x7B, 0xCF, 0x7B, 0xCF, 0x7B,
    0xCF, 0x7B, 0xCF, 0x7B, 0xCF, 0x7B, 0xCF, 0x7B, 0xCF, 0x7B, 0xAE, 0x73, 0xCF, 0x7B, 0xCF, 0x7B,
    0xCF, 0x7B, 0xAE, 0x73, 0x08, 0x42, 0x08, 0x42, 0x08, 0x42, 0x08, 0x42, 0x08, 0x42, 0x08, 0x42,
    0x08, 0x42, 0xF3, 0x9C, 0xDB, 0xDE, 0xCB, 0x5A, 0x55, 0xAD, 0x79, 0xCE, 0x79, 0xCE, 0x79, 0xCE,
    0x14, 0xA5, 0xD7, 0xBD, 0xD7, 0xBD, 0x08, 0x42, 0x08, 0x42, 0x08, 0x42, 0x08, 0x42, 0x28, 0x42,
    0xCF, 0x7B, 0xCF, 0x7B, 0xCF, 0x7B, 0x79, 0xCE, 0x59, 0xCE, 0x59, 0xCE, 0x59, 0xCE, 0x59, 0xCE,
    0x59, 0xCE, 0x59, 0xCE, 0xC7, 0x39, 0xFB, 0xDE, 0x1C, 0xE7, 0x3C, 0xE7, 0x5D, 0xEF, 0x7D, 0xEF,
    0xE4, 0x1F, 0xE4, 0x1F, 0xE4, 0x1F, 0xE4, 0x1F, 0xE4, 0x1F, 0xE4, 0x1F, 0xE4, 0x1F, 0xE4, 0x1F,
    0xE4, 0x1F, 0xE4, 0x1F, 0xE4, 0x1F, 0xE4, 0x1F, 0xE4, 0x1F, 0xE4, 0x1F, 0xE4, 0x1F, 0xE4, 0x1F,
    0xE4, 0x1F, 0xE4, 0x1F, 0xE4, 0x1F, 0xE4, 0x1F, 0xE4, 0x1F, 0xE4, 0x1F, 0xE4, 0x1F, 0xE4, 0x1F,
    0xE4, 0x1F, 0xE4, 0x1F, 0xE4, 0x1F, 0xE4, 0x1F, 0xE4, 0x1F, 0xE4, 0x1F, 0xE4, 0x1F, 0xE4, 0x1F,
    0xE4, 0x1F, 0xE4, 0x1F, 0xE4, 0x1F, 0xE4, 0x1F, 0xE4, 0x1F, 0xE4, 0x1F, 0xE4, 0x1F, 0xE4, 0x1F,
    0xE4, 0x1F, 0xE4, 0x1F, 0xE4, 0x1F, 0xE4, 0x1F, 0xE4, 0x1F, 0xE4, 0x1F, 0xE4, 0x1F, 0xE4, 0x1F,
    0xE4, 0x1F, 0xE4, 0x1F, 0xE4, 0x1F, 0xE4, 0x1F, 0xE4, 0x1F, 0xE4, 0x1F, 0xE4, 0x1F, 0xE4, 0x1F,
    0xE4, 0x1F, 0xE4, 0x1F, 0xE4, 0x1F, 0xE4, 0x1F, 0xE4, 0x1F, 0xE4, 0x1F, 0xE4, 0x1F, 0xE4, 0x1F,
    0xE4, 0x1F, 0xE4, 0x1F, 0xE4, 0x1F, 0xE4, 0x1F, 0xE4, 0x1F, 0xE4, 0x1F, 0xE4, 0x1F, 0xE4, 0x1F,
    0xE4, 0x1F, 0xE4, 0x1F, 0xE4, 0x1F, 0xE4, 0x1F, 0xE4, 0x1F, 0xE4, 0x1F, 0xE4, 0x1F, 0xE4, 0x1F,
    0xE4, 0x1F, 0xE4, 0x1F, 0xE4, 0x1F, 0xE4, 0x1F, 0xE4, 0x1F, 0xE4, 0x1F, 0xE4, 0x1F, 0xE4, 0x1F,
    0xE4, 0x1F, 0xE4, 0x1F, 0xE4, 0x1F, 0xE4, 0x1F, 0xE4, 0x1F, 0xE4, 0x1F, 0xE4, 0x1F, 0xE4, 0x1F,
    0xE4, 0x1F, 0xE4, 0x1F, 0xE4, 0x1F, 0xE4, 0x1F, 0xE4, 0x1F, 0xE4, 0x1F, 0xE4, 0x1F, 0xE4, 0x1F,
    0xE4, 0x1F, 0xE4, 0x1F, 0xE4, 0x1F, 0xE4, 0x1F, 0xE4, 0x1F, 0xE4, 0x1F, 0xE4, 0x1F, 0xE4, 0x1F,
    0xE4, 0x1F, 0xE4, 0x1F, 0xE4, 0x1F, 0xE4, 0x1F, 0xE4, 0x1F, 0xE4, 0x1F, 0xE4, 0x1F, 0xE4, 0x1F,
    0xE4, 0x1F, 0xE4, 0x1F, 0xE4, 0x1F, 0xE4, 0x1F, 0xE4, 0x1F, 0xE4, 0x1F, 0xE4, 0x1F, 0xE4, 0x1F,
    0xE4, 0x1F, 0xE4, 0x1F, 0xE4, 0x1F, 0xE4, 0x1F, 0xE4, 0x1F, 0xE4, 0x1F, 0xE4, 0x1F, 0xE4, 0x1F,
    0xE4, 0x1F, 0xE4, 0x1F, 0xE4, 0x1F, 0xE4, 0x1F, 0xE4, 0x1F, 0xE4, 0x1F, 0xE4, 0x1F, 0xE4, 0x1F,
    0xE4, 0x1F, 0xE5, 0x1F, 0xE5, 0x27, 0xE7, 0x2F, 0xB2, 0x97, 0x7D, 0xEF, 0x7D, 0xEF, 0x7D, 0xEF,
    0x9E, 0xF7, 0x9E, 0xF7, 0x9E, 0xF7, 0x24, 0x21, 0x87, 0xC6, 0x87, 0xC6, 0x87, 0xC6, 0x87, 0xC6,
    0x87, 0xC6, 0x87, 0xC6, 0x87, 0xC6, 0x87, 0xC6, 0x87, 0xC6, 0x87, 0xC6, 0x87, 0xC6, 0x87, 0xC6,
    0x87, 0xC6, 0x87, 0xC6, 0x88, 0xC6, 0x88, 0xC6, 0x88, 0xC6, 0xE3, 0x18, 0xE3, 0x18, 0xE3, 0x18,
    0xE3, 0x18, 0x08, 0xBE, 0x87, 0xC6, 0x87, 0xC6, 0x87, 0xC6, 0x87, 0xC6, 0x87, 0xC6, 0x87, 0xC6,
    0x87, 0xC6, 0x87, 0xC6, 0x87, 0xC6, 0xE3, 0x18, 0xE3, 0x18, 0xE3, 0x18, 0xE3, 0x18, 0xA8, 0xAD,
    0x88, 0xC6, 0x88, 0xC6, 0x87, 0xC6, 0x87, 0xC6, 0x87, 0xC6, 0x87, 0xC6, 0x87, 0xC6, 0x87, 0xC6,
    0x87, 0xC6, 0x87, 0xC6, 0x87, 0xC6, 0x24, 0x21, 0x38, 0xC6, 0x38, 0xC6, 0x38, 0xC6, 0x38, 0xC6,
    0x38, 0xC6, 0x59, 0xCE, 0x79, 0xCE, 0xAE, 0x73, 0xAE, 0x73, 0xAE, 0x73, 0xAE, 0x73, 0xAE, 0x73,
    0xAE, 0x73, 0xAE, 0x73, 0xAE, 0x73, 0xAE, 0x73, 0xAE, 0x73, 0xAE, 0x73, 0xCF, 0x7B, 0xCF, 0x7B,
    0xAE, 0x73, 0xAE, 0x73, 0xAE, 0x73, 0xAE, 0x73, 0xAE, 0x73, 0xAE, 0x73, 0xAE, 0x73, 0xCF, 0x7B,
    0xCF, 0x7B, 0xCF, 0x7B, 0xCF, 0x7B, 0xAE, 0x73, 0xCF, 0x7B, 0xCF, 0x7B, 0xCF, 0x7B, 0xCF, 0x7B,
    0xAE, 0x73, 0xCF, 0x7B, 0xAE, 0x73, 0xCF, 0x7B, 0xCF, 0x7B, 0xAE, 0x73, 0xCF, 0x7B, 0xAE, 0x73,
    0xCF, 0x7B, 0xCF, 0x7B, 0xCF, 0x7B, 0xCF, 0x7B, 0xCF, 0x7B, 0xAE, 0x73, 0xAE, 0x73, 0xCF, 0x7B,
    0xCF, 0x7B, 0xAE, 0x73, 0xCF, 0x7B, 0xCF, 0x7B, 0xCF, 0x7B, 0xCF, 0x7B, 0xCF, 0x7B, 0xAE, 0x73,
    0xCF, 0x7B, 0xCF, 0x7B, 0xCF, 0x7B, 0xCF, 0x7B, 0xCF, 0x7B, 0xAE, 0x73, 0xAE, 0x73, 0xCF, 0x7B,
    0xCF, 0x7B, 0xAE, 0x73, 0xCF, 0x7B, 0xAE, 0x73, 0xCF, 0x7B, 0xCF, 0x7B, 0xCF, 0x7B, 0xCF, 0x7B,
    0xCF, 0x7B, 0xAE, 0x73, 0x08, 0x42, 0x08, 0x42, 0x08, 0x42, 0x08, 0x42, 0x08, 0x42, 0x08, 0x42,
    0xF3, 0x9C, 0xDB, 0xDE, 0x69, 0x4A, 0x08, 0x42, 0x8E, 0x73, 0x75, 0xAD, 0xFF, 0xFF, 0x51, 0x8C,
    0x8E, 0x73, 0xD7, 0xBD, 0x75, 0xAD, 0x51, 0x8C, 0xEF, 0x7B, 0x08, 0x42, 0x08, 0x42, 0x28, 0x42,
    0xCF, 0x7B, 0xCF, 0x7B, 0xCF, 0x7B, 0x79, 0xCE, 0x59, 0xCE, 0x59, 0xCE, 0x59, 0xCE, 0x59, 0xCE,
    0x59, 0xCE, 0x59, 0xCE, 0xC7, 0x39, 0x1C, 0xDF, 0x1C, 0xE7, 0x3C, 0xE7, 0x5D, 0xEF, 0x7D, 0xEF,
    0xE4, 0x1F, 0xE4, 0x1F, 0xE4, 0x1F, 0xE4, 0x1F, 0xE4, 0x1F, 0xE4, 0x1F, 0xE4, 0x1F, 0xE4, 0x1F,
    0xE4, 0x1F, 0xE4, 0x1F, 0xE4, 0x1F, 0xE4, 0x1F, 0xE4, 0x1F, 0xE4, 0x1F, 0xE4, 0x1F, 0xE4, 0x1F,
    0xE4, 0x1F, 0xE4, 0x1F, 0xE4, 0x1F, 0xE4, 0x1F, 0xE4, 0x1F, 0xE4, 0x1F, 0xE4, 0x1F, 0xE4, 0x1F,
    0xE4, 0x1F, 0xE4, 0x1F, 0xE4, 0x1F, 0xE4, 0x1F, 0xE4, 0x1F, 0xE4, 0x1F, 0xE4, 0x1F, 0xE4, 0x1F,
    0xE4, 0x1F, 0xE4, 0x1F, 0xE4, 0x1F, 0xE4, 0x1F, 0xE4, 0x1F, 0xE4, 0x1F, 0xE4, 0x1F, 0xE4, 0x1F,
    0xE4, 0x1F, 0xE4, 0x1F, 0xE4, 0x1F, 0xE4, 0x1F, 0xE4, 0x1F, 0xE4, 0x1F, 0xE4, 0x1F, 0xE4, 0x1F,
    0xE4, 0x1F, 0xE4, 0x1F, 0xE4, 0x1F, 0xE4, 0x1F, 0xE4, 0x1F, 0xE4, 0x1F, 0xE4, 0x1F, 0xE4, 0x1F,
    0xE4, 0x1F, 0xE4, 0x1F, 0xE4, 0x1F, 0xE4, 0x1F, 0xE4, 0x1F, 0xE4, 0x1F, 0xE4, 0x1F, 0xE4, 0x1F,
    0xE4, 0x1F, 0xE4, 0x1F, 0xE4, 0x1F, 0xE4, 0x1F, 0xE4, 0x1F, 0xE4, 0x1F, 0xE4, 0x1F, 0xE4, 0x1F,
    0xE4, 0x1F, 0xE4, 0x1F, 0xE4, 0x1F, 0xE4, 0x1F, 0xE4, 0x1F, 0xE4, 0x1F, 0xE4, 0x1F, 0xE4, 0x1F,
    0xE4, 0x1F, 0xE4, 0x1F, 0xE4, 0x1F, 0xE4, 0x1F, 0xE4, 0x1F, 0xE4, 0x1F, 0xE4, 0x1F, 0xE4, 0x1F,
    0xE4, 0x1F, 0xE4, 0x1F, 0xE4, 0x1F, 0xE4, 0x1F, 0xE4, 0x1F, 0xE4, 0x1F, 0xE4, 0x1F, 0xE4, 0x1F,
    0xE4, 0x1F, 0xE4, 0x1F, 0xE4, 0x1F, 0xE4, 0x1F, 0xE4, 0x1F, 0xE4, 0x1F, 0xE4, 0x1F, 0xE4, 0x1F,
    0xE4, 0x1F, 0xE4, 0x1F, 0xE4, 0x1F, 0xE4, 0x1F, 0xE4, 0x1F, 0xE4, 0x1F, 0xE4, 0x1F, 0xE4, 0x1F,
    0xE4, 0x1F, 0xE4, 0x1F, 0xE4, 0x1F, 0xE4, 0x1F, 0xE6, 0x27, 0xF0, 0x7F, 0xF5, 0xAF, 0xF7, 0xB7,
    0xF4, 0x9F, 0xEA, 0x47, 0xE4, 0x1F, 0xEA, 0x47, 0xF5, 0xAF, 0xEE, 0x6F, 0xE4, 0x1F, 0xE4, 0x1F,
    0xE4, 0x1F, 0xF5, 0xAF, 0xF0, 0x7F, 0xE4, 0x1F, 0xE4, 0x1F, 0xE4, 0x1F, 0xE4, 0x1F, 0xF5, 0xAF,
    0xF0, 0x7F, 0xE4, 0x1F, 0xE4, 0x1F, 0xE4, 0x1F, 0xE4, 0x1F, 0xE4, 0x1F, 0xE4, 0x1F, 0xE4, 0x1F,
    0xE4, 0x1F, 0xE5, 0x1F, 0xE5, 0x27, 0xE7, 0x2F, 0xB2, 0x97, 0x7D, 0xEF, 0x7D, 0xEF, 0x7D, 0xEF,
    0x7D, 0xEF, 0x9E, 0xF7, 0x9E, 0xF7, 0x24, 0x21, 0x87, 0xC6, 0x87, 0xC6, 0x87, 0xC6, 0x87, 0xC6,
    0x87, 0xC6, 0x87, 0xC6, 0x87, 0xC6, 0x87, 0xC6, 0x87, 0xC6, 0x87, 0xC6, 0x87, 0xC6, 0x87, 0xC6,
    0x87, 0xC6, 0x87, 0xC6, 0x88, 0xC6, 0x88, 0xC6, 0x88, 0xC6, 0x84, 0x31, 0xE3, 0x18, 0xE3, 0x18,
    0xE3, 0x18, 0x89, 0x8C, 0x87, 0xC6, 0x87, 0xC6, 0x87, 0xC6, 0x87, 0xC6, 0x87, 0xC6, 0x87, 0xC6,
    0x87, 0xC6, 0x87, 0xC6, 0x89, 0x8C, 0xE3, 0x18, 0xE3, 0x18, 0xE3, 0x18, 0x24, 0x21, 0x89, 0xCE,
    0x88, 0xC6, 0x88, 0xC6, 0x87, 0xC6, 0x87, 0xC6, 0x87, 0xC6, 0x87, 0xC6, 0x87, 0xC6, 0x87, 0xC6,
    0x87, 0xC6, 0x87, 0xC6, 0x87, 0xC6, 0x24, 0x21, 0x38, 0xC6, 0x38, 0xC6, 0x38, 0xC6, 0x38, 0xC6,
    0x59, 0xCE, 0x59, 0xCE, 0x79, 0xCE, 0xAE, 0x73, 0xAE, 0x73, 0xAE, 0x73, 0xAE, 0x73, 0xAE, 0x73,
    0xAE, 0x73, 0xAE, 0x73, 0xAE, 0x73, 0xAE, 0x73, 0xAE, 0x73, 0xAE, 0x73, 0xCF, 0x7B, 0xCF, 0x7B,
    0xCF, 0x7B, 0xCF, 0x7B, 0xCF, 0x7B, 0xCF, 0x7B, 0xAE, 0x73, 0xCF, 0x7B, 0xCF, 0x7B, 0xAE, 0x73,
    0xCF, 0x7B, 0xAE, 0x73, 0xCF, 0x7B, 0xAE, 0x73, 0xAE, 0x73, 0xCF, 0x7B, 0xAE, 0x73, 0xCF, 0x7B,
    0xAE, 0x73, 0xCF, 0x7B, 0xAE, 0x73, 0xCF, 0x7B, 0xCF, 0x7B, 0xAE, 0x73, 0xCF, 0x7B, 0xCF, 0x7B,
    0xAE, 0x73, 0xCF, 0x7B, 0xCF, 0x7B, 0xAE, 0x73, 0xCF, 0x7B, 0xCF, 0x7B, 0xCF, 0x7B, 0xCF, 0x7B,
    0xAE, 0x73, 0xCF, 0x7B, 0xAE, 0x73, 0xCF, 0x7B, 0xCF, 0x7B, 0xCF, 0x7B, 0xAE, 0x73, 0xCF, 0x7B,
    0xCF, 0x7B, 0xCF, 0x7B, 0xAF, 0x73, 0xCF, 0x7B, 0xCF, 0x7B, 0xCF, 0x7B, 0xCF, 0x7B, 0xCF, 0x7B,
    0xAE, 0x73, 0xCF, 0x7B, 0xCF, 0x7B, 0xCF, 0x7B, 0xCF, 0x7B, 0xCF, 0x7B, 0xCF, 0x7B, 0xCF, 0x7B,
    0xAE, 0x73, 0xCF, 0x7B, 0x08, 0x42, 0x08, 0x42, 0x08, 0x42, 0x08, 0x42, 0x08, 0x42, 0xF3, 0x9C,
    0xDB, 0xDE, 0x69, 0x4A, 0x08, 0x42, 0x08, 0x42, 0x08, 0x42, 0x8E, 0x73, 0xFF, 0xFF, 0x08, 0x42,
    0x08, 0x42, 0xD7, 0xBD, 0x3C, 0xE7, 0x75, 0xAD, 0x9E, 0xF7, 0xEF, 0x7B, 0x08, 0x42, 0x28, 0x42,
    0xAE, 0x73, 0xCF, 0x7B, 0xCF, 0x7B, 0x79, 0xCE, 0x59, 0xCE, 0x59, 0xCE, 0x59, 0xCE, 0x59, 0xCE,
    0x59, 0xCE, 0x59, 0xCE, 0xC7, 0x39, 0x1C, 0xDF, 0x1C, 0xE7, 0x3C, 0xE7, 0x5D, 0xEF, 0x7D, 0xEF,
    0xE4, 0x1F, 0xE4, 0x1F, 0xE4, 0x1F, 0xE4, 0x1F, 0xE4, 0x1F, 0xE4, 0x1F, 0xE4, 0x1F, 0xE4, 0x1F,
    0xE4, 0x1F, 0xE4, 0x1F, 0xE4, 0x1F, 0xE4, 0x1F, 0xE4, 0x1F, 0xE4, 0x1F, 0xE4, 0x1F, 0xE4, 0x1F,
    0xE4, 0x1F, 0xE4, 0x1F, 0xE4, 0x1F, 0xE4, 0x1F, 0xE4, 0x1F, 0xE4, 0x1F, 0xE4, 0x1F, 0xE4, 0x1F,
    0xE4, 0x1F, 0xE4, 0x1F, 0xE4, 0x1F, 0xE4, 0x1F, 0xE4, 0x1F, 0xE4, 0x1F, 0xE4, 0x1F, 0xE4, 0x1F,
    0xE4, 0x1F, 0xE4, 0x1F, 0xE4, 0x1F, 0xE4, 0x1F, 0xE4, 0x1F, 0xE4, 0x1F, 0xE4, 0x1F, 0xE4, 0x1F,
    0xE4, 0x1F, 0xE4, 0x1F, 0xE4, 0x1F, 0xE4, 0x1F, 0xE4, 0x1F, 0xE4, 0x1F, 0xE4, 0x1F, 0xE4, 0x1F,
    0xE4, 0x1F, 0xE4, 0x1F, 0xE4, 0x1F, 0xE4, 0x1F, 0xE4, 0x1F, 0xE4, 0x1F, 0xE4, 0x1F, 0xE4, 0x1F,
    0xE4, 0x1F, 0xE4, 0x1F, 0xE4, 0x1F, 0xE4, 0x1F, 0xE4, 0x1F, 0xE4, 0x1F, 0xE4, 0x1F, 0xE4, 0x1F,
    0xE4, 0x1F, 0xE4, 0x1F, 0xE4, 0x1F, 0xE4, 0x1F, 0xE4, 0x1F, 0xE4, 0x1F, 0xE4, 0x1F, 0xE4, 0x1F,
    0xE4, 0x1F, 0xE4, 0x1F, 0xE4, 0x1F, 0xE4, 0x1F, 0xE4, 0x1F, 0xE4, 0x1F, 0xE4, 0x1F, 0xE4, 0x1F,
    0xE4, 0x1F, 0xE4, 0x1F, 0xE4, 0x1F, 0xE4, 0x1F, 0xE4, 0x1F, 0xE4, 0x1F, 0xE4, 0x1F, 0xE4, 0x1F,
    0xE4, 0x1F, 0xE4, 0x1F, 0xE4, 0x1F, 0xE4, 0x1F, 0xE4, 0x1F, 0xE4, 0x1F, 0xE4, 0x1F, 0xE4, 0x1F,
    0xE4, 0x1F, 0xE4, 0x1F, 0xE4, 0x1F, 0xE4, 0x1F, 0xE4, 0x1F, 0xE4, 0x1F, 0xE4, 0x1F, 0xE4, 0x1F,
    0xE4, 0x1F, 0xE4, 0x1F, 0xE4, 0x1F, 0xE4, 0x1F, 0xE4, 0x1F, 0xE4, 0x1F, 0xE4, 0x1F, 0xE4, 0x1F,
    0xE4, 0x1F, 0xE4, 0x1F, 0xE4, 0x1F, 0xE8, 0x37, 0xFE, 0xF7, 0xFF, 0xFF, 0xFE, 0xF7, 0xFC, 0xE7,
    0xFF, 0xFF, 0xEE, 0x6F, 0xE4, 0x1F, 0xEB, 0x57, 0xFF, 0xFF, 0xF5, 0xAF, 0xE4, 0x1F, 0xE4, 0x1F,
    0xE4, 0x1F, 0xFF, 0xFF, 0xF9, 0xC7, 0xE4, 0x1F, 0xE4, 0x1F, 0xE4, 0x1F, 0xEB, 0x57, 0xFF, 0xFF,
    0xEE, 0x6F, 0xE4, 0x1F, 0xE4, 0x1F, 0xE4, 0x1F, 0xE4, 0x1F, 0xE4, 0x1F, 0xE4, 0x1F, 0xE4, 0x1F,
    0xE4, 0x1F, 0xE5, 0x1F, 0xE5, 0x27, 0xE7, 0x2F, 0xB3, 0x97, 0x7D, 0xEF, 0x7D, 0xEF, 0x7D, 0xEF,
    0x7D, 0xEF, 0x9E, 0xF7, 0x9E, 0xF7, 0x24, 0x21, 0x87, 0xC6, 0x87, 0xC6, 0x87, 0xC6, 0x87, 0xC6,
    0x87, 0xC6, 0x87, 0xC6, 0x87, 0xC6, 0x87, 0xC6, 0x87, 0xC6, 0x87, 0xC6, 0x87, 0xC6, 0x87, 0xC6,
    0x87, 0xC6, 0x87, 0xC6, 0x88, 0xC6, 0x88, 0xC6, 0x88, 0xCE, 0xE8, 0x5A, 0xE3, 0x18, 0xE3, 0x18,
    0xE3, 0x18, 0x05, 0x42, 0x87, 0xC6, 0x87, 0xC6, 0x87, 0xC6, 0x87, 0xC6, 0x87, 0xC6, 0x87, 0xC6,
    0x87, 0xC6, 0x87, 0xC6, 0xA6, 0x52, 0xE3, 0x18, 0xE3, 0x18, 0xE3, 0x18, 0x66, 0x4A, 0x89, 0xC6,
    0x88, 0xC6, 0x88, 0xC6, 0x87, 0xC6, 0x87, 0xC6, 0x87, 0xC6, 0x87, 0xC6, 0x87, 0xC6, 0x87, 0xC6,
    0x87, 0xC6, 0x87, 0xC6, 0x87, 0xC6, 0x24, 0x21, 0x38, 0xC6, 0x38, 0xC6, 0x38, 0xC6, 0x38, 0xC6,
    0x59, 0xCE, 0x59, 0xCE, 0x79, 0xCE, 0xAE, 0x73, 0xAE, 0x73, 0xAE, 0x73, 0xAE, 0x73, 0xAE, 0x73,
    0xAE, 0x73, 0xAE, 0x73, 0xAE, 0x73, 0xAE, 0x73, 0xAE, 0x73, 0xAE, 0x73, 0xCF, 0x7B, 0xCF, 0x7B,
    0xCF, 0x7B, 0xAE, 0x73, 0xCF, 0x7B, 0xCF, 0x7B, 0xAE, 0x73, 0xCF, 0x7B, 0xAE, 0x73, 0xCF, 0x7B,
    0xCF, 0x7B, 0xCF, 0x7B, 0xCF, 0x7B, 0xAE, 0x73, 0xAE, 0x73, 0xCF, 0x7B, 0xCF, 0x7B, 0xCF, 0x7B,
    0xCF, 0x7B, 0xAE, 0x73, 0xAE, 0x73, 0xCF, 0x7B, 0xCF, 0x7B, 0xCF, 0x7B, 0xAE, 0x73, 0xAE, 0x73,
    0xAE, 0x73, 0xAE, 0x73, 0xAF, 0x73, 0xCF, 0x7B, 0xCF, 0x7B, 0xCF, 0x7B, 0xAE, 0x73, 0xAE, 0x73,
    0xAE, 0x73, 0xCF, 0x7B, 0xCF, 0x7B, 0xCF, 0x7B, 0xCF, 0x7B, 0xCF, 0x7B, 0xCF, 0x7B, 0xAE, 0x73,
    0xCF, 0x7B, 0xAE, 0x73, 0xAE, 0x73, 0xAE, 0x73, 0xCF, 0x7B, 0xCF, 0x7B, 0xCF, 0x7B, 0xCF, 0x7B,
    0xCF, 0x7B, 0xCF, 0x7B, 0xAE, 0x73, 0xAE, 0x73, 0xCF, 0x7B, 0xCF, 0x7B, 0xAE, 0x73, 0xCF, 0x7B,
    0xCF, 0x7B, 0xAE, 0x73, 0x08, 0x42, 0x08, 0x42, 0x08, 0x42, 0x08, 0x42, 0xF3, 0x9C, 0xD7, 0xBD,
    0x69, 0x4A, 0x08, 0x42, 0x08, 0x42, 0x08, 0x42, 0x08, 0x42, 0x8E, 0x73, 0xFF, 0xFF, 0x08, 0x42,
    0x08, 0x42, 0xD7, 0xBD, 0x38, 0xC6, 0x08, 0x42, 0x79, 0xCE, 0x14, 0xA5, 0x08, 0x42, 0x28, 0x42,
    0xCF, 0x7B, 0xAE, 0x73, 0xCF, 0x7B, 0x79, 0xCE, 0x59, 0xCE, 0x59, 0xCE, 0x59, 0xCE, 0x59, 0xCE,
    0x59, 0xCE, 0x59, 0xCE, 0xC7, 0x39, 0xFB, 0xDE, 0x1C, 0xE7, 0x3C, 0xE7, 0x5D, 0xEF, 0x7D, 0xEF,
    0xE4, 0x1F, 0xE4, 0x1F, 0xE4, 0x1F, 0xE4, 0x1F, 0xE4, 0x1F, 0xE4, 0x1F, 0xE4, 0x1F, 0xE4, 0x1F,
    0xE4, 0x1F, 0xE4, 0x1F, 0xE4, 0x1F, 0xE4, 0x1F, 0xE4, 0x1F, 0xE4, 0x1F, 0xE4, 0x1F, 0xE4, 0x1F,
    0xE4, 0x1F, 0xE4, 0x1F, 0xE4, 0x1F, 0xE4, 0x1F, 0xE4, 0x1F, 0xE4, 0x1F, 0xE4, 0x1F, 0xE4, 0x1F,
    0xE4, 0x1F, 0xE4, 0x1F, 0xE4, 0x1F, 0xE4, 0x1F, 0xE4, 0x1F, 0xE4, 0x1F, 0xE4, 0x1F, 0xE4, 0x1F,
    0xE4, 0x1F, 0xE4, 0x1F, 0xE4, 0x1F, 0xE4, 0x1F, 0xE4, 0x1F, 0xE4, 0x1F, 0xE4, 0x1F, 0xE4, 0x1F,
    0xE4, 0x1F, 0xE4, 0x1F, 0xE4, 0x1F, 0xE4, 0x1F, 0xE4, 0x1F, 0xE4, 0x1F, 0xE4, 0x1F, 0xE4, 0x1F,
    0xE4, 0x1F, 0xE4, 0x1F, 0xE4, 0x1F, 0xE4, 0x1F, 0xE4, 0x1F, 0xE4, 0x1F, 0xE4, 0x1F, 0xE4, 0x1F,
    0xE4, 0x1F, 0xE4, 0x1F, 0xE4, 0x1F, 0xE4, 0x1F, 0xE4, 0x1F, 0xE4, 0x1F, 0xE4, 0x1F, 0xE4, 0x1F,
    0xE4, 0x1F, 0xE4, 0x1F, 0xE4, 0x1F, 0xE4, 0x1F, 0xE4, 0x1F, 0xE4, 0x1F, 0xE4, 0x1F, 0xE4, 0x1F,
    0xE4, 0x1F, 0xE4, 0x1F, 0xE4, 0x1F, 0xE4, 0x1F, 0xE4, 0x1F, 0xE4, 0x1F, 0xE4, 0x1F, 0xE4, 0x1F,
    0xE4, 0x1F, 0xE4, 0x1F, 0xE4, 0x1F, 0xE4, 0x1F, 0xE4, 0x1F, 0xE4, 0x1F, 0xE4, 0x1F, 0xE4, 0x1F,
    0xE4, 0x1F, 0xE4, 0x1F, 0xE4, 0x1F, 0xE4, 0x1F, 0xE4, 0x1F, 0xE4, 0x1F, 0xE4, 0x1F, 0xE4, 0x1F,
    0xE4, 0x1F, 0xE4, 0x1F, 0xE4, 0x1F, 0xE4, 0x1F, 0xE4, 0x1F, 0xE4, 0x1F, 0xE4, 0x1F, 0xE4, 0x1F,
    0xE4, 0x1F, 0xE4, 0x1F, 0xE4, 0x1F, 0xE4, 0x1F, 0xE4, 0x1F, 0xE4, 0x1F, 0xE4, 0x1F, 0xE4, 0x1F,
    0xE4, 0x1F, 0xE4, 0x1F, 0xE4, 0x1F, 0xFC, 0xE7, 0xFF, 0xFF, 0xF2, 0x8F, 0xE4, 0x1F, 0xE4, 0x1F,
    0xE8, 0x37, 0xE6, 0x27, 0xE4, 0x1F, 0xEB, 0x57, 0xFF, 0xFF, 0xF5, 0xAF, 0xE4, 0x1F, 0xE4, 0x1F,
    0xE4, 0x1F, 0xFF, 0xFF, 0xF9, 0xC7, 0xE4, 0x1F, 0xE4, 0x1F, 0xE4, 0x1F, 0xF5, 0xAF, 0xFF, 0xFF,
    0xE6, 0x27, 0xE4, 0x1F, 0xF0, 0x7F, 0xF5, 0xAF, 0xF5, 0xAF, 0xEE, 0x6F, 0xE6, 0x27, 0xE4, 0x1F,
    0xE4, 0x1F, 0xE5, 0x1F, 0xE5, 0x27, 0xE7, 0x2F, 0xB3, 0x97, 0x7D, 0xEF, 0x7D, 0xEF, 0x7D, 0xEF,
    0x7D, 0xEF, 0x7D, 0xEF, 0x9E, 0xF7, 0x24, 0x21, 0x87, 0xC6, 0x87, 0xC6, 0x87, 0xC6, 0x87, 0xC6,
    0x87, 0xC6, 0x87, 0xC6, 0x87, 0xC6, 0x87, 0xC6, 0x87, 0xC6, 0x87, 0xC6, 0x87, 0xC6, 0x87, 0xC6,
    0x87, 0xC6, 0x87, 0xC6, 0x88, 0xC6, 0x88, 0xC6, 0x88, 0xCE, 0xAA, 0x94, 0xE3, 0x18, 0xE3, 0x18,
    0xE3, 0x18, 0xE3, 0x18, 0x27, 0x63, 0x87, 0xC6, 0x87, 0xC6, 0x87, 0xC6, 0x87, 0xC6, 0x87, 0xC6,
    0x87, 0xC6, 0x27, 0x63, 0xE3, 0x18, 0xE3, 0x18, 0xE3, 0x18, 0xE3, 0x18, 0xCA, 0x7B, 0x89, 0xC6,
    0x88, 0xC6, 0x88, 0xC6, 0x87, 0xC6, 0x87, 0xC6, 0x87, 0xC6, 0x87, 0xC6, 0x87, 0xC6, 0x87, 0xC6,
    0x87, 0xC6, 0x87, 0xC6, 0x87, 0xC6, 0x24, 0x21, 0x38, 0xC6, 0x38, 0xC6, 0x38, 0xC6, 0x38, 0xC6,
    0x38, 0xC6, 0x59, 0xCE, 0x79, 0xCE, 0x71, 0x8C, 0xAE, 0x73, 0xAE, 0x73, 0xAE, 0x73, 0xAE, 0x73,
    0xAE, 0x73, 0xAE, 0x73, 0xAE, 0x73, 0xAE, 0x73, 0xAE, 0x73, 0xAE, 0x73, 0xCF, 0x7B, 0xCF, 0x7B,
    0xCF, 0x7B, 0xCF, 0x7B, 0xAE, 0x73, 0xCF, 0x7B, 0xAE, 0x73, 0xCF, 0x7B, 0xCF, 0x7B, 0xAE, 0x73,
    0xCF, 0x7B, 0xCF, 0x7B, 0xCF, 0x7B, 0xAE, 0x73, 0xCF, 0x7B, 0xAE, 0x73, 0xAE, 0x73, 0xCF, 0x7B,
    0xCF, 0x7B, 0xCF, 0x7B, 0xCF, 0x7B, 0xCF, 0x7B, 0xCF, 0x7B, 0xCF, 0x7B, 0xAE, 0x73, 0xAE, 0x73,
    0xCF, 0x7B, 0xCF, 0x7B, 0xAE, 0x73, 0xCF, 0x7B, 0xCF, 0x7B, 0xAE, 0x73, 0xCF, 0x7B, 0xCF, 0x7B,
    0xCF, 0x7B, 0xCF, 0x7B, 0xCF, 0x7B, 0xAE, 0x73, 0xCF, 0x7B, 0xCF, 0x7B, 0xCF, 0x7B, 0xAE, 0x73,
    0xCF, 0x7B, 0xCF, 0x7B, 0xAE, 0x73, 0xCF, 0x7B, 0xCF, 0x7B, 0xCF, 0x7B, 0xCF, 0x7B, 0xCF, 0x7B,
    0xAE, 0x73, 0xCF, 0x7B, 0xAE, 0x73, 0xAE, 0x73, 0xCF, 0x7B, 0xCF, 0x7B, 0xAE, 0x73, 0xCF, 0x7B,
    0xAE, 0x73, 0xCF, 0x7B, 0x08, 0x42, 0x08, 0x42, 0x08, 0x42, 0x51, 0x8C, 0xD7, 0xBD, 0x08, 0x42,
    0x08, 0x42, 0x08, 0x42, 0x08, 0x42, 0x08, 0x42, 0x08, 0x42, 0x8E, 0x73, 0xFF, 0xFF, 0x08, 0x42,
    0x08, 0x42, 0xD7, 0xBD, 0xD7, 0xBD, 0x08, 0x42, 0x79, 0xCE, 0x14, 0xA5, 0x08, 0x42, 0x28, 0x42,
    0xCF, 0x7B, 0xAE, 0x73, 0xAE, 0x73, 0x79, 0xCE, 0x59, 0xCE, 0x59, 0xCE, 0x59, 0xCE, 0x59, 0xCE,
    0x59, 0xCE, 0x59, 0xCE, 0xC7, 0x39, 0x1C, 0xDF, 0x1C, 0xE7, 0x3C, 0xE7, 0x5D, 0xEF, 0x7D, 0xEF,
    0xE4, 0x1F, 0xE4, 0x1F, 0xE4, 0x1F, 0xE4, 0x1F, 0xE4, 0x1F, 0xE4, 0x1F, 0xE4, 0x1F, 0xE4, 0x1F,
    0xE4, 0x1F, 0xE4, 0x1F, 0xE4, 0x1F, 0xE4, 0x1F, 0xE4, 0x1F, 0xE4, 0x1F, 0xE4, 0x1F, 0xE4, 0x1F,
    0xE4, 0x1F, 0xE4, 0x1F, 0xE4, 0x1F, 0xE4, 0x1F, 0xE4, 0x1F, 0xE4, 0x1F, 0xE4, 0x1F, 0xE4, 0x1F,
    0xE4, 0x1F, 0xE4, 0x1F, 0xE4, 0x1F, 0xE4, 0x1F, 0xE4, 0x1F, 0xE4, 0x1F, 0xE4, 0x1F, 0xE4, 0x1F,
    0xE4, 0x1F, 0xE4, 0x1F, 0xE4, 0x1F, 0xE4, 0x1F, 0xE4, 0x1F, 0xE4, 0x1F, 0xE4, 0x1F, 0xE4, 0x1F,
    0xE4, 0x1F, 0xE4, 0x1F, 0xE4, 0x1F, 0xE4, 0x1F, 0xE4, 0x1F, 0xE4, 0x1F, 0xE4, 0x1F, 0xE4, 0x1F,
    0xE4, 0x1F, 0xE4, 0x1F, 0xE4, 0x1F, 0xE4, 0x1F, 0xE4, 0x1F, 0xE4, 0x1F, 0xE4, 0x1F, 0xE4, 0x1F,
    0xE4, 0x1F, 0xE4, 0x1F, 0xE4, 0x1F, 0xE4, 0x1F, 0xE4, 0x1F, 0xE4, 0x1F, 0xE4, 0x1F, 0xE4, 0x1F,
    0xE4, 0x1F, 0xE4, 0x1F, 0xE4, 0x1F, 0xE4, 0x1F, 0xE4, 0x1F, 0xE4, 0x1F, 0xE4, 0x1F, 0xE4, 0x1F,
    0xE4, 0x1F, 0xE4, 0x1F, 0xE4, 0x1F, 0xE4, 0x1F, 0xE4, 0x1F, 0xE4, 0x1F, 0xE4, 0x1F, 0xE4, 0x1F,
    0xE4, 0x1F, 0xE4, 0x1F, 0xE4, 0x1F, 0xE4, 0x1F, 0xE4, 0x1F, 0xE4, 0x1F, 0xE4, 0x1F, 0xE4, 0x1F,
    0xE4, 0x1F, 0xE4, 0x1F, 0xE4, 0x1F, 0xE4, 0x1F, 0xE4, 0x1F, 0xE4, 0x1F, 0xE4, 0x1F, 0xE4, 0x1F,
    0xE4, 0x1F, 0xE4, 0x1F, 0xE4, 0x1F, 0xE4, 0x1F, 0xE4, 0x1F, 0xE4, 0x1F, 0xE4, 0x1F, 0xE4, 0x1F,
    0xE4, 0x1F, 0xE4, 0x1F, 0xE4, 0x1F, 0xE4, 0x1F, 0xE4, 0x1F, 0xE4, 0x1F, 0xE4, 0x1F, 0xE4, 0x1F,
    0xE4, 0x1F, 0xE4, 0x1F, 0xE9, 0x47, 0xFF, 0xFF, 0xF9, 0xC7, 0xE4, 0x1F, 0xE4, 0x1F, 0xE4, 0x1F,
    0xE4, 0x1F, 0xE4, 0x1F, 0xE4, 0x1F, 0xEB, 0x57, 0xFF, 0xFF, 0xF7, 0xB7, 0xEB, 0x57, 0xEB, 0x57,
    0xEB, 0x57, 0xFF, 0xFF, 0xF9, 0xC7, 0xE4, 0x1F, 0xE4, 0x1F, 0xE4, 0x1F, 0xFE, 0xF7, 0xF5, 0xAF,
    0xE4, 0x1F, 0xF0, 0x7F, 0xFF, 0xFF, 0xF9, 0xC7, 0xF9, 0xC7, 0xFE, 0xF7, 0xE6, 0x27, 0xE4, 0x1F,
    0xE4, 0x1F, 0xE5, 0x1F, 0xE5, 0x27, 0xE7, 0x2F, 0xB2, 0x97, 0x7D, 0xEF, 0x7D, 0xEF, 0x7D, 0xEF,
    0x7D, 0xEF, 0x9E, 0xF7, 0x9E, 0xF7, 0x24, 0x21, 0x87, 0xC6, 0x87, 0xC6, 0x87, 0xC6, 0x87, 0xC6,
    0x87, 0xC6, 0x87, 0xC6, 0x87, 0xC6, 0x87, 0xC6, 0x87, 0xC6, 0x87, 0xC6, 0x87, 0xC6, 0x87, 0xC6,
    0x87, 0xC6, 0x87, 0xC6, 0x88, 0xC6, 0x88, 0xC6, 0x88, 0xCE, 0x89, 0xCE, 0x67, 0x4A, 0xE3, 0x18,
    0xE3, 0x18, 0xE3, 0x18, 0xE3, 0x18, 0xA6, 0x52, 0x89, 0x8C, 0x87, 0xC6, 0x08, 0xBE, 0x89, 0x8C,
    0x05, 0x42, 0xE3, 0x18, 0xE3, 0x18, 0xE3, 0x18, 0xE3, 0x18, 0x85, 0x31, 0x89, 0xCE, 0x89, 0xC6,
    0x88, 0xC6, 0x88, 0xC6, 0x87, 0xC6, 0x87, 0xC6, 0x87, 0xC6, 0x87, 0xC6, 0x87, 0xC6, 0x87, 0xC6,
    0x87, 0xC6, 0x87, 0xC6, 0x87, 0xC6, 0x24, 0x21, 0x38, 0xC6, 0x38, 0xC6, 0x38, 0xC6, 0x38, 0xC6,
    0x38, 0xC6, 0x59, 0xCE, 0x59, 0xCE, 0x79, 0xCE, 0xF3, 0x9C, 0xAE, 0x73, 0xAE, 0x73, 0xAE, 0x73,
    0xAE, 0x73, 0xAE, 0x73, 0xAE, 0x73, 0xAE, 0x73, 0xAE, 0x73, 0xAE, 0x73, 0xAE, 0x73, 0xAE, 0x73,
    0xCF, 0x7B, 0xAE, 0x73, 0xCF, 0x7B, 0xCF, 0x7B, 0xAE, 0x73, 0xAE, 0x73, 0xCF, 0x7B, 0xCF, 0x7B,
    0xCF, 0x7B, 0xCF, 0x7B, 0xCF, 0x7B, 0xAE, 0x73, 0xCF, 0x7B, 0xAE, 0x73, 0xCF, 0x7B, 0xAE, 0x73,
    0xAE, 0x73, 0xAE, 0x73, 0xCF, 0x7B, 0xCF, 0x7B, 0xCF, 0x7B, 0xCF, 0x7B, 0xAE, 0x73, 0xCF, 0x7B,
    0xCF, 0x7B, 0xAE, 0x73, 0xAE, 0x73, 0xCF, 0x7B, 0xCF, 0x7B, 0xCF, 0x7B, 0xCF, 0x7B, 0xAE, 0x73,
    0xCF, 0x7B, 0xAE, 0x73, 0xAE, 0x73, 0xAE, 0x73, 0xCF, 0x7B, 0xAE, 0x73, 0xAE, 0x73, 0xAE, 0x73,
    0xCF, 0x7B, 0xAE, 0x73, 0xCF, 0x7B, 0xAE, 0x73, 0xCF, 0x7B, 0xAE, 0x73, 0xCF, 0x7B, 0xCF, 0x7B,
    0xAE, 0x73, 0xCF, 0x7B, 0xAE, 0x73, 0xCF, 0x7B, 0xCF, 0x7B, 0xCF, 0x7B, 0xCF, 0x7B, 0xCF, 0x7B,
    0xAE, 0x73, 0xAE, 0x73, 0x08, 0x42, 0x08, 0x42, 0x08, 0x42, 0x08, 0x42, 0x08, 0x42, 0x08, 0x42,
    0x08, 0x42, 0x08, 0x42, 0x08, 0x42, 0x08, 0x42, 0x08, 0x42, 0x8E, 0x73, 0xFF, 0xFF, 0x08, 0x42,
    0x08, 0x42, 0xD7, 0xBD, 0xD7, 0xBD, 0x08, 0x42, 0x79, 0xCE, 0x14, 0xA5, 0x08, 0x42, 0x28, 0x42,
    0xCF, 0x7B, 0xAE, 0x73, 0xCF, 0x7B, 0x79, 0xCE, 0x59, 0xCE, 0x59, 0xCE, 0x59, 0xCE, 0x59, 0xCE,
    0x59, 0xCE, 0x59, 0xCE, 0xC7, 0x39, 0x1C, 0xDF, 0x1C, 0xE7, 0x3C, 0xE7, 0x5D, 0xEF, 0x7D, 0xEF,
    0xE4, 0x1F, 0xE4, 0x1F, 0xE4, 0x1F, 0xE4, 0x1F, 0xE4, 0x1F, 0xE4, 0x1F, 0xE4, 0x1F, 0xE4, 0x1F,
    0xE4, 0x1F, 0xE4, 0x1F, 0xE4, 0x1F, 0xE4, 0x1F, 0xE4, 0x1F, 0xE4, 0x1F, 0xE4, 0x1F, 0xE4, 0x1F,
    0xE4, 0x1F, 0xE4, 0x1F, 0xE4, 0x1F, 0xE4, 0x1F, 0xE4, 0x1F, 0xE4, 0x1F, 0xE4, 0x1F, 0xE4, 0x1F,
    0xE4, 0x1F, 0xE4, 0x1F, 0xE4, 0x1F, 0xE4, 0x1F, 0xE4, 0x1F, 0xE4, 0x1F, 0xE4, 0x1F, 0xE4, 0x1F,
    0xE4, 0x1F, 0xE4, 0x1F, 0xE4, 0x1F, 0xE4, 0x1F, 0xE4, 0x1F, 0xE4, 0x1F, 0xE4, 0x1F, 0xE4, 0x1F,
    0xE4, 0x1F, 0xE4, 0x1F, 0xE4, 0x1F, 0xE4, 0x1F, 0xE4, 0x1F, 0xE4, 0x1F, 0xE4, 0x1F, 0xE4, 0x1F,
    0xE4, 0x1F, 0xE4, 0x1F, 0xE4, 0x1F, 0xE4, 0x1F, 0xE4, 0x1F, 0xE4, 0x1F, 0xE4, 0x1F, 0xE4, 0x1F,
    0xE4, 0x1F, 0xE4, 0x1F, 0xE4, 0x1F, 0xE4, 0x1F, 0xE4, 0x1F, 0xE4, 0x1F, 0xE4, 0x1F, 0xE4, 0x1F,
    0xE4, 0x1F, 0xE4, 0x1F, 0xE4, 0x1F, 0xE4, 0x1F, 0xE4, 0x1F, 0xE4, 0x1F, 0xE4, 0x1F, 0xE4, 0x1F,
    0xE4, 0x1F, 0xE4, 0x1F, 0xE4, 0x1F, 0xE4, 0x1F, 0xE4, 0x1F, 0xE4, 0x1F, 0xE4, 0x1F, 0xE4, 0x1F,
    0xE4, 0x1F, 0xE4, 0x1F, 0xE4, 0x1F, 0xE4, 0x1F, 0xE4, 0x1F, 0xE4, 0x1F, 0xE4, 0x1F, 0xE4, 0x1F,
    0xE4, 0x1F, 0xE4, 0x1F, 0xE4, 0x1F, 0xE4, 0x1F, 0xE4, 0x1F, 0xE4, 0x1F, 0xE4, 0x1F, 0xE4, 0x1F,
    0xE4, 0x1F, 0xE4, 0x1F, 0xE4, 0x1F, 0xE4, 0x1F, 0xE4, 0x1F, 0xE4, 0x1F, 0xE4, 0x1F, 0xE4, 0x1F,
    0xE4, 0x1F, 0xE4, 0x1F, 0xE4, 0x1F, 0xE4, 0x1F, 0xE4, 0x1F, 0xE4, 0x1F, 0xE4, 0x1F, 0xE4, 0x1F,
    0xE4, 0x1F, 0xE4, 0x1F, 0xEB, 0x57, 0xFF, 0xFF, 0xF5, 0xAF, 0xE4, 0x1F, 0xF0, 0x7F, 0xF9, 0xC7,
    0xF9, 0xC7, 0xF4, 0x9F, 0xE4, 0x1F, 0xEB, 0x57, 0xFF, 0xFF, 0xFF, 0xFF, 0xFF, 0xFF, 0xFF, 0xFF,
    0xFF, 0xFF, 0xFF, 0xFF, 0xF9, 0xC7, 0xE4, 0x1F, 0xE4, 0x1F, 0xEF, 0x6F, 0xFF, 0xFF, 0xEB, 0x57,
    0xE4, 0x1F, 0xF5, 0xAF, 0xFF, 0xFF, 0xF2, 0x8F, 0xE6, 0x27, 0xE6, 0x27, 0xE4, 0x1F, 0xE4, 0x1F,
    0xE4, 0x1F, 0xE5, 0x1F, 0xE5, 0x27, 0xE6, 0x2F, 0xB2, 0x97, 0x7D, 0xEF, 0x7D, 0xEF, 0x7D, 0xEF,
    0x7D, 0xEF, 0x7D, 0xEF, 0x9E, 0xF7, 0x24, 0x21, 0x87, 0xC6, 0x87, 0xC6, 0x87, 0xC6, 0x87, 0xC6,
    0x87, 0xC6, 0x87, 0xC6, 0x87, 0xC6, 0x87, 0xC6, 0x87, 0xC6, 0x87, 0xC6, 0x87, 0xC6, 0x87, 0xC6,
    0x87, 0xC6, 0x87, 0xC6, 0x88, 0xC6, 0x88, 0xC6, 0x88, 0xC6, 0x89, 0xCE, 0x2A, 0xBE, 0x85, 0x31,
    0xE3, 0x18, 0xE3, 0x18, 0xE3, 0x18, 0xE3, 0x18, 0xE3, 0x18, 0xE3, 0x18, 0xE3, 0x18, 0xE3, 0x18,
    0xE3, 0x18, 0xE3, 0x18, 0xE3, 0x18, 0xE3, 0x18, 0x85, 0x31, 0xCA, 0xB5, 0x89, 0xCE, 0x89, 0xC6,
    0x88, 0xC6, 0x88, 0xC6, 0x87, 0xC6, 0x87, 0xC6, 0x87, 0xC6, 0x87, 0xC6, 0x87, 0xC6, 0x87, 0xC6,
    0x87, 0xC6, 0x87, 0xC6, 0x87, 0xC6, 0x24, 0x21, 0x38, 0xC6, 0x38, 0xC6, 0x38, 0xC6, 0x38, 0xC6,
    0x38, 0xC6, 0x59, 0xCE, 0x59, 0xCE, 0x79, 0xCE, 0x9A, 0xD6, 0x34, 0xA5, 0xAE, 0x73, 0xAE, 0x73,
    0xAE, 0x73, 0xAE, 0x73, 0xAE, 0x73, 0xAE, 0x73, 0xAE, 0x73, 0xAE, 0x73, 0xAE, 0x73, 0xAE, 0x73,
    0xAE, 0x73, 0xCF, 0x7B, 0xCF, 0x7B, 0xCF, 0x7B, 0xCF, 0x7B, 0xCF, 0x7B, 0xAE, 0x73, 0xAE, 0x73,
    0xCF, 0x7B, 0xCF, 0x7B, 0xCF, 0x7B, 0xAE, 0x73, 0xCF, 0x7B, 0xCF, 0x7B, 0xCF, 0x7B, 0xCF, 0x7B,
    0xCF, 0x7B, 0xAE, 0x73, 0xCF, 0x7B, 0xAE, 0x73, 0xCF, 0x7B, 0xCF, 0x7B, 0xCF, 0x7B, 0xCF, 0x7B,
    0xCF, 0x7B, 0xCF, 0x7B, 0xCF, 0x7B, 0xAE, 0x73, 0xCF, 0x7B, 0xAE, 0x73, 0xCF, 0x7B, 0xCF, 0x7B,
    0xAE, 0x73, 0xCF, 0x7B, 0xAE, 0x73, 0xAE, 0x73, 0xAE, 0x73, 0xAE, 0x73, 0xCF, 0x7B, 0xAE, 0x73,
    0xCF, 0x7B, 0xAE, 0x73, 0xAE, 0x73, 0xCF, 0x7B, 0xCF, 0x7B, 0xAF, 0x73, 0xCF, 0x7B, 0xAE, 0x73,
    0xCF, 0x7B, 0xCF, 0x7B, 0xCF, 0x7B, 0xCF, 0x7B, 0xAE, 0x73, 0xCF, 0x7B, 0xCF, 0x7B, 0xCF, 0x7B,
    0xCF, 0x7B, 0xCF, 0x7B, 0x28, 0x42, 0x08, 0x42, 0x08, 0x42, 0x08, 0x42, 0x08, 0x42, 0x08, 0x42,
    0x08, 0x42, 0x08, 0x42, 0x08, 0x42, 0x08, 0x42, 0x08, 0x42, 0x08, 0x42, 0xCB, 0x5A, 0x08, 0x42,
    0x08, 0x42, 0x69, 0x4A, 0x69, 0x4A, 0x08, 0x42, 0x69, 0x4A, 0x69, 0x4A, 0x08, 0x42, 0x49, 0x4A,
    0xAE, 0x73, 0xCF, 0x7B, 0xCF, 0x7B, 0x79, 0xCE, 0x59, 0xCE, 0x59, 0xCE, 0x59, 0xCE, 0x59, 0xCE,
    0x59, 0xCE, 0x59, 0xCE, 0xC7, 0x39, 0x1C, 0xDF, 0x1C, 0xE7, 0x3C, 0xE7, 0x5D, 0xEF, 0x7D, 0xEF,
    0xE4, 0x1F, 0xE4, 0x1F, 0xE4, 0x1F, 0xE4, 0x1F, 0xE4, 0x1F, 0xE4, 0x1F, 0xE4, 0x1F, 0xE4, 0x1F,
    0xE4, 0x1F, 0xE4, 0x1F, 0xE4, 0x1F, 0xE4, 0x1F, 0xE4, 0x1F, 0xE4, 0x1F, 0xE4, 0x1F, 0xE4, 0x1F,
    0xE4, 0x1F, 0xE4, 0x1F, 0xE4, 0x1F, 0xE4, 0x1F, 0xE4, 0x1F, 0xE4, 0x1F, 0xE4, 0x1F, 0xE4, 0x1F,
    0xE4, 0x1F, 0xE4, 0x1F, 0xE4, 0x1F, 0xE4, 0x1F, 0xE4, 0x1F, 0xE4, 0x1F, 0xE4, 0x1F, 0xE4, 0x1F,
    0xE4, 0x1F, 0xE4, 0x1F, 0xE4, 0x1F, 0xE4, 0x1F, 0xE4, 0x1F, 0xE4, 0x1F, 0xE4, 0x1F, 0xE4, 0x1F,
    0xE4, 0x1F, 0xE4, 0x1F, 0xE4, 0x1F, 0xE4, 0x1F, 0xE4, 0x1F, 0xE4, 0x1F, 0xE4, 0x1F, 0xE4, 0x1F,
    0xE4, 0x1F, 0xE4, 0x1F, 0xE4, 0x1F, 0xE4, 0x1F, 0xE4, 0x1F, 0xE4, 0x1F, 0xE4, 0x1F, 0xE4, 0x1F,
    0xE4, 0x1F, 0xE4, 0x1F, 0xE4, 0x1F, 0xE4, 0x1F, 0xE4, 0x1F, 0xE4, 0x1F, 0xE4, 0x1F, 0xE4, 0x1F,
    0xE4, 0x1F, 0xE4, 0x1F, 0xE4, 0x1F, 0xE4, 0x1F, 0xE4, 0x1F, 0xE4, 0x1F, 0xE4, 0x1F, 0xE4, 0x1F,
    0xE4, 0x1F, 0xE4, 0x1F, 0xE4, 0x1F, 0xE4, 0x1F, 0xE4, 0x1F, 0xE4, 0x1F, 0xE4, 0x1F, 0xE4, 0x1F,
    0xE4, 0x1F, 0xE4, 0x1F, 0xE4, 0x1F, 0xE4, 0x1F, 0xE4, 0x1F, 0xE4, 0x1F, 0xE4, 0x1F, 0xE4, 0x1F,
    0xE4, 0x1F, 0xE4, 0x1F, 0xE4, 0x1F, 0xE4, 0x1F, 0xE4, 0x1F, 0xE4, 0x1F, 0xE4, 0x1F, 0xE4, 0x1F,
    0xE4, 0x1F, 0xE4, 0x1F, 0xE4, 0x1F, 0xE4, 0x1F, 0xE4, 0x1F, 0xE4, 0x1F, 0xE4, 0x1F, 0xE4, 0x1F,
    0xE4, 0x1F, 0xE4, 0x1F, 0xE4, 0x1F, 0xE4, 0x1F, 0xE4, 0x1F, 0xE4, 0x1F, 0xE4, 0x1F, 0xE4, 0x1F,
    0xE4, 0x1F, 0xE4, 0x1F, 0xEB, 0x57, 0xFF, 0xFF, 0xF5, 0xAF, 0xE4, 0x1F, 0xF2, 0x8F, 0xF9, 0xC7,
    0xFF, 0xFF, 0xF9, 0xC7, 0xE4, 0x1F, 0xEB, 0x57, 0xFF, 0xFF, 0xF9, 0xC7, 0xEB, 0x57, 0xEB, 0x57,
    0xEB, 0x57, 0xFF, 0xFF, 0xF9, 0xC7, 0xE4, 0x1F, 0xE4, 0x1F, 0xF9, 0xC7, 0xFC, 0xE7, 0xE4, 0x1F,
    0xE4, 0x1F, 0xE8, 0x37, 0xFC, 0xE7, 0xFF, 0xFF, 0xFC, 0xE7, 0xF2, 0x8F, 0xE4, 0x1F, 0xE4, 0x1F,
    0xE4, 0x1F, 0xE5, 0x1F, 0xE5, 0x1F, 0xE7, 0x2F, 0xB2, 0x97, 0x7D, 0xEF, 0x7D, 0xEF, 0x7D, 0xEF,
    0x7D, 0xEF, 0x7D, 0xEF, 0x9E, 0xF7, 0x86, 0x31, 0x08, 0xBE, 0x87, 0xC6, 0x87, 0xC6, 0x87, 0xC6,
    0x87, 0xC6, 0x87, 0xC6, 0x87, 0xC6, 0x87, 0xC6, 0x87, 0xC6, 0x87, 0xC6, 0x87, 0xC6, 0x87, 0xC6,
    0x87, 0xC6, 0x87, 0xC6, 0x88, 0xC6, 0x88, 0xC6, 0x88, 0xC6, 0x89, 0xCE, 0xAA, 0xCE, 0xAA, 0xAD,
    0x85, 0x31, 0xE3, 0x18, 0xE3, 0x18, 0xE3, 0x18, 0xE3, 0x18, 0xE3, 0x18, 0xE3, 0x18, 0xE3, 0x18,
    0xE3, 0x18, 0xE3, 0x18, 0xE3, 0x18, 0x85, 0x31, 0x4A, 0xA5, 0xAA, 0xCE, 0x89, 0xCE, 0x88, 0xC6,
    0x88, 0xC6, 0x88, 0xC6, 0x87, 0xC6, 0x87, 0xC6, 0x87, 0xC6, 0x87, 0xC6, 0x87, 0xC6, 0x87, 0xC6,
    0x87, 0xC6, 0x87, 0xC6, 0x87, 0xC6, 0x24, 0x21, 0x38, 0xC6, 0x38, 0xC6, 0x38, 0xC6, 0x38, 0xC6,
    0x38, 0xC6, 0x59, 0xCE, 0x59, 0xCE, 0x79, 0xCE, 0x9A, 0xD6, 0x9A, 0xD6, 0xB6, 0xB5, 0xEF, 0x7B,
    0xAE, 0x73, 0xAE, 0x73, 0xAE, 0x73, 0xAE, 0x73, 0xAE, 0x73, 0xAE, 0x73, 0xAE, 0x73, 0xAE, 0x73,
    0xAE, 0x73, 0xCF, 0x7B, 0xCF, 0x7B, 0xAE, 0x73, 0xCF, 0x7B, 0xCF, 0x7B, 0xCF, 0x7B, 0xCF, 0x7B,
    0xCF, 0x7B, 0xCF, 0x7B, 0xCF, 0x7B, 0xAE, 0x73, 0xCF, 0x7B, 0xCF, 0x7B, 0xCF, 0x7B, 0xAE, 0x73,
    0xCF, 0x7B, 0xAE, 0x73, 0xCF, 0x7B, 0xAE, 0x73, 0xAE, 0x73, 0xCF, 0x7B, 0xCF, 0x7B, 0xCF, 0x7B,
    0xAE, 0x73, 0xCF, 0x7B, 0xCF, 0x7B, 0xCF, 0x7B, 0xCF, 0x7B, 0xCF, 0x7B, 0xCF, 0x7B, 0xCF, 0x7B,
    0xCF, 0x7B, 0xCF, 0x7B, 0xAE, 0x73, 0xCF, 0x7B, 0xAE, 0x73, 0xAE, 0x73, 0xCF, 0x7B, 0xCF, 0x7B,
    0xCF, 0x7B, 0xCF, 0x7B, 0xCF, 0x7B, 0xCF, 0x7B, 0xAF, 0x73, 0xCF, 0x7B, 0xCF, 0x7B, 0xCF, 0x7B,
    0xAE, 0x73, 0xAE, 0x73, 0xCF, 0x7B, 0xCF, 0x7B, 0xCF, 0x7B, 0xCF, 0x7B, 0xCF, 0x7B, 0xCF, 0x7B,
    0xCF, 0x7B, 0xCF, 0x7B, 0xEB, 0x5A, 0x28, 0x42, 0x08, 0x42, 0x08, 0x42, 0x08, 0x42, 0x08, 0x42,
    0x08, 0x42, 0x08, 0x42, 0x08, 0x42, 0x08, 0x42, 0x08, 0x42, 0x08, 0x42, 0x08, 0x42, 0x08, 0x42,
    0x08, 0x42, 0x08, 0x42, 0x08, 0x42, 0x08, 0x42, 0x08, 0x42, 0x08, 0x42, 0x28, 0x42, 0x2C, 0x63,
    0xCF, 0x7B, 0xCF, 0x7B, 0xCF, 0x7B, 0x79, 0xCE, 0x79, 0xCE, 0x59, 0xCE, 0x59, 0xCE, 0x59, 0xCE,
    0x59, 0xCE, 0x59, 0xCE, 0xC7, 0x39, 0x1C, 0xDF, 0x1C, 0xE7, 0x3C, 0xE7, 0x5D, 0xEF, 0x7D, 0xEF,
    0xE4, 0x1F, 0xE4, 0x1F, 0xE4, 0x1F, 0xE4, 0x1F, 0xE4, 0x1F, 0xE4, 0x1F, 0xE4, 0x1F, 0xE4, 0x1F,
    0xE4, 0x1F, 0xE4, 0x1F, 0xE4, 0x1F, 0xE4, 0x1F, 0xE4, 0x1F, 0xE4, 0x1F, 0xE4, 0x1F, 0xE4, 0x1F,
    0xE4, 0x1F, 0xE4, 0x1F, 0xE4, 0x1F, 0xE4, 0x1F, 0xE4, 0x1F, 0xE4, 0x1F, 0xE4, 0x1F, 0xE4, 0x1F,
    0xE4, 0x1F, 0xE4, 0x1F, 0xE4, 0x1F, 0xE4, 0x1F, 0xE4, 0x1F, 0xE4, 0x1F, 0xE4, 0x1F, 0xE4, 0x1F,
    0xE4, 0x1F, 0xE4, 0x1F, 0xE4, 0x1F, 0xE4, 0x1F, 0xE4, 0x1F, 0xE4, 0x1F, 0xE4, 0x1F, 0xE4, 0x1F,
    0xE4, 0x1F, 0xE4, 0x1F, 0xE4, 0x1F, 0xE4, 0x1F, 0xE4, 0x1F, 0xE4, 0x1F, 0xE4, 0x1F, 0xE4, 0x1F,
    0xE4, 0x1F, 0xE4, 0x1F, 0xE4, 0x1F, 0xE4, 0x1F, 0xE4, 0x1F, 0xE4, 0x1F, 0xE4, 0x1F, 0xE4, 0x1F,
    0xE4, 0x1F, 0xE4, 0x1F, 0xE4, 0x1F, 0xE4, 0x1F, 0xE4, 0x1F, 0xE4, 0x1F, 0xE4, 0x1F, 0xE4, 0x1F,
    0xE4, 0x1F, 0xE4, 0x1F, 0xE4, 0x1F, 0xE4, 0x1F, 0xE4, 0x1F, 0xE4, 0x1F, 0xE4, 0x1F, 0xE4, 0x1F,
    0xE4, 0x1F, 0xE4, 0x1F, 0xE4, 0x1F, 0xE4, 0x1F, 0xE4, 0x1F, 0xE4, 0x1F, 0xE4, 0x1F, 0xE4, 0x1F,
    0xE4, 0x1F, 0xE4, 0x1F, 0xE4, 0x1F, 0xE4, 0x1F, 0xE4, 0x1F, 0xE4, 0x1F, 0xE4, 0x1F, 0xE4, 0x1F,
    0xE4, 0x1F, 0xE4, 0x1F, 0xE4, 0x1F, 0xE4, 0x1F, 0xE4, 0x1F, 0xE4, 0x1F, 0xE4, 0x1F, 0xE4, 0x1F,
    0xE4, 0x1F, 0xE4, 0x1F, 0xE4, 0x1F, 0xE4, 0x1F, 0xE4, 0x1F, 0xE4, 0x1F, 0xE4, 0x1F, 0xE4, 0x1F,
    0xE4, 0x1F, 0xE4, 0x1F, 0xE4, 0x1F, 0xE4, 0x1F, 0xE4, 0x1F, 0xE4, 0x1F, 0xE4, 0x1F, 0xE4, 0x1F,
    0xE4, 0x1F, 0xE4, 0x1F, 0xE6, 0x27, 0xFF, 0xFF, 0xFE, 0xF7, 0xE6, 0x27, 0xE4, 0x1F, 0xE4, 0x1F,
    0xFF, 0xFF, 0xF9, 0xC7, 0xE4, 0x1F, 0xEB, 0x57, 0xFF, 0xFF, 0xF5, 0xAF, 0xE4, 0x1F, 0xE4, 0x1F,
    0xE4, 0x1F, 0xFF, 0xFF, 0xF9, 0xC7, 0xE4, 0x1F, 0xE8, 0x37, 0xFF, 0xFF, 0xF4, 0x9F, 0xE4, 0x1F,
    0xE4, 0x1F, 0xE4, 0x1F, 0xE4, 0x1F, 0xEF, 0x6F, 0xFC, 0xE7, 0xFF, 0xFF, 0xEB, 0x57, 0xE4, 0x1F,
    0xE4, 0x1F, 0xE5, 0x1F, 0xE5, 0x27, 0xE7, 0x2F, 0xB3, 0x97, 0x7D, 0xEF, 0x7D, 0xEF, 0x7D, 0xEF,
    0x7D, 0xEF, 0x7D, 0xEF, 0x7D, 0xEF, 0x51, 0x8C, 0x05, 0x42, 0x87, 0xC6, 0x87, 0xC6, 0x87, 0xC6,
    0x87, 0xC6, 0x87, 0xC6, 0x87, 0xC6, 0x87, 0xC6, 0x87, 0xC6, 0x87, 0xC6, 0x87, 0xC6, 0x87, 0xC6,
    0x87, 0xC6, 0x87, 0xC6, 0x87, 0xC6, 0x88, 0xC6, 0x88, 0xC6, 0x89, 0xC6, 0xA9, 0xCE, 0xAA, 0xCE,
    0xCA, 0xB5, 0xA8, 0x52, 0xE3, 0x18, 0xE3, 0x18, 0xE3, 0x18, 0xE3, 0x18, 0xE3, 0x18, 0xE3, 0x18,
    0xE3, 0x18, 0xE3, 0x18, 0x06, 0x42, 0xCA, 0xAD, 0xAA, 0xCE, 0x89, 0xCE, 0x89, 0xC6, 0x88, 0xC6,
    0x88, 0xC6, 0x87, 0xC6, 0x87, 0xC6, 0x87, 0xC6, 0x87, 0xC6, 0x87, 0xC6, 0x87, 0xC6, 0x87, 0xC6,
    0x87, 0xC6, 0x87, 0xC6, 0x87, 0xC6, 0x24, 0x21, 0x38, 0xC6, 0x38, 0xC6, 0x38, 0xC6, 0x38, 0xC6,
    0x38, 0xC6, 0x59, 0xCE, 0x59, 0xCE, 0x79, 0xCE, 0x79, 0xCE, 0x9A, 0xD6, 0x9A, 0xD6, 0x59, 0xCE,
    0x10, 0x84, 0xAE, 0x73, 0xAE, 0x73, 0xAE, 0x73, 0xAE, 0x73, 0xAE, 0x73, 0xAE, 0x73, 0xAE, 0x73,
    0xAE, 0x73, 0xCF, 0x7B, 0xAE, 0x73, 0xCF, 0x7B, 0xCF, 0x7B, 0xCF, 0x7B, 0xCF, 0x7B, 0xCF, 0x7B,
    0xAE, 0x73, 0xCF, 0x7B, 0xAE, 0x73, 0xAE, 0x73, 0xCF, 0x7B, 0xAE, 0x73, 0xAE, 0x73, 0xAE, 0x73,
    0xCF, 0x7B, 0xAE, 0x73, 0xCF, 0x7B, 0xCF, 0x7B, 0xAE, 0x73, 0xAE, 0x73, 0xCF, 0x7B, 0xAE, 0x73,
    0xAE, 0x73, 0xCF, 0x7B, 0xCF, 0x7B, 0xCF, 0x7B, 0xCF, 0x7B, 0xCF, 0x7B, 0xCF, 0x7B, 0xCF, 0x7B,
    0xCF, 0x7B, 0xAE, 0x73, 0xCF, 0x7B, 0xCF, 0x7B, 0xAE, 0x73, 0xCF, 0x7B, 0xCF, 0x7B, 0xAE, 0x73,
    0xCF, 0x7B, 0xCF, 0x7B, 0xCF, 0x7B, 0xCF, 0x7B, 0xCF, 0x7B, 0xCF, 0x7B, 0xCF, 0x7B, 0xCF, 0x7B,
    0xAE, 0x73, 0xAE, 0x73, 0xAE, 0x73, 0xCF, 0x7B, 0xCF, 0x7B, 0xCF, 0x7B, 0xCF, 0x7B, 0xCF, 0x7B,
    0xCF, 0x7B, 0xAE, 0x73, 0xCF, 0x7B, 0xCF, 0x7B, 0xCF, 0x7B, 0xCF, 0x7B, 0xCF, 0x7B, 0xCF, 0x7B,
    0xCF, 0x7B, 0xAE, 0x73, 0xCF, 0x7B, 0xCF, 0x7B, 0xAE, 0x73, 0xAE, 0x73, 0xCF, 0x7B, 0xAE, 0x73,
    0xAE, 0x73, 0xCF, 0x7B, 0xCF, 0x7B, 0xCF, 0x7B, 0xCF, 0x7B, 0xAE, 0x73, 0xAE, 0x73, 0xCF, 0x7B,
    0xCF, 0x7B, 0xCF, 0x7B, 0xCF, 0x7B, 0x79, 0xCE, 0x79, 0xCE, 0x59, 0xCE, 0x59, 0xCE, 0x59, 0xCE,
    0x59, 0xCE, 0x59, 0xCE, 0x49, 0x4A, 0x1C, 0xDF, 0x1C, 0xE7, 0x3C, 0xE7, 0x5D, 0xEF, 0x7D, 0xEF,
    0xE4, 0x1F, 0xE4, 0x1F, 0xE4, 0x1F, 0xE4, 0x1F, 0xE4, 0x1F, 0xE4, 0x1F, 0xE4, 0x1F, 0xE4, 0x1F,
    0xE4, 0x1F, 0xE4, 0x1F, 0xE4, 0x1F, 0xE4, 0x1F, 0xE4, 0x1F, 0xE4, 0x1F, 0xE4, 0x1F, 0xE4, 0x1F,
    0xE4, 0x1F, 0xE4, 0x1F, 0xE4, 0x1F, 0xE4, 0x1F, 0xE4, 0x1F, 0xE4, 0x1F, 0xE4, 0x1F, 0xE4, 0x1F,
    0xE4, 0x1F, 0xE4, 0x1F, 0xE4, 0x1F, 0xE4, 0x1F, 0xE4, 0x1F, 0xE4, 0x1F, 0xE4, 0x1F, 0xE4, 0x1F,
    0xE4, 0x1F, 0xE4, 0x1F, 0xE4, 0x1F, 0xE4, 0x1F, 0xE4, 0x1F, 0xE4, 0x1F, 0xE4, 0x1F, 0xE4, 0x1F,
    0xE4, 0x1F, 0xE4, 0x1F, 0xE4, 0x1F, 0xE4, 0x1F, 0xE4, 0x1F, 0xE4, 0x1F, 0xE4, 0x1F, 0xE4, 0x1F,
    0xE4, 0x1F, 0xE4, 0x1F, 0xE4, 0x1F, 0xE4, 0x1F, 0xE4, 0x1F, 0xE4, 0x1F, 0xE4, 0x1F, 0xE4, 0x1F,
    0xE4, 0x1F, 0xE4, 0x1F, 0xE4, 0x1F, 0xE4, 0x1F, 0xE4, 0x1F, 0xE4, 0x1F, 0xE4, 0x1F, 0xE4, 0x1F,
    0xE4, 0x1F, 0xE4, 0x1F, 0xE4, 0x1F, 0xE4, 0x1F, 0xE4, 0x1F, 0xE4, 0x1F, 0xE4, 0x1F, 0xE4, 0x1F,
    0xE4, 0x1F, 0xE4, 0x1F, 0xE4, 0x1F, 0xE4, 0x1F, 0xE4, 0x1F, 0xE4, 0x1F, 0xE4, 0x1F, 0xE4, 0x1F,
    0xE4, 0x1F, 0xE4, 0x1F, 0xE4, 0x1F, 0xE4, 0x1F, 0xE4, 0x1F, 0xE4, 0x1F, 0xE4, 0x1F, 0xE4, 0x1F,
    0xE4, 0x1F, 0xE4, 0x1F, 0xE4, 0x1F, 0xE4, 0x1F, 0xE4, 0x1F, 0xE4, 0x1F, 0xE4, 0x1F, 0xE4, 0x1F,
    0xE4, 0x1F, 0xE4, 0x1F, 0xE4, 0x1F, 0xE4, 0x1F, 0xE4, 0x1F, 0xE4, 0x1F, 0xE4, 0x1F, 0xE4, 0x1F,
    0xE4, 0x1F, 0xE4, 0x1F, 0xE4, 0x1F, 0xE4, 0x1F, 0xE4, 0x1F, 0xE4, 0x1F, 0xE4, 0x1F, 0xE4, 0x1F,
    0xE4, 0x1F, 0xE4, 0x1F, 0xE4, 0x1F, 0xF4, 0x9F, 0xFF, 0xFF, 0xFC, 0xE7, 0xF0, 0x7F, 0xF0, 0x7F,
    0xFF, 0xFF, 0xF9, 0xC7, 0xE4, 0x1F, 0xEB, 0x57, 0xFF, 0xFF, 0xF5, 0xAF, 0xE4, 0x1F, 0xE4, 0x1F,
    0xE4, 0x1F, 0xFF, 0xFF, 0xF9, 0xC7, 0xE4, 0x1F, 0xF0, 0x7F, 0xFF, 0xFF, 0xE8, 0x37, 0xE4, 0x1F,
    0xE4, 0x1F, 0xEF, 0x6F, 0xEE, 0x6F, 0xEB, 0x57, 0xF5, 0xAF, 0xFF, 0xFF, 0xED, 0x67, 0xE4, 0x1F,
    0xE4, 0x1F, 0xE5, 0x1F, 0xE5, 0x27, 0xE7, 0x2F, 0xB2, 0x97, 0x7D, 0xEF, 0x7D, 0xEF, 0x7D, 0xEF,
    0x7D, 0xEF, 0x9E, 0xF7, 0x7D, 0xEF, 0x9E, 0xF7, 0x8E, 0x73, 0xA6, 0x52, 0x87, 0xC6, 0x87, 0xC6,
    0x87, 0xC6, 0x87, 0xC6, 0x87, 0xC6, 0x87, 0xC6, 0x87, 0xC6, 0x87, 0xC6, 0x87, 0xC6, 0x87, 0xC6,
    0x87, 0xC6, 0x87, 0xC6, 0x87, 0xC6, 0x88, 0xC6, 0x88, 0xC6, 0x88, 0xC6, 0x89, 0xCE, 0xAA, 0xCE,
    0xAA, 0xCE, 0xAA, 0xCE, 0xCA, 0xB5, 0x8A, 0x73, 0x06, 0x42, 0xC6, 0x39, 0x85, 0x31, 0x67, 0x4A,
    0x49, 0x63, 0x4A, 0xA5, 0xAA, 0xCE, 0xAA, 0xCE, 0xAA, 0xCE, 0x89, 0xCE, 0x88, 0xC6, 0x88, 0xC6,
    0x88, 0xC6, 0x87, 0xC6, 0x87, 0xC6, 0x87, 0xC6, 0x87, 0xC6, 0x87, 0xC6, 0x87, 0xC6, 0x87, 0xC6,
    0x87, 0xC6, 0x87, 0xC6, 0x87, 0xC6, 0x46, 0x31, 0xF7, 0xBD, 0x38, 0xC6, 0x38, 0xC6, 0x38, 0xC6,
    0x38, 0xC6, 0x38, 0xC6, 0x59, 0xCE, 0x59, 0xCE, 0x79, 0xCE, 0x79, 0xCE, 0x9A, 0xD6, 0x9A, 0xD6,
    0x59, 0xCE, 0xB2, 0x94, 0xAE, 0x73, 0xAE, 0x73, 0xAE, 0x73, 0xAE, 0x73, 0xAE, 0x73, 0xAE, 0x73,
    0xAE, 0x73, 0xCF, 0x7B, 0xAE, 0x73, 0xCF, 0x7B, 0xCF, 0x7B, 0xAE, 0x73, 0xCF, 0x7B, 0xCF, 0x7B,
    0xCF, 0x7B, 0xCF, 0x7B, 0xAE, 0x73, 0xAE, 0x73, 0xCF, 0x7B, 0xAE, 0x73, 0xCF, 0x7B, 0xCF, 0x7B,
    0xCF, 0x7B, 0xCF, 0x7B, 0xCF, 0x7B, 0xAE, 0x73, 0xCF, 0x7B, 0xCF, 0x7B, 0xAE, 0x73, 0xCF, 0x7B,
    0xCF, 0x7B, 0xAE, 0x73, 0xAE, 0x73, 0xCF, 0x7B, 0xCF, 0x7B, 0xCF, 0x7B, 0xCF, 0x7B, 0xAE, 0x73,
    0xAE, 0x73, 0xCF, 0x7B, 0xCF, 0x7B, 0xAF, 0x73, 0xCF, 0x7B, 0xCF, 0x7B, 0xCF, 0x7B, 0xCF, 0x7B,
    0xCF, 0x7B, 0xCF, 0x7B, 0xAE, 0x73, 0xCF, 0x7B, 0xCF, 0x7B, 0xCF, 0x7B, 0xCF, 0x7B, 0xCF, 0x7B,
    0xCF, 0x7B, 0xCF, 0x7B, 0xCF, 0x7B, 0xCF, 0x7B, 0xCF, 0x7B, 0xCF, 0x7B, 0xAE, 0x73, 0xCF, 0x7B,
    0xCF, 0x7B, 0xAE, 0x73, 0xCF, 0x7B, 0xCF, 0x7B, 0xCF, 0x7B, 0xCF, 0x7B, 0xAE, 0x73, 0xAE, 0x73,
    0xCF, 0x7B, 0xCF, 0x7B, 0xCF, 0x7B, 0xCF, 0x7B, 0xCF, 0x7B, 0xCF, 0x7B, 0xCF, 0x7B, 0xCF, 0x7B,
    0xCF, 0x7B, 0xCF, 0x7B, 0xAE, 0x73, 0xAE, 0x73, 0xCF, 0x7B, 0xCF, 0x7B, 0xAE, 0x73, 0xCF, 0x7B,
    0xCF, 0x7B, 0xEF, 0x7B, 0x55, 0xAD, 0x79, 0xCE, 0x59, 0xCE, 0x59, 0xCE, 0x59, 0xCE, 0x59, 0xCE,
    0x59, 0xCE, 0x14, 0xA5, 0x0C, 0x63, 0x1C, 0xDF, 0x1C, 0xE7, 0x3C, 0xE7, 0x5D, 0xEF, 0x7D, 0xEF,
    0xE4, 0x1F, 0xE4, 0x1F, 0xE4, 0x1F, 0xE4, 0x1F, 0xE4, 0x1F, 0xE4, 0x1F, 0xE4, 0x1F, 0xE4, 0x1F,
    0xE4, 0x1F, 0xE4, 0x1F, 0xE4, 0x1F, 0xE4, 0x1F, 0xE4, 0x1F, 0xE4, 0x1F, 0xE4, 0x1F, 0xE4, 0x1F,
    0xE4, 0x1F, 0xE4, 0x1F, 0xE4, 0x1F, 0xE4, 0x1F, 0xE4, 0x1F, 0xE4, 0x1F, 0xE4, 0x1F, 0xE4, 0x1F,
    0xE4, 0x1F, 0xE4, 0x1F, 0xE4, 0x1F, 0xE4, 0x1F, 0xE4, 0x1F, 0xE4, 0x1F, 0xE4, 0x1F, 0xE4, 0x1F,
    0xE4, 0x1F, 0xE4, 0x1F, 0xE4, 0x1F, 0xE4, 0x1F, 0xE4, 0x1F, 0xE4, 0x1F, 0xE4, 0x1F, 0xE4, 0x1F,
    0xE4, 0x1F, 0xE4, 0x1F, 0xE4, 0x1F, 0xE4, 0x1F, 0xE4, 0x1F, 0xE4, 0x1F, 0xE4, 0x1F, 0xE4, 0x1F,
    0xE4, 0x1F, 0xE4, 0x1F, 0xE4, 0x1F, 0xE4, 0x1F, 0xE4, 0x1F, 0xE4, 0x1F, 0xE4, 0x1F, 0xE4, 0x1F,
    0xE4, 0x1F, 0xE4, 0x1F, 0xE4, 0x1F, 0xE4, 0x1F, 0xE4, 0x1F, 0xE4, 0x1F, 0xE4, 0x1F, 0xE4, 0x1F,
    0xE4, 0x1F, 0xE4, 0x1F, 0xE4, 0x1F, 0xE4, 0x1F, 0xE4, 0x1F, 0xE4, 0x1F, 0xE4, 0x1F, 0xE4, 0x1F,
    0xE4, 0x1F, 0xE4, 0x1F, 0xE4, 0x1F, 0xE4, 0x1F, 0xE4, 0x1F, 0xE4, 0x1F, 0xE4, 0x1F, 0xE4, 0x1F,
    0xE4, 0x1F, 0xE4, 0x1F, 0xE4, 0x1F, 0xE4, 0x1F, 0xE4, 0x1F, 0xE4, 0x1F, 0xE4, 0x1F, 0xE4, 0x1F,
    0xE4, 0x1F, 0xE4, 0x1F, 0xE4, 0x1F, 0xE4, 0x1F, 0xE4, 0x1F, 0xE4, 0x1F, 0xE4, 0x1F, 0xE4, 0x1F,
    0xE4, 0x1F, 0xE4, 0x1F, 0xE4, 0x1F, 0xE4, 0x1F, 0xE4, 0x1F, 0xE4, 0x1F, 0xE4, 0x1F, 0xE4, 0x1F,
    0xE4, 0x1F, 0xE4, 0x1F, 0xE4, 0x1F, 0xE4, 0x1F, 0xE4, 0x1F, 0xE4, 0x1F, 0xE4, 0x1F, 0xE4, 0x1F,
    0xE4, 0x1F, 0xE4, 0x1F, 0xE4, 0x1F, 0xE6, 0x27, 0xF4, 0x9F, 0xFF, 0xFF, 0xFF, 0xFF, 0xFF, 0xFF,
    0xFE, 0xF7, 0xF5, 0xAF, 0xE4, 0x1F, 0xEB, 0x57, 0xFF, 0xFF, 0xF5, 0xAF, 0xE4, 0x1F, 0xE4, 0x1F,
    0xE4, 0x1F, 0xFF, 0xFF, 0xF9, 0xC7, 0xE4, 0x1F, 0xFC, 0xE7, 0xF9, 0xC7, 0xE4, 0x1F, 0xE4, 0x1F,
    0xE4, 0x1F, 0xF2, 0x8F, 0xFF, 0xFF, 0xFF, 0xFF, 0xFF, 0xFF, 0xF7, 0xB7, 0xE4, 0x1F, 0xE4, 0x1F,
    0xE4, 0x1F, 0xE5, 0x1F, 0xE5, 0x27, 0xE7, 0x2F, 0xB2, 0x97, 0x7D, 0xEF, 0x7D, 0xEF, 0x7D, 0xEF,
    0x7D, 0xEF, 0x7D, 0xEF, 0x9E, 0xF7, 0x9E, 0xF7, 0x1C, 0xE7, 0x69, 0x4A, 0x27, 0x63, 0x87, 0xC6,
    0x87, 0xC6, 0x87, 0xC6, 0x87, 0xC6, 0x87, 0xC6, 0x87, 0xC6, 0x87, 0xC6, 0x87, 0xC6, 0x87, 0xC6,
    0x87, 0xC6, 0x87, 0xC6, 0x87, 0xC6, 0x87, 0xC6, 0x88, 0xC6, 0x88, 0xC6, 0x89, 0xC6, 0x89, 0xCE,
    0xAA, 0xCE, 0xAA, 0xCE, 0xAA, 0xCE, 0xAA, 0xCE, 0xAA, 0xCE, 0xAA, 0xCE, 0xAA, 0xCE, 0xAA, 0xCE,
    0xAA, 0xCE, 0xAA, 0xCE, 0xAA, 0xCE, 0xAA, 0xCE, 0x89, 0xCE, 0x89, 0xC6, 0x88, 0xC6, 0x88, 0xC6,
    0x88, 0xC6, 0x87, 0xC6, 0x87, 0xC6, 0x87, 0xC6, 0x87, 0xC6, 0x87, 0xC6, 0x87, 0xC6, 0x87, 0xC6,
    0x87, 0xC6, 0x87, 0xC6, 0x87, 0xC6, 0x05, 0x42, 0x6D, 0x6B, 0x38, 0xC6, 0x38, 0xC6, 0x38, 0xC6,
    0x38, 0xC6, 0x38, 0xC6, 0x38, 0xC6, 0x59, 0xCE, 0x59, 0xCE, 0x79, 0xCE, 0x79, 0xCE, 0x9A, 0xD6,
    0x9A, 0xD6, 0x9A, 0xD6, 0xBA, 0xD6, 0xBA, 0xD6, 0xBA, 0xD6, 0xBA, 0xD6, 0xBA, 0xD6, 0xBA, 0xD6,
    0xBA, 0xD6, 0xBA, 0xD6, 0xBA, 0xD6, 0xBA, 0xD6, 0xBA, 0xD6, 0xBA, 0xD6, 0xBA, 0xD6, 0xBA, 0xD6,
    0xBA, 0xD6, 0xBA, 0xD6, 0xBA, 0xD6, 0xBA, 0xD6, 0xBA, 0xD6, 0xBA, 0xD6, 0xBA, 0xD6, 0xBA, 0xD6,
    0xBA, 0xD6, 0xBA, 0xD6, 0xBA, 0xD6, 0xBA, 0xD6, 0xBA, 0xD6, 0xBA, 0xD6, 0xBA, 0xD6, 0xBA, 0xD6,
    0xBA, 0xD6, 0xBA, 0xD6, 0xBA, 0xD6, 0xBA, 0xD6, 0xBA, 0xD6, 0xBA, 0xD6, 0xBA, 0xD6, 0xBA, 0xD6,
    0xBA, 0xD6, 0xBA, 0xD6, 0xBA, 0xD6, 0xBA, 0xD6, 0xBA, 0xD6, 0xBA, 0xD6, 0xBA, 0xD6, 0xBA, 0xD6,
    0xBA, 0xD6, 0xBA, 0xD6, 0xBA, 0xD6, 0xBA, 0xD6, 0xBA, 0xD6, 0xBA, 0xD6, 0xBA, 0xD6, 0xBA, 0xD6,
    0xBA, 0xD6, 0xBA, 0xD6, 0xBA, 0xD6, 0xBA, 0xD6, 0xBA, 0xD6, 0xBA, 0xD6, 0xBA, 0xD6, 0xBA, 0xD6,
    0xBA, 0xD6, 0xBA, 0xD6, 0xBA, 0xD6, 0xBA, 0xD6, 0xBA, 0xD6, 0xBA, 0xD6, 0xBA, 0xD6, 0xBA, 0xD6,
    0xBA, 0xD6, 0xBA, 0xD6, 0xBA, 0xD6, 0xBA, 0xD6, 0xBA, 0xD6, 0xBA, 0xD6, 0xBA, 0xD6, 0xBA, 0xD6,
    0xBA, 0xD6, 0xBA, 0xD6, 0xBA, 0xD6, 0xBA, 0xD6, 0xBA, 0xD6, 0xBA, 0xD6, 0xBA, 0xD6, 0xBA, 0xD6,
    0xBA, 0xD6, 0x9A, 0xD6, 0x9A, 0xD6, 0x79, 0xCE, 0x59, 0xCE, 0x59, 0xCE, 0x59, 0xCE, 0x59, 0xCE,
    0x59, 0xCE, 0x0C, 0x63, 0xD3, 0x9C, 0x1C, 0xDF, 0x3C, 0xE7, 0x3C, 0xE7, 0x5D, 0xEF, 0x9E, 0xF7,
    0xE4, 0x1F, 0xE4, 0x1F, 0xE4, 0x1F, 0xE4, 0x1F, 0xE4, 0x1F, 0xE4, 0x1F, 0xE4, 0x1F, 0xE4, 0x1F,
    0xE4, 0x1F, 0xE4, 0x1F, 0xE4, 0x1F, 0xE4, 0x1F, 0xE4, 0x1F, 0xE4, 0x1F, 0xE4, 0x1F, 0xE4, 0x1F,
    0xE4, 0x1F, 0xE4, 0x1F, 0xE4, 0x1F, 0xE4, 0x1F, 0xE4, 0x1F, 0xE4, 0x1F, 0xE4, 0x1F, 0xE4, 0x1F,
    0xE4, 0x1F, 0xE4, 0x1F, 0xE4, 0x1F, 0xE4, 0x1F, 0xE4, 0x1F, 0xE4, 0x1F, 0xE4, 0x1F, 0xE4, 0x1F,
    0xE4, 0x1F, 0xE4, 0x1F, 0xE4, 0x1F, 0xE4, 0x1F, 0xE4, 0x1F, 0xE4, 0x1F, 0xE4, 0x1F, 0xE4, 0x1F,
    0xE4, 0x1F, 0xE4, 0x1F, 0xE4, 0x1F, 0xE4, 0x1F, 0xE4, 0x1F, 0xE4, 0x1F, 0xE4, 0x1F, 0xE4, 0x1F,
    0xE4, 0x1F, 0xE4, 0x1F, 0xE4, 0x1F, 0xE4, 0x1F, 0xE4, 0x1F, 0xE4, 0x1F, 0xE4, 0x1F, 0xE4, 0x1F,
    0xE4, 0x1F, 0xE4, 0x1F, 0xE4, 0x1F, 0xE4, 0x1F, 0xE4, 0x1F, 0xE4, 0x1F, 0xE4, 0x1F, 0xE4, 0x1F,
    0xE4, 0x1F, 0xE4, 0x1F, 0xE4, 0x1F, 0xE4, 0x1F, 0xE4, 0x1F, 0xE4, 0x1F, 0xE4, 0x1F, 0xE4, 0x1F,
    0xE4, 0x1F, 0xE4, 0x1F, 0xE4, 0x1F, 0xE4, 0x1F, 0xE4, 0x1F, 0xE4, 0x1F, 0xE4, 0x1F, 0xE4, 0x1F,
    0xE4, 0x1F, 0xE4, 0x1F, 0xE4, 0x1F, 0xE4, 0x1F, 0xE4, 0x1F, 0xE4, 0x1F, 0xE4, 0x1F, 0xE4, 0x1F,
    0xE4, 0x1F, 0xE4, 0x1F, 0xE4, 0x1F, 0xE4, 0x1F, 0xE4, 0x1F, 0xE4, 0x1F, 0xE4, 0x1F, 0xE4, 0x1F,
    0xE4, 0x1F, 0xE4, 0x1F, 0xE4, 0x1F, 0xE4, 0x1F, 0xE4, 0x1F, 0xE4, 0x1F, 0xE4, 0x1F, 0xE4, 0x1F,
    0xE4, 0x1F, 0xE4, 0x1F, 0xE4, 0x1F, 0xE4, 0x1F, 0xE4, 0x1F, 0xE4, 0x1F, 0xE4, 0x1F, 0xE4, 0x1F,
    0xE4, 0x1F, 0xE4, 0x1F, 0xE4, 0x1F, 0xE4, 0x1F, 0xE4, 0x1F, 0xE4, 0x1F, 0xE8, 0x37, 0xE8, 0x37,
    0xE4, 0x1F, 0xE4, 0x1F, 0xE4, 0x1F, 0xE4, 0x1F, 0xE4, 0x1F, 0xE4, 0x1F, 0xE4, 0x1F, 0xE4, 0x1F,
    0xE4, 0x1F, 0xE4, 0x1F, 0xE4, 0x1F, 0xE4, 0x1F, 0xE4, 0x1F, 0xE4, 0x1F, 0xE4, 0x1F, 0xE4, 0x1F,
    0xE4, 0x1F, 0xE4, 0x1F, 0xE6, 0x27, 0xE8, 0x37, 0xE6, 0x27, 0xE4, 0x1F, 0xE4, 0x1F, 0xE4, 0x1F,
    0xE4, 0x1F, 0xE5, 0x1F, 0xE5, 0x27, 0xE6, 0x2F, 0xB1, 0x87, 0x7D, 0xEF, 0x7D, 0xEF, 0x7D, 0xEF,
    0x7D, 0xEF, 0x7D, 0xEF, 0x9E, 0xF7, 0x9E, 0xF7, 0x9E, 0xF7, 0x1C, 0xE7, 0x08, 0x42, 0x27, 0x63,
    0x87, 0xC6, 0x87, 0xC6, 0x87, 0xC6, 0x87, 0xC6, 0x87, 0xC6, 0x87, 0xC6, 0x87, 0xC6, 0x87, 0xC6,
    0x87, 0xC6, 0x87, 0xC6, 0x87, 0xC6, 0x87, 0xC6, 0x88, 0xC6, 0x88, 0xC6, 0x88, 0xC6, 0x89, 0xC6,
    0x89, 0xCE, 0xAA, 0xCE, 0xAA, 0xCE, 0xAA, 0xCE, 0xAA, 0xCE, 0xAA, 0xCE, 0xAA, 0xCE, 0xAA, 0xCE,
    0xAA, 0xCE, 0xAA, 0xCE, 0xAA, 0xCE, 0x89, 0xCE, 0x89, 0xC6, 0x88, 0xC6, 0x88, 0xC6, 0x88, 0xC6,
    0x87, 0xC6, 0x87, 0xC6, 0x87, 0xC6, 0x87, 0xC6, 0x87, 0xC6, 0x87, 0xC6, 0x87, 0xC6, 0x87, 0xC6,
    0x87, 0xC6, 0x87, 0xC6, 0x87, 0xC6, 0x08, 0xB6, 0xC5, 0x39, 0xAE, 0x73, 0x38, 0xC6, 0x38, 0xC6,
    0x38, 0xC6, 0x38, 0xC6, 0x38, 0xC6, 0x38, 0xC6, 0x59, 0xCE, 0x59, 0xCE, 0x79, 0xCE, 0x79, 0xCE,
    0x9A, 0xD6, 0x9A, 0xD6, 0x9A, 0xD6, 0x9A, 0xD6, 0x9A, 0xD6, 0x9A, 0xD6, 0x9A, 0xD6, 0xBA, 0xD6,
    0xBA, 0xD6, 0xBA, 0xD6, 0xBA, 0xD6, 0xBA, 0xD6, 0xBA, 0xD6, 0xBA, 0xD6, 0x9A, 0xD6, 0xBA, 0xD6,
    0xBA, 0xD6, 0xBA, 0xD6, 0xBA, 0xD6, 0xBA, 0xD6, 0xBA, 0xD6, 0xBA, 0xD6, 0xBA, 0xD6, 0xBA, 0xD6,
    0xBA, 0xD6, 0xBA, 0xD6, 0xBA, 0xD6, 0xBA, 0xD6, 0xBA, 0xD6, 0xBA, 0xD6, 0x9A, 0xD6, 0xBA, 0xD6,
    0xBA, 0xD6, 0xBA, 0xD6, 0xBA, 0xD6, 0xBA, 0xD6, 0xBA, 0xD6, 0xBA, 0xD6, 0xBA, 0xD6, 0xBA, 0xD6,
    0xBA, 0xD6, 0xBA, 0xD6, 0xBA, 0xD6, 0xBA, 0xD6, 0x9A, 0xD6, 0xBA, 0xD6, 0xBA, 0xD6, 0xBA, 0xD6,
    0xBA, 0xD6, 0xBA, 0xD6, 0xBA, 0xD6, 0xBA, 0xD6, 0xBA, 0xD6, 0xBA, 0xD6, 0x9A, 0xD6, 0xBA, 0xD6,
    0xBA, 0xD6, 0xBA, 0xD6, 0xBA, 0xD6, 0xBA, 0xD6, 0xBA, 0xD6, 0xBA, 0xD6, 0xBA, 0xD6, 0x9A, 0xD6,
    0xBA, 0xD6, 0xBA, 0xD6, 0xBA, 0xD6, 0xBA, 0xD6, 0xBA, 0xD6, 0xBA, 0xD6, 0x9A, 0xD6, 0xBA, 0xD6,
    0xBA, 0xD6, 0xBA, 0xD6, 0x9A, 0xD6, 0xBA, 0xD6, 0xBA, 0xD6, 0xBA, 0xD6, 0xBA, 0xD6, 0xBA, 0xD6,
    0xBA, 0xD6, 0xBA, 0xD6, 0xBA, 0xD6, 0xBA, 0xD6, 0x9A, 0xD6, 0xBA, 0xD6, 0xBA, 0xD6, 0xBA, 0xD6,
    0x9A, 0xD6, 0x9A, 0xD6, 0x9A, 0xD6, 0x79, 0xCE, 0x59, 0xCE, 0x59, 0xCE, 0x59, 0xCE, 0x59, 0xCE,
    0xB6, 0xB5, 0xE7, 0x39, 0xFB, 0xDE, 0x1C, 0xE7, 0x3C, 0xE7, 0x5D, 0xE7, 0x7D, 0xEF, 0x9E, 0xF7,
    0xE4, 0x1F, 0xE4, 0x1F, 0xE4, 0x1F, 0xE4, 0x1F, 0xE4, 0x1F, 0xE4, 0x1F, 0xE4, 0x1F, 0xE4, 0x1F,
    0xE4, 0x1F, 0xE4, 0x1F, 0xE4, 0x1F, 0xE4, 0x1F, 0xE4, 0x1F, 0xE4, 0x1F, 0xE4, 0x1F, 0xE4, 0x1F,
    0xE4, 0x1F, 0xE4, 0x1F, 0xE4, 0x1F, 0xE4, 0x1F, 0xE4, 0x1F, 0xE4, 0x1F, 0xE4, 0x1F, 0xE4, 0x1F,
    0xE4, 0x1F, 0xE4, 0x1F, 0xE4, 0x1F, 0xE4, 0x1F, 0xE4, 0x1F, 0xE4, 0x1F, 0xE4, 0x1F, 0xE4, 0x1F,
    0xE4, 0x1F, 0xE4, 0x1F, 0xE4, 0x1F, 0xE4, 0x1F, 0xE4, 0x1F, 0xE4, 0x1F, 0xE4, 0x1F, 0xE4, 0x1F,
    0xE4, 0x1F, 0xE4, 0x1F, 0xE4, 0x1F, 0xE4, 0x1F, 0xE4, 0x1F, 0xE4, 0x1F, 0xE4, 0x1F, 0xE4, 0x1F,
    0xE4, 0x1F, 0xE4, 0x1F, 0xE4, 0x1F, 0xE4, 0x1F, 0xE4, 0x1F, 0xE4, 0x1F, 0xE4, 0x1F, 0xE4, 0x1F,
    0xE4, 0x1F, 0xE4, 0x1F, 0xE4, 0x1F, 0xE4, 0x1F, 0xE4, 0x1F, 0xE4, 0x1F, 0xE4, 0x1F, 0xE4, 0x1F,
    0xE4, 0x1F, 0xE4, 0x1F, 0xE4, 0x1F, 0xE4, 0x1F, 0xE4, 0x1F, 0xE4, 0x1F, 0xE4, 0x1F, 0xE4, 0x1F,
    0xE4, 0x1F, 0xE4, 0x1F, 0xE4, 0x1F, 0xE4, 0x1F, 0xE4, 0x1F, 0xE4, 0x1F, 0xE4, 0x1F, 0xE4, 0x1F,
    0xE4, 0x1F, 0xE4, 0x1F, 0xE4, 0x1F, 0xE4, 0x1F, 0xE4, 0x1F, 0xE4, 0x1F, 0xE4, 0x1F, 0xE4, 0x1F,
    0xE4, 0x1F, 0xE4, 0x1F, 0xE4, 0x1F, 0xE4, 0x1F, 0xE4, 0x1F, 0xE4, 0x1F, 0xE4, 0x1F, 0xE4, 0x1F,
    0xE4, 0x1F, 0xE4, 0x1F, 0xE4, 0x1F, 0xE4, 0x1F, 0xE4, 0x1F, 0xE4, 0x1F, 0xE4, 0x1F, 0xE4, 0x1F,
    0xE4, 0x1F, 0xE4, 0x1F, 0xE4, 0x1F, 0xE4, 0x1F, 0xE4, 0x1F, 0xE4, 0x1F, 0xE4, 0x1F, 0xE4, 0x1F,
    0xE4, 0x1F, 0xE4, 0x1F, 0xE4, 0x1F, 0xE4, 0x1F, 0xE4, 0x1F, 0xE4, 0x1F, 0xE4, 0x1F, 0xE4, 0x1F,
    0xE4, 0x1F, 0xE4, 0x1F, 0xE4, 0x1F, 0xE4, 0x1F, 0xE4, 0x1F, 0xE4, 0x1F, 0xE4, 0x1F, 0xE4, 0x1F,
    0xE4, 0x1F, 0xE4, 0x1F, 0xE4, 0x1F, 0xE4, 0x1F, 0xE4, 0x1F, 0xE4, 0x1F, 0xE4, 0x1F, 0xE4, 0x1F,
    0xE4, 0x1F, 0xE4, 0x1F, 0xE4, 0x1F, 0xE4, 0x1F, 0xE4, 0x1F, 0xE4, 0x1F, 0xE4, 0x1F, 0xE4, 0x1F,
    0xE4, 0x1F, 0xE5, 0x1F, 0xE5, 0x27, 0xE6, 0x2F, 0xEA, 0x47, 0x7D, 0xEF, 0x7D, 0xEF, 0x7D, 0xEF,
    0x7D, 0xEF, 0x7D, 0xEF, 0x7D, 0xEF, 0x7D, 0xEF, 0x9E, 0xF7, 0x9E, 0xF7, 0xBA, 0xD6, 0x08, 0x42,
    0xC8, 0x73, 0x87, 0xC6, 0x87, 0xC6, 0x87, 0xC6, 0x87, 0xC6, 0x87, 0xC6, 0x87, 0xC6, 0x87, 0xC6,
    0x87, 0xC6, 0x87, 0xC6, 0x87, 0xC6, 0x87, 0xC6, 0x67, 0xC6, 0x88, 0xC6, 0x88, 0xC6, 0x88, 0xC6,
    0x89, 0xC6, 0x89, 0xCE, 0x89, 0xCE, 0xAA, 0xCE, 0xAA, 0xCE, 0xAA, 0xCE, 0xAA, 0xCE, 0xAA, 0xCE,
    0xAA, 0xCE, 0x89, 0xCE, 0x89, 0xCE, 0x89, 0xCE, 0x88, 0xC6, 0x88, 0xC6, 0x88, 0xC6, 0x87, 0xC6,
    0x87, 0xC6, 0x87, 0xC6, 0x87, 0xC6, 0x87, 0xC6, 0x87, 0xC6, 0x87, 0xC6, 0x87, 0xC6, 0x87, 0xC6,
    0x87, 0xC6, 0x87, 0xC6, 0x87, 0xC6, 0x87, 0xC6, 0x08, 0xB6, 0xC5, 0x39, 0x0C, 0x63, 0x38, 0xC6,
    0x38, 0xC6, 0x38, 0xC6, 0x38, 0xC6, 0x38, 0xC6, 0x59, 0xCE, 0x59, 0xCE, 0x59, 0xCE, 0x79, 0xCE,
    0x79, 0xCE, 0x79, 0xCE, 0x9A, 0xD6, 0x9A, 0xD6, 0x9A, 0xD6, 0x9A, 0xD6, 0x9A, 0xD6, 0x9A, 0xD6,
    0x9A, 0xD6, 0x9A, 0xD6, 0x9A, 0xD6, 0x9A, 0xD6, 0x9A, 0xD6, 0x9A, 0xD6, 0x9A, 0xD6, 0x9A, 0xD6,
    0x9A, 0xD6, 0x9A, 0xD6, 0x9A, 0xD6, 0x9A, 0xD6, 0x9A, 0xD6, 0x9A, 0xD6, 0x9A, 0xD6, 0x9A, 0xD6,
    0x9A, 0xD6, 0x9A, 0xD6, 0x9A, 0xD6, 0x9A, 0xD6, 0x9A, 0xD6, 0x9A, 0xD6, 0x9A, 0xD6, 0x9A, 0xD6,
    0x9A, 0xD6, 0x9A, 0xD6, 0x9A, 0xD6, 0x9A, 0xD6, 0x9A, 0xD6, 0x9A, 0xD6, 0x9A, 0xD6, 0x9A, 0xD6,
    0x9A, 0xD6, 0x9A, 0xD6, 0x9A, 0xD6, 0x9A, 0xD6, 0x9A, 0xD6, 0x9A, 0xD6, 0x9A, 0xD6, 0x9A, 0xD6,
    0x9A, 0xD6, 0x9A, 0xD6, 0x9A, 0xD6, 0x9A, 0xD6, 0x9A, 0xD6, 0x9A, 0xD6, 0x9A, 0xD6, 0x9A, 0xD6,
    0x9A, 0xD6, 0x9A, 0xD6, 0x9A, 0xD6, 0x9A, 0xD6, 0x9A, 0xD6, 0x9A, 0xD6, 0x9A, 0xD6, 0x9A, 0xD6,
    0x9A, 0xD6, 0x9A, 0xD6, 0x9A, 0xD6, 0x9A, 0xD6, 0x9A, 0xD6, 0x9A, 0xD6, 0x9A, 0xD6, 0x9A, 0xD6,
    0x9A, 0xD6, 0x9A, 0xD6, 0x9A, 0xD6, 0xBA, 0xD6, 0x9A, 0xD6, 0x9A, 0xD6, 0x9A, 0xD6, 0x9A, 0xD6,
    0x9A, 0xD6, 0x9A, 0xD6, 0x9A, 0xD6, 0x9A, 0xD6, 0x9A, 0xD6, 0x9A, 0xD6, 0x9A, 0xD6, 0x9A, 0xD6,
    0x9A, 0xD6, 0x79, 0xCE, 0x79, 0xCE, 0x79, 0xCE, 0x59, 0xCE, 0x59, 0xCE, 0x59, 0xCE, 0x59, 0xCE,
    0xCB, 0x5A, 0xD3, 0x9C, 0xFB, 0xDE, 0x1C, 0xE7, 0x3C, 0xE7, 0x5D, 0xEF, 0x7D, 0xEF, 0x9E, 0xF7,
    0xE4, 0x1F, 0xE4, 0x1F, 0xE4, 0x1F, 0xE4, 0x1F, 0xE4, 0x1F, 0xE4, 0x1F, 0xE4, 0x1F, 0xE4, 0x1F,
    0xE4, 0x1F, 0xE4, 0x1F, 0xE4, 0x1F, 0xE4, 0x1F, 0xE4, 0x1F, 0xE4, 0x1F, 0xE4, 0x1F, 0xE4, 0x1F,
    0xE4, 0x1F, 0xE4, 0x1F, 0xE4, 0x1F, 0xE4, 0x1F, 0xE4, 0x1F, 0xE4, 0x1F, 0xE4, 0x1F, 0xE4, 0x1F,
    0xE4, 0x1F, 0xE4, 0x1F, 0xE4, 0x1F, 0xE4, 0x1F, 0xE4, 0x1F, 0xE4, 0x1F, 0xE4, 0x1F, 0xE4, 0x1F,
    0xE4, 0x1F, 0xE4, 0x1F, 0xE4, 0x1F, 0xE4, 0x1F, 0xE4, 0x1F, 0xE4, 0x1F, 0xE4, 0x1F, 0xE4, 0x1F,
    0xE4, 0x1F, 0xE4, 0x1F, 0xE4, 0x1F, 0xE4, 0x1F, 0xE4, 0x1F, 0xE4, 0x1F, 0xE4, 0x1F, 0xE4, 0x1F,
    0xE4, 0x1F, 0xE4, 0x1F, 0xE4, 0x1F, 0xE4, 0x1F, 0xE4, 0x1F, 0xE4, 0x1F, 0xE4, 0x1F, 0xE4, 0x1F,
    0xE4, 0x1F, 0xE4, 0x1F, 0xE4, 0x1F, 0xE4, 0x1F, 0xE4, 0x1F, 0xE4, 0x1F, 0xE4, 0x1F, 0xE4, 0x1F,
    0xE4, 0x1F, 0xE4, 0x1F, 0xE4, 0x1F, 0xE4, 0x1F, 0xE4, 0x1F, 0xE4, 0x1F, 0xE4, 0x1F, 0xE4, 0x1F,
    0xE4, 0x1F, 0xE4, 0x1F, 0xE4, 0x1F, 0xE4, 0x1F, 0xE4, 0x1F, 0xE4, 0x1F, 0xE4, 0x1F, 0xE4, 0x1F,
    0xE4, 0x1F, 0xE4, 0x1F, 0xE4, 0x1F, 0xE4, 0x1F, 0xE4, 0x1F, 0xE4, 0x1F, 0xE4, 0x1F, 0xE4, 0x1F,
    0xE4, 0x1F, 0xE4, 0x1F, 0xE4, 0x1F, 0xE4, 0x1F, 0xE4, 0x1F, 0xE4, 0x1F, 0xE4, 0x1F, 0xE4, 0x1F,
    0xE4, 0x1F, 0xE4, 0x1F, 0xE4, 0x1F, 0xE4, 0x1F, 0xE4, 0x1F, 0xE4, 0x1F, 0xE4, 0x1F, 0xE4, 0x1F,
    0xE4, 0x1F, 0xE4, 0x1F, 0xE4, 0x1F, 0xE4, 0x1F, 0xE4, 0x1F, 0xE4, 0x1F, 0xE4, 0x1F, 0xE4, 0x1F,
    0xE4, 0x1F, 0xE4, 0x1F, 0xE4, 0x1F, 0xE4, 0x1F, 0xE4, 0x1F, 0xE4, 0x1F, 0xE4, 0x1F, 0xE4, 0x1F,
    0xE4, 0x1F, 0xE4, 0x1F, 0xE4, 0x1F, 0xE4, 0x1F, 0xE4, 0x1F, 0xE4, 0x1F, 0xE4, 0x1F, 0xE4, 0x1F,
    0xE4, 0x1F, 0xE4, 0x1F, 0xE4, 0x1F, 0xE4, 0x1F, 0xE4, 0x1F, 0xE4, 0x1F, 0xE4, 0x1F, 0xE4, 0x1F,
    0xE4, 0x1F, 0xE4, 0x1F, 0xE4, 0x1F, 0xE4, 0x1F, 0xE4, 0x1F, 0xE4, 0x1F, 0xE4, 0x1F, 0xE4, 0x1F,
    0xE4, 0x1F, 0xE5, 0x1F, 0xE5, 0x27, 0xE7, 0x2F, 0xE8, 0x3F, 0xD2, 0x97, 0x7D, 0xEF, 0x7D, 0xEF,
    0x7D, 0xEF, 0x7D, 0xEF, 0x7D, 0xEF, 0x7D, 0xEF, 0x9E, 0xF7, 0x9E, 0xF7, 0x9E, 0xF7, 0xDB, 0xDE,
    0x86, 0x31, 0x09, 0x9D, 0x87, 0xC6, 0x87, 0xC6, 0x87, 0xC6, 0x87, 0xC6, 0x87, 0xC6, 0x87, 0xC6,
    0x87, 0xC6, 0x87, 0xC6, 0x87, 0xC6, 0x87, 0xC6, 0x87, 0xC6, 0x88, 0xC6, 0x88, 0xC6, 0x88, 0xC6,
    0x88, 0xC6, 0x88, 0xC6, 0x89, 0xCE, 0x89, 0xCE, 0xA9, 0xCE, 0x89, 0xCE, 0x89, 0xCE, 0x89, 0xCE,
    0x89, 0xCE, 0x89, 0xC6, 0x88, 0xC6, 0x88, 0xC6, 0x88, 0xC6, 0x88, 0xC6, 0x67, 0xC6, 0x87, 0xC6,
    0x87, 0xC6, 0x87, 0xC6, 0x87, 0xC6, 0x87, 0xC6, 0x87, 0xC6, 0x87, 0xC6, 0x87, 0xC6, 0x87, 0xC6,
    0x87, 0xC6, 0x87, 0xC6, 0x87, 0xC6, 0x87, 0xC6, 0x87, 0xC6, 0x87, 0xC6, 0xA6, 0x52, 0xCB, 0x5A,
    0xF7, 0xBD, 0x38, 0xC6, 0x38, 0xC6, 0x38, 0xC6, 0x38, 0xC6, 0x38, 0xC6, 0x59, 0xCE, 0x59, 0xCE,
    0x59, 0xCE, 0x79, 0xCE, 0x79, 0xCE, 0x79, 0xCE, 0x79, 0xCE, 0x79, 0xCE, 0x9A, 0xD6, 0x79, 0xCE,
    0x79, 0xCE, 0x79, 0xCE, 0x79, 0xCE, 0x9A, 0xD6, 0x9A, 0xD6, 0x9A, 0xD6, 0x9A, 0xD6, 0x9A, 0xD6,
    0x9A, 0xD6, 0x9A, 0xD6, 0x9A, 0xD6, 0x9A, 0xD6, 0x9A, 0xD6, 0x9A, 0xD6, 0x9A, 0xD6, 0x9A, 0xD6,
    0x79, 0xCE, 0x79, 0xCE, 0x9A, 0xD6, 0x9A, 0xD6, 0x79, 0xCE, 0x79, 0xCE, 0x9A, 0xD6, 0x9A, 0xD6,
    0x9A, 0xD6, 0x9A, 0xD6, 0x9A, 0xD6, 0x9A, 0xD6, 0x79, 0xCE, 0x9A, 0xD6, 0x9A, 0xD6, 0x9A, 0xD6,
    0x9A, 0xD6, 0x9A, 0xD6, 0x9A, 0xD6, 0x9A, 0xD6, 0x9A, 0xD6, 0x9A, 0xD6, 0x9A, 0xD6, 0x9A, 0xD6,
    0x9A, 0xD6, 0x9A, 0xD6, 0x9A, 0xD6, 0x9A, 0xD6, 0x9A, 0xD6, 0x9A, 0xD6, 0x9A, 0xD6, 0x9A, 0xD6,
    0x9A, 0xD6, 0x9A, 0xD6, 0x9A, 0xD6, 0x79, 0xCE, 0x9A, 0xD6, 0x9A, 0xD6, 0x9A, 0xD6, 0x9A, 0xD6,
    0x9A, 0xD6, 0x9A, 0xD6, 0x9A, 0xD6, 0x9A, 0xD6, 0x79, 0xCE, 0x79, 0xCE, 0x9A, 0xD6, 0x79, 0xCE,
    0x9A, 0xD6, 0x79, 0xCE, 0x9A, 0xD6, 0x9A, 0xD6, 0x9A, 0xD6, 0x79, 0xCE, 0x9A, 0xD6, 0x9A, 0xD6,
    0x9A, 0xD6, 0x9A, 0xD6, 0x9A, 0xD6, 0x9A, 0xD6, 0x9A, 0xD6, 0x9A, 0xD6, 0x9A, 0xD6, 0x9A, 0xD6,
    0x79, 0xCE, 0x79, 0xCE, 0x79, 0xCE, 0x59, 0xCE, 0x59, 0xCE, 0x59, 0xCE, 0x59, 0xCE, 0x6D, 0x6B,
    0x10, 0x84, 0xFB, 0xDE, 0x1C, 0xE7, 0x1C, 0xE7, 0x3C, 0xE7, 0x5D, 0xEF, 0x7D, 0xEF, 0x9E, 0xF7,
    0xE4, 0x1F, 0xE4, 0x1F, 0xE4, 0x1F, 0xE4, 0x1F, 0xE4, 0x1F, 0xE4, 0x1F, 0xE4, 0x1F, 0xE4, 0x1F,
    0xE4, 0x1F, 0xE4, 0x1F, 0xE4, 0x1F, 0xE4, 0x1F, 0xE4, 0x1F, 0xE4, 0x1F, 0xE4, 0x1F, 0xE4, 0x1F,
    0xE4, 0x1F, 0xE4, 0x1F, 0xE4, 0x1F, 0xE4, 0x1F, 0xE4, 0x1F, 0xE4, 0x1F, 0xE4, 0x1F, 0xE4, 0x1F,
    0xE4, 0x1F, 0xE4, 0x1F, 0xE4, 0x1F, 0xE4, 0x1F, 0xE4, 0x1F, 0xE4, 0x1F, 0xE4, 0x1F, 0xE4, 0x1F,
    0xE4, 0x1F, 0xE4, 0x1F, 0xE4, 0x1F, 0xE4, 0x1F, 0xE4, 0x1F, 0xE4, 0x1F, 0xE4, 0x1F, 0xE4, 0x1F,
    0xE4, 0x1F, 0xE4, 0x1F, 0xE4, 0x1F, 0xE4, 0x1F, 0xE4, 0x1F, 0xE4, 0x1F, 0xE4, 0x1F, 0xE4, 0x1F,
    0xE4, 0x1F, 0xE4, 0x1F, 0xE4, 0x1F, 0xE4, 0x1F, 0xE4, 0x1F, 0xE4, 0x1F, 0xE4, 0x1F, 0xE4, 0x1F,
    0xE4, 0x1F, 0xE4, 0x1F, 0xE4, 0x1F, 0xE4, 0x1F, 0xE4, 0x1F, 0xE4, 0x1F, 0xE4, 0x1F, 0xE4, 0x1F,
    0xE4, 0x1F, 0xE4, 0x1F, 0xE4, 0x1F, 0xE4, 0x1F, 0xE4, 0x1F, 0xE4, 0x1F, 0xE4, 0x1F, 0xE4, 0x1F,
    0xE4, 0x1F, 0xE4, 0x1F, 0xE4, 0x1F, 0xE4, 0x1F, 0xE4, 0x1F, 0xE4, 0x1F, 0xE4, 0x1F, 0xE4, 0x1F,
    0xE4, 0x1F, 0xE4, 0x1F, 0xE4, 0x1F, 0xE4, 0x1F, 0xE4, 0x1F, 0xE4, 0x1F, 0xE4, 0x1F, 0xE4, 0x1F,
    0xE4, 0x1F, 0xE4, 0x1F, 0xE4, 0x1F, 0xE4, 0x1F, 0xE4, 0x1F, 0xE4, 0x1F, 0xE4, 0x1F, 0xE4, 0x1F,
    0xE4, 0x1F, 0xE4, 0x1F, 0xE4, 0x1F, 0xE4, 0x1F, 0xE4, 0x1F, 0xE4, 0x1F, 0xE4, 0x1F, 0xE4, 0x1F,
    0xE4, 0x1F, 0xE4, 0x1F, 0xE4, 0x1F, 0xE4, 0x1F, 0xE4, 0x1F, 0xE4, 0x1F, 0xE4, 0x1F, 0xE4, 0x1F,
    0xE4, 0x1F, 0xE4, 0x1F, 0xE4, 0x1F, 0xE4, 0x1F, 0xE4, 0x1F, 0xE4, 0x1F, 0xE4, 0x1F, 0xE4, 0x1F,
    0xE4, 0x1F, 0xE4, 0x1F, 0xE4, 0x1F, 0xE4, 0x1F, 0xE4, 0x1F, 0xE4, 0x1F, 0xE4, 0x1F, 0xE4, 0x1F,
    0xE4, 0x1F, 0xE4, 0x1F, 0xE4, 0x1F, 0xE4, 0x1F, 0xE4, 0x1F, 0xE4, 0x1F, 0xE4, 0x1F, 0xE4, 0x1F,
    0xE4, 0x1F, 0xE4, 0x1F, 0xE4, 0x1F, 0xE4, 0x1F, 0xE4, 0x1F, 0xE4, 0x1F, 0xE4, 0x1F, 0xE4, 0x1F,
    0xE4, 0x1F, 0xE4, 0x1F, 0xE5, 0x27, 0xE6, 0x2F, 0xE8, 0x3F, 0xEA, 0x47, 0xB4, 0x9F, 0x7D, 0xEF,
    0x7D, 0xEF, 0x7D, 0xEF, 0x7D, 0xEF, 0x7D, 0xEF, 0x9E, 0xF7, 0x9E, 0xF7, 0x9E, 0xF7, 0x9E, 0xF7,
    0x59, 0xCE, 0x46, 0x31, 0x88, 0xAD, 0x87, 0xC6, 0x87, 0xC6, 0x87, 0xC6, 0x87, 0xC6, 0x87, 0xC6,
    0x87, 0xC6, 0x87, 0xC6, 0x87, 0xC6, 0x87, 0xC6, 0x87, 0xC6, 0x87, 0xC6, 0x87, 0xC6, 0x88, 0xC6,
    0x88, 0xC6, 0x88, 0xC6, 0x88, 0xC6, 0x88, 0xC6, 0x88, 0xC6, 0x88, 0xCE, 0x88, 0xCE, 0x88, 0xCE,
    0x88, 0xC6, 0x88, 0xC6, 0x88, 0xC6, 0x88, 0xC6, 0x88, 0xC6, 0x88, 0xC6, 0x87, 0xC6, 0x87, 0xC6,
    0x87, 0xC6, 0x87, 0xC6, 0x87, 0xC6, 0x87, 0xC6, 0x87, 0xC6, 0x87, 0xC6, 0x87, 0xC6, 0x87, 0xC6,
    0x87, 0xC6, 0x87, 0xC6, 0x87, 0xC6, 0x87, 0xC6, 0x87, 0xC6, 0x87, 0xC6, 0x87, 0xC6, 0xE7, 0x5A,
    0x28, 0x42, 0xF7, 0xBD, 0x38, 0xC6, 0x38, 0xC6, 0x38, 0xC6, 0x38, 0xC6, 0x59, 0xCE, 0x59, 0xCE,
    0x59, 0xCE, 0x59, 0xCE, 0x59, 0xCE, 0x79, 0xCE, 0x79, 0xCE, 0x79, 0xCE, 0x79, 0xCE, 0x79, 0xCE,
    0x79, 0xCE, 0x79, 0xCE, 0x79, 0xCE, 0x79, 0xCE, 0x79, 0xCE, 0x79, 0xCE, 0x79, 0xCE, 0x79, 0xCE,
    0x79, 0xCE, 0x79, 0xCE, 0x79, 0xCE, 0x79, 0xCE, 0x79, 0xCE, 0x79, 0xCE, 0x79, 0xCE, 0x79, 0xCE,
    0x79, 0xCE, 0x79, 0xCE, 0x79, 0xCE, 0x79, 0xCE, 0x79, 0xCE, 0x79, 0xCE, 0x79, 0xCE, 0x79, 0xCE,
    0x79, 0xCE, 0x79, 0xCE, 0x79, 0xCE, 0x79, 0xCE, 0x79, 0xCE, 0x79, 0xCE, 0x79, 0xCE, 0x79, 0xCE,
    0x79, 0xCE, 0x79, 0xCE, 0x79, 0xCE, 0x79, 0xCE, 0x79, 0xCE, 0x79, 0xCE, 0x79, 0xCE, 0x79, 0xCE,
    0x79, 0xCE, 0x79, 0xCE, 0x79, 0xCE, 0x79, 0xCE, 0x79, 0xCE, 0x79, 0xCE, 0x79, 0xCE, 0x79, 0xCE,
    0x79, 0xCE, 0x79, 0xCE, 0x79, 0xCE, 0x79, 0xCE, 0x79, 0xCE, 0x79, 0xCE, 0x79, 0xCE, 0x79, 0xCE,
    0x79, 0xCE, 0x79, 0xCE, 0x79, 0xCE, 0x79, 0xCE, 0x79, 0xCE, 0x79, 0xCE, 0x79, 0xCE, 0x79, 0xCE,
    0x79, 0xCE, 0x79, 0xCE, 0x79, 0xCE, 0x79, 0xCE, 0x79, 0xCE, 0x79, 0xCE, 0x79, 0xCE, 0x79, 0xCE,
    0x79, 0xCE, 0x79, 0xCE, 0x79, 0xCE, 0x79, 0xCE, 0x79, 0xCE, 0x79, 0xCE, 0x79, 0xCE, 0x79, 0xCE,
    0x79, 0xCE, 0x79, 0xCE, 0x59, 0xCE, 0x59, 0xCE, 0x59, 0xCE, 0x96, 0xB5, 0x69, 0x4A, 0xAE, 0x73,
    0xFB, 0xDE, 0xFB, 0xDE, 0x1C, 0xE7, 0x3C, 0xE7, 0x3C, 0xE7, 0x7D, 0xEF, 0x7D, 0xEF, 0x9E, 0xF7,
    0xE4, 0x1F, 0xE4, 0x1F, 0xE4, 0x1F, 0xE4, 0x1F, 0xE4, 0x1F, 0xE4, 0x1F, 0xE4, 0x1F, 0xE4, 0x1F,
    0xE4, 0x1F, 0xE4, 0x1F, 0xE4, 0x1F, 0xE4, 0x1F, 0xE4, 0x1F, 0xE4, 0x1F, 0xE4, 0x1F, 0xE4, 0x1F,
    0xE4, 0x1F, 0xE4, 0x1F, 0xE4, 0x1F, 0xE4, 0x1F, 0xE4, 0x1F, 0xE4, 0x1F, 0xE4, 0x1F, 0xE4, 0x1F,
    0xE4, 0x1F, 0xE4, 0x1F, 0xE4, 0x1F, 0xE4, 0x1F, 0xE4, 0x1F, 0xE4, 0x1F, 0xE4, 0x1F, 0xE4, 0x1F,
    0xE4, 0x1F, 0xE4, 0x1F, 0xE4, 0x1F, 0xE4, 0x1F, 0xE4, 0x1F, 0xE4, 0x1F, 0xE4, 0x1F, 0xE4, 0x1F,
    0xE4, 0x1F, 0xE4, 0x1F, 0xE4, 0x1F, 0xE4, 0x1F, 0xE4, 0x1F, 0xE4, 0x1F, 0xE4, 0x1F, 0xE4, 0x1F,
    0xE4, 0x1F, 0xE4, 0x1F, 0xE4, 0x1F, 0xE4, 0x1F, 0xE4, 0x1F, 0xE4, 0x1F, 0xE4, 0x1F, 0xE4, 0x1F,
    0xE4, 0x1F, 0xE4, 0x1F, 0xE4, 0x1F, 0xE4, 0x1F, 0xE4, 0x1F, 0xE4, 0x1F, 0xE4, 0x1F, 0xE4, 0x1F,
    0xE4, 0x1F, 0xE4, 0x1F, 0xE4, 0x1F, 0xE4, 0x1F, 0xE4, 0x1F, 0xE4, 0x1F, 0xE4, 0x1F, 0xE4, 0x1F,
    0xE4, 0x1F, 0xE4, 0x1F, 0xE4, 0x1F, 0xE4, 0x1F, 0xE4, 0x1F, 0xE4, 0x1F, 0xE4, 0x1F, 0xE4, 0x1F,
    0xE4, 0x1F, 0xE4, 0x1F, 0xE4, 0x1F, 0xE4, 0x1F, 0xE4, 0x1F, 0xE4, 0x1F, 0xE4, 0x1F, 0xE4, 0x1F,
    0xE4, 0x1F, 0xE4, 0x1F, 0xE4, 0x1F, 0xE4, 0x1F, 0xE4, 0x1F, 0xE4, 0x1F, 0xE4, 0x1F, 0xE4, 0x1F,
    0xE4, 0x1F, 0xE4, 0x1F, 0xE4, 0x1F, 0xE4, 0x1F, 0xE4, 0x1F, 0xE4, 0x1F, 0xE4, 0x1F, 0xE4, 0x1F,
    0xE4, 0x1F, 0xE4, 0x1F, 0xE4, 0x1F, 0xE4, 0x1F, 0xE4, 0x1F, 0xE4, 0x1F, 0xE4, 0x1F, 0xE4, 0x1F,
    0xE4, 0x1F, 0xE4, 0x1F, 0xE4, 0x1F, 0xE4, 0x1F, 0xE4, 0x1F, 0xE4, 0x1F, 0xE4, 0x1F, 0xE4, 0x1F,
    0xE4, 0x1F, 0xE4, 0x1F, 0xE4, 0x1F, 0xE4, 0x1F, 0xE4, 0x1F, 0xE4, 0x1F, 0xE4, 0x1F, 0xE4, 0x1F,
    0xE4, 0x1F, 0xE4, 0x1F, 0xE4, 0x1F, 0xE4, 0x1F, 0xE4, 0x1F, 0xE4, 0x1F, 0xE4, 0x1F, 0xE4, 0x1F,
    0xE4, 0x1F, 0xE4, 0x1F, 0xE4, 0x1F, 0xE4, 0x1F, 0xE4, 0x1F, 0xE4, 0x1F, 0xE4, 0x1F, 0xE4, 0x1F,
    0xE4, 0x1F, 0xE4, 0x1F, 0xE5, 0x1F, 0xE6, 0x27, 0xE8, 0x37, 0xE9, 0x47, 0xEB, 0x57, 0xD2, 0x97,
    0x7D, 0xEF, 0x7D, 0xEF, 0x7D, 0xEF, 0x9E, 0xF7, 0x7D, 0xEF, 0x9E, 0xF7, 0x9E, 0xF7, 0x9E, 0xF7,
    0x9E, 0xF7, 0x34, 0xA5, 0x87, 0x39, 0x88, 0xAD, 0x87, 0xC6, 0x87, 0xC6, 0x87, 0xC6, 0x87, 0xC6,
    0x87, 0xC6, 0x87, 0xC6, 0x87, 0xC6, 0x87, 0xC6, 0x87, 0xC6, 0x87, 0xC6, 0x87, 0xC6, 0x87, 0xC6,
    0x88, 0xC6, 0x88, 0xC6, 0x88, 0xC6, 0x88, 0xC6, 0x88, 0xC6, 0x88, 0xC6, 0x88, 0xC6, 0x88, 0xC6,
    0x88, 0xC6, 0x88, 0xC6, 0x88, 0xC6, 0x88, 0xC6, 0x87, 0xC6, 0x87, 0xC6, 0x87, 0xC6, 0x87, 0xC6,
    0x87, 0xC6, 0x87, 0xC6, 0x87, 0xC6, 0x87, 0xC6, 0x87, 0xC6, 0x87, 0xC6, 0x87, 0xC6, 0x87, 0xC6,
    0x87, 0xC6, 0x87, 0xC6, 0x87, 0xC6, 0x87, 0xC6, 0x87, 0xC6, 0x87, 0xC6, 0x87, 0xC6, 0x87, 0xC6,
    0x27, 0x63, 0xC7, 0x39, 0x96, 0xB5, 0x38, 0xC6, 0x38, 0xC6, 0x38, 0xC6, 0x38, 0xC6, 0x38, 0xC6,
    0x59, 0xCE, 0x59, 0xCE, 0x59, 0xCE, 0x59, 0xCE, 0x59, 0xCE, 0x59, 0xCE, 0x59, 0xCE, 0x59, 0xCE,
    0x59, 0xCE, 0x59, 0xCE, 0x59, 0xCE, 0x59, 0xCE, 0x59, 0xCE, 0x59, 0xCE, 0x59, 0xCE, 0x59, 0xCE,
    0x59, 0xCE, 0x59, 0xCE, 0x59, 0xCE, 0x59, 0xCE, 0x59, 0xCE, 0x59, 0xCE, 0x59, 0xCE, 0x59, 0xCE,
    0x59, 0xCE, 0x59, 0xCE, 0x59, 0xCE, 0x59, 0xCE, 0x59, 0xCE, 0x59, 0xCE, 0x59, 0xCE, 0x59, 0xCE,
    0x59, 0xCE, 0x59, 0xCE, 0x59, 0xCE, 0x59, 0xCE, 0x59, 0xCE, 0x59, 0xCE, 0x59, 0xCE, 0x59, 0xCE,
    0x59, 0xCE, 0x59, 0xCE, 0x59, 0xCE, 0x59, 0xCE, 0x59, 0xCE, 0x59, 0xCE, 0x59, 0xCE, 0x59, 0xCE,
    0x59, 0xCE, 0x59, 0xCE, 0x59, 0xCE, 0x59, 0xCE, 0x59, 0xCE, 0x59, 0xCE, 0x59, 0xCE, 0x59, 0xCE,
    0x59, 0xCE, 0x59, 0xCE, 0x59, 0xCE, 0x59, 0xCE, 0x59, 0xCE, 0x59, 0xCE, 0x59, 0xCE, 0x79, 0xCE,
    0x59, 0xCE, 0x59, 0xCE, 0x59, 0xCE, 0x59, 0xCE, 0x59, 0xCE, 0x59, 0xCE, 0x59, 0xCE, 0x59, 0xCE,
    0x59, 0xCE, 0x59, 0xCE, 0x59, 0xCE, 0x59, 0xCE, 0x59, 0xCE, 0x59, 0xCE, 0x59, 0xCE, 0x59, 0xCE,
    0x59, 0xCE, 0x59, 0xCE, 0x59, 0xCE, 0x59, 0xCE, 0x59, 0xCE, 0x59, 0xCE, 0x59, 0xCE, 0x59, 0xCE,
    0x59, 0xCE, 0x59, 0xCE, 0x18, 0xC6, 0x14, 0xA5, 0x6D, 0x6B, 0xE7, 0x39, 0x34, 0xA5, 0xFB, 0xDE,
    0xFB, 0xDE, 0x1C, 0xE7, 0x3C, 0xE7, 0x3C, 0xE7, 0x5D, 0xEF, 0x7D, 0xEF, 0x9E, 0xF7, 0xBE, 0xF7,
    0xE4, 0x1F, 0xE4, 0x1F, 0xE4, 0x1F, 0xE4, 0x1F, 0xE4, 0x1F, 0xE4, 0x1F, 0xE4, 0x1F, 0xE4, 0x1F,
    0xE4, 0x1F, 0xE4, 0x1F, 0xE4, 0x1F, 0xE4, 0x1F, 0xE4, 0x1F, 0xE4, 0x1F, 0xE4, 0x1F, 0xE4, 0x1F,
    0xE4, 0x1F, 0xE4, 0x1F, 0xE4, 0x1F, 0xE4, 0x1F, 0xE4, 0x1F, 0xE4, 0x1F, 0xE4, 0x1F, 0xE4, 0x1F,
    0xE4, 0x1F, 0xE4, 0x1F, 0xE4, 0x1F, 0xE4, 0x1F, 0xE4, 0x1F, 0xE4, 0x1F, 0xE4, 0x1F, 0xE4, 0x1F,
    0xE4, 0x1F, 0xE4, 0x1F, 0xE4, 0x1F, 0xE4, 0x1F, 0xE4, 0x1F, 0xE4, 0x1F, 0xE4, 0x1F, 0xE4, 0x1F,
    0xE4, 0x1F, 0xE4, 0x1F, 0xE4, 0x1F, 0xE4, 0x1F, 0xE4, 0x1F, 0xE4, 0x1F, 0xE4, 0x1F, 0xE4, 0x1F,
    0xE4, 0x1F, 0xE4, 0x1F, 0xE4, 0x1F, 0xE4, 0x1F, 0xE4, 0x1F, 0xE4, 0x1F, 0xE4, 0x1F, 0xE4, 0x1F,
    0xE4, 0x1F, 0xE4, 0x1F, 0xE4, 0x1F, 0xE4, 0x1F, 0xE4, 0x1F, 0xE4, 0x1F, 0xE4, 0x1F, 0xE4, 0x1F,
    0xE4, 0x1F, 0xE4, 0x1F, 0xE4, 0x1F, 0xE4, 0x1F, 0xE4, 0x1F, 0xE4, 0x1F, 0xE4, 0x1F, 0xE4, 0x1F,
    0xE4, 0x1F, 0xE4, 0x1F, 0xE4, 0x1F, 0xE4, 0x1F, 0xE4, 0x1F, 0xE4, 0x1F, 0xE4, 0x1F, 0xE4, 0x1F,
    0xE4, 0x1F, 0xE4, 0x1F, 0xE4, 0x1F, 0xE4, 0x1F, 0xE4, 0x1F, 0xE4, 0x1F, 0xE4, 0x1F, 0xE4, 0x1F,
    0xE4, 0x1F, 0xE4, 0x1F, 0xE4, 0x1F, 0xE4, 0x1F, 0xE4, 0x1F, 0xE4, 0x1F, 0xE4, 0x1F, 0xE4, 0x1F,
    0xE4, 0x1F, 0xE4, 0x1F, 0xE4, 0x1F, 0xE4, 0x1F, 0xE4, 0x1F, 0xE4, 0x1F, 0xE4, 0x1F, 0xE4, 0x1F,
    0xE4, 0x1F, 0xE4, 0x1F, 0xE4, 0x1F, 0xE4, 0x1F, 0xE4, 0x1F, 0xE4, 0x1F, 0xE4, 0x1F, 0xE4, 0x1F,
    0xE4, 0x1F, 0xE4, 0x1F, 0xE4, 0x1F, 0xE4, 0x1F, 0xE4, 0x1F, 0xE4, 0x1F, 0xE4, 0x1F, 0xE4, 0x1F,
    0xE4, 0x1F, 0xE4, 0x1F, 0xE4, 0x1F, 0xE4, 0x1F, 0xE4, 0x1F, 0xE4, 0x1F, 0xE4, 0x1F, 0xE4, 0x1F,
    0xE4, 0x1F, 0xE4, 0x1F, 0xE4, 0x1F, 0xE4, 0x1F, 0xE4, 0x1F, 0xE4, 0x1F, 0xE4, 0x1F, 0xE4, 0x1F,
    0xE4, 0x1F, 0xE4, 0x1F, 0xE4, 0x1F, 0xE4, 0x1F, 0xE4, 0x1F, 0xE4, 0x1F, 0xE4, 0x1F, 0xE4, 0x1F,
    0xE4, 0x1F, 0xE4, 0x1F, 0xE5, 0x1F, 0xE6, 0x27, 0xE7, 0x37, 0xE9, 0x3F, 0xEA, 0x4F, 0xEB, 0x57,
    0xD3, 0x97, 0x7C, 0xE7, 0x7D, 0xEF, 0x9E, 0xF7, 0x7D, 0xEF, 0x9E, 0xF7, 0x9E, 0xF7, 0x9E, 0xF7,
    0x9E, 0xF7, 0x9E, 0xF7, 0x71, 0x8C, 0x86, 0x31, 0x24, 0x21, 0x24, 0x21, 0x24, 0x21, 0x24, 0x21,
    0x24, 0x21, 0x24, 0x21, 0x24, 0x21, 0x24, 0x21, 0x24, 0x21, 0x24, 0x21, 0x24, 0x21, 0x24, 0x21,
    0x24, 0x21, 0x24, 0x21, 0x24, 0x21, 0x45, 0x29, 0x45, 0x29, 0x45, 0x29, 0x45, 0x29, 0x45, 0x29,
    0x45, 0x29, 0x24, 0x21, 0x24, 0x21, 0x24, 0x21, 0x24, 0x21, 0x24, 0x21, 0x24, 0x21, 0x24, 0x21,
    0x24, 0x21, 0x24, 0x21, 0x24, 0x21, 0x24, 0x21, 0x24, 0x21, 0x24, 0x21, 0x24, 0x21, 0x24, 0x21,
    0x24, 0x21, 0x24, 0x21, 0x24, 0x21, 0x24, 0x21, 0x24, 0x21, 0x24, 0x21, 0x24, 0x21, 0x24, 0x21,
    0x24, 0x21, 0x24, 0x21, 0x86, 0x31, 0xC7, 0x39, 0xC7, 0x39, 0xC7, 0x39, 0xC7, 0x39, 0xC7, 0x39,
    0xC7, 0x39, 0xE7, 0x39, 0xE7, 0x39, 0xE7, 0x39, 0xE7, 0x39, 0xE7, 0x39, 0xE7, 0x39, 0xE7, 0x39,
    0xE7, 0x39, 0xE7, 0x39, 0xE7, 0x39, 0xE7, 0x39, 0xE7, 0x39, 0xE7, 0x39, 0xE7, 0x39, 0xE7, 0x39,
    0xE7, 0x39, 0xE7, 0x39, 0xE7, 0x39, 0xE7, 0x39, 0xE7, 0x39, 0xE7, 0x39, 0xE7, 0x39, 0xE7, 0x39,
    0xE7, 0x39, 0xE7, 0x39, 0xE7, 0x39, 0xE7, 0x39, 0xE7, 0x39, 0xE7, 0x39, 0xE7, 0x39, 0xE7, 0x39,
    0xE7, 0x39, 0xE7, 0x39, 0xE7, 0x39, 0xE7, 0x39, 0xE7, 0x39, 0xE7, 0x39, 0xE7, 0x39, 0xE7, 0x39,
    0xE7, 0x39, 0xE7, 0x39, 0xE7, 0x39, 0xE7, 0x39, 0xE7, 0x39, 0xE7, 0x39, 0xE7, 0x39, 0xE7, 0x39,
    0xE7, 0x39, 0xE7, 0x39, 0xE7, 0x39, 0xE7, 0x39, 0xE7, 0x39, 0xE7, 0x39, 0xE7, 0x39, 0xE7, 0x39,
    0xE7, 0x39, 0xE7, 0x39, 0xE7, 0x39, 0xE7, 0x39, 0xE7, 0x39, 0xE7, 0x39, 0xE7, 0x39, 0xE7, 0x39,
    0xE7, 0x39, 0xE7, 0x39, 0xE7, 0x39, 0xE7, 0x39, 0xE7, 0x39, 0xE7, 0x39, 0xE7, 0x39, 0xE7, 0x39,
    0xE7, 0x39, 0xE7, 0x39, 0xE7, 0x39, 0xE7, 0x39, 0xE7, 0x39, 0xE7, 0x39, 0xE7, 0x39, 0xE7, 0x39,
    0xE7, 0x39, 0xE7, 0x39, 0xE7, 0x39, 0xE7, 0x39, 0xE7, 0x39, 0xE7, 0x39, 0xE7, 0x39, 0xE7, 0x39,
    0xE7, 0x39, 0xE7, 0x39, 0xE7, 0x39, 0xEB, 0x5A, 0x71, 0x8C, 0x9A, 0xD6, 0xFB, 0xDE, 0x1C, 0xDF,
    0x1C, 0xE7, 0x1C, 0xE7, 0x3C, 0xE7, 0x5D, 0xE7, 0x7D, 0xEF, 0x7D, 0xEF, 0x9E, 0xF7, 0xBE, 0xF7,
    0xE4, 0x1F, 0xE4, 0x1F, 0xE4, 0x1F, 0xE4, 0x1F, 0xE4, 0x1F, 0xE4, 0x1F, 0xE4, 0x1F, 0xE4, 0x1F,
    0xE4, 0x1F, 0xE4, 0x1F, 0xE4, 0x1F, 0xE4, 0x1F, 0xE4, 0x1F, 0xE4, 0x1F, 0xE4, 0x1F, 0xE4, 0x1F,
    0xE4, 0x1F, 0xE4, 0x1F, 0xE4, 0x1F, 0xE4, 0x1F, 0xE4, 0x1F, 0xE4, 0x1F, 0xE4, 0x1F, 0xE4, 0x1F,
    0xE4, 0x1F, 0xE4, 0x1F, 0xE4, 0x1F, 0xE4, 0x1F, 0xE4, 0x1F, 0xE4, 0x1F, 0xE4, 0x1F, 0xE4, 0x1F,
    0xE4, 0x1F, 0xE4, 0x1F, 0xE4, 0x1F, 0xE4, 0x1F, 0xE4, 0x1F, 0xE4, 0x1F, 0xE4, 0x1F, 0xE4, 0x1F,
    0xE4, 0x1F, 0xE4, 0x1F, 0xE4, 0x1F, 0xE4, 0x1F, 0xE4, 0x1F, 0xE4, 0x1F, 0xE4, 0x1F, 0xE4, 0x1F,
    0xE4, 0x1F, 0xE4, 0x1F, 0xE4, 0x1F, 0xE4, 0x1F, 0xE4, 0x1F, 0xE4, 0x1F, 0xE4, 0x1F, 0xE4, 0x1F,
    0xE4, 0x1F, 0xE4, 0x1F, 0xE4, 0x1F, 0xE4, 0x1F, 0xE4, 0x1F, 0xE4, 0x1F, 0xE4, 0x1F, 0xE4, 0x1F,
    0xE4, 0x1F, 0xE4, 0x1F, 0xE4, 0x1F, 0xE4, 0x1F, 0xE4, 0x1F, 0xE4, 0x1F, 0xE4, 0x1F, 0xE4, 0x1F,
    0xE4, 0x1F, 0xE4, 0x1F, 0xE4, 0x1F, 0xE4, 0x1F, 0xE4, 0x1F, 0xE4, 0x1F, 0xE4, 0x1F, 0xE4, 0x1F,
    0xE4, 0x1F, 0xE4, 0x1F, 0xE4, 0x1F, 0xE4, 0x1F, 0xE4, 0x1F, 0xE4, 0x1F, 0xE4, 0x1F, 0xE4, 0x1F,
    0xE4, 0x1F, 0xE4, 0x1F, 0xE4, 0x1F, 0xE4, 0x1F, 0xE4, 0x1F, 0xE4, 0x1F, 0xE4, 0x1F, 0xE4, 0x1F,
    0xE4, 0x1F, 0xE4, 0x1F, 0xE4, 0x1F, 0xE4, 0x1F, 0xE4, 0x1F, 0xE4, 0x1F, 0xE4, 0x1F, 0xE4, 0x1F,
    0xE4, 0x1F, 0xE4, 0x1F, 0xE4, 0x1F, 0xE4, 0x1F, 0xE4, 0x1F, 0xE4, 0x1F, 0xE4, 0x1F, 0xE4, 0x1F,
    0xE4, 0x1F, 0xE4, 0x1F, 0xE4, 0x1F, 0xE4, 0x1F, 0xE4, 0x1F, 0xE4, 0x1F, 0xE4, 0x1F, 0xE4, 0x1F,
    0xE4, 0x1F, 0xE4, 0x1F, 0xE4, 0x1F, 0xE4, 0x1F, 0xE4, 0x1F, 0xE4, 0x1F, 0xE4, 0x1F, 0xE4, 0x1F,
    0xE4, 0x1F, 0xE4, 0x1F, 0xE4, 0x1F, 0xE4, 0x1F, 0xE4, 0x1F, 0xE4, 0x1F, 0xE4, 0x1F, 0xE4, 0x1F,
    0xE4, 0x1F, 0xE4, 0x1F, 0xE4, 0x1F, 0xE4, 0x1F, 0xE4, 0x1F, 0xE4, 0x1F, 0xE4, 0x1F, 0xE4, 0x1F,
    0xE4, 0x1F, 0xE4, 0x1F, 0xE5, 0x1F, 0xE5, 0x27, 0xE7, 0x2F, 0xE8, 0x37, 0xE9, 0x47, 0xEB, 0x4F,
    0xEB, 0x57, 0xEF, 0x77, 0x9C, 0xE7, 0x7D, 0xEF, 0x9E, 0xF7, 0x9E, 0xF7, 0x9E, 0xF7, 0x9E, 0xF7,
    0x9E, 0xF7, 0x9E, 0xF7, 0x9E, 0xF7, 0x9E, 0xF7, 0x9E, 0xF7, 0x9E, 0xF7, 0x9E, 0xF7, 0x9E, 0xF7,
    0x9E, 0xF7, 0xBE, 0xF7, 0xBE, 0xF7, 0xBE, 0xF7, 0xBE, 0xF7, 0xBE, 0xF7, 0xBE, 0xF7, 0xBE, 0xF7,
    0xBE, 0xF7, 0xBE, 0xF7, 0xBE, 0xF7, 0xBE, 0xF7, 0xBE, 0xF7, 0xBE, 0xF7, 0xBE, 0xF7, 0xBE, 0xF7,
    0xBE, 0xF7, 0xBE, 0xF7, 0xBE, 0xF7, 0xBE, 0xF7, 0xBE, 0xF7, 0xDF, 0xFF, 0xDF, 0xFF, 0xDF, 0xFF,
    0xDF, 0xFF, 0xDF, 0xFF, 0xDF, 0xFF, 0xDF, 0xFF, 0xDF, 0xFF, 0xDF, 0xFF, 0xDF, 0xFF, 0xDF, 0xFF,
    0xBE, 0xF7, 0xBE, 0xF7, 0x9E, 0xF7, 0x9E, 0xF7, 0x7D, 0xEF, 0x7D, 0xEF, 0x5D, 0xEF, 0x5D, 0xE7,
    0x3C, 0xE7, 0x1C, 0xE7, 0x1C, 0xE7, 0x1C, 0xDF, 0xFB, 0xDE, 0xFB, 0xDE, 0xFB, 0xDE, 0xFB, 0xDE,
    0xFB, 0xDE, 0xFB, 0xDE, 0xFB, 0xDE, 0xFB, 0xDE, 0xFB, 0xDE, 0xFB, 0xDE, 0xFB, 0xDE, 0xFB, 0xDE,
    0x1C, 0xDF, 0xFB, 0xDE, 0xFB, 0xDE, 0x1C, 0xDF, 0xFB, 0xDE, 0xFB, 0xDE, 0xFB, 0xDE, 0x1C, 0xDF,
    0x1C, 0xDF, 0x1C, 0xDF, 0xFB, 0xDE, 0x1C, 0xDF, 0x1C, 0xDF, 0x1C, 0xDF, 0xFB, 0xDE, 0xFB, 0xDE,
    0x1C, 0xDF, 0x1C, 0xDF, 0xFB, 0xDE, 0x1C, 0xDF, 0x1C, 0xDF, 0x1C, 0xDF, 0xFB, 0xDE, 0x1C, 0xDF,
    0x1C, 0xDF, 0x1C, 0xDF, 0xFB, 0xDE, 0x1C, 0xDF, 0x1C, 0xDF, 0x1C, 0xDF, 0x1C, 0xDF, 0xFB, 0xDE,
    0xFB, 0xDE, 0x1C, 0xDF, 0x1C, 0xDF, 0xFB, 0xDE, 0x1C, 0xDF, 0x1C, 0xDF, 0xFB, 0xDE, 0xFB, 0xDE,
    0x1C, 0xDF, 0x1C, 0xDF, 0x1C, 0xDF, 0xFB, 0xDE, 0xFB, 0xDE, 0xFB, 0xDE, 0x1C, 0xDF, 0x1C, 0xDF,
    0x1C, 0xDF, 0xFB, 0xDE, 0x1C, 0xDF, 0x1C, 0xDF, 0x1C, 0xDF, 0xFB, 0xDE, 0xFB, 0xDE, 0x1C, 0xDF,
    0x1C, 0xDF, 0x1C, 0xDF, 0x1C, 0xDF, 0xFB, 0xDE, 0x1C, 0xDF, 0x1C, 0xDF, 0xFB, 0xDE, 0x1C, 0xE7,
    0xFB, 0xDE, 0x1C, 0xDF, 0x1C, 0xDF, 0x1C, 0xDF, 0x1C, 0xDF, 0xFB, 0xDE, 0xFB, 0xDE, 0x1C, 0xDF,
    0x1C, 0xDF, 0xFB, 0xDE, 0xFB, 0xDE, 0x1C, 0xDF, 0x1C, 0xDF, 0x1C, 0xDF, 0x1C, 0xDF, 0x1C, 0xDF,
    0xFB, 0xDE, 0x1C, 0xDF, 0xFB, 0xDE, 0x1C, 0xDF, 0x1C, 0xE7, 0x1C, 0xE7, 0x1C, 0xE7, 0x1C, 0xE7,
    0x3C, 0xE7, 0x3C, 0xE7, 0x5D, 0xEF, 0x5D, 0xEF, 0x7D, 0xEF, 0x9E, 0xF7, 0xBE, 0xF7, 0xBE, 0xF7,
    0xE4, 0x1F, 0xE4, 0x1F, 0xE4, 0x1F, 0xE4, 0x1F, 0xE4, 0x1F, 0xE4, 0x1F, 0xE4, 0x1F, 0xE4, 0x1F,
    0xE4, 0x1F, 0xE4, 0x1F, 0xE4, 0x1F, 0xE4, 0x1F, 0xE4, 0x1F, 0xE4, 0x1F, 0xE4, 0x1F, 0xE4, 0x1F,
    0xE4, 0x1F, 0xE4, 0x1F, 0xE4, 0x1F, 0xE4, 0x1F, 0xE4, 0x1F, 0xE4, 0x1F, 0xE4, 0x1F, 0xE4, 0x1F,
    0xE4, 0x1F, 0xE4, 0x1F, 0xE4, 0x1F, 0xE4, 0x1F, 0xE4, 0x1F, 0xE4, 0x1F, 0xE4, 0x1F, 0xE4, 0x1F,
    0xE4, 0x1F, 0xE4, 0x1F, 0xE4, 0x1F, 0xE4, 0x1F, 0xE4, 0x1F, 0xE4, 0x1F, 0xE4, 0x1F, 0xE4, 0x1F,
    0xE4, 0x1F, 0xE4, 0x1F, 0xE4, 0x1F, 0xE4, 0x1F, 0xE4, 0x1F, 0xE4, 0x1F, 0xE4, 0x1F, 0xE4, 0x1F,
    0xE4, 0x1F, 0xE4, 0x1F, 0xE4, 0x1F, 0xE4, 0x1F, 0xE4, 0x1F, 0xE4, 0x1F, 0xE4, 0x1F, 0xE4, 0x1F,
    0xE4, 0x1F, 0xE4, 0x1F, 0xE4, 0x1F, 0xE4, 0x1F, 0xE4, 0x1F, 0xE4, 0x1F, 0xE4, 0x1F, 0xE4, 0x1F,
    0xE4, 0x1F, 0xE4, 0x1F, 0xE4, 0x1F, 0xE4, 0x1F, 0xE4, 0x1F, 0xE4, 0x1F, 0xE4, 0x1F, 0xE4, 0x1F,
    0xE4, 0x1F, 0xE4, 0x1F, 0xE4, 0x1F, 0xE4, 0x1F, 0xE4, 0x1F, 0xE4, 0x1F, 0xE4, 0x1F, 0xE4, 0x1F,
    0xE4, 0x1F, 0xE4, 0x1F, 0xE4, 0x1F, 0xE4, 0x1F, 0xE4, 0x1F, 0xE4, 0x1F, 0xE4, 0x1F, 0xE4, 0x1F,
    0xE4, 0x1F, 0xE4, 0x1F, 0xE4, 0x1F, 0xE4, 0x1F, 0xE4, 0x1F, 0xE4, 0x1F, 0xE4, 0x1F, 0xE4, 0x1F,
    0xE4, 0x1F, 0xE4, 0x1F, 0xE4, 0x1F, 0xE4, 0x1F, 0xE4, 0x1F, 0xE4, 0x1F, 0xE4, 0x1F, 0xE4, 0x1F,
    0xE4, 0x1F, 0xE4, 0x1F, 0xE4, 0x1F, 0xE4, 0x1F, 0xE4, 0x1F, 0xE4, 0x1F, 0xE4, 0x1F, 0xE4, 0x1F,
    0xE4, 0x1F, 0xE4, 0x1F, 0xE4, 0x1F, 0xE4, 0x1F, 0xE4, 0x1F, 0xE4, 0x1F, 0xE4, 0x1F, 0xE4, 0x1F,
    0xE4, 0x1F, 0xE4, 0x1F, 0xE4, 0x1F, 0xE4, 0x1F, 0xE4, 0x1F, 0xE4, 0x1F, 0xE4, 0x1F, 0xE4, 0x1F,
    0xE4, 0x1F, 0xE4, 0x1F, 0xE4, 0x1F, 0xE4, 0x1F, 0xE4, 0x1F, 0xE4, 0x1F, 0xE4, 0x1F, 0xE4, 0x1F,
    0xE4, 0x1F, 0xE4, 0x1F, 0xE4, 0x1F, 0xE4, 0x1F, 0xE4, 0x1F, 0xE4, 0x1F, 0xE4, 0x1F, 0xE4, 0x1F,
    0xE4, 0x1F, 0xE4, 0x1F, 0xE4, 0x1F, 0xE5, 0x1F, 0xE6, 0x27, 0xE7, 0x2F, 0xE8, 0x3F, 0xE9, 0x47,
    0xEB, 0x4F, 0xEB, 0x57, 0xEF, 0x77, 0x9B, 0xDF, 0x7D, 0xEF, 0x9E, 0xF7, 0x9E, 0xF7, 0x9E, 0xF7,
    0x9E, 0xF7, 0x9E, 0xF7, 0x9E, 0xF7, 0x9E, 0xF7, 0x9E, 0xF7, 0x9E, 0xF7, 0x9E, 0xF7, 0x9E, 0xF7,
    0xBE, 0xF7, 0x9E, 0xF7, 0xBE, 0xF7, 0xBE, 0xF7, 0xBE, 0xF7, 0xBE, 0xF7, 0xBE, 0xF7, 0xBE, 0xF7,
    0xBE, 0xF7, 0xBE, 0xF7, 0xBE, 0xF7, 0xBE, 0xF7, 0xBE, 0xF7, 0xBE, 0xF7, 0xBE, 0xF7, 0xBE, 0xF7,
    0xBE, 0xF7, 0xBE, 0xF7, 0xBE, 0xF7, 0xBE, 0xF7, 0xDF, 0xFF, 0xDF, 0xFF, 0xDF, 0xFF, 0xDF, 0xFF,
    0xDF, 0xFF, 0xDF, 0xFF, 0xDF, 0xFF, 0xDF, 0xFF, 0xDF, 0xFF, 0xDF, 0xFF, 0xDF, 0xFF, 0xDF, 0xFF,
    0xBE, 0xF7, 0xBE, 0xF7, 0xBE, 0xF7, 0x9E, 0xF7, 0x9E, 0xF7, 0x7D, 0xEF, 0x7D, 0xEF, 0x5D, 0xEF,
    0x5D, 0xEF, 0x3C, 0xE7, 0x3C, 0xE7, 0x3C, 0xE7, 0x3C, 0xE7, 0x1C, 0xE7, 0x1C, 0xE7, 0x1C, 0xE7,
    0x1C, 0xDF, 0x1C, 0xE7, 0x1C, 0xE7, 0x1C, 0xE7, 0x1C, 0xE7, 0x1C, 0xE7, 0x1C, 0xE7, 0x1C, 0xE7,
    0x1C, 0xE7, 0x1C, 0xE7, 0x1C, 0xE7, 0x1C, 0xE7, 0x1C, 0xE7, 0x1C, 0xE7, 0x1C, 0xE7, 0x1C, 0xE7,
    0x1C, 0xE7, 0x1C, 0xE7, 0x1C, 0xE7, 0x1C, 0xE7, 0x1C, 0xE7, 0x1C, 0xE7, 0x1C, 0xE7, 0x1C, 0xE7,
    0x1C, 0xE7, 0x1C, 0xE7, 0x1C, 0xE7, 0x1C, 0xE7, 0x1C, 0xE7, 0x1C, 0xE7, 0x1C, 0xE7, 0x1C, 0xE7,
    0x1C, 0xE7, 0x1C, 0xE7, 0x1C, 0xE7, 0x1C, 0xE7, 0x1C, 0xE7, 0x1C, 0xE7, 0x1C, 0xE7, 0x1C, 0xE7,
    0x1C, 0xE7, 0x1C, 0xE7, 0x1C, 0xE7, 0x1C, 0xE7, 0x1C, 0xE7, 0x1C, 0xE7, 0x1C, 0xE7, 0x1C, 0xE7,
    0x1C, 0xE7, 0x1C, 0xE7, 0x1C, 0xE7, 0x1C, 0xE7, 0x1C, 0xE7, 0x1C, 0xE7, 0x1C, 0xE7, 0x1C, 0xE7,
    0x1C, 0xE7, 0x1C, 0xE7, 0x1C, 0xE7, 0x1C, 0xE7, 0x1C, 0xE7, 0x1C, 0xE7, 0x1C, 0xE7, 0x1C, 0xE7,
    0x1C, 0xE7, 0x3C, 0xE7, 0x1C, 0xE7, 0x1C, 0xE7, 0x1C, 0xE7, 0x1C, 0xE7, 0x1C, 0xE7, 0x1C, 0xE7,
    0x1C, 0xE7, 0x1C, 0xE7, 0x1C, 0xE7, 0x1C, 0xE7, 0x1C, 0xE7, 0x1C, 0xE7, 0x1C, 0xE7, 0x1C, 0xE7,
    0x1C, 0xE7, 0x1C, 0xE7, 0x1C, 0xE7, 0x1C, 0xE7, 0x1C, 0xE7, 0x1C, 0xE7, 0x1C, 0xE7, 0x1C, 0xE7,
    0x1C, 0xE7, 0x1C, 0xE7, 0x1C, 0xE7, 0x1C, 0xE7, 0x3C, 0xE7, 0x3C, 0xE7, 0x3C, 0xE7, 0x3C, 0xE7,
    0x3C, 0xE7, 0x5D, 0xEF, 0x7D, 0xEF, 0x7D, 0xEF, 0x9E, 0xF7, 0xBE, 0xF7, 0xBE, 0xF7, 0xDF, 0xFF,
    0xE4, 0x1F, 0xE4, 0x1F, 0xE4, 0x1F, 0xE4, 0x1F, 0xE4, 0x1F, 0xE4, 0x1F, 0xE4, 0x1F, 0xE4, 0x1F,
    0xE4, 0x1F, 0xE4, 0x1F, 0xE4, 0x1F, 0xE4, 0x1F, 0xE4, 0x1F, 0xE4, 0x1F, 0xE4, 0x1F, 0xE4, 0x1F,
    0xE4, 0x1F, 0xE4, 0x1F, 0xE4, 0x1F, 0xE4, 0x1F, 0xE4, 0x1F, 0xE4, 0x1F, 0xE4, 0x1F, 0xE4, 0x1F,
    0xE4, 0x1F, 0xE4, 0x1F, 0xE4, 0x1F, 0xE4, 0x1F, 0xE4, 0x1F, 0xE4, 0x1F, 0xE4, 0x1F, 0xE4, 0x1F,
    0xE4, 0x1F, 0xE4, 0x1F, 0xE4, 0x1F, 0xE4, 0x1F, 0xE4, 0x1F, 0xE4, 0x1F, 0xE4, 0x1F, 0xE4, 0x1F,
    0xE4, 0x1F, 0xE4, 0x1F, 0xE4, 0x1F, 0xE4, 0x1F, 0xE4, 0x1F, 0xE4, 0x1F, 0xE4, 0x1F, 0xE4, 0x1F,
    0xE4, 0x1F, 0xE4, 0x1F, 0xE4, 0x1F, 0xE4, 0x1F, 0xE4, 0x1F, 0xE4, 0x1F, 0xE4, 0x1F, 0xE4, 0x1F,
    0xE4, 0x1F, 0xE4, 0x1F, 0xE4, 0x1F, 0xE4, 0x1F, 0xE4, 0x1F, 0xE4, 0x1F, 0xE4, 0x1F, 0xE4, 0x1F,
    0xE4, 0x1F, 0xE4, 0x1F, 0xE4, 0x1F, 0xE4, 0x1F, 0xE4, 0x1F, 0xE4, 0x1F, 0xE4, 0x1F, 0xE4, 0x1F,
    0xE4, 0x1F, 0xE4, 0x1F, 0xE4, 0x1F, 0xE4, 0x1F, 0xE4, 0x1F, 0xE4, 0x1F, 0xE4, 0x1F, 0xE4, 0x1F,
    0xE4, 0x1F, 0xE4, 0x1F, 0xE4, 0x1F, 0xE4, 0x1F, 0xE4, 0x1F, 0xE4, 0x1F, 0xE4, 0x1F, 0xE4, 0x1F,
    0xE4, 0x1F, 0xE4, 0x1F, 0xE4, 0x1F, 0xE4, 0x1F, 0xE4, 0x1F, 0xE4, 0x1F, 0xE4, 0x1F, 0xE4, 0x1F,
    0xE4, 0x1F, 0xE4, 0x1F, 0xE4, 0x1F, 0xE4, 0x1F, 0xE4, 0x1F, 0xE4, 0x1F, 0xE4, 0x1F, 0xE4, 0x1F,
    0xE4, 0x1F, 0xE4, 0x1F, 0xE4, 0x1F, 0xE4, 0x1F, 0xE4, 0x1F, 0xE4, 0x1F, 0xE4, 0x1F, 0xE4, 0x1F,
    0xE4, 0x1F, 0xE4, 0x1F, 0xE4, 0x1F, 0xE4, 0x1F, 0xE4, 0x1F, 0xE4, 0x1F, 0xE4, 0x1F, 0xE4, 0x1F,
    0xE4, 0x1F, 0xE4, 0x1F, 0xE4, 0x1F, 0xE4, 0x1F, 0xE4, 0x1F, 0xE4, 0x1F, 0xE4, 0x1F, 0xE4, 0x1F,
    0xE4, 0x1F, 0xE4, 0x1F, 0xE4, 0x1F, 0xE4, 0x1F, 0xE4, 0x1F, 0xE4, 0x1F, 0xE4, 0x1F, 0xE4, 0x1F,
    0xE4, 0x1F, 0xE4, 0x1F, 0xE4, 0x1F, 0xE4, 0x1F, 0xE4, 0x1F, 0xE4, 0x1F, 0xE4, 0x1F, 0xE4, 0x1F,
    0xE4, 0x1F, 0xE4, 0x1F, 0xE5, 0x1F, 0xE5, 0x1F, 0xE5, 0x1F, 0xE6, 0x27, 0xE7, 0x2F, 0xE8, 0x3F,
    0xE9, 0x47, 0xEB, 0x4F, 0xEB, 0x57, 0xEE, 0x6F, 0x9B, 0xDF, 0x7D, 0xEF, 0x9E, 0xF7, 0x9E, 0xF7,
    0x9E, 0xF7, 0x9E, 0xF7, 0x9E, 0xF7, 0x9E, 0xF7, 0x9E, 0xF7, 0x9E, 0xF7, 0x9E, 0xF7, 0x9E, 0xF7,
    0x9E, 0xF7, 0xBE, 0xF7, 0xBE, 0xF7, 0xBE, 0xF7, 0xBE, 0xF7, 0xBE, 0xF7, 0xBE, 0xF7, 0xBE, 0xF7,
    0xBE, 0xF7, 0xBE, 0xF7, 0xBE, 0xF7, 0xBE, 0xF7, 0xBE, 0xF7, 0xBE, 0xF7, 0xBE, 0xF7, 0xBE, 0xF7,
    0xBE, 0xF7, 0xBF, 0xF7, 0xBE, 0xF7, 0xDF, 0xFF, 0xBE, 0xF7, 0xBE, 0xF7, 0xDF, 0xFF, 0xDF, 0xFF,
    0xDF, 0xFF, 0xDF, 0xFF, 0xDF, 0xFF, 0xDF, 0xFF, 0xDF, 0xFF, 0xDF, 0xFF, 0xDF, 0xFF, 0xBE, 0xF7,
    0xDF, 0xFF, 0xBE, 0xF7, 0xBE, 0xF7, 0xBE, 0xF7, 0x9E, 0xF7, 0x9E, 0xF7, 0x7D, 0xEF, 0x7D, 0xEF,
    0x7D, 0xEF, 0x5D, 0xEF, 0x5D, 0xE7, 0x5D, 0xE7, 0x3C, 0xE7, 0x3C, 0xE7, 0x3C, 0xE7, 0x3C, 0xE7,
    0x3C, 0xE7, 0x3C, 0xE7, 0x3C, 0xE7, 0x3C, 0xE7, 0x3C, 0xE7, 0x3C, 0xE7, 0x3C, 0xE7, 0x3C, 0xE7,
    0x3C, 0xE7, 0x3C, 0xE7, 0x3C, 0xE7, 0x3C, 0xE7, 0x3C, 0xE7, 0x3C, 0xE7, 0x3C, 0xE7, 0x3C, 0xE7,
    0x3C, 0xE7, 0x3C, 0xE7, 0x3C, 0xE7, 0x3C, 0xE7, 0x3C, 0xE7, 0x3C, 0xE7, 0x3C, 0xE7, 0x3C, 0xE7,
    0x3C, 0xE7, 0x3C, 0xE7, 0x3C, 0xE7, 0x3C, 0xE7, 0x3C, 0xE7, 0x3C, 0xE7, 0x3C, 0xE7, 0x3C, 0xE7,
    0x3C, 0xE7, 0x3C, 0xE7, 0x3C, 0xE7, 0x3C, 0xE7, 0x3C, 0xE7, 0x3C, 0xE7, 0x3C, 0xE7, 0x3C, 0xE7,
    0x3C, 0xE7, 0x3C, 0xE7, 0x3C, 0xE7, 0x3C, 0xE7, 0x3C, 0xE7, 0x3C, 0xE7, 0x3C, 0xE7, 0x3C, 0xE7,
    0x3C, 0xE7, 0x3C, 0xE7, 0x3C, 0xE7, 0x3C, 0xE7, 0x3C, 0xE7, 0x3C, 0xE7, 0x3C, 0xE7, 0x3C, 0xE7,
    0x3C, 0xE7, 0x3C, 0xE7, 0x3C, 0xE7, 0x3C, 0xE7, 0x3C, 0xE7, 0x3C, 0xE7, 0x3C, 0xE7, 0x3C, 0xE7,
    0x3C, 0xE7, 0x3C, 0xE7, 0x3C, 0xE7, 0x3C, 0xE7, 0x3C, 0xE7, 0x3C, 0xE7, 0x3C, 0xE7, 0x3C, 0xE7,
    0x3C, 0xE7, 0x3C, 0xE7, 0x3C, 0xE7, 0x3C, 0xE7, 0x3C, 0xE7, 0x3C, 0xE7, 0x3C, 0xE7, 0x3C, 0xE7,
    0x3C, 0xE7, 0x3C, 0xE7, 0x3C, 0xE7, 0x3C, 0xE7, 0x3C, 0xE7, 0x3C, 0xE7, 0x3C, 0xE7, 0x3C, 0xE7,
    0x3C, 0xE7, 0x3C, 0xE7, 0x3C, 0xE7, 0x3C, 0xE7, 0x3C, 0xE7, 0x3C, 0xE7, 0x5D, 0xEF, 0x5D, 0xEF,
    0x5D, 0xEF, 0x7D, 0xEF, 0x7D, 0xEF, 0x9E, 0xF7, 0xBE, 0xF7, 0xBE, 0xF7, 0xDF, 0xFF, 0xDF, 0xFF,
    0xE4, 0x1F, 0xE4, 0x1F, 0xE4, 0x1F, 0xE4, 0x1F, 0xE4, 0x1F, 0xE4, 0x1F, 0xE4, 0x1F, 0xE4, 0x1F,
    0xE4, 0x1F, 0xE4, 0x1F, 0xE4, 0x1F, 0xE4, 0x1F, 0xE4, 0x1F, 0xE4, 0x1F, 0xE4, 0x1F, 0xE4, 0x1F,
    0xE4, 0x1F, 0xE4, 0x1F, 0xE4, 0x1F, 0xE4, 0x1F, 0xE4, 0x1F, 0xE4, 0x1F, 0xE4, 0x1F, 0xE4, 0x1F,
    0xE4, 0x1F, 0xE4, 0x1F, 0xE4, 0x1F, 0xE4, 0x1F, 0xE4, 0x1F, 0xE4, 0x1F, 0xE4, 0x1F, 0xE4, 0x1F,
    0xE4, 0x1F, 0xE4, 0x1F, 0xE4, 0x1F, 0xE4, 0x1F, 0xE4, 0x1F, 0xE4, 0x1F, 0xE4, 0x1F, 0xE4, 0x1F,
    0xE4, 0x1F, 0xE4, 0x1F, 0xE4, 0x1F, 0xE4, 0x1F, 0xE4, 0x1F, 0xE4, 0x1F, 0xE4, 0x1F, 0xE4, 0x1F,
    0xE4, 0x1F, 0xE4, 0x1F, 0xE4, 0x1F, 0xE4, 0x1F, 0xE4, 0x1F, 0xE4, 0x1F, 0xE4, 0x1F, 0xE4, 0x1F,
    0xE4, 0x1F, 0xE4, 0x1F, 0xE4, 0x1F, 0xE4, 0x1F, 0xE4, 0x1F, 0xE4, 0x1F, 0xE4, 0x1F, 0xE4, 0x1F,
    0xE4, 0x1F, 0xE4, 0x1F, 0xE4, 0x1F, 0xE4, 0x1F, 0xE4, 0x1F, 0xE4, 0x1F, 0xE4, 0x1F, 0xE4, 0x1F,
    0xE4, 0x1F, 0xE4, 0x1F, 0xE4, 0x1F, 0xE4, 0x1F, 0xE4, 0x1F, 0xE4, 0x1F, 0xE4, 0x1F, 0xE4, 0x1F,
    0xE4, 0x1F, 0xE4, 0x1F, 0xE4, 0x1F, 0xE4, 0x1F, 0xE4, 0x1F, 0xE4, 0x1F, 0xE4, 0x1F, 0xE4, 0x1F,
    0xE4, 0x1F, 0xE4, 0x1F, 0xE4, 0x1F, 0xE4, 0x1F, 0xE4, 0x1F, 0xE4, 0x1F, 0xE4, 0x1F, 0xE4, 0x1F,
    0xE4, 0x1F, 0xE4, 0x1F, 0xE4, 0x1F, 0xE4, 0x1F, 0xE4, 0x1F, 0xE4, 0x1F, 0xE4, 0x1F, 0xE4, 0x1F,
    0xE4, 0x1F, 0xE4, 0x1F, 0xE4, 0x1F, 0xE4, 0x1F, 0xE4, 0x1F, 0xE4, 0x1F, 0xE4, 0x1F, 0xE4, 0x1F,
    0xE4, 0x1F, 0xE4, 0x1F, 0xE4, 0x1F, 0xE4, 0x1F, 0xE4, 0x1F, 0xE4, 0x1F, 0xE4, 0x1F, 0xE4, 0x1F,
    0xE4, 0x1F, 0xE4, 0x1F, 0xE4, 0x1F, 0xE4, 0x1F, 0xE4, 0x1F, 0xE4, 0x1F, 0xE4, 0x1F, 0xE4, 0x1F,
    0xE4, 0x1F, 0xE4, 0x1F, 0xE4, 0x1F, 0xE4, 0x1F, 0xE4, 0x1F, 0xE4, 0x1F, 0xE4, 0x1F, 0xE4, 0x1F,
    0xE4, 0x1F, 0xE4, 0x1F, 0xE4, 0x1F, 0xE4, 0x1F, 0xE4, 0x1F, 0xE4, 0x1F, 0xE4, 0x1F, 0xE4, 0x1F,
    0xE4, 0x1F, 0xE4, 0x1F, 0xE4, 0x1F, 0xE4, 0x1F, 0xE5, 0x1F, 0xE5, 0x1F, 0xE6, 0x27, 0xE7, 0x2F,
    0xE8, 0x37, 0xE9, 0x47, 0xEB, 0x4F, 0xEB, 0x57, 0xEE, 0x6F, 0xB7, 0xB7, 0x9C, 0xE7, 0x9E, 0xF7,
    0x9E, 0xF7, 0x9E, 0xF7, 0x9E, 0xF7, 0x9E, 0xF7, 0x9E, 0xF7, 0x9E, 0xF7, 0x9E, 0xF7, 0x9E, 0xF7,
    0xBE, 0xF7, 0xBE, 0xF7, 0xBE, 0xF7, 0xBE, 0xF7, 0xBE, 0xF7, 0xBE, 0xF7, 0xBE, 0xF7, 0xBE, 0xF7,
    0xBE, 0xF7, 0xBE, 0xF7, 0xBE, 0xF7, 0xBE, 0xF7, 0xBE, 0xF7, 0xBE, 0xF7, 0xBE, 0xF7, 0xBE, 0xF7,
    0xBE, 0xF7, 0xBE, 0xF7, 0xBE, 0xF7, 0xBE, 0xF7, 0xBE, 0xF7, 0xBE, 0xF7, 0xBE, 0xF7, 0xDF, 0xFF,
    0xDF, 0xFF, 0xDF, 0xFF, 0xDF, 0xFF, 0xDF, 0xFF, 0xDF, 0xFF, 0xDF, 0xFF, 0xDF, 0xFF, 0xDF, 0xFF,
    0xDF, 0xFF, 0xBE, 0xF7, 0xBE, 0xF7, 0xBE, 0xF7, 0xBE, 0xF7, 0x9E, 0xF7, 0x9E, 0xF7, 0x9E, 0xF7,
    0x7D, 0xEF, 0x7D, 0xEF, 0x7D, 0xEF, 0x7D, 0xEF, 0x5D, 0xEF, 0x5D, 0xEF, 0x5D, 0xEF, 0x5D, 0xEF,
    0x5D, 0xE7, 0x5D, 0xE7, 0x5D, 0xEF, 0x5D, 0xEF, 0x5D, 0xEF, 0x5D, 0xEF, 0x5D, 0xE7, 0x5D, 0xEF,
    0x5D, 0xEF, 0x5D, 0xEF, 0x5D, 0xEF, 0x5D, 0xEF, 0x5D, 0xEF, 0x5D, 0xEF, 0x5D, 0xEF, 0x5D, 0xEF,
    0x5D, 0xEF, 0x5D, 0xEF, 0x5D, 0xEF, 0x5D, 0xEF, 0x5D, 0xEF, 0x5D, 0xEF, 0x5D, 0xEF, 0x5D, 0xEF,
    0x5D, 0xEF, 0x5D, 0xEF, 0x5D, 0xEF, 0x5D, 0xEF, 0x5D, 0xEF, 0x5D, 0xEF, 0x5D, 0xEF, 0x5D, 0xEF,
    0x5D, 0xEF, 0x5D, 0xEF, 0x5D, 0xEF, 0x5D, 0xEF, 0x5D, 0xEF, 0x5D, 0xEF, 0x5D, 0xEF, 0x5D, 0xEF,
    0x5D, 0xEF, 0x5D, 0xEF, 0x5D, 0xEF, 0x5D, 0xEF, 0x5D, 0xEF, 0x5D, 0xEF, 0x5D, 0xEF, 0x5D, 0xEF,
    0x5D, 0xEF, 0x5D, 0xEF, 0x5D, 0xEF, 0x5D, 0xEF, 0x5D, 0xEF, 0x5D, 0xEF, 0x5D, 0xEF, 0x5D, 0xEF,
    0x5D, 0xEF, 0x5D, 0xEF, 0x5D, 0xEF, 0x5D, 0xEF, 0x5D, 0xEF, 0x5D, 0xEF, 0x5D, 0xEF, 0x5D, 0xEF,
    0x5D, 0xEF, 0x5D, 0xEF, 0x5D, 0xEF, 0x5D, 0xEF, 0x5D, 0xEF, 0x5D, 0xEF, 0x5D, 0xEF, 0x5D, 0xEF,
    0x5D, 0xEF, 0x5D, 0xEF, 0x5D, 0xEF, 0x5D, 0xEF, 0x5D, 0xEF, 0x5D, 0xEF, 0x5D, 0xEF, 0x5D, 0xEF,
    0x5D, 0xEF, 0x5D, 0xEF, 0x5D, 0xEF, 0x5D, 0xEF, 0x5D, 0xEF, 0x5D, 0xEF, 0x5D, 0xEF, 0x5D, 0xEF,
    0x5D, 0xEF, 0x5D, 0xEF, 0x5D, 0xEF, 0x5D, 0xEF, 0x5D, 0xEF, 0x7D, 0xEF, 0x7D, 0xEF, 0x7D, 0xEF,
    0x7D, 0xEF, 0x9E, 0xF7, 0x9E, 0xF7, 0xBE, 0xF7, 0xBE, 0xF7, 0xDF, 0xFF, 0xDF, 0xFF, 0xDF, 0xFF,
};

const lv_image_dsc_t ui_img_nerdqaxeplus_miningscreen2_png = {
    .header.magic  = LV_IMAGE_HEADER_MAGIC,
    .header.cf     = LV_COLOR_FORMAT_RGB565,
    .header.flags  = 0,
    .header.w      = 320,
    .header.h      = 170,
    .header.stride = 640,
    .data_size     = 108800,
    .data          = ui_img_nerdqaxeplus_miningscreen2_png_data,
};
